timestep	E_g_vel	E_r_pos	E_r_ori	E_root_vel	E_joint_pos_mean
0	0.48698997497558594	1.008532166481018	1.61250638961792	0.5276485085487366	0.3957993686199188
1	0.7602826952934265	0.04577082395553589	0.1296883076429367	0.5333021879196167	0.4948766529560089
2	0.9648821949958801	0.043320637196302414	0.12266355752944946	0.6719679236412048	0.6500256061553955
3	1.0811012983322144	0.045219529420137405	0.12249797582626343	0.8469155430793762	0.7409418225288391
4	1.1248198747634888	0.056126900017261505	0.13423322141170502	1.043562412261963	0.7943702340126038
5	1.184961199760437	0.07255440950393677	0.16016800701618195	1.193189024925232	0.8611252307891846
6	1.1828771829605103	0.08971388638019562	0.1623109132051468	1.2144784927368164	0.7758165001869202
7	1.1732110977172852	0.1076270267367363	0.14832861721515656	1.1891148090362549	0.6422523856163025
8	0.5345250964164734	0.11690551042556763	0.13985732197761536	0.4798499643802643	0.5843260884284973
9	0.5014427304267883	0.11927587538957596	0.13779956102371216	0.36146265268325806	0.562027096748352
10	0.3973596394062042	0.12080699950456619	0.13481783866882324	0.3119089603424072	0.564397394657135
11	0.38604485988616943	0.12106549739837646	0.13388574123382568	0.27538591623306274	0.6183081269264221
12	0.5071319937705994	0.1178790032863617	0.132525235414505	0.2827560007572174	0.6951970458030701
13	0.5983549356460571	0.11142706871032715	0.14108943939208984	0.29997125267982483	0.7576354146003723
14	0.7309085130691528	0.10561033338308334	0.13909783959388733	0.34306153655052185	0.7961178421974182
15	0.9754447340965271	0.10187671333551407	0.13288120925426483	0.4087216556072235	0.8729488253593445
16	0.8538935780525208	0.10416635870933533	0.1423836201429367	0.3999828100204468	0.9435415863990784
17	0.6220964193344116	0.11238817870616913	0.1452280431985855	0.3792261481285095	1.0369170904159546
18	0.48317551612854004	0.1174364909529686	0.13859330117702484	0.3274977505207062	1.1156376600265503
19	0.2341374158859253	0.11774487048387527	0.13831467926502228	0.21098977327346802	1.1674915552139282
20	0.1844548135995865	0.11544260382652283	0.1352936029434204	0.176533505320549	1.1931359767913818
21	0.2111760526895523	0.11299148947000504	0.13340933620929718	0.1607433557510376	1.2013578414916992
22	0.21651658415794373	0.11057637631893158	0.13516676425933838	0.15815195441246033	1.2553582191467285
23	0.15189553797245026	0.10837038606405258	0.13559746742248535	0.15491846203804016	1.3583565950393677
24	0.111086905002594	0.10749223083257675	0.12942369282245636	0.13011087477207184	1.453292727470398
25	0.13503298163414001	0.10833846032619476	0.1243266686797142	0.13548117876052856	1.5379856824874878
26	0.12559373676776886	0.10993717610836029	0.12365512549877167	0.121549591422081	1.5548977851867676
27	0.09805616736412048	0.11051265150308609	0.12399129569530487	0.0524296835064888	1.5826432704925537
28	0.11061572283506393	0.11156068742275238	0.12301039695739746	0.02947918325662613	1.6021140813827515
29	0.10819095373153687	0.11256221681833267	0.12078307569026947	0.05710861459374428	1.5717434883117676
30	0.08700673282146454	0.11349377036094666	0.11960147321224213	0.07639482617378235	1.4904844760894775
31	0.06749068945646286	0.1139146015048027	0.11639045178890228	0.08558308333158493	1.3690696954727173
32	0.06449989974498749	0.11410924047231674	0.11518141627311707	0.09591803699731827	1.2398484945297241
33	0.0720847100019455	0.11404434591531754	0.11399272829294205	0.10348314791917801	1.1201890707015991
34	0.0774453654885292	0.11386934667825699	0.1120559349656105	0.11845095455646515	0.9961336851119995
35	0.07650507986545563	0.113424152135849	0.10860337316989899	0.13194158673286438	0.8871034383773804
36	0.09239812940359116	0.11296109110116959	0.10568714141845703	0.13612580299377441	0.8176741003990173
37	0.09104720503091812	0.11257361620664597	0.10214623808860779	0.1406320184469223	0.7637298703193665
38	0.08257788419723511	0.11232288926839828	0.10032510757446289	0.144029438495636	0.756061851978302
39	0.08030499517917633	0.11219408363103867	0.10029406100511551	0.14906840026378632	0.7985206246376038
40	0.09450525045394897	0.11208242177963257	0.10137595236301422	0.15114423632621765	0.8824171423912048
41	0.0941217839717865	0.11204329878091812	0.10280928015708923	0.1408805251121521	0.9868863224983215
42	0.08483230322599411	0.11199089139699936	0.10368603467941284	0.13206826150417328	1.110813021659851
43	0.08563067018985748	0.1119612380862236	0.10509547591209412	0.12706083059310913	1.2527804374694824
44	0.08265577256679535	0.11198870092630386	0.10599168390035629	0.11813001334667206	1.4068416357040405
45	0.07229805737733841	0.11205969750881195	0.10621976852416992	0.1169171929359436	1.570698857307434
46	0.07511629909276962	0.11212941259145737	0.10682680457830429	0.11633854359388351	1.7390679121017456
47	0.074659563601017	0.11216554045677185	0.10823527723550797	0.11213384568691254	1.907533884048462
48	0.07264262437820435	0.11228498816490173	0.10936843603849411	0.09875351190567017	2.044355630874634
49	0.07717417180538177	0.11236140131950378	0.11076629161834717	0.09065669029951096	2.119445562362671
50	0.07609207928180695	0.11244158446788788	0.1122877299785614	0.07770230621099472	2.1532816886901855
51	0.0662274956703186	0.11238660663366318	0.1116466149687767	0.06704739481210709	2.117173194885254
52	0.0571097731590271	0.11243471503257751	0.11004378646612167	0.05719372630119324	1.9990952014923096
53	0.049235742539167404	0.11261448264122009	0.10952915996313095	0.05400176718831062	1.8547128438949585
54	0.04510984569787979	0.11270930618047714	0.1083572581410408	0.052098147571086884	1.709499478340149
55	0.04369645193219185	0.11288565397262573	0.10903137922286987	0.044167984277009964	1.5670080184936523
56	0.04408292844891548	0.11298608779907227	0.11028985679149628	0.03161875903606415	1.4246292114257812
57	0.04054346680641174	0.11310046911239624	0.1124805435538292	0.030888160690665245	1.2926244735717773
58	0.04849965125322342	0.11307863146066666	0.1128583550453186	0.029021192342042923	1.1664015054702759
59	0.03976410627365112	0.11309733241796494	0.11415206640958786	0.026789924129843712	1.0492427349090576
60	0.0410679467022419	0.11322915554046631	0.11459283530712128	0.027073729783296585	0.9389498233795166
61	0.03996647521853447	0.11341504752635956	0.11596393585205078	0.037571098655462265	0.8393341302871704
62	0.04302624985575676	0.1135406494140625	0.11715149134397507	0.042107485234737396	0.7500866055488586
63	0.04657561331987381	0.11363352835178375	0.11811117827892303	0.03957418352365494	0.6900389194488525
64	0.04683486744761467	0.11376654356718063	0.11728152632713318	0.03517289459705353	0.655966579914093
65	0.03678012639284134	0.11391016840934753	0.11715561151504517	0.027730833739042282	0.6632851362228394
66	0.03401223570108414	0.11405667662620544	0.11737369000911713	0.024942051619291306	0.7057977318763733
67	0.046319350600242615	0.11420194804668427	0.11872619390487671	0.02375797927379608	0.7945623993873596
68	0.05425742641091347	0.11444668471813202	0.12035655975341797	0.027307726442813873	0.9078252911567688
69	0.049200624227523804	0.11469819396734238	0.12149161100387573	0.03352566808462143	1.032467246055603
70	0.04402099922299385	0.11494791507720947	0.11998675763607025	0.04278445616364479	1.1459908485412598
71	0.041093859821558	0.11508795619010925	0.12060898542404175	0.048680271953344345	1.2508480548858643
72	0.040204714983701706	0.11519734561443329	0.12126672267913818	0.04734665900468826	1.353026270866394
73	0.029242543503642082	0.11525280028581619	0.12192918360233307	0.041379231959581375	1.380591630935669
74	0.036463990807533264	0.11523370444774628	0.12026287615299225	0.03446536883711815	1.3602004051208496
75	0.04106631129980087	0.11507370322942734	0.11933023482561111	0.031363412737846375	1.3064608573913574
76	0.03788219392299652	0.11486455053091049	0.11767515540122986	0.030432935804128647	1.226563811302185
77	0.029523994773626328	0.11471013724803925	0.11772897094488144	0.028936371207237244	1.1331771612167358
78	0.03384555131196976	0.11465112119913101	0.11740786582231522	0.031191403046250343	1.0350215435028076
79	0.036451954394578934	0.11483346670866013	0.11708041280508041	0.04036744311451912	0.9636048078536987
80	0.03031657636165619	0.11490166187286377	0.11663337796926498	0.04806948080658913	0.9164196252822876
81	0.03824694827198982	0.11472979933023453	0.1140013188123703	0.04610872641205788	0.8756998777389526
82	0.03263278305530548	0.11467546969652176	0.11385911703109741	0.04490235075354576	0.8960363268852234
83	0.03263159096240997	0.11463674902915955	0.11431340873241425	0.04639589414000511	0.9409445524215698
84	0.028023645281791687	0.11459950357675552	0.11374713480472565	0.050681229680776596	1.0190412998199463
85	0.028376249596476555	0.11448926478624344	0.11194080114364624	0.059913501143455505	1.1036754846572876
86	0.04058114066720009	0.11444346606731415	0.11203914880752563	0.06561828404664993	1.2004514932632446
87	0.04835575446486473	0.1143447756767273	0.10984154790639877	0.08353079110383987	1.2861855030059814
88	0.04911193251609802	0.11428844928741455	0.10576862096786499	0.09187137335538864	1.356195330619812
89	0.05843536555767059	0.11430341750383377	0.10239218175411224	0.09922802448272705	1.4376139640808105
90	0.059868402779102325	0.11437482386827469	0.09933480620384216	0.10137926042079926	1.5277149677276611
91	0.06379415094852448	0.11419738829135895	0.09571381658315659	0.10095622390508652	1.624530553817749
92	0.06369313597679138	0.11404913663864136	0.09305967390537262	0.09718316793441772	1.728521466255188
93	0.05894940719008446	0.11385609954595566	0.09168074280023575	0.09709243476390839	1.8381634950637817
94	0.06051253527402878	0.11358066648244858	0.09125787019729614	0.09700938314199448	1.9320605993270874
95	0.0651002898812294	0.11325725167989731	0.0896071121096611	0.09592748433351517	1.9867143630981445
96	0.06313788890838623	0.11291603744029999	0.08923690021038055	0.09366096556186676	1.9927549362182617
97	0.07446249574422836	0.11280278861522675	0.08792823553085327	0.09601129591464996	1.9117978811264038
98	0.06384164094924927	0.11284160614013672	0.08610927313566208	0.09448691457509995	1.7371866703033447
99	0.06520358473062515	0.11290055513381958	0.084244005382061	0.09240806102752686	1.5365242958068848
100	0.06228261440992355	0.11288300901651382	0.08250057697296143	0.0818193256855011	1.3371467590332031
101	0.05595557391643524	0.11289741843938828	0.08305079489946365	0.06936651468276978	1.169947862625122
102	0.05527438968420029	0.11312061548233032	0.08328167349100113	0.06711191684007645	1.0060651302337646
103	0.06166153773665428	0.11337276548147202	0.08397798985242844	0.06930188089609146	0.8531968593597412
104	0.0711183249950409	0.11378749459981918	0.08605026453733444	0.0684180036187172	0.7129948139190674
105	0.05291388928890228	0.11414569616317749	0.08847180008888245	0.06449886411428452	0.5997406244277954
106	0.04911845549941063	0.11449669301509857	0.09055711328983307	0.05385748669505119	0.5354817509651184
107	0.0631721019744873	0.11464866995811462	0.09053747355937958	0.04957648739218712	0.5197566747665405
108	0.06544895470142365	0.11483225226402283	0.08955372124910355	0.05269963666796684	0.5624403357505798
109	0.06211913749575615	0.11507324874401093	0.08885961025953293	0.04809562489390373	0.6614196300506592
110	0.052298128604888916	0.11532821506261826	0.08857516199350357	0.044048212468624115	0.7941144704818726
111	0.054113227874040604	0.11530715972185135	0.08744355291128159	0.04408484324812889	0.9210125803947449
112	0.05329706519842148	0.11545293033123016	0.08644262701272964	0.048135906457901	1.0520949363708496
113	0.05905777961015701	0.1156923770904541	0.08618441224098206	0.044599853456020355	1.1940408945083618
114	0.0649670660495758	0.11598218977451324	0.08677447587251663	0.04971295967698097	1.344251036643982
115	0.05413144826889038	0.11646396666765213	0.08890528231859207	0.04661526158452034	1.5008690357208252
116	0.05448868125677109	0.11692781001329422	0.09075220674276352	0.04940074309706688	1.614733338356018
117	0.05595714598894119	0.11717767268419266	0.09279186278581619	0.04885873198509216	1.6767781972885132
118	0.06183765456080437	0.11721967160701752	0.09350384771823883	0.059927716851234436	1.7229713201522827
119	0.05728040263056755	0.11736670881509781	0.09488476812839508	0.06375488638877869	1.7034040689468384
120	0.03792054206132889	0.11750658601522446	0.09604983031749725	0.059100110083818436	1.653828740119934
121	0.0344061553478241	0.11728920787572861	0.09349686652421951	0.05845722183585167	1.5716862678527832
122	0.031533848494291306	0.11742416769266129	0.09304787963628769	0.0495932437479496	1.4901552200317383
123	0.030513087287545204	0.11747995764017105	0.09273158758878708	0.04944596439599991	1.41232168674469
124	0.03846621513366699	0.1173892691731453	0.090565524995327	0.05342014133930206	1.3556807041168213
125	0.04033813998103142	0.11720716208219528	0.08848221600055695	0.049229804426431656	1.3198797702789307
126	0.03758976608514786	0.11713528633117676	0.08752640336751938	0.04809662327170372	1.2948925495147705
127	0.0510408952832222	0.11704475432634354	0.08647076785564423	0.040597088634967804	1.2783071994781494
128	0.054930441081523895	0.11675214767456055	0.0851145088672638	0.029839977622032166	1.2831681966781616
129	0.053345195949077606	0.11672698706388474	0.08588139712810516	0.025216491892933846	1.3140884637832642
130	0.04813626408576965	0.11679452657699585	0.08732103556394577	0.03232913091778755	1.351540207862854
131	0.04997718334197998	0.11661124229431152	0.08731573075056076	0.03481367975473404	1.3941532373428345
132	0.04556626081466675	0.11660048365592957	0.08909215033054352	0.039162177592515945	1.4572691917419434
133	0.046115633100271225	0.1166643276810646	0.09105994552373886	0.04295037314295769	1.5351797342300415
134	0.05118786543607712	0.11664799600839615	0.09334546327590942	0.05481847748160362	1.6090439558029175
135	0.04091509431600571	0.11648555845022202	0.09350483119487762	0.06036083772778511	1.6788262128829956
136	0.03745435178279877	0.11641825735569	0.09365634620189667	0.06496857106685638	1.7617943286895752
137	0.058987267315387726	0.11621546745300293	0.09399614483118057	0.07649499177932739	1.839614987373352
138	0.06483697891235352	0.11564609408378601	0.091966912150383	0.07506214827299118	1.9193925857543945
139	0.06385418772697449	0.11517304927110672	0.09049030393362045	0.08243093639612198	1.9938087463378906
140	0.06382954120635986	0.11490225046873093	0.09002050757408142	0.08557286858558655	2.0344343185424805
141	0.06403303146362305	0.11467589437961578	0.08950414508581161	0.0859314501285553	2.024728298187256
142	0.07548994570970535	0.11457489430904388	0.08769253641366959	0.08319422602653503	1.9546387195587158
143	0.08530359715223312	0.11449522525072098	0.08541873842477798	0.08169737458229065	1.8342676162719727
144	0.09700097888708115	0.11426472663879395	0.08347517997026443	0.08187015354633331	1.6946877241134644
145	0.09951087832450867	0.11395230144262314	0.08149591833353043	0.07412988692522049	1.568859338760376
146	0.10001267492771149	0.11371123790740967	0.07934226840734482	0.06632144004106522	1.45339035987854
147	0.1126684620976448	0.11353423446416855	0.07805792987346649	0.06201735511422157	1.3425871133804321
148	0.1231909692287445	0.11357651650905609	0.07970021665096283	0.06298217922449112	1.2261338233947754
149	0.12413144111633301	0.11375114321708679	0.08321202546358109	0.05044041574001312	1.141388177871704
150	0.10954955965280533	0.11401726305484772	0.08897409588098526	0.0378715880215168	1.0972232818603516
151	0.100298210978508	0.11378481239080429	0.09142912924289703	0.034359708428382874	1.0783241987228394
152	0.10116183757781982	0.11356817930936813	0.09549101442098618	0.0378081277012825	1.0633924007415771
153	0.0823562741279602	0.1136838048696518	0.10035313665866852	0.03238888457417488	1.0912079811096191
154	0.06616557389497757	0.11400207877159119	0.1039234846830368	0.03435935825109482	1.1418571472167969
155	0.06451484560966492	0.11429759114980698	0.10780670493841171	0.03765545412898064	1.2144814729690552
156	0.057326048612594604	0.11454426497220993	0.11159263551235199	0.04873579740524292	1.318564534187317
157	0.05577362701296806	0.11448182165622711	0.11310640722513199	0.064296655356884	1.4320253133773804
158	0.05259837582707405	0.11442496627569199	0.11455389112234116	0.0738452821969986	1.5626847743988037
159	0.053418438881635666	0.11431467533111572	0.11563817411661148	0.06718508899211884	1.7031397819519043
160	0.04579763114452362	0.11411203444004059	0.11596965789794922	0.06060881167650223	1.8332961797714233
161	0.04269272834062576	0.11393972486257553	0.11540571600198746	0.061036039143800735	1.9154796600341797
162	0.03876723721623421	0.11380690336227417	0.11625711619853973	0.05193748325109482	1.9710921049118042
163	0.03845689073204994	0.11349596828222275	0.11553701758384705	0.048414167016744614	1.9763092994689941
164	0.04209205135703087	0.11318220943212509	0.11524181067943573	0.04498133808374405	1.9475129842758179
165	0.03827450051903725	0.11300539970397949	0.11555484682321548	0.041992440819740295	1.8699480295181274
166	0.04073493555188179	0.11299467086791992	0.11622947454452515	0.035169702023267746	1.7425850629806519
167	0.04375884309411049	0.11297319829463959	0.11569677293300629	0.024564092978835106	1.6189898252487183
168	0.04475569352507591	0.11296860873699188	0.11473125964403152	0.018457597121596336	1.5027295351028442
169	0.05103036016225815	0.11292161792516708	0.11384814977645874	0.012461675330996513	1.3728135824203491
170	0.034099310636520386	0.11288896948099136	0.11204058676958084	0.01766248792409897	1.260088324546814
171	0.030191563069820404	0.11293613910675049	0.11156438291072845	0.013879647478461266	1.1776880025863647
172	0.03520204871892929	0.11279682070016861	0.11028598994016647	0.018592799082398415	1.1048152446746826
173	0.032358407974243164	0.11275040358304977	0.11030185222625732	0.027988877147436142	1.0587337017059326
174	0.02964595891535282	0.11284254491329193	0.11159443110227585	0.028013115748763084	1.0433322191238403
175	0.03520207107067108	0.1130111813545227	0.11170367896556854	0.03018360398709774	1.0540025234222412
176	0.03976568579673767	0.11320552229881287	0.11205415427684784	0.028772247955203056	1.0880718231201172
177	0.05034405738115311	0.1132621020078659	0.11230110377073288	0.025014014914631844	1.1239904165267944
178	0.04145663604140282	0.11326315253973007	0.11262796819210052	0.023976439610123634	1.1709712743759155
179	0.03874330595135689	0.11323589831590652	0.11281641572713852	0.02675759606063366	1.2447528839111328
180	0.036841150373220444	0.11321620643138885	0.1106933206319809	0.04008476808667183	1.3351153135299683
181	0.0319516584277153	0.11328526586294174	0.11024374514818192	0.04011521488428116	1.450227975845337
182	0.033435333520174026	0.11337060481309891	0.11050876975059509	0.03190586715936661	1.5731642246246338
183	0.05007880553603172	0.11337476968765259	0.10953134298324585	0.025720247998833656	1.6557910442352295
184	0.05466398596763611	0.11337043344974518	0.1082514226436615	0.03149645775556564	1.6997158527374268
185	0.03646118566393852	0.11337048560380936	0.10712537169456482	0.03424904868006706	1.704123616218567
186	0.03644239529967308	0.11346755921840668	0.10648638010025024	0.034354355186223984	1.635373592376709
187	0.03619007766246796	0.11348126828670502	0.1046665832400322	0.03537794575095177	1.514106273651123
188	0.04099311679601669	0.11346054077148438	0.10343188047409058	0.027622492983937263	1.4008564949035645
189	0.03185620158910751	0.11356019973754883	0.10337914526462555	0.02548070438206196	1.2933746576309204
190	0.024120405316352844	0.11362522840499878	0.10312627255916595	0.01966286450624466	1.1884297132492065
191	0.018154077231884003	0.1134968250989914	0.1024639829993248	0.01871124655008316	1.0834890604019165
192	0.022944854572415352	0.11341559141874313	0.10164787620306015	0.018820956349372864	0.9850313067436218
193	0.02429172396659851	0.11336217820644379	0.09972340613603592	0.02311471849679947	0.8929422497749329
194	0.03054819442331791	0.11323188245296478	0.09795284271240234	0.026758918538689613	0.794347882270813
195	0.030978336930274963	0.11312077939510345	0.09625431150197983	0.03363512456417084	0.7082695960998535
196	0.033279597759246826	0.11300796270370483	0.09488500654697418	0.03233807161450386	0.6448251008987427
197	0.032196223735809326	0.11285654455423355	0.09395250678062439	0.029022904112935066	0.6202394962310791
198	0.036690495908260345	0.11267118155956268	0.09308326244354248	0.028277438133955002	0.6307888627052307
199	0.03475373610854149	0.11267029494047165	0.09316559880971909	0.030681591480970383	0.6921942830085754
200	0.03346899151802063	0.11269031465053558	0.0930497869849205	0.02745465189218521	0.7750197649002075
201	0.03538712114095688	0.11253253370523453	0.09327546507120132	0.02125670574605465	0.8704895973205566
202	0.036578644067049026	0.112360879778862	0.0931423157453537	0.02145085297524929	0.9827842712402344
203	0.04806571826338768	0.11222757399082184	0.09389928728342056	0.020029060542583466	1.1006135940551758
204	0.04207894206047058	0.11210101842880249	0.09495983272790909	0.023484967648983	1.2312829494476318
205	0.033461473882198334	0.11196612566709518	0.09643916040658951	0.027546975761651993	1.3254953622817993
206	0.035502929240465164	0.1118236631155014	0.09749674797058105	0.030393632128834724	1.3658382892608643
207	0.03769030421972275	0.11178888380527496	0.09858842939138412	0.04180712625384331	1.35928475856781
208	0.04784662276506424	0.11183303594589233	0.09970057010650635	0.04945522919297218	1.292685866355896
209	0.049104053527116776	0.11195427179336548	0.10003496706485748	0.06462210416793823	1.173134446144104
210	0.04203120991587639	0.11200959235429764	0.09976505488157272	0.07421672344207764	1.0150359869003296
211	0.06969369947910309	0.11191849410533905	0.09820164740085602	0.07769931852817535	0.8620803356170654
212	0.07724771648645401	0.11195272207260132	0.09749495983123779	0.08395173400640488	0.7271592617034912
213	0.06307749450206757	0.11208716779947281	0.09664346277713776	0.085844025015831	0.6191219091415405
214	0.06178499013185501	0.11227204650640488	0.09606270492076874	0.09071660041809082	0.5636952519416809
215	0.07660555839538574	0.11237841844558716	0.09690258651971817	0.09954539686441422	0.5919191241264343
216	0.0729437842965126	0.11242558807134628	0.09854508936405182	0.09768034517765045	0.6761459708213806
217	0.06340332329273224	0.11240943521261215	0.09954606741666794	0.08352210372686386	0.7964090704917908
218	0.06272366642951965	0.11259331554174423	0.09979456663131714	0.08347554504871368	0.9437547326087952
219	0.05726012587547302	0.11285333335399628	0.10026123374700546	0.08043069392442703	1.09610116481781
220	0.04866277053952217	0.11311087012290955	0.10117457062005997	0.07457096129655838	1.256540060043335
221	0.05133884772658348	0.11337023973464966	0.10080317407846451	0.06250981241464615	1.4053648710250854
222	0.04704492911696434	0.11370613425970078	0.10130249708890915	0.0533379390835762	1.5588083267211914
223	0.04304099082946777	0.11400942504405975	0.10259990394115448	0.0494108609855175	1.706790566444397
224	0.03956608846783638	0.11414223909378052	0.10348853468894958	0.048758331686258316	1.8501145839691162
225	0.026503268629312515	0.1142941415309906	0.10364401340484619	0.042200829833745956	1.9947481155395508
226	0.028255032375454903	0.11442346125841141	0.10430111736059189	0.030817218124866486	2.1426024436950684
227	0.0350198857486248	0.11451994627714157	0.10541945695877075	0.028812585398554802	2.270656108856201
228	0.036575376987457275	0.11453842371702194	0.1057622879743576	0.028646988794207573	2.3408477306365967
229	0.03597809746861458	0.11455763876438141	0.10575737059116364	0.02597329579293728	2.3619048595428467
230	0.03907480835914612	0.11463732272386551	0.10542893409729004	0.03214705362915993	2.309506893157959
231	0.03564897179603577	0.11446196585893631	0.10367295145988464	0.020956706255674362	2.1793994903564453
232	0.03909042477607727	0.11426384001970291	0.1039959117770195	0.007274208124727011	2.0381357669830322
233	0.03757864236831665	0.11403083801269531	0.10482186079025269	0.013202606700360775	1.9016964435577393
234	0.038320817053318024	0.11371740698814392	0.10473858565092087	0.013722648844122887	1.7709083557128906
235	0.0368504524230957	0.11337362229824066	0.10501586645841599	0.010209014639258385	1.6470924615859985
236	0.03584369271993637	0.11309864372015	0.10490959882736206	0.015312030911445618	1.5260109901428223
237	0.033042240887880325	0.11292275786399841	0.10448884963989258	0.012400644831359386	1.4080697298049927
238	0.03667965531349182	0.11279737949371338	0.10421530157327652	0.0060302759520709515	1.2886115312576294
239	0.037038471549749374	0.11262955516576767	0.10395416617393494	0.01097700372338295	1.180737018585205
240	0.038479480892419815	0.11249183863401413	0.10376174002885818	0.01768595166504383	1.0821205377578735
241	0.03157072141766548	0.11238180100917816	0.10329552739858627	0.021892797201871872	1.0084835290908813
242	0.027845850214362144	0.11230224370956421	0.10265842825174332	0.026925265789031982	0.9581798911094666
243	0.028166746720671654	0.11221408098936081	0.10220100730657578	0.038279976695775986	0.9351015090942383
244	0.030164998024702072	0.11213032156229019	0.10251962393522263	0.039690468460321426	0.9401528835296631
245	0.033508531749248505	0.11202742904424667	0.10333389043807983	0.04145598039031029	0.9724544882774353
246	0.03475057706236839	0.11186584830284119	0.10448098182678223	0.0467488095164299	1.0296279191970825
247	0.035956453531980515	0.11170083284378052	0.10535180568695068	0.04858870431780815	1.10422682762146
248	0.046902820467948914	0.11160542815923691	0.10540243238210678	0.058523278683423996	1.1859749555587769
249	0.05257043242454529	0.11143183708190918	0.10643354803323746	0.07019460946321487	1.2256070375442505
250	0.053146831691265106	0.1113157644867897	0.10681711882352829	0.06672614067792892	1.2587050199508667
251	0.05392038822174072	0.11102966219186783	0.10704685747623444	0.07329787313938141	1.2150572538375854
252	0.052458710968494415	0.11070405691862106	0.10828781127929688	0.07958976924419403	1.1237616539001465
253	0.05732003226876259	0.11042513698339462	0.11036442965269089	0.07718851417303085	0.9876853227615356
254	0.05527369678020477	0.11037491261959076	0.11118871718645096	0.0787266194820404	0.836789071559906
255	0.05785303935408592	0.11042856425046921	0.11104802042245865	0.08005646616220474	0.7049567699432373
256	0.07898926734924316	0.11035909503698349	0.10958884656429291	0.08139751851558685	0.5753352642059326
257	0.11445276439189911	0.11062593013048172	0.10681850463151932	0.08711227774620056	0.48800885677337646
258	0.12066730856895447	0.11136254668235779	0.10252051055431366	0.09469351917505264	0.47963306307792664
259	0.1062379777431488	0.11178645491600037	0.10030738264322281	0.11582320183515549	0.5888212323188782
260	0.09331989288330078	0.11218899488449097	0.09896199405193329	0.10797305405139923	0.7667809128761292
261	0.08520141988992691	0.11218222975730896	0.09754668921232224	0.09973399341106415	0.9547319412231445
262	0.07900314033031464	0.11234039068222046	0.09652785956859589	0.09645091742277145	1.1510940790176392
263	0.0700836107134819	0.1127292737364769	0.0962635725736618	0.09430096298456192	1.3520334959030151
264	0.06822043657302856	0.11302326619625092	0.09722111374139786	0.08501467108726501	1.559087872505188
265	0.0689280703663826	0.11327514052391052	0.09862925857305527	0.08291180431842804	1.768425464630127
266	0.060242969542741776	0.11367913335561752	0.09935819357633591	0.07710382342338562	1.97833251953125
267	0.0611872598528862	0.1139114573597908	0.10069448500871658	0.06874796748161316	2.178605794906616
268	0.0651690885424614	0.11378449201583862	0.10312236845493317	0.06830107420682907	2.3581864833831787
269	0.057604726403951645	0.11365873366594315	0.10527602583169937	0.07508645206689835	2.5087060928344727
270	0.049321528524160385	0.1137814149260521	0.10735253989696503	0.07108651101589203	2.6011130809783936
271	0.049769576638936996	0.11371301859617233	0.10693196952342987	0.06453121453523636	2.6208443641662598
272	0.0513298436999321	0.1138065755367279	0.10614657402038574	0.05407250300049782	2.5836801528930664
273	0.05358430743217468	0.1140282154083252	0.10515594482421875	0.041207268834114075	2.480696201324463
274	0.05646274611353874	0.11424769461154938	0.10269700735807419	0.030640479177236557	2.3373610973358154
275	0.058877620846033096	0.11449725180864334	0.099811851978302	0.031246284022927284	2.190854787826538
276	0.05286800488829613	0.11485058814287186	0.09697099775075912	0.026631489396095276	2.042400598526001
277	0.043632108718156815	0.11515437811613083	0.09496366232633591	0.032602958381175995	1.8995888233184814
278	0.0379558689892292	0.11534344404935837	0.09405824542045593	0.031303390860557556	1.7624746561050415
279	0.04438171535730362	0.11554273962974548	0.0927310660481453	0.048132456839084625	1.624611258506775
280	0.047032974660396576	0.11582779139280319	0.09150733053684235	0.05769785866141319	1.4949442148208618
281	0.057700663805007935	0.11624738574028015	0.09082029014825821	0.06848061829805374	1.3893450498580933
282	0.06351181864738464	0.11674468219280243	0.09096299856901169	0.07552268356084824	1.3069230318069458
283	0.06808725744485855	0.11724346876144409	0.09122715145349503	0.07618764042854309	1.2465425729751587
284	0.06268329173326492	0.11764775216579437	0.09186144918203354	0.08513490855693817	1.1827079057693481
285	0.06512514501810074	0.11799895018339157	0.09258329123258591	0.09198649227619171	1.151882529258728
286	0.06294852495193481	0.11842307448387146	0.09378084540367126	0.09528689086437225	1.1526941061019897
287	0.06002553179860115	0.11886417120695114	0.09544263035058975	0.09908859431743622	1.2050968408584595
288	0.06058863177895546	0.11895096302032471	0.09639527648687363	0.10021405667066574	1.309131383895874
289	0.061323296278715134	0.11918877065181732	0.09870617091655731	0.10533546656370163	1.401573657989502
290	0.06473127752542496	0.11931788176298141	0.10049857199192047	0.10011366754770279	1.4959402084350586
291	0.06747215986251831	0.11957788467407227	0.10006769746541977	0.09488736093044281	1.5492334365844727
292	0.06312496960163116	0.11979231238365173	0.10048172622919083	0.09870031476020813	1.570131778717041
293	0.0635962188243866	0.11972039937973022	0.10053330659866333	0.09372391551733017	1.568378210067749
294	0.06591278314590454	0.11961554735898972	0.10070709884166718	0.0849623754620552	1.5311533212661743
295	0.06079687923192978	0.11952543258666992	0.10101354122161865	0.08243341743946075	1.4883687496185303
296	0.06211761757731438	0.1193588450551033	0.10098260641098022	0.0801185593008995	1.4659537076950073
297	0.06682182848453522	0.11910761892795563	0.10059372335672379	0.07971541583538055	1.4599404335021973
298	0.0755833089351654	0.1185261607170105	0.09811577945947647	0.07721980661153793	1.4648312330245972
299	0.07780132442712784	0.11800096929073334	0.09570702910423279	0.07807489484548569	1.485967755317688
300	0.05967048183083534	0.11758969724178314	0.09448055177927017	0.08768004179000854	1.5250566005706787
301	0.06170649081468582	0.11742858588695526	0.09292598813772202	0.0927392840385437	1.5779002904891968
302	0.060286350548267365	0.11733998358249664	0.09178335219621658	0.10113795101642609	1.6434378623962402
303	0.06436393409967422	0.11724352091550827	0.09103025496006012	0.10162269324064255	1.7049566507339478
304	0.07146263122558594	0.11719944328069687	0.08937791734933853	0.09715298563241959	1.7808570861816406
305	0.06917373090982437	0.11710737645626068	0.08800163120031357	0.09808097034692764	1.8644658327102661
306	0.07538070529699326	0.1170494556427002	0.08761173486709595	0.09585889428853989	1.9572025537490845
307	0.08491058647632599	0.11686863005161285	0.08664991706609726	0.09104197472333908	2.0538315773010254
308	0.08156368136405945	0.11661773920059204	0.08644789457321167	0.09602517634630203	2.155349016189575
309	0.0847003236413002	0.1163322925567627	0.08594364672899246	0.09669989347457886	2.2620162963867188
310	0.07451041042804718	0.11594035476446152	0.08496548980474472	0.10147134959697723	2.3743577003479004
311	0.0688038095831871	0.11598008871078491	0.08313499391078949	0.10640829801559448	2.4971911907196045
312	0.07030923664569855	0.11589612066745758	0.08158893138170242	0.10747186094522476	2.6144208908081055
313	0.0845794528722763	0.11581391096115112	0.08071833848953247	0.09313318878412247	2.6720900535583496
314	0.08800143003463745	0.1154516190290451	0.07918131351470947	0.07714677602052689	2.689236879348755
315	0.06438161432743073	0.11531344801187515	0.07918379455804825	0.07407358288764954	2.654836416244507
316	0.054040294140577316	0.11526314169168472	0.07979679852724075	0.07306234538555145	2.5916056632995605
317	0.06415202468633652	0.11506614089012146	0.07800774276256561	0.06067712977528572	2.4805233478546143
318	0.07609009742736816	0.11468261480331421	0.07365349680185318	0.046547431498765945	2.354893684387207
319	0.07276787608861923	0.11439815908670425	0.07070764899253845	0.04180901497602463	2.230320930480957
320	0.05585062503814697	0.11411108076572418	0.06842388212680817	0.04057058319449425	2.106348991394043
321	0.0439712293446064	0.11392077058553696	0.0661192312836647	0.029364673420786858	1.9712737798690796
322	0.05226802080869675	0.1136830747127533	0.06484884768724442	0.010976528748869896	1.839817762374878
323	0.05683981627225876	0.11325041949748993	0.06420842558145523	0.026958299800753593	1.711756706237793
324	0.060514457523822784	0.11264931410551071	0.06202572584152222	0.04206862673163414	1.571832537651062
325	0.04377491772174835	0.11210008710622787	0.060452744364738464	0.04270516335964203	1.4518177509307861
326	0.035468991845846176	0.11174193769693375	0.06002318114042282	0.03870377317070961	1.3415619134902954
327	0.041376933455467224	0.11168081313371658	0.05992872267961502	0.030571291223168373	1.2449703216552734
328	0.050861138850450516	0.1119067594408989	0.058927737176418304	0.035186994820833206	1.16492760181427
329	0.057372745126485825	0.1124136671423912	0.059118956327438354	0.04011387750506401	1.0991604328155518
330	0.05583127588033676	0.11286617815494537	0.05927880480885506	0.043295323848724365	1.0484018325805664
331	0.0491815023124218	0.1133265495300293	0.058935459703207016	0.05311269313097	1.0070304870605469
332	0.03563109040260315	0.11361227929592133	0.05980401858687401	0.061168570071458817	0.9881480932235718
333	0.04444622993469238	0.11376556754112244	0.0598747543990612	0.06303885579109192	0.988631546497345
334	0.038636595010757446	0.11377724260091782	0.06034378707408905	0.06761406362056732	1.0117472410202026
335	0.04202718660235405	0.11374689638614655	0.060410451143980026	0.06754618138074875	1.0570849180221558
336	0.043281108140945435	0.11363720893859863	0.060330890119075775	0.07325883954763412	1.1063361167907715
337	0.04828055575489998	0.11342062801122665	0.06048360839486122	0.07246535271406174	1.1174442768096924
338	0.050865013152360916	0.11330827325582504	0.06090475991368294	0.08246885240077972	1.1183573007583618
339	0.05047188699245453	0.11326213926076889	0.06079338118433952	0.07838750630617142	1.074761152267456
340	0.05848529189825058	0.11339857429265976	0.06067540496587753	0.06446950882673264	1.0177054405212402
341	0.06571488082408905	0.11323698610067368	0.05875083804130554	0.054027099162340164	0.9600747227668762
342	0.06512961536645889	0.11305315047502518	0.05718807876110077	0.05768754333257675	0.9166987538337708
343	0.06284210085868835	0.112943135201931	0.05572664737701416	0.0740579217672348	0.8894883394241333
344	0.07155223190784454	0.11295964568853378	0.05403835326433182	0.07648100703954697	0.8650188446044922
345	0.06016400828957558	0.11296321451663971	0.05227145925164223	0.06994747370481491	0.8688929677009583
346	0.06147998571395874	0.11294939368963242	0.05135851725935936	0.07149910181760788	0.937343418598175
347	0.06097888574004173	0.1129150316119194	0.05101119354367256	0.06973174214363098	1.0238211154937744
348	0.05604939162731171	0.11289305239915848	0.05228094756603241	0.06916143000125885	1.1118977069854736
349	0.05916310474276543	0.11288332939147949	0.05373065173625946	0.06046447902917862	1.2081135511398315
350	0.057487912476062775	0.11282869428396225	0.0551685094833374	0.05676553398370743	1.3236198425292969
351	0.049534160643815994	0.1127033680677414	0.05707463622093201	0.051651813089847565	1.461762547492981
352	0.044317252933979034	0.11260086297988892	0.058551475405693054	0.03643448278307915	1.6081162691116333
353	0.04778141528367996	0.11249984800815582	0.060069434344768524	0.033383648842573166	1.7618255615234375
354	0.0450165756046772	0.11242803931236267	0.06120872125029564	0.028309937566518784	1.9371153116226196
355	0.04081742838025093	0.11234299093484879	0.06250184774398804	0.02676687389612198	2.125225305557251
356	0.031128298491239548	0.11223577708005905	0.06368783861398697	0.026005512103438377	2.316324472427368
357	0.03542180359363556	0.11197268217802048	0.06398976594209671	0.029237721115350723	2.49162220954895
358	0.026208823546767235	0.1118016242980957	0.06494540721178055	0.030597353354096413	2.634305238723755
359	0.03002605214715004	0.11164163053035736	0.06578768789768219	0.040141575038433075	2.7541592121124268
360	0.03576482832431793	0.11156170070171356	0.06689927726984024	0.032754529267549515	2.821016788482666
361	0.03726736828684807	0.11161061376333237	0.06739963591098785	0.03673467040061951	2.866431713104248
362	0.03326142579317093	0.11157403886318207	0.06740867346525192	0.03591134026646614	2.8362138271331787
363	0.03556263446807861	0.11150319129228592	0.06722337007522583	0.032487303018569946	2.7501487731933594
364	0.03796674683690071	0.11136314272880554	0.06700300425291061	0.03223657235503197	2.5849251747131348
365	0.033155087381601334	0.11127206683158875	0.06666877865791321	0.037397995591163635	2.399656295776367
366	0.031585484743118286	0.11131598055362701	0.06609299033880234	0.03957219049334526	2.2182722091674805
367	0.027240868657827377	0.11138053983449936	0.06595567613840103	0.030467061325907707	2.0484540462493896
368	0.028312530368566513	0.11130873113870621	0.06602531671524048	0.030143171548843384	1.9034943580627441
369	0.03393011912703514	0.1111890897154808	0.06594252586364746	0.02679220400750637	1.7581063508987427
370	0.02619403600692749	0.11108359694480896	0.06645427644252777	0.015992481261491776	1.6133694648742676
371	0.034318018704652786	0.11103436350822449	0.0669156163930893	0.011218899860978127	1.4643012285232544
372	0.03389720246195793	0.11109494417905807	0.06735497713088989	0.008932835422456264	1.3143998384475708
373	0.027038967236876488	0.11105522513389587	0.06752714514732361	0.013215869665145874	1.1655586957931519
374	0.02741945907473564	0.1109900176525116	0.06688655912876129	0.025875607505440712	1.0145522356033325
375	0.029844019562005997	0.11098276078701019	0.06702550500631332	0.026796644553542137	0.8654003739356995
376	0.03539149463176727	0.11082658171653748	0.06761964410543442	0.02918345294892788	0.7204646468162537
377	0.03695336729288101	0.11080612987279892	0.06698969751596451	0.03681023046374321	0.5968888998031616
378	0.04214441776275635	0.11081459373235703	0.06742190569639206	0.04401848465204239	0.4794420897960663
379	0.03538964316248894	0.11093112826347351	0.06850132346153259	0.051471464335918427	0.4000484347343445
380	0.04036715626716614	0.110938161611557	0.06857369840145111	0.050970353186130524	0.36693182587623596
381	0.0492074228823185	0.11080161482095718	0.06762294471263885	0.03918711096048355	0.3837423324584961
382	0.04793732240796089	0.11061122268438339	0.06741656363010406	0.03006158396601677	0.4238932132720947
383	0.03751584514975548	0.11038941890001297	0.06731308251619339	0.031712740659713745	0.4541790783405304
384	0.03188372403383255	0.11026188731193542	0.06747953593730927	0.03585144132375717	0.4456567168235779
385	0.030627405270934105	0.11015604436397552	0.06779169291257858	0.0414973720908165	0.3734418451786041
386	0.026638513430953026	0.11018577963113785	0.06769843399524689	0.04855485260486603	0.30547457933425903
387	0.036652591079473495	0.11032208800315857	0.06797981262207031	0.05509126931428909	0.325662225484848
388	0.032333631068468094	0.11050810664892197	0.06760022789239883	0.05626729130744934	0.4141039252281189
389	0.03350866585969925	0.11063574254512787	0.06658007949590683	0.04978005960583687	0.5357509851455688
390	0.03290646895766258	0.11070692539215088	0.06545991450548172	0.05158766359090805	0.6730633974075317
391	0.03888869285583496	0.11082770675420761	0.06370709091424942	0.05789704620838165	0.8145472407341003
392	0.03824492543935776	0.11096291244029999	0.06197240203619003	0.05876753106713295	0.9615641832351685
393	0.04653279855847359	0.11109334975481033	0.06130224093794823	0.06014197692275047	1.1115000247955322
394	0.05406242609024048	0.11112774908542633	0.06017829105257988	0.066754050552845	1.2671566009521484
395	0.05843226611614227	0.11113817244768143	0.05920712649822235	0.07401532679796219	1.4265925884246826
396	0.05880475044250488	0.11119866371154785	0.05883347615599632	0.08488039672374725	1.587806224822998
397	0.08069298416376114	0.11120980978012085	0.05831748992204666	0.0892474576830864	1.7491827011108398
398	0.09381673485040665	0.11122195422649384	0.05714685842394829	0.09682830423116684	1.909393072128296
399	0.08743039518594742	0.111237071454525	0.056488536298274994	0.1008206233382225	2.0705173015594482
400	0.07591104507446289	0.11120861768722534	0.055426739156246185	0.09811199456453323	2.232184410095215
401	0.07336119562387466	0.11115261912345886	0.05504564940929413	0.09944932907819748	2.373417615890503
402	0.056448958814144135	0.11127054691314697	0.05486845225095749	0.09398261457681656	2.514652729034424
403	0.06523123383522034	0.1114337146282196	0.0547780804336071	0.0917978510260582	2.655590295791626
404	0.07510419189929962	0.11153142154216766	0.054954931139945984	0.0958164781332016	2.7779605388641357
405	0.07445891201496124	0.11156463623046875	0.05472814291715622	0.09153450280427933	2.8559741973876953
406	0.06850478053092957	0.111622154712677	0.05449499934911728	0.09252545237541199	2.8411002159118652
407	0.0848737582564354	0.11160576343536377	0.05489492416381836	0.08747533708810806	2.77384614944458
408	0.08934976905584335	0.11156677454710007	0.05461268872022629	0.08309781551361084	2.642256259918213
409	0.08329487591981888	0.11154378950595856	0.0542103610932827	0.08199495077133179	2.4703946113586426
410	0.06706736981868744	0.11154040694236755	0.05362782999873161	0.07744252681732178	2.299189329147339
411	0.0629732608795166	0.11154825240373611	0.054218411445617676	0.06846016645431519	2.1265482902526855
412	0.059052836149930954	0.11161818355321884	0.05444836616516113	0.06209897994995117	1.9541293382644653
413	0.06270909309387207	0.11169039458036423	0.05375353619456291	0.053439974784851074	1.7815195322036743
414	0.05560658872127533	0.11186371743679047	0.05355262756347656	0.050183579325675964	1.6380919218063354
415	0.04950261861085892	0.11208991706371307	0.05504675582051277	0.06150871515274048	1.509093999862671
416	0.04571084678173065	0.11233309656381607	0.05691751837730408	0.059628963470458984	1.3816908597946167
417	0.05299099534749985	0.11248192191123962	0.057637207210063934	0.04874368757009506	1.2444939613342285
418	0.05579535663127899	0.11248353868722916	0.05547291785478592	0.043724313378334045	1.0862526893615723
419	0.052698224782943726	0.11246685683727264	0.05420545116066933	0.03534180298447609	0.9293018579483032
420	0.04869706556200981	0.11251863092184067	0.05354440212249756	0.03871531784534454	0.7816516757011414
421	0.06658433377742767	0.11246909946203232	0.052427180111408234	0.04416009783744812	0.627565860748291
422	0.06389183551073074	0.11260136216878891	0.0530208945274353	0.04491414502263069	0.5010521411895752
423	0.04300538823008537	0.11272978782653809	0.053873322904109955	0.035980187356472015	0.4070838689804077
424	0.043572258204221725	0.11265133321285248	0.05305201932787895	0.024555383250117302	0.37712883949279785
425	0.05538587272167206	0.11260349303483963	0.051781293004751205	0.015741882845759392	0.40970224142074585
426	0.05672353133559227	0.11248473823070526	0.05087793990969658	0.019920051097869873	0.48620525002479553
427	0.0437808483839035	0.11232458800077438	0.05105069652199745	0.03632212430238724	0.5798314809799194
428	0.061362188309431076	0.11226317286491394	0.04997071996331215	0.04724686220288277	0.6239052414894104
429	0.062465786933898926	0.1122821494936943	0.049010325223207474	0.051545821130275726	0.6285960078239441
430	0.05305332690477371	0.11247505247592926	0.04859026521444321	0.05649298429489136	0.5762518048286438
431	0.048893414437770844	0.11230200529098511	0.04866661876440048	0.0658288449048996	0.4932791292667389
432	0.05573813244700432	0.11215497553348541	0.04876677691936493	0.07816638052463531	0.4685814678668976
433	0.06071479991078377	0.11215081065893173	0.04897800087928772	0.08041878044605255	0.515167772769928
434	0.054097577929496765	0.112060546875	0.04947974532842636	0.07853959500789642	0.6082901954650879
435	0.06159365177154541	0.11212301254272461	0.051205992698669434	0.07688145339488983	0.7266806364059448
436	0.07152633368968964	0.11225728690624237	0.053097885102033615	0.08841749280691147	0.8713120222091675
437	0.07803542912006378	0.11231151968240738	0.055025406181812286	0.09358274936676025	1.0234673023223877
438	0.08868743479251862	0.1123497486114502	0.05689354985952377	0.09716648608446121	1.1735315322875977
439	0.09293393790721893	0.11249412596225739	0.05906977131962776	0.10530458390712738	1.330413818359375
440	0.08569926768541336	0.1126803383231163	0.06213366612792015	0.10848365724086761	1.4902026653289795
441	0.07791869342327118	0.1126164123415947	0.06334681063890457	0.10886680334806442	1.6456648111343384
442	0.07691404968500137	0.11270882934331894	0.06571038067340851	0.10652294009923935	1.8070861101150513
443	0.07933331280946732	0.11286139488220215	0.06791171431541443	0.09835883975028992	1.969454288482666
444	0.07587806135416031	0.11315597593784332	0.07084663957357407	0.09718960523605347	2.1346323490142822
445	0.07213477045297623	0.11346626281738281	0.07379016280174255	0.09749937057495117	2.300016403198242
446	0.072727270424366	0.1138681098818779	0.07731238007545471	0.0987616777420044	2.465444564819336
447	0.0698808804154396	0.11419524252414703	0.0802900493144989	0.10215077549219131	2.635610580444336
448	0.07656906545162201	0.11435972154140472	0.08204159885644913	0.10157515853643417	2.816901206970215
449	0.07764985412359238	0.11449650675058365	0.0838683471083641	0.10287520289421082	2.9985084533691406
450	0.07507246732711792	0.1147112101316452	0.08584850281476974	0.0969119444489479	3.1468093395233154
451	0.07135605812072754	0.11476200819015503	0.08688222616910934	0.09923680126667023	3.2089622020721436
452	0.06811626255512238	0.11484891176223755	0.08809435367584229	0.10736075043678284	3.21966290473938
453	0.0719309002161026	0.11491910368204117	0.08867303282022476	0.10716034471988678	3.149609327316284
454	0.07671736925840378	0.11509349197149277	0.08972589671611786	0.10282359272241592	3.0245842933654785
455	0.07818595319986343	0.11523784697055817	0.0913165956735611	0.10007594525814056	2.8988454341888428
456	0.07450378686189651	0.11523500829935074	0.09239980578422546	0.09365274757146835	2.7716150283813477
457	0.06503881514072418	0.11540669202804565	0.09396366775035858	0.09912791103124619	2.6497066020965576
458	0.06177011504769325	0.11548664420843124	0.09389907121658325	0.08882605284452438	2.5336852073669434
459	0.055730149149894714	0.1154383048415184	0.09409317374229431	0.07560764998197556	2.4298858642578125
460	0.046568356454372406	0.11519850790500641	0.09361101686954498	0.06804126501083374	2.3310225009918213
461	0.04751645401120186	0.1148732602596283	0.09310111403465271	0.054558802396059036	2.226954698562622
462	0.04243128001689911	0.11446978896856308	0.09264423698186874	0.04359284043312073	2.1251747608184814
463	0.03807557001709938	0.11423980444669724	0.09265962988138199	0.03873421996831894	2.0100393295288086
464	0.03675997257232666	0.11419670283794403	0.09270381927490234	0.03102232702076435	1.8988577127456665
465	0.03590942174196243	0.11429890990257263	0.09311084449291229	0.031161228194832802	1.7917954921722412
466	0.03422790393233299	0.11447252333164215	0.09350189566612244	0.03324155882000923	1.6944091320037842
467	0.030539005994796753	0.11471144109964371	0.09368488937616348	0.03565555065870285	1.6038018465042114
468	0.039379484951496124	0.1151302307844162	0.09482403844594955	0.040024321526288986	1.5231375694274902
469	0.03366384655237198	0.11539546400308609	0.09548808634281158	0.037172283977270126	1.4551814794540405
470	0.02642682008445263	0.11551768332719803	0.09626016765832901	0.03823545202612877	1.422904133796692
471	0.035179123282432556	0.11531325429677963	0.09512383490800858	0.04143867269158363	1.369463324546814
472	0.035543471574783325	0.11507958173751831	0.09389548003673553	0.044242341071367264	1.331655502319336
473	0.04048702493309975	0.11485365778207779	0.09237835556268692	0.05176557973027229	1.3125722408294678
474	0.04465952515602112	0.11442557722330093	0.08936957269906998	0.05122349038720131	1.2959110736846924
475	0.04788466542959213	0.11389803886413574	0.08673769235610962	0.052254389971494675	1.287466049194336
476	0.047855112701654434	0.11353997886180878	0.0839143916964531	0.06265859305858612	1.2996454238891602
477	0.0459335520863533	0.1132500171661377	0.0810922160744667	0.06986457109451294	1.3271719217300415
478	0.048570483922958374	0.1129063218832016	0.07831358909606934	0.06756748259067535	1.370289921760559
479	0.0485670380294323	0.11262967437505722	0.07609137892723083	0.06906355172395706	1.4350924491882324
480	0.05066358670592308	0.11251439899206161	0.07412166148424149	0.0697539746761322	1.510396122932434
481	0.05645335838198662	0.11240693926811218	0.07217754423618317	0.06512073427438736	1.5774142742156982
482	0.043854206800460815	0.11221788823604584	0.07024158537387848	0.059519119560718536	1.6500357389450073
483	0.04146857187151909	0.11193063110113144	0.06818989664316177	0.05003424361348152	1.7271617650985718
484	0.03994360938668251	0.11166717112064362	0.06611063331365585	0.04246708005666733	1.8080863952636719
485	0.03041810728609562	0.11153664439916611	0.06435196101665497	0.03982225060462952	1.904321312904358
486	0.027237316593527794	0.11144937574863434	0.06338591873645782	0.02835269458591938	2.0048844814300537
487	0.03237796947360039	0.11127662658691406	0.06217705458402634	0.0243783351033926	2.1035025119781494
488	0.031122928485274315	0.11111907660961151	0.061659011989831924	0.02546958066523075	2.1990559101104736
489	0.03187451511621475	0.1110100969672203	0.06101613864302635	0.02297738753259182	2.307084560394287
490	0.024356475099921227	0.11086646467447281	0.06056922674179077	0.022971998900175095	2.410290479660034
491	0.023867925629019737	0.11085273325443268	0.06036984920501709	0.018868111073970795	2.526567220687866
492	0.023873690515756607	0.11090842634439468	0.06026100367307663	0.011824396438896656	2.6422128677368164
493	0.021479647606611252	0.11095131933689117	0.06036537140607834	0.011947005987167358	2.757744789123535
494	0.019210323691368103	0.11091092973947525	0.061123546212911606	0.012316112406551838	2.8395895957946777
495	0.02600065991282463	0.11079978197813034	0.06177055463194847	0.011410650797188282	2.8923652172088623
496	0.022244617342948914	0.11075570434331894	0.06287455558776855	0.010681935586035252	2.875598669052124
497	0.023660091683268547	0.11069124937057495	0.06458573043346405	0.008923152461647987	2.7826578617095947
498	0.0288274884223938	0.11059445142745972	0.06701879948377609	0.012135609984397888	2.605721950531006
499	0.03555496409535408	0.11049853265285492	0.06902144104242325	0.018369944766163826	2.3840491771698
500	0.8008100390434265	0.034361034631729126	0.11477278172969818	0.6439571380615234	0.36431413888931274
501	0.9263191223144531	0.030821368098258972	0.1248461902141571	0.695221483707428	0.5514411926269531
502	1.0360080003738403	0.03408794477581978	0.13860516250133514	0.8208317756652832	0.7230613827705383
503	1.1307212114334106	0.04650156572461128	0.14882802963256836	0.9783292412757874	0.8783999085426331
504	1.2548613548278809	0.06535819917917252	0.15907692909240723	1.1253843307495117	1.0004627704620361
505	1.1942168474197388	0.08531471341848373	0.15901152789592743	1.1887997388839722	1.093438744544983
506	1.028381109237671	0.1031133309006691	0.13477696478366852	1.0958932638168335	1.1407362222671509
507	0.49661317467689514	0.11594150960445404	0.14312157034873962	0.6990829110145569	1.1857181787490845
508	0.4149782061576843	0.11594097316265106	0.1499808132648468	0.5253894925117493	1.2211562395095825
509	0.4439067840576172	0.11433194577693939	0.15117786824703217	0.4813114106655121	1.2320458889007568
510	0.4489436745643616	0.11185836791992188	0.15106381475925446	0.4590896964073181	1.2392189502716064
511	0.3969980776309967	0.11029597371816635	0.14886382222175598	0.43331092596054077	1.2763612270355225
512	0.35352063179016113	0.10941731184720993	0.1443527489900589	0.4114648997783661	1.3272006511688232
513	0.33953699469566345	0.10898009687662125	0.13845323026180267	0.3885140120983124	1.388891577720642
514	0.34474655985832214	0.10893405973911285	0.1340799331665039	0.3605654835700989	1.4846824407577515
515	0.3397904336452484	0.10914167016744614	0.1317349672317505	0.3260107636451721	1.60946524143219
516	0.3057015836238861	0.1098194569349289	0.13165916502475739	0.3013518154621124	1.7049473524093628
517	0.2045087367296219	0.11044202744960785	0.13141852617263794	0.2910597324371338	1.804773211479187
518	0.1882185935974121	0.11091451346874237	0.13117028772830963	0.28193429112434387	1.9090008735656738
519	0.17449620366096497	0.11148614436388016	0.13051500916481018	0.2640741169452667	2.022986650466919
520	0.16251550614833832	0.11200952529907227	0.12987962365150452	0.2502388656139374	2.1268553733825684
521	0.14859366416931152	0.1124163493514061	0.12921680510044098	0.2326597422361374	2.225247621536255
522	0.1412481963634491	0.11271381378173828	0.1282910406589508	0.21485960483551025	2.3311209678649902
523	0.13079054653644562	0.11295167356729507	0.12729206681251526	0.1926082819700241	2.422899007797241
524	0.11822105944156647	0.11324930191040039	0.12668514251708984	0.17425036430358887	2.515925407409668
525	0.11568784713745117	0.11346792429685593	0.12591859698295593	0.15618613362312317	2.592264413833618
526	0.10390013456344604	0.11360863596200943	0.1251664161682129	0.13868123292922974	2.6460111141204834
527	0.09719981998205185	0.11364327371120453	0.12354477494955063	0.1175350695848465	2.6871652603149414
528	0.09521228820085526	0.11349897086620331	0.12252582609653473	0.09402669221162796	2.691676378250122
529	0.09996122121810913	0.11311553418636322	0.12301961332559586	0.07281950116157532	2.6583549976348877
530	0.08838585764169693	0.11277899146080017	0.12400195002555847	0.046002697199583054	2.5735888481140137
531	0.06601547449827194	0.11282261461019516	0.1237117201089859	0.04492458328604698	2.4445738792419434
532	0.06007806956768036	0.11346167325973511	0.12272242456674576	0.05864642560482025	2.3186378479003906
533	0.0839119553565979	0.11411837488412857	0.11895346641540527	0.06628098338842392	2.196305751800537
534	0.03073272481560707	0.11398981511592865	0.1182270273566246	0.03731531649827957	2.0751869678497314
535	0.023007765412330627	0.11404915899038315	0.11621382087469101	0.019117746502161026	1.9490458965301514
536	0.020267486572265625	0.11403617262840271	0.11509969085454941	0.014679954387247562	1.8298139572143555
537	0.03051016293466091	0.11404237151145935	0.1139630451798439	0.019355831667780876	1.7225431203842163
538	0.05035318061709404	0.11422441899776459	0.11162912100553513	0.02741682156920433	1.6260720491409302
539	0.05783643573522568	0.11449374258518219	0.10903993993997574	0.02949538454413414	1.5415819883346558
540	0.04743603989481926	0.1147850975394249	0.10794921964406967	0.036735113710165024	1.4923615455627441
541	0.05056331679224968	0.11499375849962234	0.10752853006124496	0.04498165100812912	1.4622808694839478
542	0.05788751319050789	0.11514493077993393	0.10706164687871933	0.05253276973962784	1.449527621269226
543	0.07079154998064041	0.11530232429504395	0.10714249312877655	0.06165267899632454	1.4829680919647217
544	0.06998764723539352	0.11544028669595718	0.10592888295650482	0.07544504851102829	1.5196868181228638
545	0.0652923509478569	0.11534783244132996	0.10441430658102036	0.08981383591890335	1.56662917137146
546	0.06735159456729889	0.11520733684301376	0.10308853536844254	0.09836672991514206	1.6276733875274658
547	0.07431411743164062	0.11495274305343628	0.10150295495986938	0.10284207761287689	1.7029173374176025
548	0.07902321219444275	0.11433925479650497	0.09962708503007889	0.11291791498661041	1.7745299339294434
549	0.0792597308754921	0.11375733464956284	0.09836483001708984	0.11827921867370605	1.805617094039917
550	0.07827425003051758	0.11341039091348648	0.09791906923055649	0.12359333783388138	1.7966469526290894
551	0.08173733204603195	0.11318366229534149	0.09812893718481064	0.12824448943138123	1.7380315065383911
552	0.09487132728099823	0.11316349357366562	0.09914159774780273	0.13343702256679535	1.6348443031311035
553	0.09249984472990036	0.11331775039434433	0.10010809451341629	0.1265585571527481	1.5191415548324585
554	0.08811954408884048	0.11330922693014145	0.09964143484830856	0.1272893249988556	1.4212231636047363
555	0.08713207393884659	0.11311101913452148	0.09885784983634949	0.12878847122192383	1.3290700912475586
556	0.09762348979711533	0.11286941915750504	0.09782297164201736	0.13494820892810822	1.2479887008666992
557	0.10706967115402222	0.11263462156057358	0.09635233134031296	0.1402004510164261	1.1793649196624756
558	0.09812752157449722	0.11229805648326874	0.09454017877578735	0.1451425701379776	1.1315902471542358
559	0.10403399169445038	0.11212154477834702	0.09375786781311035	0.1482962816953659	1.138775110244751
560	0.10080823302268982	0.1120370551943779	0.09317227452993393	0.1505611389875412	1.172646403312683
561	0.10328978300094604	0.1118161603808403	0.09149643033742905	0.15513114631175995	1.2148540019989014
562	0.10429581999778748	0.11164623498916626	0.09036451578140259	0.1566525250673294	1.273729920387268
563	0.10672258585691452	0.11155378073453903	0.08968774229288101	0.15950055420398712	1.348415732383728
564	0.10748258978128433	0.11142101138830185	0.08933648467063904	0.15739241242408752	1.437578558921814
565	0.10693071782588959	0.11120369285345078	0.08841849863529205	0.15918579697608948	1.5370368957519531
566	0.1087542474269867	0.11090818792581558	0.08731728047132492	0.15888692438602448	1.647074818611145
567	0.10975265502929688	0.11071359366178513	0.08642305433750153	0.1618337631225586	1.76596999168396
568	0.10842277854681015	0.11056796461343765	0.08579584956169128	0.16475605964660645	1.9040104150772095
569	0.10690058767795563	0.11046444624662399	0.08551380783319473	0.1629149317741394	2.008070230484009
570	0.10251496732234955	0.1103910431265831	0.08473730087280273	0.15514643490314484	2.088989734649658
571	0.10155348479747772	0.11027037352323532	0.08363714069128036	0.1490413099527359	2.1139652729034424
572	0.0977785736322403	0.11015817523002625	0.0827879086136818	0.14483891427516937	2.0849390029907227
573	0.09802287817001343	0.11015300452709198	0.08219609409570694	0.13732676208019257	1.9976720809936523
574	0.09145504236221313	0.11004971712827682	0.08168990910053253	0.13562093675136566	1.8762602806091309
575	0.08606395870447159	0.10999330133199692	0.0812792032957077	0.130979523062706	1.756260871887207
576	0.08218957483768463	0.11000903695821762	0.08088433742523193	0.12538838386535645	1.6641758680343628
577	0.07942193746566772	0.11010770499706268	0.080726757645607	0.12177326530218124	1.5811951160430908
578	0.0788475051522255	0.11015035957098007	0.0810847207903862	0.11411375552415848	1.5069242715835571
579	0.07354292273521423	0.11008042097091675	0.08013582229614258	0.11164797097444534	1.441141128540039
580	0.06932127475738525	0.11002525687217712	0.07949289679527283	0.10991450399160385	1.3892689943313599
581	0.06982161104679108	0.11008685827255249	0.07961171865463257	0.10503380000591278	1.353663444519043
582	0.07210830599069595	0.11026100069284439	0.08026562631130219	0.09818821400403976	1.3354166746139526
583	0.06992851942777634	0.11051864176988602	0.08003214001655579	0.09702412784099579	1.3316078186035156
584	0.06845502555370331	0.11075093597173691	0.08054038882255554	0.09651158004999161	1.3461391925811768
585	0.06748946011066437	0.11096280813217163	0.08071954548358917	0.099024198949337	1.3753113746643066
586	0.06637095659971237	0.1111852303147316	0.08141186833381653	0.09702789038419724	1.4202739000320435
587	0.05879852548241615	0.11136709153652191	0.08108364045619965	0.0981362909078598	1.4771124124526978
588	0.05880637839436531	0.1114317774772644	0.08099470287561417	0.09276606142520905	1.5462075471878052
589	0.05840859189629555	0.11151961982250214	0.08099710941314697	0.08913398534059525	1.6260398626327515
590	0.059608060866594315	0.1116483062505722	0.08109736442565918	0.08642880618572235	1.7371987104415894
591	0.057686857879161835	0.11170552670955658	0.08123209327459335	0.08791378140449524	1.8508453369140625
592	0.0570756196975708	0.11174089461565018	0.08245684951543808	0.077065609395504	1.952501893043518
593	0.0516551211476326	0.11203072965145111	0.0837775468826294	0.07371391355991364	2.0139546394348145
594	0.04875107854604721	0.11228927969932556	0.08469128608703613	0.07237928360700607	1.9999847412109375
595	0.04669587314128876	0.11250609159469604	0.0855993926525116	0.06376379728317261	1.9232808351516724
596	0.04334963113069534	0.11276235431432724	0.08649981766939163	0.05721398815512657	1.8157962560653687
597	0.04175388067960739	0.11300794035196304	0.08692890405654907	0.048659685999155045	1.7121448516845703
598	0.043197423219680786	0.11305057257413864	0.08683706074953079	0.052422381937503815	1.6061912775039673
599	0.03374757245182991	0.11300639808177948	0.0872478261590004	0.04341939091682434	1.5084444284439087
600	0.024115324020385742	0.11295294761657715	0.08846721798181534	0.033749766647815704	1.4521484375
601	0.02478460967540741	0.11300668120384216	0.08941303938627243	0.031161969527602196	1.395800232887268
602	0.027361582964658737	0.11299892514944077	0.0906188115477562	0.034414369612932205	1.356083869934082
603	0.023820027709007263	0.11307656019926071	0.09128786623477936	0.029194312170147896	1.3354688882827759
604	0.026608673855662346	0.11311925947666168	0.0911945030093193	0.03775886818766594	1.331035852432251
605	0.031201418489217758	0.11325850337743759	0.0922912061214447	0.03743654116988182	1.34707510471344
606	0.036278869956731796	0.1134469211101532	0.09404653310775757	0.03018004819750786	1.3791805505752563
607	0.026616167277097702	0.11356522142887115	0.09529542177915573	0.026495303958654404	1.4239529371261597
608	0.027836447581648827	0.11349628865718842	0.09598376601934433	0.031681645661592484	1.478816270828247
609	0.03286129981279373	0.11347045004367828	0.09690449386835098	0.03423098474740982	1.5457775592803955
610	0.0364084355533123	0.11351022124290466	0.09754810482263565	0.030791351571679115	1.6215587854385376
611	0.03911617398262024	0.11364172399044037	0.09830790758132935	0.029882997274398804	1.7003438472747803
612	0.03828559070825577	0.11372393369674683	0.09856430441141129	0.028796616941690445	1.78468918800354
613	0.03189675509929657	0.1138557642698288	0.0994059294462204	0.03114776685833931	1.8766855001449585
614	0.031022191047668457	0.11385442316532135	0.09983086585998535	0.030983993783593178	1.9701675176620483
615	0.032871004194021225	0.11378921568393707	0.10015744715929031	0.030315037816762924	2.0329785346984863
616	0.036097925156354904	0.11361362785100937	0.10045403987169266	0.0321633443236351	2.051269054412842
617	0.04549197852611542	0.11328967660665512	0.10016673803329468	0.038117002695798874	2.027691125869751
618	0.050774216651916504	0.11289279162883759	0.09932903945446014	0.04051382467150688	1.962264060974121
619	0.048672426491975784	0.11256339401006699	0.09872577339410782	0.04763388633728027	1.8488439321517944
620	0.043986544013023376	0.11228453367948532	0.09833401441574097	0.05182178318500519	1.7361950874328613
621	0.05228263884782791	0.11237294226884842	0.09795455634593964	0.05642666295170784	1.6401400566101074
622	0.04936850816011429	0.11241545528173447	0.09692511707544327	0.06101879104971886	1.5558111667633057
623	0.0426815040409565	0.11250521242618561	0.09595996886491776	0.06641873717308044	1.4891424179077148
624	0.046637389808893204	0.11247316747903824	0.09427785873413086	0.06461161375045776	1.4401569366455078
625	0.045349735766649246	0.11239434778690338	0.09348396956920624	0.06244732439517975	1.3892390727996826
626	0.05088656023144722	0.1121596246957779	0.0926942229270935	0.06511294096708298	1.3452948331832886
627	0.05249001830816269	0.112020343542099	0.09228803217411041	0.07451491802930832	1.3204267024993896
628	0.05629729479551315	0.11197740584611893	0.09162098914384842	0.07492727786302567	1.3152745962142944
629	0.0556127168238163	0.11183089762926102	0.09093330055475235	0.0737408772110939	1.3321105241775513
630	0.04695980250835419	0.11170205473899841	0.0902145504951477	0.06519822776317596	1.369720220565796
631	0.0450117401778698	0.11157001554965973	0.08874718844890594	0.05503639951348305	1.4243367910385132
632	0.04114023968577385	0.11144261062145233	0.08770030736923218	0.04919242113828659	1.497128963470459
633	0.0371243916451931	0.11131581664085388	0.08597912639379501	0.04653346166014671	1.5850483179092407
634	0.037037286907434464	0.11115249246358871	0.08457773178815842	0.04701094701886177	1.7148256301879883
635	0.03408486768603325	0.11097526550292969	0.08256697654724121	0.05048876255750656	1.8522602319717407
636	0.035169567912817	0.11083078384399414	0.08093567937612534	0.048433493822813034	1.9970002174377441
637	0.039033059030771255	0.11070239543914795	0.07997643202543259	0.04298834875226021	2.117335796356201
638	0.04008018970489502	0.11056205630302429	0.07919333130121231	0.03505803644657135	2.2177510261535645
639	0.03544297069311142	0.1104908436536789	0.07879804074764252	0.032071303576231	2.2800042629241943
640	0.024428587406873703	0.11044579744338989	0.07844773679971695	0.02781072072684765	2.2570836544036865
641	0.020216958597302437	0.11044711619615555	0.07794611901044846	0.016441896557807922	2.165722370147705
642	0.018107948824763298	0.11043167114257812	0.07746078073978424	0.015149172395467758	2.0344767570495605
643	0.01833890564739704	0.11049100011587143	0.07634042948484421	0.013332508504390717	1.8983598947525024
644	0.018138213083148003	0.1105511412024498	0.07533059269189835	0.01288397703319788	1.76438570022583
645	0.026911279186606407	0.11065860837697983	0.0748811736702919	0.01672772690653801	1.6311980485916138
646	0.0266425758600235	0.11075474321842194	0.07410386949777603	0.028453253209590912	1.4977741241455078
647	0.026438822969794273	0.11083902418613434	0.07314982265233994	0.03390989080071449	1.3710774183273315
648	0.030016710981726646	0.11082524806261063	0.0718761757016182	0.04157838970422745	1.2580314874649048
649	0.034611959010362625	0.11090151220560074	0.07123391330242157	0.04746394604444504	1.1448509693145752
650	0.035059623420238495	0.11095874011516571	0.07041870057582855	0.049942031502723694	1.0509097576141357
651	0.04131019115447998	0.11085625737905502	0.06929586082696915	0.04788855463266373	0.9454768896102905
652	0.04207640141248703	0.11093281954526901	0.06904128938913345	0.04137725383043289	0.8452571630477905
653	0.039153698831796646	0.11097368597984314	0.06878967583179474	0.04303094744682312	0.7519903182983398
654	0.038030073046684265	0.11097811907529831	0.06913772970438004	0.04422955960035324	0.6925944089889526
655	0.03645319491624832	0.11101808398962021	0.06906483322381973	0.04681997746229172	0.6453948616981506
656	0.03410160541534424	0.1109778881072998	0.06867041438817978	0.043925173580646515	0.6200713515281677
657	0.0405537448823452	0.11102859675884247	0.06864297389984131	0.04704850912094116	0.6216260194778442
658	0.04246385022997856	0.11113180220127106	0.06851620227098465	0.0485713966190815	0.6453537344932556
659	0.04759693145751953	0.11121650785207748	0.0687885507941246	0.048585034906864166	0.698135256767273
660	0.043005794286727905	0.11126133799552917	0.06860430538654327	0.05702614784240723	0.7313029766082764
661	0.039184387773275375	0.11118876188993454	0.06760844588279724	0.06661960482597351	0.7516694664955139
662	0.03653178736567497	0.11108004301786423	0.06677140295505524	0.06812865287065506	0.7168742418289185
663	0.03888530284166336	0.11107005178928375	0.06615656614303589	0.07238893210887909	0.6214585304260254
664	0.04296001046895981	0.11096341162919998	0.06562332063913345	0.07209595292806625	0.5144647359848022
665	0.04184051975607872	0.11077987402677536	0.06571344286203384	0.0715559870004654	0.4743664264678955
666	0.04194806516170502	0.11060435324907303	0.06592726707458496	0.07048828899860382	0.4873984754085541
667	0.04480275511741638	0.1104724332690239	0.06635931879281998	0.06695352494716644	0.5728558897972107
668	0.044373977929353714	0.11042863130569458	0.06730766594409943	0.05612079054117203	0.6950440406799316
669	0.04440895840525627	0.11045050621032715	0.06802693754434586	0.0520053431391716	0.8361777067184448
670	0.03476892411708832	0.11047526448965073	0.06891573965549469	0.047852396965026855	0.9884884357452393
671	0.03012869879603386	0.11038710922002792	0.07006438076496124	0.050502754747867584	1.1311910152435303
672	0.027625080198049545	0.11032306402921677	0.07086542993783951	0.04227565973997116	1.277026653289795
673	0.024585029110312462	0.11027856916189194	0.07138210535049438	0.03406982123851776	1.4248472452163696
674	0.03329369053244591	0.1104113981127739	0.07170598208904266	0.03879933059215546	1.5690200328826904
675	0.02694324590265751	0.11060049384832382	0.07252244651317596	0.030803248286247253	1.7106603384017944
676	0.03184864670038223	0.11074694991111755	0.07238490879535675	0.022560663521289825	1.8525991439819336
677	0.023127073422074318	0.11085161566734314	0.07189963757991791	0.012805318459868431	2.010300397872925
678	0.02652527019381523	0.11089019477367401	0.07119480520486832	0.009748550131917	2.200352668762207
679	0.024426087737083435	0.11096787452697754	0.07079064846038818	0.01821049489080906	2.3912947177886963
680	0.019955044612288475	0.1110009104013443	0.07028215378522873	0.013070368207991123	2.58193039894104
681	0.0257224440574646	0.11108120530843735	0.07040049880743027	0.013014130294322968	2.7568907737731934
682	0.02534046769142151	0.11113156378269196	0.07054276764392853	0.016272015869617462	2.868682622909546
683	0.021779268980026245	0.11111708730459213	0.07128960639238358	0.02247154526412487	2.917724847793579
684	0.024301765486598015	0.11111565679311752	0.07202305644750595	0.02458050847053528	2.9118881225585938
685	0.025014255195856094	0.11115767061710358	0.07257061451673508	0.025601059198379517	2.8519539833068848
686	0.027400538325309753	0.11121200025081635	0.0733121931552887	0.021364649757742882	2.7170357704162598
687	0.02388492040336132	0.11116944253444672	0.07389451563358307	0.026573318988084793	2.5657405853271484
688	0.02522789128124714	0.11123551428318024	0.07378493994474411	0.026420678943395615	2.3913962841033936
689	0.02388029359281063	0.1113249883055687	0.07391611486673355	0.020197361707687378	2.217118740081787
690	0.019426563754677773	0.11134842783212662	0.07392708212137222	0.022492945194244385	2.043102979660034
691	0.024684906005859375	0.11133395880460739	0.07287105917930603	0.016757503151893616	1.8853857517242432
692	0.026100413873791695	0.1112120971083641	0.07224002480506897	0.014122449792921543	1.7283885478973389
693	0.031119700521230698	0.111111581325531	0.07271827757358551	0.01435923483222723	1.572939395904541
694	0.03580363467335701	0.11102673411369324	0.07332315295934677	0.017797693610191345	1.4246865510940552
695	0.03781202435493469	0.1109423041343689	0.07350675761699677	0.027447106316685677	1.2806864976882935
696	0.03524390980601311	0.11092151701450348	0.07346893846988678	0.04018322750926018	1.1386972665786743
697	0.04079892113804817	0.11072534322738647	0.07357805222272873	0.04799562320113182	0.9938907623291016
698	0.03981022164225578	0.1105564534664154	0.07442019134759903	0.05782626196742058	0.8484389185905457
699	0.04539830982685089	0.11043273657560349	0.07516845315694809	0.06429312378168106	0.7095714807510376
700	0.047945231199264526	0.11033543944358826	0.07604332268238068	0.06700172275304794	0.580590009689331
701	0.042677756398916245	0.11031454801559448	0.0771048441529274	0.07297864556312561	0.47763964533805847
702	0.0453982837498188	0.11036387830972672	0.07687316089868546	0.07845966517925262	0.405955970287323
703	0.045907486230134964	0.11042916774749756	0.07623162120580673	0.07706554979085922	0.3845374584197998
704	0.05211637541651726	0.11037811636924744	0.0755990520119667	0.06869756430387497	0.3973166346549988
705	0.05341902747750282	0.11033662408590317	0.07536590099334717	0.06325744837522507	0.40714147686958313
706	0.04850636422634125	0.1102888435125351	0.07466995716094971	0.07184935361146927	0.39174896478652954
707	0.0488550178706646	0.11030060797929764	0.07388364523649216	0.07407276332378387	0.3723859488964081
708	0.0444009006023407	0.11032792925834656	0.07347413897514343	0.07066906988620758	0.40526384115219116
709	0.048806559294462204	0.1104109138250351	0.07351360470056534	0.06637734174728394	0.4911388158798218
710	0.047683220356702805	0.11049284040927887	0.07339240610599518	0.0669381320476532	0.6077499985694885
711	0.03951575607061386	0.11059615015983582	0.07291952520608902	0.07554470002651215	0.7424459457397461
712	0.0437471978366375	0.11082806438207626	0.07291273027658463	0.07599835097789764	0.8867886662483215
713	0.05348488688468933	0.1108635812997818	0.07341884821653366	0.06992785632610321	1.0350068807601929
714	0.05913859233260155	0.11075039952993393	0.07326487451791763	0.06783938407897949	1.1856462955474854
715	0.04910467192530632	0.11063426733016968	0.07324794679880142	0.06504401564598083	1.3373775482177734
716	0.049092743545770645	0.11054936796426773	0.07349149137735367	0.06771242618560791	1.4916229248046875
717	0.05063414201140404	0.11051444709300995	0.07331500947475433	0.06972720474004745	1.6477060317993164
718	0.04631035029888153	0.11048638075590134	0.07354775816202164	0.06639722734689713	1.8057780265808105
719	0.047146234661340714	0.11044444888830185	0.07365777343511581	0.06807701289653778	1.9642648696899414
720	0.04712788760662079	0.11036266386508942	0.07370346784591675	0.05692034214735031	2.123579263687134
721	0.04785633087158203	0.11024214327335358	0.07368190586566925	0.04717855155467987	2.281964063644409
722	0.04049345850944519	0.11015526205301285	0.07401007413864136	0.044564906507730484	2.4415059089660645
723	0.0349397249519825	0.11015676707029343	0.07430827617645264	0.04757452383637428	2.601346731185913
724	0.03783731162548065	0.11013408750295639	0.07341048866510391	0.04498488828539848	2.761035442352295
725	0.03393886610865593	0.11018499732017517	0.07270901650190353	0.040403906255960464	2.9206221103668213
726	0.033156562596559525	0.11019500344991684	0.0724656730890274	0.03404872119426727	3.070039987564087
727	0.03440961241722107	0.11022017896175385	0.07240478694438934	0.032560449093580246	3.178919553756714
728	0.024336235597729683	0.11036106199026108	0.07185589522123337	0.02454010583460331	3.1973977088928223
729	0.022199634462594986	0.1105184480547905	0.07143782824277878	0.019832897931337357	3.135864496231079
730	0.020961377769708633	0.1105988472700119	0.07198841124773026	0.03595848008990288	3.0087194442749023
731	0.032157957553863525	0.11065854132175446	0.07232657074928284	0.050494592636823654	2.8489201068878174
732	0.03200697898864746	0.11073018610477448	0.07262508571147919	0.060517068952322006	2.6894302368164062
733	0.03783062845468521	0.11069355905056	0.07248779386281967	0.07169308513402939	2.530878782272339
734	0.040403544902801514	0.11064889281988144	0.07247970253229141	0.07313196361064911	2.3726370334625244
735	0.0505988672375679	0.11072546988725662	0.0722288265824318	0.06748972833156586	2.21417498588562
736	0.055457573384046555	0.11083193868398666	0.07174070924520493	0.07119178026914597	2.056199550628662
737	0.049992043524980545	0.11089295148849487	0.07017385214567184	0.07601277530193329	1.8985346555709839
738	0.051872167736291885	0.11093460768461227	0.06829367578029633	0.0807376578450203	1.7430082559585571
739	0.05679547041654587	0.11106506735086441	0.0662490725517273	0.06853259354829788	1.5917210578918457
740	0.05485733225941658	0.11131209135055542	0.06488607078790665	0.06626973301172256	1.4474461078643799
741	0.05324484035372734	0.11137015372514725	0.06428314745426178	0.06708668917417526	1.3084053993225098
742	0.05459778010845184	0.11140453070402145	0.06386815756559372	0.06795983761548996	1.1796200275421143
743	0.05162911117076874	0.11145979911088943	0.06365139782428741	0.0656619742512703	1.0663338899612427
744	0.045077163726091385	0.11144549399614334	0.0632985532283783	0.06168219447135925	0.9430455565452576
745	0.0417359359562397	0.11145870387554169	0.06369269639253616	0.05747184529900551	0.8281018733978271
746	0.03690800815820694	0.1114550232887268	0.0628889873623848	0.04584198817610741	0.7337937951087952
747	0.028150293976068497	0.11144833266735077	0.061996884644031525	0.03753620758652687	0.6894078254699707
748	0.024253563955426216	0.11144667863845825	0.060523103922605515	0.025914326310157776	0.7319696545600891
749	0.025653865188360214	0.11146708577871323	0.05949460715055466	0.025401394814252853	0.8179363012313843
750	0.028821859508752823	0.11161734908819199	0.05890930816531181	0.030563151463866234	0.9098206162452698
751	0.027324741706252098	0.11165513098239899	0.05931434407830238	0.03166453540325165	0.9726186394691467
752	0.03130168840289116	0.1116383746266365	0.05889862775802612	0.02671617455780506	1.0464887619018555
753	0.0313289649784565	0.11162698268890381	0.05835733935236931	0.02704247087240219	1.1441959142684937
754	0.039758481085300446	0.11159893870353699	0.05777860805392265	0.02281755581498146	1.2441800832748413
755	0.03840285912156105	0.11163648962974548	0.05639968812465668	0.02383829466998577	1.3405065536499023
756	0.03948000445961952	0.11173755675554276	0.05535106360912323	0.025080423802137375	1.4535077810287476
757	0.03346416354179382	0.11193351447582245	0.0554477795958519	0.029272349551320076	1.5824288129806519
758	0.032840073108673096	0.1121678575873375	0.05599620193243027	0.02379302680492401	1.736457109451294
759	0.03569375351071358	0.11231470108032227	0.056724101305007935	0.027235716581344604	1.8934656381607056
760	0.03207732364535332	0.11249873042106628	0.058130569756031036	0.02519121952354908	2.056276798248291
761	0.03388608992099762	0.11254314333200455	0.05910448357462883	0.024583443999290466	2.203577995300293
762	0.028673261404037476	0.1124776303768158	0.05982791632413864	0.029616957530379295	2.337977170944214
763	0.02827313542366028	0.11229129880666733	0.06078396365046501	0.03748904541134834	2.476857900619507
764	0.02460172027349472	0.11205238848924637	0.061594922095537186	0.033694252371788025	2.606813669204712
765	0.023227298632264137	0.11196013540029526	0.0624503456056118	0.01797475293278694	2.7248477935791016
766	0.026609020307660103	0.11193375289440155	0.06268439441919327	0.016232891008257866	2.845712423324585
767	0.03979835286736488	0.1117495447397232	0.062254104763269424	0.01842479035258293	2.974594831466675
768	0.04575345292687416	0.1114283949136734	0.06183209270238876	0.02062246762216091	3.113588571548462
769	0.03986998274922371	0.1111970990896225	0.061351340264081955	0.02720683254301548	3.256754159927368
770	0.03755652904510498	0.11110912263393402	0.06200197711586952	0.031447090208530426	3.3851404190063477
771	0.047419775277376175	0.1108631044626236	0.06234021112322807	0.02920302003622055	3.469169855117798
772	0.047872815281152725	0.11078702658414841	0.06222876161336899	0.026247743517160416	3.48490309715271
773	0.03966537490487099	0.11095727980136871	0.06219624727964401	0.034708842635154724	3.4382505416870117
774	0.04383052513003349	0.11112195253372192	0.0628838911652565	0.03457086905837059	3.3435847759246826
775	0.038375817239284515	0.11114786565303802	0.064188152551651	0.03598500043153763	3.2095398902893066
776	0.041519951075315475	0.11103888601064682	0.06544937938451767	0.03162280470132828	3.07376766204834
777	0.05595741048455238	0.1109268069267273	0.06559641659259796	0.03215576708316803	2.9588916301727295
778	0.06587264686822891	0.11070491373538971	0.06522268801927567	0.02750331722199917	2.8543241024017334
779	0.06146347150206566	0.11060945689678192	0.06514615565538406	0.027316898107528687	2.7522706985473633
780	0.05146742984652519	0.11054357886314392	0.06560013443231583	0.018770065158605576	2.658576488494873
781	0.04170077666640282	0.11032646894454956	0.06689324229955673	0.01835276186466217	2.5678811073303223
782	0.045660875737667084	0.11022733896970749	0.06735047698020935	0.020935215055942535	2.477363109588623
783	0.04294642060995102	0.11026358604431152	0.06761695444583893	0.025263601914048195	2.405902147293091
784	0.03428836539387703	0.11032430082559586	0.06772536039352417	0.042913008481264114	2.3433585166931152
785	0.03994254395365715	0.11047114431858063	0.06821727752685547	0.0449281707406044	2.2621328830718994
786	0.04385724291205406	0.11054607480764389	0.06826487928628922	0.05310763791203499	2.19393253326416
787	0.05244092270731926	0.11067410558462143	0.06859831511974335	0.05275695025920868	2.129798173904419
788	0.06034198775887489	0.11081432551145554	0.0694391056895256	0.048992086201906204	2.087441921234131
789	0.05071626976132393	0.11102169752120972	0.07004240155220032	0.05692101642489433	2.057129144668579
790	0.03634505346417427	0.11117976903915405	0.07041934877634048	0.04336022585630417	2.03810715675354
791	0.040288735181093216	0.11100780218839645	0.0700155720114708	0.047304678708314896	2.000415802001953
792	0.038555193692445755	0.1109427884221077	0.06961941719055176	0.041952937841415405	1.9696474075317383
793	0.039815157651901245	0.11085242033004761	0.06935285776853561	0.03985144570469856	1.9483071565628052
794	0.04017563536763191	0.11074551194906235	0.06922709941864014	0.043100595474243164	1.938292384147644
795	0.04359937459230423	0.11064577102661133	0.06951174885034561	0.03736095130443573	1.9384665489196777
796	0.03875796124339104	0.11056903749704361	0.0700453445315361	0.03410813584923744	1.9557965993881226
797	0.0300240907818079	0.11044730991125107	0.07009148597717285	0.0272513534873724	1.996809720993042
798	0.024863313883543015	0.11030974239110947	0.06975456327199936	0.019834134727716446	2.0377299785614014
799	0.026715656742453575	0.11019812524318695	0.06915515661239624	0.01756112463772297	2.0935890674591064
800	0.030308624729514122	0.11012914031744003	0.06864504516124725	0.01185622625052929	2.163264751434326
801	0.025190412998199463	0.11003836244344711	0.06928292661905289	0.011064049787819386	2.2312936782836914
802	0.03040280193090439	0.11008837074041367	0.07057609409093857	0.012501660734415054	2.3110947608947754
803	0.032508596777915955	0.11010422557592392	0.07117714732885361	0.02568938210606575	2.399779796600342
804	0.035869061946868896	0.11004025489091873	0.07218822836875916	0.022545119747519493	2.4840903282165527
805	0.03612016141414642	0.10984089225530624	0.07262427359819412	0.029675664380192757	2.5917787551879883
806	0.03506138175725937	0.10970710217952728	0.07284501940011978	0.02859497256577015	2.7058043479919434
807	0.03762919828295708	0.10966973006725311	0.07318489998579025	0.025014858692884445	2.8247787952423096
808	0.04971270263195038	0.10983773320913315	0.07577279955148697	0.021360207349061966	2.9493606090545654
809	0.04870951175689697	0.11003720760345459	0.07823987305164337	0.019261937588453293	3.076246500015259
810	0.035087186843156815	0.11022276431322098	0.08011718094348907	0.025965629145503044	3.1962738037109375
811	0.03583361580967903	0.1101379245519638	0.07865960150957108	0.030870219692587852	3.302680253982544
812	0.03556451573967934	0.11010176688432693	0.0777990072965622	0.030147159472107887	3.355031728744507
813	0.03480546921491623	0.11005193740129471	0.07752522826194763	0.03396814689040184	3.3782846927642822
814	0.026550352573394775	0.10990290343761444	0.07574661076068878	0.0303444005548954	3.376880168914795
815	0.022072691470384598	0.10980207473039627	0.07429378479719162	0.02810564823448658	3.3318960666656494
816	0.02249542437493801	0.10980307310819626	0.07320968061685562	0.026469537988305092	3.2265024185180664
817	0.02406543307006359	0.1098933070898056	0.07248947024345398	0.02124655619263649	3.085284948348999
818	0.02733825147151947	0.11000718176364899	0.07133954763412476	0.02168220840394497	2.947749614715576
819	0.024555515497922897	0.11008405685424805	0.070481076836586	0.025273535400629044	2.8147871494293213
820	0.022248953580856323	0.11018020659685135	0.06994082033634186	0.02584677003324032	2.6866321563720703
821	0.029773512855172157	0.11020070314407349	0.0701417624950409	0.029732272028923035	2.5627243518829346
822	0.029321154579520226	0.11022069305181503	0.07025454193353653	0.03139486163854599	2.4249842166900635
823	0.030812010169029236	0.11017988622188568	0.07036914676427841	0.03732558712363243	2.3012781143188477
824	0.03187067061662674	0.11013809591531754	0.07063845545053482	0.03723761439323425	2.1760165691375732
825	0.03885340690612793	0.11010496318340302	0.0711238831281662	0.04203343763947487	2.057157039642334
826	0.047415561974048615	0.10997135192155838	0.07189611345529556	0.05698489025235176	1.9517239332199097
827	0.04687301442027092	0.10979320853948593	0.0725863128900528	0.05580561235547066	1.8514161109924316
828	0.036570411175489426	0.10979050397872925	0.0732392817735672	0.05651279538869858	1.7401002645492554
829	0.04252241179347038	0.10998896509408951	0.07407040894031525	0.052824899554252625	1.6396453380584717
830	0.04236908629536629	0.1102098599076271	0.0742303803563118	0.05033659189939499	1.550747036933899
831	0.04197064787149429	0.11046139150857925	0.07431228458881378	0.054096248000860214	1.4658821821212769
832	0.04354676231741905	0.11078125238418579	0.07505583763122559	0.0612037368118763	1.3846803903579712
833	0.04613558575510979	0.11103855818510056	0.0757850781083107	0.05929713323712349	1.3182047605514526
834	0.05421702191233635	0.11130379140377045	0.07668745517730713	0.060147736221551895	1.2513731718063354
835	0.054823797196149826	0.11161218583583832	0.07780129462480545	0.058127302676439285	1.1880422830581665
836	0.050293516367673874	0.11189667135477066	0.078497976064682	0.04805753007531166	1.1119321584701538
837	0.04064793884754181	0.11221937835216522	0.07895620167255402	0.04101065918803215	1.0035887956619263
838	0.029467269778251648	0.11249484121799469	0.07901987433433533	0.034248240292072296	0.8737991452217102
839	0.02852211892604828	0.11277436465024948	0.07994375377893448	0.025285188108682632	0.7359060645103455
840	0.044537100940942764	0.11308535188436508	0.0809076800942421	0.016348479315638542	0.6454334259033203
841	0.04955160617828369	0.11348945647478104	0.08118780702352524	0.02057240717113018	0.6423527002334595
842	0.031403977423906326	0.11382590979337692	0.08158513903617859	0.01369111891835928	0.7077532410621643
843	0.018012870103120804	0.11413248628377914	0.08207568526268005	0.007944636978209019	0.8160116076469421
844	0.016336714848876	0.11420917510986328	0.08239626884460449	0.006871024612337351	0.9484999775886536
845	0.020672112703323364	0.1141798198223114	0.08247751742601395	0.0067589241079986095	1.0881357192993164
846	0.017619537189602852	0.11411961913108826	0.08260733634233475	0.00455847941339016	1.2338061332702637
847	0.02046160213649273	0.1140788272023201	0.08258454501628876	0.008053448051214218	1.3837021589279175
848	0.023738157004117966	0.11390914767980576	0.0818943977355957	0.009607663378119469	1.5348871946334839
849	0.026942161843180656	0.11374012380838394	0.08114638179540634	0.010217669419944286	1.6871461868286133
850	0.030625436455011368	0.11376053839921951	0.08152958005666733	0.010262644849717617	1.8429527282714844
851	0.030669424682855606	0.11360383033752441	0.07973732054233551	0.020321756601333618	1.9985259771347046
852	0.025794552639126778	0.11351095885038376	0.07862529158592224	0.02391071245074272	2.1555747985839844
853	0.03252562880516052	0.11348770558834076	0.07847698777914047	0.026328017935156822	2.3141820430755615
854	0.0347462072968483	0.11340553313493729	0.07779388129711151	0.038962870836257935	2.471829652786255
855	0.040250133723020554	0.11330942809581757	0.07774890214204788	0.05192064866423607	2.6075050830841064
856	0.04784153774380684	0.11323883384466171	0.07767662405967712	0.06394807994365692	2.6924562454223633
857	0.0529702827334404	0.11305345594882965	0.07759704440832138	0.08268863707780838	2.7233166694641113
858	0.05750623717904091	0.11273356527090073	0.07785364985466003	0.09213005006313324	2.6861138343811035
859	0.06307204812765121	0.11254952847957611	0.07881167531013489	0.09226328134536743	2.5831618309020996
860	0.059514980763196945	0.11244706809520721	0.08000562340021133	0.09801790863275528	2.4360527992248535
861	0.05420305207371712	0.11238694190979004	0.0803816169500351	0.09911759197711945	2.2781243324279785
862	0.05846811458468437	0.11244489997625351	0.08064567297697067	0.09274926036596298	2.1218268871307373
863	0.06314035505056381	0.11251100152730942	0.08145701140165329	0.08490904420614243	1.9668570756912231
864	0.056434981524944305	0.11264918744564056	0.08162448555231094	0.08877380192279816	1.8124401569366455
865	0.050448983907699585	0.11283477395772934	0.08216021209955215	0.09492480009794235	1.6609430313110352
866	0.05614167079329491	0.11300114542245865	0.08287941664457321	0.09140254557132721	1.5119625329971313
867	0.059349529445171356	0.11311902105808258	0.08337654918432236	0.08129356056451797	1.3683125972747803
868	0.06316441297531128	0.11324486136436462	0.08316618949174881	0.07823199778795242	1.2387843132019043
869	0.06508137285709381	0.11320723593235016	0.0833851769566536	0.07749351114034653	1.121036171913147
870	0.05927477777004242	0.11303440481424332	0.08329962939023972	0.07578492909669876	1.0148688554763794
871	0.05390257388353348	0.11278588324785233	0.08252693712711334	0.06530113518238068	0.912056028842926
872	0.05468089133501053	0.1124514490365982	0.0817711353302002	0.05265020206570625	0.8135616779327393
873	0.06107871234416962	0.11187099665403366	0.0815010666847229	0.05331985652446747	0.7344605326652527
874	0.06326215714216232	0.11114200949668884	0.08209868520498276	0.05230993032455444	0.6909924745559692
875	0.06379862129688263	0.11044604331254959	0.08315356075763702	0.04933210462331772	0.6877256631851196
876	0.05779910832643509	0.10974621772766113	0.0841139629483223	0.04977273568511009	0.7090409994125366
877	0.05884643271565437	0.10914362967014313	0.08428636938333511	0.05387623608112335	0.7385181784629822
878	0.053438469767570496	0.10879001021385193	0.08419327437877655	0.0551273375749588	0.7942565083503723
879	0.0527288019657135	0.10870374739170074	0.08389199525117874	0.06477745622396469	0.8515698909759521
880	0.07177956402301788	0.1088000237941742	0.08270393311977386	0.07945747673511505	0.9209815859794617
881	0.09541722387075424	0.10984498262405396	0.08122245222330093	0.0925404354929924	0.9992437958717346
882	0.08489736914634705	0.1107625812292099	0.07996613532304764	0.08486464619636536	1.1283437013626099
883	0.08761744201183319	0.11144718527793884	0.07938259840011597	0.08477198332548141	1.2682913541793823
884	0.08655066043138504	0.11189855635166168	0.07878050953149796	0.08486494421958923	1.4178285598754883
885	0.07687200605869293	0.11219865828752518	0.07858461886644363	0.0926109179854393	1.5712165832519531
886	0.07221076637506485	0.11229211091995239	0.07822561264038086	0.0928524062037468	1.7319597005844116
887	0.06307697296142578	0.11208440363407135	0.07819044589996338	0.09925992041826248	1.8901751041412354
888	0.06839505583047867	0.11174177378416061	0.07811997830867767	0.1121148020029068	2.0518405437469482
889	0.0722256749868393	0.11127447336912155	0.07884801924228668	0.12624703347682953	2.2052407264709473
890	0.07806432247161865	0.11083319038152695	0.08001521229743958	0.121909961104393	2.36708927154541
891	0.08109551668167114	0.11050651967525482	0.08002589643001556	0.12042628973722458	2.500502347946167
892	0.08245840668678284	0.11034459620714188	0.08100726455450058	0.121870256960392	2.6546976566314697
893	0.090017169713974	0.11033929884433746	0.08243740350008011	0.12730365991592407	2.802525043487549
894	0.09184753149747849	0.11054930090904236	0.08389881253242493	0.12650953233242035	2.946932315826416
895	0.087391197681427	0.11070312559604645	0.08328697085380554	0.11696985363960266	3.0897560119628906
896	0.09359648078680038	0.11067786067724228	0.0824865996837616	0.1121344342827797	3.235988140106201
897	0.09684886038303375	0.11078938841819763	0.08224660903215408	0.11309988051652908	3.381296157836914
898	0.08372492343187332	0.11102759838104248	0.08186442404985428	0.11783944815397263	3.4642200469970703
899	0.07939833402633667	0.11123362928628922	0.08182094246149063	0.11385843902826309	3.5072977542877197
900	0.07722467184066772	0.11133013665676117	0.08137281984090805	0.10608014464378357	3.4821815490722656
901	0.07143210619688034	0.11126945912837982	0.08090665936470032	0.10583234578371048	3.3814196586608887
902	0.07128892093896866	0.11123783141374588	0.08040443807840347	0.10978875309228897	3.255737543106079
903	0.06897629797458649	0.11130523681640625	0.08046592772006989	0.1091732531785965	3.1317293643951416
904	0.07255063951015472	0.1114727258682251	0.0804314836859703	0.10167841613292694	3.0107805728912354
905	0.06761230528354645	0.11158401519060135	0.08055391162633896	0.09418094158172607	2.8933615684509277
906	0.06022746488451958	0.11156517267227173	0.08035579323768616	0.08666136860847473	2.7609825134277344
907	0.05696067214012146	0.11157902330160141	0.08025678247213364	0.08628402650356293	2.6472342014312744
908	0.0528695173561573	0.11166533827781677	0.07969831675291061	0.08399156481027603	2.537973642349243
909	0.05557404085993767	0.11171463876962662	0.07900109142065048	0.08111030608415604	2.4364264011383057
910	0.05878988280892372	0.1117611974477768	0.07842105627059937	0.08018063753843307	2.3436279296875
911	0.05931759998202324	0.11161665618419647	0.07813973724842072	0.07897774130105972	2.2587485313415527
912	0.05739041417837143	0.11147918552160263	0.07847759872674942	0.07294858992099762	2.1822354793548584
913	0.05373847484588623	0.11124229431152344	0.07832366973161697	0.06893127411603928	2.1165201663970947
914	0.051004160195589066	0.11102437227964401	0.0781157836318016	0.06934365630149841	2.0670790672302246
915	0.048488229513168335	0.11089219152927399	0.07844046503305435	0.06781134754419327	2.0255181789398193
916	0.046280812472105026	0.11074413359165192	0.07821971923112869	0.06779167056083679	1.9950388669967651
917	0.04442412778735161	0.11062699556350708	0.07728280127048492	0.06257075816392899	1.9783176183700562
918	0.0414494127035141	0.11056704074144363	0.07691261172294617	0.06199844926595688	1.9688363075256348
919	0.04267129302024841	0.11061882972717285	0.07684649527072906	0.06021684408187866	1.9668055772781372
920	0.03666779398918152	0.11073225736618042	0.07677043974399567	0.05409161001443863	1.9472870826721191
921	0.0349474661052227	0.1107393428683281	0.07641193270683289	0.04894483834505081	1.939652681350708
922	0.03888075798749924	0.11075878143310547	0.0755612701177597	0.04179932549595833	1.9302806854248047
923	0.03790578618645668	0.11074992269277573	0.07522524893283844	0.04870196804404259	1.9270917177200317
924	0.04072142764925957	0.11078662425279617	0.07444285601377487	0.048731476068496704	1.9376887083053589
925	0.04085654020309448	0.11077625304460526	0.07397395372390747	0.053404342383146286	1.9603379964828491
926	0.03557440638542175	0.11071573942899704	0.07357245683670044	0.04844189062714577	1.984018087387085
927	0.03601861000061035	0.11069904267787933	0.07338932901620865	0.04339199140667915	2.018535852432251
928	0.03189153969287872	0.110623300075531	0.07264415174722672	0.04489348083734512	2.067528247833252
929	0.03458318114280701	0.11050764471292496	0.07167817652225494	0.04370871186256409	2.1297483444213867
930	0.03514133393764496	0.1105443686246872	0.07082816958427429	0.044857826083898544	2.2031497955322266
931	0.039038024842739105	0.11058920621871948	0.07006509602069855	0.04757871851325035	2.285344362258911
932	0.039355091750621796	0.11069773137569427	0.06985078006982803	0.052051931619644165	2.3778798580169678
933	0.041732046753168106	0.11073367297649384	0.06965985149145126	0.05462285131216049	2.479581356048584
934	0.04234248027205467	0.11085498332977295	0.07003895193338394	0.05432268604636192	2.5878098011016846
935	0.04575589671730995	0.11106815189123154	0.0704253688454628	0.05514421686530113	2.6936933994293213
936	0.058938395231962204	0.11125833541154861	0.07024885714054108	0.04999496415257454	2.8028647899627686
937	0.06428561359643936	0.11139039695262909	0.0693802610039711	0.054652534425258636	2.9180169105529785
938	0.055105503648519516	0.11146246641874313	0.06866831332445145	0.062382280826568604	3.03894305229187
939	0.048396557569503784	0.11150302737951279	0.06838524341583252	0.06966210156679153	3.165540933609009
940	0.0458042211830616	0.11159230768680573	0.06815420091152191	0.06678644567728043	3.2930102348327637
941	0.04475902393460274	0.11170630156993866	0.06815066188573837	0.07115916162729263	3.3631672859191895
942	0.04749149829149246	0.11185301840305328	0.06866396963596344	0.07090239971876144	3.3766732215881348
943	0.055783603340387344	0.11202418804168701	0.06968443095684052	0.07166509330272675	3.3458383083343506
944	0.061310622841119766	0.11208473145961761	0.06954900175333023	0.06870637089014053	3.2537190914154053
945	0.04759485274553299	0.11205290257930756	0.0689500942826271	0.0684053897857666	3.1231555938720703
946	0.04503555968403816	0.11204992979764938	0.06893140077590942	0.06290499120950699	2.997551918029785
947	0.04456253722310066	0.112247034907341	0.07026078552007675	0.06254640966653824	2.8779873847961426
948	0.04513666033744812	0.1123771145939827	0.07107941806316376	0.05378102511167526	2.762967824935913
949	0.04207568243145943	0.11254241317510605	0.07213371992111206	0.05050509050488472	2.650207757949829
950	0.04332970455288887	0.11262514442205429	0.07278165966272354	0.04879642277956009	2.5448391437530518
951	0.03677292540669441	0.11260253936052322	0.07295984029769897	0.04422415420413017	2.446404218673706
952	0.02912241779267788	0.11254376173019409	0.07305217534303665	0.04763869568705559	2.356626272201538
953	0.03517807647585869	0.11247438192367554	0.07303337007761002	0.03863052278757095	2.253225326538086
954	0.026367614045739174	0.11251651495695114	0.07385138422250748	0.03650675714015961	2.174093008041382
955	0.026458844542503357	0.11260375380516052	0.07454540580511093	0.03286745399236679	2.107154607772827
956	0.02509833499789238	0.11269944906234741	0.07512232661247253	0.026333719491958618	2.0527358055114746
957	0.024929355829954147	0.11273865401744843	0.07551044225692749	0.020714109763503075	2.0123651027679443
958	0.03281186893582344	0.11284011602401733	0.07663819938898087	0.017322076484560966	1.9525550603866577
959	0.027964945882558823	0.11299189925193787	0.07735292613506317	0.016522685065865517	1.9016369581222534
960	0.02759448066353798	0.11308489739894867	0.07747790962457657	0.02011527307331562	1.8667573928833008
961	0.026107773184776306	0.11310280859470367	0.07755026966333389	0.03055291436612606	1.846878170967102
962	0.02943643182516098	0.11302019655704498	0.07745915651321411	0.029222294688224792	1.8349703550338745
963	0.03579816594719887	0.1130552738904953	0.0781465694308281	0.03292905539274216	1.8277463912963867
964	0.031096145510673523	0.1131463274359703	0.0785423070192337	0.041885700076818466	1.8385266065597534
965	0.02828557789325714	0.11305151879787445	0.0781790092587471	0.03607816621661186	1.856029987335205
966	0.0239261481910944	0.11299405992031097	0.07811738550662994	0.03133134916424751	1.8742822408676147
967	0.025336792692542076	0.11296169459819794	0.07811953127384186	0.02557801641523838	1.900384783744812
968	0.029922019690275192	0.11294306814670563	0.07821530103683472	0.02695656567811966	1.9360398054122925
969	0.03005030006170273	0.11290057748556137	0.07839219272136688	0.02391638234257698	1.9721304178237915
970	0.02592235803604126	0.11297325789928436	0.0792398676276207	0.019772373139858246	1.9940181970596313
971	0.0252546239644289	0.1130496934056282	0.0802161693572998	0.018315168097615242	2.0263752937316895
972	0.025807945057749748	0.11300579458475113	0.08019658178091049	0.015187307260930538	2.073575258255005
973	0.019324634224176407	0.11292730271816254	0.08064597845077515	0.018823569640517235	2.140782356262207
974	0.01971554569900036	0.112848661839962	0.08079714328050613	0.01824267953634262	2.218501091003418
975	0.023607926443219185	0.11272575706243515	0.08043162524700165	0.0074455710127949715	2.305605888366699
976	0.02950035221874714	0.11257609724998474	0.08009415864944458	0.006912668701261282	2.4027814865112305
977	0.0326385535299778	0.11236342787742615	0.08016906678676605	0.017002426087856293	2.5052595138549805
978	0.03225881978869438	0.11229334771633148	0.08038139343261719	0.034127380698919296	2.608999252319336
979	0.041865814477205276	0.11225246638059616	0.08044545352458954	0.043307479470968246	2.71909761428833
980	0.04433513805270195	0.11236311495304108	0.08067319542169571	0.04523829370737076	2.835397958755493
981	0.04252224788069725	0.11249735206365585	0.08076279610395432	0.051634613424539566	2.9585163593292236
982	0.03950341418385506	0.11267459392547607	0.08112417906522751	0.05181290954351425	3.0796496868133545
983	0.04136676713824272	0.11277848482131958	0.08137547224760056	0.0495336540043354	3.1665022373199463
984	0.04579063132405281	0.11282981932163239	0.08170170336961746	0.044534146785736084	3.1886565685272217
985	0.04015621915459633	0.11276386678218842	0.08218581229448318	0.02619847282767296	3.1808853149414062
986	0.03759974241256714	0.1127098947763443	0.0820591077208519	0.025540608912706375	3.100168228149414
987	0.04150709509849548	0.11261268705129623	0.08187629282474518	0.019182756543159485	2.959912061691284
988	0.047000449150800705	0.11238392442464828	0.08128819614648819	0.013923995196819305	2.791454792022705
989	0.04259065166115761	0.11221673339605331	0.08119857311248779	0.01850726269185543	2.625784158706665
990	0.029483530670404434	0.11205613613128662	0.08163364976644516	0.02450031228363514	2.4620275497436523
991	0.0204481091350317	0.1120866909623146	0.08135224878787994	0.025926584377884865	2.311102867126465
992	0.025202730670571327	0.11209503561258316	0.0812845304608345	0.03444388881325722	2.1653738021850586
993	0.027197323739528656	0.11214837431907654	0.08126791566610336	0.03786950185894966	2.008925199508667
994	0.02855842374265194	0.11219195276498795	0.08094784617424011	0.04415794834494591	1.8484514951705933
995	0.030795780941843987	0.11213874816894531	0.08012337982654572	0.04247685521841049	1.7011820077896118
996	0.023856988176703453	0.11212031543254852	0.07941829413175583	0.03955933079123497	1.5576322078704834
997	0.03445515036582947	0.112081378698349	0.07851086556911469	0.03996545076370239	1.4193665981292725
998	0.044779110699892044	0.11167218536138535	0.07630372047424316	0.03811134025454521	1.2647467851638794
999	0.04557979851961136	0.11135270446538925	0.07482156157493591	0.029833488166332245	1.1214157342910767
1000	0.896129310131073	0.06234324723482132	0.14136815071105957	0.5431463122367859	0.34015530347824097
1001	1.006721019744873	0.06312153488397598	0.15717089176177979	0.6738448143005371	0.565802812576294
1002	1.0199946165084839	0.06560952961444855	0.1652909517288208	0.827422559261322	0.7514773607254028
1003	1.1319806575775146	0.07216079533100128	0.1766115128993988	0.9823827743530273	0.9422599673271179
1004	1.2288837432861328	0.08316993713378906	0.19234029948711395	1.1103980541229248	1.1087639331817627
1005	1.1690565347671509	0.09620120376348495	0.19095420837402344	1.0545482635498047	1.2060108184814453
1006	1.0935642719268799	0.10893145948648453	0.19105838239192963	1.038245439529419	1.303804636001587
1007	0.7420136332511902	0.11543785780668259	0.1819554567337036	0.7283141016960144	1.3719592094421387
1008	0.5513743758201599	0.11660350859165192	0.17857690155506134	0.6104359030723572	1.4019500017166138
1009	0.41165488958358765	0.11580004543066025	0.1707720309495926	0.5713177919387817	1.4297128915786743
1010	0.4066498577594757	0.114687979221344	0.1581072211265564	0.5302603244781494	1.384491205215454
1011	0.3633977770805359	0.1143784150481224	0.1437949240207672	0.49512720108032227	1.3211679458618164
1012	0.33788585662841797	0.11450130492448807	0.13367970287799835	0.4399383068084717	1.3204379081726074
1013	0.2990611791610718	0.11413171142339706	0.1263698935508728	0.39457425475120544	1.3470102548599243
1014	0.26309821009635925	0.11383785307407379	0.11883432418107986	0.35589489340782166	1.3581682443618774
1015	0.2244505137205124	0.1147552952170372	0.11360856890678406	0.32458972930908203	1.3723341226577759
1016	0.20743073523044586	0.11640617251396179	0.11210615187883377	0.2750651240348816	1.4103111028671265
1017	0.19271859526634216	0.11774476617574692	0.11258038878440857	0.22378841042518616	1.4674904346466064
1018	0.16565680503845215	0.11844223737716675	0.11251027137041092	0.181863933801651	1.5428828001022339
1019	0.1403064727783203	0.11878107488155365	0.11212626844644547	0.14656926691532135	1.6118985414505005
1020	0.1161130890250206	0.11880964785814285	0.11342081427574158	0.1022091880440712	1.6676700115203857
1021	0.10703852027654648	0.11806249618530273	0.1138736829161644	0.0847494900226593	1.6993764638900757
1022	0.09487811475992203	0.11676871031522751	0.1124696135520935	0.07952145487070084	1.7283680438995361
1023	0.10179371386766434	0.11536966264247894	0.11179660260677338	0.0844896137714386	1.7624218463897705
1024	0.11334609985351562	0.11365188658237457	0.11075462400913239	0.0948919877409935	1.804588794708252
1025	0.0852307453751564	0.11211360991001129	0.10991768538951874	0.08309395611286163	1.8371161222457886
1026	0.06679779291152954	0.1110890805721283	0.10849625617265701	0.06463626772165298	1.883455753326416
1027	0.05266786739230156	0.11061324179172516	0.10646883398294449	0.0633162409067154	1.9456831216812134
1028	0.07184776663780212	0.11083100736141205	0.10404767096042633	0.06619621813297272	2.0238795280456543
1029	0.11552169173955917	0.11190623044967651	0.10021698474884033	0.09761619567871094	2.1105356216430664
1030	0.14754901826381683	0.1139739379286766	0.09678255766630173	0.14101485908031464	2.167248010635376
1031	0.14566411077976227	0.11637886613607407	0.09444434195756912	0.1438276320695877	2.2435028553009033
1032	0.12353667616844177	0.11803869158029556	0.0936899185180664	0.10170198231935501	2.32311749458313
1033	0.11986591666936874	0.11880835890769958	0.09071584790945053	0.08041295409202576	2.40434193611145
1034	0.11468011140823364	0.11945030093193054	0.08745676279067993	0.07557285577058792	2.4913671016693115
1035	0.09584073722362518	0.1198611706495285	0.08499637991189957	0.06774201989173889	2.592003345489502
1036	0.07745776325464249	0.1199275404214859	0.08341091871261597	0.06711995601654053	2.6972622871398926
1037	0.08211037516593933	0.11984459310770035	0.08236762136220932	0.07054383307695389	2.7882516384124756
1038	0.0694362074136734	0.11970669776201248	0.08235394209623337	0.07661192864179611	2.8769428730010986
1039	0.07483343034982681	0.11933469027280807	0.08200333267450333	0.08783220499753952	2.904136896133423
1040	0.08313053846359253	0.11887554079294205	0.08151821792125702	0.09681709855794907	2.893224000930786
1041	0.08514437824487686	0.11830367892980576	0.07958809286355972	0.11916074901819229	2.8543384075164795
1042	0.08360657095909119	0.11804594099521637	0.07881584018468857	0.12405777722597122	2.741975784301758
1043	0.07720805704593658	0.11802606284618378	0.07842189073562622	0.12498616427183151	2.5929672718048096
1044	0.07878021895885468	0.11782659590244293	0.07759422808885574	0.12218142300844193	2.434382200241089
1045	0.07729806751012802	0.11762645095586777	0.07698146253824234	0.1250242441892624	2.29579496383667
1046	0.0784914419054985	0.11740277707576752	0.076551154255867	0.12486332654953003	2.157296657562256
1047	0.08289946615695953	0.11714598536491394	0.07544710487127304	0.12426521629095078	2.0201406478881836
1048	0.08324617892503738	0.1169610247015953	0.07469560950994492	0.12257367372512817	1.888329267501831
1049	0.08601459860801697	0.11680889129638672	0.07374884933233261	0.12052259594202042	1.758934736251831
1050	0.08924398571252823	0.11658942699432373	0.07206656038761139	0.1235995665192604	1.6325150728225708
1051	0.0923294723033905	0.11625558882951736	0.06992670893669128	0.12543481588363647	1.5202584266662598
1052	0.09259768575429916	0.11598295718431473	0.06846167147159576	0.12192682176828384	1.4236130714416504
1053	0.09710106253623962	0.11565941572189331	0.06685812771320343	0.11277014017105103	1.3302115201950073
1054	0.0914539024233818	0.11529334634542465	0.06553244590759277	0.10954121500253677	1.2309107780456543
1055	0.07951731979846954	0.11501157283782959	0.0650332048535347	0.116477370262146	1.1720819473266602
1056	0.07903675734996796	0.11478318274021149	0.06477971374988556	0.11395307630300522	1.130088210105896
1057	0.07859273254871368	0.11460472643375397	0.06499458849430084	0.1125435009598732	1.104530930519104
1058	0.07643800228834152	0.11446332931518555	0.06556457281112671	0.11120902001857758	1.0819302797317505
1059	0.07669298350811005	0.11438602209091187	0.06595275551080704	0.11231004446744919	1.0538389682769775
1060	0.07116585224866867	0.11441749334335327	0.06634117662906647	0.12316662818193436	1.0397533178329468
1061	0.0748123824596405	0.11437839269638062	0.06633354723453522	0.12419699877500534	0.9933980107307434
1062	0.07504074275493622	0.11431032419204712	0.06610599905252457	0.11908424645662308	0.9761757254600525
1063	0.08000748604536057	0.11420653760433197	0.06541060656309128	0.11287644505500793	0.9986897706985474
1064	0.07312142848968506	0.11418724060058594	0.0657825917005539	0.11469888687133789	1.0531973838806152
1065	0.06848028302192688	0.11422000825405121	0.06685678660869598	0.1123669221997261	1.1207748651504517
1066	0.06991849839687347	0.11421086639165878	0.06747911125421524	0.09777528792619705	1.1932729482650757
1067	0.06772556155920029	0.11408066004514694	0.0673774853348732	0.08467105031013489	1.2817871570587158
1068	0.05585726350545883	0.11397528648376465	0.06711802631616592	0.07033661007881165	1.390660047531128
1069	0.05328068137168884	0.11386565119028091	0.06681479513645172	0.051111966371536255	1.5086617469787598
1070	0.04467088356614113	0.1137644499540329	0.06637535244226456	0.04808858409523964	1.6306962966918945
1071	0.03673022612929344	0.11369923502206802	0.06655136495828629	0.042684756219387054	1.75393807888031
1072	0.034831173717975616	0.11351918429136276	0.06614585965871811	0.026067351922392845	1.885610818862915
1073	0.032076943665742874	0.11328629404306412	0.06446365267038345	0.011917062103748322	2.0271713733673096
1074	0.02253972738981247	0.11314310878515244	0.06299526244401932	0.010683239437639713	2.1714489459991455
1075	0.02196730114519596	0.11309097707271576	0.062084827572107315	0.01703273504972458	2.3213043212890625
1076	0.027359383180737495	0.11303457617759705	0.06181803345680237	0.024776723235845566	2.4722182750701904
1077	0.03428671881556511	0.11296965926885605	0.06153670325875282	0.035077840089797974	2.6241631507873535
1078	0.03951690346002579	0.11287691444158554	0.06045912951231003	0.04682202264666557	2.751697301864624
1079	0.04501543566584587	0.1128305122256279	0.059096939861774445	0.059752292931079865	2.8571362495422363
1080	0.04703148081898689	0.11276960372924805	0.058560144156217575	0.06897945702075958	2.8608298301696777
1081	0.04984976723790169	0.11261920630931854	0.057742055505514145	0.0803382620215416	2.791980504989624
1082	0.05432840436697006	0.11242449283599854	0.05600624904036522	0.09386790543794632	2.66953444480896
1083	0.04993211850523949	0.1123264953494072	0.05527567118406296	0.09512659162282944	2.511892080307007
1084	0.05043063685297966	0.11232820898294449	0.055278342217206955	0.09570032358169556	2.350374221801758
1085	0.05598306655883789	0.11239179968833923	0.05538136512041092	0.08990270644426346	2.1864166259765625
1086	0.05584486201405525	0.1124362125992775	0.05518411099910736	0.08614116907119751	2.024014949798584
1087	0.05872269719839096	0.11243525892496109	0.054883889853954315	0.08475007861852646	1.8596868515014648
1088	0.06404701620340347	0.1124429926276207	0.054941438138484955	0.07551700621843338	1.6925468444824219
1089	0.06173180788755417	0.11247865855693817	0.0541197843849659	0.07325457781553268	1.5244364738464355
1090	0.05643932521343231	0.11255647987127304	0.05358955264091492	0.0680445060133934	1.362813115119934
1091	0.05221434310078621	0.11269790679216385	0.05330941453576088	0.06589449197053909	1.199897050857544
1092	0.046012818813323975	0.1127961128950119	0.05282619968056679	0.06077124550938606	1.0343372821807861
1093	0.04012106731534004	0.11284371465444565	0.05277714133262634	0.0539005845785141	0.869743824005127
1094	0.03529839590191841	0.11293073743581772	0.05301675200462341	0.04923050478100777	0.7036951780319214
1095	0.0380796417593956	0.11301319301128387	0.053789298981428146	0.0414494089782238	0.5412745475769043
1096	0.043490633368492126	0.11326005309820175	0.05463310331106186	0.03873484581708908	0.39645257592201233
1097	0.04352632910013199	0.11349891126155853	0.05502421781420708	0.044060979038476944	0.30070456862449646
1098	0.03897206857800484	0.1135483905673027	0.05591199919581413	0.03901919722557068	0.2834824025630951
1099	0.03348614275455475	0.11374896764755249	0.05732700601220131	0.036715131253004074	0.34465524554252625
1100	0.03490455076098442	0.11395704001188278	0.057754598557949066	0.033488210290670395	0.39461126923561096
1101	0.03753696754574776	0.11400656402111053	0.05802109092473984	0.04292706400156021	0.42573782801628113
1102	0.04064362868666649	0.11402247846126556	0.05798608064651489	0.05630672350525856	0.37220051884651184
1103	0.04118673503398895	0.11401502788066864	0.057718370109796524	0.061525363475084305	0.2793790400028229
1104	0.038625795394182205	0.11405081301927567	0.05754349008202553	0.061788566410541534	0.2547038495540619
1105	0.044852275401353836	0.114125557243824	0.05637354403734207	0.06289931386709213	0.29558655619621277
1106	0.054542262107133865	0.11419206857681274	0.055820878595113754	0.06207309290766716	0.38251757621765137
1107	0.06816697120666504	0.11432377994060516	0.05670103430747986	0.06321881711483002	0.49721792340278625
1108	0.07708372175693512	0.11449509859085083	0.05854303389787674	0.07031752169132233	0.6314365863800049
1109	0.08347486704587936	0.11469714343547821	0.060329873114824295	0.0735563337802887	0.7712031602859497
1110	0.07155271619558334	0.11488179862499237	0.06210044398903847	0.07451705634593964	0.9131750464439392
1111	0.07079465687274933	0.1148841381072998	0.062453579157590866	0.06934647262096405	1.058686375617981
1112	0.06913956999778748	0.11482800543308258	0.06264320760965347	0.06316141784191132	1.2047728300094604
1113	0.05683169141411781	0.11482163518667221	0.06310142576694489	0.05753699317574501	1.35231614112854
1114	0.0565221831202507	0.11473673582077026	0.06282223761081696	0.04910176619887352	1.4893547296524048
1115	0.051068566739559174	0.11466161161661148	0.06273889541625977	0.045227061957120895	1.621730089187622
1116	0.047993168234825134	0.11467186361551285	0.06397158652544022	0.046619951725006104	1.7545969486236572
1117	0.06244758144021034	0.11468343436717987	0.06445920467376709	0.04158974438905716	1.8880126476287842
1118	0.06542964279651642	0.11467082053422928	0.06331950426101685	0.05444779247045517	2.024613857269287
1119	0.06712832301855087	0.11460596323013306	0.06361684203147888	0.0500822588801384	2.136834144592285
1120	0.07314389944076538	0.11449772864580154	0.06432089954614639	0.046649787575006485	2.226006269454956
1121	0.0755128338932991	0.11400777846574783	0.062216825783252716	0.04177418351173401	2.2008860111236572
1122	0.07071560621261597	0.11364758014678955	0.0636613741517067	0.04357790946960449	2.096078634262085
1123	0.0688038319349289	0.11334223300218582	0.0652802586555481	0.04380737617611885	1.940916657447815
1124	0.0751408040523529	0.11316375434398651	0.064414381980896	0.050252098590135574	1.7626715898513794
1125	0.06312977522611618	0.11300922930240631	0.06371662765741348	0.04505697265267372	1.5858176946640015
1126	0.06062103062868118	0.11293554306030273	0.0637626200914383	0.04212871566414833	1.4160791635513306
1127	0.07330247759819031	0.11291465163230896	0.06368131190538406	0.043515440076589584	1.2466214895248413
1128	0.08556859195232391	0.11303457617759705	0.06330740451812744	0.04999323561787605	1.076431155204773
1129	0.0817166268825531	0.11316744983196259	0.06372914463281631	0.06164570152759552	0.9170220494270325
1130	0.0707891508936882	0.11338099837303162	0.06453853845596313	0.052021224051713943	0.7730392217636108
1131	0.06898607313632965	0.11326488852500916	0.0664525106549263	0.04662935063242912	0.6580681204795837
1132	0.060238633304834366	0.11330630630254745	0.0679793506860733	0.04524394869804382	0.5837169289588928
1133	0.054886672645807266	0.11341118067502975	0.06875868141651154	0.04643555358052254	0.5639011263847351
1134	0.05247805640101433	0.11341069638729095	0.07058800756931305	0.04192391782999039	0.6260694265365601
1135	0.05536526441574097	0.11348124593496323	0.0724732056260109	0.041554927825927734	0.7164236307144165
1136	0.062291502952575684	0.11353318393230438	0.07355989515781403	0.04456925764679909	0.8238064646720886
1137	0.05980869382619858	0.11361818015575409	0.07506392151117325	0.03797941654920578	0.9451083540916443
1138	0.061104606837034225	0.11357448995113373	0.07731174677610397	0.0381794311106205	1.0699962377548218
1139	0.06955833733081818	0.11365384608507156	0.08008572459220886	0.04762831702828407	1.2010196447372437
1140	0.054928168654441833	0.11402256041765213	0.08490638434886932	0.047018684446811676	1.338226318359375
1141	0.0424807071685791	0.11368434131145477	0.08564381301403046	0.0387645959854126	1.459617257118225
1142	0.03610461950302124	0.11352632939815521	0.08680055290460587	0.03392251953482628	1.5093697309494019
1143	0.04355351999402046	0.113512322306633	0.08858153223991394	0.03212035447359085	1.5364453792572021
1144	0.03893018886446953	0.11343806982040405	0.08984867483377457	0.03693132847547531	1.4808712005615234
1145	0.04342157766222954	0.1134628877043724	0.09012386202812195	0.050139863044023514	1.3885384798049927
1146	0.0521928034722805	0.11370134353637695	0.0904429480433464	0.050848010927438736	1.3210031986236572
1147	0.0503322072327137	0.11395370215177536	0.09107152372598648	0.04987892135977745	1.2601473331451416
1148	0.050341758877038956	0.11413024365901947	0.09132885932922363	0.04718920961022377	1.2103403806686401
1149	0.0470464788377285	0.11424008756875992	0.09170296043157578	0.0500139519572258	1.160658597946167
1150	0.04824550077319145	0.11426384001970291	0.09207221120595932	0.051713727414608	1.1403553485870361
1151	0.04897848144173622	0.11427998542785645	0.09336600452661514	0.05590619519352913	1.1351265907287598
1152	0.04668407142162323	0.11420737951993942	0.09488413482904434	0.051515016704797745	1.154514193534851
1153	0.045789193361997604	0.11403390020132065	0.09632985293865204	0.04776208847761154	1.197142481803894
1154	0.04459726810455322	0.1137067973613739	0.0969589427113533	0.04262157157063484	1.2666513919830322
1155	0.04361656680703163	0.11337994039058685	0.09740645438432693	0.044738445430994034	1.3671327829360962
1156	0.03576859086751938	0.11327869445085526	0.09870344400405884	0.03229125961661339	1.5015666484832764
1157	0.03845173865556717	0.11348184943199158	0.10045883804559708	0.016351019963622093	1.6554419994354248
1158	0.035039275884628296	0.11379696428775787	0.10204742103815079	0.013922208920121193	1.8334518671035767
1159	0.03838091716170311	0.11402412503957748	0.10359307378530502	0.013703984208405018	2.0222651958465576
1160	0.035374630242586136	0.11425541341304779	0.10460563749074936	0.028288155794143677	2.2168617248535156
1161	0.04219701886177063	0.11448518931865692	0.10453172773122787	0.03162643313407898	2.4021332263946533
1162	0.042747996747493744	0.11467654258012772	0.10417243093252182	0.03485289588570595	2.59063458442688
1163	0.04095079004764557	0.11497192084789276	0.10414694994688034	0.03313812240958214	2.755610704421997
1164	0.034737564623355865	0.11528199911117554	0.10431896150112152	0.03249586373567581	2.8958189487457275
1165	0.0358126237988472	0.1156420111656189	0.10514068603515625	0.032310351729393005	2.931494951248169
1166	0.03667105361819267	0.11598765105009079	0.10611335933208466	0.028420453891158104	2.897979497909546
1167	0.03735635429620743	0.11626402288675308	0.1064908355474472	0.027522524818778038	2.825199604034424
1168	0.035108067095279694	0.1164856106042862	0.10656864196062088	0.025501523166894913	2.75486421585083
1169	0.030224069952964783	0.11654891073703766	0.10673395544290543	0.03487076982855797	2.683580160140991
1170	0.028564022853970528	0.1166098564863205	0.10760790854692459	0.0366266630589962	2.616281509399414
1171	0.031735025346279144	0.1165042594075203	0.10743467509746552	0.04062364250421524	2.4987096786499023
1172	0.027637705206871033	0.11639034003019333	0.10752537101507187	0.04358755052089691	2.383355140686035
1173	0.029501792043447495	0.11621703207492828	0.10707323253154755	0.042100805789232254	2.269019842147827
1174	0.029517922550439835	0.11596076190471649	0.10566271841526031	0.04344205930829048	2.1407670974731445
1175	0.03266570344567299	0.11570550501346588	0.10475170612335205	0.03289137780666351	1.991637945175171
1176	0.03884125500917435	0.11545783281326294	0.10266502946615219	0.02264098823070526	1.8510867357254028
1177	0.045801158994436264	0.11503051966428757	0.09989406913518906	0.025277025997638702	1.7248131036758423
1178	0.04577967897057533	0.11426665633916855	0.0965106189250946	0.025131432339549065	1.6038881540298462
1179	0.037777457386255264	0.11349128186702728	0.09273594617843628	0.02116343006491661	1.4964489936828613
1180	0.02978901006281376	0.11294804513454437	0.08902540057897568	0.017328636720776558	1.4060178995132446
1181	0.036462314426898956	0.112691231071949	0.08765038847923279	0.02361779659986496	1.3245192766189575
1182	0.04320089891552925	0.11262427270412445	0.08637747168540955	0.0319007970392704	1.2552446126937866
1183	0.04031748324632645	0.11257201433181763	0.08474256098270416	0.03873253986239433	1.2116316556930542
1184	0.045962557196617126	0.11242412775754929	0.08307339996099472	0.043648749589920044	1.1965183019638062
1185	0.0474548414349556	0.1122530922293663	0.08109243959188461	0.05004731938242912	1.1926295757293701
1186	0.04541562870144844	0.11214503645896912	0.07928218692541122	0.06335229426622391	1.1898126602172852
1187	0.05883561074733734	0.11205524951219559	0.0777537003159523	0.06924771517515182	1.1676865816116333
1188	0.04747407138347626	0.11199712753295898	0.07734982669353485	0.06453999131917953	1.1379098892211914
1189	0.046696387231349945	0.11201466619968414	0.07743827253580093	0.061904147267341614	1.1176815032958984
1190	0.049085646867752075	0.11201643943786621	0.07737064361572266	0.06438613682985306	1.1095062494277954
1191	0.04495733976364136	0.11207596212625504	0.07696771621704102	0.0697607696056366	1.1158713102340698
1192	0.042936522513628006	0.11207140982151031	0.07673458755016327	0.06391900777816772	1.1316605806350708
1193	0.04547207057476044	0.11192335188388824	0.07657930254936218	0.05385216325521469	1.156514286994934
1194	0.043874163180589676	0.11165545880794525	0.07706548273563385	0.04401010274887085	1.200033187866211
1195	0.04161842167377472	0.11142563074827194	0.07803207635879517	0.04252837225794792	1.2466928958892822
1196	0.038027819246053696	0.11129778623580933	0.0790458396077156	0.039009105414152145	1.2968430519104004
1197	0.03596443682909012	0.1112934947013855	0.08055613189935684	0.028774326667189598	1.3439663648605347
1198	0.03741636499762535	0.11126631498336792	0.08245648443698883	0.01579534262418747	1.3796732425689697
1199	0.03328637778759003	0.11119383573532104	0.08467748016119003	0.012348979711532593	1.4148643016815186
1200	0.03012806549668312	0.11117362231016159	0.08706194907426834	0.014897842891514301	1.45048987865448
1201	0.03691592067480087	0.11137672513723373	0.08830771595239639	0.011697694659233093	1.508801817893982
1202	0.032323241233825684	0.11157471686601639	0.09031029045581818	0.005137103144079447	1.5736615657806396
1203	0.028778642416000366	0.11177510768175125	0.0933154746890068	0.0063331336714327335	1.641255497932434
1204	0.02902108244597912	0.11196247488260269	0.09558989852666855	0.002633188385516405	1.722475528717041
1205	0.029531793668866158	0.11213678121566772	0.09777887910604477	0.008360850624740124	1.792861819267273
1206	0.0276113860309124	0.11234287172555923	0.10111553221940994	0.005950283724814653	1.837705373764038
1207	0.03889472410082817	0.11251966655254364	0.10374385118484497	0.0013043719809502363	1.8640943765640259
1208	0.04088751599192619	0.11283790320158005	0.10554444789886475	0.005842670798301697	1.809818983078003
1209	0.03839714452624321	0.11311108618974686	0.10764869302511215	0.009666934609413147	1.697489619255066
1210	0.03343230485916138	0.1133299246430397	0.10890279710292816	0.016176903620362282	1.5408986806869507
1211	0.03240314871072769	0.11334239691495895	0.11012598127126694	0.009834685362875462	1.4221880435943604
1212	0.02935376577079296	0.11335453391075134	0.11012910306453705	0.01014992967247963	1.3291836977005005
1213	0.024962961673736572	0.11334317922592163	0.11064471304416656	0.01861685886979103	1.2564934492111206
1214	0.02746608853340149	0.1131947711110115	0.11099518835544586	0.024097220972180367	1.2086459398269653
1215	0.022863684222102165	0.11300428956747055	0.11107141524553299	0.024308063089847565	1.1718376874923706
1216	0.023540958762168884	0.11287781596183777	0.11202311515808105	0.027481038123369217	1.1578950881958008
1217	0.02434655837714672	0.11284764856100082	0.11348068714141846	0.034140124917030334	1.1794743537902832
1218	0.03157535195350647	0.1128232479095459	0.11465265601873398	0.044197190552949905	1.2166904211044312
1219	0.03500567749142647	0.11271028220653534	0.11508676409721375	0.044096238911151886	1.2650115489959717
1220	0.027599766850471497	0.1126643568277359	0.11478160321712494	0.03768335282802582	1.3234009742736816
1221	0.032342493534088135	0.112625353038311	0.11460606008768082	0.040581583976745605	1.3935054540634155
1222	0.027807561680674553	0.11256246268749237	0.11399773508310318	0.03227335587143898	1.4734686613082886
1223	0.029166417196393013	0.11256012320518494	0.11306796967983246	0.02814779058098793	1.5623966455459595
1224	0.030946651473641396	0.11262673884630203	0.11211325973272324	0.019321460276842117	1.656606912612915
1225	0.028484802693128586	0.11279236525297165	0.11161798983812332	0.016490638256072998	1.7718168497085571
1226	0.02802911400794983	0.11294431239366531	0.1111946552991867	0.021934377029538155	1.8911093473434448
1227	0.025905422866344452	0.11303494870662689	0.11094850301742554	0.025434548035264015	1.9996912479400635
1228	0.027141939848661423	0.11307313293218613	0.11010583490133286	0.02691221609711647	2.087851047515869
1229	0.03263740614056587	0.1131180003285408	0.10923612117767334	0.021087054163217545	2.074674129486084
1230	0.026870470494031906	0.11320468783378601	0.10776888579130173	0.015490308403968811	2.000822067260742
1231	0.02388773486018181	0.11323372274637222	0.10668256133794785	0.016033891588449478	1.9035307168960571
1232	0.025514086708426476	0.11325506865978241	0.10495802760124207	0.015021193772554398	1.762635588645935
1233	0.029487377032637596	0.11334926635026932	0.10347195714712143	0.012155131436884403	1.6305389404296875
1234	0.031067052856087685	0.11346744000911713	0.1027761921286583	0.011281588114798069	1.5203773975372314
1235	0.029787784442305565	0.11363229155540466	0.1013050451874733	0.005327191669493914	1.421338438987732
1236	0.023237129673361778	0.11377675086259842	0.09987041354179382	0.008581544272601604	1.3341426849365234
1237	0.01826484687626362	0.11378028243780136	0.09833729267120361	0.007050799205899239	1.2605106830596924
1238	0.020319348201155663	0.11377868056297302	0.09710977226495743	0.005187966860830784	1.2054392099380493
1239	0.02183634042739868	0.11384071409702301	0.09598401933908463	0.009885380044579506	1.1657005548477173
1240	0.02036866545677185	0.11388307809829712	0.09556605666875839	0.017276497557759285	1.1380094289779663
1241	0.021650979295372963	0.1139785423874855	0.09636887907981873	0.016506867483258247	1.1364614963531494
1242	0.02144632302224636	0.11394767463207245	0.09638237953186035	0.023089295253157616	1.1536792516708374
1243	0.028781577944755554	0.11395654082298279	0.09642288833856583	0.02320108935236931	1.2168121337890625
1244	0.02624986693263054	0.11407085508108139	0.0961553230881691	0.029536806046962738	1.293327808380127
1245	0.030416592955589294	0.11422130465507507	0.09575039893388748	0.034508492797613144	1.385920524597168
1246	0.026581035926938057	0.11438877135515213	0.09543222188949585	0.03258310630917549	1.490573763847351
1247	0.02482476644217968	0.11443296819925308	0.09494829177856445	0.03023644909262657	1.6012916564941406
1248	0.034258708357810974	0.11452887952327728	0.09510337561368942	0.03189842402935028	1.7147111892700195
1249	0.03374996781349182	0.11469034850597382	0.09552847594022751	0.033522509038448334	1.8232753276824951
1250	0.02932526357471943	0.11482984572649002	0.0956626757979393	0.03501648083329201	1.9023152589797974
1251	0.026911458000540733	0.11498355865478516	0.09589508920907974	0.03546561300754547	1.909366488456726
1252	0.02577674388885498	0.11509453505277634	0.09622463583946228	0.02843254804611206	1.8429633378982544
1253	0.02564183995127678	0.1151910051703453	0.09646719694137573	0.024206554517149925	1.716042160987854
1254	0.02066813036799431	0.11519560217857361	0.09630179405212402	0.020568083971738815	1.5922234058380127
1255	0.0237639881670475	0.11518453061580658	0.09588855504989624	0.020627012476325035	1.4735891819000244
1256	0.02006116881966591	0.11517566442489624	0.0949324518442154	0.01664639823138714	1.360807180404663
1257	0.023743698373436928	0.11508848518133163	0.09435734152793884	0.006580420304089785	1.277727484703064
1258	0.025778470560908318	0.11499065160751343	0.09451364725828171	0.005493737291544676	1.2065043449401855
1259	0.026149557903409004	0.11498214304447174	0.09541005641222	0.002023785375058651	1.1485844850540161
1260	0.022955266758799553	0.11493455618619919	0.09617020934820175	0.005807468667626381	1.1103099584579468
1261	0.016819965094327927	0.11487933993339539	0.09638866782188416	0.00554559426382184	1.0909887552261353
1262	0.013247689232230186	0.11483865976333618	0.09631408751010895	0.0025371103547513485	1.091981291770935
1263	0.012876410968601704	0.11481525748968124	0.09620644897222519	0.005455066915601492	1.1133441925048828
1264	0.019806748256087303	0.11491164565086365	0.09674243628978729	0.010945468209683895	1.156141996383667
1265	0.025219129398465157	0.1149764209985733	0.09721881151199341	0.011128627695143223	1.2177993059158325
1266	0.026491139084100723	0.11510194838047028	0.09754014015197754	0.006292832084000111	1.2928284406661987
1267	0.02339293621480465	0.1152452602982521	0.09796077758073807	0.00945349782705307	1.3803480863571167
1268	0.02202577516436577	0.11519867181777954	0.09853613376617432	0.010982298292219639	1.479232907295227
1269	0.02644358202815056	0.11507348716259003	0.09873203933238983	0.015651503577828407	1.6014682054519653
1270	0.027617504820227623	0.11488420516252518	0.09860656410455704	0.019380608573555946	1.727518916130066
1271	0.028535854071378708	0.11475338041782379	0.09870585799217224	0.022056816145777702	1.8515924215316772
1272	0.027415314689278603	0.11473363637924194	0.09936751425266266	0.023095691576600075	1.9224183559417725
1273	0.033502280712127686	0.11472201347351074	0.09959032386541367	0.024121958762407303	1.8971632719039917
1274	0.03686566278338432	0.11457690596580505	0.09914439916610718	0.01992403343319893	1.8110499382019043
1275	0.03787104785442352	0.11437253654003143	0.0983516201376915	0.022230036556720734	1.686832070350647
1276	0.034331560134887695	0.11421661078929901	0.0975470244884491	0.020603729411959648	1.5726563930511475
1277	0.040164560079574585	0.1141703724861145	0.09673086553812027	0.030029090121388435	1.4784739017486572
1278	0.04386790841817856	0.11410335451364517	0.0964537039399147	0.03644608333706856	1.3990565538406372
1279	0.04110519960522652	0.11404027789831161	0.09635325521230698	0.045586273074150085	1.3328344821929932
1280	0.040833745151758194	0.11392626166343689	0.09580334275960922	0.05217121168971062	1.2790749073028564
1281	0.04474232718348503	0.11382199823856354	0.09480545669794083	0.05016544833779335	1.2159953117370605
1282	0.044471193104982376	0.11380764096975327	0.09347183257341385	0.048633817583322525	1.1764049530029297
1283	0.043308090418577194	0.11380709707736969	0.09273431450128555	0.045410022139549255	1.1594774723052979
1284	0.04407559707760811	0.1138051226735115	0.09256578981876373	0.042875468730926514	1.1648352146148682
1285	0.04405215382575989	0.11383761465549469	0.09268856048583984	0.051473479717969894	1.192145824432373
1286	0.043174996972084045	0.113834448158741	0.09272702783346176	0.0471382699906826	1.2386983633041382
1287	0.04320073872804642	0.1138254776597023	0.09285730868577957	0.04473736137151718	1.3059223890304565
1288	0.04917711019515991	0.11368359625339508	0.09260197728872299	0.04173487052321434	1.3945059776306152
1289	0.04444120451807976	0.11359424144029617	0.09254784137010574	0.04336916655302048	1.492211103439331
1290	0.04170651361346245	0.11354290693998337	0.09302148222923279	0.03790895640850067	1.598118543624878
1291	0.0393381305038929	0.11362715810537338	0.09302584081888199	0.03250285983085632	1.7178834676742554
1292	0.03895103558897972	0.11376965045928955	0.09321268647909164	0.027945905923843384	1.8397486209869385
1293	0.03151040896773338	0.1138887032866478	0.09324092417955399	0.0220019668340683	1.9386169910430908
1294	0.032822974026203156	0.11398160457611084	0.09298951178789139	0.012659764848649502	1.9681516885757446
1295	0.026972470805048943	0.11406466364860535	0.09288107603788376	0.014123613946139812	1.9698861837387085
1296	0.03233771026134491	0.11406856775283813	0.09231938421726227	0.01870475336909294	1.8847960233688354
1297	0.029277628287672997	0.11391102522611618	0.09167372435331345	0.02313494309782982	1.7554618120193481
1298	0.037574101239442825	0.11363103240728378	0.09094548225402832	0.02433052845299244	1.6273564100265503
1299	0.04855581000447273	0.11354269087314606	0.09036300331354141	0.0278952494263649	1.5123518705368042
1300	0.049331553280353546	0.11353861540555954	0.08925781399011612	0.02826729044318199	1.4124796390533447
1301	0.04551301524043083	0.11365574598312378	0.08848214149475098	0.036012597382068634	1.3177763223648071
1302	0.04677891731262207	0.1137053444981575	0.0876154750585556	0.039140671491622925	1.2267999649047852
1303	0.04568509757518768	0.11374291777610779	0.08711744844913483	0.045108262449502945	1.131172776222229
1304	0.0491659976541996	0.11369659751653671	0.0868503525853157	0.05338147282600403	1.0725584030151367
1305	0.050104402005672455	0.11363331228494644	0.08655375242233276	0.05599270015954971	1.0208231210708618
1306	0.04918767139315605	0.11353783309459686	0.0860496461391449	0.06434562802314758	0.9890343546867371
1307	0.060961492359638214	0.11333318799734116	0.08501940220594406	0.07434229552745819	0.9715372920036316
1308	0.0690796747803688	0.1130233034491539	0.08332663774490356	0.07834765315055847	0.9707819223403931
1309	0.07284104824066162	0.11292767524719238	0.08171141147613525	0.0768604725599289	1.0020110607147217
1310	0.06363126635551453	0.11283814162015915	0.07984577119350433	0.0802287831902504	1.0653457641601562
1311	0.06905410438776016	0.11292704939842224	0.07836921513080597	0.08418446779251099	1.1469855308532715
1312	0.06619612872600555	0.11292203515768051	0.0771399438381195	0.08491260558366776	1.2526917457580566
1313	0.059040509164333344	0.1129000186920166	0.07625875622034073	0.08472879230976105	1.3666062355041504
1314	0.05286666750907898	0.11284589767456055	0.07538623362779617	0.08777205646038055	1.4605692625045776
1315	0.05179908871650696	0.11269136518239975	0.07445179671049118	0.09035873413085938	1.5222052335739136
1316	0.05404146388173103	0.11252748221158981	0.07365017384290695	0.09479968249797821	1.530206561088562
1317	0.054280608892440796	0.11238094419240952	0.07254482805728912	0.09599548578262329	1.499082326889038
1318	0.06178244948387146	0.11223840713500977	0.07163609564304352	0.09438581019639969	1.4058846235275269
1319	0.06607381999492645	0.1121905967593193	0.07111863791942596	0.08831345289945602	1.2816600799560547
1320	0.05285516753792763	0.11218973994255066	0.07032224535942078	0.07957776635885239	1.1672290563583374
1321	0.05260350555181503	0.11224371939897537	0.07009591907262802	0.0661865621805191	1.0761386156082153
1322	0.04968903586268425	0.11222902685403824	0.06971253454685211	0.04889582842588425	1.0024796724319458
1323	0.04678689315915108	0.11209482699632645	0.06951522082090378	0.04157911241054535	0.9509021043777466
1324	0.04363958165049553	0.11207506060600281	0.06926373392343521	0.03201708942651749	0.926476001739502
1325	0.03761804848909378	0.11214447021484375	0.06918320059776306	0.021382685750722885	0.9338890910148621
1326	0.03837231546640396	0.1121528372168541	0.06844436377286911	0.015169452875852585	0.9707171320915222
1327	0.03745732456445694	0.11223394423723221	0.06804916262626648	0.013934323564171791	1.038995623588562
1328	0.045161787420511246	0.11224415153265	0.06758518517017365	0.014711410738527775	1.1432722806930542
1329	0.04704605042934418	0.11241494864225388	0.06704824417829514	0.01908711902797222	1.2702609300613403
1330	0.04003747180104256	0.11261890828609467	0.06722333282232285	0.022783569991588593	1.4109967947006226
1331	0.03378942608833313	0.11275620013475418	0.067184679210186	0.03313395008444786	1.5506798028945923
1332	0.02842126227915287	0.11275862157344818	0.06736905872821808	0.03717346861958504	1.696534514427185
1333	0.031202631071209908	0.11266684532165527	0.06719350069761276	0.04235658422112465	1.846561312675476
1334	0.03606849163770676	0.11265967786312103	0.06714341044425964	0.04180905595421791	2.0052359104156494
1335	0.040608614683151245	0.11268333345651627	0.06705597788095474	0.04845106974244118	2.167900562286377
1336	0.04307384043931961	0.1125827506184578	0.067277692258358	0.059443749487400055	2.3329343795776367
1337	0.043058570474386215	0.11254154145717621	0.06810099631547928	0.05550035089254379	2.488527536392212
1338	0.04596228525042534	0.11254464089870453	0.06896054744720459	0.05700558051466942	2.5965399742126465
1339	0.05837249383330345	0.1126474142074585	0.07038211822509766	0.05154251307249069	2.621997594833374
1340	0.04845159873366356	0.11273914575576782	0.07188203185796738	0.0479871928691864	2.541378974914551
1341	0.04217680171132088	0.11272197961807251	0.07240120321512222	0.05027173459529877	2.4064488410949707
1342	0.040477823466062546	0.11280497908592224	0.07395229488611221	0.042497437447309494	2.270915985107422
1343	0.04003173112869263	0.11287810653448105	0.07522713392972946	0.03301980346441269	2.1379637718200684
1344	0.02972528338432312	0.1129056066274643	0.07588060200214386	0.030988309532403946	2.004687786102295
1345	0.02891782857477665	0.1129264310002327	0.07619518041610718	0.027744589373469353	1.869457721710205
1346	0.027099698781967163	0.11294814944267273	0.07610893994569778	0.019646016880869865	1.7338998317718506
1347	0.026746179908514023	0.11291469633579254	0.07590741664171219	0.01196996495127678	1.5980794429779053
1348	0.02847769670188427	0.11299946159124374	0.07566079497337341	0.008843288756906986	1.4629545211791992
1349	0.03669402375817299	0.11313311010599136	0.07596763223409653	0.010502718389034271	1.3301738500595093
1350	0.029503963887691498	0.11324605345726013	0.07597772032022476	0.012011496350169182	1.1970654726028442
1351	0.02038801833987236	0.1131749302148819	0.07612346857786179	0.010782216675579548	1.0550966262817383
1352	0.026534566655755043	0.11306875944137573	0.07616317272186279	0.01575120911002159	0.9150307178497314
1353	0.02623259276151657	0.11292743682861328	0.07623989135026932	0.02206956036388874	0.7770316004753113
1354	0.025755606591701508	0.11281421035528183	0.07626073062419891	0.02742680348455906	0.6401395797729492
1355	0.028976701200008392	0.11266497522592545	0.07619142532348633	0.021878037601709366	0.5113519430160522
1356	0.02424762025475502	0.11257874220609665	0.07664207369089127	0.0280001237988472	0.40112048387527466
1357	0.028853189200162888	0.11258550733327866	0.07667433470487595	0.03992575779557228	0.32393690943717957
1358	0.03572557121515274	0.11265579611063004	0.07610681653022766	0.04813845828175545	0.3078109622001648
1359	0.03416600823402405	0.11268606036901474	0.07569799572229385	0.05564756691455841	0.3353556990623474
1360	0.04043416678905487	0.11260338872671127	0.07524247467517853	0.05531832575798035	0.33318984508514404
1361	0.04785182327032089	0.11248151957988739	0.07535972446203232	0.05793226137757301	0.30870765447616577
1362	0.04326208308339119	0.11246039718389511	0.07554463297128677	0.06404202431440353	0.31837573647499084
1363	0.0421534962952137	0.112423837184906	0.07533444464206696	0.06954651325941086	0.38879966735839844
1364	0.04269040375947952	0.11250166594982147	0.07567336410284042	0.07287020236253738	0.4990820288658142
1365	0.044574983417987823	0.1125357374548912	0.07617559283971786	0.06770751625299454	0.6296427845954895
1366	0.04604087397456169	0.11246828734874725	0.07660318166017532	0.06336604058742523	0.7693371772766113
1367	0.042958300560712814	0.11236843466758728	0.07703009247779846	0.06482511758804321	0.9178441762924194
1368	0.04425998404622078	0.11218942701816559	0.0774165540933609	0.07192482799291611	1.0755298137664795
1369	0.046505074948072433	0.11203046888113022	0.07744081318378448	0.07555688172578812	1.2338261604309082
1370	0.04147598147392273	0.11189471930265427	0.07741352915763855	0.08468984067440033	1.393791675567627
1371	0.04250000789761543	0.11188086867332458	0.07767809927463531	0.08293436467647552	1.549344778060913
1372	0.053915221244096756	0.11182212829589844	0.07769934087991714	0.07672066986560822	1.705414891242981
1373	0.052481215447187424	0.11179306358098984	0.07747197896242142	0.08115658164024353	1.8602644205093384
1374	0.050792694091796875	0.11178936064243317	0.07751790434122086	0.08337553590536118	2.0293383598327637
1375	0.05547447130084038	0.11168329417705536	0.0771033763885498	0.08191138505935669	2.205231189727783
1376	0.05508919805288315	0.11152458190917969	0.07726776599884033	0.07461219280958176	2.3820607662200928
1377	0.05277013033628464	0.11140269041061401	0.07706532627344131	0.06530571728944778	2.5458908081054688
1378	0.045288752764463425	0.11140366643667221	0.07649721205234528	0.06654004752635956	2.658217191696167
1379	0.04117538779973984	0.11143134534358978	0.07628269493579865	0.07007791846990585	2.7524166107177734
1380	0.036510586738586426	0.1115288957953453	0.07650145888328552	0.06644702702760696	2.7958970069885254
1381	0.03184545040130615	0.11162012815475464	0.07705599814653397	0.06065570190548897	2.8301355838775635
1382	0.03228278085589409	0.11163376271724701	0.07756213843822479	0.05666142702102661	2.7626559734344482
1383	0.03753085061907768	0.1116761863231659	0.07803096622228622	0.06289375573396683	2.6262307167053223
1384	0.04172402620315552	0.11190464347600937	0.07883179932832718	0.06421863287687302	2.465752124786377
1385	0.034160517156124115	0.11201011389493942	0.07869251817464828	0.05739738792181015	2.3051774501800537
1386	0.037991754710674286	0.11199022829532623	0.0781313106417656	0.04455568268895149	2.145050525665283
1387	0.042500510811805725	0.11188080161809921	0.07707232236862183	0.03902650251984596	1.9860687255859375
1388	0.031976912170648575	0.111786387860775	0.07641537487506866	0.03692381829023361	1.828917384147644
1389	0.028391562402248383	0.11174575239419937	0.07602912932634354	0.03935297578573227	1.6708173751831055
1390	0.037399303168058395	0.11188139021396637	0.07609032839536667	0.04241546615958214	1.5142940282821655
1391	0.031994372606277466	0.11205675452947617	0.07632694393396378	0.038435447961091995	1.3596538305282593
1392	0.027988282963633537	0.11212374269962311	0.07634072005748749	0.03511613979935646	1.2067514657974243
1393	0.028776083141565323	0.11214441061019897	0.07641090452671051	0.03127385303378105	1.0563477277755737
1394	0.025152137503027916	0.11209260672330856	0.07680199295282364	0.02310621179640293	0.9102454781532288
1395	0.022425595670938492	0.11198639124631882	0.07622716575860977	0.012638907879590988	0.7703596353530884
1396	0.01730416528880596	0.11191808432340622	0.07550275325775146	0.012323451228439808	0.6431951522827148
1397	0.019504448398947716	0.11199235916137695	0.07527265697717667	0.010762820951640606	0.540703296661377
1398	0.027749262750148773	0.11201741546392441	0.07471566647291183	0.01391131803393364	0.47130444645881653
1399	0.02883068099617958	0.11192356795072556	0.0737227126955986	0.027686845511198044	0.44430822134017944
1400	0.028268005698919296	0.11175806075334549	0.07321655005216599	0.03847819194197655	0.46962156891822815
1401	0.02937631867825985	0.11167146265506744	0.07385024428367615	0.044793784618377686	0.5338524580001831
1402	0.02877812273800373	0.11158794164657593	0.0742274671792984	0.053188588470220566	0.6106235980987549
1403	0.038990870118141174	0.11139783263206482	0.07427194714546204	0.06261961907148361	0.6188331246376038
1404	0.03862923011183739	0.11120757460594177	0.07480888068675995	0.07164733856916428	0.557343065738678
1405	0.038399599492549896	0.11114348471164703	0.07553806155920029	0.07467447221279144	0.4984161853790283
1406	0.044541601091623306	0.11117231845855713	0.07573416084051132	0.07604005187749863	0.4760243892669678
1407	0.045996665954589844	0.11124370992183685	0.07610408216714859	0.07998678088188171	0.5065373182296753
1408	0.044363588094711304	0.11129997670650482	0.07605639845132828	0.07910291850566864	0.5833373665809631
1409	0.048043105751276016	0.11133520305156708	0.0762125626206398	0.07245105504989624	0.6840273141860962
1410	0.05074864625930786	0.11138805001974106	0.07626905292272568	0.06519579142332077	0.8050113320350647
1411	0.04589579999446869	0.11140083521604538	0.07570097595453262	0.06269384920597076	0.9363029599189758
1412	0.04587329551577568	0.1114412248134613	0.07567643374204636	0.056497011333703995	1.0762839317321777
1413	0.04412226006388664	0.1114528551697731	0.07510308921337128	0.047472432255744934	1.2209070920944214
1414	0.04150857403874397	0.11142655462026596	0.07433618605136871	0.04137210547924042	1.3685505390167236
1415	0.0326664075255394	0.1113215833902359	0.07382625341415405	0.04489485174417496	1.5144288539886475
1416	0.03146471828222275	0.11124815791845322	0.07356125116348267	0.039723604917526245	1.6650012731552124
1417	0.039357565343379974	0.11122337728738785	0.07324446737766266	0.03799496218562126	1.8149592876434326
1418	0.042273152619600296	0.11130239814519882	0.0733301192522049	0.03685411810874939	1.9716769456863403
1419	0.05255359038710594	0.11142243444919586	0.07352212816476822	0.032490748912096024	2.129587411880493
1420	0.0475311353802681	0.1115056723356247	0.07412728667259216	0.03366982564330101	2.286102771759033
1421	0.028033822774887085	0.11162501573562622	0.0735839456319809	0.02642478235065937	2.4401307106018066
1422	0.031028984114527702	0.11165022850036621	0.07273873686790466	0.02909388393163681	2.580793619155884
1423	0.032127488404512405	0.11167826503515244	0.07226943224668503	0.03470059111714363	2.695194721221924
1424	0.04069690778851509	0.11186110973358154	0.07236289978027344	0.039174433797597885	2.7193150520324707
1425	0.03534378111362457	0.11204048246145248	0.07238496094942093	0.04042671248316765	2.7155601978302
1426	0.034147631376981735	0.11219026893377304	0.07258869707584381	0.04489459842443466	2.599656343460083
1427	0.04342718794941902	0.11241759359836578	0.07298377901315689	0.042784225195646286	2.4373958110809326
1428	0.04328666254878044	0.11264997720718384	0.07336917519569397	0.04055642709136009	2.2786366939544678
1429	0.04054374620318413	0.1128399595618248	0.07365556806325912	0.047692686319351196	2.1199429035186768
1430	0.03999060019850731	0.11295928806066513	0.0726027861237526	0.0499720498919487	1.9605894088745117
1431	0.04444622993469238	0.1130109503865242	0.07163393497467041	0.05663606524467468	1.803436517715454
1432	0.046996887773275375	0.11308781802654266	0.07042799144983292	0.05250263214111328	1.6474131345748901
1433	0.04689021781086922	0.11312264949083328	0.07036016136407852	0.04438738524913788	1.4930410385131836
1434	0.03981863334774971	0.11309317499399185	0.07077031582593918	0.039679717272520065	1.3365402221679688
1435	0.0319504588842392	0.11298322677612305	0.07060899585485458	0.03904359042644501	1.182265043258667
1436	0.03351082280278206	0.11286552995443344	0.07115761190652847	0.03678994998335838	1.0318763256072998
1437	0.029065385460853577	0.1127794161438942	0.07141325622797012	0.03179292753338814	0.881022036075592
