time joint_0 joint_1 joint_2 joint_3 joint_4 joint_5 joint_6 joint_7 joint_8 joint_9 joint_10 joint_11 joint_12 joint_13 joint_14 joint_15 joint_16 joint_17 joint_18 joint_19
0.033333 0.181531 -0.070883 0.239058 -0.040912 0.220913 0.310275 -0.076297 0.466776 -0.525924 0.061672 0.112413 -0.092489 -0.132688 2.357698 0.063490 0.220960 0.132626 -0.365262 2.116498 0.176981
0.066667 0.190670 -0.065960 0.258624 -0.040773 0.211292 0.313262 -0.089982 0.468006 -0.504553 0.060584 0.125333 -0.078754 -0.155964 2.390526 0.071915 0.228820 0.128912 -0.381247 2.131455 0.173140
0.100000 0.198015 -0.062486 0.279461 -0.045365 0.203086 0.300086 -0.099832 0.471420 -0.487931 0.056524 0.130480 -0.078099 -0.154231 2.390163 0.071074 0.236773 0.129491 -0.385628 2.133573 0.168535
0.133333 0.207925 -0.064890 0.305488 -0.077885 0.204004 0.294916 -0.101540 0.483586 -0.498142 0.062406 0.120176 -0.087194 -0.162963 2.390710 0.068316 0.231430 0.136906 -0.390323 2.139759 0.170536
0.166667 0.210965 -0.063096 0.327820 -0.088234 0.199777 0.290996 -0.108271 0.490504 -0.487155 0.056116 0.128849 -0.080914 -0.176579 2.380215 0.045805 0.234361 0.141868 -0.391948 2.138173 0.168512
0.200000 0.216231 -0.061007 0.343884 -0.094235 0.193992 0.284725 -0.114089 0.490763 -0.471497 0.050239 0.137905 -0.074554 -0.184227 2.376839 0.031263 0.233911 0.143726 -0.395678 2.137371 0.170430
0.233333 0.218551 -0.055528 0.364134 -0.109056 0.188027 0.281260 -0.121179 0.490102 -0.454816 0.035826 0.146172 -0.069782 -0.191026 2.377150 0.026541 0.229514 0.144130 -0.399820 2.137926 0.172501
0.266667 0.221874 -0.050750 0.395165 -0.152892 0.201313 0.277608 -0.127231 0.493747 -0.455171 0.037000 0.151028 -0.066452 -0.195628 2.371936 0.001020 0.220264 0.145426 -0.399858 2.135337 0.176073
0.300000 0.221820 -0.038941 0.402897 -0.159348 0.199669 0.277282 -0.136999 0.472022 -0.419508 0.022934 0.155127 -0.059241 -0.198538 2.368911 -0.002337 0.209704 0.140064 -0.398592 2.133525 0.175531
0.333333 0.222522 -0.034014 0.440564 -0.210980 0.215526 0.274802 -0.144287 0.478355 -0.419885 0.023118 0.160444 -0.058588 -0.201019 2.372401 0.014104 0.203897 0.139536 -0.398803 2.132985 0.176853
0.366667 0.222275 -0.025545 0.473234 -0.256280 0.229827 0.266229 -0.151551 0.473945 -0.406776 0.026325 0.164533 -0.057207 -0.198605 2.367824 -0.006469 0.196991 0.131586 -0.398026 2.131494 0.171404
0.400000 0.220912 -0.016974 0.518484 -0.334168 0.256502 0.271849 -0.161007 0.483592 -0.427325 0.030312 0.165652 -0.051221 -0.197626 2.365536 -0.000006 0.190652 0.128816 -0.402643 2.131371 0.176349
0.433333 0.218102 -0.007543 0.555193 -0.401298 0.277168 0.270579 -0.168554 0.485554 -0.440594 0.040526 0.162723 -0.053200 -0.195476 2.366014 0.018120 0.186155 0.122901 -0.406229 2.131761 0.173880
0.466667 0.214441 -0.001208 0.611952 -0.497203 0.303494 0.266898 -0.175520 0.514138 -0.494319 0.066254 0.162468 -0.047448 -0.198820 2.362571 0.043378 0.186606 0.121255 -0.412894 2.134432 0.176545
0.500000 0.209335 0.009306 0.653839 -0.573858 0.316381 0.258653 -0.180364 0.528410 -0.534136 0.096175 0.156048 -0.044701 -0.195630 2.353394 0.028345 0.184467 0.117521 -0.417040 2.134300 0.169979
0.533333 0.201524 0.018183 0.669377 -0.614380 0.325169 0.262018 -0.185705 0.516887 -0.535169 0.113508 0.149140 -0.045032 -0.197800 2.352250 0.035845 0.186484 0.117525 -0.421516 2.132377 0.168372
0.566667 0.198739 0.027975 0.701355 -0.679474 0.340151 0.255695 -0.187931 0.525145 -0.569392 0.141545 0.145427 -0.050168 -0.205458 2.350210 0.029802 0.187089 0.113566 -0.422889 2.133167 0.156989
0.600000 0.202520 0.039906 0.715247 -0.710452 0.333256 0.259491 -0.193690 0.510223 -0.564989 0.136747 0.135318 -0.048020 -0.213336 2.344593 0.047148 0.183061 0.107545 -0.413604 2.130874 0.151648
0.633333 0.197890 0.052688 0.719581 -0.728233 0.339167 0.258636 -0.198766 0.500688 -0.564030 0.137621 0.133530 -0.049779 -0.218280 2.345456 0.059734 0.181944 0.101455 -0.413830 2.128983 0.145897
0.666667 0.200343 0.057684 0.725160 -0.743059 0.340798 0.256840 -0.202484 0.498970 -0.573455 0.144863 0.129712 -0.036765 -0.210583 2.333980 0.018021 0.175125 0.096626 -0.412377 2.126287 0.147043
0.700000 0.202790 0.057357 0.723282 -0.750239 0.343739 0.258097 -0.203082 0.499081 -0.585821 0.150482 0.121880 -0.041523 -0.211737 2.336095 0.035090 0.163027 0.092301 -0.406926 2.126422 0.144323
0.733333 0.199115 0.060319 0.718326 -0.752278 0.353249 0.257767 -0.204885 0.496766 -0.589730 0.152329 0.123089 -0.036277 -0.210220 2.334320 0.015117 0.151489 0.091312 -0.411505 2.127918 0.150633
0.766667 0.190121 0.066030 0.694782 -0.726798 0.354547 0.262627 -0.207738 0.471792 -0.556032 0.136641 0.120863 -0.035208 -0.210366 2.337990 0.026028 0.138188 0.091819 -0.410792 2.128187 0.157718
0.800000 0.189640 0.067110 0.682741 -0.712627 0.353964 0.265985 -0.209026 0.459476 -0.541755 0.131963 0.119997 -0.039688 -0.208633 2.344013 0.028725 0.124669 0.097642 -0.412411 2.133454 0.166056
0.833333 0.181426 0.072723 0.667171 -0.696948 0.361361 0.274557 -0.212064 0.443206 -0.524169 0.127138 0.120719 -0.047483 -0.208353 2.351654 0.021514 0.113203 0.105746 -0.413584 2.138847 0.172508
0.866667 0.179712 0.078126 0.662615 -0.691613 0.356305 0.280468 -0.214045 0.435040 -0.517228 0.119166 0.122741 -0.058592 -0.223426 2.354730 0.027869 0.101396 0.109774 -0.428761 2.138980 0.166239
0.900000 0.177632 0.073655 0.673649 -0.700007 0.349561 0.283188 -0.210748 0.456460 -0.544560 0.125587 0.124465 -0.061770 -0.208966 2.347179 0.018867 0.097279 0.118225 -0.421582 2.138156 0.156806
0.933333 0.176180 0.078250 0.679116 -0.716127 0.353412 0.289797 -0.210950 0.457392 -0.557688 0.129375 0.132199 -0.103327 -0.223256 2.350539 -0.022915 0.092564 0.112667 -0.412776 2.136819 0.133477
0.966667 0.174935 0.078961 0.676157 -0.704664 0.343568 0.289769 -0.212765 0.451540 -0.543784 0.123980 0.120220 -0.049450 -0.216883 2.343116 0.043978 0.102661 0.125687 -0.412540 2.125659 0.160508
1.000000 0.184057 0.074337 0.692135 -0.719860 0.341368 0.287662 -0.212552 0.474484 -0.577617 0.135283 0.118080 -0.047155 -0.208294 2.345050 0.039257 0.111900 0.119284 -0.406432 2.132551 0.152719
1.033333 0.183116 0.075313 0.683725 -0.703238 0.334652 0.291305 -0.214469 0.462130 -0.555275 0.125432 0.114760 -0.045257 -0.208785 2.347351 0.042180 0.120301 0.112442 -0.401038 2.136755 0.150994
1.066667 0.178075 0.075672 0.695487 -0.719240 0.343243 0.292539 -0.216300 0.480000 -0.581526 0.136410 0.115787 -0.046881 -0.208666 2.348406 0.050189 0.130788 0.107954 -0.397205 2.140379 0.143539
1.100000 0.176563 0.079439 0.685632 -0.704143 0.339252 0.292457 -0.218290 0.464733 -0.557601 0.125529 0.113405 -0.045872 -0.208267 2.347377 0.046734 0.137238 0.096144 -0.392703 2.146932 0.143632
1.133333 0.174511 0.080012 0.699398 -0.725825 0.347775 0.293862 -0.219289 0.482778 -0.589366 0.139002 0.114193 -0.050002 -0.204416 2.349866 0.062082 0.142046 0.089765 -0.387776 2.153404 0.144014
1.166667 0.168921 0.084783 0.703861 -0.734575 0.356195 0.295802 -0.222025 0.486019 -0.594389 0.138244 0.116673 -0.051369 -0.201908 2.348709 0.051844 0.145608 0.083207 -0.384673 2.155607 0.135321
1.200000 0.163764 0.092157 0.689638 -0.719147 0.355482 0.297067 -0.225136 0.463503 -0.562386 0.125885 0.116279 -0.050318 -0.204545 2.352587 0.065423 0.147518 0.078480 -0.390033 2.157107 0.139441
1.233333 0.158570 0.093112 0.703950 -0.741904 0.368049 0.299367 -0.226610 0.482684 -0.592626 0.136546 0.120347 -0.049598 -0.207608 2.350992 0.060872 0.150097 0.079389 -0.395861 2.158431 0.143679
1.266667 0.155958 0.098233 0.695602 -0.735305 0.368799 0.299340 -0.229213 0.466598 -0.573276 0.131088 0.118093 -0.052187 -0.206087 2.350905 0.059147 0.148351 0.078258 -0.397718 2.157445 0.143537
1.300000 0.151570 0.100078 0.707256 -0.762855 0.380904 0.302115 -0.229749 0.479617 -0.604402 0.145172 0.114710 -0.059836 -0.203849 2.348518 0.046986 0.140579 0.080868 -0.401423 2.157190 0.140796
1.333333 0.155814 0.103266 0.715212 -0.779816 0.390629 0.302284 -0.232424 0.483920 -0.620475 0.151267 0.119041 -0.077737 -0.206918 2.349270 0.019027 0.133558 0.077851 -0.404137 2.162004 0.127523
1.366667 0.151481 0.106604 0.722414 -0.799307 0.401872 0.305753 -0.234152 0.489495 -0.638269 0.159908 0.119119 -0.092512 -0.201844 2.347299 -0.007124 0.123611 0.080136 -0.399487 2.164406 0.119698
1.400000 0.148932 0.111384 0.711294 -0.788337 0.401242 0.305207 -0.235954 0.473769 -0.616628 0.150368 0.113589 -0.083681 -0.201345 2.352379 0.024090 0.122681 0.085312 -0.406814 2.165557 0.130030
1.433333 0.144858 0.113722 0.705781 -0.788390 0.404389 0.307332 -0.236529 0.467735 -0.613644 0.150401 0.108388 -0.068865 -0.197659 2.346673 0.025837 0.115379 0.089231 -0.404168 2.158044 0.137144
1.466667 0.142874 0.116967 0.704212 -0.793174 0.407933 0.307050 -0.237106 0.465341 -0.615273 0.149839 0.103963 -0.055600 -0.195255 2.346675 0.043590 0.113950 0.093504 -0.405389 2.159167 0.147390
1.500000 0.140454 0.122279 0.703283 -0.803053 0.414903 0.307757 -0.237766 0.461194 -0.615796 0.152208 0.101176 -0.052694 -0.199104 2.347482 0.058325 0.111112 0.096234 -0.410815 2.154864 0.146396
1.533333 0.143125 0.121609 0.699876 -0.801374 0.414707 0.310877 -0.238779 0.456780 -0.615572 0.150923 0.098236 -0.053119 -0.197234 2.349178 0.063478 0.111283 0.094608 -0.408924 2.159085 0.150162
1.566667 0.142085 0.126800 0.697083 -0.808308 0.421212 0.307381 -0.238806 0.451094 -0.613986 0.153419 0.095281 -0.052497 -0.195914 2.350913 0.069689 0.110141 0.094215 -0.404520 2.159050 0.146028
1.600000 0.147222 0.126239 0.696917 -0.808320 0.420855 0.308128 -0.239057 0.447625 -0.612981 0.153721 0.096732 -0.049500 -0.199546 2.352079 0.073256 0.112524 0.093708 -0.405462 2.159747 0.149585
1.633333 0.154699 0.125771 0.692550 -0.803231 0.420053 0.306971 -0.239399 0.438532 -0.608090 0.153421 0.096936 -0.051120 -0.199771 2.351700 0.066915 0.111247 0.095578 -0.409317 2.156471 0.143554
1.666667 0.157125 0.107261 0.751478 -0.871745 0.438913 0.303747 -0.233193 0.529982 -0.727808 0.193421 0.113505 -0.065926 -0.195075 2.354084 0.064199 0.127284 0.105434 -0.410636 2.155967 0.142857
1.700000 0.159173 0.121816 0.704340 -0.819934 0.426303 0.303963 -0.238096 0.457825 -0.636050 0.162897 0.103212 -0.055944 -0.201528 2.354235 0.078040 0.119373 0.095888 -0.408368 2.155377 0.149446
1.733333 0.160047 0.125111 0.690992 -0.805853 0.426803 0.304660 -0.238750 0.439775 -0.612530 0.154017 0.099293 -0.055765 -0.200833 2.354815 0.065044 0.120464 0.093717 -0.409639 2.155498 0.140611
1.766667 0.160216 0.124686 0.688380 -0.801567 0.428962 0.304812 -0.238965 0.437343 -0.607180 0.154206 0.099104 -0.053375 -0.202148 2.360509 0.092058 0.122314 0.094309 -0.408781 2.156782 0.146044
1.800000 0.162329 0.122001 0.703170 -0.825068 0.435552 0.303983 -0.237400 0.458790 -0.641224 0.165213 0.102419 -0.057207 -0.204807 2.358556 0.088127 0.121997 0.099251 -0.413188 2.153947 0.141061
1.833333 0.162270 0.125574 0.694130 -0.816019 0.435149 0.305107 -0.238110 0.443796 -0.621906 0.157438 0.106045 -0.077986 -0.202957 2.355016 0.031274 0.115015 0.093791 -0.406011 2.160670 0.124587
1.866667 0.162910 0.121278 0.706916 -0.834846 0.443578 0.305877 -0.236601 0.464933 -0.654958 0.171715 0.104858 -0.068229 -0.203399 2.354732 0.049395 0.117116 0.097828 -0.403426 2.164504 0.134509
1.900000 0.163181 0.123691 0.696472 -0.820609 0.439593 0.304083 -0.237017 0.448240 -0.629150 0.161120 0.103044 -0.061476 -0.204382 2.355602 0.059381 0.114931 0.099174 -0.402953 2.163833 0.137932
1.933333 0.160945 0.122834 0.688159 -0.813445 0.438945 0.304683 -0.235997 0.441041 -0.622466 0.161486 0.087132 -0.054887 -0.176602 2.351449 0.078983 0.112847 0.107230 -0.387047 2.150112 0.146739
1.966667 0.159066 0.123551 0.686605 -0.813012 0.439655 0.304215 -0.236071 0.439881 -0.621316 0.161689 0.085950 -0.049921 -0.173147 2.352371 0.093157 0.113028 0.109981 -0.387924 2.152861 0.155971
2.000000 0.157191 0.125192 0.683807 -0.811468 0.439857 0.305712 -0.236661 0.436474 -0.618104 0.160868 0.085063 -0.044492 -0.170808 2.354556 0.108197 0.112087 0.110704 -0.387243 2.153333 0.156573
2.033333 0.155774 0.125779 0.681060 -0.810029 0.438474 0.304240 -0.236389 0.432570 -0.612459 0.159139 0.083922 -0.042894 -0.168608 2.356783 0.111957 0.112159 0.110036 -0.389696 2.152477 0.159300
2.066667 0.155831 0.127034 0.676378 -0.804815 0.440234 0.305458 -0.237511 0.425017 -0.603232 0.157820 0.082982 -0.043543 -0.165702 2.359372 0.108450 0.112021 0.106608 -0.391435 2.154275 0.160196
2.100000 0.156738 0.108118 0.733237 -0.869332 0.455452 0.300739 -0.230391 0.513365 -0.717767 0.198780 0.096514 -0.056143 -0.157274 2.361494 0.111124 0.123323 0.114946 -0.390358 2.154042 0.159680
2.133333 0.154401 0.121704 0.686233 -0.817977 0.442928 0.305693 -0.234002 0.443150 -0.627410 0.165671 0.085386 -0.051587 -0.157814 2.359187 0.108308 0.113974 0.106818 -0.391151 2.149434 0.156266
2.166667 0.154263 0.127891 0.682880 -0.814522 0.443354 0.309475 -0.237392 0.429163 -0.609722 0.156787 0.095524 -0.058575 -0.197674 2.361597 0.068876 0.113035 0.092868 -0.407349 2.162446 0.139898
2.200000 0.153987 0.130178 0.682438 -0.817465 0.442620 0.311360 -0.237935 0.424238 -0.606696 0.155951 0.098408 -0.062263 -0.201485 2.361884 0.076594 0.114741 0.096407 -0.410650 2.160745 0.135806
2.233333 0.154271 0.110614 0.741349 -0.884584 0.457748 0.308233 -0.230420 0.514830 -0.725450 0.198996 0.111157 -0.068044 -0.195258 2.363765 0.096095 0.128607 0.108825 -0.408678 2.159836 0.139270
2.266667 0.153934 0.129140 0.691177 -0.836475 0.446072 0.310022 -0.235296 0.436164 -0.633203 0.167873 0.096763 -0.059828 -0.199189 2.352792 0.065057 0.116536 0.103336 -0.412329 2.152575 0.130432
2.300000 0.148209 0.130725 0.682513 -0.823116 0.439124 0.316487 -0.235332 0.423241 -0.613198 0.160709 0.096853 -0.057144 -0.199157 2.358052 0.078105 0.116207 0.095600 -0.401526 2.165851 0.139746
2.333333 0.147385 0.128066 0.695034 -0.841421 0.442415 0.315593 -0.233873 0.441627 -0.642113 0.172136 0.097029 -0.060587 -0.196081 2.357161 0.073502 0.114632 0.094368 -0.395592 2.162388 0.134626
2.366667 0.138181 0.135005 0.676775 -0.822674 0.436694 0.323787 -0.236644 0.411221 -0.601856 0.159981 0.093490 -0.055829 -0.200036 2.359490 0.084356 0.110190 0.091310 -0.393930 2.157812 0.137416
2.400000 0.134331 0.132939 0.688186 -0.838231 0.439644 0.324833 -0.235427 0.429653 -0.627244 0.168669 0.096397 -0.058466 -0.199287 2.359296 0.085181 0.110275 0.092947 -0.395135 2.157084 0.138137
2.433333 0.131976 0.132457 0.688677 -0.837439 0.439289 0.325619 -0.234665 0.430893 -0.627170 0.167242 0.097563 -0.057594 -0.200973 2.358993 0.082378 0.110158 0.092139 -0.396007 2.161885 0.139336
2.466667 0.132194 0.135126 0.671806 -0.813274 0.431835 0.327027 -0.235411 0.405283 -0.587489 0.152630 0.094996 -0.051957 -0.206826 2.358087 0.090225 0.111178 0.094030 -0.404327 2.160536 0.140445
2.500000 0.130531 0.131015 0.685780 -0.828079 0.434313 0.328979 -0.233787 0.427630 -0.616266 0.160929 0.099146 -0.055883 -0.206425 2.358819 0.092044 0.115900 0.095682 -0.406351 2.162611 0.141546
2.533333 0.126951 0.130138 0.686193 -0.829411 0.434479 0.332320 -0.233164 0.428559 -0.618487 0.164024 0.099352 -0.062500 -0.203602 2.357397 0.085427 0.115146 0.097345 -0.404996 2.163133 0.141359
2.566667 0.126793 0.128231 0.684864 -0.828528 0.435844 0.333756 -0.231170 0.428330 -0.618004 0.162859 0.098820 -0.066710 -0.199892 2.357553 0.080669 0.116637 0.099588 -0.406392 2.160817 0.135051
2.600000 0.126454 0.127234 0.688766 -0.830542 0.435782 0.336742 -0.231837 0.431886 -0.621896 0.166645 0.100049 -0.065660 -0.203448 2.356509 0.082345 0.119962 0.102376 -0.408534 2.162668 0.144829
2.633333 0.123530 0.130964 0.673935 -0.809046 0.427986 0.340798 -0.233202 0.408049 -0.584239 0.148512 0.099255 -0.061211 -0.214150 2.356186 0.081939 0.128428 0.111014 -0.431559 2.167803 0.166980
2.666667 0.120056 0.127874 0.686846 -0.829040 0.436731 0.342772 -0.231633 0.429788 -0.619060 0.164252 0.099013 -0.066124 -0.207148 2.354090 0.076100 0.121058 0.100722 -0.401799 2.166838 0.136805
2.700000 0.120445 0.126276 0.692165 -0.833407 0.435053 0.342950 -0.230429 0.437720 -0.629263 0.166665 0.100633 -0.062640 -0.208482 2.353126 0.079786 0.122032 0.100704 -0.405186 2.166088 0.141026
2.733333 0.118913 0.125380 0.693433 -0.835118 0.434872 0.344603 -0.229900 0.439836 -0.633143 0.168547 0.099829 -0.063542 -0.206484 2.352392 0.079273 0.119167 0.100772 -0.405610 2.163089 0.144027
2.766667 0.119731 0.128504 0.677332 -0.808771 0.425225 0.348489 -0.231593 0.414216 -0.592702 0.151022 0.098977 -0.057407 -0.218391 2.355005 0.082351 0.129138 0.115805 -0.442774 2.174487 0.171663
2.800000 0.110288 0.128403 0.684560 -0.826967 0.439110 0.349095 -0.230489 0.431803 -0.622355 0.165440 0.098200 -0.064661 -0.206204 2.355313 0.077394 0.118829 0.098518 -0.411131 2.171446 0.159550
2.833333 0.110301 0.126887 0.689476 -0.831461 0.439010 0.350204 -0.230054 0.437972 -0.630476 0.167925 0.098850 -0.067232 -0.202850 2.358268 0.077282 0.117632 0.098112 -0.412428 2.171739 0.160766
2.866667 0.109233 0.125989 0.692036 -0.832482 0.435939 0.352547 -0.229850 0.440697 -0.633299 0.169274 0.099886 -0.070507 -0.201317 2.358472 0.073335 0.117911 0.098299 -0.416251 2.175674 0.180715
2.900000 0.106886 0.126005 0.693129 -0.833929 0.437690 0.354572 -0.230411 0.443833 -0.637519 0.170215 0.100939 -0.070271 -0.200757 2.358426 0.073215 0.119037 0.101231 -0.415434 2.172457 0.161303
2.933333 0.105186 0.128072 0.692314 -0.832433 0.438299 0.355958 -0.231574 0.440614 -0.633471 0.168607 0.101601 -0.076354 -0.205363 2.357787 0.069831 0.120109 0.104504 -0.423509 2.171869 0.152300
2.966667 0.106001 0.127772 0.693346 -0.833513 0.438984 0.357474 -0.231696 0.441196 -0.635728 0.171467 0.100614 -0.080856 -0.200132 2.356061 0.066362 0.119548 0.102144 -0.416395 2.170658 0.146372
3.000000 0.108508 0.126953 0.690959 -0.831701 0.438336 0.358850 -0.230514 0.438419 -0.634672 0.168911 0.099345 -0.079161 -0.200921 2.357774 0.071434 0.118961 0.104764 -0.418125 2.172825 0.161461
3.033333 0.106982 0.128220 0.688863 -0.829877 0.439009 0.359705 -0.231063 0.434139 -0.629434 0.167628 0.098461 -0.082591 -0.196559 2.358115 0.066497 0.119030 0.104220 -0.415114 2.171234 0.145421
3.066667 0.105424 0.128966 0.687136 -0.826903 0.441252 0.360324 -0.231762 0.433393 -0.626566 0.165855 0.099140 -0.077566 -0.199346 2.358899 0.074152 0.122724 0.104454 -0.412693 2.169405 0.142082
3.100000 0.109128 0.128578 0.684365 -0.825404 0.442599 0.364922 -0.231994 0.428553 -0.625479 0.167124 0.096220 -0.083072 -0.191400 2.359842 0.063268 0.121510 0.106389 -0.412424 2.171732 0.143698
3.133333 0.103190 0.132231 0.683092 -0.827065 0.447681 0.362779 -0.233418 0.428157 -0.623662 0.166881 0.096219 -0.083169 -0.190515 2.361056 0.061994 0.122700 0.105745 -0.416128 2.176023 0.155099
3.166667 0.111690 0.128543 0.683693 -0.824932 0.444400 0.364215 -0.232204 0.428488 -0.626363 0.165588 0.096785 -0.078668 -0.194139 2.361630 0.070765 0.132142 0.120677 -0.419900 2.178656 0.160745
3.200000 0.111580 0.129678 0.680247 -0.822510 0.445253 0.361521 -0.232106 0.423876 -0.621135 0.165063 0.095423 -0.078733 -0.193358 2.359446 0.073261 0.133474 0.124553 -0.417722 2.173688 0.151202
3.233333 0.107426 0.131304 0.679634 -0.823854 0.446159 0.360556 -0.232708 0.423290 -0.618302 0.164624 0.098836 -0.064733 -0.204055 2.363176 0.090779 0.135820 0.126199 -0.420129 2.176504 0.156693
3.266667 0.107997 0.136179 0.661855 -0.801402 0.441022 0.362488 -0.235078 0.394514 -0.577916 0.148086 0.094854 -0.069999 -0.205612 2.362455 0.081815 0.124992 0.109263 -0.416234 2.173463 0.151001
3.300000 0.108817 0.135398 0.672708 -0.817667 0.447173 0.357611 -0.234930 0.410780 -0.602453 0.161137 0.098724 -0.063897 -0.207025 2.364451 0.089315 0.123971 0.106331 -0.413514 2.175374 0.160430
3.333333 0.110932 0.139099 0.658828 -0.798984 0.445310 0.356016 -0.236704 0.388698 -0.567974 0.145746 0.096767 -0.069011 -0.203646 2.366208 0.083803 0.123868 0.105921 -0.417415 2.173886 0.150989
3.366667 0.114470 0.136154 0.667835 -0.812654 0.452229 0.355950 -0.235754 0.403839 -0.593574 0.157369 0.098774 -0.065432 -0.207125 2.366738 0.084139 0.119490 0.100136 -0.413501 2.180561 0.193007
3.400000 0.115663 0.140742 0.654485 -0.795053 0.447084 0.351091 -0.237377 0.382155 -0.561197 0.145058 0.098829 -0.053896 -0.208435 2.368923 0.097641 0.119283 0.099143 -0.414053 2.181742 0.199178
3.433333 0.121817 0.137148 0.662612 -0.807242 0.452451 0.351767 -0.235248 0.395098 -0.585043 0.154572 0.097975 -0.069741 -0.204344 2.370105 0.085139 0.123965 0.115183 -0.428508 2.183540 0.169796
3.466667 0.121027 0.140656 0.650282 -0.792492 0.448915 0.349883 -0.236402 0.375898 -0.556367 0.143942 0.096101 -0.066004 -0.202581 2.371901 0.088919 0.120793 0.108443 -0.418293 2.185528 0.173108
3.500000 0.121079 0.139285 0.659505 -0.806906 0.455652 0.345292 -0.235371 0.391141 -0.579037 0.156502 0.097697 -0.065442 -0.203663 2.372322 0.091428 0.124359 0.112690 -0.418625 2.185994 0.156865
3.533333 0.126009 0.135971 0.665720 -0.814215 0.458184 0.346738 -0.234501 0.402039 -0.596788 0.159687 0.096957 -0.071724 -0.199715 2.370474 0.093231 0.121084 0.103050 -0.401061 2.181574 0.142712
3.566667 0.126085 0.140637 0.644184 -0.784980 0.448556 0.345107 -0.236225 0.366884 -0.542897 0.143190 0.096425 -0.062483 -0.218798 2.374076 0.106914 0.137351 0.125670 -0.453762 2.179826 0.191869
3.600000 0.127400 0.140915 0.642489 -0.783600 0.447942 0.347457 -0.236395 0.364768 -0.542317 0.141055 0.095527 -0.058208 -0.215392 2.371137 0.103992 0.129351 0.117457 -0.437528 2.187075 0.170852
3.633333 0.127100 0.139041 0.657135 -0.802043 0.453043 0.343874 -0.235820 0.387340 -0.574857 0.153923 0.097216 -0.062712 -0.212000 2.369956 0.102496 0.127111 0.113126 -0.426590 2.186527 0.161222
3.666667 0.126939 0.140430 0.646855 -0.786782 0.446212 0.347998 -0.236610 0.371108 -0.550498 0.142552 0.095565 -0.063015 -0.214884 2.371311 0.104350 0.126222 0.114630 -0.431222 2.189245 0.164766
3.700000 0.127749 0.141188 0.641517 -0.780915 0.445062 0.343130 -0.235771 0.361551 -0.535281 0.140756 0.093313 -0.063890 -0.217311 2.370240 0.107220 0.124729 0.112399 -0.433516 2.188746 0.168487
3.733333 0.128609 0.139909 0.642940 -0.776930 0.441988 0.339759 -0.236099 0.361822 -0.529811 0.141837 0.095788 -0.057008 -0.224506 2.369789 0.122283 0.126885 0.110930 -0.431195 2.187716 0.169314
3.766667 0.126992 0.139479 0.643721 -0.777256 0.442113 0.345525 -0.236933 0.363874 -0.532345 0.138584 0.096646 -0.057732 -0.226323 2.368965 0.122752 0.128747 0.112841 -0.435623 2.187616 0.174182
3.800000 0.127385 0.135466 0.653272 -0.788843 0.444180 0.348471 -0.235125 0.383192 -0.561154 0.145886 0.100015 -0.062561 -0.222984 2.367433 0.118818 0.130440 0.114622 -0.437142 2.188634 0.175638
3.833333 0.126838 0.134141 0.666581 -0.808864 0.452427 0.344087 -0.234584 0.402994 -0.591863 0.159061 0.098162 -0.070807 -0.208194 2.363946 0.109211 0.121720 0.092821 -0.399105 2.179984 0.149485
3.866667 0.123902 0.136763 0.656332 -0.793696 0.448459 0.346768 -0.235924 0.387042 -0.564619 0.146489 0.098764 -0.071687 -0.215836 2.364667 0.112900 0.127189 0.100801 -0.416679 2.183721 0.149863
3.900000 0.128599 0.132033 0.669289 -0.809278 0.452180 0.340232 -0.233380 0.406828 -0.593783 0.162018 0.100834 -0.069203 -0.213138 2.361978 0.117869 0.125773 0.092008 -0.399681 2.178252 0.142429
3.933333 0.125551 0.131072 0.674496 -0.818903 0.457000 0.345544 -0.234344 0.416624 -0.609775 0.167737 0.102198 -0.074713 -0.213358 2.360420 0.117417 0.127221 0.093860 -0.399028 2.177930 0.139935
3.966667 0.126024 0.133398 0.663687 -0.801461 0.450148 0.340524 -0.234874 0.400316 -0.580417 0.153794 0.100108 -0.070014 -0.217074 2.355972 0.130073 0.128927 0.091999 -0.395943 2.176645 0.138324
4.000000 0.133148 0.127001 0.679410 -0.818654 0.455552 0.339205 -0.233830 0.423571 -0.614433 0.167573 0.101005 -0.075363 -0.222028 2.350463 0.144422 0.129730 0.093908 -0.395125 2.177161 0.136961
4.033333 0.132217 0.130110 0.669832 -0.803916 0.448189 0.330901 -0.235327 0.411606 -0.590798 0.155426 0.101077 -0.084841 -0.213708 2.345535 0.134952 0.130777 0.090422 -0.389078 2.177354 0.129401
4.066667 0.135846 0.131035 0.670618 -0.798607 0.439869 0.324637 -0.238397 0.407597 -0.580965 0.154740 0.105180 -0.074901 -0.219048 2.342936 0.126133 0.140257 0.093956 -0.387189 2.176058 0.124970
4.100000 0.142852 0.126492 0.683441 -0.816639 0.438303 0.321644 -0.237558 0.423699 -0.609728 0.167770 0.118459 -0.067977 -0.217779 2.344611 0.123185 0.155201 0.104340 -0.385031 2.180620 0.130737
4.133333 0.147973 0.129388 0.671448 -0.797914 0.426699 0.313792 -0.239284 0.401668 -0.575470 0.154702 0.143661 -0.044202 -0.214187 2.357813 0.148518 0.190647 0.124767 -0.382492 2.181810 0.131135
4.166667 0.158359 0.121868 0.673895 -0.805027 0.418821 0.305300 -0.233441 0.410771 -0.593192 0.162453 0.181972 -0.032697 -0.209884 2.375461 0.170272 0.226696 0.132756 -0.378503 2.187011 0.131953
4.200000 0.168743 0.117863 0.666329 -0.807171 0.418568 0.298992 -0.229522 0.398435 -0.588772 0.171906 0.214901 -0.021719 -0.210867 2.396349 0.194616 0.261353 0.134559 -0.372323 2.186629 0.121048
4.233333 0.180362 0.114625 0.666407 -0.807781 0.416868 0.285511 -0.226993 0.403386 -0.591397 0.170047 0.244763 -0.014493 -0.212892 2.408527 0.181680 0.296618 0.130840 -0.370556 2.190858 0.119879
4.266667 0.196815 0.108912 0.665759 -0.798959 0.411565 0.262273 -0.222775 0.409025 -0.586953 0.174135 0.258764 -0.018396 -0.207647 2.426005 0.187029 0.325588 0.123536 -0.371888 2.196525 0.119575
4.300000 0.212286 0.104671 0.666388 -0.793849 0.410256 0.253312 -0.220675 0.419708 -0.595972 0.168567 0.262373 -0.025257 -0.200934 2.436756 0.176422 0.341068 0.116997 -0.374309 2.203207 0.120422
4.333333 0.224938 0.101625 0.670575 -0.797412 0.406704 0.245042 -0.217546 0.429904 -0.608312 0.168289 0.260489 -0.036016 -0.203924 2.439366 0.186866 0.344032 0.108652 -0.373442 2.207977 0.115533
4.366667 0.227200 0.098630 0.681490 -0.810086 0.397775 0.234398 -0.212585 0.445831 -0.624839 0.173209 0.251945 -0.049156 -0.211711 2.427517 0.199741 0.338771 0.103425 -0.372430 2.204567 0.113665
4.400000 0.220235 0.099057 0.703179 -0.842675 0.384308 0.227278 -0.208092 0.465897 -0.655888 0.184434 0.231973 -0.069289 -0.224530 2.408802 0.248775 0.317358 0.097630 -0.362717 2.196597 0.121469
4.433333 0.200699 0.096516 0.733130 -0.887309 0.366170 0.217691 -0.201413 0.495827 -0.695060 0.198733 0.214569 -0.076664 -0.237639 2.385566 0.269714 0.288910 0.096649 -0.356506 2.187889 0.136878
4.466667 0.188148 0.072374 0.816096 -0.976177 0.356531 0.204069 -0.184757 0.604414 -0.823815 0.243936 0.217342 -0.084555 -0.240554 2.376144 0.268335 0.270335 0.104578 -0.364983 2.185879 0.156778
4.500000 0.183463 0.082776 0.786858 -0.933504 0.340281 0.197043 -0.184661 0.555152 -0.749906 0.218261 0.206429 -0.069677 -0.242987 2.375173 0.266323 0.228412 0.083641 -0.356074 2.189170 0.174525
4.533333 0.201164 0.058079 0.858399 -0.984805 0.365763 0.184959 -0.173221 0.658472 -0.872148 0.260668 0.235278 -0.074957 -0.218271 2.396723 0.268555 0.240140 0.094986 -0.353505 2.196983 0.179347
4.566667 0.228256 0.077758 0.763120 -0.871069 0.381716 0.191974 -0.174851 0.541101 -0.750844 0.222352 0.229058 -0.068963 -0.220784 2.416416 0.277353 0.224157 0.092875 -0.332106 2.211128 0.185430
4.600000 0.268807 0.076093 0.719140 -0.777801 0.396631 0.183464 -0.169811 0.509829 -0.715832 0.212760 0.246707 -0.052911 -0.197970 2.441776 0.243689 0.251698 0.101458 -0.321022 2.233133 0.180329
4.633333 0.303773 0.068409 0.692050 -0.693573 0.391156 0.170268 -0.164003 0.504904 -0.704135 0.207008 0.259204 -0.031237 -0.199752 2.460781 0.234532 0.281866 0.109775 -0.317604 2.254431 0.190372
4.666667 0.331115 0.059855 0.675650 -0.636152 0.357599 0.156956 -0.156569 0.503211 -0.700666 0.205882 0.255217 -0.009535 -0.225559 2.460198 0.241555 0.290643 0.112086 -0.308160 2.266011 0.174706
4.700000 0.333236 0.056482 0.668513 -0.641802 0.340403 0.139814 -0.145348 0.508683 -0.715670 0.215478 0.241266 0.001663 -0.256021 2.440182 0.242917 0.270056 0.105368 -0.298576 2.258962 0.168957
4.733333 0.347519 0.041602 0.674036 -0.668403 0.351323 0.127992 -0.136545 0.525858 -0.742669 0.226622 0.232144 -0.002445 -0.266170 2.433304 0.222038 0.233544 0.098136 -0.290124 2.245501 0.169051
4.766667 0.368389 -0.005157 0.762562 -0.737593 0.360654 0.104811 -0.123967 0.656468 -0.867911 0.269931 0.270342 -0.015432 -0.231942 2.449148 0.224794 0.229219 0.090400 -0.295070 2.224457 0.168288
4.800000 0.383501 -0.013312 0.712975 -0.675052 0.335082 0.086830 -0.113184 0.624203 -0.829458 0.260726 0.281372 -0.037610 -0.195722 2.457504 0.289209 0.174247 0.075368 -0.283614 2.209708 0.173051
4.833333 0.386043 -0.014154 0.705381 -0.745327 0.390291 0.088064 -0.103620 0.617721 -0.888452 0.296085 0.291387 -0.043543 -0.176014 2.458923 0.272845 0.100626 0.055248 -0.255828 2.207855 0.178306
4.866667 0.392003 -0.028837 0.695992 -0.764772 0.403930 0.068188 -0.090459 0.625959 -0.924037 0.320867 0.305838 -0.017131 -0.161878 2.463457 0.206048 0.081342 0.046374 -0.258157 2.214514 0.178326
4.900000 0.392797 -0.041669 0.720315 -0.835380 0.435787 0.064838 -0.081154 0.657988 -1.002375 0.359821 0.300545 0.020683 -0.191311 2.444451 0.170339 0.089450 0.042998 -0.266482 2.220579 0.180934
4.933333 0.382467 -0.038725 0.694494 -0.841763 0.451427 0.072019 -0.073036 0.635339 -1.008779 0.373423 0.269822 0.029392 -0.233875 2.409066 0.185469 0.130763 0.054830 -0.270841 2.233245 0.155272
4.966667 0.373371 -0.039435 0.691866 -0.863968 0.464853 0.085906 -0.066325 0.628940 -1.025805 0.387185 0.246447 0.012841 -0.242156 2.402343 0.194563 0.229496 0.082914 -0.286226 2.248022 0.100004
5.000000 0.342111 -0.028186 0.683292 -0.873712 0.474081 0.117253 -0.068445 0.605718 -1.017546 0.389855 0.235160 -0.019134 -0.202675 2.406196 0.174643 0.360528 0.110601 -0.301777 2.264032 0.053410
5.033333 0.312670 -0.032654 0.710818 -0.867893 0.464754 0.150008 -0.075482 0.626604 -1.009307 0.381652 0.256974 -0.059055 -0.146476 2.428777 0.255659 0.528232 0.117284 -0.324918 2.276618 -0.029844
5.066667 0.258702 -0.009149 0.683567 -0.837782 0.463284 0.220711 -0.090063 0.568035 -0.947159 0.355666 0.269919 -0.072262 -0.158436 2.431586 0.266054 0.659501 0.145885 -0.330109 2.281764 -0.095789
5.100000 0.197768 0.016387 0.666304 -0.831260 0.476567 0.298042 -0.104654 0.516564 -0.906677 0.340738 0.285767 -0.042678 -0.188189 2.436945 0.219816 0.801799 0.190853 -0.341022 2.253087 -0.156512
5.133333 0.125799 0.040351 0.650331 -0.831431 0.492416 0.383657 -0.116732 0.469716 -0.874422 0.326896 0.296816 -0.033434 -0.239025 2.438167 0.227060 0.938153 0.246988 -0.355293 2.181455 -0.191597
5.166667 0.049048 0.066088 0.636473 -0.826900 0.496480 0.461437 -0.130132 0.425407 -0.837825 0.303899 0.314788 -0.015427 -0.307632 2.434422 0.219916 1.071995 0.302509 -0.381027 2.062872 -0.222775
5.200000 -0.020182 0.083441 0.618071 -0.825098 0.503612 0.528338 -0.136929 0.385735 -0.812093 0.284956 0.319154 -0.035838 -0.321674 2.437906 0.246327 1.203373 0.360617 -0.416335 1.886343 -0.222360
5.233333 -0.071765 0.094505 0.614121 -0.829243 0.504924 0.576704 -0.143594 0.370225 -0.805386 0.258926 0.326281 -0.040549 -0.336132 2.424126 0.216414 1.332964 0.398076 -0.475829 1.666505 -0.193723
5.266667 -0.112494 0.105065 0.605309 -0.837462 0.510500 0.601176 -0.146518 0.358016 -0.807706 0.223850 0.322258 -0.063544 -0.348216 2.409945 0.218408 1.454039 0.416676 -0.549472 1.406960 -0.154284
5.300000 -0.142326 0.109805 0.598298 -0.843015 0.516299 0.600368 -0.146814 0.357777 -0.819989 0.192808 0.319683 -0.073649 -0.351348 2.403976 0.197380 1.571100 0.431832 -0.637174 1.143153 -0.156535
5.333333 -0.166253 0.109003 0.621337 -0.888352 0.533709 0.582678 -0.145396 0.396350 -0.888703 0.177881 0.327916 -0.079881 -0.360222 2.395614 0.185571 1.635277 0.453627 -0.723904 0.961907 -0.140396
5.366667 -0.196746 0.118436 0.600469 -0.871704 0.534288 0.562568 -0.148291 0.388484 -0.883349 0.132267 0.328881 -0.080438 -0.382981 2.402594 0.201080 1.601619 0.511408 -0.750691 1.000046 -0.187307
5.400000 -0.222433 0.127898 0.567650 -0.843302 0.538378 0.538677 -0.149554 0.368010 -0.867193 0.088842 0.325557 -0.075071 -0.382319 2.419067 0.204927 1.487817 0.594622 -0.690505 1.205236 -0.200816
5.433333 -0.252033 0.131970 0.546157 -0.828192 0.542271 0.517546 -0.148083 0.358143 -0.862509 0.053075 0.321834 -0.078868 -0.381412 2.426921 0.209723 1.329388 0.664854 -0.582159 1.456255 -0.169250
5.466667 -0.287488 0.135935 0.523825 -0.820800 0.555840 0.516523 -0.148644 0.344230 -0.861867 0.030895 0.319790 -0.085515 -0.385503 2.425317 0.240334 1.179150 0.727819 -0.440901 1.682480 -0.236786
5.500000 -0.316455 0.139144 0.503900 -0.809879 0.565116 0.536630 -0.150548 0.326180 -0.847941 0.010489 0.315700 -0.090783 -0.381114 2.424094 0.239317 1.055080 0.769753 -0.317764 1.864095 -0.278283
5.533333 -0.340633 0.140082 0.504033 -0.820863 0.574591 0.560169 -0.151364 0.325990 -0.854560 0.001111 0.320570 -0.086689 -0.385767 2.421208 0.246196 1.000201 0.795776 -0.272887 1.964705 -0.260108
5.566667 -0.352468 0.138689 0.521994 -0.850573 0.588827 0.573549 -0.152497 0.344586 -0.883867 0.003597 0.319004 -0.087563 -0.386547 2.418315 0.244229 1.040435 0.798598 -0.290977 1.957623 -0.246925
5.600000 -0.362561 0.141178 0.528476 -0.864997 0.596344 0.582744 -0.156663 0.351016 -0.894209 -0.003119 0.320400 -0.084194 -0.396448 2.416082 0.243338 1.159878 0.799243 -0.365593 1.815944 -0.263815
5.633333 -0.360925 0.142117 0.542198 -0.881974 0.596237 0.585426 -0.158235 0.364125 -0.908073 -0.011103 0.322522 -0.078419 -0.399360 2.418994 0.229434 1.353513 0.781185 -0.515516 1.533955 -0.221913
5.666667 -0.354502 0.139839 0.557587 -0.898961 0.594964 0.587127 -0.157767 0.381017 -0.926038 -0.017859 0.324572 -0.080842 -0.402338 2.414216 0.212669 1.582993 0.735718 -0.708217 1.140061 -0.157191
5.700000 -0.344547 0.137067 0.577392 -0.915763 0.590107 0.587355 -0.158539 0.399867 -0.942297 -0.025656 0.328220 -0.087333 -0.402975 2.408541 0.211576 1.789186 0.683150 -0.899419 0.752658 -0.170192
5.733333 -0.344738 0.140088 0.597553 -0.926871 0.586919 0.592664 -0.165353 0.416711 -0.949731 -0.032406 0.344289 -0.083274 -0.411391 2.412684 0.213263 1.795698 0.657781 -0.939818 0.675759 -0.133991
5.766667 -0.348703 0.141416 0.553142 -0.872599 0.570966 0.603734 -0.163142 0.372601 -0.891628 -0.058127 0.331934 -0.078742 -0.405176 2.418426 0.201936 1.636185 0.690557 -0.769520 0.894681 -0.102529
5.800000 -0.351371 0.135101 0.522232 -0.842509 0.568309 0.611301 -0.153988 0.348680 -0.867091 -0.063711 0.311986 -0.084191 -0.394239 2.419699 0.217147 1.404671 0.707030 -0.588631 1.209594 -0.094736
5.833333 -0.349538 0.124912 0.508539 -0.833256 0.569632 0.612773 -0.141415 0.344206 -0.869995 -0.048266 0.284946 -0.095434 -0.396861 2.422102 0.243572 1.174107 0.701247 -0.447773 1.523523 -0.116041
5.866667 -0.337866 0.111500 0.507646 -0.826402 0.570019 0.610197 -0.131202 0.351362 -0.877441 -0.020332 0.275754 -0.092292 -0.381850 2.425347 0.255864 0.966565 0.664252 -0.334905 1.794353 -0.142116
5.900000 -0.313014 0.100823 0.508282 -0.808402 0.563202 0.611337 -0.123990 0.356481 -0.871562 0.009420 0.268254 -0.092150 -0.361630 2.437387 0.256749 0.786382 0.583312 -0.277113 2.021133 -0.109965
5.933333 -0.285929 0.085465 0.513875 -0.794428 0.551071 0.622900 -0.114235 0.366481 -0.864925 0.042437 0.263058 -0.096484 -0.352685 2.454339 0.260881 0.645059 0.489966 -0.262619 2.212192 -0.017484
5.966667 -0.247422 0.063869 0.505635 -0.761060 0.533437 0.635441 -0.099049 0.368405 -0.844469 0.078019 0.251715 -0.108989 -0.338883 2.479400 0.282508 0.562260 0.398852 -0.247787 2.305008 -0.017527
6.000000 -0.212744 0.045910 0.519415 -0.753566 0.526089 0.644819 -0.093775 0.391723 -0.848820 0.123820 0.257687 -0.120890 -0.322287 2.504012 0.289016 0.498625 0.289345 -0.259218 2.357404 0.048260
6.033333 -0.167313 0.032981 0.505589 -0.710008 0.504895 0.626141 -0.088142 0.387250 -0.816697 0.149024 0.259832 -0.129099 -0.326138 2.528749 0.323747 0.442354 0.178884 -0.317456 2.400320 0.223550
6.066667 -0.104251 0.016232 0.489430 -0.663328 0.477055 0.570732 -0.076302 0.389661 -0.794386 0.167230 0.264059 -0.116337 -0.328329 2.556377 0.374341 0.409842 0.106140 -0.359442 2.412184 0.213927
6.100000 -0.040339 0.002121 0.556929 -0.692450 0.468261 0.502871 -0.082063 0.462011 -0.835359 0.203382 0.300695 -0.091712 -0.329736 2.570000 0.381906 0.407017 0.065109 -0.391493 2.413179 0.165704
6.133333 0.014952 -0.009337 0.606027 -0.710158 0.454080 0.442990 -0.084887 0.513547 -0.859849 0.231740 0.306914 -0.087383 -0.326935 2.570000 0.365042 0.381070 0.021601 -0.429587 2.415041 0.207767
6.166667 0.033209 -0.004035 0.614972 -0.691381 0.438002 0.430746 -0.095886 0.507671 -0.827006 0.244319 0.264618 -0.107038 -0.367800 2.569106 0.373831 0.333763 0.010296 -0.404473 2.418755 0.236607
6.200000 0.077562 -0.009722 0.643454 -0.689513 0.418925 0.383383 -0.098416 0.532239 -0.822906 0.264031 0.219899 -0.121031 -0.347041 2.539944 0.368560 0.317331 -0.001006 -0.410922 2.398224 0.231207
6.233333 0.117628 -0.016503 0.662790 -0.676967 0.396977 0.342671 -0.099410 0.554206 -0.819119 0.280620 0.154010 -0.119201 -0.309345 2.506541 0.401290 0.305752 -0.001607 -0.429260 2.387354 0.230124
6.266667 0.144562 -0.018496 0.678922 -0.667532 0.380664 0.310158 -0.100888 0.569276 -0.807300 0.284604 0.086545 -0.124757 -0.237316 2.487270 0.401621 0.302823 -0.009397 -0.440942 2.392367 0.259801
6.300000 0.161279 -0.029969 0.693632 -0.661180 0.361549 0.286208 -0.094498 0.599498 -0.818549 0.286370 0.023019 -0.112845 -0.161475 2.480195 0.439779 0.302209 -0.014840 -0.431392 2.369973 0.225614
6.333333 0.152221 -0.041895 0.685521 -0.642248 0.354176 0.287455 -0.081926 0.620480 -0.831598 0.288027 -0.013595 -0.094749 -0.111847 2.490402 0.454784 0.299660 0.004808 -0.422312 2.378535 0.209004
6.366667 0.171239 -0.063700 0.679619 -0.621680 0.341649 0.272826 -0.064064 0.655810 -0.859986 0.283637 -0.008406 -0.030465 -0.048582 2.526338 0.425281 0.315100 0.016063 -0.431599 2.373174 0.208932
6.400000 0.255455 -0.068710 0.684004 -0.619393 0.330604 0.185635 -0.061961 0.681306 -0.887277 0.280155 0.006813 0.041511 0.073440 2.570000 0.376666 0.349098 -0.000919 -0.486252 2.364686 0.203811
6.433333 0.281596 -0.082642 0.676023 -0.610611 0.317605 0.160759 -0.050036 0.698271 -0.909112 0.279222 0.101979 0.146215 0.097407 2.570000 0.292353 0.364927 -0.009606 -0.502307 2.350578 0.189243
6.466667 0.303906 -0.096865 0.670312 -0.598888 0.306475 0.139497 -0.037645 0.713801 -0.921160 0.280268 0.232879 0.269234 0.103328 2.570000 0.129780 0.387884 -0.015947 -0.517250 2.343389 0.176434
6.500000 0.321960 -0.106139 0.666502 -0.586688 0.297857 0.121327 -0.028793 0.724390 -0.921598 0.278884 0.376750 0.371913 0.056092 2.570000 0.019860 0.412562 -0.022971 -0.529048 2.341046 0.178891
6.533333 0.339951 -0.113627 0.647922 -0.566777 0.289134 0.100784 -0.019835 0.717903 -0.915751 0.281908 0.510666 0.439995 -0.019170 2.539535 -0.046597 0.429913 -0.038631 -0.537176 2.328940 0.176686
6.566667 0.362224 -0.128384 0.614533 -0.518278 0.261402 0.080596 -0.006940 0.707833 -0.902709 0.279345 0.647891 0.490531 -0.096517 2.407401 -0.105998 0.451259 -0.039058 -0.537582 2.318750 0.169248
6.600000 0.383383 -0.140491 0.594924 -0.509167 0.247482 0.062294 0.008212 0.708343 -0.917824 0.283650 0.757995 0.532444 -0.162456 2.156588 -0.170143 0.464693 -0.036786 -0.538672 2.308081 0.166580
6.633333 0.396754 -0.149458 0.586220 -0.525482 0.244273 0.041668 0.025324 0.716750 -0.951715 0.297308 0.862411 0.571091 -0.225863 1.848806 -0.235225 0.468964 -0.040506 -0.534883 2.304435 0.159955
6.666667 0.409837 -0.159784 0.600852 -0.573722 0.251480 0.022421 0.037780 0.736701 -1.001801 0.319861 0.959429 0.620982 -0.315687 1.589418 -0.240515 0.467998 -0.045958 -0.535142 2.308485 0.159006
6.700000 0.423970 -0.176630 0.588738 -0.549432 0.229943 0.004645 0.053576 0.751383 -1.009787 0.318130 1.007724 0.666177 -0.378425 1.515937 -0.286972 0.482524 -0.039723 -0.538174 2.312123 0.162107
6.733333 0.443921 -0.189666 0.587521 -0.535565 0.215768 -0.019283 0.065473 0.768138 -1.014955 0.316449 0.979173 0.709469 -0.377224 1.637207 -0.352597 0.490518 -0.040814 -0.542771 2.320756 0.175102
6.766667 0.463272 -0.194436 0.575511 -0.520280 0.205518 -0.041623 0.075584 0.767249 -1.009409 0.313590 0.903402 0.739032 -0.353460 1.833098 -0.226680 0.479896 -0.046759 -0.543177 2.318281 0.188929
6.800000 0.482818 -0.195091 0.570679 -0.508874 0.193137 -0.061845 0.078762 0.766771 -1.001214 0.307340 0.835270 0.779058 -0.318659 2.028124 -0.251521 0.468669 -0.047785 -0.544531 2.316554 0.197615
6.833333 0.502190 -0.193480 0.590712 -0.528861 0.188154 -0.083338 0.074455 0.779093 -1.015672 0.311464 0.766736 0.828662 -0.269904 2.194049 -0.322328 0.462934 -0.046191 -0.535359 2.313676 0.191786
6.866667 0.511427 -0.195849 0.594889 -0.534199 0.188190 -0.093912 0.077104 0.784691 -1.018576 0.312110 0.703168 0.842418 -0.229384 2.322812 -0.257598 0.463451 -0.039978 -0.536565 2.317437 0.198048
6.900000 0.523862 -0.190130 0.613721 -0.575397 0.206701 -0.109328 0.073472 0.790706 -1.038212 0.320975 0.670544 0.861110 -0.181895 2.366210 -0.284649 0.460804 -0.038000 -0.540617 2.323950 0.201123
6.933333 0.533689 -0.185979 0.623820 -0.600100 0.215489 -0.120276 0.069940 0.790334 -1.048993 0.327533 0.674780 0.851925 -0.163147 2.314800 -0.266606 0.461411 -0.033786 -0.538666 2.324580 0.200497
6.966667 0.536404 -0.176327 0.628300 -0.621496 0.224380 -0.124809 0.061934 0.782398 -1.057330 0.331850 0.720016 0.848019 -0.173797 2.172567 -0.321208 0.459202 -0.029995 -0.536790 2.321237 0.201084
7.000000 0.532780 -0.163843 0.615144 -0.610265 0.215133 -0.122987 0.052798 0.761232 -1.045260 0.327217 0.823088 0.831369 -0.237448 1.924729 -0.341457 0.454756 -0.023959 -0.530582 2.315421 0.193354
7.033333 0.525962 -0.155129 0.622354 -0.627780 0.213724 -0.121760 0.043901 0.756423 -1.054896 0.330399 0.951838 0.800462 -0.307559 1.613725 -0.343785 0.455383 -0.017282 -0.517304 2.300286 0.183066
7.066667 0.526158 -0.151661 0.612961 -0.602573 0.201417 -0.121023 0.035976 0.748782 -1.041389 0.326190 1.048897 0.781955 -0.341008 1.417318 -0.434190 0.469585 -0.003408 -0.513652 2.298049 0.178383
7.100000 0.535517 -0.152706 0.616299 -0.588761 0.195820 -0.131802 0.033187 0.755471 -1.031282 0.319402 1.031834 0.770976 -0.299248 1.494894 -0.449395 0.489368 0.007522 -0.510039 2.304416 0.171333
7.133333 0.547813 -0.150512 0.616562 -0.576816 0.190933 -0.145536 0.031021 0.755681 -1.016893 0.308936 0.961101 0.770774 -0.242435 1.683326 -0.353392 0.482265 0.005927 -0.518706 2.314662 0.166201
7.166667 0.556464 -0.146293 0.610273 -0.568075 0.194873 -0.149828 0.028663 0.745522 -0.999795 0.304627 0.901427 0.777180 -0.213359 1.880150 -0.369058 0.463204 0.010370 -0.524857 2.320769 0.196696
7.200000 0.556047 -0.141575 0.607615 -0.565723 0.202447 -0.146444 0.025349 0.736265 -0.986764 0.304070 0.849356 0.791896 -0.191358 2.080695 -0.465378 0.444088 0.025003 -0.517201 2.328465 0.193157
7.233333 0.558673 -0.140160 0.625125 -0.597503 0.222897 -0.147915 0.023469 0.741512 -0.996695 0.313007 0.793908 0.802325 -0.168499 2.274381 -0.457661 0.429883 0.046755 -0.506867 2.338134 0.187691
7.266667 0.559884 -0.138630 0.628257 -0.605641 0.233227 -0.148083 0.022155 0.740495 -0.997404 0.317507 0.765171 0.787087 -0.168259 2.419065 -0.385567 0.418035 0.064967 -0.496583 2.339131 0.197334
7.300000 0.565386 -0.137505 0.625421 -0.611870 0.248132 -0.149712 0.020531 0.732324 -0.995645 0.320297 0.754692 0.754785 -0.142302 2.484973 -0.406793 0.400290 0.074904 -0.478132 2.342216 0.192638
7.333333 0.562089 -0.134554 0.623566 -0.623047 0.261454 -0.142973 0.017594 0.722706 -0.997137 0.325309 0.752635 0.724307 -0.130483 2.390255 -0.385878 0.379491 0.092000 -0.460947 2.342118 0.203007
7.366667 0.554745 -0.133069 0.608044 -0.608106 0.262628 -0.133694 0.016671 0.709409 -0.989317 0.325396 0.764001 0.712681 -0.109880 2.134690 -0.465579 0.353924 0.108177 -0.445568 2.335961 0.200622
7.400000 0.543830 -0.131526 0.610749 -0.625928 0.264888 -0.121604 0.013465 0.702957 -0.998356 0.330617 0.798218 0.702022 -0.123634 1.828791 -0.466458 0.316076 0.112878 -0.423372 2.326491 0.192917
7.433333 0.538835 -0.133511 0.627672 -0.644243 0.269422 -0.118667 0.009472 0.709550 -1.006159 0.337519 0.809234 0.698901 -0.120803 1.715724 -0.521885 0.292254 0.119571 -0.401259 2.328286 0.178141
7.466667 0.537912 -0.140806 0.650742 -0.657442 0.279530 -0.113598 0.008449 0.729922 -1.009276 0.337891 0.751589 0.694874 -0.075798 1.814222 -0.563196 0.277710 0.130090 -0.377420 2.338205 0.144183
7.500000 0.541779 -0.140779 0.656232 -0.664554 0.291140 -0.115582 0.010451 0.733019 -1.004535 0.335932 0.649776 0.645469 -0.005383 1.963068 -0.426899 0.247620 0.125679 -0.372232 2.339103 0.123643
7.533333 0.531679 -0.139027 0.645876 -0.659370 0.312086 -0.099592 0.012859 0.720382 -0.990833 0.333338 0.561017 0.545308 0.034443 2.103494 -0.312455 0.211583 0.129686 -0.366647 2.340491 0.096064
7.566667 0.502681 -0.126732 0.631645 -0.651446 0.337324 -0.069049 0.004862 0.695822 -0.968644 0.331881 0.470080 0.442338 0.028299 2.226230 -0.186663 0.189690 0.130539 -0.329235 2.353386 0.037173
7.600000 0.466649 -0.119650 0.617989 -0.635145 0.355296 -0.031687 -0.000488 0.674981 -0.944692 0.326278 0.382242 0.335768 -0.025667 2.308830 0.016533 0.199981 0.142794 -0.313926 2.370744 -0.019644
7.633333 0.434085 -0.112091 0.630735 -0.658842 0.372721 0.002321 -0.009104 0.665257 -0.941328 0.327162 0.296811 0.251879 -0.076547 2.370608 0.196365 0.247128 0.145354 -0.317107 2.394119 -0.022971
7.666667 0.383748 -0.091721 0.631325 -0.670203 0.390966 0.041095 -0.024682 0.642226 -0.925436 0.319863 0.217331 0.162971 -0.134832 2.384492 0.324748 0.320848 0.143838 -0.310767 2.414141 -0.054210
7.700000 0.337722 -0.073794 0.629909 -0.681644 0.410656 0.087317 -0.038755 0.618160 -0.909334 0.308886 0.160859 0.088258 -0.168230 2.403116 0.396937 0.432925 0.152339 -0.310227 2.432919 -0.095958
7.733333 0.294004 -0.056943 0.636201 -0.707107 0.425438 0.142059 -0.053753 0.595918 -0.906820 0.304142 0.116187 0.015123 -0.180822 2.405595 0.384175 0.557813 0.171269 -0.313162 2.435988 -0.159370
7.766667 0.235034 -0.030934 0.628449 -0.727769 0.448072 0.208567 -0.070599 0.558694 -0.892757 0.291575 0.076218 -0.038242 -0.213261 2.399765 0.446186 0.703590 0.182256 -0.321521 2.425931 -0.215122
7.800000 0.175276 -0.007616 0.626349 -0.746101 0.462061 0.270263 -0.085217 0.532441 -0.885086 0.271093 0.060725 -0.079593 -0.233583 2.407001 0.525564 0.869709 0.208291 -0.348276 2.378747 -0.275184
7.833333 0.111619 0.016258 0.646166 -0.787269 0.489498 0.333170 -0.104519 0.524072 -0.897664 0.258311 0.074092 -0.099656 -0.250640 2.417187 0.496005 1.039554 0.243781 -0.388721 2.287189 -0.337649
7.866667 0.046469 0.038179 0.656554 -0.812316 0.504897 0.385142 -0.119512 0.512804 -0.898884 0.232597 0.096188 -0.102211 -0.275934 2.424603 0.490171 1.200270 0.282350 -0.447531 2.124517 -0.351586
7.900000 -0.008265 0.057673 0.653506 -0.825806 0.517819 0.434520 -0.131250 0.488886 -0.888173 0.201279 0.124702 -0.097856 -0.294942 2.431863 0.482161 1.354555 0.324378 -0.520770 1.871588 -0.364005
7.933333 -0.054092 0.076389 0.648621 -0.836438 0.531097 0.462897 -0.141940 0.465493 -0.877946 0.177510 0.150577 -0.088950 -0.302566 2.437134 0.440451 1.511761 0.349277 -0.619383 1.553282 -0.361722
7.966667 -0.086426 0.089428 0.661711 -0.846736 0.529004 0.467890 -0.153632 0.470673 -0.879991 0.143225 0.168008 -0.101999 -0.297612 2.430333 0.436148 1.679907 0.350892 -0.740901 1.200839 -0.364232
8.000000 -0.103899 0.101445 0.661738 -0.857821 0.532240 0.466682 -0.158250 0.465285 -0.885893 0.116844 0.177360 -0.106637 -0.296192 2.436166 0.416244 1.779487 0.327991 -0.872149 0.904658 -0.335048
8.033333 -0.131053 0.116922 0.656520 -0.860988 0.534515 0.474650 -0.166102 0.456278 -0.883621 0.091694 0.192619 -0.108552 -0.288569 2.435946 0.395841 1.762449 0.345719 -0.924743 0.834600 -0.295644
8.066667 -0.162757 0.132149 0.625053 -0.837162 0.528397 0.495078 -0.170691 0.417569 -0.844443 0.052098 0.198205 -0.104317 -0.288985 2.451970 0.404551 1.704125 0.433063 -0.890553 0.963453 -0.342968
8.100000 -0.195436 0.143957 0.587613 -0.813784 0.530636 0.526302 -0.174476 0.373853 -0.804055 0.021356 0.200738 -0.104011 -0.291042 2.462979 0.430826 1.589193 0.526078 -0.781083 1.181481 -0.324953
8.133333 -0.221899 0.153837 0.554405 -0.800631 0.537098 0.552798 -0.176586 0.330294 -0.767585 -0.009075 0.201818 -0.095946 -0.290434 2.477951 0.391088 1.450792 0.590167 -0.643618 1.413058 -0.341689
8.166667 -0.244106 0.157915 0.523206 -0.786003 0.546630 0.585108 -0.175456 0.295244 -0.741352 -0.024186 0.203060 -0.091685 -0.289648 2.482460 0.381946 1.332228 0.630706 -0.510605 1.598821 -0.389144
8.200000 -0.265622 0.162585 0.508662 -0.790493 0.555487 0.606211 -0.176269 0.276518 -0.732418 -0.038385 0.206524 -0.088764 -0.292821 2.482099 0.389916 1.253054 0.651854 -0.408081 1.734315 -0.414717
8.233333 -0.284407 0.166588 0.507110 -0.805459 0.567810 0.626403 -0.177114 0.274654 -0.740399 -0.047599 0.214701 -0.087429 -0.301102 2.482121 0.389246 1.240025 0.653685 -0.354911 1.786036 -0.443338
8.266667 -0.294278 0.165530 0.518824 -0.829413 0.579110 0.636101 -0.176938 0.290586 -0.767437 -0.046270 0.225406 -0.087313 -0.295716 2.483066 0.369312 1.299782 0.642588 -0.372413 1.730419 -0.451774
8.300000 -0.294440 0.165638 0.527377 -0.840786 0.581357 0.633797 -0.177541 0.302887 -0.780068 -0.053734 0.233931 -0.087175 -0.294067 2.483677 0.353585 1.420556 0.624823 -0.453726 1.554017 -0.450411
8.333333 -0.286765 0.164636 0.539701 -0.852566 0.586788 0.627841 -0.179057 0.318470 -0.794934 -0.055411 0.241248 -0.090209 -0.299931 2.487363 0.350159 1.594131 0.603171 -0.606376 1.260943 -0.408301
8.366667 -0.278109 0.161348 0.553873 -0.866279 0.590582 0.619400 -0.178583 0.336299 -0.811042 -0.058042 0.248227 -0.094828 -0.311350 2.484394 0.336732 1.762221 0.558797 -0.792078 0.922915 -0.332015
8.400000 -0.276968 0.162719 0.567906 -0.878635 0.593809 0.617093 -0.183086 0.346442 -0.818868 -0.056864 0.260410 -0.089041 -0.322624 2.484566 0.318874 1.833570 0.550139 -0.914416 0.772099 -0.358742
8.433333 -0.283367 0.169095 0.558263 -0.855271 0.584250 0.624674 -0.189378 0.328387 -0.784844 -0.071169 0.270520 -0.076799 -0.336168 2.490989 0.309512 1.758493 0.596341 -0.849545 0.911309 -0.336534
8.466667 -0.292722 0.172282 0.538563 -0.825800 0.575287 0.635586 -0.190184 0.303120 -0.745322 -0.087345 0.268824 -0.073843 -0.340340 2.492210 0.321952 1.614634 0.649403 -0.701532 1.159179 -0.272834
8.500000 -0.298394 0.170875 0.532425 -0.818068 0.574127 0.642632 -0.186845 0.298004 -0.737845 -0.093517 0.260949 -0.074086 -0.345090 2.490053 0.340965 1.483932 0.689100 -0.572999 1.389839 -0.328296
8.533333 -0.301422 0.172697 0.524877 -0.814549 0.580607 0.642843 -0.186576 0.292335 -0.733561 -0.092756 0.250192 -0.070016 -0.335999 2.486024 0.343049 1.369208 0.707756 -0.457332 1.595575 -0.398649
8.566667 -0.300456 0.170386 0.529211 -0.818406 0.585609 0.641384 -0.185063 0.302077 -0.743679 -0.085535 0.243946 -0.066980 -0.325423 2.480515 0.353534 1.290792 0.703911 -0.385440 1.750941 -0.422854
8.600000 -0.289500 0.169227 0.542932 -0.822382 0.587087 0.639621 -0.187601 0.316439 -0.753503 -0.072529 0.243776 -0.066250 -0.322857 2.475989 0.364333 1.277700 0.675829 -0.367564 1.828128 -0.428046
8.633333 -0.270866 0.164057 0.569049 -0.837204 0.587613 0.629780 -0.188031 0.344804 -0.778866 -0.049544 0.249258 -0.068721 -0.320498 2.473147 0.356144 1.348762 0.638530 -0.410077 1.766524 -0.437684
8.666667 -0.249321 0.159246 0.588961 -0.839339 0.576128 0.613393 -0.190260 0.361354 -0.783351 -0.036057 0.258468 -0.064419 -0.320326 2.469098 0.335167 1.491409 0.595061 -0.504052 1.529586 -0.397257
8.700000 -0.225081 0.149022 0.595935 -0.839905 0.566997 0.599946 -0.186272 0.364751 -0.786603 -0.008551 0.263812 -0.064073 -0.329324 2.461135 0.320280 1.684092 0.546509 -0.671852 1.137026 -0.339775
8.733333 -0.202837 0.135836 0.606535 -0.842060 0.556419 0.592280 -0.179380 0.377033 -0.798046 0.022266 0.271784 -0.066255 -0.342730 2.452755 0.312108 1.816248 0.465309 -0.846968 0.766958 -0.268858
8.766667 -0.187636 0.130253 0.616616 -0.833457 0.537128 0.598641 -0.180968 0.377461 -0.785749 0.045775 0.281312 -0.061611 -0.350514 2.451295 0.284743 1.818456 0.453486 -0.894383 0.694572 -0.268221
8.800000 -0.183346 0.132058 0.583935 -0.772538 0.508115 0.619989 -0.184007 0.328177 -0.705718 0.047821 0.281026 -0.045090 -0.352447 2.457531 0.252990 1.668047 0.488199 -0.772686 0.933782 -0.272348
8.833333 -0.177029 0.123561 0.572286 -0.752579 0.501517 0.639361 -0.178876 0.313980 -0.687756 0.078077 0.259805 -0.054313 -0.334994 2.458807 0.313864 1.441962 0.497781 -0.603446 1.258037 -0.184967
8.866667 -0.166750 0.109004 0.579634 -0.761168 0.504529 0.645890 -0.168912 0.330457 -0.712363 0.117058 0.232398 -0.054322 -0.323876 2.451685 0.346279 1.219303 0.469288 -0.488319 1.551061 -0.112472
8.900000 -0.150237 0.092648 0.592082 -0.759872 0.499730 0.620588 -0.160575 0.360923 -0.738958 0.150628 0.204329 -0.041332 -0.286434 2.443803 0.248418 1.030751 0.427335 -0.413009 1.790772 -0.095833
8.933333 -0.123518 0.079754 0.612569 -0.759881 0.492031 0.588189 -0.156700 0.394738 -0.764137 0.185607 0.183816 -0.014287 -0.243588 2.457983 0.204160 0.848262 0.374297 -0.403240 1.990905 0.027924
8.966667 -0.097328 0.065710 0.607977 -0.730772 0.475054 0.566972 -0.148764 0.406964 -0.760784 0.206161 0.160034 0.024805 -0.195716 2.490199 0.154078 0.689283 0.331529 -0.394855 2.123230 0.073893
9.000000 -0.074403 0.054427 0.592548 -0.693659 0.456093 0.550844 -0.138739 0.409189 -0.749011 0.220639 0.136274 0.060360 -0.147528 2.533557 0.141129 0.549543 0.286781 -0.374216 2.221172 0.086174
9.033333 -0.034739 0.033383 0.604204 -0.667562 0.431217 0.515766 -0.129527 0.446462 -0.759600 0.232376 0.135205 0.090232 -0.098952 2.570000 0.188223 0.430842 0.195465 -0.403405 2.277485 0.196966
9.066667 -0.009673 0.016686 0.598637 -0.646315 0.411899 0.486110 -0.116162 0.467263 -0.772803 0.245580 0.162224 0.135432 -0.081723 2.570000 0.242179 0.322456 0.120364 -0.411258 2.294726 0.268062
9.100000 0.018204 0.000998 0.594327 -0.632030 0.394885 0.453000 -0.102225 0.487990 -0.791422 0.258551 0.203411 0.185337 -0.066148 2.570000 0.283624 0.250241 0.079047 -0.391514 2.296453 0.221641
9.133333 0.043612 -0.013836 0.592658 -0.620484 0.379665 0.421613 -0.089386 0.509980 -0.807309 0.266278 0.262889 0.249149 -0.060781 2.570000 0.276449 0.212456 0.048875 -0.381865 2.295495 0.210878
9.166667 0.075101 -0.030740 0.595352 -0.622656 0.371926 0.385751 -0.073751 0.534946 -0.832340 0.277630 0.330810 0.304955 -0.061823 2.570000 0.246402 0.205377 0.033619 -0.397096 2.301855 0.226175
9.200000 0.105696 -0.043389 0.582644 -0.601809 0.358554 0.349351 -0.059548 0.543829 -0.832925 0.279817 0.410422 0.398779 -0.104105 2.570000 0.237485 0.230436 0.037643 -0.434693 2.304855 0.273143
9.233333 0.143076 -0.046609 0.539511 -0.537861 0.325825 0.316641 -0.052149 0.514250 -0.787711 0.264873 0.516454 0.490568 -0.182388 2.570000 0.218131 0.265162 0.025224 -0.508738 2.353236 0.542582
9.266667 0.153298 -0.070661 0.590682 -0.608597 0.340546 0.307702 -0.032418 0.584967 -0.871074 0.294946 0.635714 0.484602 -0.206151 2.570000 0.092027 0.280504 0.034898 -0.418378 2.296438 0.163954
9.300000 0.248815 -0.080186 0.621065 -0.622272 0.327595 0.206341 -0.031826 0.631530 -0.905622 0.290481 0.685016 0.560456 -0.190392 2.570000 0.066354 0.331663 0.008625 -0.479831 2.287374 0.167806
9.333333 0.276548 -0.090895 0.602262 -0.574538 0.300523 0.173760 -0.024294 0.638002 -0.890413 0.281607 0.763467 0.604441 -0.208781 2.570000 -0.039233 0.356145 0.000850 -0.480210 2.286425 0.180352
9.366667 0.288164 -0.088459 0.475398 -0.363574 0.220806 0.162956 -0.020774 0.559284 -0.767727 0.242799 0.840655 0.641415 -0.224137 2.545509 -0.122214 0.364106 0.001644 -0.453591 2.288222 0.182485
9.400000 0.319008 -0.097073 0.463440 -0.342791 0.201338 0.129857 -0.011403 0.572032 -0.781824 0.245807 0.871283 0.672910 -0.218205 2.391174 -0.201092 0.360233 -0.001334 -0.463629 2.285155 0.192406
9.433333 0.338670 -0.100610 0.450340 -0.308699 0.167965 0.105026 -0.008496 0.580476 -0.784164 0.241710 0.956736 0.711733 -0.259441 2.109573 -0.314349 0.345493 -0.016386 -0.475415 2.283767 0.208168
9.466667 0.358973 -0.108781 0.454118 -0.302619 0.145898 0.080750 -0.003240 0.603495 -0.809612 0.247099 1.046356 0.758271 -0.323795 1.811877 -0.489684 0.346461 -0.007590 -0.484965 2.278446 0.202433
9.500000 0.392412 -0.121451 0.529871 -0.407548 0.168262 0.041455 -0.000552 0.665256 -0.880206 0.265185 1.068685 0.823195 -0.367652 1.794550 -0.728222 0.358765 0.017313 -0.497873 2.298947 0.169812
9.533333 0.422229 -0.128294 0.570606 -0.449979 0.171596 0.008129 -0.000999 0.700092 -0.907020 0.265148 1.063810 0.860952 -0.377230 1.921245 -0.688500 0.375562 0.030652 -0.485706 2.299760 0.154846
9.566667 0.451924 -0.134487 0.552437 -0.414736 0.150467 -0.021347 0.007770 0.698122 -0.894180 0.261889 1.021537 0.830249 -0.349313 2.078674 -0.483039 0.379817 0.027166 -0.485895 2.289951 0.174345
9.600000 0.468630 -0.140635 0.543722 -0.398226 0.137917 -0.034057 0.016245 0.702053 -0.892545 0.263531 0.994767 0.844325 -0.328674 2.150000 -0.509671 0.381990 0.039712 -0.488850 2.283584 0.186545
9.633333 0.472497 -0.142463 0.511299 -0.349796 0.114588 -0.036198 0.022167 0.684783 -0.870483 0.265022 0.969961 0.862582 -0.323498 2.105057 -0.534282 0.386106 0.057039 -0.486918 2.272222 0.190437
9.666667 0.477313 -0.138376 0.494229 -0.330303 0.099891 -0.043432 0.020923 0.671304 -0.863617 0.270603 0.945788 0.878477 -0.334933 2.024975 -0.514260 0.390664 0.074306 -0.485734 2.268658 0.189761
9.700000 0.488304 -0.136336 0.489222 -0.319673 0.090955 -0.055116 0.017534 0.669010 -0.864111 0.271880 0.942066 0.895850 -0.309141 1.939753 -0.569469 0.398086 0.085086 -0.475280 2.268044 0.172948
9.733333 0.493016 -0.136524 0.459361 -0.278576 0.078360 -0.063705 0.021601 0.652410 -0.849227 0.272044 0.958494 0.876374 -0.251074 1.776436 -0.536272 0.407132 0.090865 -0.463682 2.253781 0.166377
9.766667 0.497211 -0.131505 0.444809 -0.266916 0.066583 -0.067243 0.021122 0.640453 -0.847652 0.275300 0.991047 0.842313 -0.210348 1.554854 -0.508524 0.411519 0.098268 -0.468837 2.235034 0.182465
9.800000 0.502845 -0.124905 0.440517 -0.255623 0.062166 -0.067132 0.013369 0.629554 -0.835307 0.275544 1.041901 0.825247 -0.201229 1.478661 -0.575668 0.418035 0.100227 -0.456310 2.227366 0.174130
9.833333 0.505611 -0.121952 0.443821 -0.242057 0.059320 -0.070553 0.006945 0.630662 -0.822446 0.263477 1.054927 0.821317 -0.238369 1.595733 -0.541114 0.432879 0.107661 -0.456365 2.229062 0.158777
9.866667 0.507095 -0.118995 0.447248 -0.231948 0.054767 -0.067554 0.001694 0.632382 -0.812419 0.254168 1.056963 0.852990 -0.274401 1.736261 -0.587343 0.431433 0.110498 -0.458609 2.231727 0.161032
9.900000 0.497020 -0.114219 0.449424 -0.228174 0.056189 -0.054249 -0.002442 0.627452 -0.799132 0.247750 1.049238 0.842308 -0.299310 1.910469 -0.623577 0.417107 0.113911 -0.459425 2.246488 0.182391
9.933333 0.479947 -0.106929 0.451501 -0.232244 0.057695 -0.035802 -0.007329 0.614051 -0.781466 0.240914 1.000067 0.769836 -0.290072 2.073632 -0.603241 0.407888 0.132524 -0.451535 2.254500 0.168685
9.966667 0.464169 -0.099868 0.481018 -0.286945 0.070466 -0.022454 -0.012824 0.617129 -0.791600 0.238411 0.876863 0.644915 -0.248012 2.247542 -0.468271 0.401808 0.155494 -0.442012 2.254051 0.145329
10.000000 0.473842 -0.095805 0.630872 -0.565137 0.184447 -0.036311 -0.017426 0.685228 -0.923478 0.289747 0.733756 0.532857 -0.179327 2.427515 -0.265378 0.395858 0.166998 -0.448251 2.256191 0.143623
10.033333 0.468985 -0.085354 0.686836 -0.667446 0.212592 -0.036108 -0.024727 0.701339 -0.968739 0.309499 0.712487 0.465112 -0.162490 2.449414 -0.206819 0.408100 0.192059 -0.442455 2.258679 0.129556
10.066667 0.458842 -0.072645 0.731297 -0.744191 0.222749 -0.030015 -0.035812 0.705071 -0.998400 0.333588 0.716208 0.457176 -0.106258 2.381982 -0.474393 0.417153 0.222328 -0.409953 2.269211 0.044608
10.100000 0.426224 -0.055153 0.748337 -0.776500 0.219786 -0.016368 -0.045934 0.693259 -0.992942 0.336709 0.731120 0.440104 -0.070831 2.240728 -0.574242 0.442383 0.250427 -0.383793 2.275736 -0.049660
10.133333 0.411402 -0.050281 0.765519 -0.783964 0.206077 -0.007954 -0.051167 0.698755 -0.990940 0.334538 0.747568 0.424773 -0.053120 2.115789 -0.535252 0.523737 0.250151 -0.385997 2.284847 -0.089273
10.166667 0.406149 -0.042941 0.762666 -0.762125 0.193534 -0.004854 -0.061109 0.693253 -0.970079 0.324045 0.746643 0.450210 -0.035582 2.090941 -0.611469 0.658636 0.223871 -0.417672 2.304743 -0.166265
10.200000 0.409343 -0.030116 0.730995 -0.722685 0.204066 0.008315 -0.073242 0.660529 -0.928231 0.303622 0.713083 0.458408 -0.043109 2.124222 -0.597852 0.825344 0.181076 -0.441222 2.289101 -0.240969
10.233333 0.408729 -0.022872 0.728831 -0.724982 0.223391 0.029752 -0.079914 0.652493 -0.927955 0.297702 0.672566 0.422935 -0.074653 2.184652 -0.424474 1.001635 0.121911 -0.467138 2.213953 -0.307905
10.266667 0.379165 -0.004878 0.707372 -0.693305 0.232519 0.079215 -0.095312 0.614340 -0.881945 0.274739 0.660139 0.365704 -0.126637 2.243027 -0.343955 1.166432 0.079716 -0.489982 2.085814 -0.355602
10.300000 0.325076 0.010798 0.686652 -0.659619 0.240778 0.149495 -0.110778 0.573976 -0.833334 0.253923 0.652238 0.300990 -0.192625 2.269045 -0.375792 1.323958 0.084203 -0.518427 1.887894 -0.374418
10.333333 0.259072 0.033145 0.673749 -0.649325 0.251964 0.222477 -0.128506 0.528369 -0.792008 0.241919 0.639578 0.231444 -0.269497 2.308969 -0.303183 1.467963 0.100197 -0.565761 1.620863 -0.340505
10.366667 0.193863 0.052755 0.674868 -0.666108 0.269522 0.292431 -0.144139 0.491405 -0.768901 0.239920 0.627403 0.149999 -0.343424 2.338867 -0.241129 1.613302 0.135478 -0.634758 1.283063 -0.302485
10.400000 0.134976 0.067223 0.713761 -0.740628 0.304752 0.351804 -0.158639 0.497400 -0.810733 0.261889 0.626398 0.082429 -0.393899 2.364122 -0.199655 1.747296 0.173170 -0.736606 0.943771 -0.287327
10.433333 0.085907 0.089610 0.692499 -0.728903 0.311335 0.405127 -0.174888 0.437866 -0.756658 0.250916 0.614926 0.059120 -0.427127 2.402897 -0.210252 1.754841 0.225745 -0.803050 0.854695 -0.326692
10.466667 0.039138 0.111640 0.689507 -0.731395 0.330766 0.451584 -0.194746 0.400940 -0.723212 0.254536 0.617933 0.056524 -0.411229 2.440320 -0.289602 1.671976 0.317972 -0.760413 1.038247 -0.364547
10.500000 -0.002343 0.132014 0.653594 -0.705247 0.344252 0.496671 -0.204430 0.333884 -0.654955 0.242001 0.594879 0.045338 -0.380312 2.468588 -0.269268 1.522447 0.382761 -0.631145 1.304777 -0.270890
10.533333 -0.033557 0.142734 0.640986 -0.699303 0.355491 0.529829 -0.208665 0.302517 -0.625034 0.236457 0.591319 0.039705 -0.384073 2.473659 -0.166949 1.410279 0.422201 -0.515571 1.529556 -0.336901
10.566667 -0.060128 0.151399 0.635978 -0.691362 0.357775 0.553383 -0.214575 0.281518 -0.596488 0.230293 0.595722 0.050112 -0.378446 2.462145 -0.172654 1.348467 0.446872 -0.427847 1.665782 -0.408421
10.600000 -0.075865 0.178138 0.586360 -0.557193 0.297638 0.565553 -0.243733 0.167894 -0.361201 0.115193 0.667925 0.064592 -0.388896 2.388054 -0.153216 1.354841 0.444615 -0.375575 1.702962 -0.399922
10.633333 -0.089525 0.181638 0.591852 -0.564235 0.301992 0.581029 -0.248703 0.165498 -0.359963 0.115542 0.661361 0.063285 -0.406843 2.393577 -0.155717 1.400868 0.438912 -0.391122 1.622086 -0.400360
10.666667 -0.098727 0.181808 0.591532 -0.546272 0.290184 0.592234 -0.252320 0.160539 -0.333970 0.099412 0.680411 0.057883 -0.415394 2.374140 -0.168141 1.510616 0.431822 -0.459940 1.424473 -0.387008
10.700000 -0.104737 0.182510 0.594170 -0.544292 0.283797 0.598767 -0.254294 0.159866 -0.325949 0.090316 0.695169 0.058867 -0.423251 2.370704 -0.183235 1.642711 0.433689 -0.583587 1.151940 -0.359451
10.733333 -0.104393 0.185651 0.596304 -0.545847 0.282863 0.601723 -0.257862 0.155306 -0.319568 0.083741 0.701039 0.062240 -0.430051 2.368950 -0.204470 1.735567 0.427892 -0.702284 0.934381 -0.322824
10.766667 -0.111147 0.166445 0.657799 -0.692766 0.355153 0.610945 -0.236655 0.278595 -0.573989 0.209440 0.624653 0.049494 -0.439260 2.438860 -0.238184 1.713097 0.440493 -0.734176 0.958638 -0.327715
10.800000 -0.113650 0.169086 0.640645 -0.666549 0.347540 0.614773 -0.237624 0.254274 -0.536299 0.196885 0.615968 0.058308 -0.444285 2.466092 -0.190759 1.588849 0.476902 -0.631484 1.188773 -0.317295
10.833333 -0.116457 0.168084 0.629078 -0.669609 0.361242 0.616267 -0.231545 0.252831 -0.550491 0.205822 0.604822 0.073451 -0.446950 2.502712 -0.145674 1.437005 0.486612 -0.528572 1.429831 -0.319219
10.866667 -0.105424 0.161202 0.625073 -0.679071 0.373102 0.600594 -0.223259 0.265234 -0.580100 0.223867 0.594445 0.096830 -0.441785 2.552694 -0.071892 1.320097 0.479053 -0.455640 1.618610 -0.351253
10.900000 -0.086421 0.153317 0.628423 -0.693354 0.379188 0.575471 -0.215488 0.286485 -0.613427 0.238984 0.617429 0.128817 -0.431684 2.570000 -0.026469 1.210786 0.453160 -0.402643 1.774060 -0.375140
10.933333 -0.056812 0.162455 0.532999 -0.502172 0.295551 0.539679 -0.225783 0.160327 -0.353111 0.118145 0.706435 0.197174 -0.418243 2.569966 0.024903 1.126525 0.409838 -0.377967 1.884737 -0.347416
10.966667 -0.024809 0.138341 0.611251 -0.685506 0.378374 0.501497 -0.201322 0.303151 -0.636366 0.252224 0.719950 0.221024 -0.408278 2.570000 -0.037008 1.017472 0.351196 -0.375364 1.977081 -0.331028
11.000000 0.012641 0.136723 0.535134 -0.537968 0.320304 0.460039 -0.201012 0.225926 -0.467254 0.171570 0.811241 0.278924 -0.396107 2.569998 -0.019027 0.978300 0.301801 -0.368583 2.020353 -0.325885
11.033333 0.056750 0.106360 0.612461 -0.703108 0.389219 0.412267 -0.172930 0.361040 -0.714589 0.278890 0.842213 0.310992 -0.392619 2.570000 -0.094625 0.910742 0.256241 -0.379031 2.057088 -0.327172
11.066667 0.100664 0.100916 0.515687 -0.535555 0.328117 0.364007 -0.165397 0.274272 -0.542207 0.207523 0.915002 0.394342 -0.391738 2.569766 -0.109725 0.893302 0.239024 -0.379783 2.064709 -0.308974
11.100000 0.151909 0.085976 0.483332 -0.478221 0.300120 0.305984 -0.152604 0.271021 -0.516963 0.194345 0.970844 0.471182 -0.385109 2.447794 -0.239185 0.872883 0.233304 -0.398963 2.075474 -0.267970
11.133333 0.198410 0.072306 0.469526 -0.464673 0.287596 0.253479 -0.139089 0.284782 -0.536203 0.200744 1.012255 0.510228 -0.394469 2.174837 -0.335342 0.834075 0.237321 -0.411956 2.095786 -0.218482
11.166667 0.245264 0.059485 0.462926 -0.461184 0.279805 0.199180 -0.126653 0.308536 -0.572174 0.213527 1.054000 0.536253 -0.396353 1.898111 -0.443237 0.788887 0.264532 -0.395350 2.128088 -0.206426
11.200000 0.303160 0.032875 0.609360 -0.722071 0.381994 0.135872 -0.110450 0.472645 -0.847571 0.327284 0.968040 0.539285 -0.325970 1.905955 -0.560235 0.715284 0.325927 -0.360613 2.191400 -0.162145
11.233333 0.366774 0.015688 0.577029 -0.634636 0.338443 0.063220 -0.100110 0.474750 -0.796931 0.290783 0.937172 0.556060 -0.282839 1.973104 -0.347684 0.631322 0.390001 -0.280992 2.230452 -0.151616
11.266667 0.431775 -0.004185 0.593807 -0.637543 0.335810 -0.002616 -0.086640 0.518620 -0.826127 0.296611 0.876338 0.544283 -0.198164 2.106246 -0.265999 0.489876 0.458339 -0.168118 2.258620 -0.173337
11.300000 0.471652 -0.021853 0.601447 -0.633041 0.329749 -0.041342 -0.072724 0.545633 -0.836604 0.296786 0.842699 0.527964 -0.136777 2.208566 -0.292327 0.296090 0.503033 -0.020147 2.246120 -0.042187
11.333333 0.474402 -0.040731 0.588043 -0.587954 0.310296 -0.053310 -0.057185 0.560154 -0.815577 0.283500 0.831891 0.498595 -0.120962 2.284954 -0.269167 0.085965 0.537995 0.169742 2.162797 0.020694
11.366667 0.477629 -0.071068 0.589302 -0.556494 0.289999 -0.058393 -0.039719 0.589922 -0.817593 0.282046 0.821218 0.469421 -0.114022 2.355726 -0.239276 -0.113786 0.535113 0.332615 2.031395 0.082308
11.400000 0.470972 -0.102949 0.601039 -0.545496 0.283829 -0.047956 -0.019989 0.629654 -0.833829 0.284647 0.826625 0.442042 -0.122247 2.398515 -0.269835 -0.277635 0.489614 0.450612 1.846566 0.151033
11.433333 0.463246 -0.143826 0.622900 -0.537887 0.272341 -0.028831 0.002486 0.684358 -0.859829 0.286522 0.838365 0.421173 -0.141357 2.427833 -0.272120 -0.359726 0.418209 0.500969 1.629473 0.245671
11.466667 0.420023 -0.175651 0.643574 -0.532145 0.270708 0.000249 0.019666 0.730315 -0.878854 0.285248 0.849647 0.404368 -0.167464 2.444866 -0.265589 -0.387104 0.352319 0.503507 1.379897 0.445885
11.500000 0.383567 -0.201477 0.656428 -0.524192 0.266532 0.036825 0.034561 0.764377 -0.892799 0.284409 0.854226 0.380987 -0.177073 2.450881 -0.294005 -0.389328 0.327210 0.484856 1.134288 0.468898
11.533333 0.339669 -0.224868 0.683123 -0.548541 0.282442 0.085400 0.047643 0.804547 -0.925253 0.296562 0.854116 0.348458 -0.190607 2.458816 -0.313526 -0.378884 0.318281 0.409719 0.969548 0.492479
11.566667 0.276315 -0.231898 0.699846 -0.554733 0.283290 0.138248 0.046881 0.816410 -0.928511 0.298798 0.863344 0.321804 -0.228590 2.445956 -0.296482 -0.334570 0.273407 0.289885 0.864843 0.559632
11.600000 0.216595 -0.230707 0.729369 -0.591147 0.302624 0.195374 0.038929 0.827915 -0.943273 0.309631 0.869459 0.286962 -0.258297 2.441192 -0.304733 -0.268981 0.213548 0.199991 0.855435 0.583482
11.633333 0.164083 -0.222184 0.746204 -0.602901 0.309324 0.250848 0.022908 0.821279 -0.934994 0.310079 0.877545 0.261064 -0.295831 2.428801 -0.295794 -0.170825 0.159093 0.098923 0.905340 0.591945
11.666667 0.116418 -0.200566 0.749734 -0.617476 0.322087 0.300845 0.004682 0.793912 -0.917573 0.311442 0.877399 0.239086 -0.323671 2.422128 -0.281356 -0.027436 0.127699 -0.022229 0.959846 0.583092
11.700000 0.076105 -0.175675 0.767068 -0.664974 0.351389 0.342334 -0.015891 0.773390 -0.923939 0.324400 0.866528 0.216810 -0.342296 2.420284 -0.286396 0.148735 0.090826 -0.125546 1.051446 0.610161
11.733333 0.041410 -0.150991 0.772381 -0.689549 0.369616 0.379310 -0.036248 0.743771 -0.912368 0.331831 0.851010 0.193360 -0.358463 2.417485 -0.231685 0.353060 0.053411 -0.198943 1.180625 0.591024
11.766667 0.016643 -0.127536 0.786955 -0.729919 0.390809 0.406096 -0.054222 0.723971 -0.914876 0.343255 0.831258 0.176487 -0.355248 2.427863 -0.200080 0.579581 0.008634 -0.247160 1.331300 0.576286
11.800000 -0.001679 -0.103488 0.796321 -0.765846 0.410244 0.429152 -0.069296 0.703711 -0.920957 0.352762 0.804530 0.169748 -0.345194 2.432076 -0.198240 0.804438 -0.053071 -0.279399 1.486423 0.568646
11.833333 -0.032129 -0.075102 0.794925 -0.775265 0.415538 0.461365 -0.088747 0.669964 -0.897962 0.345696 0.785455 0.158241 -0.354439 2.434531 -0.148104 1.027290 -0.090437 -0.280505 1.651661 0.479757
11.866667 -0.066608 -0.044180 0.792100 -0.768904 0.413140 0.497144 -0.113660 0.627559 -0.851187 0.329337 0.778298 0.157639 -0.372797 2.440364 -0.121004 1.240731 -0.090697 -0.290326 1.797624 0.382147
11.900000 -0.095083 -0.014629 0.774603 -0.750063 0.406699 0.529863 -0.134600 0.570266 -0.788429 0.309485 0.767039 0.159274 -0.383697 2.439854 -0.132567 1.408662 -0.035475 -0.285648 1.864738 0.158043
11.933333 -0.121963 0.015882 0.744229 -0.725583 0.403166 0.566211 -0.155088 0.496244 -0.711515 0.283994 0.754046 0.143789 -0.402059 2.437025 -0.107705 1.508430 0.040695 -0.274629 1.826074 0.006406
11.966667 -0.149402 0.058552 0.648718 -0.561921 0.343569 0.597268 -0.183485 0.322888 -0.429264 0.163452 0.813543 0.127789 -0.404048 2.382237 -0.071086 1.542054 0.133549 -0.278205 1.766192 -0.082848
12.000000 -0.157992 0.082166 0.633853 -0.558982 0.338957 0.617891 -0.196111 0.273007 -0.386548 0.146643 0.789490 0.117269 -0.398000 2.389001 -0.094905 1.514557 0.182081 -0.279747 1.736113 -0.163141
12.033333 -0.164041 0.100820 0.623060 -0.557018 0.342028 0.631293 -0.207206 0.236217 -0.353227 0.133921 0.771480 0.110816 -0.389760 2.391257 -0.078272 1.482527 0.199058 -0.272128 1.750742 -0.238315
12.066667 -0.173448 0.113732 0.611716 -0.538760 0.329691 0.637581 -0.215717 0.203923 -0.306047 0.115345 0.771163 0.110599 -0.367289 2.379089 -0.064951 1.473713 0.206794 -0.264425 1.759442 -0.357542
12.100000 -0.178888 0.120310 0.617437 -0.553315 0.331651 0.640224 -0.219254 0.205270 -0.320132 0.124349 0.756514 0.133055 -0.337577 2.391734 -0.107493 1.467882 0.197578 -0.269356 1.765697 -0.408745
12.133333 -0.201554 0.122572 0.613871 -0.563078 0.336503 0.659376 -0.219818 0.198038 -0.323913 0.131093 0.749515 0.142409 -0.323692 2.390182 -0.144183 1.464824 0.216819 -0.269977 1.785068 -0.465328
12.166667 -0.204480 0.125921 0.616229 -0.544909 0.328926 0.654723 -0.226737 0.191203 -0.290400 0.118760 0.760885 0.182047 -0.296536 2.368332 -0.186253 1.492960 0.227909 -0.274902 1.798154 -0.625889
12.200000 -0.199607 0.129373 0.621560 -0.535601 0.318562 0.654576 -0.233023 0.184415 -0.268820 0.109812 0.739669 0.252900 -0.252820 2.354976 -0.244925 1.510391 0.247745 -0.304366 1.806219 -0.695005
12.233333 -0.215384 0.130420 0.610124 -0.516341 0.317304 0.657462 -0.231438 0.176085 -0.250067 0.108290 0.690527 0.322088 -0.191065 2.318914 -0.272688 1.509270 0.240673 -0.312676 1.833646 -0.680251
12.266667 -0.223005 0.129931 0.584255 -0.479304 0.301256 0.664812 -0.228261 0.158481 -0.224075 0.097345 0.576349 0.412272 -0.094957 2.230194 -0.234501 1.501025 0.239479 -0.334347 1.847796 -0.661164
12.300000 -0.229541 0.127007 0.546406 -0.453783 0.293115 0.676527 -0.216548 0.136820 -0.219874 0.099900 0.389880 0.493164 0.021993 2.141018 -0.154874 1.488482 0.238775 -0.353490 1.858682 -0.648290
12.333333 -0.239425 0.126378 0.532653 -0.440211 0.290591 0.693065 -0.214039 0.131379 -0.222963 0.108577 0.177982 0.565322 0.170753 2.035062 -0.186657 1.489667 0.258567 -0.389031 1.865152 -0.619949
12.366667 -0.252548 0.123861 0.518924 -0.432837 0.296867 0.702974 -0.208724 0.129184 -0.228200 0.118223 -0.069037 0.585495 0.311559 1.907406 -0.217687 1.487597 0.267061 -0.413061 1.879085 -0.597073
12.400000 -0.258668 0.116686 0.506088 -0.433294 0.302118 0.706057 -0.199797 0.126598 -0.238353 0.132384 -0.301996 0.534712 0.421848 1.752556 -0.152762 1.483462 0.276280 -0.416843 1.887402 -0.611898
12.433333 -0.256547 0.105984 0.499625 -0.439324 0.306558 0.705657 -0.188776 0.127488 -0.251762 0.147752 -0.475456 0.449688 0.465300 1.583817 -0.045828 1.480699 0.284862 -0.419367 1.882871 -0.614005
12.466667 -0.255362 0.102093 0.492272 -0.451092 0.320795 0.707746 -0.181346 0.126007 -0.268965 0.163834 -0.603911 0.381295 0.455873 1.409904 -0.047916 1.469561 0.295305 -0.423079 1.885170 -0.597552
12.500000 -0.244410 0.103201 0.502269 -0.477301 0.338261 0.697984 -0.182764 0.131391 -0.286508 0.178279 -0.681396 0.308324 0.423806 1.221401 -0.040037 1.468127 0.305833 -0.418611 1.884351 -0.598364
12.533333 -0.219203 0.110126 0.532138 -0.516914 0.353297 0.671847 -0.194117 0.144228 -0.304389 0.187020 -0.722932 0.229068 0.377986 1.079502 -0.034603 1.471312 0.310869 -0.420195 1.881191 -0.584734
12.566667 -0.171445 0.086439 0.568095 -0.641885 0.430866 0.642385 -0.164570 0.237628 -0.524294 0.312006 -0.750818 0.105984 0.309224 0.988336 -0.191191 1.443253 0.291369 -0.455108 1.882209 -0.571258
12.600000 -0.144447 0.087370 0.608157 -0.685584 0.440919 0.611444 -0.173606 0.282609 -0.584609 0.336306 -0.741357 0.041482 0.248480 1.003232 -0.112823 1.434484 0.280729 -0.458388 1.885376 -0.559252
12.633333 -0.119462 0.092963 0.632263 -0.706529 0.436306 0.582467 -0.183369 0.302800 -0.605477 0.334692 -0.692704 -0.012227 0.207293 1.070937 0.005764 1.433754 0.273954 -0.441836 1.887597 -0.589674
12.666667 -0.099080 0.094339 0.647751 -0.716618 0.431787 0.554174 -0.186917 0.325860 -0.625263 0.332086 -0.605465 -0.038994 0.146407 1.155337 0.025758 1.426903 0.252932 -0.432797 1.886191 -0.608837
12.700000 -0.073366 0.095624 0.662650 -0.722190 0.424135 0.521681 -0.190292 0.349718 -0.641865 0.324334 -0.479660 -0.053083 0.084216 1.268583 0.092293 1.412702 0.215897 -0.419026 1.889795 -0.595287
12.733333 -0.045151 0.095522 0.686350 -0.729123 0.408256 0.488147 -0.195970 0.379776 -0.659633 0.307892 -0.314664 -0.039360 -0.006133 1.422901 0.143269 1.409088 0.183814 -0.400521 1.887407 -0.600557
12.766667 -0.014645 0.100993 0.709168 -0.744028 0.396216 0.455476 -0.201710 0.402065 -0.678002 0.293907 -0.114744 -0.019191 -0.090020 1.601785 0.175387 1.400613 0.159408 -0.383921 1.881864 -0.617386
12.800000 0.016276 0.104449 0.726607 -0.757521 0.394389 0.424074 -0.205813 0.414234 -0.682654 0.278675 0.114465 -0.005910 -0.155091 1.789680 0.172917 1.393218 0.127498 -0.360832 1.878074 -0.597288
12.833333 0.030993 0.102311 0.740754 -0.773401 0.402506 0.408152 -0.206919 0.421593 -0.683792 0.276410 0.363504 -0.010065 -0.232070 1.965557 0.175232 1.384974 0.108213 -0.341015 1.878784 -0.537441
12.866667 0.059118 0.095487 0.745292 -0.773277 0.406811 0.379696 -0.203400 0.426941 -0.678897 0.275418 0.600005 -0.022176 -0.275250 2.126355 0.082190 1.389283 0.086789 -0.328104 1.882273 -0.512010
12.900000 0.095706 0.083369 0.737438 -0.752414 0.404394 0.342014 -0.193827 0.436342 -0.672498 0.267163 0.790625 -0.037113 -0.294106 2.252367 -0.000137 1.395879 0.056717 -0.323252 1.890975 -0.504234
12.933333 0.122766 0.074640 0.680711 -0.665260 0.365747 0.317676 -0.180379 0.392308 -0.588192 0.221964 0.899336 -0.034327 -0.328081 2.301326 -0.020778 1.393396 0.021590 -0.323039 1.888400 -0.481357
12.966667 0.135187 0.058745 0.608783 -0.530793 0.319603 0.307788 -0.163408 0.341728 -0.463047 0.161620 0.990278 -0.010827 -0.346795 2.269335 -0.012623 1.411182 0.003348 -0.331611 1.873602 -0.467363
13.000000 0.145650 0.049375 0.552550 -0.449456 0.288878 0.304601 -0.148725 0.303996 -0.396041 0.127700 0.975889 0.005978 -0.344552 2.252685 -0.005672 1.403965 -0.016833 -0.342769 1.862822 -0.444740
13.033333 0.148681 0.042234 0.540774 -0.440604 0.285035 0.304635 -0.138487 0.309236 -0.406728 0.131796 0.926117 0.004230 -0.324651 2.274563 0.001559 1.388645 -0.035658 -0.352101 1.863338 -0.401675
13.066667 0.150947 0.036092 0.538583 -0.438460 0.283553 0.303159 -0.132768 0.318794 -0.420259 0.137798 0.895368 -0.005938 -0.311177 2.282968 0.030007 1.378944 -0.038198 -0.358201 1.863104 -0.375934
13.100000 0.177870 0.025646 0.642273 -0.637707 0.361495 0.282268 -0.125428 0.448444 -0.673855 0.246325 0.806035 0.002256 -0.306662 2.341003 0.007999 1.352632 -0.045993 -0.365115 1.870808 -0.377718
13.133333 0.174386 0.016211 0.683231 -0.691135 0.380502 0.274835 -0.121818 0.510848 -0.757763 0.271269 0.812520 0.005218 -0.307529 2.326904 0.002735 1.344631 -0.024745 -0.372210 1.877363 -0.380255
13.166667 0.175852 0.012495 0.665779 -0.666174 0.370872 0.271032 -0.117923 0.503046 -0.744792 0.262198 0.805435 0.011747 -0.318399 2.328415 -0.020646 1.327402 -0.001528 -0.372282 1.883596 -0.381123
13.200000 0.179673 0.007376 0.674104 -0.675999 0.374342 0.264557 -0.116063 0.520821 -0.767274 0.268868 0.805546 0.022771 -0.321073 2.334161 -0.040808 1.301867 0.013267 -0.367837 1.900269 -0.372818
13.233333 0.190086 0.005015 0.658952 -0.651136 0.361284 0.257903 -0.112988 0.512265 -0.750257 0.258916 0.787289 0.033234 -0.321285 2.357357 -0.046990 1.255371 0.013030 -0.360854 1.942478 -0.361791
13.266667 0.202940 0.003146 0.662783 -0.642956 0.353626 0.246283 -0.112182 0.523843 -0.749983 0.254121 0.770529 0.045735 -0.314758 2.398341 -0.035821 1.205902 0.012063 -0.365901 2.008033 -0.333094
13.300000 0.219984 -0.001291 0.668410 -0.640884 0.351204 0.228085 -0.109846 0.538058 -0.755622 0.256283 0.742550 0.052217 -0.306963 2.442891 -0.001784 1.153105 -0.005002 -0.388993 2.075976 -0.249001
13.333333 0.238593 -0.008778 0.689013 -0.663029 0.361081 0.208703 -0.107469 0.566527 -0.786557 0.268204 0.713803 0.054040 -0.294613 2.492528 -0.004718 1.107852 -0.019987 -0.419509 2.142623 -0.178768
13.366667 0.254230 -0.012338 0.689692 -0.641067 0.344252 0.193252 -0.107991 0.569153 -0.767671 0.260988 0.672603 0.050685 -0.304085 2.556321 0.019815 1.059606 -0.024729 -0.451849 2.217797 -0.159754
13.400000 0.261726 -0.002478 0.685964 -0.627048 0.328371 0.191193 -0.114888 0.549496 -0.735139 0.248339 0.626668 0.038532 -0.331958 2.570000 0.071886 0.986229 -0.019926 -0.473708 2.291988 -0.142111
13.433333 0.281751 -0.007176 0.677075 -0.597039 0.299970 0.177620 -0.108774 0.557521 -0.733489 0.236519 0.540845 0.022716 -0.350162 2.570000 0.147981 0.887874 -0.014949 -0.506888 2.363318 -0.088021
13.466667 0.288336 -0.004930 0.687172 -0.583296 0.269418 0.180649 -0.114639 0.558683 -0.715168 0.222114 0.424528 0.011092 -0.392859 2.570000 0.262910 0.763266 0.009254 -0.581776 2.406224 0.136178
13.500000 0.272945 0.002204 0.667987 -0.517639 0.219714 0.193679 -0.124260 0.533792 -0.648271 0.187133 0.335328 0.032571 -0.425071 2.513976 0.451676 0.611986 0.024369 -0.658354 2.431091 0.484391
13.533333 0.263910 0.006604 0.645314 -0.456504 0.171837 0.204350 -0.130131 0.508889 -0.592753 0.155740 0.240590 0.036169 -0.415757 2.373610 0.489918 0.445461 0.020463 -0.685689 2.391052 0.679175
13.566667 0.244567 0.008280 0.641569 -0.417971 0.133385 0.214235 -0.135389 0.506783 -0.565577 0.140324 0.159234 0.020333 -0.384265 2.173717 0.497711 0.294807 0.006040 -0.662958 2.236142 0.735311
13.600000 0.225108 0.010819 0.634737 -0.397767 0.106909 0.225594 -0.137710 0.493778 -0.548764 0.143277 0.100481 -0.004748 -0.340912 1.912829 0.402067 0.169636 -0.019379 -0.588746 1.991492 0.689429
13.633333 0.213361 0.021111 0.625787 -0.367239 0.074034 0.230584 -0.142033 0.468353 -0.511902 0.149051 0.072507 -0.001089 -0.311484 1.699448 0.215624 0.118243 -0.001158 -0.535939 1.753565 0.516861
13.666667 0.209756 0.023134 0.650135 -0.365423 0.060399 0.231155 -0.147717 0.488099 -0.519035 0.165569 0.035572 -0.003821 -0.314931 1.654193 0.099773 0.099141 0.035408 -0.532982 1.603875 0.320257
13.700000 0.201918 0.020148 0.675313 -0.366243 0.043876 0.232358 -0.149458 0.522648 -0.541782 0.170740 -0.024860 -0.048690 -0.328407 1.706448 0.307300 0.068321 0.118111 -0.555790 1.600722 0.206955
13.733333 0.203446 0.011913 0.697948 -0.349075 0.010017 0.233555 -0.155551 0.558897 -0.561248 0.165686 -0.050906 -0.087156 -0.332064 1.779465 0.394693 0.045215 0.209192 -0.574079 1.677156 0.129593
13.766667 0.196747 0.010307 0.707009 -0.338489 -0.022980 0.245143 -0.157958 0.580819 -0.584438 0.155865 -0.060346 -0.100457 -0.335819 1.863375 0.344548 0.001548 0.252213 -0.568676 1.788424 0.239023
13.800000 0.182825 0.010909 0.706523 -0.329551 -0.041652 0.263385 -0.161097 0.584550 -0.593526 0.149462 -0.052809 -0.091565 -0.358146 1.945357 0.346064 -0.039789 0.259723 -0.527731 1.895266 0.350801
13.833333 0.176194 0.020623 0.700146 -0.322856 -0.050909 0.271070 -0.167713 0.573219 -0.590112 0.141804 -0.031467 -0.078655 -0.368918 2.027035 0.398817 -0.046976 0.261351 -0.477812 1.968749 0.375816
13.866667 0.178576 0.026397 0.712956 -0.347935 -0.041015 0.267936 -0.172623 0.581249 -0.614357 0.154661 0.007618 -0.069640 -0.365446 2.090795 0.416662 -0.017446 0.254395 -0.451963 2.020350 0.401107
13.900000 0.188576 0.031778 0.710122 -0.349760 -0.040134 0.261666 -0.175365 0.578048 -0.622972 0.159393 0.045448 -0.058710 -0.353051 2.142230 0.417932 0.027695 0.241233 -0.437072 2.048618 0.395993
13.933333 0.197322 0.035070 0.712445 -0.343972 -0.054143 0.248075 -0.177675 0.586551 -0.633406 0.159761 0.074193 -0.056352 -0.344621 2.182085 0.435946 0.081851 0.216623 -0.439253 2.075211 0.363917
13.966667 0.203195 0.037343 0.719006 -0.340205 -0.071882 0.240203 -0.178630 0.599219 -0.644785 0.157438 0.090318 -0.067497 -0.335706 2.213302 0.458633 0.128533 0.185462 -0.442286 2.100423 0.389011
14.000000 0.209012 0.036523 0.735312 -0.339966 -0.091060 0.234138 -0.180751 0.619335 -0.657304 0.156573 0.100039 -0.080825 -0.319097 2.234107 0.423246 0.155745 0.126450 -0.458086 2.133408 0.408948
14.033333 0.208963 0.036249 0.753024 -0.345010 -0.103933 0.237164 -0.183398 0.632878 -0.658018 0.149201 0.105621 -0.092104 -0.317148 2.256235 0.422890 0.195159 0.090174 -0.449711 2.138115 0.364315
14.066667 0.198106 0.041443 0.769369 -0.355132 -0.102484 0.247150 -0.188919 0.636783 -0.647915 0.143847 0.105311 -0.105649 -0.319912 2.270559 0.432725 0.210273 0.047110 -0.441174 2.147999 0.338953
14.100000 0.176822 0.048760 0.796197 -0.400000 -0.050725 0.257986 -0.193821 0.651356 -0.650666 0.141982 0.108592 -0.121226 -0.314599 2.279513 0.430806 0.212676 0.009691 -0.435842 2.153700 0.333771
14.133333 0.148491 0.058316 0.812711 -0.461959 0.037328 0.268973 -0.197654 0.653709 -0.636992 0.130478 0.110475 -0.129569 -0.302874 2.286809 0.431753 0.219608 0.006847 -0.450175 2.163803 0.334717
14.166667 0.140136 0.058722 0.821911 -0.545151 0.122522 0.277197 -0.203659 0.644002 -0.633405 0.134236 0.104345 -0.131811 -0.301064 2.293741 0.440643 0.211883 0.004110 -0.460254 2.167028 0.328654
14.200000 0.153532 0.052225 0.831957 -0.643387 0.198579 0.279104 -0.211455 0.635285 -0.639983 0.146965 0.101589 -0.123308 -0.304132 2.301415 0.447170 0.209207 0.016361 -0.473291 2.174958 0.328463
14.233333 0.178448 0.044264 0.839485 -0.749389 0.279981 0.280676 -0.219447 0.630963 -0.650613 0.160376 0.102227 -0.109391 -0.312219 2.312635 0.451947 0.213038 0.035979 -0.480690 2.179226 0.332300
14.266667 0.201619 0.040522 0.835525 -0.842601 0.345096 0.277125 -0.225108 0.624945 -0.657057 0.171363 0.101892 -0.093213 -0.312879 2.321706 0.452576 0.216688 0.058260 -0.473752 2.174675 0.316695
14.300000 0.210228 0.050084 0.808978 -0.899814 0.377250 0.265678 -0.230067 0.592541 -0.616259 0.162845 0.100007 -0.086502 -0.334130 2.329357 0.440815 0.215669 0.070711 -0.493017 2.192316 0.329047
14.333333 0.208652 0.057409 0.793866 -0.968100 0.415670 0.256096 -0.234642 0.591223 -0.606267 0.151610 0.103790 -0.080208 -0.334601 2.336868 0.431864 0.212449 0.075994 -0.472723 2.198014 0.328762
14.366667 0.199754 0.061317 0.763356 -1.008962 0.441858 0.249020 -0.236481 0.580086 -0.573894 0.128078 0.110231 -0.076547 -0.340031 2.343523 0.434841 0.204305 0.082258 -0.458845 2.210362 0.346958
14.400000 0.206386 0.051752 0.742669 -1.059097 0.476353 0.243432 -0.233667 0.600788 -0.597222 0.129833 0.117533 -0.075312 -0.338624 2.347022 0.443467 0.197509 0.099520 -0.430192 2.217410 0.367115
14.433333 0.220763 0.050272 0.695791 -1.048477 0.483395 0.230008 -0.235720 0.566951 -0.531395 0.101802 0.118656 -0.069854 -0.347669 2.347763 0.450070 0.186192 0.103009 -0.415884 2.221854 0.370941
14.466667 0.243341 0.040549 0.653888 -1.018573 0.499557 0.224462 -0.236201 0.557457 -0.498457 0.080847 0.122394 -0.066984 -0.364284 2.340385 0.447298 0.163139 0.097011 -0.400713 2.220829 0.374453
14.500000 0.277452 0.022758 0.607227 -0.920187 0.537429 0.202645 -0.230155 0.552210 -0.439982 0.048147 0.129935 -0.058857 -0.373659 2.323732 0.447061 0.154837 0.094818 -0.399663 2.218187 0.372597
14.533333 0.296064 0.002973 0.575643 -0.845444 0.562358 0.195127 -0.225723 0.560559 -0.412008 0.029973 0.137087 -0.052365 -0.396504 2.289255 0.481156 0.145430 0.097124 -0.390733 2.207909 0.377172
14.566667 0.306094 -0.011865 0.555320 -0.792167 0.574263 0.181875 -0.221821 0.574173 -0.400709 0.025860 0.134636 -0.051243 -0.417517 2.241420 0.520729 0.135355 0.089998 -0.384756 2.192530 0.370690
14.600000 0.305176 -0.028110 0.548911 -0.747701 0.567063 0.169612 -0.217823 0.599646 -0.401306 0.027828 0.131331 -0.047790 -0.444019 2.178391 0.554845 0.132108 0.079693 -0.375563 2.175892 0.345601
14.633333 0.306710 -0.044940 0.558599 -0.740628 0.571460 0.167824 -0.217461 0.650599 -0.457513 0.046292 0.120133 -0.048332 -0.463191 2.087556 0.589876 0.138531 0.082339 -0.356532 2.156484 0.236928
14.666667 0.309131 -0.065995 0.548442 -0.706988 0.568164 0.160914 -0.208705 0.695961 -0.513477 0.084901 0.106772 -0.059138 -0.477982 1.994134 0.641675 0.182066 0.092603 -0.348039 2.170129 0.135370
14.700000 0.321931 -0.089799 0.517672 -0.655882 0.560518 0.160374 -0.198492 0.730884 -0.567394 0.122023 0.080187 -0.073687 -0.481893 1.895069 0.719763 0.263039 0.100380 -0.348828 2.193607 -0.005588
14.733333 0.337875 -0.112525 0.495174 -0.620424 0.554447 0.174690 -0.194957 0.764792 -0.617567 0.152979 0.052411 -0.099299 -0.472910 1.794305 0.821844 0.367284 0.085925 -0.361855 2.213378 -0.135575
14.766667 0.356153 -0.128501 0.537824 -0.686277 0.588527 0.197968 -0.210455 0.834906 -0.707603 0.166956 0.031856 -0.110935 -0.446574 1.728324 0.800865 0.476346 0.033925 -0.385438 2.232431 -0.214056
14.800000 0.412779 -0.165772 0.571561 -0.696350 0.588053 0.141022 -0.199575 0.917854 -0.762638 0.167947 0.027719 -0.111725 -0.398253 1.719419 0.788617 0.602639 -0.075099 -0.471950 2.244228 -0.309750
14.833333 0.396198 -0.161181 0.389744 -0.455178 0.498553 0.188318 -0.176809 0.821871 -0.671061 0.130478 0.006664 -0.132542 -0.427796 1.669378 0.802003 0.657056 -0.091266 -0.408014 2.270734 -0.402427
14.866667 0.392735 -0.158052 0.441175 -0.534348 0.530798 0.189378 -0.187157 0.853073 -0.701365 0.141320 0.007640 -0.123537 -0.446446 1.684685 0.802014 0.707482 -0.129983 -0.379611 2.298689 -0.504037
14.900000 0.387035 -0.157179 0.484433 -0.597700 0.552328 0.179849 -0.187693 0.879986 -0.714330 0.146486 0.022161 -0.114899 -0.467547 1.710961 0.819302 0.734145 -0.144853 -0.371298 2.311190 -0.583750
14.933333 0.375741 -0.155162 0.361098 -0.407726 0.471823 0.172718 -0.156880 0.810965 -0.611941 0.132850 0.034850 -0.114096 -0.497046 1.742084 0.842686 0.733973 -0.119485 -0.387115 2.280639 -0.625045
14.966667 0.363688 -0.147561 0.429431 -0.514535 0.512328 0.160543 -0.155306 0.837900 -0.618852 0.128015 0.072075 -0.111059 -0.531575 1.784049 0.840368 0.725045 -0.077321 -0.409140 2.218875 -0.611669
15.000000 0.351567 -0.143212 0.338071 -0.381367 0.453548 0.144688 -0.124352 0.785140 -0.546711 0.115015 0.090439 -0.130973 -0.550795 1.817964 0.839781 0.686166 -0.009739 -0.448841 2.150015 -0.646232
15.033333 0.351544 -0.144809 0.305852 -0.323012 0.425038 0.120227 -0.101964 0.775724 -0.512815 0.099420 0.106732 -0.152054 -0.568604 1.896045 0.874203 0.671158 0.049753 -0.532534 2.051353 -0.618522
15.066667 0.355537 -0.149452 0.286070 -0.279440 0.407346 0.088021 -0.081122 0.778687 -0.496834 0.080500 0.134518 -0.169390 -0.582934 1.995828 0.905651 0.666549 0.089447 -0.615098 1.921127 -0.632109
15.100000 0.344256 -0.138319 0.368012 -0.410738 0.463432 0.055609 -0.076455 0.805371 -0.524936 0.067887 0.168792 -0.185258 -0.558917 2.004862 0.747817 0.629319 0.093389 -0.627896 1.872480 -0.649980
15.133333 0.329324 -0.141337 0.457567 -0.518598 0.504417 0.023926 -0.069214 0.857679 -0.558580 0.042529 0.214348 -0.165330 -0.550215 2.043321 0.696558 0.616992 0.074804 -0.629552 1.849566 -0.538538
15.166667 0.326077 -0.137900 0.258776 -0.221107 0.386938 0.001912 -0.038032 0.757401 -0.463513 0.004439 0.186605 -0.171290 -0.568770 2.055689 0.768798 0.604186 0.070702 -0.606477 1.859215 -0.545554
15.200000 0.321749 -0.120265 0.321998 -0.380142 0.462549 0.025992 -0.052854 0.753222 -0.464651 -0.071731 0.167293 -0.184032 -0.570956 2.075258 0.751893 0.605597 0.078038 -0.582896 1.870780 -0.604393
15.233333 0.311460 -0.100015 0.393050 -0.526814 0.526768 0.050618 -0.072470 0.768183 -0.487010 -0.131311 0.169894 -0.177036 -0.562686 2.081026 0.732201 0.608036 0.078607 -0.578047 1.868580 -0.601348
15.266667 0.297248 -0.084728 0.251436 -0.337254 0.454381 0.073334 -0.068608 0.672303 -0.401757 -0.151531 0.153555 -0.178300 -0.558612 2.087326 0.718321 0.603380 0.088591 -0.590464 1.865910 -0.581368
15.300000 0.289709 -0.064692 0.350079 -0.516709 0.523905 0.082351 -0.090417 0.700132 -0.454744 -0.141711 0.157965 -0.173225 -0.556626 2.091779 0.728590 0.615296 0.093926 -0.597847 1.869099 -0.593843
15.333333 0.281698 -0.049272 0.307776 -0.481643 0.509305 0.090099 -0.094561 0.655459 -0.432842 -0.135229 0.150920 -0.175016 -0.558809 2.097541 0.749357 0.622878 0.102428 -0.614563 1.868978 -0.591001
15.366667 0.263944 -0.033618 0.429321 -0.664492 0.573947 0.104131 -0.118727 0.718595 -0.516287 -0.108979 0.177238 -0.168331 -0.576936 2.107914 0.746964 0.645125 0.115096 -0.606053 1.873324 -0.579595
15.400000 0.283493 -0.018511 0.369569 -0.635346 0.566496 0.088095 -0.117279 0.662256 -0.507911 -0.095721 0.155197 -0.157980 -0.552070 2.118331 0.764038 0.642350 0.100145 -0.649683 1.860199 -0.570819
15.433333 0.271886 -0.006497 0.412831 -0.739511 0.600314 0.093112 -0.124478 0.684686 -0.575909 -0.072544 0.160756 -0.159227 -0.549715 2.108085 0.762815 0.644729 0.116105 -0.635986 1.870335 -0.568413
15.466667 0.260117 0.000621 0.415355 -0.777679 0.616816 0.099396 -0.127674 0.687996 -0.614803 -0.058262 0.159985 -0.163746 -0.542463 2.101528 0.764257 0.636962 0.112405 -0.628929 1.866966 -0.557159
15.500000 0.248548 0.008771 0.427459 -0.826927 0.635297 0.102143 -0.133419 0.699821 -0.662751 -0.043449 0.162214 -0.164440 -0.535984 2.099167 0.747041 0.626970 0.098166 -0.618707 1.863245 -0.557653
15.533333 0.242108 0.007709 0.445937 -0.872677 0.656047 0.099076 -0.135112 0.723971 -0.713637 -0.021613 0.174266 -0.164103 -0.517576 2.107985 0.722780 0.617149 0.091974 -0.602474 1.875764 -0.534440
15.566667 0.260180 0.004071 0.441041 -0.883420 0.672777 0.095201 -0.134504 0.725893 -0.742202 0.001190 0.187095 -0.170243 -0.464784 2.116744 0.652252 0.576327 0.100655 -0.533176 1.937358 -0.560251
15.600000 0.307788 -0.006033 0.409598 -0.847645 0.677355 0.092938 -0.129213 0.705822 -0.743471 0.020197 0.211655 -0.179312 -0.385274 2.132670 0.583724 0.503634 0.106250 -0.455805 2.027604 -0.516657
15.633333 0.357168 -0.020326 0.391342 -0.813155 0.687269 0.076285 -0.124192 0.707858 -0.754504 0.039941 0.254806 -0.184433 -0.286554 2.163959 0.436663 0.436424 0.111412 -0.374981 2.127022 -0.461707
15.666667 0.372982 -0.031657 0.368579 -0.766766 0.691268 0.062996 -0.115152 0.716226 -0.756891 0.051863 0.302295 -0.182245 -0.214805 2.210087 0.340046 0.387072 0.108280 -0.283663 2.247916 -0.465651
15.700000 0.367234 -0.038995 0.366056 -0.729957 0.679274 0.055304 -0.108286 0.734522 -0.752321 0.059530 0.347823 -0.166363 -0.185366 2.258300 0.193543 0.397394 0.087752 -0.233814 2.329225 -0.453614
15.733333 0.355005 -0.034448 0.355819 -0.701744 0.673329 0.070004 -0.113915 0.729409 -0.746176 0.080458 0.358504 -0.121608 -0.240630 2.298884 0.134435 0.491063 0.114344 -0.208369 2.317898 -0.490500
15.766667 0.352932 -0.028082 0.369987 -0.706649 0.672836 0.080904 -0.126363 0.733974 -0.756041 0.110112 0.353812 -0.075334 -0.332350 2.330695 0.220541 0.623775 0.101775 -0.202868 2.337004 -0.503396
15.800000 0.329386 -0.013194 0.348233 -0.684881 0.666170 0.110566 -0.136231 0.710028 -0.758719 0.143050 0.342726 -0.052572 -0.417825 2.343758 0.294086 0.768495 0.110435 -0.207565 2.311729 -0.518819
15.833333 0.310731 -0.003343 0.326310 -0.658551 0.658530 0.139866 -0.146316 0.691601 -0.770801 0.156339 0.341444 -0.034660 -0.459851 2.386393 0.306134 0.934593 0.123977 -0.235571 2.222513 -0.530152
15.866667 0.293841 0.007819 0.315711 -0.643533 0.656605 0.154703 -0.154628 0.677462 -0.795177 0.144983 0.381002 -0.007429 -0.461364 2.420221 0.230776 1.119196 0.145184 -0.287957 2.039012 -0.492951
15.900000 0.281899 0.030192 0.290513 -0.615642 0.645275 0.158601 -0.159962 0.628076 -0.765186 0.086255 0.404556 -0.001920 -0.478422 2.448299 0.269244 1.313312 0.169924 -0.369525 1.744057 -0.388001
15.933333 0.270334 0.059038 0.255726 -0.556641 0.610701 0.170620 -0.170521 0.538496 -0.647511 0.057672 0.441041 -0.002063 -0.505280 2.474780 0.340322 1.503014 0.176134 -0.497874 1.381017 -0.208847
15.966667 0.245887 0.105678 0.279512 -0.648243 0.647204 0.211770 -0.198643 0.476858 -0.622436 0.063623 0.445637 0.014735 -0.526473 2.493606 0.274145 1.676721 0.180388 -0.644175 0.980706 -0.136071
16.000000 0.219861 0.146244 0.418414 -0.890926 0.727626 0.244279 -0.237602 0.532345 -0.750179 0.125726 0.462633 0.019258 -0.517425 2.481290 0.177538 1.758879 0.203784 -0.752781 0.774154 -0.166779
16.033333 0.186662 0.174602 0.511781 -1.023616 0.734234 0.276006 -0.264855 0.558139 -0.807790 0.168659 0.492678 0.024898 -0.528942 2.470556 0.166895 1.702197 0.250953 -0.783166 0.877842 -0.135442
16.066667 0.143772 0.203998 0.567993 -1.100358 0.693376 0.314943 -0.288520 0.538181 -0.809515 0.205326 0.486022 0.021793 -0.514889 2.465626 0.150121 1.574426 0.325285 -0.700475 1.140898 -0.139129
16.100000 0.088256 0.221717 0.628956 -1.187071 0.631196 0.359650 -0.300844 0.536327 -0.836224 0.245711 0.463680 0.005791 -0.500153 2.459446 0.165512 1.430835 0.381972 -0.605678 1.419009 -0.182885
16.133333 0.039271 0.232800 0.700650 -1.269290 0.547094 0.399672 -0.311642 0.542536 -0.867109 0.281618 0.437336 -0.011419 -0.485661 2.450470 0.198255 1.333704 0.434689 -0.517789 1.628793 -0.263380
16.166667 0.025626 0.233503 0.771084 -1.330213 0.498280 0.428720 -0.319902 0.547507 -0.889740 0.304357 0.411590 -0.020148 -0.482201 2.445685 0.218238 1.276925 0.443019 -0.466309 1.756416 -0.261961
16.200000 0.038592 0.208065 0.879329 -1.407094 0.510869 0.443431 -0.323643 0.624362 -0.991659 0.347064 0.410387 -0.032192 -0.462293 2.437421 0.213839 1.297872 0.412586 -0.461994 1.784846 -0.239968
16.233333 0.038348 0.187981 0.944929 -1.410105 0.531223 0.451800 -0.330844 0.661783 -1.027708 0.362318 0.414347 -0.032266 -0.450444 2.433774 0.201766 1.387820 0.382373 -0.479650 1.672235 -0.301465
16.266667 0.033975 0.174043 0.990018 -1.366784 0.551881 0.459636 -0.341119 0.677926 -1.026582 0.363533 0.417075 -0.031330 -0.446315 2.439412 0.181804 1.509624 0.365481 -0.528385 1.471028 -0.345475
16.300000 0.021257 0.159043 1.022133 -1.308325 0.562263 0.465265 -0.343375 0.692193 -1.028340 0.360119 0.425970 -0.033562 -0.448200 2.436106 0.174605 1.650087 0.342343 -0.627396 1.177920 -0.286558
16.333333 -0.001503 0.143775 1.037218 -1.248467 0.570559 0.481227 -0.337566 0.698171 -1.031460 0.351054 0.424224 -0.044994 -0.445758 2.423110 0.174793 1.794486 0.297883 -0.763278 0.834157 -0.202795
16.366667 -0.006861 0.125633 1.059280 -1.183237 0.572302 0.481961 -0.338696 0.717218 -1.026281 0.336235 0.418822 -0.059992 -0.446905 2.421480 0.168508 1.851862 0.270694 -0.861717 0.688175 -0.145921
16.400000 -0.023877 0.113499 1.078731 -1.118129 0.575970 0.490446 -0.338016 0.734515 -1.024704 0.326142 0.422381 -0.061247 -0.451226 2.428069 0.168617 1.848972 0.301322 -0.904739 0.741736 -0.174233
16.433333 -0.048152 0.148113 0.898205 -0.818836 0.521436 0.522801 -0.344829 0.508249 -0.700106 0.191719 0.372690 -0.044153 -0.436060 2.447926 0.185317 1.733902 0.394151 -0.790932 1.012379 -0.214831
16.466667 -0.067854 0.129301 0.983998 -0.899283 0.577958 0.520765 -0.336909 0.631068 -0.878680 0.259166 0.364725 -0.061175 -0.412022 2.443209 0.198475 1.634928 0.443172 -0.701670 1.237913 -0.259675
16.500000 -0.064835 0.142965 0.849583 -0.676998 0.528630 0.508973 -0.334172 0.499734 -0.664310 0.168427 0.339292 -0.042252 -0.377600 2.459458 0.228726 1.504292 0.442033 -0.590986 1.438324 -0.346802
16.533333 -0.087216 0.147661 0.807670 -0.631791 0.536602 0.490273 -0.321913 0.492144 -0.644823 0.156067 0.343133 -0.029312 -0.349359 2.474706 0.225249 1.335906 0.415208 -0.509032 1.637557 -0.362148
16.566667 -0.123275 0.157376 0.779076 -0.647101 0.556242 0.468908 -0.307487 0.497810 -0.656016 0.155328 0.369894 -0.011162 -0.332413 2.503461 0.226373 1.163133 0.375200 -0.463036 1.803871 -0.321624
16.600000 -0.159936 0.159980 0.757037 -0.691110 0.588093 0.443500 -0.285450 0.517960 -0.700172 0.172124 0.417972 0.022304 -0.312882 2.537407 0.194149 1.008094 0.333898 -0.443457 1.926602 -0.283648
16.633333 -0.181655 0.149997 0.721540 -0.658057 0.525829 0.413963 -0.256702 0.512432 -0.691810 0.171827 0.480160 0.061077 -0.300519 2.570000 0.178904 0.867466 0.291036 -0.424928 2.007356 -0.248955
16.666667 -0.160014 0.127450 0.732475 -0.661596 0.423510 0.373551 -0.229350 0.533675 -0.724958 0.185084 0.562495 0.099821 -0.309077 2.570000 0.183481 0.723532 0.227324 -0.418061 2.056270 -0.168103
16.700000 -0.101405 0.096918 0.710861 -0.647611 0.373449 0.325950 -0.196123 0.534648 -0.751439 0.203213 0.620265 0.137067 -0.346238 2.570000 0.158441 0.596578 0.184493 -0.415336 2.094269 -0.082855
16.733333 -0.037991 0.066248 0.719014 -0.678239 0.367432 0.267422 -0.162755 0.570396 -0.818986 0.232698 0.697343 0.199631 -0.367669 2.570000 0.124672 0.488027 0.153311 -0.389643 2.126494 -0.108677
16.766667 0.025518 0.034125 0.715946 -0.692821 0.360621 0.202298 -0.127867 0.596511 -0.865794 0.253338 0.766997 0.260705 -0.388776 2.570000 0.077330 0.398735 0.133156 -0.372147 2.136865 -0.113374
16.800000 0.089293 0.003001 0.681141 -0.673283 0.355724 0.135943 -0.092742 0.592716 -0.877432 0.269676 0.814072 0.335470 -0.389713 2.570000 0.040720 0.322229 0.122704 -0.355116 2.143413 -0.064838
16.833333 0.150899 -0.030084 0.665364 -0.673854 0.356664 0.071723 -0.057350 0.607935 -0.909633 0.290633 0.857938 0.408400 -0.412580 2.570000 0.005878 0.266286 0.124664 -0.361237 2.163148 0.002645
16.866667 0.208760 -0.055288 0.597556 -0.604145 0.333723 0.014974 -0.027942 0.576648 -0.883086 0.290771 0.898118 0.464872 -0.439669 2.516679 -0.042021 0.231552 0.139290 -0.357615 2.157499 0.029867
16.900000 0.267914 -0.080981 0.555399 -0.558567 0.312341 -0.040495 0.002470 0.572988 -0.884613 0.288916 0.969688 0.498612 -0.475801 2.368054 -0.136141 0.216082 0.156471 -0.350833 2.154580 0.026591
16.933333 0.321492 -0.103020 0.506147 -0.507937 0.295507 -0.095037 0.027845 0.564219 -0.887304 0.293046 1.040261 0.521892 -0.510490 2.173389 -0.266025 0.213994 0.170310 -0.344446 2.141705 0.006776
16.966667 0.371786 -0.127719 0.432164 -0.399678 0.253705 -0.145547 0.055886 0.550884 -0.871096 0.288428 1.142598 0.547977 -0.561588 1.926550 -0.332047 0.229290 0.170239 -0.324312 2.129881 0.006624
17.000000 0.423671 -0.144047 0.398627 -0.366023 0.238660 -0.196745 0.075911 0.555894 -0.890572 0.290636 1.235380 0.568871 -0.643077 1.648696 -0.415452 0.240654 0.171624 -0.322777 2.126708 0.005158
17.033333 0.471198 -0.161381 0.343758 -0.298058 0.219028 -0.246646 0.097369 0.545519 -0.891193 0.297168 1.336126 0.595447 -0.724990 1.404537 -0.476532 0.268216 0.175352 -0.319300 2.116503 -0.007504
17.066667 0.522708 -0.170313 0.398691 -0.399562 0.252463 -0.296001 0.105831 0.589742 -0.954110 0.307525 1.270269 0.623090 -0.695080 1.450365 -0.529886 0.279379 0.175345 -0.309939 2.135982 -0.026889
17.100000 0.575857 -0.185555 0.313404 -0.282599 0.228387 -0.344921 0.128612 0.557296 -0.920439 0.313645 1.261801 0.686918 -0.695558 1.605898 -0.371903 0.288230 0.172004 -0.289500 2.148542 -0.045751
17.133333 0.612995 -0.193191 0.299018 -0.247611 0.220679 -0.384124 0.138543 0.568037 -0.919905 0.316993 1.240733 0.752083 -0.679517 1.773101 -0.319122 0.279135 0.166258 -0.273435 2.161918 -0.025123
17.166667 0.642339 -0.178492 0.285637 -0.243840 0.224892 -0.410192 0.130530 0.548568 -0.902278 0.310077 1.218924 0.809501 -0.670054 1.846694 -0.401500 0.237093 0.168710 -0.255036 2.173078 -0.020316
17.200000 0.648637 -0.171920 0.282737 -0.245521 0.221852 -0.421979 0.125589 0.538073 -0.892097 0.308342 1.198447 0.820294 -0.664120 1.761944 -0.415094 0.196194 0.188428 -0.234058 2.172457 -0.018590
17.233333 0.645230 -0.167145 0.284508 -0.253583 0.218707 -0.422259 0.120157 0.530003 -0.885320 0.305981 1.222690 0.803727 -0.687294 1.584688 -0.414564 0.164583 0.213338 -0.216385 2.166892 -0.000089
17.266667 0.648840 -0.161161 0.295476 -0.264748 0.218251 -0.426560 0.111602 0.529838 -0.877956 0.298667 1.276329 0.784781 -0.687780 1.443905 -0.485238 0.143765 0.229131 -0.198102 2.173996 0.006208
17.300000 0.658752 -0.167131 0.339694 -0.315035 0.232811 -0.442189 0.113291 0.562518 -0.900589 0.300453 1.275562 0.782707 -0.613502 1.481687 -0.534157 0.141039 0.252857 -0.194365 2.193231 0.004343
17.333333 0.670175 -0.164189 0.326325 -0.281004 0.228494 -0.454165 0.108327 0.556667 -0.882880 0.296629 1.272055 0.769198 -0.594574 1.552211 -0.469841 0.121626 0.259871 -0.190273 2.196094 0.003785
17.366667 0.666155 -0.169201 0.367906 -0.328167 0.236535 -0.458234 0.111225 0.588368 -0.907429 0.297868 1.226378 0.764745 -0.535631 1.549400 -0.462375 0.099466 0.269955 -0.198856 2.194244 0.011574
17.400000 0.647256 -0.159784 0.351590 -0.293290 0.218901 -0.434801 0.100637 0.570639 -0.881164 0.290875 1.244854 0.749765 -0.605805 1.391186 -0.425670 0.065521 0.277859 -0.207256 2.177074 0.040229
17.433333 0.614385 -0.154742 0.363926 -0.286297 0.215233 -0.402433 0.090466 0.575076 -0.867457 0.285946 1.245128 0.718379 -0.623825 1.308530 -0.474570 0.047130 0.281837 -0.201208 2.182354 0.044299
17.466667 0.592256 -0.153575 0.444873 -0.381205 0.243628 -0.376548 0.080516 0.621266 -0.900519 0.287305 1.135144 0.662041 -0.543317 1.394596 -0.470963 0.037927 0.278204 -0.202155 2.212424 0.048740
17.500000 0.549163 -0.145843 0.397257 -0.299042 0.230659 -0.330950 0.073704 0.576241 -0.833223 0.274843 1.010323 0.603919 -0.478011 1.539468 -0.316238 0.040132 0.259568 -0.205304 2.233256 0.060020
17.533333 0.504300 -0.136919 0.394221 -0.275212 0.226833 -0.279794 0.064000 0.562458 -0.798051 0.262834 0.857422 0.506811 -0.398282 1.702710 -0.250721 0.071233 0.224498 -0.228104 2.269161 0.069065
17.566667 0.452125 -0.118903 0.395347 -0.268119 0.239808 -0.222981 0.047929 0.542692 -0.762246 0.248555 0.694619 0.401915 -0.342051 1.869766 -0.188656 0.125178 0.194260 -0.264418 2.311303 0.037492
17.600000 0.436545 -0.084237 0.363984 -0.258265 0.253817 -0.203965 0.019649 0.473048 -0.705982 0.235776 0.506729 0.337615 -0.264214 2.007708 -0.045336 0.235392 0.174202 -0.332151 2.314321 0.012084
17.633333 0.411501 -0.062845 0.352681 -0.259892 0.267340 -0.168207 0.001113 0.432773 -0.672101 0.225783 0.353572 0.264829 -0.216328 2.109650 0.078729 0.360094 0.151238 -0.402073 2.315584 -0.035880
17.666667 0.353636 -0.051297 0.525409 -0.515321 0.363730 -0.102503 -0.020364 0.535379 -0.810657 0.265327 0.255516 0.176833 -0.230006 2.178433 0.058548 0.500578 0.152055 -0.421235 2.314983 -0.111665
17.700000 0.266216 -0.039535 0.570179 -0.557971 0.386715 -0.016210 -0.039294 0.547939 -0.810243 0.265960 0.201485 0.103135 -0.264264 2.188823 0.094249 0.635928 0.162161 -0.401135 2.304786 -0.167139
17.733333 0.195961 -0.020800 0.577734 -0.568637 0.403879 0.058531 -0.059389 0.529600 -0.786902 0.252705 0.136861 0.060084 -0.271414 2.212831 0.166019 0.763645 0.168004 -0.388330 2.289869 -0.233616
17.766667 0.129422 0.000794 0.563157 -0.561769 0.415829 0.128893 -0.077805 0.488005 -0.745746 0.236624 0.084942 0.040066 -0.266255 2.234125 0.205416 0.882616 0.177227 -0.377112 2.269802 -0.304496
17.800000 0.070559 0.019313 0.564692 -0.577811 0.431880 0.189381 -0.093817 0.465655 -0.732187 0.228826 0.053600 0.032408 -0.244109 2.246149 0.221781 0.992541 0.206115 -0.375003 2.226617 -0.387476
17.833333 0.012023 0.036411 0.551018 -0.572750 0.433534 0.255850 -0.108272 0.430986 -0.700028 0.205952 0.032326 0.028897 -0.216400 2.265710 0.215340 1.094030 0.231207 -0.379047 2.162260 -0.424287
17.866667 -0.038555 0.049982 0.569200 -0.610132 0.447435 0.309351 -0.119613 0.429066 -0.713767 0.200085 0.025289 0.034667 -0.195605 2.285180 0.223605 1.185941 0.250685 -0.388657 2.080258 -0.436629
17.900000 -0.090879 0.068461 0.542440 -0.595511 0.451923 0.361539 -0.130366 0.383689 -0.673766 0.173621 0.017046 0.026758 -0.182229 2.304584 0.223440 1.263393 0.280580 -0.406764 1.981889 -0.457734
17.933333 -0.132842 0.078122 0.568129 -0.639313 0.471899 0.407338 -0.139095 0.394905 -0.700633 0.170275 0.025110 0.019447 -0.177466 2.322630 0.204091 1.356084 0.315547 -0.454420 1.847667 -0.461840
17.966667 -0.176013 0.092351 0.540388 -0.611577 0.469087 0.452139 -0.148955 0.351389 -0.649137 0.141508 0.023359 0.011003 -0.168158 2.342218 0.189104 1.446534 0.335394 -0.490873 1.698879 -0.459651
18.000000 -0.210316 0.098186 0.558325 -0.649518 0.476905 0.490406 -0.153552 0.359371 -0.676213 0.136957 0.023477 -0.012220 -0.163656 2.357513 0.199040 1.531978 0.343713 -0.547448 1.522447 -0.445151
18.033333 -0.244840 0.102102 0.548054 -0.640536 0.461204 0.521857 -0.155688 0.341058 -0.655609 0.116596 0.035135 -0.023380 -0.153955 2.364051 0.200434 1.633853 0.347671 -0.630159 1.306298 -0.425457
18.066667 -0.271633 0.107451 0.574039 -0.688053 0.475125 0.544285 -0.160459 0.359456 -0.695351 0.122072 0.033777 -0.041803 -0.149139 2.373295 0.173505 1.727805 0.342346 -0.722885 1.080488 -0.414567
18.100000 -0.297129 0.115586 0.557640 -0.679364 0.469952 0.568223 -0.166497 0.331348 -0.668815 0.103948 0.032879 -0.050712 -0.145058 2.377144 0.165914 1.785645 0.328702 -0.806214 0.882330 -0.381032
18.133333 -0.325771 0.123520 0.557669 -0.691107 0.470994 0.594148 -0.173131 0.319904 -0.662604 0.093030 0.038859 -0.051890 -0.151263 2.378732 0.165834 1.783690 0.333022 -0.860906 0.787566 -0.299989
18.166667 -0.346733 0.132485 0.534517 -0.672895 0.468948 0.613104 -0.180096 0.281862 -0.620200 0.075389 0.037674 -0.045756 -0.126272 2.390569 0.152672 1.746346 0.387686 -0.847751 0.858798 -0.337947
18.200000 -0.370097 0.140025 0.516333 -0.651909 0.464882 0.639069 -0.185953 0.250255 -0.576023 0.053331 0.033505 -0.049672 -0.106328 2.404662 0.155744 1.682917 0.464656 -0.785200 1.030498 -0.387267
18.233333 -0.392072 0.147001 0.510246 -0.649966 0.471123 0.660161 -0.191511 0.230361 -0.550911 0.043502 0.026033 -0.053048 -0.093907 2.414580 0.183396 1.603307 0.527335 -0.700920 1.221521 -0.406170
18.266667 -0.414199 0.151617 0.505647 -0.652219 0.481043 0.678907 -0.195912 0.215566 -0.534934 0.041663 0.016273 -0.059104 -0.082230 2.419784 0.198152 1.520154 0.565335 -0.597706 1.403025 -0.450460
18.300000 -0.432886 0.155558 0.511111 -0.648817 0.480517 0.689646 -0.203309 0.215853 -0.521121 0.033068 0.002454 -0.075614 -0.074249 2.416107 0.199109 1.473667 0.577677 -0.516075 1.535789 -0.499171
18.333333 -0.435599 0.148555 0.628870 -0.780246 0.514460 0.690274 -0.209299 0.348323 -0.696547 0.101696 0.014564 -0.083212 -0.062417 2.418793 0.174655 1.497415 0.573699 -0.500974 1.579981 -0.508847
18.366667 -0.433919 0.163488 0.598700 -0.729739 0.495309 0.685845 -0.223578 0.283354 -0.582648 0.055842 0.006210 -0.070877 -0.060383 2.421274 0.175927 1.563638 0.550879 -0.506098 1.506112 -0.510837
18.400000 -0.423246 0.153213 0.698814 -0.841592 0.522357 0.672142 -0.226217 0.398287 -0.734905 0.116447 0.013108 -0.080515 -0.068830 2.415761 0.155948 1.692579 0.520648 -0.583888 1.317020 -0.481186
18.433333 -0.404178 0.161766 0.662323 -0.774203 0.490915 0.654972 -0.235178 0.336646 -0.619055 0.061025 0.013809 -0.068743 -0.081875 2.408859 0.144586 1.835656 0.474083 -0.704459 1.034703 -0.404582
18.466667 -0.389458 0.161313 0.668659 -0.765936 0.481066 0.637680 -0.236881 0.340076 -0.605150 0.045858 0.024735 -0.055385 -0.095588 2.405323 0.133114 1.934305 0.434026 -0.831252 0.798782 -0.347571
18.500000 -0.372291 0.142645 0.760051 -0.869478 0.505143 0.617606 -0.227461 0.466550 -0.778669 0.107524 0.047641 -0.044285 -0.110239 2.412271 0.110832 1.930021 0.415597 -0.878778 0.772732 -0.350702
18.533333 -0.362569 0.160087 0.666298 -0.746110 0.469809 0.611143 -0.235068 0.344148 -0.589657 0.023304 0.054042 -0.011914 -0.120419 2.423126 0.112577 1.826288 0.443411 -0.800602 0.920872 -0.363447
18.566667 -0.345638 0.151603 0.655476 -0.733388 0.469215 0.589133 -0.224828 0.350723 -0.597306 0.019906 0.054532 -0.012727 -0.122707 2.432703 0.124756 1.683593 0.455649 -0.702033 1.120070 -0.373790
18.600000 -0.322371 0.136564 0.645201 -0.727781 0.469760 0.562400 -0.208133 0.367867 -0.627999 0.027955 0.050875 -0.016266 -0.122306 2.436631 0.139120 1.510617 0.437290 -0.598288 1.321344 -0.383806
18.633333 -0.293805 0.120700 0.644846 -0.733110 0.477091 0.532854 -0.193304 0.398339 -0.674874 0.043543 0.055599 -0.016591 -0.125062 2.442837 0.141444 1.330977 0.403101 -0.535568 1.504054 -0.377690
18.666667 -0.258051 0.107114 0.655597 -0.754884 0.490774 0.494922 -0.182268 0.434887 -0.730700 0.066301 0.073127 -0.000745 -0.133082 2.456428 0.148210 1.161559 0.370442 -0.506518 1.654714 -0.365423
18.700000 -0.217424 0.094007 0.652850 -0.746898 0.489473 0.457539 -0.170083 0.455971 -0.752650 0.075989 0.105485 0.020843 -0.153023 2.479998 0.162264 1.002710 0.332885 -0.487285 1.768817 -0.355916
18.733333 -0.175090 0.078662 0.663861 -0.759212 0.493017 0.416785 -0.156158 0.488873 -0.792828 0.092122 0.155895 0.047582 -0.167946 2.505955 0.149847 0.851253 0.297293 -0.469732 1.848143 -0.333516
18.766667 -0.126624 0.058730 0.665861 -0.751790 0.487903 0.375807 -0.138282 0.514205 -0.816780 0.107078 0.217684 0.070727 -0.196264 2.533992 0.136276 0.706983 0.265058 -0.466005 1.906035 -0.268289
18.800000 -0.083315 0.042059 0.649501 -0.733138 0.495713 0.334967 -0.121652 0.522335 -0.825449 0.121267 0.288108 0.099423 -0.228956 2.560038 0.124607 0.566914 0.238316 -0.449684 1.946589 -0.260805
18.833333 -0.026491 0.022340 0.619984 -0.688733 0.475704 0.281333 -0.101567 0.516196 -0.809718 0.125783 0.366783 0.128604 -0.250526 2.570000 0.083799 0.462582 0.214331 -0.452166 1.954803 -0.227114
18.866667 0.017899 0.005205 0.614525 -0.665944 0.460555 0.240409 -0.086699 0.529266 -0.808356 0.132879 0.463646 0.151935 -0.278528 2.570000 0.040694 0.353819 0.203277 -0.425173 1.980761 -0.220702
18.900000 0.071434 -0.014216 0.614371 -0.651680 0.449061 0.190669 -0.071422 0.549470 -0.818488 0.145466 0.546106 0.176377 -0.293317 2.570000 0.005344 0.271142 0.190503 -0.408267 1.981783 -0.211293
18.933333 0.125304 -0.035068 0.613782 -0.644512 0.439129 0.139451 -0.052838 0.571402 -0.838924 0.162515 0.620246 0.207279 -0.300172 2.570000 -0.051152 0.201395 0.191437 -0.395245 1.992766 -0.167078
18.966667 0.174078 -0.049187 0.586993 -0.614467 0.427966 0.088941 -0.033572 0.568970 -0.833471 0.168179 0.684144 0.240033 -0.292144 2.570000 -0.136037 0.150570 0.205544 -0.382501 1.996581 -0.145758
19.000000 0.217877 -0.064231 0.585866 -0.607981 0.422350 0.038984 -0.017638 0.590729 -0.852491 0.177986 0.747241 0.271288 -0.294551 2.570000 -0.209258 0.121494 0.224850 -0.369356 2.008796 -0.121809
19.033333 0.261161 -0.080515 0.518858 -0.491381 0.370344 0.003039 -0.000633 0.562897 -0.797845 0.159685 0.808282 0.300539 -0.313424 2.557077 -0.228943 0.102015 0.242999 -0.341432 2.022146 -0.119919
19.066667 0.301343 -0.095697 0.526393 -0.500585 0.365281 -0.036987 0.012358 0.586177 -0.823111 0.167775 0.864221 0.333288 -0.334677 2.525797 -0.278937 0.099987 0.262110 -0.326955 2.029985 -0.138947
19.100000 0.332232 -0.110276 0.532791 -0.503954 0.347519 -0.071273 0.026597 0.608381 -0.842841 0.173156 0.925847 0.367879 -0.362213 2.471409 -0.334665 0.102638 0.271095 -0.313482 2.041365 -0.147649
19.133333 0.361919 -0.123194 0.532723 -0.503861 0.339962 -0.099210 0.038975 0.625184 -0.861296 0.178674 0.980685 0.393476 -0.392281 2.404691 -0.384711 0.098900 0.267184 -0.296190 2.056287 -0.138653
19.166667 0.385467 -0.138779 0.489690 -0.422297 0.298120 -0.123434 0.054499 0.620554 -0.839885 0.169203 1.051205 0.415671 -0.417732 2.280034 -0.419577 0.107337 0.255204 -0.273488 2.059399 -0.136739
19.200000 0.407695 -0.152690 0.453749 -0.354466 0.264126 -0.146575 0.068121 0.620914 -0.832485 0.170720 1.129157 0.444657 -0.446469 2.080788 -0.445719 0.114366 0.241451 -0.257478 2.059309 -0.141935
19.233333 0.433370 -0.158263 0.440462 -0.332538 0.246074 -0.170721 0.072736 0.625807 -0.843885 0.181248 1.204446 0.479255 -0.488112 1.832375 -0.516087 0.116188 0.228886 -0.256521 2.058755 -0.146335
19.266667 0.458965 -0.165040 0.440657 -0.322742 0.232753 -0.196079 0.077234 0.636302 -0.855248 0.194408 1.289648 0.518571 -0.553067 1.652519 -0.663228 0.124236 0.223306 -0.262840 2.067927 -0.128321
19.300000 0.487292 -0.171951 0.447326 -0.315681 0.223724 -0.223782 0.080400 0.654093 -0.868067 0.204960 1.342175 0.567758 -0.593688 1.608004 -0.766610 0.144553 0.240366 -0.261649 2.072927 -0.124717
19.333333 0.511934 -0.181096 0.508567 -0.397284 0.244482 -0.253227 0.086518 0.700855 -0.914811 0.217607 1.292184 0.554715 -0.545033 1.694445 -0.728728 0.147438 0.266646 -0.241479 2.080724 -0.128678
19.366667 0.527876 -0.181915 0.448276 -0.296829 0.224265 -0.271358 0.091719 0.667031 -0.863046 0.223187 1.321154 0.582885 -0.540621 1.737464 -0.572170 0.139758 0.305817 -0.202484 2.076306 -0.120157
19.400000 0.543407 -0.178174 0.458071 -0.301835 0.222559 -0.285030 0.085663 0.670120 -0.859951 0.235580 1.288831 0.593028 -0.500787 1.777896 -0.584146 0.104069 0.355173 -0.143920 2.077051 -0.099980
19.433333 0.555475 -0.178571 0.468638 -0.310408 0.227095 -0.297706 0.083287 0.670861 -0.857135 0.256258 1.239234 0.588135 -0.447715 1.820597 -0.563417 0.057188 0.402527 -0.055808 2.068124 -0.076313
19.466667 0.566805 -0.170455 0.495878 -0.352639 0.236018 -0.306110 0.072092 0.674873 -0.862549 0.264369 1.145095 0.563502 -0.372848 1.890964 -0.535491 -0.018585 0.432130 0.055623 2.050995 -0.067958
19.500000 0.563326 -0.170996 0.517927 -0.374804 0.241766 -0.304162 0.070420 0.682340 -0.858484 0.265144 1.062227 0.522670 -0.273823 1.985767 -0.482538 -0.076899 0.446530 0.193492 2.014156 -0.056648
19.533333 0.547757 -0.168352 0.500980 -0.335420 0.236920 -0.289097 0.069817 0.656292 -0.805057 0.256958 1.013103 0.465029 -0.206303 2.068970 -0.370146 -0.132261 0.429392 0.318669 1.957924 -0.013439
19.566667 0.538599 -0.169366 0.531082 -0.350987 0.230113 -0.267676 0.062298 0.676873 -0.809648 0.247149 0.926252 0.391326 -0.163736 2.186709 -0.284032 -0.184930 0.398827 0.437814 1.882892 0.051991
19.600000 0.516162 -0.161897 0.544456 -0.345193 0.225104 -0.246016 0.053828 0.675519 -0.786460 0.243175 0.872546 0.349251 -0.140039 2.287190 -0.218148 -0.216493 0.367980 0.521686 1.770240 0.132339
19.633333 0.477610 -0.157321 0.551970 -0.337238 0.222539 -0.211722 0.047859 0.672269 -0.770172 0.240525 0.835401 0.310466 -0.134904 2.370466 -0.176009 -0.253239 0.357880 0.576627 1.620373 0.215000
19.666667 0.436601 -0.142205 0.572067 -0.334845 0.213994 -0.164358 0.028765 0.662892 -0.733325 0.222552 0.812121 0.283894 -0.147447 2.442785 -0.177868 -0.287313 0.333664 0.578515 1.466883 0.347976
19.700000 0.381789 -0.143951 0.603875 -0.363667 0.217551 -0.114654 0.022851 0.686152 -0.757132 0.228931 0.774576 0.243463 -0.157332 2.501888 -0.213328 -0.318573 0.342206 0.542334 1.307867 0.413351
19.733333 0.323068 -0.142940 0.631633 -0.370763 0.212906 -0.055539 0.014425 0.698492 -0.747570 0.221690 0.766069 0.206787 -0.185441 2.527969 -0.222559 -0.328914 0.368622 0.455690 1.144000 0.337814
19.766667 0.262129 -0.127104 0.666831 -0.407877 0.225281 0.003545 -0.004891 0.700930 -0.742025 0.219162 0.748705 0.178109 -0.230689 2.541076 -0.214946 -0.312471 0.344640 0.318529 1.064200 0.406508
19.800000 0.200447 -0.110619 0.704202 -0.446500 0.230501 0.065691 -0.026893 0.699624 -0.736374 0.219882 0.742640 0.152299 -0.285724 2.536357 -0.193402 -0.265688 0.290475 0.197173 1.047126 0.488542
19.833333 0.145929 -0.093316 0.714182 -0.452717 0.229703 0.128946 -0.049034 0.674086 -0.703669 0.211307 0.743626 0.127553 -0.336213 2.526737 -0.176377 -0.185453 0.248792 0.068292 1.057597 0.465568
19.866667 0.099666 -0.074789 0.733670 -0.488347 0.245034 0.181349 -0.066725 0.659754 -0.698435 0.214810 0.741575 0.107287 -0.368412 2.519115 -0.200113 -0.061731 0.182981 -0.049114 1.130424 0.551225
19.900000 0.063694 -0.057979 0.764695 -0.532716 0.260933 0.211704 -0.083561 0.662832 -0.710208 0.224497 0.738499 0.087975 -0.381431 2.509268 -0.224423 0.113904 0.120007 -0.159298 1.231087 0.570017
19.933333 0.052175 -0.050623 0.801208 -0.599191 0.284195 0.220148 -0.091063 0.685807 -0.762715 0.246178 0.715719 0.066719 -0.369477 2.494289 -0.186681 0.326931 0.038603 -0.258172 1.358590 0.619928
19.966667 0.044999 -0.039346 0.802188 -0.626950 0.300841 0.228630 -0.096810 0.675107 -0.776577 0.256192 0.681606 0.052781 -0.364203 2.485592 -0.121052 0.560734 -0.059026 -0.333041 1.502903 0.587154
20.000000 0.039216 -0.027520 0.797414 -0.641744 0.312241 0.236807 -0.102995 0.659936 -0.778989 0.260953 0.655405 0.061854 -0.347628 2.477205 -0.108117 0.814052 -0.155343 -0.367344 1.625133 0.515986
20.033333 0.054639 -0.022901 0.807509 -0.644273 0.309590 0.220671 -0.106019 0.668235 -0.781301 0.256707 0.642948 0.092274 -0.311069 2.479358 -0.107463 1.053227 -0.261800 -0.403118 1.745841 0.414859
20.066667 0.025779 -0.003623 0.807756 -0.641351 0.307402 0.248925 -0.121753 0.644020 -0.747315 0.242250 0.655196 0.104644 -0.329018 2.477947 -0.095013 1.258382 -0.261800 -0.391940 1.827267 0.285643
20.100000 -0.039777 0.026311 0.772560 -0.626018 0.320313 0.315965 -0.143827 0.567185 -0.673254 0.222863 0.672101 0.086938 -0.377840 2.470162 -0.092824 1.389042 -0.174949 -0.362691 1.863895 0.233442
20.133333 -0.080719 0.048867 0.725316 -0.605893 0.332917 0.356238 -0.157459 0.483025 -0.595709 0.204242 0.669483 0.076061 -0.407298 2.457909 -0.081991 1.448405 -0.066800 -0.338581 1.840179 0.145084
20.166667 -0.103185 0.057323 0.719242 -0.630593 0.355499 0.379528 -0.162064 0.465717 -0.607185 0.213455 0.664408 0.064641 -0.413885 2.441212 -0.064391 1.447903 0.012804 -0.316170 1.804456 0.065838
20.200000 -0.121527 0.073129 0.671015 -0.603689 0.360795 0.399383 -0.169260 0.391381 -0.536373 0.194623 0.648697 0.071955 -0.415209 2.424773 -0.079488 1.402889 0.064458 -0.285998 1.772070 -0.007852
20.233333 -0.129685 0.073573 0.680064 -0.630363 0.369716 0.409948 -0.169074 0.404850 -0.577228 0.216275 0.634355 0.092649 -0.389948 2.401378 -0.099353 1.353725 0.058300 -0.274185 1.767843 -0.018702
20.266667 -0.145653 0.073745 0.681171 -0.640760 0.370642 0.421949 -0.168343 0.410520 -0.597852 0.227284 0.607221 0.140233 -0.358714 2.370023 -0.122980 1.333375 0.056058 -0.277279 1.763742 -0.073205
20.300000 -0.164121 0.070083 0.676248 -0.637905 0.365120 0.439106 -0.164643 0.413508 -0.611946 0.240841 0.567033 0.229747 -0.305308 2.328090 -0.216367 1.363037 0.075655 -0.292784 1.733893 -0.177628
20.333333 -0.180085 0.072798 0.636431 -0.590853 0.348299 0.456596 -0.162532 0.368570 -0.552987 0.222063 0.485314 0.340511 -0.218441 2.279217 -0.321517 1.387049 0.089612 -0.319503 1.730211 -0.237631
20.366667 -0.200785 0.084937 0.584061 -0.471624 0.298489 0.474885 -0.174808 0.283417 -0.373788 0.143243 0.429808 0.467765 -0.142651 2.169244 -0.279161 1.438265 0.103559 -0.353453 1.731869 -0.245223
20.400000 -0.220724 0.087403 0.541026 -0.418344 0.280409 0.500566 -0.172841 0.223777 -0.287932 0.112348 0.275257 0.548472 -0.040274 2.059045 -0.299748 1.460667 0.116440 -0.378766 1.740936 -0.270329
20.433333 -0.243710 0.089792 0.519529 -0.398138 0.280351 0.528871 -0.173122 0.191241 -0.248162 0.101504 0.087125 0.600686 0.081930 1.952383 -0.398622 1.476285 0.145621 -0.400423 1.757551 -0.298174
20.466667 -0.262626 0.091482 0.514146 -0.394792 0.284198 0.549928 -0.174177 0.177146 -0.232140 0.104667 -0.119019 0.610793 0.216382 1.839911 -0.508247 1.488375 0.165067 -0.414463 1.774843 -0.304323
20.500000 -0.280659 0.089499 0.514112 -0.385995 0.284612 0.559730 -0.174507 0.168122 -0.204815 0.096239 -0.297890 0.594834 0.323206 1.698941 -0.506794 1.498130 0.183132 -0.419782 1.789140 -0.302201
20.533333 -0.280839 0.087810 0.514734 -0.390186 0.288405 0.563481 -0.174573 0.164980 -0.203177 0.101576 -0.454118 0.493371 0.385292 1.550761 -0.438160 1.493033 0.183359 -0.427789 1.795632 -0.290024
20.566667 -0.264255 0.090599 0.514275 -0.409173 0.309813 0.553486 -0.175017 0.171480 -0.234698 0.126657 -0.581722 0.372148 0.401897 1.400562 -0.474379 1.478413 0.171522 -0.434854 1.804663 -0.287358
20.600000 -0.228351 0.078548 0.521746 -0.463244 0.349748 0.522277 -0.161241 0.208468 -0.342252 0.197732 -0.671549 0.246738 0.387951 1.235466 -0.515758 1.440319 0.142910 -0.434655 1.818121 -0.283629
20.633333 -0.195801 0.081074 0.546459 -0.481621 0.357066 0.490222 -0.168617 0.231361 -0.359790 0.203766 -0.712200 0.148607 0.340584 1.134390 -0.348520 1.427051 0.122198 -0.439856 1.821694 -0.249308
20.666667 -0.164420 0.087541 0.578924 -0.508069 0.360848 0.455448 -0.178544 0.261354 -0.386653 0.209248 -0.733570 0.090261 0.267166 1.099441 -0.349673 1.416879 0.110208 -0.439937 1.827862 -0.248866
20.700000 -0.137747 0.091612 0.609619 -0.534065 0.366047 0.426342 -0.185749 0.299746 -0.428582 0.220800 -0.719238 0.056057 0.194677 1.112171 -0.379688 1.406585 0.100014 -0.437848 1.829436 -0.257377
20.733333 -0.112948 0.095686 0.622373 -0.533692 0.353801 0.395748 -0.191023 0.320858 -0.440699 0.211218 -0.663314 0.025565 0.152118 1.165734 -0.287913 1.395289 0.084981 -0.426922 1.825548 -0.267615
20.766667 -0.080656 0.089145 0.633868 -0.539880 0.344396 0.360855 -0.187250 0.356560 -0.487622 0.217761 -0.574292 -0.002648 0.118801 1.242604 -0.190714 1.372854 0.058029 -0.414530 1.821760 -0.271402
20.800000 -0.051294 0.081153 0.640276 -0.543485 0.332182 0.327731 -0.181055 0.385689 -0.525723 0.219346 -0.448348 -0.014098 0.064859 1.352624 -0.060858 1.345682 0.032449 -0.403738 1.818001 -0.275336
20.833333 -0.022209 0.074813 0.669005 -0.579613 0.330266 0.292651 -0.177531 0.436150 -0.597218 0.228616 -0.285562 -0.001104 -0.014770 1.494957 0.047418 1.313558 0.016389 -0.392908 1.821433 -0.264996
20.866667 0.006636 0.068816 0.711411 -0.631725 0.339009 0.258709 -0.176151 0.490937 -0.671472 0.243579 -0.080200 0.005656 -0.085607 1.655568 0.103036 1.283706 0.007845 -0.378347 1.828399 -0.257147
20.900000 0.022806 0.070694 0.720828 -0.643741 0.340270 0.236068 -0.178004 0.499486 -0.676949 0.233749 0.154181 0.004636 -0.160177 1.812960 0.127381 1.247279 0.004734 -0.362195 1.844179 -0.236994
20.933333 0.048127 0.066290 0.732158 -0.660600 0.345843 0.209011 -0.175899 0.512541 -0.692769 0.234497 0.389720 -0.019998 -0.213093 1.952930 0.133751 1.209192 -0.009391 -0.333545 1.876939 -0.236403
20.966667 0.079409 0.057552 0.734288 -0.664748 0.351118 0.177712 -0.168229 0.521940 -0.702117 0.239421 0.597285 -0.054083 -0.260821 2.079680 0.073388 1.179954 -0.006048 -0.331331 1.906196 -0.233439
21.000000 0.118706 0.041490 0.728818 -0.652582 0.348393 0.140694 -0.153877 0.536940 -0.714525 0.242893 0.761441 -0.071117 -0.297021 2.193557 0.018668 1.156204 -0.010060 -0.323795 1.935008 -0.244810
21.033333 0.150384 0.029606 0.696641 -0.608301 0.331823 0.110907 -0.138477 0.528953 -0.695202 0.227991 0.878625 -0.074132 -0.329743 2.261923 -0.016277 1.117749 -0.026378 -0.326105 1.973232 -0.232638
21.066667 0.172768 0.020298 0.614857 -0.497957 0.294226 0.092897 -0.120359 0.479944 -0.625312 0.197884 0.939325 -0.056612 -0.344516 2.276973 -0.053408 1.073788 -0.036614 -0.323141 2.011179 -0.221885
21.100000 0.177041 0.015185 0.592585 -0.471586 0.284438 0.087522 -0.111845 0.466311 -0.606041 0.195012 0.946468 -0.041051 -0.355882 2.272299 -0.050690 1.039940 -0.038444 -0.311557 2.041925 -0.233595
21.133333 0.181319 0.009483 0.610517 -0.519542 0.307293 0.087655 -0.104956 0.486028 -0.653910 0.220150 0.896055 -0.025355 -0.342539 2.293414 -0.043532 0.996904 -0.043278 -0.302113 2.092845 -0.257190
21.166667 0.177744 0.005087 0.662758 -0.604735 0.341258 0.093069 -0.102868 0.531745 -0.730753 0.253049 0.846016 -0.011710 -0.326045 2.304036 -0.043570 0.979204 -0.039159 -0.288918 2.147660 -0.283195
21.200000 0.160201 -0.000275 0.697453 -0.650153 0.351403 0.110727 -0.102482 0.560794 -0.772922 0.272521 0.801087 -0.017203 -0.315577 2.309544 -0.015373 0.984164 -0.029914 -0.284928 2.207542 -0.292486
21.233333 0.136527 0.003492 0.687282 -0.644169 0.357752 0.139974 -0.105560 0.546116 -0.762650 0.271596 0.753233 -0.026909 -0.313680 2.329178 0.005586 1.014828 -0.019890 -0.291544 2.260243 -0.312180
21.266667 0.103807 0.012427 0.706995 -0.674457 0.367977 0.169928 -0.115026 0.549960 -0.776504 0.276874 0.730158 -0.035408 -0.324308 2.331417 0.007743 1.072890 -0.000303 -0.290544 2.292110 -0.371312
21.300000 0.056181 0.035733 0.681508 -0.660752 0.375618 0.214752 -0.130826 0.498891 -0.726257 0.262081 0.706462 -0.047515 -0.351441 2.340453 0.014561 1.144224 0.022835 -0.290139 2.283076 -0.426328
21.333333 0.015919 0.050202 0.697516 -0.684890 0.385296 0.253362 -0.144727 0.492513 -0.722806 0.257889 0.704809 -0.052645 -0.385050 2.361194 0.037871 1.243262 0.043184 -0.310105 2.194766 -0.422932
21.366667 -0.020723 0.063841 0.664539 -0.662991 0.385081 0.297703 -0.153458 0.436463 -0.668907 0.241095 0.688811 -0.051425 -0.412632 2.371374 0.048615 1.356717 0.066945 -0.328095 2.016552 -0.434614
21.400000 -0.054488 0.071570 0.683580 -0.706054 0.403010 0.332556 -0.160494 0.443750 -0.701184 0.253999 0.690536 -0.047313 -0.448057 2.370791 0.073527 1.488424 0.117344 -0.380205 1.756352 -0.410942
21.433333 -0.073065 0.081921 0.654700 -0.679780 0.397024 0.353300 -0.167890 0.396051 -0.646891 0.233938 0.677443 -0.036430 -0.462607 2.384569 0.041504 1.630577 0.148631 -0.465051 1.453511 -0.377406
21.466667 -0.086557 0.084194 0.674661 -0.721514 0.410580 0.370753 -0.170053 0.411706 -0.690663 0.252474 0.671966 -0.055171 -0.452898 2.386890 0.003221 1.739527 0.154373 -0.578733 1.170044 -0.327351
21.500000 -0.100944 0.090054 0.680067 -0.738212 0.410490 0.389475 -0.174651 0.405459 -0.697423 0.255694 0.669464 -0.052112 -0.471149 2.384224 0.023671 1.763560 0.166202 -0.666248 1.039217 -0.289602
21.533333 -0.119453 0.105801 0.650232 -0.700647 0.398810 0.409019 -0.185407 0.351658 -0.621851 0.227563 0.662024 -0.048037 -0.482440 2.394893 0.029701 1.723905 0.214711 -0.694383 1.104136 -0.336098
21.566667 -0.140356 0.115126 0.641122 -0.685607 0.398291 0.432002 -0.193352 0.327928 -0.585742 0.216940 0.654105 -0.047749 -0.476445 2.405887 0.036614 1.646678 0.263955 -0.635904 1.263405 -0.355460
21.600000 -0.155260 0.118966 0.637410 -0.683473 0.401440 0.448156 -0.195456 0.316706 -0.574075 0.216365 0.640040 -0.049601 -0.469705 2.415296 0.048541 1.540544 0.274981 -0.545877 1.446328 -0.345932
21.633333 -0.170704 0.121073 0.634951 -0.684330 0.409599 0.462044 -0.196769 0.310729 -0.569688 0.219622 0.625830 -0.052707 -0.466192 2.424713 0.073599 1.459117 0.278851 -0.457941 1.606201 -0.393790
21.666667 -0.182592 0.121928 0.630783 -0.680736 0.411359 0.471261 -0.197332 0.304258 -0.561111 0.218757 0.614458 -0.052638 -0.465780 2.428380 0.085057 1.406699 0.272123 -0.389366 1.720296 -0.433909
21.700000 -0.189249 0.122817 0.632277 -0.678651 0.408499 0.476657 -0.198521 0.302354 -0.554055 0.217580 0.609750 -0.052243 -0.471328 2.429359 0.091242 1.396932 0.249565 -0.349586 1.760880 -0.455020
21.733333 -0.188895 0.119251 0.655673 -0.700289 0.412579 0.473062 -0.197909 0.337853 -0.597760 0.232788 0.611059 -0.055697 -0.472989 2.426264 0.087321 1.440444 0.215441 -0.354879 1.689047 -0.454645
21.766667 -0.183726 0.116897 0.664078 -0.709005 0.408835 0.469549 -0.196599 0.351268 -0.615615 0.235711 0.612249 -0.056486 -0.489631 2.419789 0.119104 1.524566 0.195668 -0.398118 1.499933 -0.448473
21.800000 -0.173192 0.117985 0.641718 -0.677189 0.397901 0.462009 -0.196769 0.327894 -0.575809 0.213175 0.608692 -0.051661 -0.500310 2.408721 0.078472 1.640211 0.193709 -0.500954 1.219264 -0.391922
21.833333 -0.158598 0.111527 0.663693 -0.704555 0.399366 0.447920 -0.192334 0.362621 -0.627389 0.226842 0.612102 -0.054656 -0.512942 2.397855 0.065741 1.726784 0.165106 -0.631660 0.951039 -0.319878
21.866667 -0.144035 0.114019 0.642457 -0.671206 0.382703 0.439344 -0.192799 0.338885 -0.589052 0.204741 0.611611 -0.047248 -0.534038 2.400510 0.066119 1.724925 0.150191 -0.719960 0.861208 -0.338858
21.900000 -0.129901 0.116689 0.641954 -0.653833 0.370750 0.426440 -0.195753 0.339917 -0.575882 0.194300 0.619436 -0.037617 -0.547117 2.415369 0.070248 1.648233 0.164727 -0.722263 0.973127 -0.352520
21.933333 -0.113745 0.117107 0.627842 -0.618645 0.353630 0.415013 -0.195734 0.326678 -0.540748 0.176341 0.616737 -0.031787 -0.544209 2.436672 0.068931 1.524168 0.187458 -0.662657 1.167280 -0.319060
21.966667 -0.093037 0.112371 0.616048 -0.596888 0.347473 0.394287 -0.190861 0.328539 -0.536813 0.176612 0.613286 -0.022992 -0.528610 2.463269 0.080575 1.380940 0.183843 -0.598793 1.350978 -0.324082
22.000000 -0.062222 0.100796 0.622962 -0.590694 0.341683 0.365164 -0.181930 0.359787 -0.568825 0.187231 0.614792 -0.014008 -0.508417 2.495254 0.071924 1.248398 0.174717 -0.565949 1.504777 -0.350163
22.033333 -0.030546 0.091232 0.610154 -0.560602 0.331874 0.332036 -0.172536 0.371591 -0.569062 0.182460 0.621241 -0.001166 -0.487103 2.534810 0.065280 1.116744 0.175373 -0.558026 1.635324 -0.366444
22.066667 0.014945 0.079202 0.601356 -0.514848 0.306908 0.288868 -0.164069 0.390201 -0.562488 0.170355 0.648031 0.034486 -0.461554 2.570000 0.048073 0.999651 0.172083 -0.570196 1.721671 -0.351260
22.100000 0.061780 0.070163 0.587204 -0.467676 0.279081 0.248018 -0.156833 0.399606 -0.549574 0.156713 0.691970 0.053293 -0.439455 2.570000 0.003651 0.877163 0.165679 -0.568998 1.795974 -0.328474
22.133333 0.102125 0.052852 0.598223 -0.455994 0.263555 0.209139 -0.143659 0.445443 -0.589283 0.166314 0.747525 0.073432 -0.415383 2.570000 -0.034789 0.765753 0.156033 -0.557212 1.841427 -0.312182
22.166667 0.149580 0.042204 0.543152 -0.352545 0.219498 0.168159 -0.132489 0.427309 -0.540954 0.142150 0.796508 0.103742 -0.406014 2.570000 -0.088536 0.674201 0.158967 -0.554063 1.863370 -0.293165
22.200000 0.196792 0.028870 0.539682 -0.308780 0.191295 0.126100 -0.124234 0.462597 -0.558210 0.137075 0.852629 0.137465 -0.411228 2.570000 -0.139337 0.596266 0.171242 -0.540242 1.877784 -0.278707
22.233333 0.225418 0.030630 0.419984 -0.115959 0.136580 0.097328 -0.117219 0.371243 -0.406562 0.083997 0.920182 0.172324 -0.414265 2.569968 -0.143779 0.529364 0.175425 -0.498928 1.859866 -0.260662
22.266667 0.271333 0.030449 0.369911 -0.051718 0.116388 0.051776 -0.109237 0.343657 -0.374850 0.071992 0.949858 0.219177 -0.416981 2.569479 -0.195895 0.455785 0.170941 -0.481730 1.857249 -0.237293
22.300000 0.310569 0.026254 0.354868 -0.039586 0.108560 0.010401 -0.100377 0.340422 -0.377027 0.075992 0.983468 0.251043 -0.427527 2.525407 -0.252479 0.390336 0.175196 -0.456500 1.857735 -0.215231
22.333333 0.347196 0.021539 0.348007 -0.040369 0.104281 -0.027153 -0.092656 0.342318 -0.386518 0.079960 1.016531 0.271352 -0.436634 2.420195 -0.319028 0.339984 0.185710 -0.426027 1.850682 -0.229623
22.366667 0.380091 0.017714 0.344931 -0.048741 0.102013 -0.064378 -0.085744 0.349034 -0.406109 0.086610 1.050109 0.298287 -0.436410 2.247338 -0.393207 0.299350 0.193969 -0.405974 1.849732 -0.214454
22.400000 0.405438 0.017841 0.334308 -0.054707 0.099073 -0.094650 -0.080621 0.338431 -0.406381 0.085868 1.105999 0.297682 -0.443718 1.974289 -0.423324 0.263734 0.205731 -0.382616 1.847225 -0.210153
22.433333 0.432746 0.006786 0.343091 -0.083203 0.094245 -0.122700 -0.067943 0.368369 -0.464761 0.107845 1.064489 0.321025 -0.389058 1.883991 -0.476762 0.243431 0.231862 -0.366454 1.842432 -0.242055
22.466667 0.461013 -0.004074 0.304724 -0.070001 0.108231 -0.160268 -0.045727 0.340125 -0.448926 0.120150 1.166831 0.347095 -0.415972 1.740430 -0.522180 0.247993 0.256884 -0.362068 1.861443 -0.238488
22.500000 0.501603 -0.007678 0.329224 -0.100344 0.095988 -0.193686 -0.046482 0.380394 -0.511550 0.133539 1.130417 0.365132 -0.432179 1.839660 -0.538579 0.244163 0.268576 -0.349038 1.886314 -0.257196
22.533333 0.534156 -0.004042 0.325990 -0.104977 0.100038 -0.226724 -0.043410 0.379803 -0.517967 0.135942 1.131850 0.380740 -0.471507 1.933412 -0.434832 0.229807 0.268766 -0.338646 1.906061 -0.267541
22.566667 0.549820 -0.010367 0.349638 -0.139852 0.098403 -0.240335 -0.036247 0.416929 -0.570219 0.149456 1.115850 0.398750 -0.454604 2.012909 -0.492555 0.216395 0.279697 -0.333891 1.913212 -0.268152
22.600000 0.562918 -0.014856 0.369747 -0.177107 0.098471 -0.252541 -0.031370 0.437113 -0.606287 0.166453 1.083496 0.407595 -0.438106 2.028391 -0.521412 0.203847 0.282678 -0.325295 1.926639 -0.254052
22.633333 0.565389 -0.020110 0.393710 -0.210970 0.097752 -0.254775 -0.032155 0.451964 -0.631254 0.182721 1.059277 0.414367 -0.412626 1.966036 -0.531478 0.195214 0.289043 -0.312523 1.936248 -0.239584
22.666667 0.551990 -0.010341 0.344408 -0.175007 0.095707 -0.262413 -0.030938 0.367442 -0.528273 0.160776 1.202042 0.421337 -0.441254 1.640946 -0.521355 0.203957 0.297226 -0.308552 1.932647 -0.221779
22.700000 0.569134 0.003032 0.374761 -0.223734 0.075868 -0.279116 -0.043590 0.389312 -0.575487 0.166192 1.140318 0.452258 -0.405013 1.523595 -0.556002 0.204679 0.303568 -0.321074 1.934375 -0.223415
22.733333 0.593657 0.025362 0.367313 -0.225103 0.048561 -0.304921 -0.063204 0.340424 -0.525814 0.148232 1.285206 0.470734 -0.533572 1.092058 -0.478138 0.217269 0.299448 -0.344673 1.906385 -0.241537
22.766667 0.607167 0.020401 0.395999 -0.266530 0.029520 -0.316654 -0.058804 0.373432 -0.580747 0.162244 1.236527 0.527562 -0.513057 0.982790 -0.490217 0.232749 0.321745 -0.361954 1.900191 -0.267517
22.800000 0.640180 0.018026 0.442340 -0.329614 0.009083 -0.341285 -0.058684 0.424243 -0.666250 0.183642 1.174404 0.565353 -0.538607 0.837898 -0.503032 0.246449 0.324726 -0.407412 1.872077 -0.287145
22.833333 0.655172 0.019284 0.382728 -0.244446 -0.018235 -0.362550 -0.053302 0.357578 -0.563044 0.153409 1.302891 0.545992 -0.726043 0.533456 -0.430098 0.282393 0.296045 -0.460797 1.797653 -0.284084
