time jpLt jpLc tpLt mpLc jrLt jrLc trLt mrLc jyLt jyLc tyLt myLc jkLt jkLc tkLt mkLc japLt japLc tapLt mapLc jarLt jarLc tarLt marLc jpRt jpRc tpRt mpRc jrRt jrRc trRt mrRc jyRt jyRc tyRt myRc jkRt jkRc tkRt mkRc japRt japRc tapRt mapRc jarRt jarRc tarRt marRc jwrt jwrc twrt mwrc jwyt jwyc twyt mwyc jspLt jspLc tspLt mspLt jsrLt jsrLc tsrLt msrLt jsyLt jsyLc tsyLt msyLt jeLt jeLc teLt meLt jwrLt jwrLc twrLt mwrLt jspRt jspRc tspRt mspRt jsrRt jsrRc tsrRt msrRt jsyRt jsyRc tsyRt msyRt jeRt jeRc teRt meRt jwrRt jwrRc twrRt mwrRt
0.200000 -0.042711 -0.185642 12.520000 12.520000 0.181368 0.199066 -2.680000 -2.680000 0.434517 0.455858 1.280000 1.280000 0.369757 0.281910 7.140000 7.140000 0.186547 0.075195 4.080000 4.080000 -0.308873 -0.317345 -0.000000 -0.000000 -0.168373 -0.199760 1.650000 1.650000 -0.301393 -0.321090 1.760000 1.760000 -0.542560 -0.545294 1.140000 1.140000 0.394708 0.301183 5.650000 5.650000 0.247064 0.172488 4.560000 4.560000 0.183643 0.158744 0.280000 0.280000 0.113398 0.109077 2.450000 2.450000 -0.093095 -0.068570 -1.510000 -1.510000 0.583154 0.674989 -4.660000 -4.660000 1.173098 1.102876 4.740000 4.740000 0.027804 0.047572 5.310000 5.310000 1.124924 1.109617 0.260000 0.260000 -0.113552 -0.112210 0.050000 0.050000 -0.092415 -0.070586 0.440000 0.440000 -1.567313 -1.582547 0.750000 0.750000 0.407232 0.384368 0.140000 0.140000 1.249325 1.265525 -0.220000 -0.220000 0.443898 0.430230 0.660000 0.660000
0.220000 -0.103820 -0.191702 8.309999 8.309999 0.183066 0.185596 -2.410000 -2.410000 0.438542 0.456661 1.660000 1.660000 0.334916 0.272060 5.550000 5.550000 0.181542 0.088731 3.600000 3.600000 -0.288431 -0.316663 0.380000 0.380000 -0.209803 -0.200006 0.330000 0.330000 -0.309815 -0.317928 2.170000 2.170000 -0.544909 -0.548358 0.790000 0.790000 0.348357 0.305018 3.670000 3.670000 0.255596 0.190615 2.950000 2.950000 0.200912 0.164027 0.340000 0.340000 0.101849 0.104251 1.580000 1.580000 -0.092528 -0.075413 -1.020000 -1.020000 0.534120 0.660017 -5.120000 -5.120000 1.139473 1.096566 2.710000 2.710000 -0.002623 0.038281 4.930000 4.930000 1.088476 1.100534 -0.480000 -0.480000 -0.108267 -0.110681 -0.050000 -0.050000 -0.096993 -0.105561 1.340000 1.340000 -1.619050 -1.580522 -2.400000 -2.400000 0.397706 0.394543 -1.170000 -1.170000 1.266544 1.264715 0.510000 0.510000 0.446795 0.436840 0.280000 0.280000
0.240000 -0.014614 -0.200691 14.120000 14.120000 0.183270 0.185557 -3.400000 -3.400000 0.426512 0.456054 1.740000 1.740000 0.393218 0.265489 8.000000 8.000000 0.197542 0.103215 7.420000 7.420000 -0.290171 -0.313275 0.170000 0.170000 -0.191767 -0.217002 1.440000 1.440000 -0.322759 -0.325368 0.470000 0.470000 -0.555545 -0.554800 0.190000 0.190000 0.373652 0.309304 3.130000 3.130000 0.237831 0.203596 3.020000 3.020000 0.205049 0.173199 0.010000 0.010000 0.102144 0.096400 0.350000 0.350000 -0.081785 -0.085045 0.490000 0.490000 0.562741 0.635841 -2.510000 -2.510000 1.157775 1.107906 1.820000 1.820000 0.000235 0.021540 2.420000 2.420000 1.164073 1.118767 1.280000 1.280000 -0.115552 -0.112502 0.220000 0.220000 -0.116611 -0.122251 0.860000 0.860000 -1.599100 -1.593747 0.370000 0.370000 0.447685 0.403461 -1.490000 -1.490000 1.304736 1.280262 0.500000 0.500000 0.466702 0.442089 0.300000 0.300000
0.260000 -0.059056 -0.202194 13.320000 13.320000 0.179713 0.189629 -2.920000 -2.920000 0.431480 0.451844 1.950000 1.950000 0.351674 0.267701 7.270000 7.270000 0.182629 0.113935 5.140000 5.140000 -0.296472 -0.309462 0.090000 0.090000 -0.199080 -0.221282 2.250000 2.250000 -0.325093 -0.329509 0.940000 0.940000 -0.563927 -0.558392 0.580000 0.580000 0.355631 0.322857 3.080000 3.080000 0.259366 0.211476 2.030000 2.030000 0.198349 0.180177 0.030000 0.030000 0.120561 0.096909 1.690000 1.690000 -0.085950 -0.086905 1.450000 1.450000 0.546816 0.611543 -1.840000 -1.840000 1.113736 1.107836 0.780000 0.780000 -0.013486 0.009595 1.330000 1.330000 1.171010 1.145149 0.310000 0.310000 -0.110550 -0.109770 0.050000 0.050000 -0.118440 -0.127773 0.560000 0.560000 -1.600733 -1.589917 -1.320000 -1.320000 0.457226 0.426455 -0.470000 -0.470000 1.303167 1.298719 -0.960000 -0.960000 0.467044 0.465246 0.790000 0.790000
0.280000 -0.042928 -0.204648 14.020000 14.020000 0.191395 0.187554 -2.860000 -2.860000 0.424897 0.454155 2.670000 2.670000 0.372224 0.266619 7.110000 7.110000 0.187224 0.117248 5.330000 5.330000 -0.296714 -0.309238 0.210000 0.210000 -0.188886 -0.225117 2.620000 2.620000 -0.320872 -0.335921 2.110000 2.110000 -0.563106 -0.568328 0.770000 0.770000 0.369441 0.324553 3.160000 3.160000 0.259699 0.215014 1.680000 1.680000 0.192476 0.185333 0.040000 0.040000 0.115884 0.109605 0.350000 0.350000 -0.085809 -0.085173 0.830000 0.830000 0.560812 0.589822 -0.580000 -0.580000 1.132566 1.111620 0.300000 0.300000 -0.011451 0.001201 0.800000 0.800000 1.188892 1.167463 0.060000 0.060000 -0.108183 -0.109759 -0.190000 -0.190000 -0.126678 -0.128264 0.080000 0.080000 -1.588432 -1.591605 0.660000 0.660000 0.479757 0.444163 -0.240000 -0.240000 1.303130 1.302991 -0.270000 -0.270000 0.468251 0.466864 0.180000 0.180000
0.300000 -0.079132 -0.204526 9.880000 9.880000 0.189091 0.191998 -2.170000 -2.170000 0.433281 0.449984 1.220000 1.220000 0.346683 0.270684 6.280000 6.280000 0.179920 0.120112 4.130000 4.130000 -0.309206 -0.308918 -0.000000 -0.000000 -0.235521 -0.224764 -0.130000 -0.130000 -0.310954 -0.333581 2.300000 2.300000 -0.574346 -0.573232 1.690000 1.690000 0.341308 0.326717 2.070000 2.070000 0.255437 0.215842 0.890000 0.890000 0.191592 0.185919 0.130000 0.130000 0.090463 0.113169 -0.430000 -0.430000 -0.098580 -0.088853 -2.440000 -2.440000 0.539912 0.575955 -1.820000 -1.820000 1.148298 1.117208 2.080000 2.080000 -0.009336 -0.003386 2.190000 2.190000 1.208396 1.182896 0.240000 0.240000 -0.110028 -0.105679 0.440000 0.440000 -0.125321 -0.128632 0.220000 0.220000 -1.596568 -1.589172 -0.040000 -0.040000 0.496318 0.462033 -0.800000 -0.800000 1.318071 1.309724 -0.050000 -0.050000 0.473283 0.469843 0.120000 0.120000
0.320000 -0.040843 -0.203943 13.690000 13.690000 0.184762 0.193750 -2.430000 -2.430000 0.434132 0.448800 0.800000 0.800000 0.375141 0.271839 7.870000 7.870000 0.194439 0.120739 5.310000 5.310000 -0.311082 -0.309355 -0.000000 -0.000000 -0.204344 -0.230731 1.520000 1.520000 -0.323329 -0.328745 1.890000 1.890000 -0.565390 -0.576228 0.200000 0.200000 0.355822 0.324037 2.460000 2.460000 0.254647 0.215736 1.390000 1.390000 0.193792 0.185951 0.240000 0.240000 0.096082 0.103252 -0.280000 -0.280000 -0.094770 -0.090527 -2.090000 -2.090000 0.541157 0.569573 -1.510000 -1.510000 1.159153 1.119525 2.140000 2.140000 -0.000676 -0.003864 2.750000 2.750000 1.212349 1.197465 0.370000 0.370000 -0.110280 -0.107904 0.080000 0.080000 -0.133658 -0.129123 -0.170000 -0.170000 -1.588118 -1.593840 0.390000 0.390000 0.500368 0.478321 0.540000 0.540000 1.317103 1.311556 0.360000 0.360000 0.473878 0.471473 -0.150000 -0.150000
0.340000 -0.084394 -0.203866 9.679999 9.679999 0.186797 0.192115 -1.850000 -1.850000 0.437475 0.448594 0.650000 0.650000 0.346639 0.274584 6.360000 6.360000 0.185053 0.119709 3.500000 3.500000 -0.313552 -0.309366 -0.100000 -0.100000 -0.233254 -0.230179 0.210000 0.210000 -0.311239 -0.331437 2.910000 2.910000 -0.563753 -0.574201 0.820000 0.820000 0.329219 0.323201 1.670000 1.670000 0.258087 0.215973 0.510000 0.510000 0.184966 0.185951 -0.050000 -0.050000 0.086315 0.101774 0.040000 0.040000 -0.103847 -0.086700 -2.670000 -2.670000 0.525474 0.569205 -2.270000 -2.270000 1.160305 1.123949 2.040000 2.040000 -0.001329 -0.004027 1.680000 1.680000 1.211166 1.207919 -0.310000 -0.310000 -0.113675 -0.108646 -0.310000 -0.310000 -0.142966 -0.131209 -0.390000 -0.390000 -1.579555 -1.589044 0.290000 0.290000 0.507872 0.489241 0.230000 0.230000 1.319456 1.312354 0.320000 0.320000 0.472919 0.472024 -0.370000 -0.370000
0.360000 -0.069955 -0.204449 10.740000 10.740000 0.177901 0.192546 -2.830000 -2.830000 0.437576 0.449103 -0.060000 -0.060000 0.354293 0.273888 7.090000 7.090000 0.195449 0.117923 3.840000 3.840000 -0.315730 -0.309483 -0.100000 -0.100000 -0.221697 -0.236959 1.220000 1.220000 -0.325838 -0.329049 1.570000 1.570000 -0.565681 -0.573066 -0.150000 -0.150000 0.347176 0.318899 2.250000 2.250000 0.257374 0.219487 1.310000 1.310000 0.193476 0.185205 0.180000 0.180000 0.103640 0.102322 0.480000 0.480000 -0.095177 -0.087835 -1.020000 -1.020000 0.530853 0.568224 -2.290000 -2.290000 1.166556 1.134404 1.840000 1.840000 0.004468 -0.003142 1.300000 1.300000 1.224505 1.213202 0.270000 0.270000 -0.111702 -0.113008 0.350000 0.350000 -0.145978 -0.136363 -0.280000 -0.280000 -1.586580 -1.584305 -0.180000 -0.180000 0.518936 0.498078 -0.720000 -0.720000 1.325863 1.314603 0.340000 0.340000 0.479623 0.474272 -0.230000 -0.230000
0.380000 -0.070649 -0.204449 10.910000 10.910000 0.188647 0.192184 -2.010000 -2.010000 0.436032 0.450445 0.640000 0.640000 0.362766 0.273888 7.380000 7.380000 0.198399 0.117923 4.570000 4.570000 -0.314936 -0.309621 -0.100000 -0.100000 -0.222363 -0.237251 1.250000 1.250000 -0.325866 -0.330909 1.660000 1.660000 -0.559136 -0.572792 -0.480000 -0.480000 0.343695 0.317613 2.290000 2.290000 0.244931 0.224232 1.540000 1.540000 0.195953 0.185205 0.270000 0.270000 0.095819 0.102851 0.490000 0.490000 -0.096544 -0.086739 -1.410000 -1.410000 0.525423 0.567487 -1.960000 -1.960000 1.163179 1.140609 1.030000 1.030000 0.001044 -0.000220 1.350000 1.350000 1.218081 1.214933 0.020000 0.020000 -0.112669 -0.110220 -0.000000 -0.000000 -0.148880 -0.142867 -0.060000 -0.060000 -1.590107 -1.585283 -0.110000 -0.110000 0.515088 0.506879 -0.380000 -0.380000 1.329674 1.324315 -0.390000 -0.390000 0.481110 0.484794 0.080000 0.080000
0.400000 -0.062469 -0.204449 11.550000 11.550000 0.183719 0.195532 -2.660000 -2.660000 0.433988 0.447919 0.110000 0.110000 0.360458 0.274166 6.830000 6.830000 0.198982 0.118325 4.230000 4.230000 -0.317138 -0.309621 -0.240000 -0.240000 -0.215769 -0.237864 1.710000 1.710000 -0.321034 -0.333581 2.230000 2.230000 -0.560928 -0.570119 0.250000 0.250000 0.351000 0.315556 2.580000 2.580000 0.251417 0.227675 2.040000 2.040000 0.196456 0.185205 0.140000 0.140000 0.101297 0.102430 0.720000 0.720000 -0.097356 -0.088236 -1.170000 -1.170000 0.525941 0.562456 -1.810000 -1.810000 1.171074 1.145138 1.220000 1.220000 -0.002609 0.000630 1.430000 1.430000 1.229263 1.216046 0.590000 0.590000 -0.113803 -0.110861 0.330000 0.330000 -0.154565 -0.146917 -0.240000 -0.240000 -1.587865 -1.585062 0.390000 0.390000 0.515672 0.505960 -1.320000 -1.320000 1.326795 1.325855 0.050000 0.050000 0.483471 0.484198 -0.250000 -0.250000
0.420000 -0.077922 -0.204449 10.400000 10.400000 0.179969 0.196560 -2.400000 -2.400000 0.439919 0.446891 -0.650000 -0.650000 0.359641 0.275084 7.320000 7.320000 0.199911 0.119650 4.180000 4.180000 -0.316075 -0.309632 -0.100000 -0.100000 -0.221195 -0.237880 1.380000 1.380000 -0.329093 -0.333375 1.740000 1.740000 -0.558488 -0.570325 -0.670000 -0.670000 0.336692 0.316007 1.630000 1.630000 0.242589 0.230385 1.230000 1.230000 0.198884 0.185642 0.180000 0.180000 0.100198 0.102283 1.090000 1.090000 -0.098936 -0.086465 -1.380000 -1.380000 0.513543 0.557179 -1.770000 -1.770000 1.165603 1.151564 0.580000 0.580000 -0.008797 -0.001815 0.790000 0.790000 1.240252 1.222869 0.660000 0.660000 -0.110611 -0.106151 0.250000 0.250000 -0.159297 -0.150599 -0.140000 -0.140000 -1.588866 -1.585528 0.920000 0.920000 0.528091 0.507077 -1.070000 -1.070000 1.335233 1.326709 0.340000 0.340000 0.491220 0.485974 -0.190000 -0.190000
0.440000 -0.064284 -0.204449 11.440000 11.440000 0.195028 0.195130 -1.670000 -1.670000 0.432482 0.447204 0.780000 0.780000 0.366602 0.275084 7.560000 7.560000 0.202088 0.119650 4.550000 4.550000 -0.319126 -0.309632 -0.230000 -0.230000 -0.223136 -0.237926 1.090000 1.090000 -0.332477 -0.333346 1.080000 1.080000 -0.562054 -0.570354 -0.870000 -0.870000 0.345567 0.316212 2.020000 2.020000 0.237168 0.230681 2.140000 2.140000 0.197698 0.185801 0.250000 0.250000 0.103556 0.101412 1.260000 1.260000 -0.095362 -0.086494 -0.870000 -0.870000 0.521659 0.547852 -1.240000 -1.240000 1.165881 1.153194 0.670000 0.670000 -0.011520 -0.004562 0.940000 0.940000 1.242120 1.228186 0.450000 0.450000 -0.110388 -0.105150 0.360000 0.360000 -0.160332 -0.156244 0.120000 0.120000 -1.599699 -1.587321 -0.050000 -0.050000 0.528081 0.511851 -0.940000 -0.940000 1.335512 1.333780 -0.160000 -0.160000 0.495207 0.495225 0.190000 0.190000
0.460000 -0.067588 -0.204449 11.300000 11.300000 0.183056 0.198694 -2.620000 -2.620000 0.436734 0.443641 -0.440000 -0.440000 0.362212 0.275084 7.310000 7.310000 0.201236 0.119650 4.290000 4.290000 -0.320115 -0.309717 -0.190000 -0.190000 -0.222565 -0.237926 1.160000 1.160000 -0.330511 -0.333189 0.850000 0.850000 -0.562728 -0.570511 -0.630000 -0.630000 0.342724 0.316507 2.240000 2.240000 0.252587 0.230326 1.340000 1.340000 0.198893 0.186036 0.250000 0.250000 0.106324 0.101471 1.430000 1.430000 -0.095810 -0.085300 -0.540000 -0.540000 0.521747 0.542575 -0.910000 -0.910000 1.165435 1.154545 0.670000 0.670000 -0.014853 -0.007193 0.990000 0.990000 1.255964 1.238562 0.180000 0.180000 -0.108328 -0.114536 0.580000 0.580000 -0.163428 -0.162502 0.180000 0.180000 -1.588127 -1.591663 1.060000 1.060000 0.535278 0.517311 -0.460000 -0.460000 1.337766 1.335016 0.120000 0.120000 0.497456 0.495607 -0.030000 -0.030000
0.480000 -0.063924 -0.204449 11.400000 11.400000 0.187834 0.197304 -2.130000 -2.130000 0.434489 0.445031 0.200000 0.200000 0.365690 0.275084 7.520000 7.520000 0.198617 0.119650 4.580000 4.580000 -0.323234 -0.310133 -0.070000 -0.070000 -0.225964 -0.237926 0.950000 0.950000 -0.333282 -0.333033 0.870000 0.870000 -0.564199 -0.570883 -0.530000 -0.530000 0.347091 0.316507 2.270000 2.270000 0.244555 0.230326 1.810000 1.810000 0.200085 0.186398 0.200000 0.200000 0.105457 0.101471 1.650000 1.650000 -0.096094 -0.085300 -0.840000 -0.840000 0.518985 0.539876 -1.460000 -1.460000 1.169569 1.152414 1.550000 1.550000 -0.008522 -0.009580 1.190000 1.190000 1.247790 1.241552 0.150000 0.150000 -0.108024 -0.113570 0.350000 0.350000 -0.159972 -0.167166 0.330000 0.330000 -1.596444 -1.587949 -0.310000 -0.310000 0.534355 0.521467 -1.320000 -1.320000 1.338923 1.335016 0.370000 0.370000 0.497096 0.495607 -0.120000 -0.120000
0.500000 -0.060691 -0.204449 11.929999 11.929999 0.192355 0.196364 -1.580000 -1.580000 0.433758 0.445971 0.650000 0.650000 0.361786 0.275084 7.260000 7.260000 0.199619 0.119650 4.270000 4.270000 -0.322875 -0.310165 -0.160000 -0.160000 -0.226977 -0.237926 1.000000 1.000000 -0.333406 -0.334531 0.920000 0.920000 -0.564071 -0.570736 -0.490000 -0.490000 0.345815 0.316507 2.340000 2.340000 0.256338 0.230326 1.380000 1.380000 0.197400 0.186600 0.200000 0.200000 0.104666 0.101422 1.680000 1.680000 -0.096371 -0.084722 -0.840000 -0.840000 0.535492 0.540121 -0.460000 -0.460000 1.171205 1.151343 1.670000 1.670000 -0.009409 -0.009510 1.590000 1.590000 1.251300 1.242170 0.440000 0.440000 -0.109367 -0.111962 0.320000 0.320000 -0.162152 -0.168393 0.440000 0.440000 -1.599954 -1.589556 -0.110000 -0.110000 0.534604 0.523539 -0.910000 -0.910000 1.340390 1.335500 0.030000 0.030000 0.494822 0.495394 -0.190000 -0.190000
0.520000 -0.053945 -0.204449 12.400000 12.400000 0.190742 0.195953 -1.860000 -1.860000 0.434240 0.446382 1.040000 1.040000 0.365930 0.275084 7.480000 7.480000 0.198862 0.119650 4.550000 4.550000 -0.323684 -0.310452 -0.260000 -0.260000 -0.230016 -0.237926 0.520000 0.520000 -0.333657 -0.335568 0.880000 0.880000 -0.565639 -0.570364 -0.340000 -0.340000 0.345392 0.316507 2.450000 2.450000 0.255242 0.230326 1.490000 1.490000 0.197501 0.186622 0.160000 0.160000 0.105782 0.101226 1.730000 1.730000 -0.096476 -0.084115 -0.870000 -0.870000 0.532893 0.540857 -0.270000 -0.270000 1.170871 1.149504 1.900000 1.900000 -0.003271 -0.009883 1.440000 1.440000 1.252820 1.247060 0.210000 0.210000 -0.111474 -0.107073 -0.260000 -0.260000 -0.161307 -0.168393 0.440000 0.440000 -1.596918 -1.592501 0.310000 0.310000 0.538086 0.526881 -0.570000 -0.570000 1.345372 1.336185 0.600000 0.600000 0.491681 0.494731 -0.600000 -0.600000
0.540000 -0.059463 -0.204449 11.780000 11.780000 0.192857 0.194112 -1.710000 -1.710000 0.432706 0.448888 1.360000 1.360000 0.362135 0.274797 7.120000 7.120000 0.196804 0.119236 4.340000 4.340000 -0.322742 -0.310708 -0.140000 -0.140000 -0.231425 -0.237926 0.500000 0.500000 -0.332708 -0.336214 0.840000 0.840000 -0.563685 -0.570266 -0.300000 -0.300000 0.345067 0.316507 2.340000 2.340000 0.256439 0.230326 1.100000 1.100000 0.198025 0.186707 0.240000 0.240000 0.110334 0.101608 2.240000 2.240000 -0.095752 -0.083714 -0.580000 -0.580000 0.536646 0.540857 -0.420000 -0.420000 1.163925 1.149212 1.280000 1.280000 -0.002689 -0.009289 0.790000 0.790000 1.246663 1.249297 0.060000 0.060000 -0.112067 -0.104836 -0.480000 -0.480000 -0.164499 -0.168393 0.250000 0.250000 -1.598128 -1.594224 -0.040000 -0.040000 0.534391 0.528860 -0.320000 -0.320000 1.341475 1.336118 0.100000 0.100000 0.488370 0.493989 -0.470000 -0.470000
0.560000 -0.055565 -0.204449 12.070000 12.070000 0.197590 0.193750 -1.270000 -1.270000 0.432296 0.449250 2.270000 2.270000 0.362857 0.274797 7.290000 7.290000 0.196440 0.119236 4.380000 4.380000 -0.322245 -0.310729 -0.180000 -0.180000 -0.231420 -0.237926 0.460000 0.460000 -0.333272 -0.335852 0.800000 0.800000 -0.563506 -0.569552 -0.400000 -0.400000 0.346981 0.316515 2.560000 2.560000 0.262344 0.230337 1.520000 1.520000 0.196218 0.186728 0.200000 0.200000 0.106272 0.102469 1.740000 1.740000 -0.097066 -0.083557 -1.140000 -1.140000 0.542808 0.541962 0.010000 0.010000 1.169316 1.149818 1.570000 1.570000 -0.005089 -0.008660 1.160000 1.160000 1.252379 1.249870 0.320000 0.320000 -0.113039 -0.105409 -0.170000 -0.170000 -0.164606 -0.168393 0.160000 0.160000 -1.596306 -1.594632 0.150000 0.150000 0.537470 0.529500 -0.570000 -0.570000 1.342697 1.336219 -0.140000 -0.140000 0.485420 0.493730 -0.590000 -0.590000
0.580000 -0.059688 -0.204449 11.840000 11.840000 0.196921 0.193701 -1.410000 -1.410000 0.432960 0.449299 2.090000 2.090000 0.362630 0.274797 7.230000 7.230000 0.195133 0.119236 4.430000 4.430000 -0.320853 -0.310857 -0.220000 -0.220000 -0.234578 -0.237926 0.250000 0.250000 -0.331126 -0.335823 1.180000 1.180000 -0.562468 -0.569522 -0.200000 -0.200000 0.345294 0.316515 2.390000 2.390000 0.259061 0.230337 1.390000 1.390000 0.196882 0.186728 0.130000 0.130000 0.104712 0.103751 1.680000 1.680000 -0.097130 -0.083548 -1.180000 -1.180000 0.541139 0.543066 -0.130000 -0.130000 1.167171 1.149422 1.680000 1.680000 -0.004440 -0.009056 0.990000 0.990000 1.247716 1.249870 0.200000 0.200000 -0.114244 -0.105409 -0.440000 -0.440000 -0.166598 -0.168393 0.280000 0.280000 -1.599327 -1.595016 0.010000 0.010000 0.536430 0.529116 -0.720000 -0.720000 1.342477 1.336230 -0.060000 -0.060000 0.484577 0.493607 -0.590000 -0.590000
0.600000 -0.052377 -0.204449 12.730000 12.730000 0.194795 0.193300 -1.480000 -1.480000 0.433917 0.449720 1.840000 1.840000 0.367505 0.274797 7.620000 7.620000 0.197620 0.119236 4.680000 4.680000 -0.317703 -0.310857 -0.180000 -0.180000 -0.230311 -0.237926 0.550000 0.550000 -0.329458 -0.335823 1.500000 1.500000 -0.560097 -0.569522 -0.360000 -0.360000 0.347467 0.316515 2.640000 2.640000 0.262959 0.230337 1.320000 1.320000 0.196532 0.186867 0.200000 0.200000 0.107951 0.104163 1.840000 1.840000 -0.096982 -0.083450 -1.120000 -1.120000 0.541809 0.544171 -0.180000 -0.180000 1.164693 1.149422 1.190000 1.190000 -0.006298 -0.009056 1.070000 1.070000 1.248168 1.249870 0.100000 0.100000 -0.113456 -0.105409 -0.350000 -0.350000 -0.168690 -0.168638 0.090000 0.090000 -1.590077 -1.595168 0.690000 0.690000 0.533459 0.530106 0.190000 0.190000 1.338576 1.336354 -0.150000 -0.150000 0.484860 0.493303 -0.470000 -0.470000
0.620000 -0.053506 -0.204449 12.250000 12.250000 0.196655 0.193378 -1.080000 -1.080000 0.435648 0.449798 1.890000 1.890000 0.364726 0.274797 7.360000 7.360000 0.195588 0.119236 4.510000 4.510000 -0.320277 -0.310857 -0.160000 -0.160000 -0.231860 -0.237926 0.480000 0.480000 -0.330420 -0.335705 1.570000 1.570000 -0.558904 -0.569307 -0.600000 -0.600000 0.345931 0.316515 2.510000 2.510000 0.262774 0.230337 1.240000 1.240000 0.195854 0.187005 0.100000 0.100000 0.106058 0.106287 1.560000 1.560000 -0.097788 -0.083009 -1.650000 -1.650000 0.540490 0.544907 -0.260000 -0.260000 1.166143 1.149422 1.350000 1.350000 -0.006470 -0.009056 1.080000 1.080000 1.252532 1.249870 0.380000 0.380000 -0.113105 -0.105409 -0.070000 -0.070000 -0.168682 -0.168761 0.080000 0.080000 -1.589544 -1.594807 0.720000 0.720000 0.539347 0.530466 -0.070000 -0.070000 1.341388 1.336196 -0.030000 -0.030000 0.485312 0.493146 -0.800000 -0.800000
0.640000 -0.058490 -0.204449 11.950000 11.950000 0.197729 0.194347 -1.150000 -1.150000 0.435453 0.450082 2.100000 2.100000 0.363534 0.274797 7.320000 7.320000 0.196296 0.119236 4.520000 4.520000 -0.319502 -0.310857 -0.120000 -0.120000 -0.233267 -0.237926 0.360000 0.360000 -0.332518 -0.336302 1.370000 1.370000 -0.558332 -0.568651 -0.470000 -0.470000 0.344252 0.316515 2.390000 2.390000 0.263976 0.230337 1.280000 1.280000 0.194038 0.187016 0.040000 0.040000 0.106503 0.106835 1.300000 1.300000 -0.095462 -0.082774 -1.430000 -1.430000 0.541674 0.544907 -0.240000 -0.240000 1.169803 1.149923 1.590000 1.590000 -0.007000 -0.009557 1.150000 1.150000 1.249719 1.249870 0.220000 0.220000 -0.113065 -0.105409 -0.320000 -0.320000 -0.170496 -0.168884 0.180000 0.180000 -1.593756 -1.593829 0.260000 0.260000 0.539055 0.532609 -0.160000 -0.160000 1.342661 1.336556 0.070000 0.070000 0.485536 0.492786 -0.550000 -0.550000
0.660000 -0.058109 -0.204449 11.800000 11.800000 0.195225 0.195483 -1.700000 -1.700000 0.435592 0.451022 1.680000 1.680000 0.362933 0.274797 7.220000 7.220000 0.196052 0.119236 4.460000 4.460000 -0.318958 -0.310857 -0.160000 -0.160000 -0.230625 -0.237926 0.550000 0.550000 -0.330957 -0.337340 1.790000 1.790000 -0.557097 -0.567613 -0.420000 -0.420000 0.345965 0.316515 2.630000 2.630000 0.266908 0.230337 1.320000 1.320000 0.195164 0.187080 0.140000 0.140000 0.106256 0.106453 1.300000 1.300000 -0.095119 -0.082118 -1.390000 -1.390000 0.539453 0.544907 -0.370000 -0.370000 1.169702 1.151296 1.260000 1.260000 -0.008637 -0.008765 1.320000 1.320000 1.252615 1.249881 0.360000 0.360000 -0.113122 -0.105420 -0.110000 -0.110000 -0.172119 -0.169129 -0.120000 -0.120000 -1.594332 -1.595005 0.370000 0.370000 0.539836 0.534017 0.100000 0.100000 1.341783 1.337062 -0.030000 -0.030000 0.485685 0.492280 -0.710000 -0.710000
0.680000 -0.056790 -0.204449 12.040000 12.040000 0.193749 0.196638 -1.850000 -1.850000 0.436321 0.451296 1.320000 1.320000 0.362525 0.274797 7.230000 7.230000 0.196148 0.119236 4.450000 4.450000 -0.320235 -0.310857 -0.240000 -0.240000 -0.230129 -0.237926 0.580000 0.580000 -0.329999 -0.336351 1.740000 1.740000 -0.556268 -0.567799 -0.560000 -0.560000 0.345647 0.316515 2.630000 2.630000 0.267428 0.230337 1.040000 1.040000 0.196542 0.187314 0.180000 0.180000 0.105900 0.106218 1.400000 1.400000 -0.095571 -0.081864 -1.450000 -1.450000 0.534605 0.544907 -0.660000 -0.660000 1.169467 1.152321 1.350000 1.350000 -0.009635 -0.009720 1.190000 1.190000 1.255935 1.250634 0.310000 0.310000 -0.113045 -0.106016 -0.000000 -0.000000 -0.174023 -0.169252 -0.120000 -0.120000 -1.592526 -1.594842 0.150000 0.150000 0.542245 0.535997 -0.080000 -0.080000 1.342268 1.337073 0.030000 0.030000 0.486468 0.492269 -0.550000 -0.550000
0.700000 -0.058388 -0.204449 11.849999 11.849999 0.193560 0.197676 -2.030000 -2.030000 0.435891 0.450787 1.060000 1.060000 0.362032 0.274797 7.290000 7.290000 0.197113 0.119236 4.330000 4.330000 -0.320263 -0.310857 -0.260000 -0.260000 -0.229324 -0.237926 0.720000 0.720000 -0.331895 -0.335245 1.680000 1.680000 -0.555178 -0.567809 -0.780000 -0.780000 0.344758 0.316515 2.580000 2.580000 0.269180 0.230337 0.950000 0.950000 0.195554 0.187474 0.070000 0.070000 0.108395 0.105435 1.590000 1.590000 -0.093846 -0.081864 -0.990000 -0.990000 0.533278 0.544784 -0.580000 -0.580000 1.168910 1.152344 1.210000 1.210000 -0.011574 -0.009743 1.390000 1.390000 1.256379 1.251432 0.410000 0.410000 -0.112663 -0.106791 -0.000000 -0.000000 -0.176830 -0.169497 -0.250000 -0.250000 -1.591769 -1.591768 -0.240000 -0.240000 0.544079 0.539070 -0.170000 -0.170000 1.341935 1.337073 0.070000 0.070000 0.487802 0.492269 -0.550000 -0.550000
0.720000 -0.059733 -0.204449 11.690000 11.690000 0.193981 0.198194 -1.870000 -1.870000 0.436627 0.450327 1.170000 1.170000 0.359558 0.274797 7.040000 7.040000 0.195176 0.119236 4.270000 4.270000 -0.321623 -0.310857 -0.040000 -0.040000 -0.227434 -0.237926 0.760000 0.760000 -0.332516 -0.335235 1.640000 1.640000 -0.555447 -0.567799 -0.990000 -0.990000 0.346377 0.316515 2.670000 2.670000 0.268654 0.230337 1.320000 1.320000 0.195702 0.187570 0.070000 0.070000 0.107917 0.105190 1.660000 1.660000 -0.093554 -0.081619 -0.970000 -0.970000 0.533276 0.544784 -0.510000 -0.510000 1.170792 1.152356 1.260000 1.260000 -0.011373 -0.009755 1.470000 1.470000 1.258623 1.253534 0.080000 0.080000 -0.112261 -0.108759 -0.010000 -0.010000 -0.176187 -0.170111 -0.200000 -0.200000 -1.592839 -1.591000 0.110000 0.110000 0.546253 0.540700 -0.050000 -0.050000 1.342513 1.337073 0.230000 0.230000 0.489185 0.492269 -0.390000 -0.390000
0.740000 -0.057651 -0.204449 11.920000 11.920000 0.193302 0.198194 -2.080000 -2.080000 0.436365 0.450327 1.050000 1.050000 0.362887 0.274797 7.300000 7.300000 0.197619 0.119236 4.430000 4.430000 -0.322158 -0.310857 -0.150000 -0.150000 -0.227476 -0.237926 0.760000 0.760000 -0.333456 -0.335235 1.490000 1.490000 -0.556451 -0.567799 -0.980000 -0.980000 0.345711 0.316523 2.540000 2.540000 0.266189 0.230349 1.310000 1.310000 0.195992 0.188220 0.040000 0.040000 0.107906 0.104867 1.650000 1.650000 -0.093191 -0.081296 -0.960000 -0.960000 0.532194 0.544784 -0.720000 -0.720000 1.171912 1.152356 1.440000 1.440000 -0.010173 -0.009755 1.560000 1.560000 1.256139 1.257761 -0.200000 -0.200000 -0.112025 -0.112985 -0.200000 -0.200000 -0.175471 -0.170724 -0.080000 -0.080000 -1.593084 -1.591302 0.030000 0.030000 0.544733 0.541818 -0.400000 -0.400000 1.342513 1.337073 0.140000 0.140000 0.489344 0.492269 -0.390000 -0.390000
0.760000 -0.058865 -0.204449 11.809999 11.809999 0.194240 0.198194 -1.800000 -1.800000 0.437159 0.450327 0.960000 0.960000 0.361355 0.274797 7.220000 7.220000 0.196957 0.119236 4.330000 4.330000 -0.323013 -0.310857 -0.530000 -0.530000 -0.228526 -0.237926 0.620000 0.620000 -0.334613 -0.335235 1.120000 1.120000 -0.557902 -0.567799 -0.990000 -0.990000 0.346451 0.316531 2.770000 2.770000 0.266554 0.230361 1.240000 1.240000 0.195333 0.189775 -0.040000 -0.040000 0.108340 0.104319 1.840000 1.840000 -0.093890 -0.080748 -0.970000 -0.970000 0.535093 0.544784 -0.580000 -0.580000 1.174110 1.152356 1.670000 1.670000 -0.008570 -0.009755 1.390000 1.390000 1.254770 1.258188 -0.200000 -0.200000 -0.112438 -0.113367 -0.140000 -0.140000 -0.172672 -0.170847 0.020000 0.020000 -1.597302 -1.591756 -0.440000 -0.440000 0.541024 0.541364 -0.360000 -0.360000 1.343488 1.337478 0.180000 0.180000 0.488640 0.492606 -0.510000 -0.510000
0.780000 -0.057920 -0.204449 11.950000 11.950000 0.195930 0.197832 -1.630000 -1.630000 0.437039 0.450689 1.110000 1.110000 0.365214 0.274797 7.430000 7.430000 0.196823 0.119236 4.580000 4.580000 -0.323011 -0.310868 -0.130000 -0.130000 -0.229593 -0.237926 0.620000 0.620000 -0.336787 -0.335676 0.810000 0.810000 -0.560074 -0.568240 -0.990000 -0.990000 0.347960 0.316531 2.640000 2.640000 0.263893 0.230361 1.440000 1.440000 0.193053 0.191394 -0.100000 -0.100000 0.106940 0.104584 1.590000 1.590000 -0.092897 -0.080307 -1.110000 -1.110000 0.541888 0.544784 -0.190000 -0.190000 1.176164 1.152496 2.130000 2.130000 -0.004216 -0.009615 1.470000 1.470000 1.247104 1.257638 -0.600000 -0.600000 -0.112934 -0.113918 -0.570000 -0.570000 -0.168328 -0.170847 0.140000 0.140000 -1.603239 -1.592688 -0.750000 -0.750000 0.534831 0.540595 -0.470000 -0.470000 1.343020 1.337534 0.150000 0.150000 0.487999 0.492640 -0.340000 -0.340000
0.800000 -0.056604 -0.204449 12.040000 12.040000 0.195876 0.197421 -1.510000 -1.510000 0.437538 0.451100 1.210000 1.210000 0.366692 0.274797 7.600000 7.600000 0.197867 0.119236 4.670000 4.670000 -0.323912 -0.310921 -0.350000 -0.350000 -0.230281 -0.237926 0.670000 0.670000 -0.337752 -0.336488 0.820000 0.820000 -0.562732 -0.569052 -0.810000 -0.810000 0.350227 0.316531 2.790000 2.790000 0.262015 0.230361 1.700000 1.700000 0.191424 0.192736 -0.080000 -0.080000 0.106106 0.104584 1.550000 1.550000 -0.092889 -0.080307 -1.140000 -1.140000 0.550584 0.545152 0.130000 0.130000 1.179477 1.153124 2.430000 2.430000 0.002543 -0.008986 1.230000 1.230000 1.237296 1.255198 -0.780000 -0.780000 -0.113745 -0.114019 -0.580000 -0.580000 -0.162541 -0.170847 0.460000 0.460000 -1.610399 -1.598288 -0.690000 -0.690000 0.526405 0.537673 -0.070000 -0.070000 1.340627 1.337174 -0.150000 -0.150000 0.483958 0.492258 -0.390000 -0.390000
0.820000 -0.056412 -0.204449 12.099999 12.099999 0.195446 0.196540 -1.510000 -1.510000 0.438203 0.451981 1.330000 1.330000 0.369504 0.274797 7.740000 7.740000 0.199641 0.119236 4.810000 4.810000 -0.325580 -0.311262 -0.110000 -0.110000 -0.234850 -0.237926 0.250000 0.250000 -0.340474 -0.337673 0.210000 0.210000 -0.566428 -0.569552 -0.740000 -0.740000 0.350138 0.316539 2.720000 2.720000 0.257193 0.230373 1.700000 1.700000 0.190019 0.193152 0.000000 0.000000 0.107114 0.104593 1.450000 1.450000 -0.091658 -0.080298 -0.910000 -0.910000 0.558525 0.546993 0.270000 0.270000 1.180183 1.154277 2.420000 2.420000 0.012877 -0.006786 0.650000 0.650000 1.221502 1.250365 -1.160000 -1.160000 -0.114833 -0.114379 -1.010000 -1.010000 -0.155421 -0.170724 0.870000 0.870000 -1.619134 -1.605680 -0.500000 -0.500000 0.513820 0.531281 0.040000 0.040000 1.337289 1.336893 -0.250000 -0.250000 0.477898 0.490808 -0.500000 -0.500000
0.840000 -0.053993 -0.204449 12.349999 12.349999 0.196352 0.196119 -1.470000 -1.470000 0.438520 0.452402 1.330000 1.330000 0.373291 0.274797 8.059999 8.059999 0.199391 0.119236 5.070000 5.070000 -0.325777 -0.311965 -0.300000 -0.300000 -0.234977 -0.237926 0.160000 0.160000 -0.341642 -0.339777 0.340000 0.340000 -0.569304 -0.571617 -0.440000 -0.440000 0.354310 0.316646 2.770000 2.770000 0.251127 0.230361 1.920000 1.920000 0.188664 0.193152 -0.160000 -0.160000 0.107873 0.105034 1.530000 1.530000 -0.091678 -0.079857 -0.960000 -0.960000 0.568174 0.553988 0.100000 0.100000 1.183365 1.157851 2.330000 2.330000 0.024397 -0.000534 0.820000 0.820000 1.201292 1.233964 -0.330000 -0.330000 -0.115952 -0.118729 -0.700000 -0.700000 -0.145743 -0.170356 1.380000 1.380000 -1.626811 -1.614703 -0.760000 -0.760000 0.498879 0.522259 0.320000 0.320000 1.331847 1.337961 -0.880000 -0.880000 0.471699 0.487042 0.020000 0.020000
0.860000 -0.058919 -0.204449 11.830000 11.830000 0.196282 0.196168 -1.310000 -1.310000 0.440043 0.452451 1.300000 1.300000 0.376371 0.274797 8.179999 8.179999 0.197232 0.119236 5.280000 5.280000 -0.327026 -0.312604 -0.180000 -0.180000 -0.240029 -0.238002 -0.010000 -0.010000 -0.343061 -0.342264 0.350000 0.350000 -0.574992 -0.575161 -0.220000 -0.220000 0.358407 0.318735 2.880000 2.880000 0.241356 0.229308 1.920000 1.920000 0.186725 0.193152 -0.010000 -0.010000 0.107694 0.105778 1.350000 1.350000 -0.090400 -0.079113 -1.040000 -1.040000 0.580536 0.566505 0.210000 0.210000 1.189957 1.161425 2.310000 2.310000 0.042161 0.010445 0.990000 0.990000 1.171064 1.209987 -0.500000 -0.500000 -0.117004 -0.116492 -0.580000 -0.580000 -0.132946 -0.169497 1.940000 1.940000 -1.637853 -1.621409 -1.000000 -1.000000 0.479098 0.510500 0.070000 0.070000 1.325091 1.339288 -0.920000 -0.920000 0.463712 0.478881 0.180000 0.180000
0.880000 -0.061066 -0.204449 11.719999 11.719999 0.194109 0.195737 -1.310000 -1.310000 0.442282 0.452882 1.080000 1.080000 0.378667 0.274797 8.340000 8.340000 0.195802 0.119236 5.400000 5.400000 -0.329478 -0.313510 -0.200000 -0.200000 -0.239332 -0.239690 0.260000 0.260000 -0.346391 -0.345426 0.120000 0.120000 -0.580946 -0.579302 -0.090000 -0.090000 0.364978 0.321415 2.930000 2.930000 0.233088 0.226243 2.540000 2.540000 0.185652 0.193152 -0.170000 -0.170000 0.108160 0.106913 1.250000 1.250000 -0.090610 -0.078663 -1.340000 -1.340000 0.595981 0.581109 -0.350000 -0.350000 1.196138 1.164767 2.640000 2.640000 0.066332 0.024636 0.950000 0.950000 1.138668 1.183211 -1.150000 -1.150000 -0.118461 -0.119438 -1.060000 -1.060000 -0.118376 -0.166675 2.630000 2.630000 -1.650364 -1.629116 -1.760000 -1.760000 0.454136 0.495039 -0.030000 -0.030000 1.313756 1.331509 -0.900000 -0.900000 0.453385 0.466988 -0.020000 -0.020000
0.900000 -0.061396 -0.204449 11.540000 11.540000 0.193883 0.194240 -1.100000 -1.100000 0.443688 0.454615 1.290000 1.290000 0.385439 0.275142 8.690000 8.690000 0.193074 0.118739 6.030000 6.030000 -0.333463 -0.316492 -0.060000 -0.060000 -0.239087 -0.242865 0.460000 0.460000 -0.351246 -0.349067 0.020000 0.020000 -0.587301 -0.585214 -0.110000 -0.110000 0.373019 0.325766 3.350000 3.350000 0.224013 0.220315 2.550000 2.550000 0.182313 0.192662 -0.240000 -0.240000 0.111333 0.107785 1.410000 1.410000 -0.088925 -0.078164 -1.150000 -1.150000 0.615613 0.597308 0.110000 0.110000 1.204701 1.169773 2.810000 2.810000 0.095806 0.044545 1.050000 1.050000 1.099446 1.149219 -0.530000 -0.530000 -0.120684 -0.122473 -0.170000 -0.170000 -0.102138 -0.162625 3.050000 3.050000 -1.663870 -1.638826 -1.890000 -1.890000 0.426689 0.472779 -0.430000 -0.430000 1.300422 1.322022 -1.190000 -1.190000 0.440685 0.457658 0.080000 0.080000
0.920000 -0.073439 -0.204449 10.710000 10.710000 0.195227 0.194044 -1.020000 -1.020000 0.445668 0.455887 1.180000 1.180000 0.382120 0.275535 8.270000 8.270000 0.184218 0.118171 5.820000 5.820000 -0.339887 -0.321659 -0.060000 -0.060000 -0.244976 -0.244752 0.060000 0.060000 -0.350801 -0.354089 0.450000 0.450000 -0.596668 -0.591646 0.530000 0.530000 0.381249 0.332871 2.940000 2.940000 0.210997 0.212304 2.750000 2.750000 0.177188 0.192374 -0.320000 -0.320000 0.111845 0.109527 1.590000 1.590000 -0.088858 -0.075677 -1.220000 -1.220000 0.638647 0.615838 0.240000 0.240000 1.210077 1.175745 2.590000 2.590000 0.129751 0.070239 1.190000 1.190000 1.048376 1.105829 -0.430000 -0.430000 -0.123344 -0.125643 -0.430000 -0.430000 -0.084697 -0.156121 3.020000 3.020000 -1.686474 -1.652133 -1.090000 -1.090000 0.391404 0.447527 -0.350000 -0.350000 1.281107 1.307858 -0.830000 -0.830000 0.426254 0.444124 0.060000 0.060000
0.940000 -0.075093 -0.204449 10.410000 10.410000 0.195542 0.194915 -0.930000 -0.930000 0.446191 0.456876 1.250000 1.250000 0.390915 0.275682 8.830000 8.830000 0.180091 0.117958 6.450000 6.450000 -0.344455 -0.325270 -0.190000 -0.190000 -0.244824 -0.248142 0.490000 0.490000 -0.354553 -0.358563 0.530000 0.530000 -0.604933 -0.600505 0.720000 0.720000 0.391281 0.342843 3.530000 3.530000 0.197189 0.203607 1.830000 1.830000 0.172191 0.192278 -0.250000 -0.250000 0.113173 0.111279 1.320000 1.320000 -0.086117 -0.073925 -1.100000 -1.100000 0.669739 0.636946 0.400000 0.400000 1.215533 1.180262 3.230000 3.230000 0.168881 0.099694 1.050000 1.050000 0.990459 1.057841 -0.440000 -0.440000 -0.127148 -0.122079 -0.210000 -0.210000 -0.064747 -0.144585 3.270000 3.270000 -1.701897 -1.668432 -1.190000 -1.190000 0.352083 0.417187 -0.340000 -0.340000 1.257400 1.288928 -1.280000 -1.280000 0.407757 0.425981 0.240000 0.240000
0.960000 -0.085503 -0.204449 9.910000 9.910000 0.198363 0.194896 -0.730000 -0.730000 0.446524 0.457052 1.530000 1.530000 0.394188 0.276166 8.720000 8.720000 0.171443 0.118325 6.820000 6.820000 -0.347208 -0.328349 -0.080000 -0.080000 -0.251114 -0.251256 0.400000 0.400000 -0.353938 -0.363663 1.670000 1.670000 -0.613454 -0.612222 0.430000 0.430000 0.398824 0.352939 3.390000 3.390000 0.184481 0.191562 1.920000 1.920000 0.161958 0.191511 -0.390000 -0.390000 0.105599 0.113071 0.420000 0.420000 -0.086028 -0.074502 -1.720000 -1.720000 0.705637 0.662594 0.800000 0.800000 1.223546 1.186433 2.930000 2.930000 0.207209 0.134271 0.290000 0.290000 0.926171 1.001670 -0.540000 -0.540000 -0.131480 -0.124923 -0.600000 -0.600000 -0.043130 -0.129000 3.710000 3.710000 -1.715200 -1.684545 -1.770000 -1.770000 0.308220 0.381353 -0.020000 -0.020000 1.231023 1.266458 -0.960000 -0.960000 0.386436 0.403196 0.210000 0.210000
0.980000 -0.087183 -0.204449 9.550000 9.550000 0.199012 0.194935 -0.990000 -0.990000 0.444710 0.457091 1.810000 1.810000 0.403913 0.277895 9.309999 9.309999 0.163743 0.116136 6.720000 6.720000 -0.348916 -0.333654 -0.030000 -0.030000 -0.251299 -0.256471 0.640000 0.640000 -0.353884 -0.365444 2.110000 2.110000 -0.619854 -0.624106 0.490000 0.490000 0.409158 0.363501 3.170000 3.170000 0.168520 0.176688 2.280000 2.280000 0.154257 0.187431 -0.350000 -0.350000 0.101372 0.111906 0.110000 0.110000 -0.085313 -0.074845 -2.370000 -2.370000 0.735190 0.696587 0.360000 0.360000 1.218351 1.192836 1.700000 1.700000 0.242669 0.172784 1.150000 1.150000 0.851862 0.929605 0.420000 0.420000 -0.137881 -0.131971 0.470000 0.470000 -0.021928 -0.109611 3.590000 3.590000 -1.728895 -1.701566 -0.990000 -0.990000 0.260747 0.338579 0.050000 0.050000 1.200472 1.239480 -0.780000 -0.780000 0.363739 0.378128 0.310000 0.310000
1.000000 -0.095924 -0.204449 8.820000 8.820000 0.206817 0.196286 -0.750000 -0.750000 0.443949 0.457287 2.470000 2.470000 0.405059 0.284377 9.120000 9.120000 0.152470 0.108030 5.650000 5.650000 -0.351345 -0.336178 -0.390000 -0.390000 -0.256500 -0.260245 0.520000 0.520000 -0.355009 -0.366139 2.340000 2.340000 -0.625607 -0.630635 0.850000 0.850000 0.414064 0.374039 2.840000 2.840000 0.151775 0.164146 2.350000 2.350000 0.143343 0.179591 -0.100000 -0.100000 0.095775 0.111485 -0.170000 -0.170000 -0.088367 -0.074463 -2.730000 -2.730000 0.762218 0.734139 -0.390000 -0.390000 1.206597 1.194990 1.430000 1.430000 0.274982 0.208817 0.110000 0.110000 0.774298 0.865532 -0.430000 -0.430000 -0.144665 -0.144291 -0.250000 -0.250000 0.002520 -0.088626 4.440000 4.440000 -1.746611 -1.718016 -1.240000 -1.240000 0.212944 0.296516 0.300000 0.300000 1.169827 1.214513 -1.020000 -1.020000 0.341326 0.354286 0.990000 0.990000
1.020000 -0.098906 -0.205047 8.990000 8.990000 0.213383 0.200211 -0.710000 -0.710000 0.442530 0.458374 2.690000 2.690000 0.416023 0.292014 9.389999 9.389999 0.143781 0.097002 6.850000 6.850000 -0.349583 -0.338107 -0.240000 -0.240000 -0.258487 -0.263681 0.610000 0.610000 -0.354325 -0.369908 2.160000 2.160000 -0.628008 -0.632779 1.000000 1.000000 0.421770 0.382037 2.280000 2.280000 0.135627 0.153473 2.050000 2.050000 0.135288 0.172432 -0.240000 -0.240000 0.090732 0.110173 -0.440000 -0.440000 -0.090115 -0.075775 -3.590000 -3.590000 0.786725 0.766168 -0.390000 -0.390000 1.194752 1.192894 0.730000 0.730000 0.301886 0.242253 -0.030000 -0.030000 0.694477 0.793612 -0.760000 -0.760000 -0.150818 -0.154431 -0.080000 -0.080000 0.031200 -0.065187 3.460000 3.460000 -1.760464 -1.734304 -1.110000 -1.110000 0.167363 0.255197 0.610000 0.610000 1.140131 1.186782 -0.950000 -0.950000 0.319049 0.329455 1.150000 1.150000
1.040000 -0.112481 -0.205093 7.620000 7.620000 0.223477 0.205752 -0.320000 -0.320000 0.444326 0.459372 3.200000 3.200000 0.418811 0.301724 9.160000 9.160000 0.133717 0.083075 6.240000 6.240000 -0.348339 -0.339651 -0.030000 -0.030000 -0.265209 -0.266903 0.040000 0.040000 -0.351349 -0.370153 2.480000 2.480000 -0.627899 -0.633024 1.370000 1.370000 0.430581 0.389543 2.270000 2.270000 0.116991 0.143391 2.060000 2.060000 0.129084 0.164965 -0.250000 -0.250000 0.082546 0.109038 -0.640000 -0.640000 -0.091917 -0.075638 -4.290000 -4.290000 0.806372 0.794762 -0.530000 -0.530000 1.184382 1.186375 1.340000 1.340000 0.323048 0.271545 0.210000 0.210000 0.609246 0.713363 0.820000 0.820000 -0.156280 -0.150305 0.130000 0.130000 0.072551 -0.037084 4.050000 4.050000 -1.791266 -1.751884 -2.550000 -2.550000 0.115691 0.209117 -0.100000 -0.100000 1.110590 1.159669 -1.110000 -1.110000 0.294073 0.304658 1.040000 1.040000
1.060000 -0.128691 -0.205339 6.140000 6.140000 0.238750 0.213485 0.110000 0.110000 0.445340 0.462896 3.870000 3.870000 0.418585 0.312876 7.960000 7.960000 0.123688 0.068912 4.800000 4.800000 -0.341414 -0.341185 0.070000 0.070000 -0.276110 -0.267731 -0.450000 -0.450000 -0.352444 -0.368822 1.980000 1.980000 -0.628788 -0.633357 0.980000 0.980000 0.437189 0.396869 2.040000 2.040000 0.096863 0.131890 2.430000 2.430000 0.129950 0.157998 -0.160000 -0.160000 0.082610 0.105670 -0.360000 -0.360000 -0.096442 -0.074111 -4.360000 -4.360000 0.817215 0.819551 -0.740000 -0.740000 1.171783 1.172695 1.990000 1.990000 0.339958 0.296215 0.570000 0.570000 0.516832 0.624987 -0.530000 -0.530000 -0.160385 -0.165480 0.020000 0.020000 0.138074 -0.001250 4.730000 4.730000 -1.841443 -1.780035 -2.540000 -2.540000 0.060369 0.157356 -0.750000 -0.750000 1.082246 1.128914 -0.960000 -0.960000 0.271166 0.277590 1.030000 1.030000
1.080000 -0.146053 -0.206566 5.400000 5.400000 0.247692 0.224713 -0.090000 -0.090000 0.448081 0.464531 3.860000 3.860000 0.419286 0.326545 7.190000 7.190000 0.126524 0.058830 3.390000 3.390000 -0.325081 -0.342218 0.550000 0.550000 -0.304802 -0.275754 -1.520000 -1.520000 -0.358592 -0.367921 0.600000 0.600000 -0.638412 -0.634003 1.300000 1.300000 0.433305 0.405423 1.390000 1.390000 0.073389 0.119134 1.280000 1.280000 0.133087 0.153076 -0.150000 -0.150000 0.080493 0.103703 0.120000 0.120000 -0.115716 -0.078761 -5.750000 -5.750000 0.790407 0.834523 -2.220000 -2.220000 1.159753 1.154906 2.250000 2.250000 0.350828 0.314796 1.230000 1.230000 0.415849 0.528383 0.480000 0.480000 -0.159879 -0.164896 0.730000 0.730000 0.242719 0.046365 7.380000 7.380000 -1.913767 -1.814228 -5.370000 -5.370000 0.004636 0.107446 -2.730000 -2.730000 1.061926 1.099361 -0.510000 -0.510000 0.246497 0.262291 0.190000 0.190000
1.100000 -0.156234 -0.213500 4.840000 4.840000 0.255030 0.235628 -0.280000 -0.280000 0.450015 0.467458 3.430000 3.430000 0.429806 0.338549 6.860000 6.860000 0.121543 0.051198 3.640000 3.640000 -0.309776 -0.341494 0.580000 0.580000 -0.313415 -0.287304 -1.510000 -1.510000 -0.368026 -0.368410 0.630000 0.630000 -0.630048 -0.636137 0.000000 0.000000 0.449095 0.415355 1.420000 1.420000 0.058890 0.106331 1.450000 1.450000 0.136789 0.151031 -0.150000 -0.150000 0.091218 0.108989 1.360000 1.360000 -0.132415 -0.088961 -6.210000 -6.210000 0.752267 0.836118 -3.640000 -3.640000 1.125556 1.133740 2.650000 2.650000 0.347538 0.326019 0.720000 0.720000 0.320266 0.436645 0.090000 0.090000 -0.155689 -0.151081 0.020000 0.020000 0.334753 0.111651 7.230000 7.230000 -1.974266 -1.857153 -5.430000 -5.430000 -0.043972 0.057745 -2.840000 -2.840000 1.044827 1.080623 -1.220000 -1.220000 0.220680 0.244159 0.230000 0.230000
1.120000 -0.145814 -0.220909 6.670000 6.670000 0.254323 0.244222 -1.590000 -1.590000 0.439987 0.468789 3.380000 3.380000 0.439756 0.351079 7.330000 7.330000 0.102379 0.045176 3.920000 3.920000 -0.304660 -0.340535 0.480000 0.480000 -0.302874 -0.297567 -0.290000 -0.290000 -0.365091 -0.371925 1.180000 1.180000 -0.624563 -0.634443 -0.040000 -0.040000 0.466079 0.428810 2.110000 2.110000 0.045788 0.093079 2.000000 2.000000 0.144414 0.148336 0.020000 0.020000 0.079022 0.115508 -0.220000 -0.220000 -0.139244 -0.104349 -7.200000 -7.200000 0.692276 0.825932 -5.780000 -5.780000 1.092620 1.104460 1.760000 1.760000 0.336290 0.331433 1.560000 1.560000 0.242091 0.340625 1.180000 1.180000 -0.159683 -0.148833 1.120000 1.120000 0.406769 0.192890 6.150000 6.150000 -1.990064 -1.908903 -2.130000 -2.130000 -0.094586 0.005599 -0.900000 -0.900000 1.022244 1.061154 -1.380000 -1.380000 0.186099 0.218193 0.170000 0.170000
1.140000 -0.158472 -0.229284 5.430000 5.430000 0.252684 0.248393 -1.410000 -1.410000 0.446359 0.465344 2.850000 2.850000 0.435759 0.358961 6.490000 6.490000 0.082650 0.035875 4.400000 4.400000 -0.319795 -0.338373 0.280000 0.280000 -0.290110 -0.306617 1.850000 1.850000 -0.368128 -0.373814 1.500000 1.500000 -0.623683 -0.631790 -0.110000 -0.110000 0.481529 0.445281 2.330000 2.330000 0.037490 0.076797 1.830000 1.830000 0.155296 0.147292 0.210000 0.210000 0.066879 0.111769 -1.080000 -1.080000 -0.152176 -0.120560 -5.880000 -5.880000 0.603446 0.799180 -6.850000 -6.850000 1.091298 1.079604 2.810000 2.810000 0.319314 0.327928 1.780000 1.780000 0.174466 0.246011 2.580000 2.580000 -0.166185 -0.162041 3.010000 3.010000 0.460591 0.281493 4.800000 4.800000 -2.005503 -1.960326 0.470000 0.470000 -0.129655 -0.048851 0.710000 0.710000 1.007407 1.038986 -1.340000 -1.340000 0.150858 0.175162 0.280000 0.280000
1.160000 -0.196265 -0.235758 3.450000 3.450000 0.262524 0.248246 -0.050000 -0.050000 0.451184 0.465960 2.670000 2.670000 0.437586 0.362821 5.830000 5.830000 0.071857 0.028432 3.160000 3.160000 -0.338470 -0.338149 -0.030000 -0.030000 -0.301190 -0.316113 1.900000 1.900000 -0.382106 -0.379815 1.370000 1.370000 -0.626462 -0.634110 -0.590000 -0.590000 0.489306 0.457146 1.240000 1.240000 0.020027 0.063923 1.710000 1.710000 0.165938 0.147292 0.310000 0.310000 0.061129 0.096733 -0.700000 -0.700000 -0.167961 -0.134284 -5.470000 -5.470000 0.501070 0.746779 -7.690000 -7.690000 1.108162 1.070488 3.130000 3.130000 0.284364 0.312735 3.030000 3.030000 0.103588 0.177980 1.820000 1.820000 -0.171835 -0.159613 1.210000 1.210000 0.513709 0.355861 3.810000 3.810000 -2.056794 -1.995113 -1.500000 -1.500000 -0.158952 -0.090414 -0.850000 -0.850000 0.984561 1.020731 -1.810000 -1.810000 0.111826 0.143620 0.460000 0.460000
1.180000 -0.254449 -0.246373 0.220000 0.220000 0.258403 0.251016 0.360000 0.360000 0.461337 0.464384 1.180000 1.180000 0.418978 0.366115 4.140000 4.140000 0.059483 0.023439 2.230000 2.230000 -0.348396 -0.338639 -0.030000 -0.030000 -0.313383 -0.324933 1.240000 1.240000 -0.394399 -0.388674 0.910000 0.910000 -0.627407 -0.637096 -0.990000 -0.990000 0.493241 0.467233 1.420000 1.420000 0.003376 0.054445 1.690000 1.690000 0.169205 0.148272 0.440000 0.440000 0.058859 0.081168 -0.120000 -0.120000 -0.171790 -0.150965 -3.290000 -3.290000 0.416579 0.665907 -8.280000 -8.280000 1.136694 1.075727 2.500000 2.500000 0.221547 0.290266 4.440000 4.440000 0.056016 0.116065 1.650000 1.650000 -0.177386 -0.176249 2.450000 2.450000 0.544605 0.415747 3.920000 3.920000 -2.056116 -2.031321 0.680000 0.680000 -0.188348 -0.124200 1.530000 1.530000 0.952210 0.995304 -1.130000 -1.130000 0.076152 0.107335 0.190000 0.190000
1.200000 -0.360041 -0.276209 -5.050000 -5.050000 0.246349 0.253209 1.060000 1.060000 0.485390 0.465676 -2.190000 -2.190000 0.359400 0.369696 -0.130000 -0.130000 0.035652 0.019404 -0.740000 -0.740000 -0.362190 -0.339864 -0.240000 -0.240000 -0.365003 -0.336300 -0.790000 -0.790000 -0.414294 -0.397406 -0.630000 -0.630000 -0.650514 -0.644027 -1.430000 -1.430000 0.513668 0.477698 0.810000 0.810000 -0.024546 0.042861 2.520000 2.520000 0.180740 0.149412 0.450000 0.450000 0.017458 0.058898 0.670000 0.670000 -0.198592 -0.167518 -4.490000 -4.490000 0.300148 0.551166 -6.620000 -6.620000 1.216267 1.108651 3.380000 3.380000 0.164311 0.247027 2.690000 2.690000 -0.014993 0.045877 2.710000 2.710000 -0.182617 -0.179824 2.790000 2.790000 0.578680 0.468394 3.170000 3.170000 -2.043296 -2.041100 -1.500000 -1.500000 -0.231038 -0.160617 0.540000 0.540000 0.911977 0.957512 -0.030000 -0.030000 0.045184 0.065406 -0.240000 -0.240000
1.220000 -0.456737 -0.308867 -10.770000 -10.770000 0.243670 0.251868 1.430000 1.430000 0.501076 0.471638 -2.800000 -2.800000 0.293746 0.368082 -4.500000 -4.500000 0.019887 0.019771 -4.180000 -4.180000 -0.372377 -0.344274 -0.130000 -0.130000 -0.417102 -0.363129 -3.300000 -3.300000 -0.433196 -0.408399 -1.370000 -1.370000 -0.670972 -0.661990 -1.590000 -1.590000 0.515130 0.492546 0.540000 0.540000 -0.036136 0.033324 1.390000 1.390000 0.173101 0.152597 0.180000 0.180000 -0.025388 0.020770 2.300000 2.300000 -0.247445 -0.186734 -4.140000 -4.140000 0.198976 0.425379 -4.570000 -4.570000 1.257367 1.153764 2.780000 2.780000 0.091977 0.192389 2.840000 2.840000 -0.072933 -0.017803 2.380000 2.380000 -0.183702 -0.185163 2.480000 2.480000 0.606814 0.510241 3.030000 3.030000 -1.997276 -2.030145 0.000000 0.000000 -0.269376 -0.198093 1.540000 1.540000 0.879877 0.921867 -0.670000 -0.670000 0.019189 0.038596 0.330000 0.330000
1.240000 -0.465900 -0.344302 -5.550000 -5.550000 0.227970 0.244594 0.100000 0.100000 0.502898 0.487780 -1.470000 -1.470000 0.302103 0.353668 -2.170000 -2.170000 0.009000 0.022007 -1.760000 -1.760000 -0.367054 -0.349878 -0.110000 -0.110000 -0.401059 -0.401555 1.180000 1.180000 -0.451710 -0.432578 0.400000 0.400000 -0.673934 -0.681744 -1.870000 -1.870000 0.531295 0.514146 0.210000 0.210000 -0.020147 0.022059 0.890000 0.890000 0.182560 0.156816 0.200000 0.200000 -0.021033 -0.030632 4.630000 4.630000 -0.273162 -0.224921 0.020000 0.020000 0.121991 0.285112 -1.460000 -1.460000 1.261303 1.207971 -0.880000 -0.880000 0.015628 0.134574 0.210000 0.210000 -0.115365 -0.072883 2.690000 2.690000 -0.195051 -0.184376 2.080000 2.080000 0.618271 0.550615 1.340000 1.340000 -1.963805 -2.000690 -0.670000 -0.670000 -0.304875 -0.236676 -0.000000 -0.000000 0.850568 0.889898 -0.400000 -0.400000 -0.008870 0.010044 0.020000 0.020000
1.260000 -0.460111 -0.397455 -3.180000 -3.180000 0.216606 0.229441 -0.620000 -0.620000 0.499799 0.502640 -1.010000 -1.010000 0.308815 0.330339 -1.110000 -1.110000 0.007475 0.022753 -0.910000 -0.910000 -0.364430 -0.350709 -0.200000 -0.200000 -0.374651 -0.429443 4.190000 4.190000 -0.453132 -0.456424 4.870000 4.870000 -0.680303 -0.697191 -2.670000 -2.670000 0.533573 0.532870 0.550000 0.550000 -0.020756 0.012061 0.910000 0.910000 0.196286 0.162280 0.260000 0.260000 -0.039109 -0.057866 3.170000 3.170000 -0.298449 -0.267758 1.420000 1.420000 0.041952 0.150612 1.180000 1.180000 1.228712 1.243049 -3.800000 -3.800000 -0.050896 0.069412 -1.270000 -1.270000 -0.159090 -0.114452 1.060000 1.060000 -0.205899 -0.189592 0.780000 0.780000 0.644233 0.583749 2.000000 2.000000 -1.955793 -1.976078 -2.080000 -2.080000 -0.374932 -0.275794 1.520000 1.520000 0.829374 0.861503 -0.200000 -0.200000 -0.043027 -0.020508 -0.400000 -0.400000
1.280000 -0.418733 -0.386732 -3.310000 -3.310000 0.210433 0.220876 -2.410000 -2.410000 0.495398 0.511636 0.440000 0.440000 0.347532 0.306411 1.790000 1.790000 0.001149 0.018020 1.550000 1.550000 -0.345948 -0.351635 -0.020000 -0.020000 -0.346401 -0.432787 6.120000 6.120000 -0.476424 -0.468924 4.170000 4.170000 -0.686056 -0.726215 -4.990000 -4.990000 0.539786 0.533493 -0.730000 -0.730000 -0.042272 0.007612 0.690000 0.690000 0.196301 0.168374 0.200000 0.200000 -0.019129 -0.067889 4.480000 4.480000 -0.323484 -0.305974 2.590000 2.590000 -0.047185 0.029735 1.400000 1.400000 1.157272 1.241827 -5.130000 -5.130000 -0.118109 0.009373 -2.120000 -2.120000 -0.199560 -0.157853 1.450000 1.450000 -0.229700 -0.211726 1.600000 1.600000 0.707938 0.614674 3.100000 3.100000 -1.984426 -1.966904 -1.620000 -1.620000 -0.476378 -0.332701 0.920000 0.920000 0.813399 0.836346 0.080000 0.080000 -0.092337 -0.054389 -1.320000 -1.320000
1.300000 -0.478421 -0.375994 -8.530000 -8.530000 0.209040 0.216970 -1.160000 -1.160000 0.515019 0.511000 -0.720000 -0.720000 0.302225 0.297783 1.420000 1.420000 -0.000457 0.012139 0.950000 0.950000 -0.349310 -0.350133 0.050000 0.050000 -0.403305 -0.417724 1.060000 1.060000 -0.490995 -0.472497 -0.250000 -0.250000 -0.717854 -0.730630 -3.480000 -3.480000 0.481873 0.535713 -2.820000 -2.820000 -0.072632 0.003388 -1.540000 -1.540000 0.180340 0.174733 -0.200000 -0.200000 -0.035759 -0.055624 5.840000 5.840000 -0.403140 -0.333569 -1.980000 -1.980000 -0.153068 -0.072122 0.370000 0.370000 1.087343 1.193348 -4.510000 -4.510000 -0.211069 -0.053448 -0.430000 -0.430000 -0.189668 -0.179976 1.220000 1.220000 -0.254663 -0.235017 0.530000 0.530000 0.790873 0.650876 4.720000 4.720000 -2.047263 -1.981306 -4.000000 -4.000000 -0.613953 -0.415466 -0.080000 -0.080000 0.830439 0.830658 -0.130000 -0.130000 -0.123167 -0.096227 -0.390000 -0.390000
1.320000 -0.476814 -0.380550 -7.490000 -7.490000 0.210079 0.218164 -1.090000 -1.090000 0.508246 0.512899 -0.590000 -0.590000 0.327045 0.290645 1.630000 1.630000 -0.005038 0.004294 1.300000 1.300000 -0.340889 -0.349345 -0.000000 -0.000000 -0.419870 -0.414932 -0.320000 -0.320000 -0.499154 -0.469972 -2.410000 -2.410000 -0.733006 -0.732960 -3.630000 -3.630000 0.470811 0.520325 -3.490000 -3.490000 -0.087091 -0.007617 -1.800000 -1.800000 0.170024 0.174318 0.200000 0.200000 -0.027715 -0.056407 9.800000 9.800000 -0.447742 -0.375956 -1.350000 -1.350000 -0.285467 -0.166860 -1.290000 -1.290000 0.993702 1.119152 -3.340000 -3.340000 -0.329679 -0.142290 0.800000 0.800000 -0.188603 -0.181617 1.180000 1.180000 -0.289556 -0.260781 -0.240000 -0.240000 0.874619 0.712235 5.020000 5.020000 -2.061268 -2.014894 -1.490000 -1.490000 -0.735311 -0.528477 0.860000 0.860000 0.837863 0.837796 -0.580000 -0.580000 -0.152993 -0.127803 -0.330000 -0.330000
1.340000 -0.486928 -0.376393 -8.770000 -8.770000 0.214715 0.216412 -0.080000 -0.080000 0.514377 0.511146 -0.310000 -0.310000 0.304094 0.299315 0.050000 0.050000 -0.021320 -0.000203 0.340000 0.340000 -0.338937 -0.347630 0.190000 0.190000 -0.430960 -0.407001 -2.620000 -2.620000 -0.485607 -0.468552 -1.930000 -1.930000 -0.737223 -0.739607 -1.980000 -1.980000 0.481342 0.504591 -2.690000 -2.690000 -0.101894 -0.018314 -0.920000 -0.920000 0.170456 0.171165 0.050000 0.050000 -0.043992 -0.064209 13.580000 13.580000 -0.514334 -0.405685 -8.099999 -8.099999 -0.405680 -0.250309 -4.860000 -4.860000 0.950802 1.044747 -2.440000 -2.440000 -0.442944 -0.242099 0.270000 0.270000 -0.158908 -0.171286 0.660000 0.660000 -0.306420 -0.289726 -0.000000 -0.000000 0.957088 0.786112 5.480000 5.480000 -2.115350 -2.035547 -2.650000 -2.650000 -0.829151 -0.644154 -2.670000 -2.670000 0.835955 0.838235 -0.620000 -0.620000 -0.166882 -0.148543 -0.080000 -0.080000
1.360000 -0.462420 -0.377099 -6.850000 -6.850000 0.219173 0.214562 0.290000 0.290000 0.512124 0.513427 0.830000 0.830000 0.323432 0.312278 0.460000 0.460000 -0.013312 -0.006072 -0.110000 -0.110000 -0.345816 -0.347492 -0.040000 -0.040000 -0.482491 -0.398856 -6.770000 -6.770000 -0.480557 -0.470334 -2.270000 -2.270000 -0.754603 -0.738941 0.310000 0.310000 0.473843 0.492251 -1.330000 -1.330000 -0.123349 -0.032513 -0.240000 -0.240000 0.170442 0.170749 0.030000 0.030000 -0.037017 -0.071521 15.429999 15.429999 -0.553602 -0.432125 -7.230000 -7.230000 -0.513183 -0.326885 -6.470000 -6.470000 0.933595 0.985197 -0.530000 -0.530000 -0.549404 -0.353713 1.470000 1.470000 -0.120499 -0.148231 0.230000 0.230000 -0.320776 -0.302979 -0.290000 -0.290000 1.060095 0.856675 6.640000 6.640000 -2.202812 -2.075631 -3.680000 -3.680000 -0.890553 -0.740889 -4.130000 -4.130000 0.866509 0.854860 -0.590000 -0.590000 -0.177044 -0.158693 -0.010000 -0.010000
1.380000 -0.351866 -0.376286 1.700000 1.700000 0.242617 0.215374 0.200000 0.200000 0.494148 0.516139 4.580000 4.580000 0.384210 0.326569 3.550000 3.550000 -0.025754 -0.014378 2.340000 2.340000 -0.345846 -0.347492 -0.120000 -0.120000 -0.481740 -0.400788 -6.490000 -6.490000 -0.455854 -0.471479 0.100000 0.100000 -0.751471 -0.742827 1.430000 1.430000 0.491005 0.485441 -0.650000 -0.650000 -0.149190 -0.049516 0.770000 0.770000 0.174639 0.170643 0.000000 0.000000 -0.021518 -0.071316 16.039999 16.039999 -0.590114 -0.467963 -6.560000 -6.560000 -0.595919 -0.392294 -7.830000 -7.830000 0.889350 0.939605 1.400000 1.400000 -0.620366 -0.467341 -0.590000 -0.590000 -0.092705 -0.119859 -0.660000 -0.660000 -0.326025 -0.321437 -0.960000 -0.960000 1.155413 0.929692 7.820000 7.820000 -2.259729 -2.134517 -2.600000 -2.600000 -0.944616 -0.820289 -3.260000 -3.260000 0.897563 0.879107 -0.790000 -0.790000 -0.188355 -0.176465 0.390000 0.390000
1.400000 -0.183651 -0.374199 15.559999 15.559999 0.295316 0.224263 0.580000 0.580000 0.454599 0.513339 11.300000 11.300000 0.442002 0.342647 5.980000 5.980000 -0.047648 -0.026850 5.410000 5.410000 -0.333756 -0.348418 0.290000 0.290000 -0.486319 -0.407200 -6.500000 -6.500000 -0.422801 -0.460780 2.110000 2.110000 -0.759974 -0.748378 3.910000 3.910000 0.512867 0.484737 0.100000 0.100000 -0.169660 -0.065822 2.190000 2.190000 0.190664 0.171197 0.390000 0.390000 -0.035907 -0.064904 11.880000 11.880000 -0.615848 -0.505367 -5.560000 -5.560000 -0.663186 -0.450954 -8.720000 -8.720000 0.834918 0.896203 -0.310000 -0.310000 -0.681413 -0.559641 -1.840000 -1.840000 -0.042510 -0.089655 0.210000 0.210000 -0.326142 -0.323741 -0.860000 -0.860000 1.244696 1.013877 9.179999 9.179999 -2.356034 -2.204196 -3.090000 -3.090000 -1.007771 -0.885824 -2.870000 -2.870000 0.954183 0.909986 -0.410000 -0.410000 -0.204572 -0.195294 -0.050000 -0.050000
1.420000 -0.067127 -0.374000 25.049999 25.049999 0.343608 0.248373 1.160000 1.160000 0.426306 0.500662 15.380000 15.380000 0.469847 0.361149 7.460000 7.460000 -0.032636 -0.045593 5.380000 5.380000 -0.310857 -0.347268 0.450000 0.450000 -0.491119 -0.408965 -6.300000 -6.300000 -0.429736 -0.446576 0.170000 0.170000 -0.771628 -0.753791 3.080000 3.080000 0.519329 0.493480 0.130000 0.130000 -0.176979 -0.083961 1.230000 1.230000 0.186496 0.171942 0.270000 0.270000 -0.023050 -0.051924 7.970000 7.970000 -0.621352 -0.549633 -5.240000 -5.240000 -0.703340 -0.519308 -4.860000 -4.860000 0.779338 0.850857 -0.230000 -0.230000 -0.729170 -0.630787 -1.220000 -1.220000 -0.011105 -0.046771 0.750000 0.750000 -0.335517 -0.326765 -0.030000 -0.030000 1.293927 1.096958 5.640000 5.640000 -2.432961 -2.297451 -1.500000 -1.500000 -1.066685 -0.954513 -1.610000 -1.610000 1.000501 0.957591 -0.630000 -0.630000 -0.223450 -0.210053 0.430000 0.430000
1.440000 0.007801 -0.374000 31.039999 31.039999 0.359948 0.277887 0.770000 0.770000 0.418275 0.487477 14.990000 14.990000 0.491104 0.372671 8.840000 8.840000 -0.022651 -0.057851 7.530000 7.530000 -0.301921 -0.342858 0.510000 0.510000 -0.514924 -0.417018 -8.360000 -8.360000 -0.444388 -0.436454 -2.980000 -2.980000 -0.782534 -0.762425 0.320000 0.320000 0.552294 0.509492 2.230000 2.230000 -0.164600 -0.100905 1.250000 1.250000 0.190969 0.172464 0.170000 0.170000 0.000697 -0.028763 7.720000 7.720000 -0.636457 -0.570229 -4.780000 -4.780000 -0.747169 -0.606070 -3.430000 -3.430000 0.750317 0.798723 0.370000 0.370000 -0.764707 -0.690511 -0.010000 -0.010000 0.031085 -0.017016 0.760000 0.760000 -0.351082 -0.338782 -0.010000 -0.010000 1.317230 1.176234 3.780000 3.780000 -2.523770 -2.374254 -2.800000 -2.800000 -1.100498 -1.020094 -4.130000 -4.130000 1.044253 1.001093 -1.890000 -1.890000 -0.249376 -0.230983 0.720000 0.720000
1.460000 0.039383 -0.374000 33.700001 33.700001 0.359996 0.298189 -1.420000 -1.420000 0.420187 0.483659 12.070000 12.070000 0.516285 0.377071 9.349999 9.349999 -0.002485 -0.061318 7.760000 7.760000 -0.288023 -0.338788 0.420000 0.420000 -0.540623 -0.423645 -9.240000 -9.240000 -0.480186 -0.431256 -5.260000 -5.260000 -0.793740 -0.774612 -2.720000 -2.720000 0.616994 0.537090 3.560000 3.560000 -0.173896 -0.119293 3.410000 3.410000 0.207786 0.174456 0.320000 0.320000 0.049444 -0.004995 10.139999 10.139999 -0.650409 -0.581741 -3.610000 -3.610000 -0.791603 -0.675406 -3.300000 -3.300000 0.710482 0.753737 1.900000 1.900000 -0.784706 -0.733099 0.460000 0.460000 0.050126 0.015088 0.300000 0.300000 -0.372976 -0.356430 -0.280000 -0.280000 1.302855 1.250847 -0.650000 -0.650000 -2.577505 -2.448066 -2.850000 -2.850000 -1.134788 -1.062704 -2.800000 -2.800000 1.068637 1.038571 -1.510000 -1.510000 -0.288302 -0.260637 0.960000 0.960000
1.480000 0.029887 -0.374000 32.950001 32.950001 0.345286 0.322075 -2.720000 -2.720000 0.427138 0.475808 6.790000 6.790000 0.515721 0.385782 9.510000 9.510000 0.023754 -0.056384 7.680000 7.680000 -0.282502 -0.326442 0.040000 0.040000 -0.558823 -0.441316 -9.190000 -9.190000 -0.489434 -0.441789 -5.050000 -5.050000 -0.812354 -0.793368 -2.950000 -2.950000 0.676051 0.593459 2.730000 2.730000 -0.177492 -0.140249 1.730000 1.730000 0.226208 0.182733 0.150000 0.150000 0.070562 0.019145 11.730000 11.730000 -0.668309 -0.593879 -1.680000 -1.680000 -0.842689 -0.740324 -1.960000 -1.960000 0.685887 0.711616 1.570000 1.570000 -0.808514 -0.767606 0.770000 0.770000 0.082129 0.043089 0.440000 0.440000 -0.383874 -0.378901 0.680000 0.680000 1.295588 1.321533 -3.880000 -3.880000 -2.589428 -2.514741 -0.380000 -0.380000 -1.151159 -1.102020 -0.790000 -0.790000 1.077719 1.063795 -1.040000 -1.040000 -0.310630 -0.291145 0.350000 0.350000
1.500000 0.003206 -0.374000 30.830000 30.830000 0.320721 0.330944 -3.730000 -3.730000 0.438412 0.466626 2.710000 2.710000 0.524869 0.392607 9.620000 9.620000 0.053363 -0.045794 7.780000 7.780000 -0.274126 -0.316610 0.390000 0.390000 -0.580936 -0.463758 -7.150000 -7.150000 -0.512170 -0.459419 -3.530000 -3.530000 -0.832434 -0.811977 -2.660000 -2.660000 0.758834 0.668544 4.350000 4.350000 -0.176351 -0.155548 2.020000 2.020000 0.236174 0.194654 0.060000 0.060000 0.115086 0.028209 14.429999 14.429999 -0.677097 -0.603316 -0.100000 -0.100000 -0.901124 -0.805610 -1.500000 -1.500000 0.643921 0.677061 0.790000 0.790000 -0.838456 -0.794034 1.020000 1.020000 0.118163 0.073103 0.630000 0.630000 -0.393236 -0.385106 -0.080000 -0.080000 1.276476 1.361048 -5.410000 -5.410000 -2.571022 -2.552299 1.160000 1.160000 -1.138025 -1.124536 0.330000 0.330000 1.077075 1.066662 -0.110000 -0.110000 -0.324048 -0.307343 -0.690000 -0.690000
1.520000 0.014837 -0.374000 31.699999 31.699999 0.323444 0.331267 -4.520000 -4.520000 0.436610 0.467889 1.770000 1.770000 0.521474 0.392509 10.460000 10.460000 0.066678 -0.039522 6.940000 6.940000 -0.270422 -0.309323 0.220000 0.220000 -0.609226 -0.493855 -8.970000 -8.970000 -0.531509 -0.496422 -1.630000 -1.630000 -0.848052 -0.835451 -1.490000 -1.490000 0.842625 0.751774 4.130000 4.130000 -0.163904 -0.173593 2.210000 2.210000 0.228505 0.207991 -0.140000 -0.140000 0.118562 0.046613 14.759999 14.759999 -0.682792 -0.607662 -0.500000 -0.500000 -0.932211 -0.867215 -1.180000 -1.180000 0.614926 0.641960 0.540000 0.540000 -0.859605 -0.819775 0.630000 0.630000 0.141463 0.100396 0.920000 0.920000 -0.398391 -0.383981 -0.330000 -0.330000 1.246158 1.380437 -7.710000 -7.710000 -2.567201 -2.563581 -0.310000 -0.310000 -1.142271 -1.126504 1.610000 1.610000 1.059395 1.056815 0.210000 0.210000 -0.340521 -0.322249 -1.010000 -1.010000
1.540000 0.005357 -0.374000 31.119999 31.119999 0.307862 0.335848 -5.090000 -5.090000 0.441860 0.463856 -0.440000 -0.440000 0.514545 0.392239 8.679999 8.679999 0.077948 -0.036742 5.750000 5.750000 -0.281636 -0.301515 0.050000 0.050000 -0.642061 -0.521789 -7.970000 -7.970000 -0.544974 -0.533277 -0.160000 -0.160000 -0.866677 -0.855137 -0.260000 -0.260000 0.930107 0.843034 2.370000 2.370000 -0.160097 -0.184917 0.930000 0.930000 0.228519 0.212966 0.080000 0.080000 0.120281 0.063724 12.500000 12.500000 -0.695754 -0.617060 -1.630000 -1.630000 -0.980641 -0.910657 -1.500000 -1.500000 0.590954 0.612133 2.340000 2.340000 -0.874284 -0.846087 0.480000 0.480000 0.177799 0.134231 0.330000 0.330000 -0.410664 -0.396661 -0.230000 -0.230000 1.222039 1.379947 -7.910000 -7.910000 -2.541296 -2.571718 3.190000 3.190000 -1.118478 -1.129333 2.150000 2.150000 1.042003 1.045529 0.430000 0.430000 -0.357066 -0.342392 -0.810000 -0.810000
1.560000 0.018066 -0.374000 31.929998 31.929998 0.310999 0.334556 -4.580000 -4.580000 0.438641 0.457669 -0.870000 -0.870000 0.504410 0.398245 9.240000 9.240000 0.068411 -0.027903 5.750000 5.750000 -0.288100 -0.297296 0.040000 0.040000 -0.661613 -0.558114 -6.320000 -6.320000 -0.566909 -0.576799 0.920000 0.920000 -0.871517 -0.865376 5.060000 5.060000 1.019189 0.952117 1.020000 1.020000 -0.154248 -0.191520 0.390000 0.390000 0.221836 0.216385 -0.140000 -0.140000 0.137660 0.080463 10.510000 10.510000 -0.690263 -0.631685 -1.600000 -1.600000 -1.020957 -0.950541 -1.490000 -1.490000 0.564102 0.584843 0.990000 0.990000 -0.875818 -0.862921 0.260000 0.260000 0.215760 0.169775 0.510000 0.510000 -0.423317 -0.415996 0.410000 0.410000 1.199123 1.359698 -7.280000 -7.280000 -2.571292 -2.576131 1.940000 1.940000 -1.090460 -1.121823 -0.100000 -0.100000 1.025028 1.031646 0.420000 0.420000 -0.366575 -0.354813 -0.530000 -0.530000
1.580000 0.026269 -0.374000 32.759998 32.759998 0.327101 0.340889 -3.690000 -3.690000 0.435385 0.451884 -1.080000 -1.080000 0.504932 0.398245 8.420000 8.420000 0.052230 -0.026436 5.720000 5.720000 -0.281590 -0.296923 0.250000 0.250000 -0.688074 -0.586017 -6.700000 -6.700000 -0.591884 -0.619441 3.370000 3.370000 -0.875203 -0.864985 6.950000 6.950000 1.097502 1.035855 4.010000 4.010000 -0.142995 -0.194419 1.550000 1.550000 0.226780 0.219538 -0.010000 -0.010000 0.148820 0.102596 10.120000 10.120000 -0.699489 -0.638351 -0.740000 -0.740000 -1.059917 -0.992020 -1.410000 -1.410000 0.532372 0.559614 0.430000 0.430000 -0.886663 -0.870920 0.650000 0.650000 0.286255 0.210085 1.520000 1.520000 -0.438525 -0.422920 0.730000 0.730000 1.180912 1.325214 -5.900000 -5.900000 -2.610272 -2.582627 -0.420000 -0.420000 -1.064385 -1.105059 -2.280000 -2.280000 0.998604 1.017977 -0.120000 -0.120000 -0.378108 -0.365942 -0.000000 -0.000000
1.600000 0.023603 -0.373969 32.369999 32.369999 0.319737 0.356033 -4.270000 -4.270000 0.438499 0.444493 -3.010000 -3.010000 0.496159 0.397909 8.450000 8.450000 0.051343 -0.026921 5.160000 5.160000 -0.286245 -0.295997 0.160000 0.160000 -0.711312 -0.617893 -6.080000 -6.080000 -0.594828 -0.646047 3.740000 3.740000 -0.879301 -0.859562 8.360000 8.360000 1.163149 1.122257 2.260000 2.260000 -0.117188 -0.193046 -0.330000 -0.330000 0.249676 0.223032 0.250000 0.250000 0.163078 0.123486 6.990000 6.990000 -0.700617 -0.649139 -2.590000 -2.590000 -1.092694 -1.029940 -1.850000 -1.850000 0.510548 0.526981 1.680000 1.680000 -0.896159 -0.881805 1.230000 1.230000 0.320499 0.262591 0.040000 0.040000 -0.446027 -0.436825 -0.770000 -0.770000 1.187569 1.293185 -4.490000 -4.490000 -2.678006 -2.596982 -5.050000 -5.050000 -1.058086 -1.083509 -4.400000 -4.400000 0.977031 1.002723 -0.280000 -0.280000 -0.381751 -0.380094 0.850000 0.850000
1.620000 0.030305 -0.373755 32.969997 32.969997 0.326782 0.361162 -4.880000 -4.880000 0.434923 0.442594 -3.950000 -3.950000 0.489303 0.395525 7.900000 7.900000 0.044705 -0.030364 4.530000 4.530000 -0.277427 -0.295752 0.310000 0.310000 -0.746100 -0.652361 -6.030000 -6.030000 -0.628231 -0.663844 2.300000 2.300000 -0.875564 -0.854080 8.020000 8.020000 1.218188 1.187492 1.170000 1.170000 -0.084225 -0.187284 -0.490000 -0.490000 0.249742 0.227730 0.040000 0.040000 0.198816 0.148634 8.720000 8.720000 -0.692536 -0.656647 1.780000 1.780000 -1.091650 -1.058901 -1.030000 -1.030000 0.500413 0.508680 1.360000 1.360000 -0.886126 -0.890025 -0.130000 -0.130000 0.325377 0.296696 -0.080000 -0.080000 -0.453063 -0.450157 -0.510000 -0.510000 1.173778 1.263241 -2.370000 -2.370000 -2.696823 -2.594863 -8.080000 -8.080000 -1.092202 -1.077734 -7.270000 -7.270000 0.939813 0.992854 -2.060000 -2.060000 -0.391335 -0.385737 1.860000 1.860000
1.640000 0.055112 -0.373018 35.070000 35.070000 0.327684 0.369679 -4.560000 -4.560000 0.436743 0.440969 -4.050000 -4.050000 0.479581 0.390665 7.990000 7.990000 0.032210 -0.037381 4.370000 4.370000 -0.274699 -0.294782 0.310000 0.310000 -0.759391 -0.682397 -5.120000 -5.120000 -0.625304 -0.679937 2.440000 2.440000 -0.870017 -0.843645 8.870000 8.870000 1.286908 1.242631 1.860000 1.860000 -0.067718 -0.175226 -0.090000 -0.090000 0.244246 0.232652 0.000000 0.000000 0.216856 0.173175 4.900000 4.900000 -0.694238 -0.662726 1.460000 1.460000 -1.090443 -1.071173 -1.130000 -1.130000 0.469708 0.497003 -0.270000 -0.270000 -0.874498 -0.888476 -1.180000 -1.180000 0.303917 0.301226 0.330000 0.330000 -0.459433 -0.448617 -0.330000 -0.330000 1.182656 1.229616 -0.890000 -0.890000 -2.758478 -2.607716 -15.910000 -15.910000 -1.155787 -1.087630 -6.920000 -6.920000 0.903250 0.963526 -1.000000 -1.000000 -0.403763 -0.395618 1.350000 1.350000
1.660000 0.062662 -0.360624 34.910000 34.910000 0.341787 0.372694 -4.670000 -4.670000 0.429120 0.439246 -3.060000 -3.060000 0.478233 0.385511 8.120000 8.120000 0.017728 -0.044824 4.830000 4.830000 -0.241131 -0.293344 0.770000 0.770000 -0.801747 -0.707876 -5.700000 -5.700000 -0.646541 -0.684714 1.630000 1.630000 -0.860286 -0.836244 8.059999 8.059999 1.347475 1.295280 3.200000 3.200000 -0.044039 -0.157087 0.430000 0.430000 0.237057 0.234100 0.030000 0.030000 0.261325 0.195475 6.320000 6.320000 -0.685896 -0.671105 4.030000 4.030000 -1.078083 -1.073259 -0.100000 -0.100000 0.459602 0.483463 -0.790000 -0.790000 -0.861632 -0.879430 -0.930000 -0.930000 0.284432 0.296673 -0.110000 -0.110000 -0.462617 -0.449662 -0.630000 -0.630000 1.198366 1.204582 0.530000 0.530000 -2.823949 -2.636939 -13.929999 -13.929999 -1.241593 -1.112731 -5.850000 -5.850000 0.871263 0.928039 -0.630000 -0.630000 -0.415527 -0.412198 0.730000 0.730000
1.680000 0.038100 -0.331877 29.250000 29.250000 0.342283 0.378900 -7.090000 -7.090000 0.413522 0.441399 -0.730000 -0.730000 0.476521 0.372015 10.170000 10.170000 0.005405 -0.055816 6.510000 6.510000 -0.211814 -0.284801 0.680000 0.680000 -0.836396 -0.733939 -8.360000 -8.360000 -0.641259 -0.689246 0.400000 0.400000 -0.850567 -0.823195 7.380000 7.380000 1.410674 1.348756 2.010000 2.010000 -0.022111 -0.133516 1.290000 1.290000 0.246677 0.233781 0.200000 0.200000 0.292100 0.217657 9.790000 9.790000 -0.689476 -0.673318 6.050000 6.050000 -1.085276 -1.075836 -0.540000 -0.540000 0.454236 0.473450 -0.820000 -0.820000 -0.858484 -0.868114 -0.200000 -0.200000 0.268268 0.281757 0.730000 0.730000 -0.477294 -0.461162 -0.140000 -0.140000 1.223626 1.193905 1.390000 1.390000 -2.827435 -2.688269 -7.260000 -7.260000 -1.326931 -1.181339 -4.860000 -4.860000 0.832115 0.896305 -1.470000 -1.470000 -0.436961 -0.424350 1.060000 1.060000
1.700000 0.034469 -0.328119 28.840000 28.840000 0.347564 0.380192 -7.110000 -7.110000 0.389973 0.440284 -0.190000 -0.190000 0.474115 0.357683 8.610000 8.610000 0.006856 -0.063093 5.410000 5.410000 -0.174040 -0.267479 0.700000 0.700000 -0.866252 -0.761351 -7.060000 -7.060000 -0.644209 -0.678547 1.840000 1.840000 -0.829241 -0.813749 5.830000 5.830000 1.451171 1.401962 1.450000 1.450000 0.001083 -0.109650 0.750000 0.750000 0.239783 0.234122 0.070000 0.070000 0.308363 0.232203 8.590000 8.590000 -0.681268 -0.664860 4.260000 4.260000 -1.090535 -1.075100 -0.900000 -0.900000 0.454187 0.463077 0.110000 0.110000 -0.864440 -0.863375 0.290000 0.290000 0.264285 0.271201 0.720000 0.720000 -0.489341 -0.473088 -0.150000 -0.150000 1.250484 1.197832 1.960000 1.960000 -2.842573 -2.740601 -3.330000 -3.330000 -1.390978 -1.256699 -1.620000 -1.620000 0.784338 0.852477 -1.520000 -1.520000 -0.459856 -0.444168 0.930000 0.930000
1.720000 0.035563 -0.317703 30.949999 30.949999 0.347100 0.383158 -8.010000 -8.010000 0.354582 0.413511 -0.190000 -0.190000 0.474332 0.360854 9.330000 9.330000 0.028779 -0.067696 5.190000 5.190000 -0.163481 -0.245130 0.350000 0.350000 -0.892425 -0.785097 -6.960000 -6.960000 -0.641487 -0.675679 1.070000 1.070000 -0.814736 -0.805438 5.170000 5.170000 1.486532 1.452841 -0.140000 -0.140000 0.005164 -0.084576 0.440000 0.440000 0.223264 0.233323 0.010000 0.010000 0.318244 0.257361 7.190000 7.190000 -0.673497 -0.660885 4.400000 4.400000 -1.092076 -1.074855 -0.890000 -0.890000 0.442627 0.446894 2.260000 2.260000 -0.868476 -0.867660 1.530000 1.530000 0.280081 0.269178 1.140000 1.140000 -0.497931 -0.479406 0.150000 0.150000 1.270646 1.213786 2.000000 2.000000 -2.880834 -2.797497 -0.630000 -0.630000 -1.425870 -1.327193 -1.540000 -1.540000 0.749601 0.803422 0.140000 0.140000 -0.476439 -0.468965 -0.100000 -0.100000
1.740000 0.042585 -0.324023 29.529999 29.529999 0.313413 0.381524 -7.980000 -7.980000 0.308430 0.361815 -2.900000 -2.900000 0.492040 0.366369 9.429999 9.429999 0.067096 -0.072157 5.630000 5.630000 -0.204338 -0.226701 -0.160000 -0.160000 -0.926488 -0.813844 -8.590000 -8.590000 -0.630666 -0.662826 1.110000 1.110000 -0.793323 -0.785322 4.620000 4.620000 1.533267 1.512848 -0.670000 -0.670000 0.000200 -0.054794 0.030000 0.030000 0.215025 0.230979 -0.120000 -0.120000 0.325591 0.274237 5.730000 5.730000 -0.663707 -0.663685 4.670000 4.670000 -1.085548 -1.078045 -0.330000 -0.330000 0.430892 0.425671 2.360000 2.360000 -0.870515 -0.870256 1.890000 1.890000 0.298809 0.275720 1.170000 1.170000 -0.513318 -0.495727 0.320000 0.320000 1.271733 1.227285 1.730000 1.730000 -2.960670 -2.853368 -0.860000 -0.860000 -1.426134 -1.379850 -2.750000 -2.750000 0.739005 0.769429 -0.170000 -0.170000 -0.502305 -0.485759 -0.050000 -0.050000
1.760000 0.100123 -0.322121 38.369999 38.369999 0.256295 0.361250 -9.809999 -9.809999 0.258754 0.304774 -9.160000 -9.160000 0.548392 0.378874 13.750000 13.750000 0.136735 -0.070500 6.940000 6.940000 -0.273399 -0.225252 -0.730000 -0.730000 -0.940611 -0.835964 -7.810000 -7.810000 -0.622765 -0.652312 3.390000 3.390000 -0.734744 -0.762963 1.690000 1.690000 1.583652 1.565538 -0.900000 -0.900000 -0.003566 -0.031128 0.230000 0.230000 0.203334 0.227506 -0.210000 -0.210000 0.357675 0.286151 5.060000 5.060000 -0.633561 -0.656529 8.320000 8.320000 -1.028693 -1.080500 2.310000 2.310000 0.447590 0.407776 5.850000 5.850000 -0.857253 -0.873481 3.460000 3.460000 0.324350 0.291042 0.950000 0.950000 -0.522943 -0.504484 0.190000 0.190000 1.262885 1.233789 1.020000 1.020000 -3.068783 -2.873555 -12.770000 -12.770000 -1.378918 -1.396499 -14.830000 -14.830000 0.748255 0.738910 2.030000 2.030000 -0.527593 -0.509466 -2.450000 -2.450000
1.780000 0.154181 -0.318531 39.930000 39.930000 0.176525 0.334164 -17.650000 -17.650000 0.223939 0.245090 -12.679999 -12.679999 0.617257 0.394820 16.690001 16.690001 0.219858 -0.065199 8.760000 8.760000 -0.348623 -0.234904 -1.180000 -1.180000 -0.963521 -0.861949 -6.800000 -6.800000 -0.626174 -0.641407 3.610000 3.610000 -0.688364 -0.723298 1.330000 1.330000 1.610123 1.612393 -1.070000 -1.070000 0.040621 -0.014610 -1.470000 -1.470000 0.220720 0.223405 0.240000 0.240000 0.419856 0.298221 7.880000 7.880000 -0.583638 -0.639389 16.910000 16.910000 -0.937973 -1.072278 6.530000 6.530000 0.464704 0.394458 6.700000 6.700000 -0.843000 -0.869266 5.380000 5.380000 0.360554 0.304666 1.380000 1.380000 -0.508314 -0.518648 2.130000 2.130000 1.241328 1.246429 -0.810000 -0.810000 -3.209367 -2.887212 -17.520000 -17.520000 -1.255212 -1.379885 -29.869999 -29.869999 0.804111 0.744025 2.670000 2.670000 -0.530905 -0.532701 -0.450000 -0.450000
1.800000 0.158341 -0.321783 41.509998 41.509998 0.103820 0.292013 -14.330000 -14.330000 0.210191 0.184692 -21.400000 -21.400000 0.678017 0.420403 22.980000 22.980000 0.277405 -0.052491 10.660000 10.660000 -0.411864 -0.262047 -1.080000 -1.080000 -0.974996 -0.900851 -3.440000 -3.440000 -0.627718 -0.630228 1.430000 1.430000 -0.637422 -0.670124 -0.740000 -0.740000 1.631396 1.653144 -0.410000 -0.410000 0.079705 0.002985 -1.640000 -1.640000 0.237316 0.223821 -0.030000 -0.030000 0.460137 0.311093 10.800000 10.800000 -0.528702 -0.614515 22.869999 22.869999 -0.835112 -1.044789 9.130000 9.130000 0.499246 0.401909 5.910000 5.910000 -0.822377 -0.856320 4.480000 4.480000 0.375127 0.325416 0.700000 0.700000 -0.497434 -0.513702 1.720000 1.720000 1.208181 1.260296 -2.870000 -2.870000 -3.242255 -2.894779 -19.670000 -19.670000 -1.133693 -1.334550 -30.420000 -30.420000 0.870536 0.812133 -0.530000 -0.530000 -0.528043 -0.529003 -0.460000 -0.460000
1.820000 0.057655 -0.325097 28.959999 28.959999 0.096779 0.254246 -7.710000 -7.710000 0.192993 0.147630 -21.449999 -21.449999 0.684366 0.452762 20.430000 20.430000 0.239268 -0.035133 10.480000 10.480000 -0.409581 -0.291554 -0.520000 -0.520000 -0.986844 -0.944968 -2.260000 -2.260000 -0.597123 -0.621369 2.020000 2.020000 -0.583022 -0.624204 -0.550000 -0.550000 1.648311 1.672146 -2.270000 -2.270000 0.109649 0.020320 -2.210000 -2.210000 0.249851 0.225941 0.210000 0.210000 0.452857 0.308186 8.920000 8.920000 -0.498972 -0.577346 20.639999 20.639999 -0.791439 -0.996806 8.120000 8.120000 0.527858 0.426567 4.330000 4.330000 -0.812673 -0.839183 4.420000 4.420000 0.349682 0.337231 -0.010000 -0.010000 -0.487357 -0.497031 0.390000 0.390000 1.171467 1.262260 -4.710000 -4.710000 -3.094211 -2.889529 -9.639999 -9.639999 -1.068418 -1.296539 -22.469999 -22.469999 0.855647 0.844305 -0.560000 -0.560000 -0.534303 -0.525293 -0.250000 -0.250000
1.840000 -0.116673 -0.330910 16.549999 16.549999 0.122094 0.220445 -3.460000 -3.460000 0.186543 0.126065 -16.279999 -16.279999 0.648770 0.484384 11.059999 11.059999 0.110338 -0.020567 7.570000 7.570000 -0.363398 -0.311251 -0.280000 -0.280000 -1.028706 -0.988319 -2.450000 -2.450000 -0.570335 -0.592775 0.190000 0.190000 -0.543570 -0.562151 1.210000 1.210000 1.639658 1.687060 -2.730000 -2.730000 0.119861 0.045452 -2.690000 -2.690000 0.253616 0.231597 0.020000 0.020000 0.421980 0.308616 2.240000 2.240000 -0.461488 -0.526639 14.750000 14.750000 -0.777930 -0.917284 2.550000 2.550000 0.533105 0.468712 0.710000 0.710000 -0.817230 -0.824211 1.850000 1.850000 0.307330 0.324686 -0.310000 -0.310000 -0.475398 -0.490557 0.820000 0.820000 1.137754 1.248761 -5.310000 -5.310000 -2.848645 -2.857268 -4.720000 -4.720000 -1.075033 -1.205252 -4.370000 -4.370000 0.793834 0.834064 -1.690000 -1.690000 -0.544998 -0.531959 1.330000 1.330000
1.860000 -0.264234 -0.336816 5.990000 5.990000 0.171193 0.201836 -0.770000 -0.770000 0.161277 0.129893 -7.010000 -7.010000 0.604267 0.508361 5.350000 5.350000 -0.076275 -0.019147 6.500000 6.500000 -0.311797 -0.312562 -0.220000 -0.220000 -1.111642 -1.028862 -5.820000 -5.820000 -0.555675 -0.558817 -3.560000 -3.560000 -0.527794 -0.516603 1.260000 1.260000 1.663108 1.685749 -0.760000 -0.760000 0.190362 0.066065 -1.990000 -1.990000 0.265684 0.236678 0.280000 0.280000 0.384772 0.312415 7.370000 7.370000 -0.402703 -0.467004 11.000000 11.000000 -0.835073 -0.833835 -3.450000 -3.450000 0.504766 0.493498 -1.460000 -1.460000 -0.835512 -0.821638 -0.170000 -0.170000 0.229925 0.292919 -0.650000 -0.650000 -0.465963 -0.485138 0.090000 0.090000 1.139662 1.230598 -4.060000 -4.060000 -2.818618 -2.831201 -3.820000 -3.820000 -1.182902 -1.151569 4.520000 4.520000 0.717524 0.786448 -0.050000 -0.050000 -0.573631 -0.552800 -0.170000 -0.170000
1.880000 -0.466154 -0.359642 -6.200000 -6.200000 0.244938 0.201092 3.110000 3.110000 0.134275 0.136902 2.990000 2.990000 0.606779 0.524602 3.610000 3.610000 -0.173372 -0.039049 5.790000 5.790000 -0.255843 -0.305946 0.320000 0.320000 -1.224348 -1.075464 -10.670000 -10.670000 -0.527178 -0.528451 -3.950000 -3.950000 -0.521672 -0.490877 2.020000 2.020000 1.728302 1.684634 3.710000 3.710000 0.288403 0.091505 0.710000 0.710000 0.268640 0.242303 0.150000 0.150000 0.308505 0.309850 6.250000 6.250000 -0.441355 -0.392548 -6.430000 -6.430000 -0.928782 -0.771126 -11.000000 -11.000000 0.528790 0.508645 0.030000 0.030000 -0.852950 -0.831499 -0.650000 -0.650000 0.171747 0.238771 -0.470000 -0.470000 -0.468242 -0.466647 -0.830000 -0.830000 1.146340 1.214890 -3.200000 -3.200000 -2.733956 -2.798463 -3.230000 -3.230000 -1.316689 -1.176041 5.350000 5.350000 0.631931 0.713798 0.300000 0.300000 -0.594680 -0.587298 0.490000 0.490000
1.900000 -0.631035 -0.416905 -11.710000 -11.710000 0.338076 0.220739 8.240000 8.240000 0.083334 0.125028 11.809999 11.809999 0.653084 0.558781 1.600000 1.600000 -0.199421 -0.073257 3.660000 3.660000 -0.195508 -0.287485 0.240000 0.240000 -1.332385 -1.121882 -16.000000 -16.000000 -0.533438 -0.520268 -1.490000 -1.490000 -0.530342 -0.492561 3.870000 3.870000 1.799083 1.694664 7.750000 7.750000 0.368037 0.127950 3.220000 3.220000 0.270036 0.253467 -0.560000 -0.560000 0.226579 0.294579 7.960000 7.960000 -0.510604 -0.365354 -20.869999 -20.869999 -1.067711 -0.750755 -16.440001 -16.440001 0.588916 0.528041 6.020000 6.020000 -0.828243 -0.854457 0.060000 0.060000 0.161270 0.195157 1.170000 1.170000 -0.465091 -0.467794 1.580000 1.580000 1.176431 1.201882 -0.570000 -0.570000 -2.611506 -2.723848 -1.660000 -1.660000 -1.431404 -1.254638 3.680000 3.680000 0.501368 0.615001 -0.160000 -0.160000 -0.614120 -0.602417 -0.720000 -0.720000
1.920000 -0.718516 -0.474476 -11.639999 -11.639999 0.339097 0.234071 7.650000 7.650000 0.051161 0.102415 17.940001 17.940001 0.708615 0.622590 3.130000 3.130000 -0.178250 -0.105525 3.280000 3.280000 -0.163809 -0.263133 0.270000 0.270000 -1.367185 -1.160830 -14.160000 -14.160000 -0.533199 -0.557770 0.040000 0.040000 -0.553372 -0.510367 7.900000 7.900000 1.826113 1.726098 5.650000 5.650000 0.415348 0.169104 3.110000 3.110000 0.271377 0.259006 0.140000 0.140000 0.175765 0.292993 1.770000 1.770000 -0.549570 -0.383738 -25.230000 -25.230000 -1.123738 -0.771617 -15.650000 -15.650000 0.600277 0.543537 4.300000 4.300000 -0.822505 -0.858590 0.350000 0.350000 0.191976 0.174867 2.230000 2.230000 -0.463509 -0.466771 2.590000 2.590000 1.201641 1.186419 1.160000 1.160000 -2.700675 -2.654926 -6.730000 -6.730000 -1.522746 -1.352922 -5.450000 -5.450000 0.444532 0.517025 2.400000 2.400000 -0.621207 -0.615052 -2.300000 -2.300000
1.940000 -0.718056 -0.563861 -15.250000 -15.250000 0.344769 0.232182 3.890000 3.890000 -0.003274 0.079009 16.059999 16.059999 0.768956 0.712965 1.510000 1.510000 -0.135539 -0.135047 -1.790000 -1.790000 -0.200034 -0.238941 -0.290000 -0.290000 -1.394323 -1.220379 -11.690000 -11.690000 -0.543616 -0.598521 0.720000 0.720000 -0.574554 -0.521928 14.230000 14.230000 1.820881 1.776624 2.020000 2.020000 0.419620 0.222705 1.280000 1.280000 0.264199 0.258591 0.250000 0.250000 0.137259 0.305885 -10.340000 -10.340000 -0.576008 -0.452115 -24.590000 -24.590000 -1.071862 -0.825613 -12.780000 -12.780000 0.581834 0.565168 0.900000 0.900000 -0.815825 -0.851628 -1.480000 -1.480000 0.210327 0.189604 0.290000 0.290000 -0.467892 -0.460217 0.320000 0.320000 1.171522 1.171571 0.910000 0.910000 -2.850404 -2.672773 -10.250000 -10.250000 -1.554147 -1.443277 -9.420000 -9.420000 0.478081 0.490722 0.260000 0.260000 -0.626127 -0.617503 -1.060000 -1.060000
1.960000 -0.744988 -0.642569 -5.490000 -5.490000 0.309398 0.241491 4.060000 4.060000 -0.003744 0.043681 11.020000 11.020000 0.804102 0.805463 -0.550000 -0.550000 -0.129221 -0.150027 -2.400000 -2.400000 -0.243128 -0.232187 -0.150000 -0.150000 -1.386754 -1.280051 -7.270000 -7.270000 -0.547499 -0.624100 1.420000 1.420000 -0.563418 -0.510132 14.090000 14.090000 1.809770 1.815572 -1.140000 -1.140000 0.375680 0.273550 -0.110000 -0.110000 0.258440 0.258271 0.080000 0.080000 0.146362 0.330035 -20.100000 -20.100000 -0.564664 -0.528929 -25.019999 -25.019999 -1.012243 -0.867583 -4.540000 -4.540000 0.595086 0.588615 -1.300000 -1.300000 -0.793210 -0.837308 -2.770000 -2.770000 0.244794 0.216683 -0.050000 -0.050000 -0.473444 -0.467872 -0.230000 -0.230000 1.166978 1.159299 0.500000 0.500000 -2.887820 -2.729937 -5.140000 -5.140000 -1.535302 -1.487821 -5.350000 -5.350000 0.491100 0.515721 -1.450000 -1.450000 -0.615514 -0.620403 1.480000 1.480000
1.980000 -0.807252 -0.707488 -6.110000 -6.110000 0.330513 0.242598 3.550000 3.550000 -0.034161 0.019551 11.389999 11.389999 0.851762 0.879360 -1.940000 -1.940000 -0.091195 -0.155399 -5.480000 -5.480000 -0.282084 -0.236960 -0.540000 -0.540000 -1.387208 -1.340183 -0.940000 -0.940000 -0.568157 -0.625461 0.090000 0.090000 -0.557085 -0.499120 11.490000 11.490000 1.802807 1.848472 -5.070000 -5.070000 0.361879 0.321011 -1.800000 -1.800000 0.243513 0.257611 -0.150000 -0.150000 0.107153 0.341116 -22.090000 -22.090000 -0.590608 -0.578638 -19.850000 -19.850000 -0.963013 -0.921702 -0.180000 -0.180000 0.635472 0.614577 -0.840000 -0.840000 -0.767761 -0.810974 -0.810000 -0.810000 0.252367 0.238423 -0.200000 -0.200000 -0.480068 -0.471672 -0.680000 -0.680000 1.138755 1.159421 -1.050000 -1.050000 -2.834634 -2.777973 0.000000 0.000000 -1.510608 -1.505843 -1.360000 -1.360000 0.464777 0.498084 -0.780000 -0.780000 -0.617883 -0.612590 0.540000 0.540000
2.000000 -0.866327 -0.742738 -8.950000 -8.950000 0.274789 0.254295 1.220000 1.220000 -0.022317 -0.001877 6.600000 6.600000 0.922576 0.935139 -1.550000 -1.550000 -0.091351 -0.150252 -2.430000 -2.430000 -0.303011 -0.244502 -0.440000 -0.440000 -1.388558 -1.383043 0.100000 0.100000 -0.599186 -0.617228 -3.200000 -3.200000 -0.541972 -0.498953 6.440000 6.440000 1.806640 1.862747 -4.230000 -4.230000 0.335959 0.349977 -2.040000 -2.040000 0.256440 0.255384 0.030000 0.030000 0.139168 0.319913 -19.500000 -19.500000 -0.600737 -0.613389 -13.920000 -13.920000 -0.981245 -0.965635 1.010000 1.010000 0.678011 0.632448 2.250000 2.250000 -0.759262 -0.791403 1.990000 1.990000 0.270526 0.255374 0.200000 0.200000 -0.483332 -0.474257 0.130000 0.130000 1.179465 1.167398 -0.860000 -0.860000 -2.827569 -2.806659 1.120000 1.120000 -1.496115 -1.504842 0.570000 0.570000 0.417071 0.462439 -0.200000 -0.200000 -0.632401 -0.625191 0.540000 0.540000
2.020000 -0.953924 -0.777591 -15.219999 -15.219999 0.258280 0.239984 0.820000 0.820000 -0.026348 -0.004736 3.940000 3.940000 0.953777 0.983944 -4.420000 -4.420000 -0.092946 -0.136503 -2.720000 -2.720000 -0.325948 -0.261344 -0.320000 -0.320000 -1.427478 -1.411023 -0.360000 -0.360000 -0.594904 -0.611051 -3.180000 -3.180000 -0.557883 -0.502389 6.430000 6.430000 1.815363 1.867835 -3.180000 -3.180000 0.394432 0.366081 -2.800000 -2.800000 0.268029 0.256556 0.080000 0.080000 0.127382 0.286865 -15.740000 -15.740000 -0.654499 -0.642991 -12.770000 -12.770000 -1.011174 -1.004782 1.630000 1.630000 0.749419 0.644533 6.690000 6.690000 -0.779068 -0.780483 6.520000 6.520000 0.287165 0.261456 0.990000 0.990000 -0.480203 -0.482407 0.970000 0.970000 1.235224 1.190469 0.480000 0.480000 -2.786364 -2.812387 0.550000 0.550000 -1.494588 -1.495132 2.060000 2.060000 0.352088 0.415441 -1.080000 -1.080000 -0.651781 -0.638107 0.290000 0.290000
2.040000 -1.013789 -0.800063 -17.059999 -17.059999 0.227843 0.227571 0.580000 0.580000 -0.019534 -0.015210 1.780000 1.780000 1.013428 1.027948 -3.720000 -3.720000 -0.097417 -0.118565 -1.950000 -1.950000 -0.314377 -0.277227 0.150000 0.150000 -1.438296 -1.424107 -0.890000 -0.890000 -0.580316 -0.611277 -0.100000 -0.100000 -0.557316 -0.518688 6.740000 6.740000 1.847114 1.862149 -0.890000 -0.890000 0.421952 0.376021 -1.060000 -1.060000 0.267426 0.257771 0.160000 0.160000 0.156935 0.238752 -9.530000 -9.530000 -0.679217 -0.690360 -4.480000 -4.480000 -1.061567 -1.036812 0.080000 0.080000 0.801879 0.669319 5.400000 5.400000 -0.800274 -0.785361 6.970000 6.970000 0.280210 0.259904 0.510000 0.510000 -0.471952 -0.479934 1.080000 1.080000 1.290442 1.226426 0.950000 0.950000 -2.721269 -2.794935 3.910000 3.910000 -1.501332 -1.495539 2.370000 2.370000 0.296206 0.359383 -0.340000 -0.340000 -0.661983 -0.660510 0.140000 0.140000
2.060000 -1.071993 -0.819054 -21.340000 -21.340000 0.217630 0.208698 1.900000 1.900000 -0.008174 -0.014760 1.630000 1.630000 1.025754 1.066248 -3.110000 -3.110000 -0.110263 -0.103774 -2.320000 -2.320000 -0.288222 -0.285376 0.350000 0.350000 -1.453161 -1.429277 -1.670000 -1.670000 -0.567415 -0.615124 1.310000 1.310000 -0.566674 -0.530856 7.110000 7.110000 1.859206 1.855101 0.720000 0.720000 0.430577 0.385653 -0.200000 -0.200000 0.241603 0.257057 -0.210000 -0.210000 0.185422 0.200937 -4.330000 -4.330000 -0.687833 -0.723144 2.140000 2.140000 -1.074535 -1.059760 0.410000 0.410000 0.838853 0.711476 6.130000 6.130000 -0.804369 -0.797899 5.240000 5.240000 0.260310 0.256521 0.480000 0.480000 -0.474897 -0.479923 0.920000 0.920000 1.340557 1.271954 1.020000 1.020000 -2.665958 -2.785750 9.040000 9.040000 -1.526334 -1.508334 8.470000 8.470000 0.262725 0.315060 -0.020000 -0.020000 -0.678411 -0.676933 0.300000 0.300000
2.080000 -1.125852 -0.847325 -18.730000 -18.730000 0.244304 0.198841 3.220000 3.220000 -0.014798 -0.009405 4.800000 4.800000 1.085968 1.089610 -1.790000 -1.790000 -0.094778 -0.095313 -0.750000 -0.750000 -0.245243 -0.283256 0.390000 0.390000 -1.458716 -1.437622 -0.880000 -0.880000 -0.544000 -0.610082 4.570000 4.570000 -0.563626 -0.544159 8.380000 8.380000 1.872728 1.847604 1.500000 1.500000 0.398642 0.394444 1.420000 1.420000 0.207332 0.252583 -0.380000 -0.380000 0.176238 0.175789 0.830000 0.830000 -0.723685 -0.728733 2.510000 2.510000 -1.100630 -1.082463 0.380000 0.380000 0.834628 0.738637 6.100000 6.100000 -0.800785 -0.805711 4.490000 4.490000 0.272526 0.256611 1.170000 1.170000 -0.478603 -0.481002 1.400000 1.400000 1.369888 1.313679 0.850000 0.850000 -2.629667 -2.782397 10.700000 10.700000 -1.558621 -1.526822 10.150000 10.150000 0.261552 0.290453 0.010000 0.010000 -0.684428 -0.683779 -0.080000 -0.080000
2.100000 -1.126442 -0.894802 -16.570000 -16.570000 0.264993 0.209677 4.570000 4.570000 -0.012954 -0.008906 5.300000 5.300000 1.155944 1.124903 -1.250000 -1.250000 -0.071952 -0.086758 -0.520000 -0.520000 -0.201570 -0.273424 0.540000 0.540000 -1.457520 -1.449756 -0.050000 -0.050000 -0.540873 -0.598237 5.380000 5.380000 -0.554200 -0.556767 4.390000 4.390000 1.888624 1.844613 1.790000 1.790000 0.343045 0.396633 3.150000 3.150000 0.191356 0.239959 -0.160000 -0.160000 0.206289 0.153323 4.960000 4.960000 -0.722988 -0.719483 3.900000 3.900000 -1.130321 -1.107743 0.100000 0.100000 0.842789 0.760781 4.090000 4.090000 -0.807358 -0.806340 3.330000 3.330000 0.323684 0.275181 0.860000 0.860000 -0.475496 -0.480125 0.620000 0.620000 1.377807 1.359084 -0.670000 -0.670000 -2.554215 -2.768740 12.650000 12.650000 -1.572571 -1.538849 14.309999 14.309999 0.255868 0.275289 -0.820000 -0.820000 -0.686000 -0.679541 -0.130000 -0.130000
2.120000 -1.192255 -0.942601 -16.289999 -16.289999 0.266811 0.226612 3.490000 3.490000 -0.007549 -0.007868 3.100000 3.100000 1.189781 1.174274 -0.180000 -0.180000 -0.038582 -0.078345 -0.460000 -0.460000 -0.169926 -0.255698 0.560000 0.560000 -1.462754 -1.458960 0.150000 0.150000 -0.541164 -0.579824 5.080000 5.080000 -0.544504 -0.563786 1.090000 1.090000 1.884580 1.849660 0.920000 0.920000 0.310087 0.390788 2.780000 2.780000 0.193965 0.227783 0.010000 0.010000 0.206683 0.152941 3.470000 3.470000 -0.694474 -0.709547 6.070000 6.070000 -1.146111 -1.140141 1.080000 1.080000 0.827087 0.777639 1.960000 1.960000 -0.807714 -0.806107 2.480000 2.480000 0.316151 0.295976 0.040000 0.040000 -0.471688 -0.474235 -0.250000 -0.250000 1.358963 1.376633 -0.320000 -0.320000 -2.568942 -2.752255 11.059999 11.059999 -1.573217 -1.546882 12.540000 12.540000 0.239691 0.268578 -1.680000 -1.680000 -0.677505 -0.670762 0.720000 0.720000
2.140000 -1.218606 -1.026709 -9.250000 -9.250000 0.235103 0.246024 -0.370000 -0.370000 -0.010408 -0.010678 -1.510000 -1.510000 1.232214 1.230012 -2.030000 -2.030000 -0.009770 -0.067057 -2.460000 -2.460000 -0.184961 -0.233764 -0.050000 -0.050000 -1.492936 -1.478242 -0.030000 -0.030000 -0.522417 -0.558474 5.230000 5.230000 -0.546554 -0.566341 0.710000 0.710000 1.881366 1.862943 -0.010000 -0.010000 0.284152 0.377169 1.070000 1.070000 0.210831 0.219996 0.060000 0.060000 0.219575 0.160949 2.480000 2.480000 -0.663558 -0.693551 7.310000 7.310000 -1.144549 -1.164685 1.450000 1.450000 0.813538 0.789095 0.940000 0.940000 -0.810776 -0.806899 0.950000 0.950000 0.267281 0.288186 0.150000 0.150000 -0.471009 -0.467524 -0.160000 -0.160000 1.347712 1.371356 -0.950000 -0.950000 -2.587733 -2.733033 8.530000 8.530000 -1.569913 -1.555206 9.639999 9.639999 0.250280 0.263273 -0.340000 -0.340000 -0.679370 -0.670155 -0.060000 -0.060000
2.160000 -1.260542 -1.102058 -4.920000 -4.920000 0.254780 0.254922 -0.620000 -0.620000 -0.034010 -0.021710 -0.200000 -0.200000 1.258384 1.292601 -2.460000 -2.460000 0.024067 -0.050799 -3.120000 -3.120000 -0.195079 -0.221460 -0.010000 -0.010000 -1.485580 -1.505117 1.400000 1.400000 -0.492916 -0.537614 3.110000 3.110000 -0.551555 -0.562533 2.960000 2.960000 1.892578 1.878816 0.310000 0.310000 0.301668 0.357846 0.380000 0.380000 0.198580 0.218068 -0.240000 -0.240000 0.182461 0.172157 1.570000 1.570000 -0.682764 -0.680131 1.370000 1.370000 -1.155116 -1.175361 1.840000 1.840000 0.824933 0.797372 1.500000 1.500000 -0.793983 -0.806748 1.090000 1.090000 0.222499 0.260995 -0.040000 -0.040000 -0.471363 -0.468974 -0.360000 -0.360000 1.324541 1.364607 -1.480000 -1.480000 -2.583555 -2.705430 6.020000 6.020000 -1.574966 -1.560736 5.970000 5.970000 0.217158 0.250368 -0.800000 -0.800000 -0.677718 -0.674696 0.540000 0.540000
2.180000 -1.319411 -1.183390 -9.309999 -9.309999 0.266609 0.263566 -1.000000 -1.000000 -0.060131 -0.039144 0.470000 0.470000 1.280334 1.333015 -5.040000 -5.040000 0.050441 -0.030660 -4.480000 -4.480000 -0.219792 -0.217050 -0.100000 -0.100000 -1.506728 -1.518754 1.910000 1.910000 -0.470288 -0.517566 1.580000 1.580000 -0.574949 -0.549885 6.820000 6.820000 1.909893 1.895336 0.690000 0.690000 0.333972 0.340144 -0.200000 -0.200000 0.186333 0.214659 -0.220000 -0.220000 0.148853 0.172549 -0.190000 -0.190000 -0.689660 -0.676568 -2.480000 -2.480000 -1.165616 -1.183215 0.890000 0.890000 0.851708 0.808782 1.840000 1.840000 -0.790017 -0.797131 2.140000 2.140000 0.181609 0.221708 0.240000 0.240000 -0.470721 -0.472492 0.530000 0.530000 1.298754 1.353071 -1.890000 -1.890000 -2.608779 -2.685033 4.590000 4.590000 -1.585220 -1.570446 4.630000 4.630000 0.195318 0.231169 -0.630000 -0.630000 -0.683567 -0.675776 0.400000 0.400000
2.200000 -1.364017 -1.249520 -8.099999 -8.099999 0.255178 0.264819 -0.180000 -0.180000 -0.059441 -0.059408 0.190000 0.190000 1.310699 1.364465 -5.070000 -5.070000 0.046075 -0.005504 -3.200000 -3.200000 -0.258504 -0.220981 -0.430000 -0.430000 -1.487555 -1.527360 2.510000 2.510000 -0.412867 -0.499094 3.130000 3.130000 -0.573725 -0.544139 10.900000 10.900000 1.923219 1.907988 1.390000 1.390000 0.327654 0.326986 0.470000 0.470000 0.166077 0.206851 -0.270000 -0.270000 0.107572 0.161663 -1.480000 -1.480000 -0.716391 -0.680973 -10.330000 -10.330000 -1.165096 -1.179779 0.350000 0.350000 0.830011 0.815395 0.660000 0.660000 -0.794283 -0.793406 1.040000 1.040000 0.148555 0.185197 0.380000 0.380000 -0.480121 -0.471728 0.490000 0.490000 1.261781 1.338836 -2.760000 -2.760000 -2.691434 -2.680073 0.120000 0.120000 -1.591170 -1.580970 -0.610000 -0.610000 0.192410 0.212351 0.340000 0.340000 -0.691307 -0.687331 -0.630000 -0.630000
2.220000 -1.397002 -1.299206 -8.820000 -8.820000 0.273777 0.251838 1.050000 1.050000 -0.073180 -0.063108 2.950000 2.950000 1.331677 1.380772 -4.250000 -4.250000 0.040821 0.016505 -3.450000 -3.450000 -0.285741 -0.229151 -0.420000 -0.420000 -1.481423 -1.524568 2.940000 2.940000 -0.373250 -0.475630 3.090000 3.090000 -0.581738 -0.536005 14.980000 14.980000 1.929764 1.915838 1.220000 1.220000 0.308004 0.317710 0.550000 0.550000 0.131514 0.195059 -0.320000 -0.320000 0.062381 0.166069 -3.340000 -3.340000 -0.764119 -0.684281 -19.180000 -19.180000 -1.155680 -1.169225 -0.000000 -0.000000 0.821155 0.819830 -0.490000 -0.490000 -0.800130 -0.793394 -0.050000 -0.050000 0.148136 0.163671 0.250000 0.250000 -0.486769 -0.485993 0.580000 0.580000 1.240538 1.316256 -3.150000 -3.150000 -2.710633 -2.693985 0.300000 0.300000 -1.585373 -1.587199 -0.910000 -0.910000 0.185317 0.202662 -0.630000 -0.630000 -0.700802 -0.692637 0.120000 0.120000
2.240000 -1.443992 -1.336987 -5.140000 -5.140000 0.261492 0.248853 1.140000 1.140000 -0.063414 -0.063196 2.580000 2.580000 1.328317 1.389958 -4.040000 -4.040000 0.038753 0.031899 -2.960000 -2.960000 -0.302421 -0.243213 -0.300000 -0.300000 -1.461959 -1.509627 2.890000 2.890000 -0.333698 -0.442034 2.010000 2.010000 -0.591877 -0.528428 15.349999 15.349999 1.921144 1.917329 0.450000 0.450000 0.283780 0.309876 0.560000 0.560000 0.118474 0.177194 -0.080000 -0.080000 0.042255 0.169504 -6.210000 -6.210000 -0.755443 -0.693689 -17.760000 -17.760000 -1.141605 -1.155481 -0.300000 -0.300000 0.791198 0.817292 -1.880000 -1.880000 -0.815190 -0.797119 -0.840000 -0.840000 0.148637 0.158005 0.140000 0.140000 -0.491314 -0.492085 0.030000 0.030000 1.242156 1.299075 -2.400000 -2.400000 -2.777083 -2.712043 -0.870000 -0.870000 -1.557039 -1.586116 -2.630000 -2.630000 0.191505 0.198210 -0.550000 -0.550000 -0.700471 -0.692884 -0.020000 -0.020000
2.260000 -1.436680 -1.371180 -5.420000 -5.420000 0.239422 0.240131 0.550000 0.550000 -0.044331 -0.050382 1.100000 1.100000 1.353081 1.384943 -2.630000 -2.630000 0.029126 0.039165 -1.870000 -1.870000 -0.314638 -0.258819 -0.200000 -0.200000 -1.449311 -1.479346 0.390000 0.390000 -0.316470 -0.393999 0.550000 0.550000 -0.581597 -0.526891 11.440000 11.440000 1.923494 1.914101 0.380000 0.380000 0.270862 0.304575 0.900000 0.900000 0.117297 0.159340 0.180000 0.180000 0.078077 0.164258 -5.050000 -5.050000 -0.740606 -0.699856 -13.719999 -13.719999 -1.133340 -1.136705 -0.640000 -0.640000 0.810901 0.810610 -0.300000 -0.300000 -0.835473 -0.807691 0.640000 0.640000 0.154106 0.162333 -0.580000 -0.580000 -0.497842 -0.492344 -0.730000 -0.730000 1.235707 1.289626 -2.940000 -2.940000 -2.771511 -2.751859 1.840000 1.840000 -1.520115 -1.567419 0.340000 0.340000 0.184510 0.197738 -0.920000 -0.920000 -0.704663 -0.693289 0.290000 0.290000
2.280000 -1.473374 -1.388253 -6.590000 -6.590000 0.226913 0.227522 0.380000 0.380000 -0.024437 -0.031959 0.510000 0.510000 1.358923 1.381526 -1.080000 -1.080000 0.038534 0.041235 -1.070000 -1.070000 -0.314278 -0.272284 -0.140000 -0.140000 -1.445685 -1.445123 -0.850000 -0.850000 -0.302716 -0.352728 -1.150000 -1.150000 -0.574396 -0.526108 8.630000 8.630000 1.899464 1.908102 -0.090000 -0.090000 0.256350 0.297783 0.300000 0.300000 0.122435 0.147324 0.080000 0.080000 0.100410 0.160753 -6.170000 -6.170000 -0.696683 -0.703145 -5.660000 -5.660000 -1.152374 -1.122101 -1.900000 -1.900000 0.815915 0.811064 -0.240000 -0.240000 -0.861050 -0.822907 0.810000 0.810000 0.135909 0.158376 -0.870000 -0.870000 -0.500517 -0.494390 -1.190000 -1.190000 1.248616 1.282876 -1.320000 -1.320000 -2.759641 -2.762104 1.970000 1.970000 -1.481084 -1.545531 -0.500000 -0.500000 0.177672 0.194973 -0.780000 -0.780000 -0.706394 -0.694435 0.260000 0.260000
2.300000 -1.487027 -1.406063 -6.210000 -6.210000 0.199122 0.216823 -0.520000 -0.520000 -0.011703 -0.018480 -0.170000 -0.170000 1.372628 1.375519 -0.820000 -0.820000 0.027159 0.041176 -0.340000 -0.340000 -0.315208 -0.281275 -0.020000 -0.020000 -1.431624 -1.408829 -2.790000 -2.790000 -0.274123 -0.318633 -1.170000 -1.170000 -0.568246 -0.529759 6.330000 6.330000 1.913229 1.903333 -0.290000 -0.290000 0.242343 0.289477 0.730000 0.730000 0.141648 0.141316 0.060000 0.060000 0.126844 0.155115 -6.420000 -6.420000 -0.669186 -0.701578 -0.720000 -0.720000 -1.159756 -1.117438 -2.360000 -2.360000 0.809195 0.803275 1.710000 1.710000 -0.887985 -0.843688 1.920000 1.920000 0.104198 0.143010 -0.780000 -0.780000 -0.500522 -0.499122 -0.970000 -0.970000 1.267474 1.273059 -0.050000 -0.050000 -2.737162 -2.765539 3.230000 3.230000 -1.450698 -1.518626 0.470000 0.470000 0.171062 0.184732 -0.270000 -0.270000 -0.706679 -0.704384 0.150000 0.150000
2.320000 -1.507844 -1.428950 -5.260000 -5.260000 0.179193 0.192487 -1.000000 -1.000000 -0.016073 -0.007144 0.350000 0.350000 1.373422 1.374683 -0.620000 -0.620000 0.026361 0.040892 0.170000 0.170000 -0.301661 -0.287602 -0.080000 -0.080000 -1.423457 -1.370694 -5.830000 -5.830000 -0.260571 -0.275199 -3.960000 -3.960000 -0.567423 -0.533254 3.990000 3.990000 1.923896 1.904513 0.620000 0.620000 0.255279 0.283608 1.440000 1.440000 0.172448 0.143404 0.260000 0.260000 0.132429 0.155438 -8.270000 -8.270000 -0.623966 -0.689959 0.750000 0.750000 -1.168889 -1.117193 -2.560000 -2.560000 0.808047 0.789526 3.410000 3.410000 -0.916098 -0.873923 2.180000 2.180000 0.063190 0.106230 0.020000 0.020000 -0.500864 -0.501146 0.120000 0.120000 1.285070 1.263610 1.320000 1.320000 -2.676323 -2.755224 6.740000 6.740000 -1.419574 -1.489474 3.290000 3.290000 0.155417 0.172907 -0.010000 -0.010000 -0.707033 -0.704609 -0.030000 -0.030000
2.340000 -1.492497 -1.452067 -2.600000 -2.600000 0.100284 0.165548 -3.760000 -3.760000 -0.004297 -0.004070 -2.970000 -2.970000 1.389870 1.375855 -0.110000 -0.110000 -0.016131 0.040407 1.040000 1.040000 -0.255261 -0.286164 0.190000 0.190000 -1.444749 -1.350170 -8.570000 -8.570000 -0.300698 -0.255210 -4.940000 -4.940000 -0.529085 -0.531805 -3.360000 -3.360000 1.912126 1.909135 -0.780000 -0.780000 0.230099 0.280366 0.510000 0.510000 0.226791 0.151244 0.720000 0.720000 0.234975 0.166225 -7.440000 -7.440000 -0.500663 -0.655932 14.340000 14.340000 -1.172595 -1.124678 -1.270000 -1.270000 0.762723 0.763354 4.200000 4.200000 -0.939706 -0.901795 3.170000 3.170000 0.009515 0.065234 -0.130000 -0.130000 -0.494362 -0.504911 0.230000 0.230000 1.258582 1.261891 -0.150000 -0.150000 -2.615487 -2.764037 13.820000 13.820000 -1.402780 -1.475142 8.429999 8.429999 0.187936 0.174728 0.980000 0.980000 -0.695187 -0.708565 -0.130000 -0.130000
2.360000 -1.593870 -1.485324 -5.910000 -5.910000 0.128993 0.122094 -0.700000 -0.700000 -0.045478 -0.006332 2.230000 2.230000 1.379998 1.381968 -0.500000 -0.500000 -0.025144 0.034278 0.700000 0.700000 -0.263897 -0.279602 -0.080000 -0.080000 -1.378880 -1.332682 -3.920000 -3.920000 -0.229708 -0.249395 -3.110000 -3.110000 -0.550475 -0.518296 1.220000 1.220000 1.926433 1.921066 -0.310000 -0.310000 0.280493 0.277195 -0.090000 -0.090000 0.243302 0.171037 0.200000 0.200000 0.149752 0.186870 -4.990000 -4.990000 -0.552998 -0.596092 3.040000 3.040000 -1.189693 -1.147995 0.590000 0.590000 0.702382 0.723386 3.820000 3.820000 -0.962941 -0.925440 3.240000 3.240000 -0.019461 0.022631 -0.230000 -0.230000 -0.486867 -0.495784 0.200000 0.200000 1.250855 1.259069 0.470000 0.470000 -2.526569 -2.764409 25.059999 25.059999 -1.377052 -1.473117 11.320000 11.320000 0.162813 0.171479 0.760000 0.760000 -0.669170 -0.695515 0.160000 0.160000
2.380000 -1.696718 -1.529318 -10.260000 -10.260000 0.212965 0.113539 4.890000 4.890000 -0.104335 -0.043471 13.330000 13.330000 1.411656 1.384664 0.430000 0.430000 0.040969 0.027213 0.150000 0.150000 -0.358109 -0.281946 -0.770000 -0.770000 -1.356785 -1.326592 -3.660000 -3.660000 -0.062923 -0.208771 5.030000 5.030000 -0.602677 -0.534292 15.230000 15.230000 1.954369 1.939773 2.100000 2.100000 0.385964 0.278437 -1.070000 -1.070000 0.208665 0.188997 -0.420000 -0.420000 0.002895 0.153539 5.340000 5.340000 -0.778053 -0.584041 -23.879999 -23.879999 -1.271031 -1.177816 -2.790000 -2.790000 0.674880 0.673266 3.560000 3.560000 -1.003966 -0.950343 4.780000 4.780000 -0.018845 -0.001616 0.270000 0.270000 -0.472579 -0.487499 0.410000 0.410000 1.245899 1.246674 1.100000 1.100000 -2.517681 -2.716979 15.009999 15.009999 -1.361710 -1.448318 9.220000 9.220000 0.106825 0.153033 -0.220000 -0.220000 -0.637503 -0.665827 0.880000 0.880000
2.400000 -1.683539 -1.562237 -9.320000 -9.320000 0.184164 0.111424 5.760000 5.760000 -0.076680 -0.069040 12.490000 12.490000 1.461121 1.406150 1.820000 1.820000 0.049865 0.029533 1.390000 1.390000 -0.347175 -0.301035 0.150000 0.150000 -1.381876 -1.318431 -6.760000 -6.760000 -0.026840 -0.148030 8.349999 8.349999 -0.550997 -0.562748 13.870000 13.870000 1.947019 1.953245 1.180000 1.180000 0.398540 0.288306 -1.130000 -1.130000 0.187420 0.193045 -0.110000 -0.110000 0.071866 0.129164 10.190000 10.190000 -0.752035 -0.602876 -32.099998 -32.099998 -1.335904 -1.218681 -4.680000 -4.680000 0.744322 0.648422 4.390000 4.390000 -1.071456 -0.984688 5.780000 5.780000 -0.010658 -0.019849 1.400000 1.400000 -0.461626 -0.469536 1.600000 1.600000 1.233924 1.238084 -0.680000 -0.680000 -2.645443 -2.710459 10.490000 10.490000 -1.321159 -1.435372 -0.130000 -0.130000 0.066362 0.115927 -0.440000 -0.440000 -0.625312 -0.636230 0.270000 0.270000
2.420000 -1.801132 -1.604115 -10.130000 -10.130000 0.171995 0.102467 5.580000 5.580000 -0.058728 -0.047436 7.310000 7.310000 1.408335 1.434928 -0.910000 -0.910000 0.017365 0.032278 -0.400000 -0.400000 -0.340686 -0.313115 -0.090000 -0.090000 -1.465482 -1.319873 -10.010000 -10.010000 -0.002212 -0.101777 1.000000 1.000000 -0.555226 -0.523876 8.210000 8.210000 1.939452 1.956588 0.040000 0.040000 0.444922 0.304445 -3.220000 -3.220000 0.221264 0.192321 0.400000 0.400000 0.063237 0.146442 8.260000 8.260000 -0.764705 -0.596816 -21.389999 -21.389999 -1.373456 -1.245556 -6.280000 -6.280000 0.782171 0.695980 1.150000 1.150000 -1.114410 -1.032409 0.930000 0.930000 -0.000780 -0.019567 -0.020000 -0.020000 -0.447354 -0.457924 0.630000 0.630000 1.231780 1.248515 -1.080000 -1.080000 -2.643765 -2.716804 7.630000 7.630000 -1.290855 -1.396150 4.320000 4.320000 0.040347 0.077944 1.510000 1.510000 -0.600249 -0.615108 -0.790000 -0.790000
2.440000 -1.825201 -1.679725 -7.960000 -7.960000 0.141624 0.114175 3.280000 3.280000 -0.026053 -0.043638 2.270000 2.270000 1.452174 1.447334 -1.990000 -1.990000 -0.002994 0.031899 -0.380000 -0.380000 -0.333530 -0.317174 -0.000000 -0.000000 -1.498034 -1.350139 -12.270000 -12.270000 0.015271 -0.012931 -2.080000 -2.080000 -0.544737 -0.511092 3.170000 3.170000 1.954551 1.965701 -0.510000 -0.510000 0.419782 0.330382 -1.430000 -1.430000 0.225887 0.199011 0.160000 0.160000 0.097813 0.132952 6.840000 6.840000 -0.772917 -0.637030 -18.529999 -18.529999 -1.436250 -1.271327 -6.930000 -6.930000 0.868143 0.759489 3.020000 3.020000 -1.079523 -1.074915 -0.440000 -0.440000 -0.013797 -0.013273 0.300000 0.300000 -0.444618 -0.446279 0.070000 0.070000 1.308287 1.256369 2.010000 2.010000 -2.666301 -2.731299 9.059999 9.059999 -1.272651 -1.358254 5.340000 5.340000 -0.013910 0.036892 0.470000 0.470000 -0.592069 -0.605059 0.550000 0.550000
2.460000 -1.841163 -1.735102 -5.130000 -5.130000 0.169248 0.118365 6.290000 6.290000 0.008931 -0.024431 3.020000 3.020000 1.452398 1.469590 -1.200000 -1.200000 -0.035831 0.031379 0.570000 0.570000 -0.339320 -0.321137 -0.190000 -0.190000 -1.437399 -1.383656 -2.660000 -2.660000 0.020650 0.035387 -4.800000 -4.800000 -0.504865 -0.509760 -1.290000 -1.290000 1.996177 1.973690 1.200000 1.200000 0.416062 0.353278 0.550000 0.550000 0.211974 0.203698 -0.020000 -0.020000 0.123173 0.145423 4.290000 4.290000 -0.745879 -0.674287 -9.139999 -9.139999 -1.511256 -1.317469 -6.910000 -6.910000 0.975281 0.837200 3.920000 3.920000 -1.062426 -1.085055 1.080000 1.080000 -0.054827 -0.028482 -0.270000 -0.270000 -0.450104 -0.442738 -0.500000 -0.500000 1.352522 1.270850 4.810000 4.810000 -2.637709 -2.740624 10.370000 10.370000 -1.265701 -1.338707 4.980000 4.980000 -0.088112 -0.000428 -0.530000 -0.530000 -0.588736 -0.609173 1.540000 1.540000
2.480000 -1.859439 -1.806018 -5.000000 -5.000000 0.169706 0.123416 4.920000 4.920000 0.026152 0.003076 3.720000 3.720000 1.472051 1.470647 -1.780000 -1.780000 -0.053665 0.024717 0.320000 0.320000 -0.342053 -0.323076 -0.230000 -0.230000 -1.471576 -1.424199 -1.590000 -1.590000 0.017723 0.063002 -6.830000 -6.830000 -0.498935 -0.485004 -2.360000 -2.360000 2.037058 1.986949 2.680000 2.680000 0.454163 0.370838 1.330000 1.330000 0.217485 0.204795 0.040000 0.040000 0.192547 0.154194 -1.290000 -1.290000 -0.657244 -0.702949 6.570000 6.570000 -1.556456 -1.381037 -6.160000 -6.160000 0.996034 0.907135 2.240000 2.240000 -1.079328 -1.083903 0.910000 0.910000 -0.090473 -0.054718 -0.270000 -0.270000 -0.441565 -0.449685 0.310000 0.310000 1.431843 1.278458 6.890000 6.890000 -2.591652 -2.727829 11.880000 11.880000 -1.250260 -1.322024 5.820000 5.820000 -0.087144 -0.051541 0.720000 0.720000 -0.571671 -0.594728 -0.120000 -0.120000
2.500000 -1.934601 -1.874571 -2.100000 -2.100000 0.206999 0.140126 3.050000 3.050000 0.027525 0.036251 7.340000 7.340000 1.444509 1.475031 -3.310000 -3.310000 -0.121938 0.014529 0.370000 0.370000 -0.349595 -0.324940 -0.220000 -0.220000 -1.456952 -1.460079 1.040000 1.040000 0.022787 0.063071 -6.500000 -6.500000 -0.505652 -0.479395 -2.760000 -2.760000 2.065920 2.012244 3.540000 3.540000 0.526768 0.390658 1.790000 1.790000 0.231521 0.208662 0.140000 0.140000 0.192264 0.175241 -4.090000 -4.090000 -0.624895 -0.696057 9.580000 9.580000 -1.559165 -1.453196 -1.300000 -1.300000 1.002507 0.946684 1.250000 1.250000 -1.116831 -1.090923 2.510000 2.510000 -0.071231 -0.068038 0.430000 0.430000 -0.442653 -0.449359 0.730000 0.730000 1.569976 1.307297 12.020000 12.020000 -2.691584 -2.725350 6.290000 6.290000 -1.197241 -1.303710 0.310000 0.310000 -0.133295 -0.089434 0.260000 0.260000 -0.561333 -0.573674 0.510000 0.510000
2.520000 -1.973374 -1.935854 -0.170000 -0.170000 0.304263 0.175954 2.410000 2.410000 -0.019717 0.055966 16.150000 16.150000 1.472820 1.469525 -2.490000 -2.490000 -0.151915 -0.001800 1.180000 1.180000 -0.379880 -0.328892 -0.460000 -0.460000 -1.413631 -1.477567 5.130000 5.130000 0.030331 0.065352 -4.260000 -4.260000 -0.501791 -0.491778 -1.940000 -1.940000 2.106100 2.034279 4.650000 4.650000 0.619303 0.413980 1.230000 1.230000 0.235285 0.212454 0.280000 0.280000 0.171598 0.167508 1.360000 1.360000 -0.703748 -0.683899 0.410000 0.410000 -1.612848 -1.527563 -0.180000 -0.180000 1.020867 0.956708 3.240000 3.240000 -1.118214 -1.100458 3.400000 3.400000 -0.093887 -0.076300 -0.170000 -0.170000 -0.443006 -0.441906 -0.330000 -0.330000 1.736353 1.335032 18.930000 18.930000 -2.700803 -2.726677 4.820000 4.820000 -1.110060 -1.262078 -2.890000 -2.890000 -0.171643 -0.116255 -0.790000 -0.790000 -0.543042 -0.565131 1.250000 1.250000
2.540000 -2.007104 -1.978560 -1.610000 -1.610000 0.383342 0.235001 6.160000 6.160000 -0.013318 0.056788 26.039999 26.039999 1.494610 1.472786 -0.850000 -0.850000 -0.172864 -0.023123 2.750000 2.750000 -0.383866 -0.342250 0.140000 0.140000 -1.322645 -1.479929 12.700000 12.700000 0.004184 0.053106 -3.580000 -3.580000 -0.451679 -0.492649 -5.830000 -5.830000 2.101845 2.068318 2.980000 2.980000 0.687326 0.450117 -0.300000 -0.300000 0.219030 0.215458 -0.040000 -0.040000 0.158423 0.161742 2.060000 2.060000 -0.733935 -0.690644 -4.330000 -4.330000 -1.626429 -1.599599 0.830000 0.830000 1.046735 0.979084 1.810000 1.810000 -1.144255 -1.109329 2.720000 2.720000 -0.066231 -0.079066 0.910000 0.910000 -0.432979 -0.437162 0.960000 0.960000 1.738687 1.365466 19.449999 19.449999 -2.700184 -2.727282 6.200000 6.200000 -1.010494 -1.191013 -0.040000 -0.040000 -0.174099 -0.143311 0.380000 0.380000 -0.525059 -0.541604 -0.270000 -0.270000
2.560000 -2.049820 -2.016541 -1.340000 -1.340000 0.365045 0.259738 4.700000 4.700000 0.060705 0.092450 15.880000 15.880000 1.473529 1.481505 -0.330000 -0.330000 -0.142080 -0.049107 0.350000 0.350000 -0.401153 -0.356152 0.270000 0.270000 -1.362838 -1.474499 7.900000 7.900000 -0.083643 0.051990 -3.080000 -3.080000 -0.270622 -0.424928 -21.449999 -21.449999 2.153527 2.095515 4.240000 4.240000 0.786287 0.498145 0.520000 0.520000 0.175258 0.212934 -0.510000 -0.510000 0.277956 0.182759 12.730000 12.730000 -0.758772 -0.697056 1.040000 1.040000 -1.637012 -1.632365 0.740000 0.740000 1.102338 1.011427 1.600000 1.600000 -1.220172 -1.134896 3.660000 3.660000 -0.061191 -0.070815 -0.290000 -0.290000 -0.432098 -0.434172 0.120000 0.120000 1.559710 1.385224 7.260000 7.260000 -2.433916 -2.709458 18.559999 18.559999 -0.901932 -1.089411 13.660000 13.660000 -0.162605 -0.148954 -0.150000 -0.150000 -0.520020 -0.524810 0.470000 0.470000
2.580000 -2.052518 -2.049338 -0.840000 -0.840000 0.280025 0.265935 0.370000 0.370000 0.127183 0.132281 5.940000 5.940000 1.461236 1.480726 -1.290000 -1.290000 -0.139899 -0.068879 -0.550000 -0.550000 -0.394122 -0.367060 -0.010000 -0.010000 -1.428144 -1.463531 3.560000 3.560000 -0.080254 0.027840 10.530000 10.530000 -0.126098 -0.337796 -24.330000 -24.330000 2.169612 2.121377 4.830000 4.830000 0.811821 0.539749 0.170000 0.170000 0.150440 0.215054 -1.200000 -1.200000 0.340531 0.214054 18.639999 18.639999 -0.728020 -0.691878 8.160000 8.160000 -1.601295 -1.641937 1.590000 1.590000 1.018572 1.031789 -1.270000 -1.270000 -1.256603 -1.177681 1.190000 1.190000 -0.089878 -0.074266 0.200000 0.200000 -0.424339 -0.433959 0.130000 0.130000 1.358877 1.405840 -0.980000 -0.980000 -2.279458 -2.658989 25.840000 25.840000 -0.803484 -1.007671 17.359999 17.359999 -0.216066 -0.176180 -0.120000 -0.120000 -0.533708 -0.521055 -0.080000 -0.080000
2.600000 -2.035356 -2.059017 2.060000 2.060000 0.232793 0.251065 -2.380000 -2.380000 0.188336 0.181843 1.580000 1.580000 1.421716 1.481669 -2.850000 -2.850000 -0.128485 -0.082877 -2.240000 -2.240000 -0.381763 -0.373633 0.010000 0.010000 -1.447219 -1.463669 1.860000 1.860000 -0.072138 -0.016592 25.230000 25.230000 0.028451 -0.288371 -35.209999 -35.209999 2.203181 2.137765 6.810000 6.810000 0.809840 0.578797 1.440000 1.440000 0.148292 0.218622 -1.550000 -1.550000 0.377154 0.206253 25.939999 25.939999 -0.744833 -0.674659 11.559999 11.559999 -1.519212 -1.639728 6.050000 6.050000 0.871612 0.995197 -3.440000 -3.440000 -1.250195 -1.202677 -1.340000 -1.340000 -0.151435 -0.093263 -1.170000 -1.170000 -0.409449 -0.415861 -1.490000 -1.490000 1.199348 1.373197 -5.490000 -5.490000 -2.078512 -2.582674 35.189999 35.189999 -0.698207 -0.937108 24.180000 24.180000 -0.280175 -0.215568 -0.500000 -0.500000 -0.528681 -0.528407 0.240000 0.240000
2.620000 -2.047906 -2.064033 1.810000 1.810000 0.237035 0.206133 2.160000 2.160000 0.209445 0.226873 10.599999 10.599999 1.398991 1.459306 -3.750000 -3.750000 -0.159682 -0.093373 -2.330000 -2.330000 -0.359739 -0.373644 0.130000 0.130000 -1.462616 -1.471906 0.530000 0.530000 -0.115675 -0.051167 31.189999 31.189999 0.109991 -0.229304 -37.169998 -37.169998 2.202739 2.147041 3.890000 3.890000 0.813947 0.614626 0.910000 0.910000 0.129146 0.217908 -1.630000 -1.630000 0.352825 0.195152 25.519999 25.519999 -0.716022 -0.673543 11.330000 11.330000 -1.474846 -1.615675 4.060000 4.060000 0.798497 0.904271 0.750000 0.750000 -1.220828 -1.218231 -1.120000 -1.120000 -0.171105 -0.131437 -0.460000 -0.460000 -0.400565 -0.396346 -0.570000 -0.570000 1.155672 1.320919 -6.920000 -6.920000 -1.917268 -2.471921 32.649998 32.649998 -0.644648 -0.855950 29.330000 29.330000 -0.249670 -0.241703 1.760000 1.760000 -0.522026 -0.531993 -0.380000 -0.380000
2.640000 -1.995942 -2.067270 4.890000 4.890000 0.231697 0.162592 4.550000 4.550000 0.250264 0.264933 15.110000 15.110000 1.403677 1.432822 -1.080000 -1.080000 -0.135257 -0.104661 -0.980000 -0.980000 -0.319675 -0.371417 0.580000 0.580000 -1.477920 -1.475588 1.760000 1.760000 -0.134152 -0.110283 36.619999 36.619999 0.230875 -0.168074 -34.279999 -34.279999 2.192790 2.159521 2.330000 2.330000 0.819394 0.647698 0.360000 0.360000 0.086119 0.214627 -2.270000 -2.270000 0.385338 0.178833 26.469999 26.469999 -0.672611 -0.648512 18.049999 18.049999 -1.364552 -1.563152 8.380000 8.380000 0.677626 0.822624 0.670000 0.670000 -1.211373 -1.220385 -2.490000 -2.490000 -0.221764 -0.161574 -2.330000 -2.330000 -0.386984 -0.398156 -0.000000 -0.000000 1.060277 1.266187 -7.300000 -7.300000 -1.643815 -2.345801 13.889999 13.889999 -0.552083 -0.755396 43.059998 43.059998 -0.271904 -0.248853 0.010000 0.010000 -0.510961 -0.529565 -0.160000 -0.160000
2.660000 -1.990938 -2.063236 5.820000 5.820000 0.244617 0.134487 5.210000 5.210000 0.268044 0.311323 16.119999 16.119999 1.379981 1.405822 -1.410000 -1.410000 -0.176207 -0.115701 -0.070000 -0.070000 -0.319658 -0.360296 0.210000 0.210000 -1.490697 -1.492891 -0.170000 -0.170000 -0.138222 -0.152523 41.029999 41.029999 0.321528 -0.086952 -37.590000 -37.590000 2.190908 2.169871 3.630000 3.630000 0.834316 0.676156 0.470000 0.470000 0.077838 0.213498 -2.410000 -2.410000 0.383675 0.166793 35.040001 35.040001 -0.653429 -0.611392 18.719999 18.719999 -1.304808 -1.487557 7.610000 7.610000 0.614742 0.708076 2.030000 2.030000 -1.155839 -1.203003 0.820000 0.820000 -0.250315 -0.211045 1.570000 1.570000 -0.388945 -0.385375 0.910000 0.910000 1.013885 1.149849 -0.740000 -0.740000 -1.477808 -2.178129 32.329998 32.329998 -0.522608 -0.618460 35.399998 35.399998 -0.211753 -0.271784 4.020000 4.020000 -0.511586 -0.514502 -4.690000 -4.690000
2.680000 -2.047361 -2.059784 0.950000 0.950000 0.243254 0.136543 5.630000 5.630000 0.317668 0.344155 15.559999 15.559999 1.382518 1.379846 -0.610000 -0.610000 -0.266392 -0.128835 1.870000 1.870000 -0.338945 -0.353095 0.020000 0.020000 -1.525169 -1.511391 1.180000 1.180000 -0.139360 -0.181499 37.149998 37.149998 0.395208 -0.000613 -31.990000 -31.990000 2.163166 2.176861 1.050000 1.050000 0.859211 0.703146 -1.280000 -1.280000 0.092336 0.214095 -2.180000 -2.180000 0.385406 0.148899 35.989998 35.989998 -0.598077 -0.562271 17.600000 17.600000 -1.334792 -1.409999 0.540000 0.540000 0.627736 0.630248 7.420000 7.420000 -1.080985 -1.170183 2.260000 2.260000 -0.228093 -0.228491 0.430000 0.430000 -0.390146 -0.385780 0.850000 0.850000 0.978142 1.020995 5.840000 5.840000 -1.362129 -2.059902 23.070000 23.070000 -0.540553 -0.527569 39.829998 39.829998 0.002383 -0.280855 9.719999 9.719999 -0.492256 -0.477576 -12.480000 -12.480000
2.700000 -2.063512 -2.055995 -0.590000 -0.590000 0.235495 0.153850 5.150000 5.150000 0.374589 0.380140 9.270000 9.270000 1.425199 1.369095 1.390000 1.390000 -0.334732 -0.152003 4.890000 4.890000 -0.329557 -0.351923 0.270000 0.270000 -1.545215 -1.535873 1.700000 1.700000 -0.157878 -0.185473 43.910000 43.910000 0.482423 0.099588 -30.349998 -30.349998 2.114162 2.177705 -3.180000 -3.180000 0.812160 0.737875 -3.470000 -3.470000 0.124863 0.215022 -1.780000 -1.780000 0.338731 0.142203 22.139999 22.139999 -0.505495 -0.507433 18.469999 18.469999 -1.364193 -1.322991 -8.150000 -8.150000 0.654464 0.587044 9.290000 9.290000 -1.049911 -1.131683 5.510000 5.510000 -0.200140 -0.222365 0.990000 0.990000 -0.377268 -0.387680 -0.040000 -0.040000 0.913928 0.924293 0.480000 0.480000 -1.274936 -1.990759 34.840000 34.840000 -0.590601 -0.486180 35.059998 35.059998 0.124805 -0.289286 21.459999 21.459999 -0.459651 -0.492369 -17.160000 -17.160000
2.720000 -2.112652 -2.055780 -4.620000 -4.620000 0.266685 0.190432 6.140000 6.140000 0.452478 0.405268 1.960000 1.960000 1.463418 1.373085 2.750000 2.750000 -0.412450 -0.182615 7.080000 7.080000 -0.328548 -0.348408 0.090000 0.090000 -1.620950 -1.563270 -2.020000 -2.020000 -0.209694 -0.180608 37.040001 37.040001 0.584560 0.198075 -30.779999 -30.779999 2.126200 2.172395 -3.900000 -3.900000 0.709006 0.769657 -1.160000 -1.160000 0.137612 0.215373 -1.300000 -1.300000 0.306885 0.129438 19.090000 19.090000 -0.448572 -0.474169 22.369999 22.369999 -1.412571 -1.268627 -8.480000 -8.480000 0.723291 0.609408 7.290000 7.290000 -1.044993 -1.111693 2.130000 2.130000 -0.203260 -0.214969 0.000000 0.000000 -0.366844 -0.385387 0.570000 0.570000 0.818378 0.882814 -0.680000 -0.680000 -1.175719 -1.982912 29.080000 29.080000 -0.683595 -0.509884 32.239998 32.239998 0.238778 -0.281372 27.559999 27.559999 -0.413364 -0.488097 -23.879999 -23.879999
2.740000 -2.102039 -2.055780 -4.060000 -4.060000 0.309503 0.247326 6.280000 6.280000 0.515729 0.450396 0.960000 0.960000 1.497493 1.397472 3.190000 3.190000 -0.455561 -0.225993 6.270000 6.270000 -0.326936 -0.345382 0.080000 0.080000 -1.644184 -1.612112 -1.760000 -1.760000 -0.283414 -0.201390 15.750000 15.750000 0.615491 0.329317 -28.629999 -28.629999 2.118377 2.176279 -6.270000 -6.270000 0.678462 0.792636 -1.690000 -1.690000 0.142777 0.215373 -1.320000 -1.320000 0.231692 0.093708 17.779999 17.779999 -0.383891 -0.436638 22.799999 22.799999 -1.454771 -1.258196 -10.469999 -10.469999 0.728692 0.632355 7.530000 7.530000 -1.057788 -1.104020 2.570000 2.570000 -0.163271 -0.202041 1.730000 1.730000 -0.370097 -0.366434 1.270000 1.270000 0.784286 0.843053 1.370000 1.370000 -1.293896 -1.959116 30.709999 30.709999 -0.778887 -0.512376 37.250000 37.250000 0.341062 -0.292175 30.869999 30.869999 -0.386042 -0.533949 -27.699999 -27.699999
2.760000 -2.114466 -2.055765 -4.850000 -4.850000 0.365540 0.293432 5.250000 5.250000 0.561553 0.515845 4.760000 4.760000 1.490137 1.437329 1.320000 1.320000 -0.474560 -0.273962 3.610000 3.610000 -0.342581 -0.341334 -0.270000 -0.270000 -1.697235 -1.657334 -1.200000 -1.200000 -0.315002 -0.230287 7.260000 7.260000 0.645956 0.453383 -22.730000 -22.730000 2.116860 2.175992 -5.230000 -5.230000 0.717375 0.797831 -2.220000 -2.220000 0.148787 0.214425 -1.140000 -1.140000 0.148099 0.042120 12.849999 12.849999 -0.398154 -0.398774 12.330000 12.330000 -1.498741 -1.281390 -8.090000 -8.090000 0.710935 0.650273 3.840000 3.840000 -1.134419 -1.105918 4.370000 4.370000 -0.073428 -0.150659 1.930000 1.930000 -0.377001 -0.371909 -0.360000 -0.360000 0.800264 0.776785 4.170000 4.170000 -1.456500 -1.930557 16.289999 16.289999 -0.831476 -0.518325 3.460000 3.460000 0.482923 -0.318063 34.779999 34.779999 -0.349140 -0.446798 -5.430000 -5.430000
2.780000 -2.089854 -2.055765 -2.510000 -2.510000 0.396110 0.335623 0.960000 0.960000 0.571794 0.581471 7.630000 7.630000 1.535122 1.487733 1.320000 1.320000 -0.477998 -0.324145 0.840000 0.840000 -0.357276 -0.342165 -0.130000 -0.130000 -1.723356 -1.698215 -0.800000 -0.800000 -0.330299 -0.263433 2.380000 2.380000 0.702948 0.574493 -10.010000 -10.010000 2.131147 2.169084 -2.180000 -2.180000 0.738992 0.796328 -1.280000 -1.280000 0.176696 0.212678 -0.760000 -0.760000 0.090061 0.009982 10.440000 10.440000 -0.404692 -0.381399 7.200000 7.200000 -1.516041 -1.340908 -6.340000 -6.340000 0.688514 0.664045 0.080000 0.080000 -1.153405 -1.122648 -0.660000 -0.660000 0.001648 -0.075300 -3.260000 -3.260000 -0.371687 -0.388725 -0.750000 -0.750000 0.888733 0.725489 9.660000 9.660000 -1.561291 -1.914910 11.259999 11.259999 -0.837449 -0.529501 29.609999 29.609999 0.558719 -0.281631 26.389999 26.389999 -0.309121 -0.447191 -33.730000 -33.730000
2.800000 -2.080380 -2.056701 -1.500000 -1.500000 0.410500 0.370902 0.460000 0.460000 0.625959 0.628693 5.920000 5.920000 1.580919 1.545732 0.860000 0.860000 -0.473624 -0.372706 1.120000 1.120000 -0.361429 -0.344626 -0.160000 -0.160000 -1.754064 -1.726532 -0.700000 -0.700000 -0.371096 -0.299290 -0.480000 -0.480000 0.788368 0.690268 -10.349999 -10.349999 2.148759 2.154875 -0.770000 -0.770000 0.733546 0.791997 0.460000 0.460000 0.172951 0.212476 -0.590000 -0.590000 0.070391 -0.008284 8.700000 8.700000 -0.377393 -0.378384 7.450000 7.450000 -1.527682 -1.403127 -4.000000 -4.000000 0.697187 0.682463 -0.280000 -0.280000 -1.194040 -1.151940 -1.100000 -1.100000 0.041223 0.002813 -2.870000 -2.870000 -0.348774 -0.353283 -4.000000 -4.000000 0.926310 0.720089 10.840000 10.840000 -1.634560 -1.919334 11.330000 11.330000 -0.822284 -0.582078 41.439999 41.439999 0.616242 -0.292894 -6.740000 -6.740000 -0.247590 -0.387592 -8.830000 -8.830000
2.820000 -2.078732 -2.067592 -0.420000 -0.420000 0.460535 0.392634 3.810000 3.810000 0.681945 0.670042 5.420000 5.420000 1.615232 1.600315 1.210000 1.210000 -0.424096 -0.411907 -1.120000 -1.120000 -0.354392 -0.346171 -0.140000 -0.140000 -1.795263 -1.750447 -2.690000 -2.690000 -0.392021 -0.330077 1.050000 1.050000 0.885026 0.782843 -9.580000 -9.580000 2.125182 2.142281 -1.270000 -1.270000 0.736895 0.784744 -0.200000 -0.200000 0.167192 0.210111 -0.520000 -0.520000 0.078035 -0.010839 10.570000 10.570000 -0.382099 -0.376298 8.260000 8.260000 -1.524766 -1.456141 -0.680000 -0.680000 0.672585 0.697505 -2.560000 -2.560000 -1.184845 -1.167238 -2.670000 -2.670000 0.042478 0.035715 -3.240000 -3.240000 -0.315220 -0.335533 -2.640000 -2.640000 0.929861 0.729539 10.889999 10.889999 -1.678515 -1.925143 10.880000 10.880000 -0.825741 -0.613710 42.469997 42.469997 0.704159 -0.223695 31.609999 31.609999 -0.175882 -0.414750 -29.869999 -29.869999
2.840000 -2.061180 -2.080877 1.990000 1.990000 0.510767 0.423137 6.640000 6.640000 0.708876 0.699155 7.450000 7.450000 1.652047 1.644097 0.510000 0.510000 -0.389641 -0.434496 -2.260000 -2.260000 -0.343713 -0.346171 -0.000000 -0.000000 -1.810394 -1.767704 -2.610000 -2.610000 -0.464498 -0.358935 -2.760000 -2.760000 0.955698 0.863720 -15.690000 -15.690000 2.114995 2.129883 -0.570000 -0.570000 0.712975 0.775479 0.000000 0.000000 0.143281 0.202196 -0.480000 -0.480000 0.045792 -0.010408 6.390000 6.390000 -0.365634 -0.373949 6.620000 6.620000 -1.528164 -1.510137 1.030000 1.030000 0.706582 0.699729 -0.290000 -0.290000 -1.183503 -1.174025 0.020000 0.020000 0.064546 0.051857 -3.280000 -3.280000 -0.268913 -0.315389 -0.320000 -0.320000 0.890495 0.735797 8.320000 8.320000 -1.702733 -1.939137 12.780000 12.780000 -0.829228 -0.653107 47.529999 47.529999 0.740698 -0.177349 27.049999 27.049999 -0.120290 -0.417684 -29.109999 -29.109999
2.860000 -2.097115 -2.084159 -1.090000 -1.090000 0.556241 0.459513 11.050000 11.050000 0.758922 0.723921 7.420000 7.420000 1.703823 1.693157 0.120000 0.120000 -0.350814 -0.440187 -2.190000 -2.190000 -0.357226 -0.346192 -0.200000 -0.200000 -1.828543 -1.783780 -3.180000 -3.180000 -0.523261 -0.404904 -7.040000 -7.040000 1.030872 0.947651 -12.490000 -12.490000 2.119060 2.114600 1.210000 1.210000 0.734779 0.762096 0.360000 0.360000 0.109394 0.185972 -0.450000 -0.450000 -0.014211 -0.017290 2.960000 2.960000 -0.396745 -0.371453 0.080000 0.080000 -1.584578 -1.554561 0.340000 0.340000 0.696146 0.701662 0.500000 0.500000 -1.158025 -1.172093 -0.040000 -0.040000 0.067619 0.062300 -1.640000 -1.640000 -0.217926 -0.255307 0.220000 0.220000 0.817900 0.737024 4.540000 4.540000 -1.828878 -1.961723 8.870000 8.870000 -0.869881 -0.698488 21.549999 21.549999 0.841986 -0.127563 23.109999 23.109999 -0.037408 -0.422596 -25.699999 -25.699999
2.880000 -2.077746 -2.080600 -0.170000 -0.170000 0.553774 0.490074 8.889999 8.889999 0.821649 0.761707 2.460000 2.460000 1.728141 1.733260 -0.380000 -0.380000 -0.323926 -0.428520 -2.150000 -2.150000 -0.358471 -0.346405 -0.250000 -0.250000 -1.860468 -1.800562 -3.260000 -3.260000 -0.500700 -0.432920 -3.170000 -3.170000 1.121878 1.032111 -9.800000 -9.800000 2.115871 2.100555 1.460000 1.460000 0.703493 0.747660 1.270000 1.270000 0.124778 0.166914 0.230000 0.230000 -0.024683 -0.028968 3.670000 3.670000 -0.427882 -0.387458 -1.500000 -1.500000 -1.590729 -1.591500 1.370000 1.370000 0.671224 0.693256 0.300000 0.300000 -1.130226 -1.160241 -0.810000 -0.810000 0.099955 0.074710 -0.430000 -0.430000 -0.165351 -0.207780 1.120000 1.120000 0.742315 0.744878 0.160000 0.160000 -1.863197 -1.956706 8.559999 8.559999 -0.904615 -0.789286 4.160000 4.160000 0.891448 -0.055329 -1.370000 -1.370000 0.048018 -0.423226 -23.019999 -23.019999
2.900000 -2.068723 -2.072163 0.030000 0.030000 0.581258 0.521556 7.260000 7.260000 0.878533 0.818953 1.360000 1.360000 1.731572 1.768299 -3.610000 -3.610000 -0.351793 -0.404145 -2.750000 -2.750000 -0.342705 -0.346405 0.020000 0.020000 -1.870886 -1.828802 -1.890000 -1.890000 -0.543820 -0.460300 -3.660000 -3.660000 1.201875 1.138782 -8.540000 -8.540000 2.076983 2.086920 0.470000 0.470000 0.663684 0.728775 0.260000 0.260000 0.123356 0.154046 0.060000 0.060000 -0.065407 -0.044239 -1.180000 -1.180000 -0.401421 -0.408250 -1.110000 -1.110000 -1.594662 -1.621934 2.250000 2.250000 0.646799 0.664558 0.110000 0.110000 -1.123157 -1.139133 1.920000 1.920000 0.154876 0.112075 -0.960000 -0.960000 -0.114049 -0.148405 0.120000 0.120000 0.722044 0.755555 -2.740000 -2.740000 -1.916614 -1.981015 10.790000 10.790000 -0.883116 -0.858464 4.250000 4.250000 0.822674 0.019974 29.840000 29.840000 0.124421 -0.443111 -22.189999 -22.189999
2.920000 -2.097141 -2.056931 -3.100000 -3.100000 0.610550 0.552763 6.010000 6.010000 0.931318 0.876943 1.910000 1.910000 1.723672 1.787990 -5.600000 -5.600000 -0.402621 -0.381557 -2.630000 -2.630000 -0.333462 -0.345691 0.210000 0.210000 -1.903157 -1.859896 -2.580000 -2.580000 -0.581209 -0.510068 -5.260000 -5.260000 1.290697 1.228783 -6.880000 -6.880000 2.065457 2.069711 0.420000 0.420000 0.675204 0.708021 -0.190000 -0.190000 0.134466 0.147004 0.070000 0.070000 -0.064175 -0.060753 -0.180000 -0.180000 -0.420362 -0.410452 -0.600000 -0.600000 -1.608640 -1.638623 2.050000 2.050000 0.594412 0.634625 -0.810000 -0.810000 -1.131063 -1.128504 1.620000 1.620000 0.166713 0.148687 -0.560000 -0.560000 -0.062142 -0.099946 -0.590000 -0.590000 0.682344 0.764881 -3.970000 -3.970000 -1.929831 -2.017117 11.360000 11.360000 -0.869128 -0.882692 5.310000 5.310000 0.796001 0.057069 31.480000 31.480000 0.182263 -0.422945 -15.520000 -15.520000
2.940000 -2.056654 -2.049507 -0.980000 -0.980000 0.619710 0.574505 7.630000 7.630000 0.972612 0.931830 1.680000 1.680000 1.755608 1.804313 -6.360000 -6.360000 -0.407612 -0.357678 -2.520000 -2.520000 -0.306928 -0.347492 0.720000 0.720000 -1.922782 -1.897740 -0.320000 -0.320000 -0.599982 -0.544574 -6.620000 -6.620000 1.347638 1.325175 -1.310000 -1.310000 2.033386 2.049938 0.180000 0.180000 0.654804 0.688414 -0.530000 -0.530000 0.151151 0.144821 0.030000 0.030000 -0.073048 -0.067527 -2.170000 -2.170000 -0.397186 -0.418421 1.350000 1.350000 -1.620013 -1.650527 2.010000 2.010000 0.582245 0.599524 1.030000 1.030000 -1.122525 -1.124488 1.830000 1.830000 0.169519 0.163356 -0.620000 -0.620000 -0.022990 -0.039661 -0.320000 -0.320000 0.675380 0.750401 -2.990000 -2.990000 -1.927778 -2.023637 11.559999 11.559999 -0.831501 -0.890585 3.440000 3.440000 0.774658 0.125987 30.549999 30.549999 0.221497 -0.447124 -7.360000 -7.360000
2.960000 -2.092845 -2.042374 -3.420000 -3.420000 0.598218 0.580124 6.480000 6.480000 1.044508 0.967208 -4.100000 -4.100000 1.793384 1.835386 -4.700000 -4.700000 -0.337632 -0.334960 -4.130000 -4.130000 -0.283519 -0.346927 1.260000 1.260000 -1.973040 -1.943130 -0.870000 -0.870000 -0.635927 -0.579452 -8.550000 -8.550000 1.391492 1.410976 -0.020000 -0.020000 2.041665 2.026085 1.730000 1.730000 0.656163 0.671482 0.930000 0.930000 0.166598 0.146813 0.240000 0.240000 -0.061861 -0.070905 -4.450000 -4.450000 -0.338098 -0.408524 5.790000 5.790000 -1.689002 -1.656786 -0.710000 -0.710000 0.598517 0.567101 4.090000 4.090000 -1.150701 -1.124150 5.180000 5.180000 0.162635 0.162648 -0.250000 -0.250000 0.010460 -0.016291 1.140000 1.140000 0.699967 0.721071 -0.130000 -0.130000 -1.937728 -2.029726 14.190000 14.190000 -0.784575 -0.892064 1.760000 1.760000 0.856079 0.192073 26.809999 26.809999 0.250114 -0.376812 -8.780000 -8.780000
2.980000 -2.089927 -2.045579 -4.040000 -4.040000 0.565699 0.583305 7.660000 7.660000 1.125366 1.007960 -11.710000 -11.710000 1.811265 1.874088 -4.580000 -4.580000 -0.289464 -0.333670 -8.710000 -8.710000 -0.223382 -0.347683 2.120000 2.120000 -1.966882 -1.982569 1.980000 1.980000 -0.549763 -0.602995 -4.080000 -4.080000 1.385573 1.454352 10.660000 10.660000 2.048219 2.006295 3.420000 3.420000 0.646473 0.659069 2.620000 2.620000 0.256095 0.152363 1.070000 1.070000 -0.067451 -0.066519 -7.830000 -7.830000 -0.326622 -0.389866 6.730000 6.730000 -1.710214 -1.669426 -1.670000 -1.670000 0.565924 0.546354 4.110000 4.110000 -1.169954 -1.140333 3.830000 3.830000 0.164693 0.159714 0.430000 0.430000 0.053882 0.016319 1.250000 1.250000 0.723531 0.700086 2.370000 2.370000 -2.074938 -2.060450 5.920000 5.920000 -0.788837 -0.877336 -0.970000 -0.970000 0.829795 0.231450 23.600000 23.600000 0.302568 -0.395820 -5.640000 -5.640000
3.000000 -2.115978 -2.045687 -6.060000 -6.060000 0.584241 0.597675 6.480000 6.480000 1.168024 1.048956 -15.570000 -15.570000 1.803415 1.915912 -5.050000 -5.050000 -0.302126 -0.358187 -12.849999 -12.849999 -0.213225 -0.338820 1.580000 1.580000 -1.979809 -2.005931 2.670000 2.670000 -0.541464 -0.588908 -0.330000 -0.330000 1.428425 1.468477 9.540000 9.540000 2.049597 1.994233 3.160000 3.160000 0.662816 0.648491 2.210000 2.210000 0.279007 0.178792 0.150000 0.150000 -0.061926 -0.058541 -11.770000 -11.770000 -0.269751 -0.380302 9.179999 9.179999 -1.758438 -1.680225 -3.000000 -3.000000 0.577999 0.532744 3.220000 3.220000 -1.216226 -1.161463 4.420000 4.420000 0.188047 0.169134 -0.350000 -0.350000 0.087112 0.066161 0.230000 0.230000 0.767654 0.684992 4.440000 4.440000 -2.096870 -2.104620 9.750000 9.750000 -0.715331 -0.858034 -1.230000 -1.230000 0.886371 0.297423 17.090000 17.090000 0.326264 -0.315122 -7.350000 -7.350000
3.020000 -2.142696 -2.044276 -8.080000 -8.080000 0.584917 0.636626 6.770000 6.770000 1.209981 1.070835 -20.650000 -20.650000 1.828239 1.943404 -4.910000 -4.910000 -0.261161 -0.396063 -11.200000 -11.200000 -0.189107 -0.327592 1.390000 1.390000 -1.988546 -2.012850 1.620000 1.620000 -0.536689 -0.574988 -0.700000 -0.700000 1.448144 1.478012 4.480000 4.480000 2.066695 2.001256 4.930000 4.930000 0.686292 0.645616 3.440000 3.440000 0.337964 0.206776 0.670000 0.670000 -0.066437 -0.052090 -13.960000 -13.960000 -0.236827 -0.364121 12.870000 12.870000 -1.807086 -1.703910 -3.480000 -3.480000 0.567747 0.531138 1.090000 1.090000 -1.274976 -1.192408 4.500000 4.500000 0.209470 0.185310 -0.230000 -0.230000 0.120386 0.089351 0.850000 0.850000 0.809072 0.683887 6.890000 6.890000 -2.227398 -2.153494 6.830000 6.830000 -0.693196 -0.837706 -6.990000 -6.990000 0.901958 0.365149 22.809999 22.809999 0.362132 -0.224329 -3.790000 -3.790000
3.040000 -2.110517 -2.044276 -5.260000 -5.260000 0.565949 0.656087 2.320000 2.320000 1.214276 1.091529 -22.820000 -22.820000 1.891299 1.979016 -0.240000 -0.240000 0.020832 -0.415232 -15.200000 -15.200000 -0.169974 -0.295262 0.430000 0.430000 -2.019571 -2.010978 -0.880000 -0.880000 -0.522283 -0.545132 0.050000 0.050000 1.468690 1.472608 1.560000 1.560000 2.076276 2.011425 4.550000 4.550000 0.697259 0.645533 2.920000 2.920000 0.399652 0.245030 0.500000 0.500000 -0.055683 -0.059158 -18.770000 -18.770000 -0.180636 -0.357327 19.340000 19.340000 -1.821501 -1.739866 -2.060000 -2.060000 0.570730 0.532313 0.990000 0.990000 -1.338492 -1.235590 4.180000 4.180000 0.231070 0.205644 -0.620000 -0.620000 0.156669 0.126031 0.650000 0.650000 0.865742 0.684746 10.090000 10.090000 -2.258836 -2.215955 7.630000 7.630000 -0.613107 -0.797995 -3.850000 -3.850000 0.997510 0.430628 17.549999 17.549999 0.387033 -0.234659 -4.140000 -4.140000
3.060000 -2.072934 -2.046515 -1.980000 -1.980000 0.541752 0.668254 -3.180000 -3.180000 1.207796 1.111430 -22.430000 -22.430000 1.938497 2.016448 5.150000 5.150000 0.253936 -0.394667 -16.990000 -16.990000 -0.138466 -0.257328 0.500000 0.500000 -2.032281 -2.011653 -1.540000 -1.540000 -0.525418 -0.520982 -3.110000 -3.110000 1.459294 1.478021 0.920000 0.920000 2.093377 2.029731 5.750000 5.750000 0.779591 0.650905 2.310000 2.310000 0.456025 0.292658 0.360000 0.360000 -0.067891 -0.071834 -20.590000 -20.590000 -0.143090 -0.347431 22.010000 22.010000 -1.836434 -1.775455 -1.770000 -1.770000 0.518774 0.524304 -0.110000 -0.110000 -1.412490 -1.293335 3.050000 3.050000 0.259726 0.238018 -0.690000 -0.690000 0.176664 0.153009 0.030000 0.030000 0.930602 0.685851 13.799999 13.799999 -2.367687 -2.270930 3.600000 3.600000 -0.576958 -0.747118 -5.820000 -5.820000 1.014525 0.505009 24.350000 24.350000 0.384665 -0.212863 -4.660000 -4.660000
3.080000 -2.002446 -2.046807 3.250000 3.250000 0.612308 0.675851 -6.300000 -6.300000 1.138772 1.127543 -9.960000 -9.960000 1.987012 2.040826 6.090000 6.090000 0.268035 -0.372647 -15.700000 -15.700000 -0.092812 -0.226573 0.570000 0.570000 -1.992884 -2.008708 0.950000 0.950000 -0.562731 -0.513621 -3.400000 -3.400000 1.480786 1.479411 -3.370000 -3.370000 2.073024 2.046153 2.730000 2.730000 0.773090 0.664181 0.740000 0.740000 0.496895 0.338337 0.400000 0.400000 -0.069992 -0.082524 -19.930000 -19.930000 -0.136844 -0.341714 25.260000 25.260000 -1.791010 -1.800366 0.330000 0.330000 0.466654 0.501683 -0.690000 -0.690000 -1.458936 -1.354189 0.280000 0.280000 0.305392 0.269999 -0.860000 -0.860000 0.219845 0.182314 0.230000 0.230000 0.941912 0.686464 14.280000 14.280000 -2.445387 -2.327348 -1.120000 -1.120000 -0.558644 -0.689605 -4.400000 -4.400000 1.006825 0.613281 3.770000 3.770000 0.423204 -0.055580 -1.890000 -1.890000
3.100000 -2.004508 -2.042527 3.260000 3.260000 0.738141 0.696966 -3.240000 -3.240000 1.063329 1.118135 5.350000 5.350000 2.012297 2.074792 1.560000 1.560000 0.029806 -0.362222 -11.830000 -11.830000 -0.083812 -0.193657 0.290000 0.290000 -1.970478 -1.996298 3.240000 3.240000 -0.633708 -0.534697 -5.220000 -5.220000 1.521208 1.480557 -13.059999 -13.059999 2.047467 2.059624 -0.750000 -0.750000 0.781299 0.683302 -1.040000 -1.040000 0.464727 0.377634 -0.270000 -0.270000 -0.088342 -0.093566 -16.709999 -16.709999 -0.157925 -0.339032 18.410000 18.410000 -1.757962 -1.799998 1.520000 1.520000 0.420204 0.459282 1.780000 1.780000 -1.480139 -1.410468 0.450000 0.450000 0.320935 0.301417 -1.090000 -1.090000 0.247163 0.225265 -0.390000 -0.390000 0.931470 0.690146 12.639999 12.639999 -2.463733 -2.384989 -1.630000 -1.630000 -0.527504 -0.629776 -2.010000 -2.010000 0.912170 0.710448 2.550000 2.550000 0.468417 0.180277 -0.250000 -0.250000
3.120000 -2.011136 -2.047650 4.180000 4.180000 0.846673 0.745568 -2.410000 -2.410000 0.985855 1.090423 17.490000 17.490000 2.047720 2.118747 -3.810000 -3.810000 -0.305700 -0.357371 -7.020000 -7.020000 -0.096654 -0.170413 0.500000 0.500000 -1.975378 -2.015442 5.280000 5.280000 -0.648176 -0.551446 -2.340000 -2.340000 1.561351 1.480841 -18.629999 -18.629999 2.016457 2.059083 -1.210000 -1.210000 0.754971 0.703962 -1.670000 -1.670000 0.423665 0.397800 -0.450000 -0.450000 -0.089832 -0.090825 -11.080000 -11.080000 -0.172527 -0.311309 9.280000 9.280000 -1.742338 -1.784781 0.870000 0.870000 0.417137 0.424017 2.670000 2.670000 -1.495610 -1.444684 2.550000 2.550000 0.347532 0.323090 -0.210000 -0.210000 0.264906 0.243228 0.530000 0.530000 0.932855 0.711990 11.690000 11.690000 -2.415414 -2.406085 -0.750000 -0.750000 -0.503234 -0.572240 0.820000 0.820000 0.760928 0.787235 -5.560000 -5.560000 0.513563 0.458074 3.450000 3.450000
3.140000 -2.073838 -2.068160 0.020000 0.020000 0.823941 0.797988 -5.320000 -5.320000 0.984239 1.064374 9.389999 9.389999 2.069844 2.152474 -8.260000 -8.260000 -0.448543 -0.355122 -4.840000 -4.840000 -0.113093 -0.154828 0.010000 0.010000 -1.951258 -2.037270 6.020000 6.020000 -0.623689 -0.548382 -2.350000 -2.350000 1.546912 1.487292 -15.580000 -15.580000 1.984727 2.044809 -4.610000 -4.610000 0.745265 0.719771 -3.590000 -3.590000 0.379711 0.400516 -0.230000 -0.230000 -0.099835 -0.084922 -7.040000 -7.040000 -0.158839 -0.248277 3.110000 3.110000 -1.722890 -1.760483 0.200000 0.200000 0.433588 0.399394 3.570000 3.570000 -1.521402 -1.473219 3.600000 3.600000 0.406531 0.343571 1.480000 1.480000 0.278002 0.256515 2.190000 2.190000 0.994006 0.731502 10.730000 10.730000 -2.431165 -2.409787 0.000000 0.000000 -0.467140 -0.538198 -1.890000 -1.890000 0.627444 0.743013 -3.830000 -3.830000 0.548762 0.578352 0.710000 0.710000
3.160000 -2.095239 -2.094989 1.260000 1.260000 0.846316 0.826279 -1.770000 -1.770000 0.973208 1.026529 1.830000 1.830000 2.108008 2.169945 -4.090000 -4.090000 -0.422007 -0.359193 -2.850000 -2.850000 -0.143415 -0.146497 -0.180000 -0.180000 -1.964837 -2.042839 6.620000 6.620000 -0.630851 -0.536116 -6.810000 -6.810000 1.548345 1.495779 -15.670000 -15.670000 2.001626 2.035312 -2.150000 -2.150000 0.745325 0.734124 -1.370000 -1.370000 0.311371 0.392942 -0.690000 -0.690000 -0.063357 -0.070307 -5.620000 -5.620000 -0.109260 -0.177473 2.740000 2.740000 -1.687820 -1.729803 0.940000 0.940000 0.395993 0.385808 1.830000 1.830000 -1.540348 -1.497610 2.010000 2.010000 0.397210 0.371785 0.160000 0.160000 0.288021 0.280481 0.660000 0.660000 1.052552 0.772122 11.389999 11.389999 -2.269341 -2.400915 9.280000 9.280000 -0.360035 -0.500687 2.300000 2.300000 0.685843 0.696959 0.320000 0.320000 0.542890 0.566268 -1.420000 -1.420000
3.180000 -2.102055 -2.110406 1.630000 1.630000 0.836017 0.847433 3.220000 3.220000 0.994919 0.972406 -3.770000 -3.770000 2.114912 2.164627 -0.990000 -0.990000 -0.325861 -0.369002 -5.640000 -5.640000 -0.105851 -0.145560 0.640000 0.640000 -1.941421 -2.052119 8.420000 8.420000 -0.606553 -0.529528 -6.700000 -6.700000 1.524820 1.510570 -8.400000 -8.400000 1.989338 2.021234 -1.920000 -1.920000 0.704252 0.738951 -1.310000 -1.310000 0.295075 0.375003 -0.430000 -0.430000 -0.054740 -0.045894 -1.230000 -1.230000 -0.088092 -0.119189 -1.290000 -1.290000 -1.660929 -1.698265 -0.770000 -0.770000 0.372262 0.373525 2.430000 2.430000 -1.539511 -1.517646 1.050000 1.050000 0.415868 0.395414 -0.060000 -0.060000 0.296773 0.290283 0.240000 0.240000 1.074834 0.828572 17.150000 17.150000 -2.309302 -2.402487 14.910000 14.910000 -0.332647 -0.469683 2.060000 2.060000 0.728630 0.703602 -0.080000 -0.080000 0.537938 0.548518 -0.260000 -0.260000
3.200000 -2.079164 -2.120806 2.920000 2.920000 0.837848 0.846131 2.110000 2.110000 0.971772 0.946729 -3.530000 -3.530000 2.165647 2.167560 2.730000 2.730000 -0.249736 -0.397779 -7.980000 -7.980000 -0.048439 -0.142545 1.320000 1.320000 -1.895417 -2.050846 12.460000 12.460000 -0.625274 -0.535588 -7.180000 -7.180000 1.550501 1.526614 -7.390000 -7.390000 2.005983 2.007090 -1.090000 -1.090000 0.660740 0.735212 0.300000 0.300000 0.282213 0.355147 -0.340000 -0.340000 -0.014262 -0.028195 3.060000 3.060000 -0.089680 -0.064645 -3.780000 -3.780000 -1.624669 -1.663167 -0.200000 -0.200000 0.365800 0.361312 1.080000 1.080000 -1.548813 -1.531000 1.150000 1.150000 0.434781 0.412860 -0.160000 -0.160000 0.305366 0.296668 -0.110000 -0.110000 1.100354 0.827713 16.359999 16.359999 -2.286858 -2.388563 8.660000 8.660000 -0.279512 -0.433220 1.140000 1.140000 0.750510 0.738517 -0.920000 -0.920000 0.542988 0.539278 1.750000 1.750000
3.220000 -2.057525 -2.117293 4.130000 4.130000 0.795703 0.837781 -4.610000 -4.610000 0.920884 0.943802 -0.920000 -0.920000 2.125749 2.206991 -0.850000 -0.850000 -0.161846 -0.425657 -11.980000 -11.980000 0.005060 -0.111844 -0.000000 -0.000000 -1.864732 -2.048837 14.660000 14.660000 -0.632910 -0.566981 -6.300000 -6.300000 1.536430 1.554307 -2.310000 -2.310000 1.991118 1.998543 -1.230000 -1.230000 0.603542 0.723155 1.030000 1.030000 0.272947 0.334992 -0.070000 -0.070000 -0.019778 -0.000218 1.240000 1.240000 -0.100479 -0.046946 -9.110000 -9.110000 -1.574934 -1.632119 1.020000 1.020000 0.330065 0.343034 0.810000 0.810000 -1.555954 -1.539871 0.880000 0.880000 0.502318 0.443053 1.260000 1.260000 0.297169 0.308111 0.690000 0.690000 1.118848 0.828082 15.799999 15.799999 -2.361199 -2.377212 4.220000 4.220000 -0.307166 -0.393927 -1.390000 -1.390000 0.710554 0.741529 -1.270000 -1.270000 0.531479 0.542313 0.940000 0.940000
3.240000 -2.039530 -2.106402 5.600000 5.600000 0.787847 0.817684 -8.260000 -8.260000 0.885597 0.939074 1.860000 1.860000 2.130049 2.226051 -1.900000 -1.900000 -0.181504 -0.421303 -9.830000 -9.830000 0.037582 -0.069873 -0.270000 -0.270000 -1.804546 -2.044035 17.340000 17.340000 -0.654283 -0.606108 -6.960000 -6.960000 1.519757 1.562168 0.930000 0.930000 1.975686 1.991365 -1.860000 -1.860000 0.592047 0.701738 -0.160000 -0.160000 0.282790 0.319801 -0.020000 -0.020000 -0.027770 0.025380 -1.080000 -1.080000 -0.114723 -0.050324 -13.809999 -13.809999 -1.518178 -1.600335 2.020000 2.020000 0.314566 0.326805 0.760000 0.760000 -1.542253 -1.546670 -0.310000 -0.310000 0.557913 0.488207 0.200000 0.200000 0.283515 0.294251 0.660000 0.660000 1.113106 0.849434 11.250000 11.250000 -2.351391 -2.371938 1.130000 1.130000 -0.329457 -0.370492 0.280000 0.280000 0.711566 0.738134 -1.230000 -1.230000 0.523994 0.536873 1.060000 1.060000
3.260000 -2.027136 -2.103119 6.130000 6.130000 0.783712 0.808394 -9.630000 -9.630000 0.843085 0.931840 6.020000 6.020000 2.130583 2.233107 -4.250000 -4.250000 -0.252986 -0.414380 -12.389999 -12.389999 0.023986 -0.031587 -0.980000 -0.980000 -1.725965 -2.026195 21.150000 21.150000 -0.690111 -0.651735 -7.970000 -7.970000 1.504020 1.563763 3.310000 3.310000 1.949590 1.988006 -2.710000 -2.710000 0.571520 0.680628 -0.890000 -0.890000 0.283715 0.311290 0.000000 0.000000 -0.035288 0.059838 -9.440000 -9.440000 -0.126997 -0.067239 -16.699999 -16.699999 -1.474325 -1.554561 1.110000 1.110000 0.325747 0.323487 1.240000 1.240000 -1.500101 -1.541466 -1.440000 -1.440000 0.574359 0.539994 -0.810000 -0.810000 0.279512 0.286506 -1.470000 -1.470000 1.084756 0.896313 7.770000 7.770000 -2.338863 -2.382125 4.160000 4.160000 -0.372597 -0.356928 3.670000 3.670000 0.672428 0.723881 -0.580000 -0.580000 0.528087 0.527048 1.210000 1.210000
3.280000 -2.004073 -2.101693 7.930000 7.930000 0.780474 0.798341 -10.090000 -10.090000 0.801240 0.910157 8.889999 8.889999 2.113736 2.255871 -6.670000 -6.670000 -0.306651 -0.420533 -13.270000 -13.270000 0.017978 0.000040 -1.400000 -1.400000 -1.661372 -1.995209 21.850000 21.850000 -0.718289 -0.690920 -5.510000 -5.510000 1.484440 1.543863 2.740000 2.740000 1.927736 1.978762 -5.380000 -5.380000 0.509980 0.658004 -1.450000 -1.450000 0.293261 0.304301 0.160000 0.160000 -0.035586 0.100404 -12.270000 -12.270000 -0.145876 -0.093669 -20.400000 -20.400000 -1.434227 -1.505965 1.720000 1.720000 0.347303 0.328761 2.010000 2.010000 -1.437918 -1.518775 -1.140000 -1.140000 0.595932 0.569333 -0.430000 -0.430000 0.278034 0.277536 -0.400000 -0.400000 1.058625 0.946382 2.510000 2.510000 -2.328285 -2.371239 2.860000 2.860000 -0.385623 -0.375474 1.670000 1.670000 0.600893 0.684796 -1.330000 -1.330000 0.535830 0.533782 1.120000 1.120000
3.300000 -1.995220 -2.101693 8.710000 8.710000 0.777377 0.791577 -15.280000 -15.280000 0.736247 0.883893 12.639999 12.639999 2.091811 2.268097 -9.880000 -9.880000 -0.335942 -0.429881 -14.099999 -14.099999 0.010149 0.017490 -0.970000 -0.970000 -1.660476 -1.955095 24.240000 24.240000 -0.714840 -0.718427 -4.780000 -4.780000 1.457975 1.515925 6.260000 6.260000 1.833205 1.973821 -10.480000 -10.480000 0.385776 0.642918 -4.780000 -4.780000 0.315684 0.300743 0.400000 0.400000 -0.025533 0.127421 -15.040000 -15.040000 -0.158605 -0.109547 -22.090000 -22.090000 -1.426259 -1.466327 0.220000 0.220000 0.375608 0.339099 1.640000 1.640000 -1.393636 -1.475699 1.020000 1.020000 0.635669 0.593940 0.880000 0.880000 0.283335 0.283977 0.340000 0.340000 1.043593 1.003814 -0.830000 -0.830000 -2.293884 -2.352588 2.140000 2.140000 -0.396328 -0.384649 2.200000 2.200000 0.487976 0.607571 -1.790000 -1.790000 0.545880 0.541223 1.770000 1.770000
3.320000 -1.968624 -2.102368 10.300000 10.300000 0.731700 0.788190 -21.449999 -21.449999 0.689722 0.845442 10.610000 10.610000 2.051966 2.273710 -13.950000 -13.950000 -0.397808 -0.433821 -15.150000 -15.150000 0.010568 0.036973 -1.500000 -1.500000 -1.655373 -1.899504 14.219999 14.219999 -0.677098 -0.733052 -1.730000 -1.730000 1.395410 1.492313 13.349999 13.349999 1.754510 1.955499 -16.920000 -16.920000 0.244673 0.622637 -7.200000 -7.200000 0.327305 0.297558 0.700000 0.700000 -0.006792 0.153010 -14.630000 -14.630000 -0.189968 -0.131866 -24.150000 -24.150000 -1.425349 -1.425216 -2.190000 -2.190000 0.397585 0.340170 4.800000 4.800000 -1.371123 -1.433182 4.050000 4.050000 0.698261 0.632339 0.800000 0.800000 0.302989 0.291710 0.920000 0.920000 1.071617 1.068364 -3.520000 -3.520000 -2.274131 -2.321201 0.550000 0.550000 -0.423303 -0.395383 0.880000 0.880000 0.341999 0.467655 1.510000 1.510000 0.557985 0.550991 -1.400000 -1.400000
3.340000 -1.926491 -2.101907 15.210000 15.210000 0.685420 0.773075 -24.529999 -24.529999 0.626212 0.819344 10.830000 10.830000 2.006360 2.278044 -17.309999 -17.309999 -0.407940 -0.438945 -18.170000 -18.170000 0.004787 0.053037 -2.000000 -2.000000 -1.653131 -1.848468 14.130000 14.130000 -0.651891 -0.742919 0.680000 0.680000 1.357338 1.460440 17.619999 17.619999 1.716133 1.942928 -19.920000 -19.920000 0.160746 0.605479 -7.540000 -7.540000 0.340721 0.295098 0.930000 0.930000 -0.012947 0.175946 -20.539999 -20.539999 -0.193213 -0.155311 -24.209999 -24.209999 -1.402646 -1.386069 -3.480000 -3.480000 0.431399 0.343546 6.180000 6.180000 -1.344734 -1.407871 3.510000 3.510000 0.699670 0.665083 0.550000 0.550000 0.306212 0.309123 -0.080000 -0.080000 1.092439 1.128251 -6.210000 -6.210000 -2.290203 -2.299593 -3.170000 -3.170000 -0.492438 -0.411868 2.420000 2.420000 0.192478 0.340487 0.180000 0.180000 0.555780 0.555791 0.150000 0.150000
3.360000 -1.890857 -2.101769 17.209999 17.209999 0.646214 0.755494 -34.489998 -34.489998 0.571926 0.788020 10.990000 10.990000 2.022883 2.277266 -15.929999 -15.929999 -0.385232 -0.438720 -16.449999 -16.449999 0.010758 0.069251 -1.860000 -1.860000 -1.604854 -1.787968 11.420000 11.420000 -0.640190 -0.755410 3.290000 3.290000 1.335802 1.425004 18.289999 18.289999 1.670417 1.929940 -20.949999 -20.949999 0.117441 0.585636 -9.590000 -9.590000 0.375689 0.296908 1.250000 1.250000 -0.035259 0.189288 -24.529999 -24.529999 -0.179343 -0.180224 -24.059999 -24.059999 -1.341686 -1.349499 -1.630000 -1.630000 0.481100 0.372605 5.480000 5.480000 -1.303808 -1.379604 3.490000 3.490000 0.664047 0.665106 0.980000 0.980000 0.294564 0.310314 0.320000 0.320000 1.072843 1.181020 -7.670000 -7.670000 -2.248569 -2.282176 -2.490000 -2.490000 -0.532496 -0.440880 1.970000 1.970000 0.077843 0.206540 1.840000 1.840000 0.541576 0.548507 -1.770000 -1.770000
3.380000 -1.896251 -2.101769 16.750000 16.750000 0.615960 0.738001 -36.119999 -36.119999 0.531892 0.758134 11.150000 11.150000 2.066256 2.277807 -12.420000 -12.420000 -0.377223 -0.439761 -15.650000 -15.650000 -0.004692 0.077379 -1.800000 -1.800000 -1.557439 -1.718724 10.469999 10.469999 -0.647094 -0.751514 4.850000 4.850000 1.336315 1.398906 17.740000 17.740000 1.693527 1.910921 -19.270000 -19.270000 0.115348 0.557817 -7.180000 -7.180000 0.381694 0.305782 0.820000 0.820000 -0.033290 0.190052 -27.430000 -27.430000 -0.191460 -0.200487 -22.699999 -22.699999 -1.307415 -1.314524 -0.870000 -0.870000 0.583631 0.424192 6.990000 6.990000 -1.267740 -1.341033 6.040000 6.040000 0.611698 0.643580 0.340000 0.340000 0.289576 0.294543 0.590000 0.590000 1.047889 1.204214 -9.679999 -9.679999 -2.206144 -2.244502 -1.220000 -1.220000 -0.550234 -0.478043 0.350000 0.350000 0.012324 0.092242 3.750000 3.750000 0.536408 0.535288 -3.130000 -3.130000
3.400000 -1.863849 -2.101693 19.500000 19.500000 0.565358 0.716504 -35.180000 -35.180000 0.499281 0.729667 9.800000 9.800000 2.104151 2.281888 -11.469999 -11.469999 -0.448312 -0.449346 -13.250000 -13.250000 -0.026974 0.078764 -1.880000 -1.880000 -1.514682 -1.658991 8.490000 8.490000 -0.609049 -0.740267 4.850000 4.850000 1.303096 1.388324 22.269999 22.269999 1.687459 1.894303 -18.359999 -18.359999 0.098652 0.534318 -6.640000 -6.640000 0.391253 0.315615 0.820000 0.820000 -0.024322 0.188593 -22.760000 -22.760000 -0.235380 -0.221054 -20.789999 -20.789999 -1.296563 -1.280531 -2.850000 -2.850000 0.681896 0.497701 7.190000 7.190000 -1.255112 -1.305361 5.670000 5.670000 0.592711 0.610306 0.890000 0.890000 0.290067 0.290721 0.840000 0.840000 1.069226 1.209122 -7.540000 -7.540000 -2.164670 -2.205547 0.000000 0.000000 -0.530251 -0.505402 -0.290000 -0.290000 -0.010896 0.015343 3.950000 3.950000 0.532403 0.533748 -3.880000 -3.880000
3.420000 -1.922658 -2.102352 13.960000 13.960000 0.509617 0.681567 -36.980000 -36.980000 0.487021 0.697510 5.420000 5.420000 2.166483 2.288140 -8.139999 -8.139999 -0.543810 -0.468976 -7.030000 -7.030000 -0.044442 0.072031 -1.680000 -1.680000 -1.402824 -1.598184 13.540000 13.540000 -0.627135 -0.722891 3.210000 3.210000 1.309449 1.376000 16.510000 16.510000 1.748708 1.875792 -16.150000 -16.150000 0.118326 0.503494 -3.750000 -3.750000 0.377074 0.324925 0.580000 0.580000 -0.007478 0.174839 -19.260000 -19.260000 -0.284328 -0.245909 -23.039999 -23.039999 -1.312359 -1.255005 -2.910000 -2.910000 0.811941 0.584552 6.800000 6.800000 -1.271023 -1.285476 6.720000 6.720000 0.582809 0.593085 1.210000 1.210000 0.297575 0.292317 0.960000 0.960000 1.130707 1.205195 -4.140000 -4.140000 -2.148990 -2.179561 0.630000 0.630000 -0.508850 -0.510501 0.180000 0.180000 -0.070036 -0.021437 1.420000 1.420000 0.539798 0.538761 -0.900000 -0.900000
3.440000 -2.016879 -2.104669 7.890000 7.890000 0.450798 0.627170 -31.119999 -31.119999 0.493216 0.660635 2.400000 2.400000 2.204596 2.291745 -7.240000 -7.240000 -0.618244 -0.500522 -4.700000 -4.700000 -0.013618 0.059152 -0.610000 -0.610000 -1.250101 -1.531333 20.879999 20.879999 -0.674065 -0.723890 -1.100000 -1.100000 1.292783 1.372202 13.540000 13.540000 1.775030 1.872981 -10.849999 -10.849999 0.137948 0.469901 -2.090000 -2.090000 0.362456 0.326651 0.610000 0.610000 -0.010083 0.165403 -18.570000 -18.570000 -0.297418 -0.282010 -18.750000 -18.750000 -1.294015 -1.241629 -3.150000 -3.150000 0.919746 0.690997 5.710000 5.710000 -1.307652 -1.287840 5.070000 5.070000 0.589113 0.582867 0.510000 0.510000 0.293837 0.297837 0.710000 0.710000 1.147256 1.196851 -1.970000 -1.970000 -2.097123 -2.155217 1.900000 1.900000 -0.488583 -0.506950 0.890000 0.890000 -0.134603 -0.067177 0.340000 0.340000 0.531499 0.541493 -0.800000 -0.800000
3.460000 -2.024265 -2.109869 6.730000 6.730000 0.380835 0.550590 -25.100000 -25.100000 0.521783 0.625619 -2.210000 -2.210000 2.185297 2.298334 -7.530000 -7.530000 -0.634579 -0.526483 -5.870000 -5.870000 -0.015531 0.048542 -0.600000 -0.600000 -1.215257 -1.454925 16.990000 16.990000 -0.720466 -0.736840 -6.620000 -6.620000 1.212117 1.340378 11.300000 11.300000 1.868816 1.868196 -5.470000 -5.470000 0.041225 0.430238 3.830000 3.830000 0.355274 0.326651 0.480000 0.480000 -0.058615 0.155526 -24.350000 -24.350000 -0.322189 -0.323957 -17.690001 -17.690001 -1.307694 -1.238929 -3.330000 -3.330000 0.975718 0.787546 6.090000 6.090000 -1.315781 -1.306409 4.190000 4.190000 0.595324 0.586431 0.600000 0.600000 0.290435 0.290609 0.420000 0.420000 1.117862 1.180529 -1.870000 -1.870000 -2.093159 -2.129174 1.530000 1.530000 -0.474172 -0.500023 -0.080000 -0.080000 -0.138863 -0.109341 1.810000 1.810000 0.535686 0.534310 -1.490000 -1.490000
3.480000 -1.990424 -2.107537 9.370000 9.370000 0.294832 0.453600 -11.650000 -11.650000 0.585518 0.603398 -6.760000 -6.760000 2.188734 2.297359 -6.950000 -6.950000 -0.602908 -0.541143 -5.970000 -5.970000 -0.042903 0.039988 -1.080000 -1.080000 -1.136944 -1.370004 12.730000 12.730000 -0.689201 -0.754059 -8.830000 -8.830000 1.068023 1.270063 25.709999 25.709999 2.020946 1.876661 1.570000 1.570000 -0.149066 0.380955 12.290000 12.290000 0.384230 0.327226 1.050000 1.050000 -0.200203 0.126315 -32.930000 -32.930000 -0.385165 -0.364052 -29.019999 -29.019999 -1.337805 -1.250833 -3.140000 -3.140000 1.030968 0.883304 3.350000 3.350000 -1.279022 -1.312638 0.890000 0.890000 0.615002 0.593434 1.250000 1.250000 0.292140 0.294982 0.660000 0.660000 1.122126 1.165680 -3.210000 -3.210000 -2.060879 -2.106471 1.680000 1.680000 -0.433818 -0.486611 -0.770000 -0.770000 -0.191462 -0.105924 -4.710000 -4.710000 0.545407 0.541616 4.010000 4.010000
3.500000 -2.039662 -2.095280 4.170000 4.170000 0.253123 0.326930 1.210000 1.210000 0.661753 0.609565 -7.320000 -7.320000 2.240903 2.293966 -2.990000 -2.990000 -0.523085 -0.547107 -3.760000 -3.760000 -0.049792 0.032350 -1.100000 -1.100000 -0.998507 -1.272658 14.790000 14.790000 -0.671563 -0.757055 -11.050000 -11.050000 0.906083 1.183528 33.169998 33.169998 2.164154 1.912437 8.040000 8.040000 -0.319946 0.295642 21.299999 21.299999 0.421591 0.329527 1.530000 1.530000 -0.287179 0.088177 -34.549999 -34.549999 -0.451674 -0.405930 -33.860001 -33.860001 -1.382029 -1.279549 -2.860000 -2.860000 1.044081 0.955229 2.590000 2.590000 -1.239670 -1.295221 0.680000 0.680000 0.648125 0.609306 0.760000 0.760000 0.304839 0.301434 0.910000 0.910000 1.190514 1.168012 0.920000 0.920000 -2.026559 -2.070427 -0.190000 -0.190000 -0.400842 -0.454153 -1.190000 -1.190000 -0.289932 -0.178372 -1.440000 -1.440000 0.557694 0.554712 1.990000 1.990000
3.520000 -1.997012 -2.080202 4.860000 4.860000 0.265152 0.236430 10.750000 10.750000 0.659513 0.613354 -1.360000 -1.360000 2.222496 2.288525 -1.400000 -1.400000 -0.450431 -0.546160 -4.320000 -4.320000 0.030903 0.025309 0.450000 0.450000 -0.934046 -1.182030 15.160000 15.160000 -0.693342 -0.770926 -11.070000 -11.070000 0.794809 1.081595 35.309998 35.309998 2.188730 1.973600 6.310000 6.310000 -0.519173 0.183587 25.389999 25.389999 0.381643 0.333330 0.680000 0.680000 -0.182466 0.053544 -21.109999 -21.109999 -0.516149 -0.447455 -25.680000 -25.680000 -1.366872 -1.325078 -0.160000 -0.160000 1.006771 0.997980 -0.800000 -0.800000 -1.188173 -1.262949 -2.770000 -2.770000 0.659766 0.636576 -0.350000 -0.350000 0.306164 0.306672 -0.420000 -0.420000 1.274216 1.173779 3.400000 3.400000 -1.955642 -2.011575 -1.210000 -1.210000 -0.385384 -0.423988 -0.600000 -0.600000 -0.339512 -0.241433 -2.280000 -2.280000 0.548992 0.575733 -0.320000 -0.320000
3.540000 -1.960868 -2.042880 4.760000 4.760000 0.228787 0.171950 5.300000 5.300000 0.513527 0.577144 9.969999 9.969999 1.833980 2.250978 -28.289999 -28.289999 -0.404893 -0.534943 -22.309999 -22.309999 0.142085 0.039200 0.680000 0.680000 -1.426025 -1.102063 -25.330000 -25.330000 -0.792425 -0.780813 -9.660000 -9.660000 0.749525 0.930413 10.460000 10.460000 1.880285 2.049217 -12.290000 -12.290000 -0.659432 0.024935 -12.240000 -12.240000 0.102773 0.321069 -1.880000 -1.880000 0.257749 0.040730 11.940000 11.940000 -0.456114 -0.496997 18.520000 18.520000 -1.295051 -1.369134 5.490000 5.490000 0.901795 0.994743 -4.930000 -4.930000 -1.158132 -1.218103 -3.760000 -3.760000 0.719617 0.670951 -0.200000 -0.200000 0.296103 0.304694 -0.430000 -0.430000 1.276732 1.213909 0.120000 0.120000 -1.971617 -1.968977 -4.220000 -4.220000 -0.420833 -0.404813 -0.860000 -0.860000 -0.131178 -0.230901 2.350000 2.350000 0.560766 0.588604 -3.810000 -3.810000
3.560000 -1.864991 -2.011433 11.509999 11.509999 0.113693 0.139157 -1.610000 -1.610000 0.497074 0.525086 1.480000 1.480000 1.877408 2.187857 -16.219999 -16.219999 -0.079479 -0.518389 -31.920000 -31.920000 0.183569 0.058513 1.990000 1.990000 -1.425500 -1.104487 -25.920000 -25.920000 -0.722703 -0.796740 -1.080000 -1.080000 0.671823 0.808353 15.190000 15.190000 1.805184 2.077947 -18.580000 -18.580000 -0.493693 -0.116820 -21.449999 -21.449999 -0.088042 0.251922 -0.770000 -0.770000 0.206175 0.091055 8.200000 8.200000 -0.389813 -0.494305 25.980000 25.980000 -1.249504 -1.386560 6.640000 6.640000 0.955773 0.977769 -0.930000 -0.930000 -1.065555 -1.173676 -2.980000 -2.980000 0.763441 0.720906 -1.190000 -1.190000 0.322058 0.300535 0.260000 0.260000 1.288498 1.278949 -1.550000 -1.550000 -1.962716 -1.956566 -2.980000 -2.980000 -0.432211 -0.404883 -0.590000 -0.590000 0.025635 -0.135848 0.660000 0.660000 0.532138 0.562007 -1.780000 -1.780000
3.580000 -1.858179 -1.975093 10.099999 10.099999 0.064428 0.106491 -4.900000 -4.900000 0.465152 0.489072 -5.490000 -5.490000 1.938871 2.193700 -9.450000 -9.450000 -0.011221 -0.499658 -27.660000 -27.660000 0.204249 0.057863 2.400000 2.400000 -1.409779 -1.145475 -16.879999 -16.879999 -0.768116 -0.809534 -1.430000 -1.430000 0.561844 0.704834 17.650000 17.650000 1.823645 2.105521 -14.450000 -14.450000 -0.376345 -0.202027 -14.719999 -14.719999 -0.130654 0.136948 1.540000 1.540000 0.110123 0.068472 -4.650000 -4.650000 -0.348952 -0.459231 9.809999 9.809999 -1.212462 -1.364593 4.630000 4.630000 1.029155 0.991646 2.290000 2.290000 -0.985776 -1.108875 0.440000 0.440000 0.889916 0.788340 -0.160000 -0.160000 0.334679 0.318194 -0.280000 -0.280000 1.272457 1.283367 1.470000 1.470000 -1.999691 -1.948789 -2.900000 -2.900000 -0.397894 -0.411053 -4.120000 -4.120000 0.119182 0.022391 -5.090000 -5.090000 0.533122 0.532905 5.740000 5.740000
3.600000 -1.855407 -1.966917 8.970000 8.970000 0.081467 0.123905 -3.490000 -3.490000 0.424167 0.437513 -7.070000 -7.070000 1.886267 2.188357 -12.349999 -12.349999 -0.165873 -0.500841 -25.740000 -25.740000 0.154907 0.061677 1.520000 1.520000 -1.400087 -1.220763 -12.330000 -12.330000 -0.817591 -0.878067 -3.860000 -3.860000 0.453619 0.618407 25.139999 25.139999 1.791350 2.080626 -17.379999 -17.379999 -0.237465 -0.246329 -18.879999 -18.879999 -0.105794 0.046039 1.820000 1.820000 0.052883 0.099239 -16.359999 -16.359999 -0.317823 -0.416052 2.860000 2.860000 -1.179757 -1.299307 1.960000 1.960000 1.017109 0.973741 7.070000 7.070000 -0.903853 -1.039860 5.290000 5.290000 1.049856 0.891599 1.390000 1.390000 0.336731 0.343823 0.530000 0.530000 1.235528 1.262873 -0.520000 -0.520000 -2.003135 -1.963575 0.950000 0.950000 -0.310163 -0.394032 -3.800000 -3.800000 0.212336 0.151797 -4.930000 -4.930000 0.526546 0.533961 4.700000 4.700000
3.620000 -1.757607 -1.955412 16.510000 16.510000 0.092762 0.139206 -4.280000 -4.280000 0.333221 0.377967 -4.250000 -4.250000 1.905038 2.135127 -8.090000 -8.090000 -0.131540 -0.504770 -22.850000 -22.850000 0.214009 0.070955 2.340000 2.340000 -1.386437 -1.285988 -6.400000 -6.400000 -0.875043 -0.935969 -10.440000 -10.440000 0.332261 0.562286 31.309999 31.309999 1.786897 2.031411 -10.380000 -10.380000 -0.062596 -0.260575 -22.570000 -22.570000 -0.052864 -0.006298 1.330000 1.330000 0.036942 0.126766 -21.779999 -21.779999 -0.279188 -0.389269 -0.900000 -0.900000 -1.094905 -1.223221 2.170000 2.170000 0.998126 0.952505 5.800000 5.800000 -0.807157 -0.965140 2.390000 2.390000 1.170341 1.023320 -0.170000 -0.170000 0.340589 0.342002 -0.360000 -0.360000 1.202273 1.255756 -2.090000 -2.090000 -1.942346 -1.971014 3.030000 3.030000 -0.255469 -0.353692 0.730000 0.730000 0.236918 0.201841 -4.820000 -4.820000 0.518234 0.529195 5.120000 5.120000
3.640000 -1.689493 -1.937296 18.820000 18.820000 0.105895 0.151285 -7.590000 -7.590000 0.274925 0.321014 -2.590000 -2.590000 1.877782 2.103906 -8.770000 -8.770000 -0.187090 -0.504651 -19.619999 -19.619999 0.177858 0.066449 2.400000 2.400000 -1.345828 -1.325626 -2.190000 -2.190000 -0.960672 -1.000675 -10.360000 -10.360000 0.254038 0.496993 29.119999 29.119999 1.754145 1.992512 -8.820000 -8.820000 -0.026812 -0.274029 -17.879999 -17.879999 -0.034382 -0.008226 -0.770000 -0.770000 0.027617 0.159480 -24.059999 -24.059999 -0.251076 -0.351640 -6.950000 -6.950000 -1.002139 -1.146399 2.750000 2.750000 0.907941 0.935228 1.460000 1.460000 -0.733198 -0.879640 -0.030000 -0.030000 1.235263 1.129704 -0.860000 -0.860000 0.351915 0.335955 -0.200000 -0.200000 1.207308 1.245570 -1.980000 -1.980000 -1.945622 -1.954622 -1.200000 -1.200000 -0.252507 -0.305446 0.240000 0.240000 0.275915 0.253133 -4.090000 -4.090000 0.508303 0.513424 4.610000 4.610000
3.660000 -1.651864 -1.920667 22.330000 22.330000 0.122086 0.159498 -6.740000 -6.740000 0.261681 0.292244 -1.010000 -1.010000 1.816983 2.068818 -9.929999 -9.929999 -0.211894 -0.502238 -17.699999 -17.699999 0.098102 0.065331 0.730000 0.730000 -1.300956 -1.324153 0.770000 0.770000 -0.953366 -1.066584 -3.740000 -3.740000 0.142253 0.387307 34.389999 34.389999 1.677836 1.939258 -9.179999 -9.179999 0.031822 -0.298487 -22.029999 -22.029999 -0.065543 -0.005382 -1.000000 -1.000000 0.026127 0.179685 -27.599998 -27.599998 -0.236539 -0.308040 -13.230000 -13.230000 -0.895312 -1.057797 3.540000 3.540000 0.832626 0.894608 0.290000 0.290000 -0.670573 -0.799995 1.460000 1.460000 1.295694 1.209549 0.180000 0.180000 0.355990 0.353210 -0.150000 -0.150000 1.204494 1.242993 -2.260000 -2.260000 -1.938712 -1.947811 0.770000 0.770000 -0.210237 -0.276352 -1.100000 -1.100000 0.330737 0.280820 -0.870000 -0.870000 0.513382 0.509524 1.490000 1.490000
3.680000 -1.566077 -1.900634 23.740000 23.740000 0.157435 0.167408 -2.710000 -2.710000 0.259628 0.277423 -1.000000 -1.000000 1.763201 2.005484 -10.280000 -10.280000 -0.188357 -0.494890 -20.830000 -20.830000 0.066952 0.050790 1.250000 1.250000 -1.244139 -1.278072 -1.620000 -1.620000 -0.944649 -1.098477 -0.150000 -0.150000 0.041105 0.247246 31.410000 31.410000 1.651045 1.881790 -10.429999 -10.429999 -0.066504 -0.317360 -20.959999 -20.959999 -0.113719 -0.009984 -1.840000 -1.840000 0.075800 0.202650 -15.719999 -15.719999 -0.226499 -0.259975 -14.730000 -14.730000 -0.802248 -0.950786 1.560000 1.560000 0.833151 0.846258 2.020000 2.020000 -0.599062 -0.721561 1.620000 1.620000 1.341651 1.277702 -0.380000 -0.380000 0.346379 0.349264 -0.490000 -0.490000 1.232140 1.247656 -0.820000 -0.820000 -1.853986 -1.910137 -1.000000 -1.000000 -0.164734 -0.233253 -0.120000 -0.120000 0.315683 0.280584 0.590000 0.590000 0.528743 0.527430 -1.410000 -1.410000
3.700000 -1.483835 -1.865782 27.609999 27.609999 0.176950 0.184059 -2.820000 -2.820000 0.247274 0.257698 -1.810000 -1.810000 1.738990 1.956039 -6.700000 -6.700000 -0.166423 -0.484737 -20.160000 -20.160000 0.072257 0.042481 0.820000 0.820000 -1.183965 -1.206635 1.470000 1.470000 -0.949302 -1.100826 0.580000 0.580000 -0.054877 0.116112 22.660000 22.660000 1.632105 1.834788 -3.640000 -3.640000 -0.119433 -0.356218 -16.750000 -16.750000 -0.122924 -0.010058 -2.080000 -2.080000 0.071737 0.216325 -13.090000 -13.090000 -0.221102 -0.221984 -13.660000 -13.660000 -0.746409 -0.847703 0.040000 0.040000 0.858941 0.831135 2.620000 2.620000 -0.571043 -0.655934 3.110000 3.110000 1.362670 1.316068 0.080000 0.080000 0.340759 0.336416 0.280000 0.280000 1.245098 1.252197 -0.970000 -0.970000 -1.767492 -1.857793 2.240000 2.240000 -0.143499 -0.198489 2.090000 2.090000 0.319179 0.305303 -2.570000 -2.570000 0.540718 0.537424 2.570000 2.570000
3.720000 -1.422857 -1.832172 34.709999 34.709999 0.222554 0.203099 -4.080000 -4.080000 0.208994 0.249329 4.850000 4.850000 1.673913 1.906201 -4.640000 -4.640000 -0.012141 -0.477922 -17.279999 -17.279999 0.100126 0.044590 0.820000 0.820000 -1.096786 -1.135182 -2.820000 -2.820000 -0.976359 -1.083382 4.060000 4.060000 -0.100602 0.015578 17.230000 17.230000 1.611652 1.785695 -4.360000 -4.360000 -0.202127 -0.393361 -16.879999 -16.879999 -0.138120 -0.013020 -2.040000 -2.040000 0.066765 0.210080 -6.700000 -6.700000 -0.190415 -0.206106 -14.340000 -14.340000 -0.654474 -0.745233 -0.920000 -0.920000 0.815053 0.807850 3.680000 3.680000 -0.591289 -0.619517 4.380000 4.380000 1.317386 1.324532 -0.600000 -0.600000 0.339052 0.333122 -0.400000 -0.400000 1.253368 1.265941 -1.920000 -1.920000 -1.714055 -1.813075 3.090000 3.090000 -0.133098 -0.172911 3.120000 3.120000 0.310969 0.311182 -0.770000 -0.770000 0.541363 0.545618 0.330000 0.330000
3.740000 -1.316431 -1.788500 35.450001 35.450001 0.239945 0.220553 -6.150000 -6.150000 0.182036 0.253235 11.120000 11.120000 1.608897 1.825839 -4.080000 -4.080000 0.058881 -0.450505 -24.840000 -24.840000 0.093983 0.047977 0.920000 0.920000 -1.015221 -1.058268 -1.190000 -1.190000 -0.974619 -1.066868 3.130000 3.130000 -0.147853 -0.074667 13.610000 13.610000 1.585332 1.715470 -0.110000 -0.110000 -0.161774 -0.439555 -15.610000 -15.610000 -0.099350 -0.025430 -0.920000 -0.920000 0.081939 0.187438 -8.360000 -8.360000 -0.159404 -0.177199 -9.120000 -9.120000 -0.531330 -0.641536 0.770000 0.770000 0.801748 0.791621 0.640000 0.640000 -0.608517 -0.607991 2.180000 2.180000 1.256548 1.299397 -1.390000 -1.390000 0.334259 0.335011 -0.090000 -0.090000 1.262796 1.278090 -1.210000 -1.210000 -1.663501 -1.756331 0.580000 0.580000 -0.159118 -0.158847 0.980000 0.980000 0.274810 0.300008 -0.970000 -0.970000 0.542784 0.545933 0.520000 0.520000
3.760000 -1.259541 -1.739872 34.070000 34.070000 0.255443 0.220660 -7.150000 -7.150000 0.182379 0.275681 15.940000 15.940000 1.549140 1.755475 -3.060000 -3.060000 0.158820 -0.426805 -19.369999 -19.369999 0.136628 0.051003 1.430000 1.430000 -0.922853 -0.970923 -1.700000 -1.700000 -0.957647 -1.033194 1.290000 1.290000 -0.216239 -0.141389 10.290000 10.290000 1.488420 1.634043 2.450000 2.450000 -0.111080 -0.478402 -13.059999 -13.059999 -0.034911 -0.017153 -1.040000 -1.040000 0.069709 0.155810 -10.460000 -10.460000 -0.122809 -0.155908 -4.560000 -4.560000 -0.419524 -0.540047 1.890000 1.890000 0.770800 0.779024 0.700000 0.700000 -0.634294 -0.610716 2.100000 2.100000 1.215982 1.257401 0.120000 0.120000 0.346170 0.337461 0.760000 0.760000 1.262521 1.284963 -1.440000 -1.440000 -1.579612 -1.684603 0.790000 0.790000 -0.155047 -0.157113 1.380000 1.380000 0.295896 0.296872 -0.110000 -0.110000 0.550481 0.542887 0.620000 0.620000
3.780000 -1.201349 -1.679909 39.959999 39.959999 0.269772 0.215257 -5.060000 -5.060000 0.199191 0.291970 17.240000 17.240000 1.517197 1.704694 1.140000 1.140000 0.188234 -0.417256 -18.109999 -18.109999 0.166375 0.054657 1.890000 1.890000 -0.848314 -0.898780 1.710000 1.710000 -0.920008 -0.994713 -0.130000 -0.130000 -0.267635 -0.195728 12.040000 12.040000 1.400025 1.559408 4.370000 4.370000 0.156053 -0.495891 -17.820000 -17.820000 0.052726 -0.002932 -0.510000 -0.510000 0.026438 0.129448 -8.510000 -8.510000 -0.111767 -0.145091 -7.130000 -7.130000 -0.280722 -0.457212 4.410000 4.410000 0.709761 0.756648 -2.850000 -2.850000 -0.669986 -0.624407 -0.010000 -0.010000 1.189690 1.228906 -0.630000 -0.630000 0.355743 0.352648 -0.740000 -0.740000 1.287723 1.287908 -0.280000 -0.280000 -1.503967 -1.617299 2.110000 2.110000 -0.128868 -0.151000 1.110000 1.110000 0.318456 0.299783 0.390000 0.390000 0.559569 0.544607 0.030000 0.030000
3.800000 -1.138191 -1.635654 32.739998 32.739998 0.287835 0.217058 -1.470000 -1.470000 0.234452 0.309140 16.230000 16.230000 1.431749 1.640344 -2.670000 -2.670000 0.156395 -0.411446 -20.449999 -20.449999 0.143348 0.058108 1.580000 1.580000 -0.793799 -0.813905 -0.160000 -0.160000 -0.869095 -0.949292 1.490000 1.490000 -0.284142 -0.237527 7.260000 7.260000 1.292756 1.470713 3.240000 3.240000 0.342870 -0.486070 -21.930000 -21.930000 0.122513 0.039381 -1.210000 -1.210000 0.033795 0.105611 -11.740000 -11.740000 -0.119672 -0.131788 -6.180000 -6.180000 -0.171908 -0.351552 2.930000 2.930000 0.660416 0.713851 0.800000 0.800000 -0.665888 -0.646131 -0.410000 -0.410000 1.179821 1.203580 -0.210000 -0.210000 0.359577 0.356548 -0.120000 -0.120000 1.291035 1.292816 -0.610000 -0.610000 -1.451727 -1.543604 1.330000 1.330000 -0.095485 -0.135982 0.290000 0.290000 0.289358 0.299334 0.230000 0.230000 0.565539 0.555375 0.170000 0.170000
3.820000 -1.099828 -1.556623 33.719997 33.719997 0.293076 0.217870 1.040000 1.040000 0.263261 0.317431 14.270000 14.270000 1.382327 1.583139 -0.620000 -0.620000 0.219753 -0.398134 -22.359999 -22.359999 0.156420 0.056926 2.250000 2.250000 -0.755830 -0.749171 -3.500000 -3.500000 -0.808709 -0.897077 3.110000 3.110000 -0.290886 -0.263546 8.920000 8.920000 1.239650 1.387524 7.730000 7.730000 0.537761 -0.450406 -26.369999 -26.369999 0.182074 0.096234 -2.070000 -2.070000 0.045963 0.099258 -5.080000 -5.080000 -0.118312 -0.114961 -6.000000 -6.000000 -0.139082 -0.243191 1.030000 1.030000 0.601138 0.669191 -0.160000 -0.160000 -0.653427 -0.653978 -0.910000 -0.910000 1.176647 1.192395 -0.690000 -0.690000 0.362987 0.356762 -0.010000 -0.010000 1.279626 1.292939 -0.510000 -0.510000 -1.449042 -1.491307 -0.370000 -0.370000 -0.106662 -0.120591 -0.200000 -0.200000 0.253747 0.290566 -1.230000 -1.230000 0.564298 0.560164 1.440000 1.440000
3.840000 -1.078494 -1.494466 31.889999 31.889999 0.300802 0.234306 -0.370000 -0.370000 0.292972 0.333377 12.020000 12.020000 1.295409 1.531974 -2.860000 -2.860000 0.146600 -0.402276 -23.100000 -23.100000 0.152469 0.056649 1.720000 1.720000 -0.724392 -0.703826 -1.530000 -1.530000 -0.745949 -0.846869 6.550000 6.550000 -0.266583 -0.262636 9.550000 9.550000 1.191702 1.318306 8.860000 8.860000 0.659566 -0.398425 -17.410000 -17.410000 0.177590 0.154014 -2.330000 -2.330000 0.059343 0.090037 -0.590000 -0.590000 -0.111531 -0.102881 -4.870000 -4.870000 -0.073299 -0.155202 -0.110000 -0.110000 0.547831 0.618175 0.000000 0.000000 -0.641463 -0.652022 -0.290000 -0.290000 1.173065 1.188124 -0.730000 -0.730000 0.364928 0.353974 -0.240000 -0.240000 1.281016 1.290362 -0.550000 -0.550000 -1.462120 -1.476452 -0.190000 -0.190000 -0.106462 -0.113140 0.420000 0.420000 0.232334 0.267870 -0.370000 -0.370000 0.569426 0.572023 0.420000 0.420000
3.860000 -1.021370 -1.409959 25.510000 25.510000 0.304432 0.249352 -1.450000 -1.450000 0.296884 0.355648 11.670000 11.670000 1.215957 1.463772 -2.550000 -2.550000 0.162045 -0.406784 -23.119999 -23.119999 0.124178 0.054870 1.360000 1.360000 -0.683996 -0.671444 -3.910000 -3.910000 -0.686969 -0.789320 4.490000 4.490000 -0.248056 -0.243322 11.849999 11.849999 1.196990 1.257152 10.900000 10.900000 0.701036 -0.316342 -18.000000 -18.000000 0.162427 0.193503 -2.060000 -2.060000 0.070850 0.082548 -0.390000 -0.390000 -0.091598 -0.090517 -2.130000 -2.130000 -0.009005 -0.068317 -1.250000 -1.250000 0.506847 0.556855 2.280000 2.280000 -0.632788 -0.646189 1.400000 1.400000 1.157483 1.179198 -0.830000 -0.830000 0.365986 0.360044 -0.480000 -0.480000 1.260762 1.290117 -1.550000 -1.550000 -1.488151 -1.473844 -1.410000 -1.410000 -0.121041 -0.109158 -0.130000 -0.130000 0.225226 0.250537 -0.660000 -0.660000 0.577430 0.572405 0.790000 0.790000
3.880000 -1.001169 -1.329287 34.899998 34.899998 0.317847 0.261686 -0.880000 -0.880000 0.292445 0.361149 12.530000 12.530000 1.123977 1.397742 -7.420000 -7.420000 0.112014 -0.401388 -22.490000 -22.490000 0.117076 0.050523 1.330000 1.330000 -0.649922 -0.645643 -1.370000 -1.370000 -0.662471 -0.735353 0.230000 0.230000 -0.225319 -0.204626 8.260000 8.260000 1.213531 1.209739 8.790000 8.790000 0.547137 -0.218889 -8.970000 -8.970000 0.127972 0.206127 -1.350000 -1.350000 0.088128 0.080444 2.510000 2.510000 -0.092510 -0.073631 -2.580000 -2.580000 0.026211 0.017708 -2.710000 -2.710000 0.492421 0.492707 6.310000 6.310000 -0.628446 -0.641300 4.770000 4.770000 1.140747 1.162449 0.070000 0.070000 0.370001 0.364653 0.260000 0.260000 1.256217 1.290239 -1.740000 -1.740000 -1.560255 -1.488245 -4.920000 -4.920000 -0.147756 -0.111964 -1.510000 -1.510000 0.234884 0.233192 0.650000 0.650000 0.587358 0.585096 -0.620000 -0.620000
3.900000 -0.958221 -1.262114 22.480000 22.480000 0.374487 0.266532 0.750000 0.750000 0.268371 0.352819 16.340000 16.340000 1.032837 1.334539 -10.840000 -10.840000 0.055217 -0.391744 -24.519999 -24.519999 0.126997 0.042406 2.020000 2.020000 -0.644567 -0.633217 -0.940000 -0.940000 -0.693736 -0.693465 -4.900000 -4.900000 -0.206872 -0.173017 4.090000 4.090000 1.217467 1.182534 4.610000 4.610000 0.200871 -0.123518 1.100000 1.100000 0.066027 0.195463 -1.380000 -1.380000 0.126312 0.092621 1.550000 1.550000 -0.095998 -0.072770 -0.480000 -0.480000 0.099887 0.079558 -1.770000 -1.770000 0.449152 0.444647 5.180000 5.180000 -0.641225 -0.639507 4.330000 4.330000 1.162276 1.151815 0.290000 0.290000 0.375740 0.367598 1.080000 1.080000 1.264394 1.290485 -1.680000 -1.680000 -1.595523 -1.512554 -4.200000 -4.200000 -0.162547 -0.123490 -2.290000 -2.290000 0.281600 0.243770 1.510000 1.510000 0.589859 0.586367 -1.280000 -1.280000
3.920000 -0.900486 -1.179248 23.490000 23.490000 0.382608 0.280501 2.130000 2.130000 0.274081 0.350792 18.910000 18.910000 0.953579 1.269525 -13.900000 -13.900000 -0.007182 -0.390230 -21.820000 -21.820000 0.120180 0.038699 1.650000 1.650000 -0.599111 -0.620838 0.340000 0.340000 -0.666974 -0.677294 -3.220000 -3.220000 -0.187487 -0.158158 3.190000 3.190000 1.239833 1.161630 2.520000 2.520000 0.016973 -0.034359 7.160000 7.160000 0.021378 0.162696 -0.200000 -0.200000 0.150933 0.108049 5.670000 5.670000 -0.090616 -0.080777 1.650000 1.650000 0.152151 0.128400 -0.360000 -0.360000 0.401075 0.403620 3.240000 3.240000 -0.648287 -0.644117 3.160000 3.160000 1.202437 1.164124 0.780000 0.780000 0.383800 0.367946 0.920000 0.920000 1.274115 1.290976 -1.080000 -1.080000 -1.622489 -1.555025 -1.390000 -1.390000 -0.184573 -0.139323 -0.090000 -0.090000 0.298150 0.268871 0.440000 0.440000 0.594319 0.586108 -0.000000 -0.000000
3.940000 -0.850019 -1.099880 12.759999 12.759999 0.414966 0.286687 4.570000 4.570000 0.273502 0.354747 21.270000 21.270000 0.864011 1.200152 -14.460000 -14.460000 -0.066566 -0.377309 -26.099998 -26.099998 0.058244 0.030134 1.390000 1.390000 -0.604776 -0.599010 -0.960000 -0.960000 -0.646613 -0.656923 -3.600000 -3.600000 -0.211482 -0.163943 2.890000 2.890000 1.241767 1.158746 2.560000 2.560000 -0.049464 0.023195 7.600000 7.600000 -0.028483 0.121470 -0.780000 -0.780000 0.127730 0.122302 2.720000 2.720000 -0.105091 -0.086827 -0.350000 -0.350000 0.207117 0.164111 0.460000 0.460000 0.366415 0.372535 2.830000 2.830000 -0.636513 -0.647167 1.890000 1.890000 1.232100 1.191631 0.460000 0.460000 0.393488 0.386056 0.530000 0.530000 1.279274 1.291221 -0.630000 -0.630000 -1.613814 -1.594690 1.180000 1.180000 -0.193267 -0.162224 1.050000 1.050000 0.307204 0.286811 0.270000 0.270000 0.601308 0.599710 -0.820000 -0.820000
3.960000 -0.796571 -1.032906 15.320000 15.320000 0.416202 0.296055 6.510000 6.510000 0.303134 0.353856 9.520000 9.520000 0.807700 1.139940 -18.809999 -18.809999 -0.223147 -0.362613 -23.939999 -23.939999 -0.030091 0.014592 0.300000 0.300000 -0.597244 -0.593242 0.080000 0.080000 -0.647708 -0.635357 -3.960000 -3.960000 -0.230905 -0.191362 0.160000 0.160000 1.223473 1.170185 1.340000 1.340000 -0.035436 0.037986 4.410000 4.410000 -0.041583 0.083089 -0.330000 -0.330000 0.117781 0.123418 0.050000 0.050000 -0.108953 -0.093111 -2.180000 -2.180000 0.245346 0.189023 2.060000 2.060000 0.345714 0.355805 0.710000 0.710000 -0.623149 -0.640939 0.360000 0.360000 1.235479 1.208796 0.180000 0.180000 0.401480 0.393891 0.630000 0.630000 1.287303 1.291221 -0.230000 -0.230000 -1.580292 -1.604796 1.700000 1.700000 -0.213388 -0.177521 2.760000 2.760000 0.282580 0.292589 -0.780000 -0.780000 0.609755 0.606859 0.630000 0.630000
3.980000 -0.755804 -0.941788 7.690000 7.690000 0.421284 0.298013 5.960000 5.960000 0.322936 0.367757 18.910000 18.910000 0.751406 1.076745 -17.029999 -17.029999 -0.353266 -0.356460 -17.770000 -17.770000 -0.066784 -0.001408 -0.370000 -0.370000 -0.611143 -0.591202 -1.870000 -1.870000 -0.637553 -0.628133 -2.960000 -2.960000 -0.264866 -0.227346 2.160000 2.160000 1.217016 1.188721 0.400000 0.400000 -0.039438 0.034223 1.280000 1.280000 -0.062256 0.048137 -0.070000 -0.070000 0.105792 0.120520 3.660000 3.660000 -0.112611 -0.088119 -3.430000 -3.430000 0.224401 0.200804 1.450000 1.450000 0.329780 0.345409 -0.270000 -0.270000 -0.613830 -0.631241 -1.100000 -1.100000 1.216936 1.213045 -0.400000 -0.400000 0.411052 0.396094 0.570000 0.570000 1.285639 1.288521 0.090000 0.090000 -1.570074 -1.604726 2.340000 2.340000 -0.234417 -0.203065 1.060000 1.060000 0.241824 0.277020 -0.650000 -0.650000 0.616149 0.617234 0.040000 0.040000
4.000000 -0.744129 -0.866469 1.830000 1.830000 0.405049 0.307283 6.290000 6.290000 0.362744 0.384408 14.330000 14.330000 0.692515 1.008503 -18.410000 -18.410000 -0.485541 -0.351916 -14.099999 -14.099999 -0.080410 -0.018239 -0.200000 -0.200000 -0.604571 -0.586569 -1.840000 -1.840000 -0.611358 -0.631080 -0.460000 -0.460000 -0.283647 -0.256880 2.400000 2.400000 1.188909 1.211985 -1.540000 -1.540000 -0.025894 0.022237 -1.170000 -1.170000 -0.052012 0.017532 0.120000 0.120000 0.116403 0.102205 6.130000 6.130000 -0.113405 -0.073582 -3.370000 -3.370000 0.226192 0.204609 0.640000 0.640000 0.326759 0.341171 -1.230000 -1.230000 -0.619564 -0.623510 -0.850000 -0.850000 1.194820 1.211730 -0.600000 -0.600000 0.416688 0.404086 -0.100000 -0.100000 1.281771 1.286926 -0.380000 -0.380000 -1.582712 -1.593375 -0.970000 -0.970000 -0.263476 -0.223636 0.770000 0.770000 0.204747 0.244579 -0.290000 -0.290000 0.617724 0.615413 0.380000 0.380000
4.020000 -0.700022 -0.797854 1.020000 1.020000 0.418752 0.311042 7.810000 7.810000 0.375896 0.399679 13.009999 13.009999 0.638721 0.952380 -23.529999 -23.529999 -0.508316 -0.340900 -13.030000 -13.030000 -0.041689 -0.030266 0.320000 0.320000 -0.587201 -0.581123 -0.800000 -0.800000 -0.587645 -0.615388 0.980000 0.980000 -0.299162 -0.285904 0.510000 0.510000 1.170642 1.224858 -3.930000 -3.930000 -0.042921 0.010747 -2.750000 -2.750000 -0.037902 0.000211 0.100000 0.100000 0.124813 0.097692 7.980000 7.980000 -0.105922 -0.062217 -1.750000 -1.750000 0.205714 0.213199 -0.550000 -0.550000 0.306176 0.343569 -2.380000 -2.380000 -0.617885 -0.621554 -3.270000 -3.270000 1.170397 1.197926 -0.490000 -0.490000 0.433506 0.417890 -0.290000 -0.290000 1.287246 1.288644 -0.300000 -0.300000 -1.619243 -1.590080 -2.760000 -2.760000 -0.309757 -0.244092 -0.240000 -0.240000 0.191427 0.220479 -0.730000 -0.730000 0.617197 0.621641 0.440000 0.440000
4.040000 -0.691556 -0.724684 0.080000 0.080000 0.424774 0.325148 8.000000 8.000000 0.392834 0.406130 12.620000 12.620000 0.566026 0.893389 -27.320000 -27.320000 -0.641032 -0.325340 -11.559999 -11.559999 -0.047512 -0.036498 0.440000 0.440000 -0.553619 -0.571996 0.550000 0.550000 -0.555711 -0.576741 2.130000 2.130000 -0.295727 -0.318208 -2.670000 -2.670000 1.138196 1.223506 -4.480000 -4.480000 -0.062378 0.001009 -3.690000 -3.690000 -0.004586 -0.008450 0.110000 0.110000 0.135006 0.097496 7.860000 7.860000 -0.099508 -0.057186 -0.870000 -0.870000 0.222948 0.225471 -1.280000 -1.280000 0.295678 0.336456 -2.360000 -2.360000 -0.627987 -0.622451 -1.930000 -1.930000 1.160735 1.185819 -0.820000 -0.820000 0.436583 0.430266 -0.520000 -0.520000 1.286777 1.294289 -0.570000 -0.570000 -1.653068 -1.609522 -1.800000 -1.800000 -0.321837 -0.275363 -1.050000 -1.050000 0.162704 0.189296 0.110000 0.110000 0.623200 0.622630 0.310000 0.310000
4.060000 -0.660715 -0.676440 -2.100000 -2.100000 0.437489 0.335104 8.750000 8.750000 0.400250 0.415576 12.059999 12.059999 0.518342 0.842108 -22.500000 -22.500000 -0.628567 -0.314051 -13.130000 -13.130000 -0.062512 -0.049377 0.570000 0.570000 -0.541577 -0.556181 0.650000 0.650000 -0.512355 -0.535010 2.340000 2.340000 -0.304889 -0.329515 -4.070000 -4.070000 1.101454 1.203258 -4.560000 -4.560000 -0.072631 -0.007522 -5.180000 -5.180000 0.044748 -0.004157 0.440000 0.440000 0.127885 0.103536 4.560000 4.560000 -0.089693 -0.060974 -0.300000 -0.300000 0.219328 0.242038 -1.880000 -1.880000 0.303102 0.321263 0.170000 0.170000 -0.622107 -0.623510 -0.110000 -0.110000 1.141111 1.176062 -1.230000 -1.230000 0.444028 0.439484 -1.270000 -1.270000 1.281502 1.297234 -0.650000 -0.650000 -1.695889 -1.625961 -2.660000 -2.660000 -0.331257 -0.291709 -2.270000 -2.270000 0.115287 0.164308 -1.080000 -1.080000 0.634223 0.626800 1.710000 1.710000
4.080000 -0.622886 -0.614375 -5.560000 -5.560000 0.416651 0.343444 6.500000 6.500000 0.410231 0.421391 9.260000 9.260000 0.473414 0.785346 -28.680000 -28.680000 -0.636043 -0.301331 -13.280000 -13.280000 -0.072271 -0.063620 0.680000 0.680000 -0.529207 -0.541117 0.830000 0.830000 -0.484114 -0.476804 0.580000 0.580000 -0.294630 -0.333587 -7.430000 -7.430000 1.059938 1.160499 -5.440000 -5.440000 -0.092903 -0.018053 -2.590000 -2.590000 0.103913 0.012696 0.350000 0.350000 0.137095 0.109008 4.030000 4.030000 -0.087302 -0.070753 1.040000 1.040000 0.211015 0.253328 -2.220000 -2.220000 0.320370 0.312380 1.340000 1.340000 -0.610384 -0.621799 0.800000 0.800000 1.107771 1.150568 -0.490000 -0.490000 0.448895 0.449038 -0.350000 -0.350000 1.272237 1.294044 -0.910000 -0.910000 -1.740028 -1.663950 -1.300000 -1.300000 -0.321332 -0.307297 -2.380000 -2.380000 0.064109 0.115702 1.060000 1.060000 0.641693 0.637524 -0.470000 -0.470000
4.100000 -0.604536 -0.562971 -6.100000 -6.100000 0.393194 0.340527 6.140000 6.140000 0.428129 0.427362 6.510000 6.510000 0.437305 0.731378 -27.090000 -27.090000 -0.641054 -0.287061 -12.020000 -12.020000 -0.089271 -0.076989 0.450000 0.450000 -0.503458 -0.529766 1.120000 1.120000 -0.455986 -0.425941 -1.140000 -1.140000 -0.275083 -0.319706 -8.349999 -8.349999 1.004961 1.100410 -4.230000 -4.230000 -0.113719 -0.031270 -2.770000 -2.770000 0.160512 0.038944 0.620000 0.620000 0.140535 0.109419 3.210000 3.210000 -0.080950 -0.080758 3.780000 3.780000 0.209714 0.254555 -2.370000 -2.370000 0.366636 0.308864 4.630000 4.630000 -0.604449 -0.617747 3.590000 3.590000 1.073857 1.118722 -0.700000 -0.700000 0.447988 0.446779 -1.000000 -1.000000 1.266535 1.290976 -1.520000 -1.520000 -1.798794 -1.709401 -2.240000 -2.240000 -0.324671 -0.314283 -2.180000 -2.180000 0.022288 0.075797 0.020000 0.020000 0.655289 0.648540 -0.250000 -0.250000
4.120000 -0.570524 -0.520863 -5.240000 -5.240000 0.378991 0.329622 6.010000 6.010000 0.435600 0.434175 6.670000 6.670000 0.389644 0.684064 -24.170000 -24.170000 -0.602862 -0.268413 -8.720000 -8.720000 -0.078188 -0.088387 0.700000 0.700000 -0.496363 -0.513490 0.660000 0.660000 -0.420090 -0.382419 -2.680000 -2.680000 -0.260093 -0.301518 -8.929999 -8.929999 0.954504 1.033241 -5.100000 -5.100000 -0.140441 -0.045008 -0.950000 -0.950000 0.187615 0.074502 0.120000 0.120000 0.144839 0.098926 4.700000 4.700000 -0.092063 -0.090527 6.070000 6.070000 0.180369 0.247437 -2.500000 -2.500000 0.376282 0.316525 4.360000 4.360000 -0.599362 -0.614790 2.990000 2.990000 1.050771 1.080368 0.170000 0.170000 0.449199 0.444126 0.760000 0.760000 1.254813 1.291221 -1.850000 -1.850000 -1.833211 -1.754934 -1.890000 -1.890000 -0.328230 -0.317368 -1.440000 -1.440000 0.012335 0.043737 0.050000 0.050000 0.658772 0.660545 0.200000 0.200000
4.140000 -0.512970 -0.478786 -4.880000 -4.880000 0.357746 0.315477 4.400000 4.400000 0.439362 0.442114 6.200000 6.200000 0.394780 0.630407 -22.029999 -22.029999 -0.545313 -0.245126 -7.860000 -7.860000 -0.079438 -0.095855 0.800000 0.800000 -0.453326 -0.498656 2.850000 2.850000 -0.400083 -0.344819 -4.920000 -4.920000 -0.245562 -0.280344 -9.630000 -9.630000 0.868979 0.947979 -1.730000 -1.730000 -0.185394 -0.065206 -1.390000 -1.390000 0.228254 0.111105 0.590000 0.590000 0.131162 0.085612 4.330000 4.330000 -0.096831 -0.103116 5.950000 5.950000 0.163806 0.223998 -1.270000 -1.270000 0.413166 0.333557 3.550000 3.550000 -0.597586 -0.609540 3.190000 3.190000 1.014728 1.051333 -0.450000 -0.450000 0.450537 0.443800 0.090000 0.090000 1.254182 1.291221 -1.890000 -1.890000 -1.878431 -1.802656 -1.220000 -1.220000 -0.320999 -0.318823 -1.080000 -1.080000 0.013814 0.025336 -0.590000 -0.590000 0.658364 0.661748 0.280000 0.280000
4.160000 -0.458680 -0.445990 -2.340000 -2.340000 0.350593 0.300049 5.030000 5.030000 0.432867 0.452256 7.050000 7.050000 0.411147 0.587666 -15.230000 -15.230000 -0.370408 -0.215592 -6.350000 -6.350000 -0.064555 -0.103525 1.010000 1.010000 -0.465985 -0.479160 0.370000 0.370000 -0.367488 -0.322637 -3.510000 -3.510000 -0.241873 -0.262704 -7.010000 -7.010000 0.773607 0.852548 -1.420000 -1.420000 -0.239652 -0.090386 -1.020000 -1.020000 0.251082 0.147718 0.190000 0.190000 0.097766 0.069421 4.230000 4.230000 -0.123495 -0.118328 4.530000 4.530000 0.123626 0.189760 -1.240000 -1.240000 0.411965 0.361452 1.630000 1.630000 -0.611697 -0.607328 1.560000 1.560000 0.988932 1.019139 0.280000 0.280000 0.460586 0.454839 0.300000 0.300000 1.259727 1.290853 -1.760000 -1.760000 -1.863424 -1.844859 0.460000 0.460000 -0.331225 -0.320046 1.610000 1.610000 0.021217 0.023223 -0.520000 -0.520000 0.656252 0.662243 0.110000 0.110000
4.180000 -0.387133 -0.422136 1.940000 1.940000 0.319667 0.281812 2.860000 2.860000 0.425464 0.450543 8.030000 8.030000 0.536144 0.560501 -4.840000 -4.840000 -0.257451 -0.184602 0.440000 0.440000 -0.074964 -0.109533 1.020000 1.020000 -0.415219 -0.459954 2.980000 2.980000 -0.371285 -0.312114 -3.700000 -3.700000 -0.231241 -0.250321 -7.720000 -7.720000 0.679840 0.754519 -3.040000 -3.040000 -0.315802 -0.121115 -0.990000 -0.990000 0.262546 0.178004 -0.070000 -0.070000 0.037403 0.050068 0.280000 0.280000 -0.134170 -0.131083 0.850000 0.850000 0.098590 0.151226 -0.490000 -0.490000 0.475317 0.391733 2.180000 2.180000 -0.616123 -0.610809 2.180000 2.180000 0.973574 0.999164 -0.250000 -0.250000 0.469388 0.462966 -0.240000 -0.240000 1.282775 1.290485 -0.550000 -0.550000 -1.831748 -1.851390 1.480000 1.480000 -0.322066 -0.324225 1.170000 1.170000 0.018579 0.022312 -0.420000 -0.420000 0.654954 0.660276 0.150000 0.150000
4.200000 -0.370510 -0.407103 3.510000 3.510000 0.304042 0.259924 3.840000 3.840000 0.421319 0.444199 8.370000 8.370000 0.528030 0.551488 -2.190000 -2.190000 -0.173923 -0.163162 -0.260000 -0.260000 -0.089373 -0.113165 0.490000 0.490000 -0.398027 -0.431223 0.670000 0.670000 -0.343331 -0.311977 -2.890000 -2.890000 -0.243728 -0.244154 -3.410000 -3.410000 0.610527 0.661079 -1.980000 -1.980000 -0.355266 -0.156933 0.660000 0.660000 0.253401 0.200214 -0.070000 -0.070000 -0.004370 0.023002 -0.360000 -0.360000 -0.143799 -0.141665 -0.580000 -0.580000 0.051310 0.112202 -0.220000 -0.220000 0.511795 0.433215 2.410000 2.410000 -0.618351 -0.615547 1.740000 1.740000 0.931109 0.974175 -0.750000 -0.750000 0.477993 0.471138 -0.240000 -0.240000 1.275976 1.291467 -0.710000 -0.710000 -1.811980 -1.845080 1.590000 1.590000 -0.339159 -0.326880 2.060000 2.060000 0.013612 0.020311 -0.370000 -0.370000 0.652247 0.659107 0.190000 0.190000
4.220000 -0.354416 -0.409312 4.200000 4.200000 0.273613 0.242715 2.700000 2.700000 0.415612 0.439559 6.300000 6.300000 0.547110 0.547218 -2.290000 -2.290000 -0.192493 -0.153660 -0.500000 -0.500000 -0.117171 -0.122561 0.900000 0.900000 -0.374233 -0.396815 0.890000 0.890000 -0.342591 -0.318917 -1.320000 -1.320000 -0.243721 -0.245554 -2.010000 -2.010000 0.545185 0.565770 0.110000 0.110000 -0.374700 -0.205600 0.980000 0.980000 0.241685 0.212071 0.890000 0.890000 -0.038126 -0.013286 -0.520000 -0.520000 -0.137921 -0.144024 -0.310000 -0.310000 0.034263 0.062010 1.040000 1.040000 0.586067 0.481262 2.650000 2.650000 -0.611428 -0.617328 2.210000 2.210000 0.879465 0.930785 -0.510000 -0.510000 0.475571 0.476938 -0.400000 -0.400000 1.272715 1.290608 -0.880000 -0.880000 -1.798503 -1.835149 1.420000 1.420000 -0.333614 -0.332387 0.920000 0.920000 0.005399 0.012870 -0.020000 -0.020000 0.652665 0.652205 0.030000 0.030000
4.240000 -0.352102 -0.407564 3.830000 3.830000 0.272003 0.230929 1.020000 1.020000 0.393347 0.427499 5.370000 5.370000 0.457750 0.560092 -5.250000 -5.250000 -0.151453 -0.152678 -5.320000 -5.320000 -0.144299 -0.137901 0.630000 0.630000 -0.372329 -0.390986 1.050000 1.050000 -0.323572 -0.320444 -1.750000 -1.750000 -0.254808 -0.254619 -4.460000 -4.460000 0.528701 0.539532 -7.470000 -7.470000 -0.300871 -0.249026 -6.900000 -6.900000 0.219715 0.171601 3.370000 3.370000 -0.032826 -0.035126 -2.690000 -2.690000 -0.123895 -0.135635 -1.420000 -1.420000 -0.020008 0.016604 0.510000 0.510000 0.613950 0.533152 3.930000 3.930000 -0.592961 -0.613312 1.720000 1.720000 0.839713 0.893476 -0.610000 -0.610000 0.472907 0.467777 -0.470000 -0.470000 1.235507 1.289012 -2.560000 -2.560000 -1.798146 -1.820992 1.260000 1.260000 -0.335510 -0.338068 -0.230000 -0.230000 0.017253 0.015028 -0.230000 -0.230000 0.650922 0.652632 -0.000000 -0.000000
4.260000 -0.382069 -0.400016 1.080000 1.080000 0.278842 0.249479 1.210000 1.210000 0.375837 0.401294 4.530000 4.530000 0.476866 0.544932 -4.650000 -4.650000 -0.172373 -0.150453 -3.900000 -3.900000 -0.173177 -0.146998 0.160000 0.160000 -0.422749 -0.384068 -2.760000 -2.760000 -0.359737 -0.301375 -2.820000 -2.820000 -0.252624 -0.269694 -5.980000 -5.980000 0.461246 0.616231 -8.639999 -8.639999 -0.307986 -0.254375 -9.250000 -9.250000 0.207427 0.154014 0.790000 0.790000 -0.083160 -0.017280 -5.330000 -5.330000 -0.107485 -0.118925 -5.270000 -5.270000 -0.045471 -0.027329 1.030000 1.030000 0.691596 0.563387 5.580000 5.580000 -0.592088 -0.606105 5.680000 5.680000 0.831306 0.854684 0.670000 0.670000 0.478645 0.470823 0.830000 0.830000 1.218377 1.288767 -3.790000 -3.790000 -1.797970 -1.810281 -0.440000 -0.440000 -0.333046 -0.335111 0.120000 0.120000 0.038235 0.018479 1.330000 1.330000 0.655606 0.653767 -1.240000 -1.240000
4.280000 -0.363840 -0.389140 1.840000 1.840000 0.279039 0.249186 1.630000 1.630000 0.364329 0.383928 6.230000 6.230000 0.491206 0.536820 -4.250000 -4.250000 -0.151738 -0.148063 -3.570000 -3.570000 -0.201337 -0.171158 0.920000 0.920000 -0.379783 -0.395266 0.680000 0.680000 -0.339308 -0.321717 0.490000 0.490000 -0.237452 -0.268539 -4.800000 -4.800000 0.551093 0.628080 -3.290000 -3.290000 -0.208157 -0.262657 -8.460000 -8.460000 0.197188 0.164581 0.470000 0.470000 -0.075177 -0.031386 -4.040000 -4.040000 -0.092345 -0.106190 -2.790000 -2.790000 -0.102103 -0.062550 -0.150000 -0.150000 0.682771 0.605008 2.860000 2.860000 -0.574538 -0.599714 1.660000 1.660000 0.830855 0.840970 -0.490000 -0.490000 0.491451 0.481367 -0.210000 -0.210000 1.228800 1.288153 -3.310000 -3.310000 -1.788593 -1.797091 -1.980000 -1.980000 -0.357015 -0.330791 0.580000 0.580000 0.020148 0.019693 -0.280000 -0.280000 0.655246 0.654397 0.170000 0.170000
4.300000 -0.360536 -0.378832 1.240000 1.240000 0.291102 0.237341 2.650000 2.650000 0.350833 0.379562 6.940000 6.940000 0.475267 0.540728 -4.110000 -4.110000 -0.185657 -0.147081 -3.370000 -3.370000 -0.216312 -0.188373 0.200000 0.200000 -0.383051 -0.391032 1.040000 1.040000 -0.324998 -0.322549 -0.030000 -0.030000 -0.243582 -0.257350 -2.880000 -2.880000 0.582011 0.646050 -3.340000 -3.340000 -0.234329 -0.289932 -8.620000 -8.620000 0.176226 0.145130 1.690000 1.690000 -0.083295 -0.049447 -5.790000 -5.790000 -0.070758 -0.095197 -1.830000 -1.830000 -0.119582 -0.092248 -0.120000 -0.120000 0.683776 0.645464 -0.530000 -0.530000 -0.565259 -0.586011 -0.230000 -0.230000 0.847946 0.843117 -0.100000 -0.100000 0.499621 0.493002 0.210000 0.210000 1.235311 1.288153 -2.780000 -2.780000 -1.780748 -1.780116 -2.030000 -2.030000 -0.374479 -0.341433 -0.820000 -0.820000 -0.009009 0.009779 -0.530000 -0.530000 0.654558 0.653902 0.350000 0.350000
4.320000 -0.350450 -0.368324 0.710000 0.710000 0.296254 0.246317 2.020000 2.020000 0.337866 0.369881 7.920000 7.920000 0.495902 0.536566 -2.280000 -2.280000 -0.119334 -0.151672 -3.830000 -3.830000 -0.219552 -0.200954 0.350000 0.350000 -0.358774 -0.397659 2.880000 2.880000 -0.346803 -0.310401 -1.940000 -1.940000 -0.234018 -0.249548 -3.970000 -3.970000 0.589526 0.679680 -2.180000 -2.180000 -0.142085 -0.321004 -9.389999 -9.389999 0.173906 0.129832 1.220000 1.220000 -0.030504 -0.049349 -1.930000 -1.930000 -0.051383 -0.082529 3.050000 3.050000 -0.135423 -0.117528 0.010000 0.010000 0.616813 0.662590 -3.300000 -3.300000 -0.571721 -0.574660 -3.510000 -3.510000 0.845261 0.844511 -0.280000 -0.280000 0.503689 0.495317 0.330000 0.330000 1.240388 1.283981 -2.030000 -2.030000 -1.767500 -1.771116 -1.090000 -1.090000 -0.378128 -0.352830 0.020000 0.020000 0.047588 0.020042 0.840000 0.840000 0.665382 0.655599 -0.460000 -0.460000
4.340000 -0.347194 -0.359811 0.810000 0.810000 0.299910 0.256586 0.670000 0.670000 0.327941 0.361981 6.550000 6.550000 0.482111 0.541605 -2.230000 -2.230000 -0.007470 -0.153175 -7.200000 -7.200000 -0.220604 -0.216432 0.990000 0.990000 -0.321746 -0.391462 4.460000 4.460000 -0.311053 -0.311859 -0.710000 -0.710000 -0.241442 -0.245603 -3.330000 -3.330000 0.620019 0.692545 2.510000 2.510000 0.186705 -0.323939 -13.349999 -13.349999 0.195091 0.130908 0.930000 0.930000 -0.024310 -0.031543 -0.900000 -0.900000 -0.050637 -0.067308 1.090000 1.090000 -0.128851 -0.136426 1.410000 1.410000 0.579263 0.657677 -5.880000 -5.880000 -0.573076 -0.571237 -4.650000 -4.650000 0.866090 0.855089 -0.370000 -0.370000 0.508938 0.501106 -0.010000 -0.010000 1.257898 1.279563 -1.570000 -1.570000 -1.765018 -1.761419 -1.430000 -1.430000 -0.386105 -0.363343 -0.640000 -0.640000 0.092107 0.041894 0.980000 0.980000 0.673471 0.664637 -0.540000 -0.540000
4.360000 -0.368979 -0.352540 -1.350000 -1.350000 0.304765 0.273247 -0.340000 -0.340000 0.317582 0.351487 4.590000 4.590000 0.447022 0.548595 -2.470000 -2.470000 0.047340 -0.150607 -10.110000 -10.110000 -0.232337 -0.227085 0.500000 0.500000 -0.333869 -0.376797 3.310000 3.310000 -0.281275 -0.287612 -1.060000 -1.060000 -0.267064 -0.257653 -1.040000 -1.040000 0.587086 0.700592 3.990000 3.990000 0.308744 -0.309598 -18.510000 -18.510000 0.166238 0.123643 1.560000 1.560000 0.007013 -0.017202 -1.550000 -1.550000 -0.035895 -0.057039 2.440000 2.440000 -0.154321 -0.153607 0.930000 0.930000 0.563665 0.636290 -4.570000 -4.570000 -0.579722 -0.565567 -1.170000 -1.170000 0.885609 0.868106 0.040000 0.040000 0.515665 0.508908 0.080000 0.080000 1.247918 1.280667 -1.650000 -1.650000 -1.755934 -1.758066 -0.800000 -0.800000 -0.399761 -0.370492 0.760000 0.760000 0.121828 0.075235 0.290000 0.290000 0.674752 0.672214 -0.400000 -0.400000
4.380000 -0.334697 -0.343336 0.070000 0.070000 0.354520 0.294607 2.170000 2.170000 0.300685 0.332653 6.720000 6.720000 0.459889 0.545317 -1.940000 -1.940000 0.025202 -0.152051 -9.290000 -9.290000 -0.227935 -0.238835 0.880000 0.880000 -0.271673 -0.355536 4.690000 4.690000 -0.256837 -0.257706 -1.380000 -1.380000 -0.292178 -0.275499 -0.450000 -0.450000 0.579933 0.699764 4.910000 4.910000 0.330373 -0.310343 -20.059999 -20.059999 0.148665 0.111893 1.210000 1.210000 0.017206 0.018274 -4.230000 -4.230000 -0.030434 -0.050930 0.180000 0.180000 -0.164381 -0.167597 0.520000 0.520000 0.553606 0.594180 -0.380000 -0.380000 -0.594025 -0.570352 1.210000 1.210000 0.892613 0.877312 -0.020000 -0.020000 0.523529 0.514359 0.730000 0.730000 1.244663 1.279808 -1.560000 -1.560000 -1.816976 -1.760266 -3.420000 -3.420000 -0.401693 -0.382751 -3.130000 -3.130000 0.127439 0.106664 -0.170000 -0.170000 0.683778 0.681004 -0.080000 -0.080000
4.400000 -0.342805 -0.329192 -1.260000 -1.260000 0.347026 0.322182 1.380000 1.380000 0.299898 0.313985 3.930000 3.930000 0.492516 0.542720 -0.120000 -0.120000 0.053514 -0.155754 -7.220000 -7.220000 -0.173285 -0.247282 1.500000 1.500000 -0.229071 -0.326390 6.840000 6.840000 -0.229538 -0.236856 -0.740000 -0.740000 -0.308875 -0.297974 0.000000 0.000000 0.565217 0.688366 8.510000 8.510000 0.563229 -0.317999 -23.740000 -23.740000 0.117136 0.104937 0.720000 0.720000 0.019501 0.051135 -6.800000 -6.800000 -0.028039 -0.052232 -0.940000 -0.940000 -0.163293 -0.172383 0.100000 0.100000 0.554408 0.558567 3.970000 3.970000 -0.599756 -0.582891 3.130000 3.130000 0.902620 0.884956 0.100000 0.100000 0.529317 0.515394 0.440000 0.440000 1.220804 1.278458 -3.030000 -3.030000 -1.840679 -1.773725 -4.120000 -4.120000 -0.402972 -0.385382 -1.820000 -1.820000 0.144468 0.124616 0.240000 0.240000 0.692060 0.687872 0.220000 0.220000
4.420000 -0.325954 -0.319927 -0.640000 -0.640000 0.353170 0.335055 0.580000 0.580000 0.296714 0.305890 1.400000 1.400000 0.509436 0.542335 1.140000 1.140000 0.030314 -0.155837 -5.560000 -5.560000 -0.130810 -0.245024 1.850000 1.850000 -0.196254 -0.294852 6.070000 6.070000 -0.195911 -0.207498 -0.390000 -0.390000 -0.331384 -0.322770 -1.480000 -1.480000 0.568048 0.660784 11.800000 11.800000 0.653635 -0.309053 -24.769999 -24.769999 0.098201 0.089193 1.000000 1.000000 0.015740 0.073161 -9.809999 -9.809999 -0.025738 -0.056853 -3.230000 -3.230000 -0.148978 -0.165633 0.270000 0.270000 0.545117 0.518471 6.150000 6.150000 -0.605701 -0.596000 5.170000 5.170000 0.899441 0.890104 -0.150000 -0.150000 0.539204 0.522858 0.930000 0.930000 1.211759 1.278090 -3.680000 -3.680000 -1.859411 -1.798604 -2.850000 -2.850000 -0.394039 -0.385487 -1.460000 -1.460000 0.142940 0.134171 0.590000 0.590000 0.701822 0.694324 -0.060000 -0.060000
4.440000 -0.349629 -0.308223 -3.610000 -3.610000 0.343854 0.350414 0.340000 0.340000 0.310968 0.298421 -2.060000 -2.060000 0.539071 0.543170 3.110000 3.110000 0.055781 -0.153684 -4.050000 -4.050000 -0.091147 -0.231388 1.600000 1.600000 -0.174072 -0.261886 6.610000 6.610000 -0.189322 -0.177211 -1.080000 -1.080000 -0.343625 -0.344091 -2.520000 -2.520000 0.577897 0.647091 15.759999 15.759999 0.794302 -0.309964 -25.740000 -25.740000 0.061970 0.067280 0.970000 0.970000 0.031432 0.094041 -9.830000 -9.830000 -0.035887 -0.056451 -5.110000 -5.110000 -0.151664 -0.154834 -0.040000 -0.040000 0.556776 0.499925 6.020000 6.020000 -0.616485 -0.606489 4.870000 4.870000 0.895897 0.889351 -0.270000 -0.270000 0.541612 0.523611 1.000000 1.000000 1.213912 1.278090 -3.480000 -3.480000 -1.882378 -1.826289 -2.740000 -2.740000 -0.397605 -0.384579 -1.100000 -1.100000 0.132405 0.134575 0.550000 0.550000 0.708910 0.696505 0.420000 0.420000
4.460000 -0.381242 -0.301811 -6.550000 -6.550000 0.337340 0.359283 0.420000 0.420000 0.329651 0.298010 -4.900000 -4.900000 0.594537 0.545956 4.780000 4.780000 0.018688 -0.148146 -0.180000 -0.180000 -0.044819 -0.211052 1.410000 1.410000 -0.155297 -0.241392 6.140000 6.140000 -0.202212 -0.167402 -2.860000 -2.860000 -0.357778 -0.354996 -4.080000 -4.080000 0.551382 0.646108 14.880000 14.880000 0.837420 -0.310864 -27.010000 -27.010000 0.059698 0.060100 0.140000 0.140000 0.041777 0.108871 -8.190000 -8.190000 -0.036211 -0.055913 -5.410000 -5.410000 -0.114437 -0.150907 1.600000 1.600000 0.545927 0.496537 2.710000 2.710000 -0.643912 -0.615466 4.610000 4.610000 0.901881 0.888081 0.050000 0.050000 0.544977 0.525668 1.140000 1.140000 1.212874 1.278090 -3.320000 -3.320000 -1.875577 -1.848968 -1.120000 -1.120000 -0.399077 -0.385277 0.310000 0.310000 0.137017 0.134834 0.640000 0.640000 0.712446 0.697191 0.510000 0.510000
4.480000 -0.400343 -0.301596 -8.010000 -8.010000 0.345293 0.365763 0.470000 0.470000 0.347036 0.307505 -5.740000 -5.740000 0.628264 0.562452 4.080000 4.080000 -0.033635 -0.140609 1.600000 1.600000 -0.022423 -0.174780 0.690000 0.690000 -0.146396 -0.225439 5.510000 5.510000 -0.211417 -0.166267 -4.400000 -4.400000 -0.372953 -0.368426 -4.350000 -4.350000 0.521739 0.643740 11.290000 11.290000 0.694247 -0.309030 -27.900000 -27.900000 0.054338 0.056286 0.260000 0.260000 0.053298 0.107334 -6.200000 -6.200000 -0.043412 -0.051635 -4.690000 -4.690000 -0.085679 -0.143421 2.790000 2.790000 0.527581 0.503278 0.500000 0.500000 -0.665332 -0.628423 1.630000 1.630000 0.924949 0.897051 0.240000 0.240000 0.548362 0.529287 0.970000 0.970000 1.226726 1.277968 -2.750000 -2.750000 -1.870767 -1.860843 0.000000 0.000000 -0.400186 -0.390609 -0.020000 -0.020000 0.128387 0.132957 0.450000 0.450000 0.709906 0.696977 0.540000 0.540000
4.500000 -0.431776 -0.305247 -10.030000 -10.030000 0.347478 0.373173 -0.550000 -0.550000 0.355517 0.325625 -5.130000 -5.130000 0.667565 0.589837 4.110000 4.110000 -0.077303 -0.134172 2.590000 2.590000 -0.030810 -0.139072 0.070000 0.070000 -0.134897 -0.203810 4.980000 4.980000 -0.229255 -0.168430 -4.850000 -4.850000 -0.382551 -0.382180 -6.240000 -6.240000 0.497772 0.635988 9.980000 9.980000 0.585044 -0.322069 -26.459999 -26.459999 0.029418 0.051216 -0.230000 -0.230000 0.059894 0.102870 -5.350000 -5.350000 -0.041680 -0.050265 -3.510000 -3.510000 -0.076562 -0.140353 3.030000 3.030000 0.524082 0.508272 0.060000 0.060000 -0.683746 -0.645153 1.440000 1.440000 0.938797 0.915318 0.360000 0.360000 0.550215 0.542383 0.460000 0.460000 1.238339 1.277968 -2.190000 -2.190000 -1.873738 -1.864406 -0.820000 -0.820000 -0.408804 -0.395522 -0.040000 -0.040000 0.116875 0.129427 -0.100000 -0.100000 0.707847 0.696797 0.760000 0.760000
4.520000 -0.444184 -0.313086 -9.280000 -9.280000 0.342651 0.376717 -2.650000 -2.650000 0.355801 0.348355 -3.190000 -3.190000 0.705820 0.626253 3.790000 3.790000 -0.108552 -0.128658 3.330000 3.330000 -0.056630 -0.109533 -0.410000 -0.410000 -0.130777 -0.172808 2.010000 2.010000 -0.226471 -0.173863 -4.320000 -4.320000 -0.393566 -0.396540 -7.090000 -7.090000 0.467743 0.618149 10.139999 10.139999 0.530338 -0.347829 -27.570000 -27.570000 0.013903 0.048595 -0.170000 -0.170000 0.060903 0.098299 -3.340000 -3.340000 -0.037243 -0.045889 -2.760000 -2.760000 -0.064484 -0.131027 2.490000 2.490000 0.511797 0.511742 -0.210000 -0.210000 -0.690792 -0.662500 0.240000 0.240000 0.934301 0.924749 0.070000 0.070000 0.551869 0.549364 0.100000 0.100000 1.242737 1.277109 -1.860000 -1.860000 -1.858744 -1.866024 -0.260000 -0.260000 -0.413137 -0.398957 0.740000 0.740000 0.119263 0.126077 0.130000 0.130000 0.712427 0.701406 0.300000 0.300000
4.540000 -0.416389 -0.324422 -6.680000 -6.680000 0.344647 0.371881 -3.510000 -3.510000 0.344939 0.357928 -1.940000 -1.940000 0.737578 0.669953 3.550000 3.550000 -0.130969 -0.124883 3.720000 3.720000 -0.075785 -0.095002 -0.150000 -0.150000 -0.137267 -0.141070 -0.330000 -0.330000 -0.233438 -0.171817 -4.260000 -4.260000 -0.394206 -0.409472 -7.950000 -7.950000 0.455580 0.600408 8.179999 8.179999 0.605212 -0.370938 -29.459999 -29.459999 0.014245 0.038582 -0.170000 -0.170000 0.055467 0.090957 -3.210000 -3.210000 -0.043850 -0.038880 -4.380000 -4.380000 -0.044877 -0.107342 1.750000 1.750000 0.497193 0.507690 -0.070000 -0.070000 -0.681020 -0.674003 -0.450000 -0.450000 0.929028 0.927874 -0.200000 -0.200000 0.554012 0.553141 -0.410000 -0.410000 1.245365 1.276127 -1.370000 -1.370000 -1.830150 -1.856640 1.180000 1.180000 -0.387010 -0.402543 -0.380000 -0.380000 0.148864 0.126392 0.840000 0.840000 0.715333 0.709320 -0.850000 -0.850000
4.560000 -0.412762 -0.341480 -4.830000 -4.830000 0.332099 0.364031 -2.920000 -2.920000 0.337198 0.350117 -2.030000 -2.030000 0.744685 0.719365 0.020000 0.020000 -0.150191 -0.123889 0.680000 0.680000 -0.081822 -0.091647 0.240000 0.240000 -0.153083 -0.121389 -2.580000 -2.580000 -0.237780 -0.175194 -3.180000 -3.180000 -0.393242 -0.416569 -8.540000 -8.540000 0.426913 0.597728 7.450000 7.450000 0.679233 -0.372109 -29.910000 -29.910000 0.027612 0.041852 -0.360000 -0.360000 0.050086 0.089587 -3.720000 -3.720000 -0.042178 -0.036080 -5.360000 -5.360000 -0.020491 -0.075681 1.080000 1.080000 0.474637 0.493848 0.490000 0.490000 -0.660704 -0.673595 -0.190000 -0.190000 0.926672 0.928649 -0.130000 -0.130000 0.556365 0.555985 -0.130000 -0.130000 1.247506 1.275268 -1.370000 -1.370000 -1.802054 -1.836069 0.440000 0.440000 -0.356232 -0.390237 0.080000 0.080000 0.187116 0.149526 -0.050000 -0.050000 0.712906 0.719459 -0.300000 -0.300000
4.580000 -0.386576 -0.362464 -1.570000 -1.570000 0.310181 0.345637 -2.620000 -2.620000 0.313761 0.333857 -1.280000 -1.280000 0.763415 0.763041 -1.340000 -1.340000 -0.170217 -0.125782 -0.180000 -0.180000 -0.100849 -0.092169 -0.190000 -0.190000 -0.168626 -0.115130 -4.350000 -4.350000 -0.223549 -0.182791 -2.890000 -2.890000 -0.395885 -0.417626 -7.380000 -7.380000 0.408262 0.595368 5.850000 5.850000 0.601836 -0.364110 -29.269999 -29.269999 0.043118 0.042385 -0.090000 -0.090000 0.054986 0.091985 -3.120000 -3.120000 -0.036080 -0.032468 -4.450000 -4.450000 0.016700 -0.043406 1.270000 1.270000 0.459457 0.475138 1.000000 1.000000 -0.635018 -0.664270 -0.090000 -0.090000 0.942149 0.930864 0.540000 0.540000 0.549983 0.555074 0.270000 0.270000 1.250448 1.275268 -1.240000 -1.240000 -1.780700 -1.816894 1.130000 1.130000 -0.343858 -0.371924 0.990000 0.990000 0.207184 0.173952 0.150000 0.150000 0.711958 0.714524 -0.320000 -0.320000
4.600000 -0.381442 -0.378034 0.090000 0.090000 0.291621 0.314841 -1.830000 -1.830000 0.289689 0.311460 0.000000 0.000000 0.766552 0.797138 -2.120000 -2.120000 -0.181245 -0.132444 -1.620000 -1.620000 -0.118956 -0.095109 -0.110000 -0.110000 -0.163088 -0.111587 -4.160000 -4.160000 -0.220021 -0.179874 -1.610000 -1.610000 -0.389762 -0.413926 -6.820000 -6.820000 0.396329 0.590337 5.950000 5.950000 0.558323 -0.367566 -29.789999 -29.789999 0.055407 0.045154 -0.040000 -0.040000 0.065248 0.093316 -2.520000 -2.520000 -0.029978 -0.026125 -4.740000 -4.740000 0.048799 -0.006099 0.730000 0.730000 0.423924 0.451016 0.990000 0.990000 -0.613517 -0.647784 -0.030000 -0.030000 0.954507 0.935506 0.800000 0.800000 0.546877 0.553916 0.490000 0.490000 1.245789 1.270359 -0.850000 -0.850000 -1.763422 -1.795658 0.160000 0.160000 -0.341077 -0.358093 0.290000 0.290000 0.231728 0.198042 0.090000 0.090000 0.706902 0.709567 -0.310000 -0.310000
4.620000 -0.388099 -0.390920 0.610000 0.610000 0.259951 0.283839 -1.610000 -1.610000 0.272701 0.288113 -0.180000 -0.180000 0.754070 0.810216 -3.090000 -3.090000 -0.197072 -0.145034 -3.400000 -3.400000 -0.137464 -0.100339 -0.290000 -0.290000 -0.137302 -0.108243 -2.600000 -2.600000 -0.201172 -0.177788 0.170000 0.170000 -0.377688 -0.412624 -6.350000 -6.350000 0.413245 0.580651 7.610000 7.610000 0.698632 -0.381457 -31.760000 -31.760000 0.055451 0.051365 -0.240000 -0.240000 0.067244 0.101197 -2.280000 -2.280000 -0.023007 -0.014623 -6.330000 -6.330000 0.075402 0.035380 0.240000 0.240000 0.410113 0.421933 2.130000 2.130000 -0.586468 -0.628156 1.990000 1.990000 0.961039 0.946545 0.130000 0.130000 0.541212 0.543844 0.110000 0.110000 1.239508 1.263241 -1.140000 -1.140000 -1.758700 -1.776146 -0.490000 -0.490000 -0.348761 -0.350618 0.330000 0.330000 0.254046 0.223143 0.000000 0.000000 0.696899 0.709601 -1.070000 -1.070000
4.640000 -0.391852 -0.400016 0.910000 0.910000 0.218472 0.257036 -3.420000 -3.420000 0.251877 0.269103 -1.750000 -1.750000 0.732834 0.803513 -2.900000 -2.900000 -0.214656 -0.167634 -4.350000 -4.350000 -0.146275 -0.107210 -0.230000 -0.230000 -0.115735 -0.108059 -0.430000 -0.430000 -0.179626 -0.169419 1.130000 1.130000 -0.366638 -0.406094 -5.090000 -5.090000 0.432939 0.578701 12.099999 12.099999 0.891747 -0.382120 -33.169998 -33.169998 0.050533 0.053155 0.070000 0.070000 0.065668 0.111455 -3.920000 -3.920000 -0.009163 -0.000527 -7.400000 -7.400000 0.114029 0.076245 -0.120000 -0.120000 0.415804 0.397403 3.900000 3.900000 -0.561838 -0.607118 2.920000 2.920000 0.978432 0.954605 0.600000 0.600000 0.530384 0.538482 0.670000 0.670000 1.231790 1.262873 -1.480000 -1.480000 -1.732469 -1.763817 0.890000 0.890000 -0.340707 -0.348092 0.860000 0.860000 0.247890 0.233777 0.490000 0.490000 0.688942 0.700428 -0.660000 -0.660000
4.660000 -0.389870 -0.399587 0.540000 0.540000 0.191409 0.234150 -4.260000 -4.260000 0.230759 0.251561 -2.500000 -2.500000 0.700763 0.780331 -1.990000 -1.990000 -0.210062 -0.196731 -5.400000 -5.400000 -0.143971 -0.114241 -0.200000 -0.200000 -0.105042 -0.110314 0.820000 0.820000 -0.170833 -0.157594 1.660000 1.660000 -0.358003 -0.393329 -5.340000 -5.340000 0.447526 0.576300 16.760000 16.760000 1.040675 -0.367317 -36.549999 -36.549999 0.055614 0.053847 -0.010000 -0.010000 0.080335 0.118327 -4.270000 -4.270000 0.005172 0.008166 -5.280000 -5.280000 0.146244 0.113429 0.150000 0.150000 0.401957 0.378543 4.180000 4.180000 -0.551394 -0.588095 2.570000 2.570000 1.001358 0.967329 1.010000 1.010000 0.519309 0.525173 0.860000 0.860000 1.219664 1.262873 -2.400000 -2.400000 -1.705897 -1.734944 -0.900000 -0.900000 -0.326313 -0.342341 -0.780000 -0.780000 0.231745 0.235777 -0.240000 -0.240000 0.684399 0.690356 -0.100000 -0.100000
4.680000 -0.345728 -0.385597 2.530000 2.530000 0.181076 0.217459 -3.600000 -3.600000 0.210076 0.227803 -3.090000 -3.090000 0.678888 0.743670 -0.020000 -0.020000 -0.143514 -0.223567 -5.790000 -5.790000 -0.125380 -0.118172 0.030000 0.030000 -0.080737 -0.114701 2.310000 2.310000 -0.156528 -0.151583 2.060000 2.060000 -0.352451 -0.385420 -4.130000 -4.130000 0.463336 0.570466 19.770000 19.770000 1.119420 -0.357236 -35.709999 -35.709999 0.082994 0.055168 0.430000 0.430000 0.090590 0.126922 -4.350000 -4.350000 0.013391 0.013178 -4.470000 -4.470000 0.182399 0.146808 -0.000000 -0.000000 0.401893 0.366994 4.100000 4.100000 -0.545519 -0.573169 2.750000 2.750000 1.017701 0.985067 0.510000 0.510000 0.512603 0.512921 0.610000 0.610000 1.201156 1.261278 -3.050000 -3.050000 -1.663768 -1.702171 -0.230000 -0.230000 -0.301175 -0.327869 -0.500000 -0.500000 0.224912 0.234069 -0.290000 -0.290000 0.685939 0.691346 0.260000 0.260000
4.700000 -0.320091 -0.359826 1.330000 1.330000 0.168371 0.207700 -3.690000 -3.690000 0.197563 0.202381 -4.240000 -4.240000 0.647927 0.698339 3.000000 3.000000 -0.014653 -0.243091 -7.440000 -7.440000 -0.090260 -0.119908 0.690000 0.690000 -0.065126 -0.111526 3.800000 3.800000 -0.138608 -0.144016 2.620000 2.620000 -0.350137 -0.379341 -2.760000 -2.760000 0.463472 0.569671 21.500000 21.500000 1.192344 -0.356088 -33.230000 -33.230000 0.111209 0.058939 0.540000 0.540000 0.098465 0.138248 -4.750000 -4.750000 0.026538 0.020471 -4.630000 -4.630000 0.214864 0.178101 0.520000 0.520000 0.396990 0.360486 4.370000 4.370000 -0.533695 -0.565614 1.950000 1.950000 1.017797 1.000299 0.650000 0.650000 0.504066 0.512033 0.040000 0.040000 1.164735 1.254037 -3.970000 -3.970000 -1.599839 -1.664741 1.050000 1.050000 -0.267488 -0.308671 0.190000 0.190000 0.238545 0.236429 -0.070000 -0.070000 0.686616 0.690896 -0.290000 -0.290000
4.720000 -0.276866 -0.326247 3.790000 3.790000 0.162378 0.201748 -2.640000 -2.640000 0.191315 0.185093 -4.860000 -4.860000 0.624678 0.648738 7.940000 7.940000 0.096449 -0.259361 -8.400000 -8.400000 -0.040563 -0.121634 1.570000 1.570000 -0.041680 -0.110528 4.850000 4.850000 -0.127777 -0.136449 2.400000 2.400000 -0.352928 -0.372870 -1.210000 -1.210000 0.464780 0.561591 22.769999 22.769999 1.265673 -0.344397 -35.649998 -35.649998 0.136805 0.070092 0.640000 0.640000 0.116348 0.147753 -4.020000 -4.020000 0.038080 0.030935 -4.750000 -4.750000 0.242373 0.206081 0.400000 0.400000 0.389882 0.362872 2.450000 2.450000 -0.522158 -0.554192 0.990000 0.990000 1.014347 1.006549 0.400000 0.400000 0.492722 0.504973 -0.280000 -0.280000 1.121599 1.236734 -4.670000 -4.670000 -1.548123 -1.614528 0.430000 0.430000 -0.236160 -0.282115 0.190000 0.190000 0.246197 0.238116 0.240000 0.240000 0.686137 0.691233 -0.740000 -0.740000
4.740000 -0.232071 -0.295905 2.600000 2.600000 0.166725 0.195228 -1.960000 -1.960000 0.190432 0.177027 -4.320000 -4.320000 0.585827 0.602809 10.190000 10.190000 0.232666 -0.269005 -10.630000 -10.630000 0.023288 -0.121634 2.660000 2.660000 -0.035230 -0.096155 4.660000 4.660000 -0.096421 -0.126465 3.370000 3.370000 -0.358172 -0.367388 1.630000 1.630000 0.482239 0.548292 26.969999 26.969999 1.360986 -0.324199 -35.149998 -35.149998 0.158774 0.077570 0.990000 0.990000 0.116004 0.159950 -4.810000 -4.810000 0.044368 0.043916 -5.460000 -5.460000 0.259194 0.229643 1.110000 1.110000 0.397757 0.366074 2.070000 2.070000 -0.514962 -0.540839 1.460000 1.460000 1.006456 1.009730 0.720000 0.720000 0.475593 0.497363 -0.800000 -0.800000 1.085480 1.203846 -3.820000 -3.820000 -1.476135 -1.552836 -0.140000 -0.140000 -0.198509 -0.248760 0.190000 0.190000 0.257016 0.243433 0.170000 0.170000 0.684766 0.691447 -0.720000 -0.720000
4.760000 -0.158676 -0.265732 7.320000 7.320000 0.178157 0.193447 -1.360000 -1.360000 0.186209 0.180159 -2.410000 -2.410000 0.571368 0.570105 12.150000 12.150000 0.397396 -0.267029 -8.760000 -8.760000 0.070820 -0.119322 3.270000 3.270000 -0.033988 -0.077149 3.640000 3.640000 -0.080123 -0.112613 3.100000 3.100000 -0.362817 -0.366948 1.120000 1.120000 0.515945 0.531362 29.779999 29.779999 1.392194 -0.299634 -28.420000 -28.420000 0.158075 0.086327 0.810000 0.810000 0.130681 0.169661 -3.230000 -3.230000 0.043858 0.052902 -5.890000 -5.890000 0.266260 0.241670 0.940000 0.940000 0.398337 0.370789 1.930000 1.930000 -0.516529 -0.531863 1.310000 1.310000 0.979455 1.000074 0.240000 0.240000 0.458701 0.488696 -1.170000 -1.170000 1.061706 1.160526 -2.920000 -2.920000 -1.399145 -1.488583 0.550000 0.550000 -0.158594 -0.215568 0.200000 0.200000 0.267432 0.249469 0.210000 0.210000 0.688487 0.690469 -0.400000 -0.400000
4.780000 -0.085014 -0.232030 9.410000 9.410000 0.199534 0.193486 -0.340000 -0.340000 0.174815 0.181589 0.400000 0.400000 0.546342 0.541769 12.580000 12.580000 0.551071 -0.239766 -10.520000 -10.520000 0.112041 -0.110630 3.440000 3.440000 -0.057734 -0.054538 -1.110000 -1.110000 -0.058354 -0.102060 4.840000 4.840000 -0.367085 -0.369297 4.560000 4.560000 0.520187 0.516940 27.709999 27.709999 1.275696 -0.277720 -29.209999 -29.209999 0.160011 0.096074 0.690000 0.690000 0.141048 0.183287 -4.230000 -4.230000 0.038654 0.060028 -7.560000 -7.560000 0.283142 0.252591 0.750000 0.750000 0.391702 0.374584 1.460000 1.460000 -0.517361 -0.528649 0.700000 0.700000 0.952857 0.979413 0.060000 0.060000 0.434975 0.458301 -0.440000 -0.440000 1.046719 1.113279 -1.100000 -1.100000 -1.281386 -1.412501 1.790000 1.790000 -0.115520 -0.178697 2.310000 2.310000 0.286108 0.263352 0.470000 0.470000 0.688353 0.682971 -0.340000 -0.340000
4.800000 -0.003370 -0.194141 12.200000 12.200000 0.248856 0.198968 2.040000 2.040000 0.157959 0.178143 7.810000 7.810000 0.509028 0.516883 17.219999 17.219999 0.767292 -0.202221 -14.509999 -14.509999 0.151716 -0.099381 4.020000 4.020000 -0.134650 -0.029810 -8.950000 -8.950000 -0.080397 -0.100161 2.150000 2.150000 -0.375008 -0.370120 2.330000 2.330000 0.524183 0.513466 18.190001 18.190001 0.785938 -0.243477 -16.350000 -16.350000 0.119394 0.103701 0.010000 0.010000 0.201989 0.200497 2.180000 2.180000 0.024452 0.065667 -5.450000 -5.450000 0.248274 0.266581 -1.020000 -1.020000 0.345158 0.372978 -0.950000 -0.950000 -0.518251 -0.526204 -1.150000 -1.150000 0.930702 0.960866 -0.220000 -0.220000 0.418628 0.434358 -0.420000 -0.420000 1.044215 1.068364 0.240000 0.240000 -1.149071 -1.316150 4.540000 4.540000 -0.027876 -0.138229 1.050000 1.050000 0.308498 0.280674 0.240000 0.240000 0.690914 0.690199 -0.350000 -0.350000
4.820000 0.045794 -0.156527 19.740000 19.740000 0.334056 0.217459 7.980000 7.980000 0.137794 0.170948 12.820000 12.820000 0.465279 0.487457 16.070000 16.070000 0.840514 -0.163517 -14.570000 -14.570000 0.169016 -0.084574 3.980000 3.980000 -0.289671 -0.026589 -20.160000 -20.160000 -0.169874 -0.107934 -5.100000 -5.100000 -0.395159 -0.373546 -1.630000 -1.630000 0.485654 0.528134 -2.550000 -2.550000 -0.187521 -0.216901 -4.700000 -4.700000 0.080908 0.104330 -0.500000 -0.500000 0.299135 0.231322 10.330000 10.330000 -0.010851 0.064776 -3.190000 -3.190000 0.152266 0.266704 -4.300000 -4.300000 0.256277 0.345316 -3.500000 -3.500000 -0.532752 -0.523806 -2.550000 -2.550000 0.937600 0.949018 0.590000 0.590000 0.396217 0.417789 -0.180000 -0.180000 1.009341 1.029831 1.420000 1.420000 -1.050546 -1.207376 6.560000 6.560000 0.080299 -0.080076 -1.280000 -1.280000 0.363191 0.309259 1.090000 1.090000 0.682508 0.690952 -1.770000 -1.770000
4.840000 -0.023551 -0.132981 8.760000 8.760000 0.344825 0.247453 8.200000 8.200000 0.131280 0.158320 11.460000 11.460000 0.462354 0.456663 15.410000 15.410000 0.621268 -0.131995 -12.370000 -12.370000 0.072238 -0.080621 3.020000 3.020000 -0.312656 -0.033983 -23.080000 -23.080000 -0.205327 -0.141099 -8.040000 -8.040000 -0.390733 -0.379086 -5.580000 -5.580000 0.519494 0.555872 -8.530000 -8.530000 -0.479658 -0.213789 -0.090000 -0.090000 0.084134 0.100836 -0.080000 -0.080000 0.334863 0.280943 12.690000 12.690000 -0.005639 0.053783 -3.730000 -3.730000 0.133793 0.246333 -5.710000 -5.710000 0.263817 0.310971 -3.100000 -3.100000 -0.567683 -0.529860 -0.260000 -0.260000 1.015699 0.970522 0.830000 0.830000 0.353301 0.393047 -0.040000 -0.040000 0.812716 0.985775 -4.930000 -4.930000 -0.927651 -1.112038 4.130000 4.130000 0.142549 -0.002667 3.120000 3.120000 0.426699 0.359439 0.000000 0.000000 0.672546 0.680633 0.530000 0.530000
4.860000 -0.092813 -0.118055 1.620000 1.620000 0.300175 0.254932 7.980000 7.980000 0.157039 0.142971 4.110000 4.110000 0.426181 0.435915 5.890000 5.890000 0.222558 -0.124138 -6.760000 -6.760000 -0.051730 -0.086683 0.960000 0.960000 -0.238572 -0.061855 -10.740000 -10.740000 -0.180066 -0.140757 -4.780000 -4.780000 -0.400788 -0.395013 -5.340000 -5.340000 0.566308 0.600056 -3.500000 -3.500000 -0.340643 -0.231348 -2.060000 -2.060000 0.084590 0.096500 -0.030000 -0.030000 0.333452 0.311632 6.880000 6.880000 0.002013 0.067458 -3.760000 -3.760000 0.100524 0.222157 -4.120000 -4.120000 0.332045 0.293974 3.920000 3.920000 -0.581926 -0.549722 3.290000 3.290000 1.076584 1.029469 -0.660000 -0.660000 0.306742 0.331784 -0.890000 -0.890000 0.577461 0.892018 -10.570000 -10.570000 -0.832534 -1.004568 3.290000 3.290000 0.163751 0.070691 2.900000 2.900000 0.458525 0.422276 -1.000000 -1.000000 0.683817 0.677508 1.520000 1.520000
4.880000 -0.156224 -0.118776 -2.300000 -2.300000 0.297558 0.248412 3.710000 3.710000 0.131768 0.142599 5.600000 5.600000 0.485101 0.423672 4.850000 4.850000 -0.025294 -0.117937 1.870000 1.870000 -0.114123 -0.090209 -0.190000 -0.190000 -0.277867 -0.111725 -14.179999 -14.179999 -0.119161 -0.136449 1.040000 1.040000 -0.395739 -0.402981 0.800000 0.800000 0.403097 0.625016 -13.219999 -13.219999 -0.312565 -0.254398 -12.559999 -12.559999 0.057715 0.093613 -0.500000 -0.500000 0.231572 0.315694 -2.210000 -2.210000 0.023031 0.058717 -8.790000 -8.790000 0.035232 0.193318 -8.790000 -8.790000 0.422735 0.285742 10.570000 10.570000 -0.593217 -0.568803 9.889999 9.889999 1.114318 1.062057 0.700000 0.700000 0.303652 0.297196 1.220000 1.220000 0.080130 0.751505 -27.359999 -27.359999 -0.667675 -0.910033 -2.650000 -2.650000 -0.024985 0.120194 34.059998 34.059998 0.497241 0.467801 -2.350000 -2.350000 0.686464 0.685984 1.760000 1.760000
4.900000 -0.106658 -0.137905 2.560000 2.560000 0.158773 0.245759 -3.170000 -3.170000 0.178455 0.144880 -7.000000 -7.000000 0.520054 0.432481 1.280000 1.280000 -0.415542 -0.119724 7.770000 7.770000 -0.187871 -0.103631 -0.530000 -0.530000 -0.136332 -0.151762 1.120000 1.120000 -0.035240 -0.125544 4.840000 4.840000 -0.380615 -0.389355 7.850000 7.850000 0.297693 0.610848 -12.440000 -12.440000 -0.151642 -0.269035 -17.309999 -17.309999 0.164499 0.091014 1.130000 1.130000 0.045016 0.266132 -17.219999 -17.219999 -0.024927 0.035996 -15.000000 -15.000000 0.052687 0.186937 -7.350000 -7.350000 0.456724 0.306291 7.370000 7.370000 -0.619909 -0.585021 8.020000 8.020000 1.104084 1.081526 0.720000 0.720000 0.267303 0.288248 -0.210000 -0.210000 0.082255 0.511836 -9.290000 -9.290000 -0.717709 -0.831460 -7.260000 -7.260000 0.119691 0.168381 5.250000 5.250000 0.546239 0.515384 -1.890000 -1.890000 0.674243 0.682937 1.550000 1.550000
4.920000 -0.181985 -0.152631 -0.670000 -0.670000 0.201927 0.203157 -1.110000 -1.110000 0.146988 0.159602 1.200000 1.200000 0.470115 0.456679 0.370000 0.370000 -0.302190 -0.157671 1.440000 1.440000 -0.150815 -0.125128 0.370000 0.370000 -0.185316 -0.167685 -0.610000 -0.610000 -0.125074 -0.112466 -0.180000 -0.180000 -0.401282 -0.365000 6.270000 6.270000 0.261969 0.525553 -4.390000 -4.390000 0.289768 -0.264196 -28.609999 -28.609999 0.124849 0.107068 -0.360000 -0.360000 0.136494 0.203678 -13.509999 -13.509999 0.014871 -0.025342 -3.170000 -3.170000 0.084602 0.187183 -5.750000 -5.750000 0.473895 0.363222 3.630000 3.630000 -0.568561 -0.597804 0.080000 0.080000 1.065741 1.082605 0.140000 0.140000 0.214905 0.255829 -1.260000 -1.260000 0.241826 0.282720 5.060000 5.060000 -0.845563 -0.728496 -9.280000 -9.280000 0.360303 0.187218 -31.199999 -31.199999 0.655865 0.570555 2.580000 2.580000 0.685195 0.674282 0.160000 0.160000
4.940000 -0.195321 -0.174813 -1.670000 -1.670000 0.227167 0.190412 2.500000 2.500000 0.169223 0.162539 2.040000 2.040000 0.421283 0.476288 -2.970000 -2.970000 -0.236442 -0.197275 -4.010000 -4.010000 -0.150118 -0.131200 -0.090000 -0.090000 -0.034525 -0.166013 7.070000 7.070000 -0.124070 -0.150663 -0.340000 -0.340000 -0.397052 -0.355172 4.800000 4.800000 0.440771 0.395533 21.199999 21.199999 0.813122 -0.212120 -19.109999 -19.109999 0.037610 0.102135 2.290000 2.290000 0.070834 0.181751 -11.190000 -11.190000 -0.014314 -0.051087 -3.440000 -3.440000 0.117723 0.188532 -3.100000 -3.100000 0.475596 0.426637 -2.530000 -2.530000 -0.587582 -0.589061 -1.230000 -1.230000 1.060372 1.078322 -1.140000 -1.140000 0.175035 0.207055 -2.070000 -2.070000 0.152897 0.135704 6.290000 6.290000 -0.771915 -0.649247 -13.490000 -13.490000 0.477397 0.274221 -18.680000 -18.680000 0.765088 0.597139 7.630000 7.630000 0.695268 0.671371 -6.730000 -6.730000
4.960000 -0.284951 -0.174874 -9.920000 -9.920000 0.188896 0.216529 -3.840000 -3.840000 0.176591 0.160092 -7.450000 -7.450000 0.352317 0.485695 -4.930000 -4.930000 -0.201102 -0.222147 -7.610000 -7.610000 -0.153979 -0.135525 -0.160000 -0.160000 -0.096755 -0.146715 3.490000 3.490000 -0.127271 -0.121247 -5.290000 -5.290000 -0.386191 -0.388249 -9.260000 -9.260000 0.407624 0.376112 17.850000 17.850000 1.024449 -0.154921 -25.910000 -25.910000 -0.065973 0.039093 -1.370000 -1.370000 0.121941 0.195445 -18.570000 -18.570000 -0.001320 -0.049315 -16.389999 -16.389999 0.090548 0.157607 -5.130000 -5.130000 0.461315 0.467292 -2.390000 -2.390000 -0.592793 -0.586733 -1.850000 -1.850000 1.057346 1.076659 -0.160000 -0.160000 0.151253 0.174569 -0.600000 -0.600000 0.058110 0.027711 5.860000 5.860000 -0.740440 -0.654742 -1.920000 -1.920000 0.549814 0.385916 -4.650000 -4.650000 0.807059 0.720205 -0.310000 -0.310000 0.695856 0.719482 -1.790000 -1.790000
4.980000 -0.054661 -0.168585 6.910000 6.910000 0.185673 0.243341 -8.050000 -8.050000 0.159650 0.163469 -5.360000 -5.360000 0.467880 0.462800 0.850000 0.850000 -0.107147 -0.235282 -3.400000 -3.400000 -0.178463 -0.138636 -0.580000 -0.580000 -0.150322 -0.140579 0.880000 0.880000 -0.163882 -0.066086 -5.970000 -5.970000 -0.378700 -0.408267 -9.630000 -9.630000 0.386133 0.425032 20.559999 20.559999 0.907419 -0.165476 -18.449999 -18.449999 0.047595 0.044174 0.080000 0.080000 0.066935 0.274942 -16.889999 -16.889999 -0.048231 -0.038440 -18.809999 -18.809999 0.126958 0.093426 4.290000 4.290000 0.499903 0.473858 1.120000 1.120000 -0.575836 -0.584730 0.520000 0.520000 1.050435 1.057144 -0.270000 -0.270000 0.146220 0.150671 -0.380000 -0.380000 0.009562 -0.023094 2.720000 2.720000 -0.689099 -0.678516 0.020000 0.020000 0.596988 0.471370 -0.320000 -0.320000 0.899317 0.800027 1.100000 1.100000 0.678999 0.699417 -2.740000 -2.740000
5.000000 -0.169466 -0.129913 -3.310000 -3.310000 0.168218 0.237507 -5.030000 -5.030000 0.173161 0.167150 -5.750000 -5.750000 0.384462 0.445912 0.860000 0.860000 -0.117616 -0.239979 -3.300000 -3.300000 -0.186883 -0.149299 -0.190000 -0.190000 -0.242537 -0.183960 -6.060000 -6.060000 -0.108255 -0.089912 0.230000 0.230000 -0.370017 -0.394994 -3.660000 -3.660000 0.396860 0.432424 13.330000 13.330000 0.812482 -0.163086 -20.059999 -20.059999 0.050424 0.046848 0.000000 0.000000 0.055322 0.247053 -16.250000 -16.250000 -0.066214 -0.049922 -20.689999 -20.689999 0.093632 0.049738 4.090000 4.090000 0.457722 0.476186 -0.370000 -0.370000 -0.582574 -0.580376 -0.280000 -0.280000 1.080624 1.056110 1.190000 1.190000 0.132561 0.144645 0.520000 0.520000 0.010025 -0.034752 2.370000 2.370000 -0.680448 -0.671228 -0.310000 -0.310000 0.634326 0.532702 -0.140000 -0.140000 0.915650 0.847036 1.190000 1.190000 0.671290 0.678553 -1.790000 -1.790000
5.020000 -0.052900 -0.131815 6.440000 6.440000 0.171889 0.201650 -0.680000 -0.680000 0.181299 0.177595 -0.930000 -0.930000 0.424965 0.405366 9.020000 9.020000 0.483024 -0.230750 -9.920000 -9.920000 -0.222529 -0.158748 -0.500000 -0.500000 -0.195975 -0.189191 -1.050000 -1.050000 -0.151206 -0.111683 -1.970000 -1.970000 -0.383250 -0.379214 -1.230000 -1.230000 0.398489 0.457376 8.309999 8.309999 0.242501 -0.165322 -15.099999 -15.099999 0.073724 0.048489 0.200000 0.200000 0.144102 0.200056 -2.530000 -2.530000 -0.048872 -0.042473 -7.020000 -7.020000 -0.043842 0.026299 -1.440000 -1.440000 0.481935 0.473730 -1.510000 -1.510000 -0.604819 -0.581971 0.590000 0.590000 1.056037 1.062990 -0.730000 -0.730000 0.125654 0.132595 -1.340000 -1.340000 0.014651 -0.040397 3.930000 3.930000 -0.607253 -0.664824 1.100000 1.100000 0.673575 0.589330 -0.000000 -0.000000 0.892238 1.080454 3.010000 3.010000 0.680924 0.642774 -3.410000 -3.410000
5.040000 -0.156612 -0.098865 -2.510000 -2.510000 0.107446 0.162553 -5.210000 -5.210000 0.178815 0.187912 -2.890000 -2.890000 0.443185 0.393615 10.770000 10.770000 0.179370 -0.177385 -2.320000 -2.320000 -0.234367 -0.181150 0.530000 0.530000 -0.295436 -0.186369 -6.900000 -6.900000 -0.167663 -0.152014 4.350000 4.350000 -0.316263 -0.366664 -2.490000 -2.490000 0.409612 0.473043 8.280000 8.280000 0.392648 -0.226615 -15.230000 -15.230000 0.071615 0.055637 -0.200000 -0.200000 -0.009989 0.160293 -16.820000 -16.820000 0.042671 -0.014554 -9.349999 -9.349999 -0.238079 -0.022053 -6.250000 -6.250000 0.541935 0.488492 0.790000 0.790000 -0.639648 -0.594684 2.990000 2.990000 0.667152 0.979751 -4.410000 -4.410000 0.117614 0.141105 -3.920000 -3.920000 0.029378 -0.045183 0.840000 0.840000 -0.752956 -0.626091 -18.389999 -18.389999 0.363067 0.596140 1.210000 1.210000 0.945685 1.085130 -8.270000 -8.270000 0.443966 0.576992 2.080000 2.080000
5.060000 -0.356888 -0.136570 -15.480000 -15.480000 0.038964 0.108360 -9.370000 -9.370000 0.105210 0.188558 3.880000 3.880000 0.446042 0.384257 14.790000 14.790000 0.635825 -0.178781 -10.840000 -10.840000 -0.168568 -0.195787 0.580000 0.580000 -0.392420 -0.228415 -10.520000 -10.520000 -0.318785 -0.205178 -8.910000 -8.910000 -0.348036 -0.335486 -3.590000 -3.590000 0.446405 0.478566 3.980000 3.980000 -0.039447 -0.249523 -9.690000 -9.690000 0.008915 0.061964 -1.080000 -1.080000 0.123621 0.090566 7.160000 7.160000 -0.040675 0.006678 -0.270000 -0.270000 -0.404615 -0.051873 -15.700000 -15.700000 0.648057 0.545132 -0.360000 -0.360000 -0.818647 -0.643919 3.340000 3.340000 0.983290 0.892330 1.610000 1.610000 0.103774 0.129155 3.370000 3.370000 0.186377 0.044769 -0.320000 -0.320000 -0.728329 -0.676269 -3.400000 -3.400000 0.294069 0.514854 1.030000 1.030000 0.729014 0.993292 -7.820000 -7.820000 0.442816 0.449025 9.679999 9.679999
5.080000 -0.035614 -0.190628 12.280000 12.280000 0.113306 0.050018 -3.160000 -3.160000 0.007829 0.142765 14.849999 14.849999 0.390643 0.415732 -5.430000 -5.430000 -0.389359 -0.154133 -1.700000 -1.700000 -0.193447 -0.190035 -0.190000 -0.190000 -0.359052 -0.286154 -2.660000 -2.660000 -0.062829 -0.285164 11.800000 11.800000 -0.388588 -0.323494 23.189999 23.189999 0.599841 0.504411 4.210000 4.210000 -0.254802 -0.295458 -3.520000 -3.520000 0.055708 0.067951 -0.980000 -0.980000 -0.115615 0.051380 0.360000 0.360000 -0.118500 -0.004902 -16.879999 -16.879999 -0.072085 -0.119736 5.440000 5.440000 0.428511 0.528774 4.380000 4.380000 -0.639589 -0.711828 -7.360000 -7.360000 0.951478 0.932707 -0.980000 -0.980000 0.078468 0.087789 -1.110000 -1.110000 0.032357 0.162579 -4.200000 -4.200000 -0.381437 -0.645266 23.459999 23.459999 0.435462 0.408712 4.440000 4.440000 0.574844 0.790832 -1.470000 -1.470000 0.434094 0.370777 4.290000 4.290000
5.100000 -0.358494 -0.214512 -3.450000 -3.450000 0.049706 0.049029 10.059999 10.059999 0.153194 0.063366 -7.860000 -7.860000 0.415548 0.440331 8.450000 8.450000 0.234098 -0.181230 -7.750000 -7.750000 -0.129827 -0.189108 0.680000 0.680000 -0.754499 -0.336607 -27.080000 -27.080000 -0.347553 -0.254114 4.720000 4.720000 -0.241252 -0.333616 -4.770000 -4.770000 0.494634 0.571408 1.900000 1.900000 -0.128466 -0.333014 -8.290000 -8.290000 -0.045997 0.068952 -1.280000 -1.280000 0.225213 -0.031680 27.809999 27.809999 -0.132858 -0.052350 11.429999 11.429999 -0.624781 -0.188091 -16.059999 -16.059999 0.713489 0.516911 8.639999 8.639999 -0.610147 -0.682641 7.260000 7.260000 1.021778 0.972062 -0.400000 -0.400000 0.038027 0.065521 -2.260000 -2.260000 0.173660 0.136685 2.480000 2.480000 -0.736114 -0.608546 0.210000 0.210000 0.470787 0.375438 -7.000000 -7.000000 0.667897 0.648702 -3.220000 -3.220000 0.165244 0.378061 -10.000000 -10.000000
5.120000 0.057000 -0.279952 25.359999 25.359999 0.222474 0.062675 6.570000 6.570000 -0.019882 0.039873 8.889999 8.889999 0.775738 0.455778 12.550000 12.550000 -0.096364 -0.173764 15.160000 15.160000 -0.060001 -0.171371 0.700000 0.700000 -0.399305 -0.429827 6.740000 6.740000 -0.669994 -0.358445 -10.610000 -10.610000 -0.058433 -0.258652 -52.939999 -52.939999 0.669118 0.615190 5.770000 5.770000 0.307264 -0.322542 -8.650000 -8.650000 0.112246 0.048158 1.200000 1.200000 -0.009851 0.025410 3.220000 3.220000 -0.108262 -0.085613 -1.950000 -1.950000 -0.420934 -0.281479 -7.670000 -7.670000 0.519031 0.548694 -3.920000 -3.920000 -0.703740 -0.661965 3.820000 3.820000 0.863127 0.952300 -2.090000 -2.090000 -0.033035 0.014329 -4.070000 -4.070000 0.229398 0.125395 5.530000 5.530000 -1.211232 -0.727087 -34.989998 -34.989998 0.383519 0.428341 -19.629999 -19.629999 0.867964 0.727961 3.680000 3.680000 0.258061 0.197588 1.400000 1.400000
5.140000 -0.701051 -0.308131 -43.669998 -43.669998 -0.060686 0.103495 12.740000 12.740000 0.319013 0.020353 -16.840000 -16.840000 0.492800 0.521152 2.840000 2.840000 -0.311023 -0.183821 0.420000 0.420000 -0.380791 -0.163787 -2.530000 -2.530000 -0.508157 -0.472333 5.080000 5.080000 -0.295275 -0.372306 8.760000 8.760000 -0.114643 -0.205243 -11.290000 -11.290000 0.960459 0.714973 21.059999 21.059999 -0.025003 -0.285684 6.970000 6.970000 -0.186866 0.053410 -3.800000 -3.800000 0.074980 -0.016810 12.389999 12.389999 -0.095157 -0.084898 5.310000 5.310000 -0.389692 -0.315718 -0.110000 -0.110000 0.508202 0.538286 -3.550000 -3.550000 -0.649302 -0.678054 -5.970000 -5.970000 0.588220 0.817623 -1.720000 -1.720000 -0.070424 -0.044337 -1.700000 -1.700000 0.303603 0.136317 6.140000 6.140000 -0.951191 -0.775007 -13.830000 -13.830000 0.309737 0.447085 -3.000000 -3.000000 0.715088 0.734549 -3.180000 -3.180000 0.157361 0.198982 0.260000 0.260000
5.160000 -0.340192 -0.396933 5.120000 5.120000 0.135634 0.066483 -0.670000 -0.670000 0.029371 0.090120 5.850000 5.850000 0.446407 0.543867 -4.670000 -4.670000 0.187800 -0.238772 -16.670000 -16.670000 -0.190801 -0.223548 2.740000 2.740000 -0.655932 -0.578316 0.740000 0.740000 -0.418173 -0.281689 -8.000000 -8.000000 -0.069115 -0.143895 -5.750000 -5.750000 0.704799 0.826342 -8.429999 -8.429999 -0.611100 -0.354325 -8.290000 -8.290000 -0.083160 0.025287 -0.070000 -0.070000 0.087361 0.021122 -5.120000 -5.120000 -0.021306 -0.096498 7.210000 7.210000 -0.120007 -0.366155 11.849999 11.849999 0.406147 0.536644 -4.500000 -4.500000 -0.569324 -0.654269 -6.460000 -6.460000 0.474762 0.633260 0.020000 0.020000 0.022614 -0.055499 4.910000 4.910000 0.378057 0.201481 3.140000 3.140000 -1.003872 -0.867143 -12.090000 -12.090000 -0.072221 0.360862 9.740000 9.740000 0.372128 0.674938 -5.030000 -5.030000 0.308197 0.177838 9.020000 9.020000
5.180000 -0.053240 -0.364367 24.939999 24.939999 0.045907 0.117954 -2.550000 -2.550000 0.119091 0.099948 -4.110000 -4.110000 0.665542 0.593992 20.320000 20.320000 0.353649 -0.253031 -8.210000 -8.210000 -0.044882 -0.220789 2.710000 2.710000 -0.489411 -0.654954 10.010000 10.010000 -0.242439 -0.344036 1.670000 1.670000 -0.055042 -0.023813 12.950000 12.950000 0.871669 0.905860 4.890000 4.890000 0.184689 -0.419215 -15.690000 -15.690000 0.071847 0.005622 1.000000 1.000000 -0.265846 0.059720 -29.150000 -29.150000 -0.097596 -0.109900 23.789999 23.789999 -0.115095 -0.347870 11.090000 11.090000 0.625384 0.524874 2.680000 2.680000 -0.467246 -0.588572 2.640000 2.640000 0.503057 0.530001 4.080000 4.080000 0.050449 0.030719 3.560000 3.560000 0.539935 0.340275 2.880000 2.880000 -1.273108 -1.012916 3.120000 3.120000 0.037556 0.172316 -10.099999 -10.099999 0.476118 0.548478 0.550000 0.550000 0.277931 0.273273 -3.390000 -3.390000
5.200000 -0.154075 -0.353383 16.230000 16.230000 -0.221014 0.056929 -5.210000 -5.210000 0.297182 0.131939 -24.080000 -24.080000 0.724689 0.595155 29.599998 29.599998 0.522030 -0.305638 -13.759999 -13.759999 -0.256008 -0.214206 -0.070000 -0.070000 -0.319418 -0.662409 27.709999 27.709999 -0.329403 -0.303754 -2.460000 -2.460000 0.004883 0.025221 6.930000 6.930000 0.759328 0.943759 0.490000 0.490000 -0.004552 -0.399679 -15.700000 -15.700000 0.162552 0.028930 0.470000 0.470000 0.016077 0.006948 -11.050000 -11.050000 -0.044405 -0.118974 5.130000 5.130000 -0.347265 -0.341243 1.410000 1.410000 0.607048 0.542221 12.929999 12.929999 -0.348883 -0.527101 1.570000 1.570000 0.160171 0.435105 -5.850000 -5.850000 0.121181 0.067049 -3.550000 -3.550000 0.359064 0.452931 -5.830000 -5.830000 -0.676760 -1.163532 18.570000 18.570000 0.266729 0.074882 18.020000 18.020000 0.328042 0.493656 -10.929999 -10.929999 0.105405 0.309165 -2.080000 -2.080000
5.220000 0.080031 -0.318470 35.770000 35.770000 0.076837 -0.066119 -1.690000 -1.690000 0.093208 0.206727 10.570000 10.570000 0.740375 0.614797 20.080000 20.080000 0.005372 -0.377143 -2.930000 -2.930000 -0.145680 -0.234744 1.830000 1.830000 0.102060 -0.646732 67.939995 67.939995 -0.201276 -0.362008 6.580000 6.580000 -0.085446 0.058513 37.750000 37.750000 0.842313 0.897478 11.179999 11.179999 -0.015160 -0.439579 -22.490000 -22.490000 0.088731 0.103371 -5.950000 -5.950000 -0.058662 -0.012161 -4.220000 -4.220000 0.064580 -0.098026 11.570000 11.570000 -0.065354 -0.337194 8.599999 8.599999 0.674963 0.556390 3.730000 3.730000 -0.353538 -0.456281 3.970000 3.970000 -0.161369 0.222326 -1.330000 -1.330000 0.103360 0.093814 -2.450000 -2.450000 0.191632 0.465939 -12.110000 -12.110000 -0.486599 -1.064456 30.760000 30.760000 0.094936 0.013761 19.609999 19.609999 -0.214125 0.396017 -24.039999 -24.039999 0.171425 0.288954 15.259999 15.259999
5.240000 -0.812843 -0.277436 -35.290001 -35.290001 0.021370 0.017508 0.980000 0.980000 0.272720 0.200961 -3.390000 -3.390000 0.463786 0.634988 8.660000 8.660000 0.449550 -0.427976 -23.670000 -23.670000 -0.244510 -0.219021 -0.770000 -0.770000 -0.737136 -0.623369 -9.900000 -9.900000 -0.276874 -0.406470 0.360000 0.360000 -0.085015 0.045415 23.410000 23.410000 0.849913 0.917504 6.320000 6.320000 0.279564 -0.549197 -25.660000 -25.660000 0.011912 0.161300 -2.670000 -2.670000 -0.111196 -0.099410 -3.620000 -3.620000 -0.059325 -0.040084 2.730000 2.730000 -0.273223 -0.263194 -2.680000 -2.680000 0.635356 0.580093 -0.240000 -0.240000 -0.557683 -0.424009 11.070000 11.070000 0.504830 0.099980 18.160000 18.160000 0.004660 0.095433 12.559999 12.559999 0.334711 0.403230 -2.260000 -2.260000 -1.250185 -1.006501 -0.230000 -0.230000 0.054846 -0.011992 -17.379999 -17.379999 0.616517 0.358292 16.029999 16.029999 0.214143 0.318473 -7.430000 -7.430000
5.260000 -0.494677 -0.285888 -18.270000 -18.270000 0.106445 0.045172 4.560000 4.560000 0.269554 0.247263 0.580000 0.580000 0.813272 0.650066 3.220000 3.220000 -0.320922 -0.418912 -5.450000 -5.450000 -0.139957 -0.225689 1.630000 1.630000 -0.496494 -0.587137 10.889999 10.889999 -0.412523 -0.378043 -0.310000 -0.310000 0.011176 0.014913 -2.920000 -2.920000 0.846463 0.983854 7.650000 7.650000 0.811901 -0.527176 -30.070000 -30.070000 0.145457 0.123153 1.160000 1.160000 0.050984 -0.072275 8.910000 8.910000 -0.082938 -0.050167 -1.530000 -1.530000 -0.243280 -0.268471 6.340000 6.340000 0.383632 0.504605 -3.210000 -3.210000 -0.617315 -0.491697 1.360000 1.360000 0.667664 0.310399 2.140000 2.140000 0.069324 0.052616 5.030000 5.030000 0.246549 0.343834 -1.920000 -1.920000 -1.069553 -0.981295 -24.420000 -24.420000 0.149511 0.048815 -7.700000 -7.700000 0.935629 0.371838 2.000000 2.000000 0.377078 0.300521 -6.360000 -6.360000
5.280000 -0.548869 -0.283434 -17.480000 -17.480000 0.102318 0.099345 -0.160000 -0.160000 0.271618 0.254037 -5.660000 -5.660000 0.684914 0.788648 -0.410000 -0.410000 -0.464261 -0.477365 -11.370000 -11.370000 -0.246609 -0.227202 0.100000 0.100000 -0.518784 -0.586047 5.800000 5.800000 -0.285955 -0.400685 7.040000 7.040000 -0.054550 -0.027640 6.930000 6.930000 0.801749 1.000251 10.679999 10.679999 0.765792 -0.429521 -36.790001 -36.790001 0.081631 0.140400 -1.760000 -1.760000 0.023977 0.043216 4.590000 4.590000 -0.128806 -0.027711 -12.490000 -12.490000 -0.425139 -0.315350 -2.810000 -2.810000 0.387663 0.457826 -7.430000 -7.430000 -0.710477 -0.543901 2.250000 2.250000 0.822027 0.585846 -1.080000 -1.080000 0.050303 0.071658 -3.110000 -3.110000 0.106124 0.271798 -2.650000 -2.650000 -0.986265 -0.891033 -1.030000 -1.030000 0.213594 0.063613 -14.210000 -14.210000 0.727915 0.620734 3.150000 3.150000 0.358198 0.227050 3.190000 3.190000
5.300000 -0.618729 -0.350837 -15.540000 -15.540000 0.193069 0.167623 -1.110000 -1.110000 0.239583 0.246764 -1.710000 -1.710000 0.872524 0.875803 -0.860000 -0.860000 -0.513307 -0.546539 -4.980000 -4.980000 -0.203459 -0.230504 0.470000 0.470000 -0.529733 -0.587305 4.910000 4.910000 -0.359560 -0.337741 3.340000 3.340000 0.016212 -0.070967 -11.170000 -11.170000 0.987600 1.010953 13.210000 13.210000 0.814384 -0.414352 -30.580000 -30.580000 0.078083 0.141966 -1.230000 -1.230000 0.016807 0.093013 -11.469999 -11.469999 -0.032534 -0.059183 -9.490000 -9.490000 -0.474970 -0.320013 -11.870000 -11.870000 0.314825 0.419267 2.430000 2.430000 -0.732748 -0.625350 -6.450000 -6.450000 0.811060 0.759777 -4.500000 -4.500000 0.077814 0.052740 -4.300000 -4.300000 0.213067 0.200499 -1.250000 -1.250000 -1.029151 -0.935460 -5.880000 -5.880000 0.145846 0.121149 2.030000 2.030000 0.487706 0.647038 -4.690000 -4.690000 0.376440 0.367292 4.020000 4.020000
5.320000 -0.636301 -0.408837 -11.200000 -11.200000 0.268346 0.227640 2.760000 2.760000 0.227165 0.228233 2.470000 2.470000 1.031945 0.957739 4.450000 4.450000 -0.292221 -0.573222 -3.110000 -3.110000 -0.138649 -0.224443 1.060000 1.060000 -0.746145 -0.600129 -6.680000 -6.680000 -0.457540 -0.321952 -0.410000 -0.410000 0.099318 -0.047013 -19.080000 -19.080000 1.025372 1.064953 13.599999 13.599999 0.371654 -0.421380 -17.639999 -17.639999 0.149264 0.144746 -0.220000 -0.220000 0.053383 0.152853 -16.959999 -16.959999 -0.052984 -0.074835 -11.050000 -11.050000 -0.411001 -0.288965 -6.360000 -6.360000 0.428713 0.374340 3.840000 3.840000 -0.802156 -0.699592 3.190000 3.190000 0.787053 0.801009 -1.720000 -1.720000 0.091658 0.062564 -0.400000 -0.400000 0.297702 0.218416 2.790000 2.790000 -1.171501 -1.007549 -6.620000 -6.620000 0.038093 0.129228 -0.550000 -0.550000 0.410538 0.562888 -0.090000 -0.090000 0.458263 0.403848 3.600000 3.600000
5.340000 -0.660693 -0.495092 -9.469999 -9.469999 0.110241 0.227650 -8.980000 -8.980000 0.210127 0.226325 -3.040000 -3.040000 1.134932 1.044353 17.699999 17.699999 0.484711 -0.546314 -9.900000 -9.900000 -0.062154 -0.202168 0.930000 0.930000 -0.875446 -0.695589 -8.929999 -8.929999 -0.290382 -0.347325 10.849999 10.849999 0.169541 0.024800 -10.820000 -10.820000 1.250896 1.116611 11.960000 11.960000 0.222657 -0.437449 -6.540000 -6.540000 0.175008 0.151063 0.010000 0.010000 0.015698 0.179969 -10.309999 -10.309999 -0.124245 -0.084957 -16.789999 -16.789999 -0.411083 -0.302832 -3.620000 -3.620000 0.429910 0.391885 5.020000 5.020000 -0.756201 -0.747803 0.720000 0.720000 0.598249 0.729056 -0.920000 -0.920000 0.106608 0.088744 -0.770000 -0.770000 0.397451 0.258054 3.310000 3.310000 -1.197228 -1.067122 -10.820000 -10.820000 -0.168625 0.075243 1.450000 1.450000 0.249169 0.415497 -1.650000 -1.650000 0.417337 0.454904 -0.360000 -0.360000
5.360000 -0.726824 -0.596980 -2.690000 -2.690000 0.243491 0.151736 7.660000 7.660000 0.267701 0.239824 6.910000 6.910000 0.915458 1.125149 -7.490000 -7.490000 0.408983 -0.442589 -25.730000 -25.730000 -0.170339 -0.169560 -1.060000 -1.060000 -0.998062 -0.794377 -8.480000 -8.480000 -0.412855 -0.311115 -0.420000 -0.420000 0.257082 0.117179 -11.759999 -11.759999 1.327575 1.220876 7.450000 7.450000 -0.044050 -0.411181 -2.250000 -2.250000 0.094832 0.160725 -1.180000 -1.180000 -0.015281 0.139247 -9.480000 -9.480000 -0.108625 -0.088207 -15.049999 -15.049999 -0.479056 -0.342716 -4.560000 -4.560000 0.655576 0.426998 7.270000 7.270000 -0.691645 -0.742890 6.830000 6.830000 0.457832 0.581462 2.000000 2.000000 0.101753 0.108056 0.130000 0.130000 0.438476 0.321009 3.780000 3.780000 -1.400036 -1.120979 -21.920000 -21.920000 -0.346148 -0.041854 -7.850000 -7.850000 0.209292 0.275953 1.980000 1.980000 0.385123 0.421384 -3.140000 -3.140000
5.380000 -0.658711 -0.689018 -1.260000 -1.260000 0.346848 0.158285 17.250000 17.250000 0.254969 0.266401 19.959999 19.959999 0.918732 1.186246 -10.330000 -10.330000 0.021043 -0.377179 -29.080000 -29.080000 -0.164894 -0.175835 0.760000 0.760000 -0.911274 -0.934169 2.190000 2.190000 -0.503623 -0.371827 -10.150000 -10.150000 0.325384 0.266775 -7.020000 -7.020000 1.275749 1.326386 -3.280000 -3.280000 -0.178750 -0.376369 -6.820000 -6.820000 0.145768 0.155196 -0.040000 -0.040000 0.012795 0.069323 -0.530000 -0.530000 -0.120035 -0.084693 -4.780000 -4.780000 -0.344514 -0.366892 1.050000 1.050000 0.495787 0.487514 1.010000 1.010000 -0.673731 -0.727243 -2.320000 -2.320000 0.384659 0.463309 3.780000 3.780000 0.102152 0.105617 3.940000 3.940000 0.474916 0.389854 0.240000 0.240000 -1.265535 -1.191880 -5.270000 -5.270000 -0.354758 -0.157904 -0.420000 -0.420000 0.339705 0.242308 4.710000 4.710000 0.328247 0.369956 -6.680000 -6.680000
5.400000 -0.706744 -0.731003 4.050000 4.050000 0.343735 0.148378 14.820000 14.820000 0.253206 0.291617 27.629999 27.629999 1.070083 1.246114 -1.920000 -1.920000 0.351934 -0.390005 -29.429998 -29.429998 -0.088770 -0.185188 2.050000 2.050000 -0.933250 -1.022373 11.080000 11.080000 -0.487616 -0.443022 -1.880000 -1.880000 0.453840 0.402911 -5.450000 -5.450000 1.406860 1.400119 5.070000 5.070000 -0.067062 -0.343309 -3.750000 -3.750000 0.134951 0.158136 -0.560000 -0.560000 -0.016660 0.007506 -3.700000 -3.700000 -0.113797 -0.102832 -0.940000 -0.940000 -0.375372 -0.374255 1.760000 1.760000 0.464141 0.497119 -9.320000 -9.320000 -0.723502 -0.702596 -0.780000 -0.780000 0.368204 0.412275 1.240000 1.240000 0.085115 0.100693 1.150000 1.150000 0.465481 0.460540 -2.120000 -2.120000 -1.194855 -1.219554 3.840000 3.840000 -0.429515 -0.252218 4.960000 4.960000 0.490299 0.337126 2.300000 2.300000 0.266403 0.311987 -4.080000 -4.080000
5.420000 -0.813546 -0.758861 -1.780000 -1.780000 0.385159 0.124865 10.889999 10.889999 0.223618 0.351272 41.730000 41.730000 1.086045 1.293330 0.250000 0.250000 0.384589 -0.390881 -25.430000 -25.430000 -0.051111 -0.183941 2.320000 2.320000 -0.962548 -1.071752 8.370000 8.370000 -0.510845 -0.462043 -2.020000 -2.020000 0.478063 0.451729 -5.490000 -5.490000 1.304811 1.438911 -4.860000 -4.860000 -0.057879 -0.324424 -12.009999 -12.009999 0.046038 0.156624 -1.710000 -1.710000 -0.115740 -0.020491 -14.219999 -14.219999 -0.042571 -0.138170 0.000000 0.000000 -0.336898 -0.397694 3.500000 3.500000 0.428716 0.505338 -5.860000 -5.860000 -0.701297 -0.698801 -4.170000 -4.170000 0.455595 0.402080 4.110000 4.110000 0.088677 0.085282 4.730000 4.730000 0.546975 0.496128 2.470000 2.470000 -0.810261 -1.230684 30.019999 30.019999 -0.334015 -0.333714 20.980000 20.980000 0.572544 0.475715 -0.690000 -0.690000 0.237362 0.251117 0.330000 0.330000
5.440000 -0.966984 -0.801168 -17.760000 -17.760000 0.334889 0.142524 8.849999 8.849999 0.265672 0.377311 31.570000 31.570000 1.321258 1.324296 0.380000 0.380000 -0.091941 -0.386704 -10.969999 -10.969999 -0.063775 -0.179350 2.020000 2.020000 -0.961253 -1.074145 9.300000 9.300000 -0.555282 -0.472928 4.890000 4.890000 0.709775 0.499402 -22.580000 -22.580000 1.384372 1.461273 3.780000 3.780000 0.216214 -0.324625 -20.359999 -20.359999 0.041210 0.153023 -2.050000 -2.050000 -0.015973 -0.048214 -11.219999 -11.219999 0.002914 -0.119493 11.030000 11.030000 -0.472855 -0.412297 -0.390000 -0.390000 0.403649 0.475604 -2.960000 -2.960000 -0.701167 -0.689603 0.110000 0.110000 0.404253 0.434858 -1.830000 -1.830000 0.135846 0.093870 -0.700000 -0.700000 0.682785 0.501159 8.980000 8.980000 -0.859550 -1.186234 22.580000 22.580000 -0.294821 -0.310592 13.520000 13.520000 0.543687 0.544633 -1.900000 -1.900000 0.245915 0.242788 1.850000 1.850000
5.460000 -0.922637 -0.832338 -4.520000 -4.520000 0.392915 0.155465 13.059999 13.059999 0.325243 0.390271 28.010000 28.010000 1.348662 1.408747 3.580000 3.580000 0.054894 -0.405092 -15.089999 -15.089999 -0.056581 -0.175973 1.470000 1.470000 -1.032484 -1.075433 4.470000 4.470000 -0.526038 -0.453702 -0.680000 -0.680000 0.673403 0.586876 -22.680000 -22.680000 1.307959 1.488241 3.350000 3.350000 0.413823 -0.354763 -24.600000 -24.600000 0.130841 0.157146 -1.020000 -1.020000 -0.126884 -0.048830 -9.950000 -9.950000 0.000930 -0.092348 4.170000 4.170000 -0.471520 -0.443468 -0.150000 -0.150000 0.392323 0.433459 -0.770000 -0.770000 -0.783460 -0.699546 1.950000 1.950000 0.537837 0.455058 1.710000 1.710000 0.171960 0.142172 2.040000 2.040000 0.695724 0.535643 5.780000 5.780000 -1.063575 -1.108557 -8.360000 -8.360000 -0.335677 -0.271987 1.410000 1.410000 0.468262 0.537945 -2.260000 -2.260000 0.275740 0.257817 2.640000 2.640000
5.480000 -1.103897 -0.891259 -16.559999 -16.559999 0.365008 0.207621 6.060000 6.060000 0.365606 0.417113 22.910000 22.910000 1.520831 1.472426 0.970000 0.970000 -0.182439 -0.389011 -1.900000 -1.900000 -0.077789 -0.156138 0.260000 0.260000 -1.119830 -1.077428 -2.260000 -2.260000 -0.560657 -0.401409 -4.920000 -4.920000 0.769934 0.608177 -26.980000 -26.980000 1.352599 1.505358 4.280000 4.280000 0.490801 -0.367412 -24.320000 -24.320000 0.129993 0.172102 -1.500000 -1.500000 -0.128691 -0.100477 -12.360000 -12.360000 0.101044 -0.037784 6.850000 6.850000 -0.604913 -0.472429 -5.210000 -5.210000 0.413370 0.379963 6.510000 6.510000 -0.807328 -0.744287 6.170000 6.170000 0.457269 0.486960 -2.000000 -2.000000 0.181129 0.181561 -3.050000 -3.050000 0.602889 0.609643 -3.620000 -3.620000 -0.963171 -1.048879 -3.500000 -3.500000 -0.302751 -0.289729 -0.720000 -0.720000 0.465049 0.504526 -0.340000 -0.340000 0.298902 0.288651 0.170000 0.170000
5.500000 -1.113925 -0.951851 -12.230000 -12.230000 0.479347 0.259121 17.510000 17.510000 0.425364 0.441967 20.410000 20.410000 1.500267 1.546437 -5.630000 -5.630000 -0.339978 -0.346177 -3.770000 -3.770000 -0.128503 -0.140660 -0.370000 -0.370000 -1.081319 -1.101005 3.420000 3.420000 -0.539631 -0.383368 -10.620000 -10.620000 0.762123 0.678081 -26.779999 -26.779999 1.374048 1.530761 6.620000 6.620000 0.503332 -0.369897 -27.389999 -27.389999 0.144327 0.188507 -1.920000 -1.920000 -0.193451 -0.100996 -8.720000 -8.720000 0.060017 0.029438 -5.600000 -5.600000 -0.683049 -0.494519 -8.620000 -8.620000 0.481815 0.368169 9.120000 9.120000 -0.837651 -0.787864 8.300000 8.300000 0.449521 0.467580 -0.700000 -0.700000 0.200147 0.186574 -0.560000 -0.560000 0.555605 0.644495 -5.000000 -5.000000 -1.192435 -0.960584 -15.250000 -15.250000 -0.258386 -0.302303 -20.150000 -20.150000 0.543363 0.459809 6.510000 6.510000 0.337090 0.307985 -6.240000 -6.240000
5.520000 -1.267143 -1.029348 -17.150000 -17.150000 0.533206 0.340028 10.889999 10.889999 0.437561 0.462025 18.230000 18.230000 1.601809 1.610369 -7.320000 -7.320000 -0.471343 -0.314537 -0.780000 -0.780000 -0.160735 -0.140851 -0.250000 -0.250000 -1.071272 -1.140536 7.960000 7.960000 -0.540464 -0.369194 -7.050000 -7.050000 0.825591 0.714026 -31.269999 -31.269999 1.441595 1.558106 10.670000 10.670000 0.659611 -0.402283 -27.449999 -27.449999 0.052252 0.205317 -3.230000 -3.230000 -0.216078 -0.133897 -12.950000 -12.950000 0.118884 0.069798 -5.140000 -5.140000 -0.774189 -0.525567 -13.389999 -13.389999 0.492210 0.373211 7.740000 7.740000 -0.841998 -0.813977 6.190000 6.190000 0.381154 0.429653 -0.430000 -0.430000 0.172509 0.195432 -0.670000 -0.670000 0.540875 0.643636 -4.140000 -4.140000 -1.296854 -0.993345 -18.070000 -18.070000 -0.263424 -0.280113 -12.719999 -12.719999 0.457344 0.485169 -1.490000 -1.490000 0.319202 0.336942 0.350000 0.350000
5.540000 -1.219138 -1.088237 -5.840000 -5.840000 0.572890 0.416324 6.860000 6.860000 0.463138 0.490178 18.350000 18.350000 1.567311 1.677554 -8.050000 -8.050000 -0.421076 -0.304041 -6.500000 -6.500000 -0.122378 -0.144942 0.410000 0.410000 -1.069153 -1.189240 12.860000 12.860000 -0.494105 -0.368694 -6.440000 -6.440000 0.849366 0.740016 -22.299999 -22.299999 1.402784 1.595480 9.740000 9.740000 0.720292 -0.437153 -38.939999 -38.939999 0.045945 0.205445 -2.960000 -2.960000 -0.201726 -0.129237 -10.960000 -10.960000 0.128230 0.084403 -2.760000 -2.760000 -0.762354 -0.536611 -9.090000 -9.090000 0.537435 0.417765 2.720000 2.720000 -0.892410 -0.838438 2.650000 2.650000 0.406338 0.403923 0.890000 0.890000 0.188184 0.177188 1.800000 1.800000 0.636911 0.640322 -0.550000 -0.550000 -1.263971 -1.087345 -5.970000 -5.970000 -0.240165 -0.247957 -2.380000 -2.380000 0.391280 0.456100 0.120000 0.120000 0.312534 0.325116 -0.080000 -0.080000
5.560000 -1.294341 -1.163126 -6.380000 -6.380000 0.576934 0.492805 -1.460000 -1.460000 0.445918 0.521376 12.740000 12.740000 1.633177 1.713880 -5.590000 -5.590000 -0.291103 -0.307697 -6.880000 -6.880000 -0.020412 -0.139967 1.320000 1.320000 -1.086042 -1.228801 11.099999 11.099999 -0.488133 -0.372678 -0.810000 -0.810000 0.935236 0.793415 -21.240000 -21.240000 1.451552 1.622112 11.170000 11.170000 0.654830 -0.471373 -39.230000 -39.230000 0.031350 0.205445 -3.330000 -3.330000 -0.180280 -0.135914 -10.700000 -10.700000 0.153678 0.090120 1.520000 1.520000 -0.811929 -0.585576 -9.389999 -9.389999 0.527782 0.469387 2.340000 2.340000 -0.908035 -0.874366 -0.260000 -0.260000 0.400458 0.410701 -0.380000 -0.380000 0.177032 0.187496 -0.880000 -0.880000 0.742999 0.644617 3.400000 3.400000 -1.156846 -1.175302 5.700000 5.700000 -0.230216 -0.239563 7.050000 7.050000 0.280755 0.395432 -1.830000 -1.830000 0.286328 0.311414 0.940000 0.940000
5.580000 -1.276387 -1.213119 -3.220000 -3.220000 0.572383 0.545167 -3.730000 -3.730000 0.453767 0.518390 8.740000 8.740000 1.630442 1.729146 -1.080000 -1.080000 0.075033 -0.300113 -8.990000 -8.990000 0.045630 -0.109639 0.730000 0.730000 -1.187633 -1.252930 4.420000 4.420000 -0.420919 -0.387822 2.550000 2.550000 0.995417 0.869760 -12.200000 -12.200000 1.465922 1.653799 6.690000 6.690000 0.485399 -0.510314 -38.529999 -38.529999 0.058001 0.206095 -2.830000 -2.830000 -0.089750 -0.138341 -4.500000 -4.500000 0.211563 0.103452 12.730000 12.730000 -0.805392 -0.643990 -4.690000 -4.690000 0.538572 0.501357 -0.310000 -0.310000 -0.967132 -0.905986 0.350000 0.350000 0.408446 0.409903 -0.540000 -0.540000 0.195936 0.185484 0.480000 0.480000 0.806939 0.661430 8.190000 8.190000 -1.017773 -1.205001 19.760000 19.760000 -0.235967 -0.252125 13.299999 13.299999 0.283979 0.341139 -1.180000 -1.180000 0.238760 0.271261 0.150000 0.150000
5.600000 -1.208708 -1.273297 7.550000 7.550000 0.566107 0.561701 -4.330000 -4.330000 0.467399 0.511293 3.650000 3.650000 1.686732 1.714445 3.070000 3.070000 0.235963 -0.255551 -5.650000 -5.650000 0.104145 -0.066283 0.540000 0.540000 -1.178542 -1.252823 5.540000 5.540000 -0.378895 -0.375517 1.730000 1.730000 1.008242 0.948297 -5.850000 -5.850000 1.434835 1.693001 3.910000 3.910000 0.689441 -0.550261 -37.820000 -37.820000 0.080068 0.207405 -2.420000 -2.420000 -0.124063 -0.152369 -1.070000 -1.070000 0.234547 0.146554 12.170000 12.170000 -0.773065 -0.718357 0.980000 0.980000 0.551165 0.514408 3.040000 3.040000 -0.961210 -0.933823 2.520000 2.520000 0.458325 0.425191 0.710000 0.710000 0.207687 0.197039 1.310000 1.310000 0.895647 0.668547 10.950000 10.950000 -0.925423 -1.171646 14.990000 14.990000 -0.231564 -0.261730 10.139999 10.139999 0.320828 0.319163 0.330000 0.330000 0.221743 0.235032 -1.250000 -1.250000
5.620000 -1.254545 -1.307014 4.390000 4.390000 0.593224 0.582091 -0.270000 -0.270000 0.503127 0.499478 0.000000 0.000000 1.691282 1.677579 3.640000 3.640000 0.066590 -0.169563 2.620000 2.620000 0.103756 -0.014980 -0.060000 -0.060000 -1.180606 -1.235781 2.550000 2.550000 -0.335775 -0.359551 3.550000 3.550000 1.040109 1.006435 1.400000 1.400000 1.411363 1.728032 -0.220000 -0.220000 0.779052 -0.546629 -42.939999 -42.939999 0.124910 0.207778 -1.590000 -1.590000 -0.120170 -0.187012 6.860000 6.860000 0.241722 0.211151 6.080000 6.080000 -0.855135 -0.803647 0.890000 0.890000 0.580763 0.502079 5.460000 5.460000 -1.019068 -0.955885 6.610000 6.610000 0.492216 0.450202 0.300000 0.300000 0.229620 0.214564 -0.040000 -0.040000 0.884163 0.698245 8.630000 8.630000 -0.880010 -1.079253 9.639999 9.639999 -0.112907 -0.256328 0.690000 0.690000 0.460519 0.371433 0.030000 0.030000 0.233561 0.234852 -0.700000 -0.700000
5.640000 -1.262378 -1.342034 10.110000 10.110000 0.607738 0.602247 5.520000 5.520000 0.539448 0.498039 -3.690000 -3.690000 1.755673 1.651857 4.140000 4.140000 -0.065562 -0.129297 0.760000 0.760000 0.105365 -0.005169 2.460000 2.460000 -1.102532 -1.212510 8.360000 8.360000 -0.310137 -0.349987 -0.610000 -0.610000 1.032414 1.062398 9.090000 9.090000 1.400040 1.751246 0.760000 0.760000 0.964190 -0.514006 -49.349998 -49.349998 0.167959 0.208950 -1.210000 -1.210000 -0.149285 -0.191525 9.389999 9.389999 0.235768 0.273008 -0.050000 -0.050000 -0.913473 -0.869424 -0.030000 -0.030000 0.581132 0.496677 3.450000 3.450000 -1.102383 -0.989507 9.520000 9.520000 0.495211 0.469098 0.270000 0.270000 0.227551 0.226019 0.080000 0.080000 0.792784 0.728189 2.180000 2.180000 -0.891851 -0.992856 2.230000 2.230000 -0.065770 -0.198873 -0.590000 -0.590000 0.512694 0.441925 -0.750000 -0.750000 0.228985 0.236437 0.490000 0.490000
5.660000 -1.293994 -1.367882 6.010000 6.010000 0.640771 0.610783 5.040000 5.040000 0.550421 0.503423 -2.140000 -2.140000 1.754276 1.703440 3.450000 3.450000 -0.247453 -0.142372 2.500000 2.500000 0.100295 -0.003869 1.230000 1.230000 -1.109400 -1.187107 3.990000 3.990000 -0.298447 -0.350448 -5.580000 -5.580000 1.009450 1.104090 16.959999 16.959999 1.388671 1.782221 0.830000 0.830000 1.049131 -0.469279 -52.289997 -52.289997 0.120219 0.220998 -2.180000 -2.180000 -0.219754 -0.189851 4.370000 4.370000 0.237814 0.305067 -9.639999 -9.639999 -0.981758 -0.902681 -5.120000 -5.120000 0.591066 0.522103 2.480000 2.480000 -1.122881 -1.039709 2.050000 2.050000 0.540718 0.495222 0.220000 0.220000 0.229545 0.228716 0.150000 0.150000 0.800364 0.755555 1.070000 1.070000 -0.964304 -0.943458 -4.310000 -4.310000 -0.015859 -0.124444 -2.980000 -2.980000 0.491067 0.486540 -1.960000 -1.960000 0.232167 0.231434 2.040000 2.040000
5.680000 -1.377295 -1.383237 0.950000 0.950000 0.655507 0.630850 1.410000 1.410000 0.536843 0.526956 1.180000 1.180000 1.783727 1.739914 4.150000 4.150000 -0.123957 -0.176533 0.110000 0.110000 0.180923 0.019599 1.150000 1.150000 -1.040201 -1.155722 8.420000 8.420000 -0.338726 -0.362772 -7.550000 -7.550000 1.025554 1.130628 18.199999 18.199999 1.404605 1.821922 -8.020000 -8.020000 0.976356 -0.411098 -49.250000 -49.250000 0.094260 0.215064 -2.090000 -2.090000 -0.233652 -0.179416 -4.150000 -4.150000 0.277993 0.310510 -13.160000 -13.160000 -0.997506 -0.899981 -5.640000 -5.640000 0.590579 0.553840 -0.470000 -0.470000 -1.180080 -1.091098 0.040000 0.040000 0.567660 0.532171 -0.590000 -0.590000 0.225011 0.224636 -0.130000 -0.130000 0.807842 0.781080 0.000000 0.000000 -1.007281 -0.957452 -5.600000 -5.600000 -0.055123 -0.070005 0.770000 0.770000 0.359171 0.465104 -4.410000 -4.410000 0.188012 0.226590 1.930000 1.930000
5.700000 -1.437056 -1.397979 -2.760000 -2.760000 0.653820 0.639543 0.320000 0.320000 0.531503 0.545398 4.610000 4.610000 1.848651 1.776657 4.270000 4.270000 -0.148573 -0.199819 -0.300000 -0.300000 0.209830 0.058513 1.110000 1.110000 -1.074873 -1.121560 1.980000 1.980000 -0.356536 -0.401272 -7.630000 -7.630000 1.050209 1.156148 16.709999 16.709999 1.410387 1.853356 -15.719999 -15.719999 0.836930 -0.343131 -52.820000 -52.820000 0.100033 0.213978 -2.170000 -2.170000 -0.230481 -0.128993 -15.910000 -15.910000 0.314000 0.306663 -9.320000 -9.320000 -1.048513 -0.896790 -8.320000 -8.320000 0.556806 0.583062 -2.110000 -2.110000 -1.201018 -1.145653 -4.530000 -4.530000 0.516938 0.549999 -2.600000 -2.600000 0.235205 0.227356 -2.260000 -2.260000 0.802225 0.812496 -1.850000 -1.850000 -0.967338 -0.950409 -4.210000 -4.210000 -0.069111 -0.052228 -1.620000 -1.620000 0.310614 0.389059 0.150000 0.150000 0.171262 0.179524 0.230000 0.230000
5.720000 -1.480076 -1.410603 -4.720000 -4.720000 0.661461 0.635441 2.090000 2.090000 0.574273 0.560072 2.690000 2.690000 1.820290 1.845186 0.740000 0.740000 -0.054126 -0.229247 -8.480000 -8.480000 0.231015 0.079563 1.130000 1.130000 -1.114478 -1.089960 -2.730000 -2.730000 -0.343945 -0.429680 -1.270000 -1.270000 1.060074 1.175511 20.250000 20.250000 1.438269 1.871687 -13.380000 -13.380000 0.701115 -0.264480 -35.899998 -35.899998 0.129632 0.213754 -1.680000 -1.680000 -0.225350 -0.083630 -14.849999 -14.849999 0.303504 0.298440 -19.240000 -19.240000 -1.086907 -0.905012 -7.460000 -7.460000 0.552740 0.596066 -4.610000 -4.610000 -1.225113 -1.177681 -3.010000 -3.010000 0.506627 0.537297 -0.860000 -0.860000 0.237515 0.230616 -0.680000 -0.680000 0.802435 0.832868 -2.060000 -2.060000 -0.998433 -0.942212 -4.460000 -4.460000 -0.063276 -0.055418 -3.050000 -3.050000 0.346369 0.354785 0.390000 0.390000 0.174429 0.155120 0.790000 0.790000
5.740000 -1.469038 -1.432539 -2.650000 -2.650000 0.690043 0.642255 4.410000 4.410000 0.594722 0.582469 3.300000 3.300000 1.776220 1.898925 -5.520000 -5.520000 -0.097700 -0.235660 -11.820000 -11.820000 0.243525 0.110775 0.780000 0.780000 -1.191919 -1.071322 -9.030000 -9.030000 -0.338296 -0.460036 0.560000 0.560000 1.056913 1.176695 27.500000 27.500000 1.452038 1.878496 -17.629999 -17.629999 0.621240 -0.170162 -34.959999 -34.959999 0.118110 0.213573 -1.560000 -1.560000 -0.173403 -0.049476 -12.679999 -12.679999 0.296480 0.309316 -20.670000 -20.670000 -1.087175 -0.948823 -5.940000 -5.940000 0.535507 0.593354 -3.960000 -3.960000 -1.261977 -1.202491 -2.420000 -2.420000 0.479488 0.522706 -1.100000 -1.100000 0.240242 0.238462 -1.080000 -1.080000 0.789617 0.836917 -1.900000 -1.900000 -0.970731 -0.947731 -1.500000 -1.500000 -0.023205 -0.047804 -2.640000 -2.640000 0.382321 0.365037 0.070000 0.070000 0.178379 0.166541 0.430000 0.430000
5.760000 -1.443306 -1.447219 0.430000 0.430000 0.690336 0.656400 5.050000 5.050000 0.626884 0.597202 1.350000 1.350000 1.738477 1.946944 -9.160000 -9.160000 0.049432 -0.238689 -22.320000 -22.320000 0.267604 0.129779 1.680000 1.680000 -1.212697 -1.081539 -10.340000 -10.340000 -0.265152 -0.483461 7.660000 7.660000 1.058131 1.180229 35.070000 35.070000 1.503233 1.875423 -24.549999 -24.549999 0.514822 -0.060414 -35.959999 -35.959999 0.146697 0.212721 -1.250000 -1.250000 -0.121680 -0.024769 -5.740000 -5.740000 0.287266 0.331459 -19.459999 -19.459999 -1.108435 -1.002819 -2.430000 -2.430000 0.533538 0.572642 -1.660000 -1.660000 -1.287890 -1.231701 0.010000 0.010000 0.461130 0.497166 -0.600000 -0.600000 0.236565 0.238462 -0.350000 -0.350000 0.811314 0.821700 0.300000 0.300000 -0.986456 -0.950141 -0.400000 -0.400000 0.025852 -0.030864 -2.760000 -2.760000 0.429214 0.393712 0.340000 0.340000 0.183063 0.174713 0.430000 0.430000
5.780000 -1.411218 -1.452910 3.010000 3.010000 0.719725 0.669987 5.260000 5.260000 0.644000 0.614587 1.040000 1.040000 1.702950 1.989333 -12.059999 -12.059999 0.203512 -0.238867 -26.709999 -26.709999 0.315390 0.135382 3.170000 3.170000 -1.251736 -1.104564 -11.700000 -11.700000 -0.247819 -0.477313 7.880000 7.880000 1.046378 1.189489 39.360001 39.360001 1.501314 1.885511 -25.309999 -25.309999 0.455761 0.051818 -21.920000 -21.920000 0.145348 0.210441 -0.810000 -0.810000 -0.082327 -0.002137 -1.120000 -1.120000 0.275844 0.353680 -22.539999 -22.539999 -1.111102 -1.061356 -0.540000 -0.540000 0.541647 0.548065 1.290000 1.290000 -1.301482 -1.257628 1.780000 1.780000 0.490889 0.486533 0.070000 0.070000 0.243391 0.236911 0.380000 0.380000 0.907821 0.803661 5.470000 5.470000 -1.002155 -0.968745 -1.190000 -1.190000 0.020619 -0.004320 -0.160000 -0.160000 0.425510 0.416768 -0.610000 -0.610000 0.167475 0.178636 -0.280000 -0.280000
5.800000 -1.410492 -1.453263 4.070000 4.070000 0.709564 0.700088 0.440000 0.440000 0.636942 0.631630 0.880000 0.880000 1.712356 2.022250 -10.440000 -10.440000 0.451930 -0.234524 -30.230000 -30.230000 0.323847 0.137811 3.130000 3.130000 -1.312451 -1.143420 -11.520000 -11.520000 -0.239661 -0.470500 7.660000 7.660000 1.058585 1.195109 37.270000 37.270000 1.494525 1.884724 -25.510000 -25.510000 0.429178 0.188462 -17.039999 -17.039999 0.154419 0.195975 0.410000 0.410000 -0.082812 0.018822 -1.010000 -1.010000 0.287844 0.374384 -22.279999 -22.279999 -1.113183 -1.098171 -0.030000 -0.030000 0.550312 0.522522 4.600000 4.600000 -1.316366 -1.280400 4.530000 4.530000 0.551199 0.497582 1.390000 1.390000 0.253465 0.245285 1.230000 1.230000 0.992131 0.806360 9.330000 9.330000 -1.068640 -0.995045 -3.470000 -3.470000 -0.036795 0.001490 -0.650000 -0.650000 0.422002 0.419454 -0.380000 -0.380000 0.146392 0.165720 -0.410000 -0.410000
5.820000 -1.402724 -1.459476 6.040000 6.040000 0.694560 0.716592 -5.810000 -5.810000 0.618226 0.649309 0.830000 0.830000 1.715110 2.052823 -7.140000 -7.140000 0.670009 -0.225638 -39.239998 -39.239998 0.350637 0.137843 3.930000 3.930000 -1.346591 -1.186678 -10.309999 -10.309999 -0.237643 -0.459948 8.800000 8.800000 1.049601 1.199200 40.180000 40.180000 1.532330 1.865705 -25.240000 -25.240000 0.323596 0.319390 -15.070000 -15.070000 0.151621 0.180358 0.400000 0.400000 -0.071336 0.018548 -0.240000 -0.240000 0.301145 0.382019 -19.199999 -19.199999 -1.133631 -1.121119 -0.040000 -0.040000 0.557292 0.504232 4.460000 4.460000 -1.321085 -1.299459 4.800000 4.800000 0.564612 0.522627 0.510000 0.510000 0.269342 0.255807 1.200000 1.200000 1.022382 0.822927 8.830000 8.830000 -1.102116 -1.043279 -1.170000 -1.170000 -0.089754 -0.020852 0.980000 0.980000 0.394773 0.406842 -0.090000 -0.090000 0.137089 0.148162 -0.390000 -0.390000
5.840000 -1.390028 -1.473098 6.880000 6.880000 0.716100 0.727037 -6.010000 -6.010000 0.616308 0.658520 2.790000 2.790000 1.727112 2.077177 -3.040000 -3.040000 0.950349 -0.198068 -44.410000 -44.410000 0.380354 0.139260 4.410000 4.410000 -1.357277 -1.224613 -10.290000 -10.290000 -0.261570 -0.463344 5.830000 5.830000 1.046899 1.196038 38.250000 38.250000 1.563537 1.842154 -33.430000 -33.430000 0.151973 0.447987 -6.230000 -6.230000 0.174411 0.166094 0.750000 0.750000 -0.065382 0.010951 -0.800000 -0.800000 0.315912 0.384231 -13.710000 -13.710000 -1.114187 -1.134128 1.320000 1.320000 0.548312 0.503802 2.640000 2.640000 -1.333973 -1.307038 4.440000 4.440000 0.530676 0.536510 -1.390000 -1.390000 0.286729 0.271488 -0.490000 -0.490000 1.010761 0.855202 6.130000 6.130000 -1.145934 -1.086763 -0.580000 -0.580000 -0.140976 -0.060983 0.540000 0.540000 0.369858 0.393297 -1.130000 -1.130000 0.125012 0.138011 0.500000 0.500000
5.860000 -1.371824 -1.482639 8.960000 8.960000 0.723976 0.742984 -7.120000 -7.120000 0.635073 0.663718 1.170000 1.170000 1.749622 2.091672 -3.950000 -3.950000 0.988339 -0.148667 -41.309998 -41.309998 0.394728 0.141849 4.500000 4.500000 -1.370544 -1.252762 -8.320000 -8.320000 -0.256044 -0.466604 6.910000 6.910000 1.044404 1.191800 38.849998 38.849998 1.556606 1.814498 -28.820000 -28.820000 0.063362 0.543606 -3.150000 -3.150000 0.167149 0.159425 0.510000 0.510000 -0.052342 -0.001657 0.070000 0.070000 0.323591 0.377399 -10.630000 -10.630000 -1.089583 -1.137318 2.720000 2.720000 0.553718 0.503557 3.330000 3.330000 -1.331682 -1.315874 4.160000 4.160000 0.470631 0.515512 -1.210000 -1.210000 0.296798 0.280346 -0.700000 -0.700000 0.982188 0.896190 2.760000 2.760000 -1.126535 -1.125799 3.570000 3.570000 -0.141409 -0.104955 0.860000 0.860000 0.333045 0.379009 -1.600000 -1.600000 0.120768 0.128423 1.320000 1.320000
5.880000 -1.377033 -1.482716 8.410000 8.410000 0.709405 0.757746 -6.360000 -6.360000 0.668197 0.672254 -4.790000 -4.790000 1.732466 2.100194 -7.330000 -7.330000 0.946748 -0.082830 -45.539997 -45.539997 0.367516 0.149891 3.340000 3.340000 -1.404625 -1.267273 -11.940000 -11.940000 -0.224954 -0.471205 11.090000 11.090000 1.039863 1.186103 41.049999 41.049999 1.613790 1.780918 -23.000000 -23.000000 0.017449 0.594558 0.580000 0.580000 0.181564 0.151766 0.890000 0.890000 -0.035822 -0.023477 8.530000 8.530000 0.321514 0.376997 -7.600000 -7.600000 -1.099435 -1.137196 1.690000 1.690000 0.589706 0.504686 5.420000 5.420000 -1.334251 -1.318214 6.510000 6.510000 0.427998 0.473988 -0.140000 -0.140000 0.286253 0.289878 -0.210000 -0.210000 0.964246 0.926379 1.860000 1.860000 -1.114155 -1.138501 3.520000 3.520000 -0.119987 -0.120684 2.710000 2.710000 0.303401 0.346860 -0.120000 -0.120000 0.115830 0.115743 0.330000 0.330000
5.900000 -1.378710 -1.477362 7.430000 7.430000 0.718639 0.773506 -5.100000 -5.100000 0.698356 0.674388 -8.270000 -8.270000 1.705528 2.091140 -15.059999 -15.059999 0.808112 -0.009148 -32.219997 -32.219997 0.339351 0.169705 2.130000 2.130000 -1.445651 -1.268500 -14.160000 -14.160000 -0.234446 -0.461416 9.440000 9.440000 1.028558 1.169833 35.149998 35.149998 1.595209 1.759293 -20.789999 -20.789999 0.011273 0.613620 0.680000 0.680000 0.171380 0.150392 0.350000 0.350000 -0.027157 -0.056231 14.040000 14.040000 0.308029 0.388940 -4.460000 -4.460000 -1.085976 -1.126765 0.640000 0.640000 0.588065 0.507597 5.190000 5.190000 -1.335466 -1.321497 5.380000 5.380000 0.416990 0.437916 0.500000 0.500000 0.277779 0.283595 0.120000 0.120000 0.961880 0.931165 1.810000 1.810000 -1.073381 -1.140969 5.270000 5.270000 -0.112499 -0.121522 4.190000 4.190000 0.282626 0.318320 -0.490000 -0.490000 0.106425 0.113618 0.290000 0.290000
5.920000 -1.444832 -1.467023 1.630000 1.630000 0.750134 0.783275 1.140000 1.140000 0.724274 0.672626 -8.950000 -8.950000 1.739247 2.067564 -14.380000 -14.380000 0.505778 0.049128 -25.490000 -25.490000 0.304710 0.179282 1.930000 1.930000 -1.484372 -1.273839 -17.270000 -17.270000 -0.262319 -0.440233 9.719999 9.719999 1.042218 1.143344 25.650000 25.650000 1.607897 1.743167 -18.090000 -18.090000 0.095788 0.595374 -0.970000 -0.970000 0.147111 0.148815 0.530000 0.530000 -0.058411 -0.086724 18.750000 18.750000 0.279843 0.394216 -6.560000 -6.560000 -1.147981 -1.106271 -2.740000 -2.740000 0.579590 0.514769 3.410000 3.410000 -1.341879 -1.326900 4.020000 4.020000 0.423994 0.421841 0.880000 0.880000 0.273023 0.275883 0.760000 0.760000 0.973708 0.929079 2.340000 2.340000 -1.077427 -1.131469 3.290000 3.290000 -0.135094 -0.125527 3.220000 3.220000 0.249840 0.287418 0.030000 0.030000 0.097977 0.102524 0.020000 0.020000
5.940000 -1.451775 -1.459292 0.490000 0.490000 0.718968 0.780270 1.960000 1.960000 0.732561 0.667311 -12.130000 -12.130000 1.778780 2.046120 -11.900000 -11.900000 0.448257 0.081608 -21.520000 -21.520000 0.278810 0.180486 1.710000 1.710000 -1.480655 -1.283656 -14.900000 -14.900000 -0.252496 -0.429269 10.290000 10.290000 1.051259 1.118108 22.570000 22.570000 1.627870 1.739995 -12.099999 -12.099999 0.159334 0.575626 -1.010000 -1.010000 0.128490 0.141071 0.260000 0.260000 -0.048815 -0.121798 18.850000 18.850000 0.290701 0.384280 -1.620000 -1.620000 -1.182411 -1.097312 -5.260000 -5.260000 0.582392 0.530323 2.780000 2.780000 -1.351505 -1.336330 1.150000 1.150000 0.426340 0.424280 0.380000 0.380000 0.262430 0.269937 -0.080000 -0.080000 0.964612 0.929447 1.770000 1.770000 -1.062708 -1.118965 2.830000 2.830000 -0.162669 -0.137612 2.600000 2.600000 0.216015 0.258316 -0.410000 -0.410000 0.090422 0.097589 0.160000 0.160000
5.960000 -1.467802 -1.444842 -2.360000 -2.360000 0.709356 0.759400 3.440000 3.440000 0.739631 0.665784 -13.219999 -13.219999 1.802240 2.013392 -7.820000 -7.820000 0.478127 0.121011 -13.929999 -13.929999 0.259961 0.181508 1.420000 1.420000 -1.497866 -1.308752 -14.679999 -14.679999 -0.259134 -0.401742 11.389999 11.389999 1.053552 1.092304 15.480000 15.480000 1.633172 1.736054 -11.870000 -11.870000 0.234793 0.550718 -2.450000 -2.450000 0.139914 0.136405 0.080000 0.080000 -0.064953 -0.142423 19.279999 19.279999 0.274045 0.377183 -1.860000 -1.860000 -1.211643 -1.093262 -6.080000 -6.080000 0.600039 0.548950 2.550000 2.550000 -1.371936 -1.353816 1.270000 1.270000 0.441334 0.431126 0.480000 0.480000 0.263627 0.267003 0.410000 0.410000 0.958282 0.929447 1.520000 1.520000 -1.109311 -1.106589 -0.870000 -0.870000 -0.204874 -0.155972 0.440000 0.440000 0.203900 0.230865 0.140000 0.140000 0.100596 0.095228 0.430000 0.430000
5.980000 -1.464248 -1.430422 -3.290000 -3.290000 0.697576 0.743473 6.660000 6.660000 0.755422 0.662818 -14.429999 -14.429999 1.821616 1.961308 -5.050000 -5.050000 0.501926 0.162307 -11.520000 -11.520000 0.228907 0.181530 0.830000 0.830000 -1.509942 -1.352072 -12.080000 -12.080000 -0.255544 -0.373687 11.849999 11.849999 1.054352 1.062173 10.349999 10.349999 1.641202 1.738570 -10.969999 -10.969999 0.312294 0.535679 -2.780000 -2.780000 0.153969 0.134019 0.380000 0.380000 -0.070255 -0.158507 20.879999 20.879999 0.253568 0.361589 0.720000 0.720000 -1.214385 -1.098539 -5.420000 -5.420000 0.621630 0.573818 1.430000 1.430000 -1.385986 -1.369254 0.740000 0.740000 0.449711 0.435825 0.670000 0.670000 0.261739 0.266418 0.420000 0.420000 0.956791 0.929447 1.560000 1.560000 -1.125072 -1.116706 -0.370000 -0.370000 -0.233097 -0.180898 1.270000 1.270000 0.214761 0.220400 -0.040000 -0.040000 0.117537 0.104187 0.510000 0.510000
6.000000 -1.466057 -1.417199 -4.720000 -4.720000 0.685306 0.730444 6.010000 6.010000 0.761726 0.658090 -14.389999 -14.389999 1.817708 1.924278 -3.270000 -3.270000 0.476834 0.203165 -6.920000 -6.920000 0.200886 0.181008 0.350000 0.350000 -1.518120 -1.399594 -7.410000 -7.410000 -0.265055 -0.351818 10.099999 10.099999 1.049155 1.042262 6.700000 6.700000 1.669003 1.740717 -8.059999 -8.059999 0.355289 0.532484 -1.440000 -1.440000 0.163454 0.134019 0.520000 0.520000 -0.093720 -0.177125 19.270000 19.270000 0.234404 0.340191 0.100000 0.100000 -1.237106 -1.111057 -6.080000 -6.080000 0.647026 0.596544 2.240000 2.240000 -1.396983 -1.381502 1.230000 1.230000 0.459857 0.444098 0.100000 0.100000 0.257772 0.260034 0.390000 0.390000 0.950279 0.929447 1.070000 1.070000 -1.193705 -1.134240 -2.530000 -2.530000 -0.264483 -0.205649 -0.810000 -0.810000 0.230259 0.216657 0.940000 0.940000 0.135999 0.119126 -0.030000 -0.030000
6.020000 -1.466734 -1.393806 -7.590000 -7.590000 0.678792 0.713333 7.450000 7.450000 0.765121 0.662690 -12.759999 -12.759999 1.800456 1.880733 -2.950000 -2.950000 0.454664 0.250590 -3.120000 -3.120000 0.167994 0.180582 -0.010000 -0.010000 -1.528043 -1.452302 -4.320000 -4.320000 -0.264100 -0.332524 10.309999 10.309999 1.052924 1.024848 3.220000 3.220000 1.693493 1.741274 -5.880000 -5.880000 0.387026 0.532555 -0.690000 -0.690000 0.169933 0.134541 0.600000 0.600000 -0.111292 -0.191545 18.020000 18.020000 0.210896 0.304725 2.070000 2.070000 -1.245133 -1.129096 -4.910000 -4.910000 0.666467 0.616673 2.130000 2.130000 -1.407810 -1.394832 0.740000 0.740000 0.476606 0.454305 0.460000 0.460000 0.253671 0.253649 0.720000 0.720000 0.946384 0.929815 0.940000 0.940000 -1.243197 -1.178922 -0.660000 -0.660000 -0.284147 -0.235104 -0.020000 -0.020000 0.251895 0.231528 0.410000 0.410000 0.155473 0.133841 0.420000 0.420000
6.040000 -1.498186 -1.368097 -10.340000 -10.340000 0.690234 0.700362 9.590000 9.590000 0.768138 0.671334 -10.219999 -10.219999 1.791317 1.836082 -3.040000 -3.040000 0.351535 0.298974 -0.930000 -0.930000 0.142054 0.179495 -0.580000 -0.580000 -1.553893 -1.495652 -3.900000 -3.900000 -0.289255 -0.322940 8.120000 8.120000 1.062644 1.017829 -0.100000 -0.100000 1.709254 1.742019 -4.370000 -4.370000 0.419962 0.532685 -0.100000 -0.100000 0.159838 0.135052 0.420000 0.420000 -0.128725 -0.202861 13.880000 13.880000 0.192528 0.268192 4.650000 4.650000 -1.280270 -1.151308 -5.880000 -5.880000 0.670517 0.633007 1.870000 1.870000 -1.419520 -1.405927 0.970000 0.970000 0.487517 0.471919 0.250000 0.250000 0.249085 0.252446 -0.120000 -0.120000 0.971410 0.930674 1.940000 1.940000 -1.258102 -1.227098 1.260000 1.260000 -0.290347 -0.258319 1.340000 1.340000 0.254740 0.247839 0.160000 0.160000 0.164001 0.151478 0.520000 0.520000
6.060000 -1.498822 -1.356807 -10.860000 -10.860000 0.675768 0.685923 11.849999 11.849999 0.783674 0.673223 -12.550000 -12.550000 1.778477 1.802567 -3.970000 -3.970000 0.267147 0.338447 2.050000 2.050000 0.106369 0.177492 -1.170000 -1.170000 -1.558244 -1.537607 -0.480000 -0.480000 -0.298981 -0.322715 7.150000 7.150000 1.061135 1.019738 -1.570000 -1.570000 1.697358 1.742069 -4.730000 -4.730000 0.442889 0.532093 -0.990000 -0.990000 0.169641 0.136032 0.580000 0.580000 -0.152083 -0.205102 9.520000 9.520000 0.172381 0.223544 3.310000 3.310000 -1.277729 -1.180884 -3.270000 -3.270000 0.674951 0.642402 1.370000 1.370000 -1.436040 -1.415299 1.180000 1.180000 0.522397 0.484723 0.720000 0.720000 0.249137 0.252659 0.910000 0.910000 0.973333 0.932392 2.150000 2.150000 -1.297428 -1.263247 1.360000 1.360000 -0.314943 -0.280055 0.600000 0.600000 0.279698 0.258192 0.740000 0.740000 0.175607 0.158256 -0.070000 -0.070000
6.080000 -1.490748 -1.356346 -10.900000 -10.900000 0.672329 0.671240 11.610000 11.610000 0.785685 0.677335 -10.370000 -10.370000 1.775535 1.785998 -3.840000 -3.840000 0.191584 0.356149 2.000000 2.000000 0.094264 0.173050 -1.160000 -1.160000 -1.570049 -1.566584 0.680000 0.680000 -0.310724 -0.325642 5.540000 5.540000 1.059670 1.019552 -2.590000 -2.590000 1.690790 1.740086 -4.670000 -4.670000 0.461428 0.532330 -1.500000 -1.500000 0.169382 0.138887 0.370000 0.370000 -0.158487 -0.207530 6.050000 6.050000 0.157211 0.184075 5.190000 5.190000 -1.290072 -1.221135 -1.690000 -1.690000 0.664060 0.642787 1.960000 1.960000 -1.435680 -1.425160 1.860000 1.860000 0.540695 0.509902 0.360000 0.360000 0.249307 0.252974 0.220000 0.220000 0.983709 0.936810 2.010000 2.010000 -1.315696 -1.302563 1.430000 1.430000 -0.326166 -0.301302 1.460000 1.460000 0.279366 0.278864 -1.020000 -1.020000 0.182995 0.176725 0.900000 0.900000
6.100000 -1.491673 -1.356346 -11.200000 -11.200000 0.667694 0.665934 9.639999 9.639999 0.790204 0.684657 -10.000000 -10.000000 1.757442 1.783901 -4.360000 -4.360000 0.187157 0.350280 0.220000 0.220000 0.088085 0.165178 -0.940000 -0.940000 -1.585837 -1.582276 -0.250000 -0.250000 -0.315525 -0.326895 3.820000 3.820000 1.059852 1.025582 -1.380000 -1.380000 1.667832 1.736841 -5.580000 -5.580000 0.483174 0.536377 -2.380000 -2.380000 0.174110 0.142232 0.420000 0.420000 -0.161920 -0.208636 3.980000 3.980000 0.146182 0.148492 6.120000 6.120000 -1.280507 -1.261264 0.450000 0.450000 0.655766 0.635510 1.650000 1.650000 -1.445486 -1.429316 2.980000 2.980000 0.568609 0.534588 0.380000 0.380000 0.254434 0.252547 0.430000 0.430000 0.981367 0.945032 1.500000 1.500000 -1.336493 -1.322646 1.180000 1.180000 -0.335936 -0.317170 0.600000 0.600000 0.304023 0.286766 0.350000 0.350000 0.194782 0.182312 0.010000 0.010000
6.120000 -1.510930 -1.356346 -12.570000 -12.570000 0.676801 0.669292 11.380000 11.380000 0.806620 0.698548 -9.820000 -9.820000 1.749202 1.790686 -5.510000 -5.510000 0.153921 0.333809 -0.790000 -0.790000 0.100944 0.156965 -0.470000 -0.470000 -1.583524 -1.586541 0.010000 0.010000 -0.341543 -0.332377 2.390000 2.390000 1.066702 1.038386 -2.700000 -2.700000 1.654663 1.728441 -6.670000 -6.670000 0.451471 0.543914 -2.420000 -2.420000 0.194092 0.145822 0.660000 0.660000 -0.171876 -0.206502 1.490000 1.490000 0.130685 0.121337 6.110000 6.110000 -1.280049 -1.290471 1.470000 1.470000 0.630473 0.623286 1.760000 1.760000 -1.448771 -1.436604 2.050000 2.050000 0.586880 0.554473 0.670000 0.670000 0.254553 0.253840 0.690000 0.690000 0.967668 0.953745 0.510000 0.510000 -1.390535 -1.342973 -1.460000 -1.460000 -0.353362 -0.328021 -1.010000 -1.010000 0.318225 0.299232 0.200000 0.200000 0.207057 0.198015 -0.230000 -0.230000
6.140000 -1.520132 -1.356346 -13.290000 -13.290000 0.680985 0.672806 12.460000 12.460000 0.822178 0.707877 -10.820000 -10.820000 1.750253 1.803772 -5.900000 -5.900000 0.112653 0.311505 -2.040000 -2.040000 0.095423 0.152214 -0.780000 -0.780000 -1.584777 -1.584163 -0.280000 -0.280000 -0.346688 -0.346875 1.950000 1.950000 1.063149 1.050319 -0.650000 -0.650000 1.627608 1.718084 -7.370000 -7.370000 0.474706 0.552670 -2.750000 -2.750000 0.216104 0.149955 1.030000 1.030000 -0.193398 -0.205024 0.010000 0.010000 0.107329 0.098264 3.900000 3.900000 -1.272757 -1.305688 2.160000 2.160000 0.604937 0.606218 1.410000 1.410000 -1.441362 -1.440074 1.660000 1.660000 0.599723 0.573582 -0.060000 -0.060000 0.257839 0.256245 0.250000 0.250000 0.962701 0.959145 0.080000 0.080000 -1.437245 -1.377900 -1.200000 -1.200000 -0.374457 -0.342154 -0.410000 -0.410000 0.346398 0.317016 0.030000 0.030000 0.216593 0.210583 -0.430000 -0.430000
6.160000 -1.534166 -1.356991 -14.589999 -14.589999 0.702099 0.678435 13.250000 13.250000 0.828527 0.723138 -8.880000 -8.880000 1.761414 1.818858 -7.580000 -7.580000 0.056308 0.283639 -2.360000 -2.360000 0.103723 0.148656 -0.710000 -0.710000 -1.585474 -1.577091 -0.970000 -0.970000 -0.371915 -0.367108 1.550000 1.550000 1.066665 1.059883 0.630000 0.630000 1.606115 1.701752 -7.180000 -7.180000 0.502574 0.562976 -3.230000 -3.230000 0.227845 0.158946 0.720000 0.720000 -0.215739 -0.206590 -1.110000 -1.110000 0.085193 0.081760 0.450000 0.450000 -1.278159 -1.312683 1.700000 1.700000 0.575450 0.586427 0.640000 0.640000 -1.430676 -1.436348 1.170000 1.170000 0.614857 0.586745 0.670000 0.670000 0.259087 0.257291 0.530000 0.530000 0.968485 0.963440 -0.070000 -0.070000 -1.478198 -1.415807 -2.060000 -2.060000 -0.394924 -0.356474 -0.350000 -0.350000 0.359586 0.333529 0.770000 0.770000 0.223061 0.220801 -0.350000 -0.350000
6.180000 -1.559206 -1.357221 -16.690001 -16.690001 0.724423 0.685356 13.080000 13.080000 0.832167 0.732565 -7.060000 -7.060000 1.768007 1.838950 -8.210000 -8.210000 0.011775 0.254294 -3.000000 -3.000000 0.102567 0.147399 -0.660000 -0.660000 -1.598607 -1.568072 -3.340000 -3.340000 -0.401140 -0.396701 2.490000 2.490000 1.081418 1.068742 1.080000 1.080000 1.595867 1.683291 -8.210000 -8.210000 0.506462 0.577945 -3.330000 -3.330000 0.248734 0.167777 0.920000 0.920000 -0.224460 -0.214588 0.060000 0.060000 0.061433 0.074820 -1.120000 -1.120000 -1.296172 -1.310351 0.620000 0.620000 0.547928 0.565180 0.580000 0.580000 -1.430660 -1.431656 1.970000 1.970000 0.623587 0.605338 0.060000 0.060000 0.259392 0.259921 0.160000 0.160000 0.969497 0.971417 -0.230000 -0.230000 -1.535800 -1.452538 -2.570000 -2.570000 -0.417474 -0.370410 -1.090000 -1.090000 0.389725 0.355752 0.890000 0.890000 0.230440 0.221509 -0.720000 -0.720000
6.200000 -1.575000 -1.359399 -16.779999 -16.779999 0.740292 0.702281 12.450000 12.450000 0.842471 0.745359 -5.810000 -5.810000 1.781747 1.861460 -7.990000 -7.990000 -0.003951 0.219234 -4.380000 -4.380000 0.107054 0.141880 -0.430000 -0.430000 -1.602399 -1.562488 -3.040000 -3.040000 -0.424417 -0.433684 2.610000 2.610000 1.088455 1.084757 3.340000 3.340000 1.570004 1.668590 -9.740000 -9.740000 0.505378 0.600001 -4.020000 -4.020000 0.269026 0.179527 1.060000 1.060000 -0.241259 -0.222400 -0.150000 -0.150000 0.037729 0.061976 -4.010000 -4.010000 -1.295585 -1.305934 0.430000 0.430000 0.534754 0.540242 0.950000 0.950000 -1.424820 -1.429840 1.150000 1.150000 0.632782 0.612037 0.850000 0.850000 0.261700 0.258460 0.610000 0.610000 0.976018 0.975957 -0.360000 -0.360000 -1.569660 -1.498479 -2.160000 -2.160000 -0.446713 -0.394509 -0.740000 -0.740000 0.414527 0.382854 0.700000 0.700000 0.241321 0.228085 -0.420000 -0.420000
6.220000 -1.602364 -1.373726 -16.859999 -16.859999 0.765242 0.715682 13.080000 13.080000 0.851087 0.762578 -4.490000 -4.490000 1.765811 1.878111 -10.410000 -10.410000 -0.081083 0.185747 -4.450000 -4.450000 0.100251 0.138120 -0.520000 -0.520000 -1.613963 -1.567918 -3.590000 -3.590000 -0.452453 -0.464500 2.290000 2.290000 1.091105 1.094702 3.270000 3.270000 1.565076 1.657962 -8.889999 -8.889999 0.496580 0.616247 -2.480000 -2.480000 0.275302 0.191714 0.510000 0.510000 -0.252541 -0.224915 0.590000 0.590000 0.018230 0.052275 -6.720000 -6.720000 -1.296242 -1.303111 0.140000 0.140000 0.525188 0.527121 0.860000 0.860000 -1.422058 -1.427291 1.010000 1.010000 0.627147 0.618310 0.310000 0.310000 0.261091 0.265991 0.060000 0.060000 1.000388 0.980007 0.690000 0.690000 -1.603963 -1.537760 -1.610000 -1.610000 -0.464858 -0.416769 -0.550000 -0.550000 0.449930 0.404369 1.130000 1.130000 0.250358 0.241933 -1.370000 -1.370000
6.240000 -1.601918 -1.399911 -17.670000 -17.670000 0.784607 0.727732 13.679999 13.679999 0.853463 0.773356 -2.570000 -2.570000 1.766045 1.888133 -10.969999 -10.969999 -0.108441 0.148273 -5.880000 -5.880000 0.109433 0.134349 -0.320000 -0.320000 -1.606151 -1.574990 -2.270000 -2.270000 -0.463308 -0.494317 3.030000 3.030000 1.094658 1.102964 5.890000 5.890000 1.561208 1.656634 -9.320000 -9.320000 0.474641 0.621832 -4.810000 -4.810000 0.282948 0.203229 0.890000 0.890000 -0.252195 -0.225630 1.390000 1.390000 0.002219 0.044454 -6.180000 -6.180000 -1.294209 -1.299430 0.140000 0.140000 0.529297 0.519961 1.690000 1.690000 -1.410597 -1.423740 0.920000 0.920000 0.615380 0.617062 0.090000 0.090000 0.261925 0.265890 -0.250000 -0.250000 1.020523 0.987861 0.860000 0.860000 -1.627433 -1.582536 0.220000 0.220000 -0.473105 -0.443151 -0.160000 -0.160000 0.464881 0.435641 0.910000 0.910000 0.259948 0.250454 -0.390000 -0.390000
6.260000 -1.612836 -1.426296 -10.490000 -10.490000 0.803239 0.742113 12.340000 12.340000 0.852069 0.785073 -0.840000 -0.840000 1.766397 1.887527 -9.220000 -9.220000 -0.133286 0.107900 -5.200000 -5.200000 0.107821 0.130780 -0.250000 -0.250000 -1.609801 -1.579837 -2.190000 -2.190000 -0.482990 -0.516773 2.840000 2.840000 1.105721 1.111794 5.880000 5.880000 1.541342 1.667795 -11.170000 -11.170000 0.472932 0.615655 -5.990000 -5.990000 0.283300 0.215448 0.610000 0.610000 -0.256950 -0.229007 1.770000 1.770000 -0.004767 0.038140 -7.580000 -7.580000 -1.291276 -1.295871 0.240000 0.240000 0.514909 0.510286 1.860000 1.860000 -1.394572 -1.416021 1.120000 1.120000 0.606888 0.612903 -0.040000 -0.040000 0.263572 0.266250 -0.250000 -0.250000 1.040005 1.004183 0.870000 0.870000 -1.635337 -1.615996 2.800000 2.800000 -0.472088 -0.458402 1.450000 1.450000 0.477771 0.459652 0.220000 0.220000 0.267854 0.255715 0.070000 0.070000
6.280000 -1.612127 -1.459184 -12.099999 -12.099999 0.807374 0.752068 10.429999 10.429999 0.852777 0.794598 -0.300000 -0.300000 1.760843 1.869302 -7.740000 -7.740000 -0.183100 0.066817 -3.580000 -3.580000 0.102691 0.126274 -0.380000 -0.380000 -1.610721 -1.581785 -2.130000 -2.130000 -0.492693 -0.532514 2.720000 2.720000 1.105783 1.125616 7.510000 7.510000 1.527518 1.679816 -12.139999 -12.139999 0.469784 0.606509 -8.599999 -8.599999 0.284321 0.224087 0.720000 0.720000 -0.256010 -0.234019 3.860000 3.860000 -0.014396 0.042251 -7.910000 -7.910000 -1.279079 -1.293784 0.590000 0.590000 0.519661 0.496921 2.900000 2.900000 -1.371214 -1.401468 2.360000 2.360000 0.606130 0.610891 0.010000 0.010000 0.262931 0.266306 -0.260000 -0.260000 1.052597 1.017682 1.580000 1.580000 -1.633325 -1.651632 4.310000 4.310000 -0.470672 -0.468612 3.340000 3.340000 0.489426 0.469937 0.740000 0.740000 0.276566 0.265236 -0.510000 -0.510000
6.300000 -1.594256 -1.497549 -6.150000 -6.150000 0.809026 0.760859 8.860000 8.860000 0.850233 0.807226 0.600000 0.600000 1.772903 1.833698 -3.780000 -3.780000 -0.208759 0.023900 -1.030000 -1.030000 0.108224 0.123899 -0.270000 -0.270000 -1.596691 -1.581064 -1.560000 -1.560000 -0.498676 -0.548029 3.120000 3.120000 1.111508 1.133829 8.820000 8.820000 1.514342 1.693435 -16.230000 -16.230000 0.458051 0.599172 -10.950000 -10.950000 0.290992 0.227965 0.880000 0.880000 -0.253460 -0.238033 5.160000 5.160000 -0.023714 0.044092 -9.550000 -9.550000 -1.268942 -1.290962 0.950000 0.950000 0.515528 0.486303 3.870000 3.870000 -1.351605 -1.386682 2.880000 2.880000 0.600651 0.608643 -0.200000 -0.200000 0.260975 0.265474 -0.540000 -0.540000 1.054363 1.027131 0.950000 0.950000 -1.658802 -1.669771 2.460000 2.460000 -0.477769 -0.474061 2.090000 2.090000 0.482858 0.477300 0.470000 0.470000 0.283558 0.276960 0.040000 0.040000
6.320000 -1.587716 -1.536190 -2.720000 -2.720000 0.806796 0.765773 6.450000 6.450000 0.848737 0.818659 1.120000 1.120000 1.770604 1.787219 -1.860000 -1.860000 -0.223847 -0.026104 1.190000 1.190000 0.103237 0.123324 -0.340000 -0.340000 -1.602735 -1.575772 -2.180000 -2.180000 -0.499593 -0.560608 3.770000 3.770000 1.110641 1.137383 9.059999 9.059999 1.493169 1.714028 -18.340000 -18.340000 0.448467 0.598356 -11.190000 -11.190000 0.299875 0.235592 0.850000 0.850000 -0.248875 -0.233882 5.760000 5.760000 -0.029151 0.042878 -9.090000 -9.090000 -1.255172 -1.281758 0.350000 0.350000 0.509643 0.486222 2.310000 2.310000 -1.327813 -1.371093 0.260000 0.260000 0.590949 0.603888 -0.490000 -0.490000 0.261238 0.262360 -0.190000 -0.190000 1.050153 1.040262 -0.080000 -0.080000 -1.663622 -1.681669 2.230000 2.230000 -0.482983 -0.477763 2.000000 2.000000 0.488933 0.480818 0.590000 0.590000 0.297232 0.277781 0.410000 0.410000
6.340000 -1.571700 -1.560565 -0.840000 -0.840000 0.802736 0.774583 3.300000 3.300000 0.843561 0.830015 1.840000 1.840000 1.768926 1.743158 4.100000 4.100000 -0.234651 -0.075458 2.710000 2.710000 0.098532 0.120682 -0.170000 -0.170000 -1.603847 -1.572106 -2.500000 -2.500000 -0.503895 -0.564916 3.030000 3.030000 1.109845 1.139732 11.090000 11.090000 1.474393 1.729097 -22.980000 -22.980000 0.427634 0.602344 -12.700000 -12.700000 0.317859 0.241163 1.060000 1.060000 -0.248647 -0.230593 5.500000 5.500000 -0.038835 0.039902 -10.380000 -10.380000 -1.240379 -1.265682 0.410000 0.410000 0.495837 0.490553 0.900000 0.900000 -1.310473 -1.352443 -0.330000 -0.330000 0.582431 0.596345 -0.580000 -0.580000 0.258605 0.255357 -0.440000 -0.440000 1.041149 1.049834 -0.710000 -0.710000 -1.697500 -1.691309 0.140000 0.140000 -0.503029 -0.484329 1.070000 1.070000 0.474311 0.482448 0.200000 0.200000 0.313348 0.289797 0.740000 0.740000
6.360000 -1.573274 -1.578697 1.010000 1.010000 0.796603 0.782894 0.870000 0.870000 0.845682 0.843455 1.410000 1.410000 1.755077 1.702318 3.600000 3.600000 -0.238369 -0.126007 3.650000 3.650000 0.090229 0.114674 -0.140000 -0.140000 -1.608608 -1.569145 -3.260000 -3.260000 -0.505539 -0.572394 2.520000 2.520000 1.105960 1.149247 12.469999 12.469999 1.476956 1.743830 -24.070000 -24.070000 0.401194 0.609774 -14.520000 -14.520000 0.323728 0.249185 0.900000 0.900000 -0.245184 -0.222566 4.280000 4.280000 -0.045138 0.035164 -11.849999 -11.849999 -1.234045 -1.247274 -0.350000 -0.350000 0.491606 0.492136 0.270000 0.270000 -1.296938 -1.332884 -0.450000 -0.450000 0.575655 0.594738 -0.890000 -0.890000 0.258080 0.256380 -0.840000 -0.840000 1.034866 1.055970 -1.190000 -1.190000 -1.711177 -1.705280 0.030000 0.030000 -0.510926 -0.490663 1.290000 1.290000 0.471156 0.476783 0.120000 0.120000 0.328694 0.310166 0.530000 0.530000
6.380000 -1.561460 -1.595264 3.400000 3.400000 0.784149 0.790891 -1.430000 -1.430000 0.850626 0.854820 0.190000 0.190000 1.740831 1.668639 6.330000 6.330000 -0.256884 -0.176817 4.850000 4.850000 0.074150 0.109145 -0.260000 -0.260000 -1.604633 -1.569145 -2.830000 -2.830000 -0.491849 -0.582878 1.820000 1.820000 1.093767 1.162374 17.430000 17.430000 1.471794 1.757417 -25.170000 -25.170000 0.378548 0.617821 -15.049999 -15.049999 0.335838 0.254937 1.050000 1.050000 -0.246434 -0.209224 3.730000 3.730000 -0.053814 0.027538 -12.070000 -12.070000 -1.224378 -1.222730 -1.800000 -1.800000 0.488286 0.495175 -0.110000 -0.110000 -1.284044 -1.318016 -1.430000 -1.430000 0.558952 0.589499 -1.130000 -1.130000 0.252004 0.254582 -1.070000 -1.070000 1.019697 1.055970 -1.840000 -1.840000 -1.741240 -1.716119 -1.000000 -1.000000 -0.530934 -0.500873 0.060000 0.060000 0.449769 0.464317 0.210000 0.210000 0.343425 0.329174 -0.090000 -0.090000
6.400000 -1.558383 -1.603149 3.940000 3.940000 0.769901 0.796804 -3.710000 -3.710000 0.856622 0.862925 -1.900000 -1.900000 1.720114 1.646424 5.180000 5.180000 -0.283174 -0.212350 5.260000 5.260000 0.052179 0.099366 -0.330000 -0.330000 -1.603190 -1.569145 -2.860000 -2.860000 -0.482357 -0.590054 0.910000 0.910000 1.084707 1.177655 22.059999 22.059999 1.466234 1.764964 -23.289999 -23.289999 0.355132 0.619702 -16.129999 -16.129999 0.351691 0.261531 1.370000 1.370000 -0.241730 -0.198769 2.350000 2.350000 -0.065126 0.017084 -13.299999 -13.299999 -1.217398 -1.196346 -2.430000 -2.430000 0.493256 0.501031 -0.090000 -0.090000 -1.265429 -1.305198 -2.360000 -2.360000 0.544992 0.573346 -0.390000 -0.390000 0.244281 0.245937 -0.480000 -0.480000 1.005540 1.053025 -2.320000 -2.320000 -1.753768 -1.734001 0.320000 0.320000 -0.537362 -0.516264 -0.260000 -0.260000 0.439086 0.454897 -0.030000 -0.030000 0.359932 0.346283 0.430000 0.430000
6.420000 -1.550968 -1.605219 4.320000 4.320000 0.747767 0.800044 -6.170000 -6.170000 0.861471 0.869670 -4.330000 -4.330000 1.700721 1.628307 5.390000 5.390000 -0.312449 -0.238559 5.180000 5.180000 0.025848 0.085635 -0.170000 -0.170000 -1.596682 -1.567166 -2.590000 -2.590000 -0.477474 -0.598453 -0.130000 -0.130000 1.070606 1.197076 28.469999 28.469999 1.459793 1.773150 -24.629999 -24.629999 0.338539 0.618152 -15.080000 -15.080000 0.364132 0.268530 1.360000 1.360000 -0.246972 -0.183850 0.000000 0.000000 -0.070488 0.001480 -14.809999 -14.809999 -1.209910 -1.176956 -2.930000 -2.930000 0.493793 0.503953 0.040000 0.040000 -1.254653 -1.290192 -1.510000 -1.510000 0.533927 0.558373 -0.400000 -0.400000 0.237576 0.243464 -0.700000 -0.700000 0.992009 1.044680 -2.270000 -2.270000 -1.778739 -1.748996 -0.480000 -0.480000 -0.549653 -0.529001 -0.630000 -0.630000 0.425239 0.442251 0.070000 0.070000 0.375984 0.358434 0.440000 0.440000
6.440000 -1.543360 -1.604084 4.980000 4.980000 0.727857 0.794738 -7.110000 -7.110000 0.864800 0.872059 -5.810000 -5.810000 1.686297 1.612639 4.970000 4.970000 -0.340155 -0.261207 5.680000 5.680000 0.007250 0.069070 -0.290000 -0.290000 -1.588754 -1.559696 -3.020000 -3.020000 -0.470216 -0.607517 -1.640000 -1.640000 1.056188 1.210565 32.290001 32.290001 1.463084 1.781123 -25.660000 -25.660000 0.328521 0.616673 -16.900000 -16.900000 0.371624 0.274154 1.520000 1.520000 -0.246868 -0.171830 -1.400000 -1.400000 -0.080497 -0.011109 -15.349999 -15.349999 -1.206516 -1.162598 -2.660000 -2.660000 0.503972 0.502707 0.900000 0.900000 -1.243156 -1.278188 -0.870000 -0.870000 0.528495 0.549021 -0.640000 -0.640000 0.233630 0.234427 -0.380000 -0.380000 0.982558 1.029463 -1.450000 -1.450000 -1.794095 -1.770406 -0.200000 -0.200000 -0.555969 -0.538559 0.400000 0.400000 0.401391 0.425614 0.000000 0.000000 0.387737 0.373700 0.850000 0.850000
6.460000 -1.527509 -1.607827 7.370000 7.370000 0.710188 0.793113 -10.230000 -10.230000 0.856176 0.870179 -8.880000 -8.880000 1.670060 1.616523 -3.370000 -3.370000 -0.378809 -0.249611 3.990000 3.990000 -0.016108 0.080127 -2.330000 -2.330000 -1.584162 -1.548605 -3.250000 -3.250000 -0.469074 -0.612255 -3.530000 -3.530000 1.045817 1.219258 36.139999 36.139999 1.456380 1.785204 -27.070000 -27.070000 0.308579 0.610331 -16.549999 -16.549999 0.380061 0.278511 1.490000 1.490000 -0.240927 -0.158781 -6.880000 -6.880000 -0.088433 -0.029659 -10.830000 -10.830000 -1.195256 -1.156462 -2.050000 -2.050000 0.506720 0.504279 1.440000 1.440000 -1.232038 -1.267163 -0.540000 -0.540000 0.526603 0.542310 -0.760000 -0.760000 0.233331 0.228548 -0.440000 -0.440000 0.974443 1.011546 -0.930000 -0.930000 -1.807498 -1.788033 -0.370000 -0.370000 -0.564234 -0.546709 0.080000 0.080000 0.364375 0.404167 -0.630000 -0.630000 0.402398 0.387931 0.720000 0.720000
6.480000 -1.503462 -1.620099 10.130000 10.130000 0.664450 0.797215 -13.690000 -13.690000 0.861261 0.863278 -13.320000 -13.320000 1.629158 1.659822 -7.030000 -7.030000 -0.438906 -0.219769 4.130000 4.130000 -0.049932 0.080575 -2.120000 -2.120000 -1.582103 -1.537622 -4.830000 -4.830000 -0.439976 -0.626665 -6.790000 -6.790000 1.019470 1.252423 41.250000 41.250000 1.443197 1.785826 -28.500000 -28.500000 0.293685 0.606095 -16.869999 -16.869999 0.390185 0.282069 1.760000 1.760000 -0.229015 -0.156989 -7.660000 -7.660000 -0.097144 -0.069334 -9.150000 -9.150000 -1.189548 -1.155849 -2.110000 -2.110000 0.510635 0.492218 3.430000 3.430000 -1.220363 -1.253053 1.830000 1.830000 0.520119 0.537791 -0.400000 -0.400000 0.229763 0.228593 -0.230000 -0.230000 0.961800 0.994733 -0.990000 -0.990000 -1.797715 -1.797661 -0.190000 -0.190000 -0.590834 -0.558595 0.980000 0.980000 0.329529 0.374985 -0.260000 -0.260000 0.413980 0.408951 0.360000 0.360000
6.500000 -1.475337 -1.629993 11.700000 11.700000 0.668789 0.796804 -15.920000 -15.920000 0.834856 0.862632 -11.110000 -11.110000 1.638116 1.676850 -10.179999 -10.179999 -0.473144 -0.204292 2.860000 2.860000 -0.067491 0.074556 -2.680000 -2.680000 -1.580679 -1.519107 -6.150000 -6.150000 -0.463034 -0.629308 -9.550000 -9.550000 1.016786 1.282064 47.079998 47.079998 1.447814 1.785638 -28.209999 -28.209999 0.290470 0.607171 -15.400000 -15.400000 0.382424 0.283614 1.740000 1.740000 -0.228307 -0.145438 -12.080000 -12.080000 -0.093330 -0.105553 -6.230000 -6.230000 -1.173922 -1.153885 -1.050000 -1.050000 0.517194 0.482974 4.630000 4.630000 -1.211256 -1.244787 2.380000 2.380000 0.532491 0.528427 0.260000 0.260000 0.238238 0.227637 0.870000 0.870000 0.953874 0.978903 -0.650000 -0.650000 -1.817753 -1.799524 -1.100000 -1.100000 -0.597250 -0.573916 -0.920000 -0.920000 0.291014 0.343724 -1.290000 -1.290000 0.427371 0.419596 0.850000 0.850000
6.520000 -1.448005 -1.645548 18.160000 18.160000 0.632845 0.794357 -19.219999 -19.219999 0.838382 0.861927 -13.719999 -13.719999 1.635063 1.695844 -13.630000 -13.630000 -0.507475 -0.187371 1.370000 1.370000 -0.081155 0.076729 -2.830000 -2.830000 -1.576980 -1.497094 -7.910000 -7.910000 -0.437496 -0.641583 -10.389999 -10.389999 1.005554 1.294497 48.619999 48.619999 1.436014 1.779804 -26.969999 -26.969999 0.288655 0.612875 -17.039999 -17.039999 0.393151 0.283976 2.010000 2.010000 -0.219717 -0.141542 -15.750000 -15.750000 -0.110546 -0.137975 -3.470000 -3.470000 -1.167791 -1.153885 -1.070000 -1.070000 0.513674 0.473951 4.880000 4.880000 -1.190631 -1.233971 1.870000 1.870000 0.516558 0.522346 -0.310000 -0.310000 0.239932 0.232100 0.220000 0.220000 0.942602 0.964176 -0.830000 -0.830000 -1.807320 -1.799500 -2.250000 -2.250000 -0.614796 -0.586932 -0.700000 -0.700000 0.268265 0.308383 -0.260000 -0.260000 0.437394 0.428094 0.650000 0.650000
