time jpLt jpLc tpLt mpLc jrLt jrLc trLt mrLc jyLt jyLc tyLt myLc jkLt jkLc tkLt mkLc japLt japLc tapLt mapLc jarLt jarLc tarLt marLc jpRt jpRc tpRt mpRc jrRt jrRc trRt mrRc jyRt jyRc tyRt myRc jkRt jkRc tkRt mkRc japRt japRc tapRt mapRc jarRt jarRc tarRt marRc jwrt jwrc twrt mwrc jwyt jwyc twyt mwyc jspLt jspLc tspLt mspLt jsrLt jsrLc tsrLt msrLt jsyLt jsyLc tsyLt msyLt jeLt jeLc teLt meLt jwrLt jwrLc twrLt mwrLt jspRt jspRc tspRt mspRt jsrRt jsrRc tsrRt msrRt jsyRt jsyRc tsyRt msyRt jeRt jeRc teRt meRt jwrRt jwrRc twrRt mwrRt r p y step
0.018000 -0.059284 -0.059283 -0.000305 0.000000 0.082751 0.082751 0.000026 0.000000 0.625724 0.625724 -0.000044 0.000000 0.085217 0.085217 -0.000011 0.000000 0.511464 0.511464 0.000003 0.000000 -0.141616 -0.141616 0.000002 0.000000 -0.062693 -0.062693 0.000013 0.000000 -0.217808 -0.217808 0.000044 0.000000 -0.670049 -0.670049 -0.000055 0.000000 0.081925 0.081926 -0.000075 0.000000 0.512036 0.512036 -0.000008 0.000000 0.200875 0.200875 0.000004 0.000000 0.018572 0.018573 -0.000161 0.000000 0.055096 0.055094 0.000580 0.000000 0.583589 0.583590 -0.000249 0.000000 1.348620 1.348618 0.000338 0.000000 0.145713 0.145713 0.000005 0.000000 1.441230 1.441232 -0.000193 0.000000 -0.214460 -0.214460 -0.000000 0.000000 -0.451294 -0.451294 -0.000004 0.000000 -1.571560 -1.571567 0.001405 0.000000 0.861828 0.861828 -0.000003 0.000000 1.570990 1.570939 0.011750 0.000000 0.547131 0.547131 0.000002 0.000000 2.050732 -1.540795 -2.050732 0.000000
0.036000 -0.059284 -0.059282 -0.000499 0.000000 0.082751 0.082751 0.000058 0.000000 0.625724 0.625724 -0.000021 0.000000 0.085217 0.085217 -0.000148 0.000000 0.511464 0.511464 -0.000007 0.000000 -0.141616 -0.141616 0.000001 0.000000 -0.062693 -0.062694 0.000140 0.000000 -0.217808 -0.217808 0.000075 0.000000 -0.670049 -0.670049 -0.000034 0.000000 0.081925 0.081926 -0.000003 0.000000 0.512036 0.512036 -0.000007 0.000000 0.200875 0.200875 0.000005 0.000000 0.018572 0.018572 0.000196 0.000000 0.055096 0.055095 0.000135 0.000000 0.583589 0.583591 -0.000035 0.000000 1.348620 1.348618 0.000041 0.000000 0.145713 0.145713 0.000009 0.000000 1.441230 1.441232 0.000065 0.000000 -0.214460 -0.214460 -0.000001 0.000000 -0.451294 -0.451294 -0.000001 0.000000 -1.571560 -1.571571 0.000687 0.000000 0.861828 0.861828 -0.000000 0.000000 1.570990 1.570883 0.011266 0.000000 0.547131 0.547131 -0.000000 0.000000 1.871279 -1.540792 -1.871279 1.000000
0.054000 -0.059284 -0.059282 -0.000473 0.000000 0.082751 0.082751 -0.000041 0.000000 0.625724 0.625724 0.000043 0.000000 0.085217 0.085218 -0.000281 0.000000 0.511464 0.511464 -0.000027 0.000000 -0.141616 -0.141616 -0.000004 0.000000 -0.062693 -0.062694 0.000214 0.000000 -0.217808 -0.217808 -0.000041 0.000000 -0.670049 -0.670049 0.000035 0.000000 0.081925 0.081925 0.000116 0.000000 0.512036 0.512036 0.000005 0.000000 0.200875 0.200875 0.000000 0.000000 0.018572 0.018571 0.000471 0.000000 0.055096 0.055096 -0.000141 0.000000 0.583589 0.583590 0.000070 0.000000 1.348620 1.348618 -0.000095 0.000000 0.145713 0.145713 0.000001 0.000000 1.441230 1.441231 0.000103 0.000000 -0.214460 -0.214460 -0.000000 0.000000 -0.451294 -0.451294 0.000001 0.000000 -1.571560 -1.571570 0.000063 0.000000 0.861828 0.861828 0.000001 0.000000 1.570990 1.570848 0.009719 0.000000 0.547131 0.547131 -0.000001 0.000000 1.816408 -1.540789 -1.816407 2.000000
0.072000 -0.059284 -0.059282 -0.000334 0.000000 0.082751 0.082752 -0.000171 0.000000 0.625724 0.625724 0.000059 0.000000 0.085217 0.085218 -0.000249 0.000000 0.511464 0.511464 -0.000038 0.000000 -0.141616 -0.141616 -0.000008 0.000000 -0.062693 -0.062694 0.000253 0.000000 -0.217808 -0.217808 -0.000201 0.000000 -0.670049 -0.670049 0.000057 0.000000 0.081925 0.081925 0.000142 0.000000 0.512036 0.512036 0.000017 0.000000 0.200875 0.200875 -0.000005 0.000000 0.018572 0.018570 0.000551 0.000000 0.055096 0.055097 -0.000127 0.000000 0.583589 0.583589 0.000094 0.000000 1.348620 1.348619 -0.000093 0.000000 0.145713 0.145713 -0.000003 0.000000 1.441230 1.441230 0.000099 0.000000 -0.214460 -0.214460 0.000000 0.000000 -0.451294 -0.451294 0.000002 0.000000 -1.571560 -1.571567 -0.000254 0.000000 0.861828 0.861828 0.000001 0.000000 1.570990 1.570828 0.008656 0.000000 0.547131 0.547131 -0.000001 0.000000 1.792128 -1.540787 -1.792127 3.000000
0.090000 -0.059284 -0.059586 0.516368 0.000000 0.082751 0.082631 0.205817 0.000000 0.625724 0.625735 -0.019373 0.000000 0.085217 0.085196 0.037556 0.000000 0.511464 0.511466 -0.001055 0.000000 -0.141616 -0.141621 0.005252 0.000000 -0.062693 -0.062962 0.454579 0.000000 -0.217808 -0.217895 0.150302 0.000000 -0.670049 -0.670053 0.006203 0.000000 0.081925 0.081835 0.152842 0.000000 0.512036 0.512030 0.006128 0.000000 0.200875 0.200875 -0.000406 0.000000 0.018572 0.018402 0.285799 0.000000 0.055096 0.054338 1.289294 0.000000 0.583589 0.582655 1.438288 0.000000 1.348620 1.348674 -0.082862 0.000000 0.145713 0.145920 -0.319487 0.000000 1.441230 1.444436 -4.937936 0.000000 -0.214460 -0.214455 -0.007107 0.000000 -0.451294 -0.451313 0.029777 0.000000 -1.571560 -1.571373 -0.293647 0.000000 0.861828 0.861816 0.018884 0.000000 1.570990 1.570374 0.690603 0.000000 0.547131 0.547132 -0.002261 0.000000 1.777366 -1.540786 -1.777366 4.000000
0.108000 -0.059284 -0.070811 5.728275 0.000000 0.082751 0.078223 1.801735 0.000000 0.625724 0.630009 -3.820754 0.000000 0.085217 0.079635 4.059816 0.000000 0.511464 0.513868 -1.868710 0.000000 -0.141616 -0.142795 0.576697 0.000000 -0.062693 -0.076598 5.799551 0.000000 -0.217808 -0.219545 0.287759 0.000000 -0.670049 -0.669802 0.170499 0.000000 0.081925 0.076600 2.837554 0.000000 0.512036 0.511423 0.187585 0.000000 0.200875 0.201015 -0.086347 0.000000 0.018572 0.016088 -0.097551 0.000000 0.055096 0.032697 8.591741 0.000000 0.583589 0.563646 0.024975 0.000000 1.348620 1.344099 3.227201 0.000000 0.145713 0.155968 -1.810194 0.000000 1.441230 1.477188 -5.283304 0.000000 -0.214460 -0.214866 0.077442 0.000000 -0.451294 -0.451942 0.179655 0.000000 -1.571560 -1.570948 2.448952 0.000000 0.861828 0.861413 0.127073 0.000000 1.570990 1.560901 0.405301 0.000000 0.547131 0.547191 -0.023639 0.000000 0.446158 -1.525988 -0.441423 5.000000
0.126000 -0.059284 -0.110582 17.152388 0.000000 0.082751 0.071622 3.271009 0.000000 0.625724 0.660067 -11.072763 0.000000 0.085217 0.048076 12.430394 0.000000 0.511464 0.551234 -4.940003 0.000000 -0.141616 -0.152812 1.677147 0.000000 -0.062693 -0.105665 15.203728 0.000000 -0.217808 -0.215999 -1.236796 0.000000 -0.670049 -0.681326 6.152505 0.000000 0.081925 0.055236 10.277534 0.000000 0.512036 0.520364 -3.361433 0.000000 0.200875 0.203206 -0.321299 0.000000 0.018572 0.030860 -5.112788 0.000000 0.055096 0.019219 6.534342 0.000000 0.583589 0.579136 -2.125734 0.000000 1.348620 1.313233 6.150973 0.000000 0.145713 0.158630 -0.338183 0.000000 1.441230 1.480224 -1.163869 0.000000 -0.214460 -0.215056 0.023838 0.000000 -0.451294 -0.453889 0.532210 0.000000 -1.571560 -1.608164 7.968672 0.000000 0.861828 0.860830 0.083364 0.000000 1.570990 1.575577 -1.753504 0.000000 0.547131 0.547315 -0.015120 0.000000 0.336933 -1.482216 -0.330892 6.000000
0.144000 -0.059284 -0.150774 21.780124 0.000000 0.082751 0.064364 4.877802 0.000000 0.625724 0.666912 -6.216262 0.000000 0.085217 0.023412 14.805532 0.000000 0.511464 0.575492 -3.153166 0.000000 -0.141616 -0.165609 1.755583 0.000000 -0.062693 -0.147744 20.496428 0.000000 -0.217808 -0.211162 -1.516799 0.000000 -0.670049 -0.701979 8.206623 0.000000 0.081925 0.027441 13.041182 0.000000 0.512036 0.550856 -2.916880 0.000000 0.200875 0.206663 -0.752741 0.000000 0.018572 0.044583 -6.794884 0.000000 0.055096 0.022703 8.564957 0.000000 0.583589 0.590241 -1.203667 0.000000 1.348620 1.289385 4.862610 0.000000 0.145713 0.155578 0.217230 0.000000 1.441230 1.476435 -0.485204 0.000000 -0.214460 -0.214907 -0.022888 0.000000 -0.451294 -0.456667 0.482598 0.000000 -1.571560 -1.643702 6.662284 0.000000 0.861828 0.861019 -0.072965 0.000000 1.570990 1.577546 -0.035363 0.000000 0.547131 0.547265 0.016887 0.000000 0.437027 -1.434999 -0.431119 7.000000
0.162000 -0.059284 -0.158431 19.672283 0.000000 0.082751 0.057753 5.642483 0.000000 0.625724 0.651184 -3.331059 0.000000 0.085217 0.017529 13.234911 0.000000 0.511464 0.576265 -1.277441 0.000000 -0.141616 -0.173387 1.558953 0.000000 -0.062693 -0.157203 19.325292 0.000000 -0.217808 -0.213320 -0.437718 0.000000 -0.670049 -0.699756 3.990469 0.000000 0.081925 0.024777 11.058761 0.000000 0.512036 0.556268 -1.242636 0.000000 0.200875 0.211197 -0.614427 0.000000 0.018572 0.049211 -6.108147 0.000000 0.055096 0.010823 9.253247 0.000000 0.583589 0.593184 -0.613289 0.000000 1.348620 1.281652 2.854034 0.000000 0.145713 0.151869 0.225012 0.000000 1.441230 1.470227 -0.308040 0.000000 -0.214460 -0.214660 -0.021492 0.000000 -0.451294 -0.459008 0.750025 0.000000 -1.571560 -1.657671 4.422350 0.000000 0.861828 0.861683 -0.069968 0.000000 1.570990 1.575395 0.146198 0.000000 0.547131 0.547123 0.016987 0.000000 0.403410 -1.427438 -0.395442 8.000000
0.180000 -0.059284 -0.150423 16.266397 0.000000 0.082751 0.057184 4.804289 0.000000 0.625724 0.645114 -3.378049 0.000000 0.085217 0.026313 9.826366 0.000000 0.511464 0.564128 -0.009091 0.000000 -0.141616 -0.177468 1.311832 0.000000 -0.062693 -0.153659 16.768503 0.000000 -0.217808 -0.215437 -0.260040 0.000000 -0.670049 -0.683612 0.632945 0.000000 0.081925 0.028974 9.856256 0.000000 0.512036 0.550900 -0.306651 0.000000 0.200875 0.212790 -0.422751 0.000000 0.018572 0.045966 -4.752244 0.000000 0.055096 0.019430 4.991662 0.000000 0.583589 0.594261 -0.577148 0.000000 1.348620 1.285460 1.523983 0.000000 0.145713 0.149444 0.135393 0.000000 1.441230 1.465265 -0.335818 0.000000 -0.214460 -0.214518 -0.013364 0.000000 -0.451294 -0.461941 0.821478 0.000000 -1.571560 -1.658412 3.024101 0.000000 0.861828 0.861990 -0.032511 0.000000 1.570990 1.573641 0.106585 0.000000 0.547131 0.547053 0.009295 0.000000 0.530744 -1.428025 -0.520370 9.000000
0.200000 -0.200892 -0.181979 4.890343 16.266397 0.111169 0.092277 -4.196154 4.091169 0.585809 0.619190 -1.292989 -0.713120 0.278748 0.117223 11.790838 -4.906620 0.458240 0.525811 2.890704 4.919746 -0.089650 -0.171363 1.221378 1.311832 -0.086333 -0.171391 22.126457 16.768503 -0.213890 -0.228339 5.972364 -0.186452 -0.643573 -0.671887 3.965294 -0.446493 0.268214 0.094627 19.101234 -4.706726 0.138824 0.502822 -3.437831 5.149530 0.034539 0.198385 -2.357798 -0.422751 0.045832 0.053779 -3.577010 -4.871953 0.029287 0.018774 3.784374 -0.119709 0.663268 0.615034 -1.909266 -0.577148 1.244767 1.282540 -0.277510 0.694295 0.183321 0.153724 0.092735 -0.829688 1.062180 1.394793 -0.605739 -0.161227 -0.218275 -0.215008 -0.017088 0.174591 -0.454147 -0.466820 1.248772 0.821478 -1.455668 -1.666654 10.015410 1.528306 0.684617 0.839555 -0.877902 -1.495795 0.884528 1.508621 -8.728267 0.048645 0.183681 0.500485 -1.684583 -0.057940 0.595798 -1.434130 -0.591109 10.000000
0.220000 -0.200646 -0.219378 5.608377 4.890343 0.075879 0.133164 -15.396355 -1.451582 0.608474 0.598291 3.227866 2.744571 0.235065 0.226134 -9.156763 -7.982507 0.542178 0.497752 2.354030 3.808331 -0.146213 -0.160351 -0.484634 1.221378 -0.046234 -0.182189 25.240486 22.126457 -0.191797 -0.242910 11.301869 -4.968829 -0.677108 -0.678496 2.258619 1.003535 0.228150 0.174900 2.655530 -7.068503 0.224539 0.429273 0.858403 12.032731 0.073213 0.170925 -0.183110 -2.357798 0.055172 0.062212 -2.119760 -3.680692 0.015197 0.000314 5.836265 -0.103682 0.751620 0.638871 0.556749 -1.909266 1.333001 1.277426 2.584416 -0.185123 0.228279 0.165993 0.239234 0.092387 1.329329 1.363383 0.489563 -0.294326 -0.240049 -0.218527 -0.097359 0.311413 -0.483755 -0.472029 0.384288 1.248772 -1.699437 -1.670134 -1.138248 5.446656 0.753994 0.811840 0.798160 -4.568754 1.147247 1.408407 2.560144 -3.521842 0.172315 0.423379 1.185320 5.206425 0.527849 -1.452405 -0.533124 11.000000
0.240000 -0.177840 -0.198369 -2.046132 5.608377 0.073602 0.135831 -10.439087 -9.312111 0.605139 0.598008 0.996038 6.084244 0.208961 0.245971 -5.289881 2.878772 0.566058 0.503404 0.450437 -6.277992 -0.170977 -0.156027 -0.546624 -0.484634 -0.051527 -0.146353 11.691754 25.240486 -0.206744 -0.241331 5.857328 -6.780244 -0.679810 -0.691581 3.582882 4.521625 0.174396 0.184463 0.666524 -1.947532 0.296861 0.381219 0.853332 0.707998 0.113461 0.150736 0.366951 -0.183110 0.044543 0.059473 -1.881131 -3.978012 0.004646 -0.010205 3.505481 -1.858253 0.773453 0.668390 -0.487229 0.556749 1.316943 1.276925 1.588521 1.172591 0.247609 0.183265 -0.118456 -1.411825 1.367661 1.361869 -0.123132 0.293461 -0.242146 -0.223960 0.074795 -0.196102 -0.456129 -0.473741 0.595963 0.384288 -1.674913 -1.666933 -0.885932 -0.968204 0.772765 0.798134 0.367172 0.170044 1.221493 1.343825 2.405300 0.687412 0.165381 0.355998 1.451870 -1.872732 0.553243 -1.479394 -0.561870 12.000000
0.260000 -0.236825 -0.165800 -17.325914 -2.046132 0.082834 0.116773 -3.756052 -5.717563 0.612003 0.602397 1.215007 4.721524 0.237105 0.237571 -0.421752 2.319725 0.540196 0.516218 -0.375753 -2.970156 -0.167490 -0.156227 -0.261290 -0.546624 -0.039876 -0.107201 9.264052 11.691754 -0.226195 -0.242288 4.346576 -4.720105 -0.691425 -0.700789 3.126978 1.137223 0.220595 0.172159 10.305785 -0.949368 0.356525 0.359996 1.215756 -0.282844 0.130446 0.142115 0.101983 0.366951 0.013193 0.047203 -4.608210 -2.693306 0.008449 -0.010037 3.337046 -0.812175 0.727416 0.695567 -2.167228 -0.487229 1.285091 1.276233 0.647086 0.853488 0.222999 0.197009 -0.544056 -0.735032 1.337596 1.362280 -0.855188 -0.098964 -0.256780 -0.230634 0.040201 0.024168 -0.473764 -0.475189 0.491526 0.595963 -1.615744 -1.664462 1.852311 -0.626552 0.784242 0.793025 0.062962 0.259380 1.219873 1.308892 0.338422 0.476715 0.148765 0.301968 1.156126 -1.928585 0.759264 -1.501246 -0.762966 13.000000
0.280000 -0.238903 -0.153279 -18.071418 -17.325914 0.095027 0.103204 -0.629039 -2.485530 0.595030 0.596544 1.444986 1.270522 0.174539 0.230724 -9.033229 0.482169 0.552407 0.531504 -1.145591 0.060417 -0.149468 -0.155480 -0.018462 -0.261290 -0.023061 -0.095651 14.352990 9.264052 -0.180409 -0.244546 12.175405 -3.736777 -0.684059 -0.703138 3.303875 0.609799 0.295258 0.186949 17.306368 -6.030669 0.364004 0.340763 2.955562 4.275117 0.126182 0.140013 -0.305131 0.101983 0.057258 0.045712 0.851935 -3.972628 -0.007462 -0.009748 1.120711 0.635582 0.708381 0.711123 -1.604785 -2.167228 1.260611 1.268873 1.356351 0.595571 0.174477 0.199121 -0.524189 -0.051515 1.289390 1.350710 -0.390120 -0.447694 -0.256383 -0.237313 0.143988 0.407494 -0.469741 -0.478101 0.750363 0.491526 -1.544877 -1.668121 5.819696 0.894674 0.801735 0.792782 0.179352 -0.957636 1.237189 1.292104 -0.607589 -0.408852 0.138469 0.258972 0.940155 -0.747274 0.840580 -1.516241 -0.844075 14.000000
0.300000 -0.257041 -0.160617 -16.851673 -18.071418 0.095298 0.097103 0.591542 -1.037013 0.596034 0.588778 1.850209 -0.407974 0.206782 0.225566 -4.104898 5.343732 0.537295 0.544548 -1.135662 -3.689498 -0.177737 -0.156024 -0.388623 -0.018462 0.001138 -0.099406 21.088093 14.352990 -0.223789 -0.240113 2.650029 -7.739640 -0.683962 -0.702751 3.850503 4.435765 0.256771 0.207532 8.043934 -10.787100 0.380455 0.324614 2.511870 6.519268 0.120825 0.140085 -0.637643 -0.305131 0.017401 0.050931 -6.890942 -0.134388 -0.000276 -0.025289 7.875835 -0.986323 0.682627 0.711571 -0.603749 -1.604785 1.291632 1.266732 0.457399 0.940270 0.171421 0.192116 0.190964 -0.416081 1.328265 1.363182 -3.347748 -0.267054 -0.257380 -0.242656 0.122872 0.123066 -0.468357 -0.479346 0.519451 0.750363 -1.562144 -1.668468 3.805454 2.820172 0.804772 0.794062 0.166848 -2.999524 1.260048 1.284122 -0.177321 -0.773872 0.149304 0.227491 0.835237 -0.166283 -0.186293 -1.525472 0.174782 15.000000
0.320000 -0.218735 -0.169769 -9.372755 -16.851673 0.104444 0.091151 3.370896 -0.629333 0.581175 0.584481 0.105069 -1.220876 0.161849 0.211645 -6.024928 2.872397 0.547774 0.554215 -1.113645 -1.232501 -0.172937 -0.159692 0.009530 -0.388623 0.016809 -0.106708 25.830952 21.088093 -0.202333 -0.230217 3.409810 -3.250266 -0.676823 -0.700611 4.262882 -0.600237 0.291507 0.215345 14.437402 -5.835537 0.375793 0.317310 2.486582 2.208396 0.123891 0.141443 -0.710336 -0.637643 0.051176 0.056885 -2.651257 -7.383389 -0.012418 -0.040137 7.082437 -0.492446 0.667889 0.703510 -0.006158 -0.603749 1.270891 1.270776 -0.511013 0.133218 0.146451 0.183941 -0.131084 -0.324182 1.310332 1.364125 -1.330553 -1.735310 -0.254653 -0.246336 0.109294 1.612438 -0.472467 -0.479826 0.421359 0.519451 -1.533704 -1.664245 4.496657 1.819303 0.808633 0.796387 0.054236 -1.986151 1.263752 1.281866 -0.795196 -0.506279 0.144733 0.204976 0.537247 -0.328958 -0.791744 -1.513073 0.772792 16.000000
0.340000 -0.257548 -0.177197 -14.271934 -9.372755 0.104265 0.089218 3.058290 1.632914 0.581097 0.580571 0.484486 -1.737983 0.185414 0.195800 -1.255402 3.816516 0.518437 0.556277 -0.833377 -2.208412 -0.181105 -0.164350 -0.012006 0.009530 0.013870 -0.116399 27.702780 25.830952 -0.216650 -0.216072 -1.948188 -3.836346 -0.667998 -0.695412 4.752579 -0.426536 0.268211 0.215859 10.917609 -9.014014 0.360344 0.316398 0.847135 5.423389 0.114368 0.142916 -0.977347 -0.710336 0.028099 0.063870 -7.636608 -4.866847 0.002721 -0.041512 8.094603 -2.215590 0.647943 0.693541 -0.397033 -0.006158 1.298081 1.276319 -0.234663 -0.189965 0.129832 0.172999 0.033000 0.321048 1.318260 1.359998 -1.144739 -0.719923 -0.261542 -0.249611 0.033432 0.610630 -0.477712 -0.481711 0.502943 0.421359 -1.545230 -1.657110 3.147994 2.221210 0.803239 0.799299 -0.252609 -2.275447 1.277761 1.286580 -1.393517 -0.666222 0.143993 0.188266 0.403759 0.128974 -0.761610 -1.505567 0.732329 17.000000
0.360000 -0.289937 -0.192948 -16.791042 -14.271934 0.092322 0.087152 1.582072 1.286902 0.579089 0.576783 1.032857 -1.771388 0.163422 0.193805 -5.894371 1.229399 0.508300 0.551419 -0.733633 -0.026002 -0.157590 -0.166052 0.187158 -0.012006 0.034810 -0.130353 35.279958 27.702780 -0.212929 -0.208990 -1.338166 -1.402196 -0.654168 -0.692392 7.499578 -3.350384 0.310489 0.217778 17.745113 -6.070436 0.388425 0.320610 1.715907 4.847173 0.103150 0.144114 -1.354376 -0.977347 0.045582 0.064220 -3.506092 -7.865606 -0.009916 -0.036621 4.753396 -0.228998 0.628645 0.683759 -0.782546 -0.397033 1.327221 1.283961 0.643814 -0.133832 0.095414 0.157854 0.010190 0.100831 1.300961 1.352623 -0.528218 -0.589085 -0.271135 -0.253952 0.022817 0.555653 -0.474613 -0.483402 0.529113 0.502943 -1.548816 -1.648788 2.844161 1.700302 0.812722 0.802875 -0.224690 -1.447692 1.268207 1.292737 -1.826019 -0.898638 0.135572 0.174969 0.259061 0.494879 -0.592417 -1.499748 0.557153 18.000000
0.380000 -0.256744 -0.204172 -9.617287 -16.791042 0.096939 0.081010 4.226908 0.274608 0.562737 0.568671 0.241967 -1.307465 0.169404 0.189402 -3.088695 3.476869 0.526883 0.546629 -0.179215 -2.417503 -0.174376 -0.166528 -0.086480 0.187158 0.040229 -0.139061 36.405055 35.279958 -0.214405 -0.206520 -1.897950 -3.080706 -0.665174 -0.696078 7.189228 -4.418872 0.285471 0.216314 14.868168 -10.111442 0.389769 0.328727 0.665008 7.633671 0.083865 0.142714 -1.456153 -1.354376 0.027502 0.058504 -4.963089 -4.129744 0.015780 -0.027649 6.774683 -0.623652 0.615641 0.670569 -0.029563 -0.782546 1.340823 1.294145 -0.037459 0.316812 0.082064 0.139725 0.399030 -0.327002 1.340213 1.353475 -1.076324 -0.275517 -0.283827 -0.259955 0.026386 0.252701 -0.464906 -0.482489 0.355854 0.529113 -1.559161 -1.639141 1.588337 1.534425 0.813179 0.806807 -0.275934 -1.309736 1.310405 1.301241 -1.073975 -1.042540 0.135791 0.164370 0.250125 0.783479 -0.476049 -1.494712 0.438507 19.000000
0.400000 -0.268357 -0.209363 -11.054815 -9.617287 0.116095 0.079031 7.132205 1.992470 0.560132 0.560797 0.678644 -2.234437 0.167397 0.187599 -4.254481 1.673740 0.525617 0.543428 -0.297316 -1.414954 -0.186694 -0.169745 -0.081981 -0.086480 0.039888 -0.140382 36.123499 36.405055 -0.212024 -0.202149 -2.831505 -2.645639 -0.656060 -0.701991 9.826739 -4.543589 0.302802 0.209910 19.254371 -7.914220 0.438512 0.338603 2.260188 6.953948 0.099563 0.141797 -1.357349 -1.456153 0.034381 0.051901 -2.702076 -5.868886 -0.003201 -0.017819 2.059248 -0.905797 0.584911 0.654014 -0.077745 -0.029563 1.374915 1.307327 0.667903 -0.218244 0.045350 0.119151 0.275885 -0.180785 1.350026 1.358788 -1.544879 -0.551355 -0.292155 -0.267116 0.083894 0.524969 -0.452765 -0.478057 0.175492 0.355854 -1.586835 -1.630070 0.573047 0.932136 0.797023 0.807876 -0.333757 -0.656201 1.322979 1.311137 -0.889408 -0.662050 0.130066 0.155765 0.166595 0.411925 -0.374399 -1.493459 0.335054 20.000000
0.420000 -0.253965 -0.210187 -9.158499 -11.054815 0.109132 0.081989 4.951118 3.226780 0.555445 0.556623 0.216432 -3.905424 0.170076 0.187985 -3.479649 2.341903 0.535859 0.542490 -0.198807 -1.912578 -0.186200 -0.174231 0.080239 -0.081981 0.044631 -0.139200 36.425628 36.123499 -0.214693 -0.197294 -4.027433 -3.497617 -0.662556 -0.706230 9.306271 -6.329122 0.303690 0.208043 19.110803 -11.259041 0.436986 0.341285 2.976801 7.995329 0.096258 0.143083 -1.541395 -1.357349 0.039798 0.047455 -0.940962 -2.380662 0.004917 -0.014050 3.530021 0.321414 0.564190 0.637724 -0.875887 -0.077745 1.406898 1.318104 2.500229 0.196009 0.024148 0.096836 0.390405 -0.471894 1.353338 1.364311 -1.242994 -0.814387 -0.297192 -0.274305 0.118189 0.730492 -0.458651 -0.473229 -0.040247 0.175492 -1.595989 -1.624684 0.582338 0.453402 0.793149 0.806170 -0.155888 -0.119645 1.311445 1.317724 -0.848155 -0.528001 0.126429 0.148362 0.147524 0.361406 -0.397119 -1.492491 0.354534 21.000000
0.440000 -0.275589 -0.205488 -14.813139 -9.158499 0.099524 0.083989 2.937487 2.367343 0.558158 0.556028 0.328133 -2.583775 0.161174 0.186247 -4.747371 1.883363 0.544701 0.544549 -0.338820 -1.596286 -0.186560 -0.178006 0.065038 0.080239 0.030679 -0.136506 33.024997 36.425628 -0.211593 -0.195222 -3.389793 -2.639419 -0.669604 -0.708439 7.952289 -6.666852 0.279429 0.206296 15.117983 -11.704652 0.423985 0.341568 2.274432 7.406151 0.081220 0.142014 -1.547707 -1.541395 0.027965 0.041901 -1.749239 -2.235491 0.020446 -0.009902 5.196506 -1.294529 0.563615 0.626677 -1.136491 -0.875887 1.397213 1.322052 2.724622 1.054912 0.021758 0.076964 0.483365 -1.445317 1.349558 1.368039 -1.195048 -0.680592 -0.301535 -0.280946 0.116233 0.562403 -0.466514 -0.470730 -0.041345 -0.040247 -1.609599 -1.623011 0.541160 0.369113 0.787753 0.803264 -0.151700 -0.213225 1.302814 1.319764 -0.803018 -0.497839 0.122395 0.141915 0.120997 0.350315 -0.384704 -1.494059 0.341084 22.000000
0.460000 -0.261905 -0.199724 -13.338050 -14.813139 0.100912 0.084537 3.197656 1.304677 0.557998 0.556778 0.161956 -1.632810 0.167058 0.186515 -4.195689 2.618314 0.532447 0.546920 -0.579827 -2.129057 -0.184360 -0.180416 0.063092 0.065038 0.035904 -0.132484 32.965959 33.024997 -0.208708 -0.195905 -2.324378 -2.281248 -0.668407 -0.709406 8.263774 -5.671041 0.281881 0.202270 16.516536 -9.201131 0.426888 0.344526 2.160644 5.916851 0.080204 0.138728 -1.411164 -1.547707 0.019086 0.033109 -1.339282 -3.472872 0.012325 -0.006686 3.660932 -1.723633 0.552003 0.618172 -1.481839 -1.136491 1.396143 1.322057 3.179564 1.120628 0.020357 0.061245 0.452427 -1.603994 1.356477 1.373080 -1.408275 -0.655640 -0.304490 -0.286816 0.109303 0.539407 -0.462666 -0.469493 0.100521 -0.041345 -1.588998 -1.623084 1.400585 0.346430 0.785409 0.799827 -0.055617 -0.194730 1.300181 1.319767 -0.722280 -0.462008 0.120480 0.136421 0.112935 0.341011 -0.328246 -1.496917 0.286895 23.000000
0.480000 -0.260584 -0.193101 -14.529980 -13.338050 0.095693 0.085871 1.647528 1.517850 0.560048 0.557771 0.306959 -1.679806 0.166947 0.189106 -4.854987 2.516480 0.539974 0.548695 -0.475761 -1.679210 -0.187696 -0.182030 -0.022854 0.063092 0.038967 -0.127461 32.549589 32.965959 -0.202631 -0.197212 -0.932785 -2.969698 -0.669466 -0.708598 7.576973 -5.294076 0.281635 0.198478 17.122605 -9.818253 0.432005 0.347267 2.326801 6.698283 0.077746 0.134929 -1.316457 -1.411164 0.020331 0.023918 0.538036 -2.500107 0.016108 -0.006652 4.634442 -1.160825 0.545429 0.610344 -1.438598 -1.481839 1.396376 1.319015 3.729764 1.363568 0.016094 0.048758 0.386348 -1.815995 1.357351 1.376926 -1.231061 -0.758789 -0.307223 -0.291904 0.094887 0.649486 -0.463135 -0.468617 0.121489 0.100521 -1.589202 -1.624592 1.814318 0.728101 0.788001 0.797010 -0.010715 -0.672484 1.296119 1.318975 -0.772571 -0.417607 0.122530 0.132365 0.110892 0.304672 -0.306394 -1.500189 0.268500 24.000000
0.500000 -0.262570 -0.188068 -15.444894 -14.529980 0.092625 0.089006 0.166699 0.670284 0.559478 0.557553 0.531589 -0.977243 0.174519 0.194412 -4.975631 2.770993 0.534967 0.550191 -0.568586 -2.083994 -0.189234 -0.183374 -0.054526 -0.022854 0.033417 -0.123736 31.037672 32.549589 -0.202225 -0.198050 -0.709006 -3.322094 -0.667919 -0.705673 7.006518 -4.254879 0.277678 0.196188 16.506423 -10.241253 0.434545 0.349022 2.419936 6.881352 0.079000 0.131142 -1.203457 -1.316457 0.019807 0.016454 1.678281 -2.048203 0.014098 -0.008507 4.927513 -2.586239 0.528296 0.601589 -1.562378 -1.438598 1.400989 1.313877 4.339852 1.671708 0.006701 0.037786 0.326714 -2.058056 1.357574 1.379903 -1.254383 -0.662974 -0.307256 -0.296020 0.094279 0.568087 -0.461692 -0.468096 0.194678 0.121489 -1.581944 -1.628364 2.547978 0.912516 0.790322 0.795307 -0.005541 -0.901802 1.291051 1.317850 -0.903106 -0.441731 0.121571 0.129477 0.064992 0.330839 -0.295334 -1.503179 0.260357 25.000000
0.520000 -0.251282 -0.183354 -14.426128 -15.444894 0.091411 0.092703 -0.762892 -0.182445 0.555900 0.554825 0.736535 -0.349144 0.176157 0.198926 -4.952586 2.898334 0.537179 0.551298 -0.536148 -2.077296 -0.184910 -0.183964 -0.019225 -0.054526 0.037493 -0.121836 31.620981 31.037672 -0.201212 -0.198778 -0.359086 -3.148756 -0.666004 -0.701919 6.696149 -3.857762 0.282608 0.196479 17.026210 -10.000405 0.435843 0.349320 2.652751 6.506018 0.079271 0.127906 -1.165544 -1.203457 0.020780 0.012169 2.164285 -1.624616 0.015409 -0.008760 4.730434 -3.302897 0.520667 0.590839 -1.105197 -1.562378 1.402307 1.308506 4.514136 2.006569 0.001888 0.027825 0.355048 -2.333283 1.347550 1.377501 -0.729778 -0.674331 -0.307836 -0.299167 0.070088 0.580052 -0.462764 -0.468212 0.284613 0.194678 -1.573243 -1.635573 3.730280 1.276759 0.792963 0.794889 -0.067326 -1.271219 1.286532 1.318109 -1.379720 -0.484049 0.122643 0.127455 0.056025 0.419057 -0.276284 -1.505619 0.243103 26.000000
0.540000 -0.254893 -0.178284 -15.961026 -14.426128 0.090511 0.095441 -1.324314 -0.749714 0.556115 0.552181 1.039434 0.013179 0.175714 0.200382 -5.046769 2.863392 0.540995 0.552843 -0.537928 -2.089194 -0.186713 -0.183856 -0.106095 -0.019225 0.031053 -0.120321 30.088954 31.620981 -0.199659 -0.199778 0.189799 -3.168531 -0.669185 -0.700613 6.301015 -3.527617 0.275716 0.197069 15.746030 -10.428391 0.438801 0.349704 2.535820 6.597819 0.076572 0.124760 -1.123389 -1.165544 0.016049 0.009707 1.599902 -1.283074 0.017676 -0.008154 5.110269 -3.447360 0.518121 0.580363 -1.093177 -1.105197 1.400528 1.304013 4.460043 2.079544 -0.003751 0.019080 0.308185 -2.434592 1.349205 1.375606 -0.877338 -0.399933 -0.306715 -0.301400 0.063839 0.329845 -0.467119 -0.469441 0.348561 0.284613 -1.576495 -1.643954 3.941322 1.898803 0.794520 0.795092 -0.068397 -1.831477 1.284432 1.318784 -1.452537 -0.717872 0.123471 0.126204 0.037854 0.661848 -0.263642 -1.507503 0.231544 27.000000
0.560000 -0.247218 -0.174773 -14.939274 -15.961026 0.093400 0.097790 -1.253596 -1.181874 0.554817 0.551182 0.807170 0.142440 0.179404 0.201065 -4.432430 2.911769 0.542704 0.554584 -0.518170 -2.135000 -0.186513 -0.183654 -0.104692 -0.106095 0.034657 -0.119996 30.991344 30.088954 -0.199774 -0.201547 0.665380 -3.245407 -0.671982 -0.702835 6.661015 -3.055608 0.286382 0.198599 17.151767 -9.703877 0.442937 0.350225 2.799131 6.042153 0.072955 0.121377 -1.118522 -1.123389 0.018574 0.008172 2.230143 -1.755184 0.017456 -0.008238 5.190716 -3.355085 0.515953 0.572575 -1.270208 -1.093177 1.408996 1.300803 4.706744 2.075929 -0.008787 0.011283 0.299758 -2.384114 1.345578 1.374253 -0.964464 -0.470589 -0.308272 -0.303115 0.033412 0.406750 -0.471800 -0.471866 0.421968 0.348561 -1.576816 -1.651917 4.130650 2.004859 0.797777 0.795772 -0.048996 -1.936462 1.277134 1.318384 -1.498544 -0.745196 0.126402 0.125794 0.033927 0.707341 -0.273335 -1.508024 0.242074 28.000000
0.580000 -0.251474 -0.172627 -15.981483 -14.939274 0.090865 0.099894 -2.069841 -1.030383 0.554122 0.550505 0.833471 0.223213 0.177957 0.201327 -4.665459 2.590334 0.545180 0.556366 -0.522203 -1.842096 -0.186289 -0.183420 -0.112831 -0.104692 0.031794 -0.121355 30.936488 30.991344 -0.200865 -0.203836 0.923160 -3.663197 -0.676204 -0.706854 6.746994 -2.997818 0.284211 0.201408 16.197606 -10.596856 0.440177 0.350398 2.613117 6.554911 0.069236 0.117819 -1.103137 -1.118522 0.018528 0.007490 2.276863 -1.480287 0.022444 -0.007765 5.863929 -3.710429 0.513820 0.567052 -1.418411 -1.270208 1.406313 1.299000 4.479111 2.203493 -0.012828 0.004342 0.284691 -2.503251 1.341570 1.372695 -1.019437 -0.498938 -0.307892 -0.304461 0.035173 0.465526 -0.475810 -0.475158 0.496768 0.421968 -1.579875 -1.658882 4.123527 2.089823 0.800436 0.796950 -0.055916 -2.040827 1.273851 1.316800 -1.434343 -0.766235 0.126439 0.125870 0.002481 0.732308 -0.268850 -1.507687 0.237980 29.000000
0.600000 -0.254353 -0.172925 -16.059824 -15.981483 0.092577 0.101510 -2.012026 -1.451656 0.553527 0.549636 0.898885 0.618185 0.178798 0.201811 -4.713913 2.709760 0.544403 0.558040 -0.559344 -1.955699 -0.185310 -0.183031 -0.114804 -0.112831 0.028371 -0.124942 31.346296 30.936488 -0.203806 -0.206238 0.828458 -3.835077 -0.678138 -0.710883 7.101368 -2.911917 0.289059 0.204613 16.379426 -9.985473 0.439822 0.351247 2.550946 6.212133 0.064568 0.114202 -1.138676 -1.103137 0.019800 0.007375 2.459844 -1.793533 0.022245 -0.006370 5.513960 -4.070396 0.513566 0.563287 -1.513313 -1.418411 1.408066 1.298402 4.398019 2.097210 -0.014682 -0.001549 0.278702 -2.381901 1.336309 1.370575 -1.046515 -0.527305 -0.308191 -0.305461 0.023448 0.492132 -0.480062 -0.479023 0.552853 0.496768 -1.580939 -1.664745 4.144655 2.089722 0.804509 0.798682 -0.054684 -2.033806 1.267547 1.314248 -1.431522 -0.718412 0.126473 0.126019 -0.004012 0.715931 -0.223617 -1.506298 0.192932 30.000000
0.620000 -0.251466 -0.175054 -14.939036 -16.059824 0.093612 0.102660 -1.939334 -1.455456 0.552900 0.549117 0.800579 0.556571 0.182357 0.202848 -4.259058 2.760803 0.546275 0.559251 -0.490372 -1.953110 -0.182759 -0.182332 -0.096877 -0.114804 0.025953 -0.130570 32.200294 31.346296 -0.211288 -0.209295 0.094130 -3.964913 -0.682483 -0.715301 7.281355 -3.136455 0.294319 0.209271 16.270186 -10.031496 0.436160 0.351773 2.490997 6.347930 0.058902 0.110459 -1.175285 -1.138676 0.024027 0.007840 3.135193 -1.527058 0.026296 -0.004067 5.642806 -3.986902 0.511634 0.560740 -1.601952 -1.513313 1.411872 1.298873 4.383463 2.059658 -0.011787 -0.005850 0.293474 -2.338361 1.321941 1.366161 -1.039745 -0.534982 -0.308977 -0.306310 0.013782 0.511533 -0.487284 -0.483595 0.569629 0.552853 -1.578996 -1.669441 4.218254 2.099670 0.807084 0.800826 -0.075157 -2.044985 1.257205 1.310349 -1.453581 -0.713755 0.130395 0.126649 0.014522 0.717767 -0.155273 -1.503908 0.124586 31.000000
0.640000 -0.251196 -0.177139 -14.537948 -14.939036 0.092514 0.102626 -1.925720 -1.369956 0.553555 0.549349 0.764260 0.569377 0.182049 0.203197 -4.194648 2.483577 0.545611 0.560019 -0.489469 -1.775481 -0.180600 -0.181237 -0.103190 -0.096877 0.018718 -0.136976 32.088999 32.200294 -0.218461 -0.213520 -0.328618 -3.687743 -0.687861 -0.721372 7.683881 -3.593612 0.297758 0.215145 15.653897 -9.933593 0.429240 0.351670 2.336843 6.336594 0.052963 0.106466 -1.209417 -1.175285 0.027239 0.008754 3.534634 -1.253806 0.027953 -0.000711 5.222068 -4.388999 0.505111 0.558339 -1.706742 -1.601952 1.412155 1.300107 4.257125 2.044995 -0.008463 -0.008344 0.269006 -2.338468 1.297837 1.357814 -1.046427 -0.526764 -0.309314 -0.307057 0.012734 0.512982 -0.496500 -0.489207 0.593511 0.569629 -1.575897 -1.672867 4.279671 2.146705 0.809667 0.803139 -0.081217 -2.071548 1.241887 1.304375 -1.472237 -0.734051 0.137226 0.128432 0.015920 0.719529 -0.066809 -1.501105 0.036202 32.000000
0.660000 -0.248947 -0.178987 -13.731835 -14.537948 0.094830 0.101446 -1.117564 -1.344990 0.553296 0.549937 0.594445 0.580730 0.185511 0.203524 -3.729588 2.450721 0.542855 0.559863 -0.447260 -1.743927 -0.176831 -0.179697 -0.084754 -0.103190 0.010255 -0.144276 32.029991 32.088999 -0.230711 -0.219489 -1.277563 -3.677632 -0.694049 -0.729055 8.192778 -4.006250 0.306236 0.223364 15.220960 -9.514149 0.419973 0.350030 2.326437 6.139748 0.044796 0.102033 -1.266430 -1.209417 0.031092 0.010095 3.957636 -0.843717 0.031138 0.003394 4.932265 -4.378351 0.495414 0.554969 -1.760964 -1.706742 1.420616 1.302029 4.418635 1.994060 -0.004238 -0.009268 0.260307 -2.263066 1.267385 1.344589 -1.055379 -0.529580 -0.309930 -0.307730 0.008854 0.516847 -0.508551 -0.496231 0.605556 0.593511 -1.571366 -1.675087 4.371272 2.180444 0.813123 0.805664 -0.070909 -2.099227 1.220461 1.295513 -1.466401 -0.744079 0.144802 0.131581 -0.005191 0.728159 0.024244 -1.497881 -0.054559 33.000000
0.680000 -0.247360 -0.181130 -12.799138 -13.731835 0.093448 0.099803 -1.039561 -0.856004 0.554730 0.551582 0.251336 0.261559 0.186357 0.203484 -3.225925 2.187716 0.545167 0.560547 -0.709287 -1.541872 -0.174672 -0.177987 -0.051378 -0.084754 -0.001721 -0.152398 31.321170 32.029991 -0.240740 -0.226874 -1.686985 -3.457608 -0.699582 -0.737247 8.718299 -4.735171 0.312088 0.233971 14.061011 -9.290168 0.408448 0.346606 2.214960 5.930792 0.037188 0.097108 -1.304309 -1.266430 0.035651 0.012189 4.345415 -0.487314 0.032772 0.007369 4.589512 -4.444951 0.485557 0.550178 -1.730537 -1.760964 1.430923 1.304595 4.581839 2.079164 -0.000056 -0.008971 0.255993 -2.339471 1.237249 1.327276 -0.944406 -0.532117 -0.310098 -0.308323 0.010093 0.523262 -0.521762 -0.504665 0.643438 0.605556 -1.573801 -1.676341 4.187810 2.221090 0.819287 0.808721 -0.078647 -2.150181 1.196926 1.282959 -1.409326 -0.730605 0.153839 0.136092 -0.025186 0.735796 0.107201 -1.494330 -0.137095 34.000000
0.700000 -0.236684 -0.183963 -10.172731 -12.799138 0.087302 0.097101 -1.458990 -0.645449 0.554117 0.553183 0.094633 0.394112 0.190029 0.201140 -1.823004 2.125067 0.546529 0.563102 -0.702261 -1.100857 -0.172832 -0.176550 -0.028309 -0.051378 -0.013111 -0.160072 30.418771 31.321170 -0.250717 -0.234588 -2.138327 -3.515657 -0.702842 -0.743352 8.735917 -5.202642 0.318646 0.244817 13.273400 -8.629706 0.397941 0.342218 2.110146 5.431304 0.031877 0.091758 -1.245337 -1.304309 0.040509 0.014437 4.888819 -0.122049 0.030600 0.009437 4.085711 -4.467463 0.470268 0.543392 -1.731270 -1.730537 1.441790 1.308381 4.668334 2.162923 0.002204 -0.008041 0.255910 -2.418916 1.204561 1.306396 -0.896641 -0.477250 -0.309637 -0.308731 0.010802 0.467156 -0.531920 -0.513987 0.678946 0.643438 -1.572124 -1.676405 4.059474 2.133228 0.830311 0.813182 -0.071614 -2.054582 1.175852 1.267567 -1.274366 -0.692070 0.165193 0.142097 -0.041338 0.717256 0.145479 -1.491131 -0.174516 35.000000
0.720000 -0.217726 -0.184291 -6.884020 -10.172731 0.078781 0.091780 -1.676624 -0.776812 0.548641 0.551596 -0.175667 0.682179 0.191755 0.196513 -0.144149 1.418535 0.545776 0.565308 -0.784717 -0.404469 -0.162414 -0.174537 0.117104 -0.028309 -0.026931 -0.166191 28.580356 30.418771 -0.260801 -0.243005 -2.278121 -3.298795 -0.706885 -0.746165 8.130904 -5.437122 0.329112 0.256377 12.790002 -8.160225 0.382527 0.336006 2.082843 5.113175 0.028273 0.086021 -1.161868 -1.245337 0.049403 0.016893 6.031035 0.401554 0.031221 0.010171 4.252322 -4.487265 0.429842 0.532042 -2.003039 -1.731270 1.457468 1.313341 5.038693 2.206212 0.003660 -0.007141 0.314296 -2.462122 1.148994 1.279072 -1.056149 -0.453721 -0.308738 -0.308853 0.006561 0.442920 -0.550590 -0.524639 0.585717 0.678946 -1.548030 -1.675011 4.724871 2.065544 0.845061 0.819651 -0.004322 -1.993930 1.145846 1.249502 -1.192668 -0.616514 0.180944 0.150051 -0.048570 0.657852 0.152793 -1.489555 -0.180171 36.000000
0.740000 -0.195141 -0.180369 -3.779023 -6.884020 0.070062 0.084210 -1.658793 -0.750479 0.542737 0.547996 -0.471483 0.926145 0.196751 0.190234 2.159452 0.638640 0.539816 0.566418 -0.798954 0.494491 -0.151340 -0.171225 0.207541 0.117104 -0.042035 -0.169500 25.703948 28.580356 -0.267297 -0.251753 -1.873343 -2.926392 -0.705986 -0.745343 7.529096 -5.204513 0.331168 0.267729 11.177962 -7.898814 0.362648 0.328243 1.785581 4.891188 0.024996 0.080318 -1.101103 -1.161868 0.049418 0.019558 5.562083 0.889356 0.032846 0.011789 3.977276 -5.141679 0.369613 0.512269 -2.166224 -2.003039 1.476497 1.319609 5.265827 2.362199 -0.000086 -0.007225 0.371721 -2.676495 1.084257 1.243943 -1.097547 -0.531355 -0.305736 -0.308430 0.009306 0.524794 -0.573646 -0.537799 0.612788 0.585717 -1.514917 -1.670400 5.191597 2.364597 0.858795 0.828018 -0.048201 -2.360275 1.112852 1.228711 -1.307111 -0.572049 0.197293 0.160065 -0.084921 0.620619 0.179792 -1.490280 -0.204770 37.000000
0.760000 -0.174358 -0.173716 -1.191206 -3.779023 0.067175 0.076337 -0.749370 -0.593655 0.537396 0.544157 -0.806930 1.065138 0.201558 0.186116 3.403494 -0.502881 0.521177 0.563601 -0.751457 1.656571 -0.139240 -0.166356 0.264352 0.207541 -0.057906 -0.169708 22.176338 25.703948 -0.275118 -0.260017 -1.863426 -2.827876 -0.701818 -0.740672 6.921537 -4.701220 0.337127 0.278035 10.366314 -6.878170 0.348942 0.319442 1.807666 4.299792 0.020476 0.074735 -1.070103 -1.101103 0.049025 0.021679 5.208125 0.792403 0.028959 0.014039 2.727508 -4.769680 0.292818 0.481167 -2.150993 -2.166224 1.496995 1.328099 5.288039 2.447053 -0.015349 -0.010133 0.410826 -2.818774 1.018792 1.202056 -0.918330 -0.553426 -0.300685 -0.307103 0.007203 0.544120 -0.602314 -0.554140 0.650505 0.612788 -1.481343 -1.660479 5.248235 2.619899 0.872243 0.837897 -0.159196 -2.571698 1.074597 1.204909 -1.513545 -0.611095 0.209475 0.171240 -0.143921 0.696016 0.240960 -1.493265 -0.262874 38.000000
0.780000 -0.145723 -0.165117 2.463745 -1.191206 0.064493 0.068265 0.457975 0.028780 0.527765 0.539514 -1.597287 0.778150 0.205392 0.184709 4.190435 -1.159195 0.494535 0.555606 -0.826698 2.244299 -0.124345 -0.160019 0.386574 0.264352 -0.074784 -0.166576 17.620224 22.176338 -0.285693 -0.267989 -2.398340 -2.529056 -0.697485 -0.733751 6.163453 -4.392482 0.334030 0.287288 8.115841 -6.488292 0.326030 0.309656 1.464848 3.878022 0.011440 0.068409 -1.022253 -1.070103 0.044323 0.022139 4.487681 1.240308 0.024717 0.015201 1.885836 -3.967816 0.193391 0.435994 -2.086307 -2.150993 1.503235 1.339315 4.741399 2.438606 -0.047156 -0.018527 0.435804 -2.849433 0.942622 1.152890 -0.876502 -0.462767 -0.292785 -0.304467 0.001913 0.455563 -0.638536 -0.574268 0.579069 0.650505 -1.443149 -1.644014 5.099520 2.703715 0.885781 0.849102 -0.229469 -2.544520 1.034734 1.177980 -1.515863 -0.684812 0.222059 0.182871 -0.158555 0.828733 0.309230 -1.498510 -0.327335 39.000000
0.800000 -0.095446 -0.152265 9.119434 2.463745 0.079554 0.060669 4.765079 1.027631 0.517727 0.535915 -3.299211 0.569656 0.215573 0.184358 6.188359 -1.498342 0.474980 0.543128 -0.609935 2.692093 -0.114381 -0.153576 0.579041 0.386574 -0.087367 -0.156698 11.856127 17.620224 -0.305196 -0.274138 -5.499085 -1.882556 -0.696715 -0.727898 5.520371 -4.280896 0.313381 0.291789 4.040393 -5.115541 0.283084 0.300359 0.383443 3.000300 0.000972 0.060390 -0.912589 -1.022253 0.035838 0.020861 3.259648 1.300923 0.020583 0.014842 1.277638 -3.186758 0.103060 0.377388 -1.526753 -2.086307 1.505178 1.352507 4.038229 2.152797 -0.085839 -0.033834 0.538674 -2.588602 0.860437 1.095015 -0.553542 -0.439207 -0.288385 -0.300941 -0.040601 0.437294 -0.730583 -0.604358 0.127498 0.579069 -1.387226 -1.619673 5.097831 2.664495 0.890957 0.860734 -0.466968 -2.435025 0.975778 1.146331 -1.776762 -0.678654 0.244897 0.196061 -0.112254 0.837209 0.400439 -1.506824 -0.414228 40.000000
0.820000 -0.063069 -0.135057 11.718895 9.119434 0.086765 0.055914 6.625105 4.032145 0.509816 0.533819 -4.486093 -0.732934 0.214108 0.183801 6.147170 -2.653806 0.463220 0.529019 -0.600165 3.534552 -0.117243 -0.149456 0.686719 0.579041 -0.109445 -0.140452 3.615369 11.856127 -0.289253 -0.275993 -2.676412 -0.010643 -0.704617 -0.723987 3.330303 -5.509728 0.302959 0.291477 2.445633 -2.297042 0.240203 0.290162 -0.362823 1.743351 -0.006513 0.050053 -0.568071 -0.912589 0.012692 0.019974 -1.441220 0.991005 0.015087 0.013769 0.447398 -2.268643 0.050618 0.311657 -0.476767 -1.526753 1.462578 1.365986 1.930627 1.749778 -0.147358 -0.057292 0.322725 -2.288452 0.779320 1.029132 -0.141163 -0.256470 -0.280069 -0.296609 -0.029293 0.297072 -0.796129 -0.644490 0.201890 0.127498 -1.381639 -1.589036 3.483032 2.782399 0.902109 0.872492 -0.547445 -2.315432 0.956787 1.111969 -1.089884 -0.832254 0.267368 0.211548 -0.159351 0.944508 0.596600 -1.517519 -0.607451 41.000000
0.840000 -0.056644 -0.119851 10.792805 11.718895 0.072232 0.054087 3.805511 5.555599 0.504540 0.528557 -3.764439 -1.069506 0.218874 0.184674 6.508103 -2.640266 0.464205 0.515898 -0.296714 3.506905 -0.135557 -0.149364 0.570758 0.686719 -0.129063 -0.123582 -3.380228 3.615369 -0.253714 -0.272260 2.876966 -0.326946 -0.709048 -0.718089 0.723168 -3.003357 0.286393 0.286463 0.999791 -0.960858 0.223042 0.279351 -0.653370 1.484775 0.010056 0.039774 0.040667 -0.568071 -0.019646 0.020075 -7.909320 -0.944309 0.009496 0.012293 -0.350667 0.496911 0.027922 0.247429 0.484360 -0.476767 1.395340 1.378196 -0.991643 0.803951 -0.251080 -0.093189 -0.227035 -1.126676 0.691792 0.956751 0.067106 -0.055935 -0.269778 -0.291084 -0.030972 0.085228 -0.790454 -0.681590 0.536372 0.201890 -1.423594 -1.558628 1.124563 2.015238 0.926489 0.885831 -0.464418 -1.467793 0.961362 1.079838 -0.208599 -0.465267 0.276786 0.227317 -0.277947 0.624618 1.024995 -1.526314 -1.035173 42.000000
0.860000 -0.046898 -0.112513 12.692352 10.792805 0.063481 0.052147 2.660112 3.784975 0.499523 0.519756 -2.769257 -0.020536 0.225888 0.188706 6.675281 -3.039824 0.440368 0.503443 -0.707209 3.468279 -0.132928 -0.151093 0.700665 0.570758 -0.143912 -0.112715 -7.098374 -3.380228 -0.264951 -0.268973 0.686565 -1.800067 -0.708835 -0.711218 -0.299542 1.076899 0.280714 0.282916 -0.347195 -0.028162 0.228679 0.269186 -0.289866 0.971628 0.003645 0.030644 0.067212 0.040667 -0.006776 0.019620 -5.153556 -3.779326 -0.000773 0.009939 -1.753504 4.129993 -0.009235 0.188330 0.624305 0.484360 1.330043 1.386214 -2.961337 -0.382304 -0.353954 -0.143178 -0.341851 0.609339 0.566230 0.874581 -0.068489 0.049039 -0.266469 -0.285234 -0.090328 -0.018067 -0.783404 -0.708328 0.382031 0.536372 -1.448522 -1.536080 0.824527 0.794491 0.945067 0.900684 -0.429245 -0.330072 0.921917 1.047759 -0.107084 0.034674 0.296317 0.243089 -0.223221 0.243273 1.601024 -1.530255 -1.610435 43.000000
0.880000 -0.018481 -0.113309 19.418215 12.692352 0.067982 0.045083 5.971626 2.714684 0.483466 0.510451 -4.076241 0.054573 0.228911 0.191191 7.489764 -2.827035 0.409243 0.492528 -1.516388 3.848245 -0.134882 -0.153656 0.877058 0.700665 -0.163779 -0.117062 -7.804800 -7.098374 -0.308069 -0.278177 -3.733211 -0.193512 -0.706676 -0.708241 0.094257 0.493053 0.299747 0.295793 -2.308462 0.382881 0.203916 0.256171 -0.071880 0.035686 -0.019765 0.020368 -0.088141 0.067212 0.010352 0.016989 -0.871946 -1.700026 -0.004645 0.008045 -2.217187 3.453530 -0.082918 0.130157 0.249071 0.624305 1.291765 1.386640 -3.189680 -1.309743 -0.442553 -0.204372 0.000906 1.651594 0.444926 0.784044 -0.157383 0.010919 -0.265226 -0.280108 -0.106343 0.079408 -0.790861 -0.728140 0.191503 0.382031 -1.447621 -1.523892 1.768721 0.626886 0.960628 0.915608 -0.343335 -0.197641 0.879263 1.012774 0.008135 0.058068 0.324818 0.260798 -0.183505 0.165153 1.776070 -1.531609 -1.781585 44.000000
0.900000 0.021344 -0.114472 26.945934 19.418215 0.072983 0.033963 9.398012 5.023933 0.462422 0.499420 -5.636770 -0.947692 0.233733 0.185592 10.974385 -2.650050 0.394436 0.482788 -1.612734 4.839714 -0.134037 -0.158051 1.208149 0.877058 -0.183461 -0.130235 -8.742714 -7.804800 -0.323533 -0.295977 -2.953266 1.819477 -0.709798 -0.709370 0.298036 -1.913734 0.308825 0.320166 -5.726702 1.206128 0.165480 0.238664 -0.389194 -1.102334 -0.030079 0.008538 0.030712 -0.088141 0.006649 0.014229 -1.249879 0.672620 0.000338 0.008554 -1.964546 1.544567 -0.189349 0.066490 -0.394244 0.249071 1.286759 1.378449 -1.882631 -1.595293 -0.515649 -0.273079 0.714599 1.594387 0.340774 0.689458 -0.194165 -0.025520 -0.260017 -0.275386 -0.076929 0.131863 -0.804083 -0.744550 -0.104746 0.191503 -1.438861 -1.518582 2.605640 1.056028 0.963714 0.929104 -0.477756 -0.712693 0.823480 0.974859 -0.260596 0.095820 0.345913 0.280162 -0.259453 0.087685 1.548321 -1.531074 -1.548084 45.000000
0.920000 0.035628 -0.115250 30.496262 26.945934 0.100170 0.030822 13.373473 7.517391 0.446467 0.489958 -7.473080 -1.880621 0.244892 0.179453 13.566558 -4.322799 0.391117 0.473576 -1.541519 6.651586 -0.118658 -0.162812 1.734818 1.208149 -0.212675 -0.144590 -11.455205 -8.742714 -0.319960 -0.309373 -0.778526 1.327615 -0.718246 -0.713687 -0.135230 -1.625651 0.348897 0.349143 -4.590993 3.144349 0.128614 0.216358 -0.170212 -2.582353 -0.043301 -0.004195 0.111996 0.030712 -0.000021 0.017484 -4.523632 0.357333 0.006235 0.012300 -1.888126 1.607213 -0.348409 -0.010899 -1.097305 -0.394244 1.271742 1.362569 -0.848799 -1.298615 -0.607126 -0.349133 1.261088 0.584016 0.263000 0.596908 -0.099036 -0.058618 -0.259392 -0.271193 -0.095934 0.135547 -0.809721 -0.757534 -0.357982 -0.104746 -1.455377 -1.518407 2.702817 1.541698 0.961149 0.940174 -0.623871 -1.063942 0.765795 0.933589 -0.410628 -0.000571 0.366557 0.300104 -0.286105 0.260025 1.398886 -1.527368 -1.397672 46.000000
0.940000 0.025983 -0.118232 29.481385 30.496262 0.103487 0.040381 10.762362 10.423276 0.447256 0.483803 -6.995453 -2.950196 0.248590 0.180899 13.033122 -5.670303 0.407409 0.464134 -0.950412 7.896255 -0.108914 -0.164318 1.682183 1.734818 -0.228031 -0.156889 -12.829127 -11.455205 -0.335163 -0.313076 -4.360631 0.456878 -0.726869 -0.720533 -0.143186 -0.321648 0.340699 0.372902 -8.883068 2.418390 0.130318 0.195327 -0.187370 -2.172603 -0.049608 -0.016970 0.242941 0.111996 0.012518 0.027184 -4.471424 -1.317753 0.013402 0.019272 -2.165273 3.205879 -0.560106 -0.110221 -1.998305 -1.097305 1.224837 1.339607 -0.754180 -1.054943 -0.709753 -0.433872 1.841488 -0.206145 0.216989 0.514844 -0.419976 -0.001551 -0.260477 -0.268072 -0.088914 0.097485 -0.819152 -0.768174 -0.530303 -0.357982 -1.480301 -1.522235 2.374014 1.663344 0.955910 0.948170 -0.674441 -1.039473 0.713241 0.888976 -0.253969 -0.062261 0.371279 0.318252 -0.368908 0.348366 1.354989 -1.521304 -1.360496 47.000000
0.960000 0.017394 -0.121466 28.233230 29.481385 0.112818 0.057662 8.256559 8.878908 0.437504 0.478211 -7.298363 -1.883455 0.246844 0.184530 12.122323 -5.830364 0.403533 0.456824 -1.015865 7.202758 -0.116953 -0.164302 1.452543 1.682183 -0.224616 -0.158791 -13.598091 -12.829127 -0.303810 -0.300746 -3.454268 2.251909 -0.725794 -0.723486 -0.421513 -2.108723 0.310722 0.366838 -8.138936 4.576815 0.151237 0.184587 -0.355770 -4.306253 -0.035431 -0.026384 0.440133 0.242941 0.022505 0.040699 -5.700431 -1.153075 0.026087 0.028675 -2.037109 3.318349 -0.759274 -0.232128 -2.005417 -1.998305 1.119830 1.307316 -2.081105 -1.297834 -0.822678 -0.526281 2.031864 -0.543654 0.206705 0.449376 -0.744363 -0.165531 -0.259688 -0.265796 -0.056223 0.254445 -0.815983 -0.777129 -0.350973 -0.530303 -1.456606 -1.527003 3.382026 1.524228 0.953329 0.952812 -0.488246 -0.849786 0.688767 0.845083 0.010354 0.057470 0.366576 0.332013 -0.362226 0.311438 1.361028 -1.513113 -1.378448 48.000000
0.980000 -0.066156 -0.124126 12.023929 28.233230 0.128835 0.080475 5.728056 7.777461 0.434135 0.464779 -2.911792 -0.479098 0.164576 0.170546 2.440504 -5.327707 0.483354 0.458960 0.123400 6.794616 -0.173187 -0.168492 0.438665 1.452543 -0.287171 -0.181558 -14.869531 -13.598091 -0.253194 -0.285423 4.553083 1.937890 -0.769056 -0.736896 -3.074799 -1.516378 0.419670 0.379654 2.382231 4.326334 0.143899 0.174076 0.349044 -3.812602 -0.050051 -0.034277 0.344480 0.440133 0.056360 0.062620 -5.062236 -1.831661 0.058407 0.057635 -5.717042 3.868770 -1.069312 -0.382874 -3.582532 -2.005417 0.981984 1.257365 -2.745852 -2.056485 -0.879832 -0.619717 2.971862 0.024620 0.344953 0.425276 -1.367059 -0.344070 -0.265899 -0.264869 -0.074009 0.400293 -0.882901 -0.791721 -0.797661 -0.350973 -1.458263 -1.537686 5.050337 1.935136 0.916479 0.951450 -0.676647 -1.446890 0.584013 0.796981 -0.862457 0.186290 0.360822 0.340948 -0.271962 0.175936 1.318893 -1.488690 -1.355263 49.000000
1.000000 -0.098953 -0.138985 11.461387 12.023929 0.096038 0.100856 -2.944434 4.319924 0.456399 0.456893 -0.219990 -1.408132 0.194932 0.155775 8.827462 -1.309347 0.440940 0.465146 -1.240772 1.131157 -0.239265 -0.181423 -0.019785 0.438665 -0.281717 -0.211785 -10.787820 -14.869531 -0.219858 -0.265533 5.509141 -0.739142 -0.770620 -0.759141 0.408856 3.813941 0.292441 0.378042 -11.944570 -1.443125 0.029150 0.157918 -1.878735 0.939105 -0.120726 -0.049088 -0.240351 0.344480 -0.030399 0.070443 -18.994860 0.327403 0.044593 0.077462 -7.834075 5.389639 -1.193622 -0.547772 -0.964657 -3.582532 0.820700 1.205245 -7.867715 -2.858857 -1.001575 -0.709421 1.298259 -0.113005 0.389344 0.423952 -1.140325 -0.646525 -0.283809 -0.267232 -0.094282 0.720534 -0.972449 -0.818960 -1.460522 -0.797661 -1.420049 -1.537001 3.623798 2.863492 0.865850 0.941985 -1.251797 -2.186845 0.502713 0.741959 -1.063123 -0.295248 0.340133 0.344022 -0.253504 0.567209 1.181046 -1.459948 -1.234135 50.000000
1.020000 -0.332611 -0.214521 -7.349386 11.461387 0.171033 0.112527 10.170252 -1.362222 0.471310 0.458840 1.672727 1.582212 0.125466 0.172762 -12.922319 -3.517893 0.435562 0.471220 -1.721476 5.309569 -0.225892 -0.195603 0.252908 -0.019785 -0.449251 -0.266712 -24.031988 -10.787820 -0.315599 -0.272954 -4.242070 -2.958998 -0.759936 -0.768361 1.523294 2.550142 0.439215 0.396937 -0.401926 7.328732 0.242256 0.150634 2.205372 -4.615839 -0.085569 -0.064459 0.572595 -0.240351 0.039280 0.058401 -2.333594 -5.580393 -0.157094 0.010851 -16.294222 13.414467 -1.211031 -0.707461 2.782437 -0.964657 0.719746 1.162566 -11.907620 -4.582987 -1.170506 -0.798995 -1.412042 3.284728 0.534305 0.446580 -1.007228 -0.523021 -0.288530 -0.271841 0.052715 0.617304 -0.946255 -0.855458 2.053076 -1.460522 -1.332629 -1.524497 5.037707 2.437798 0.825077 0.916597 1.198027 -1.186001 0.530123 0.686232 1.580628 -0.404810 0.339207 0.343579 -0.037781 0.658314 0.482694 -1.465396 -0.538100 51.000000
1.040000 -0.453389 -0.310041 -22.821022 -7.349386 0.077220 0.106172 -3.618315 4.248763 0.419217 0.443981 -2.088483 -5.921490 0.251113 0.206535 4.953507 7.704066 0.466435 0.470170 0.667700 -5.218254 -0.212150 -0.204531 0.557374 0.252908 -0.357789 -0.327033 -2.713837 -24.031988 -0.296175 -0.309605 7.129688 1.359388 -0.790476 -0.775699 -1.724755 -2.882682 0.403522 0.434081 -7.059068 -1.391315 0.063140 0.148799 -1.609057 -1.793241 -0.062531 -0.071072 0.559263 0.572595 -0.061033 0.034987 -13.576997 6.980314 -0.253363 -0.105045 -19.661507 9.313908 -1.146579 -0.837353 2.690724 2.782437 0.741477 1.127680 -9.296788 -5.247789 -1.265769 -0.893329 -0.074812 6.659831 0.589635 0.485665 -2.828704 -0.529971 -0.298004 -0.277415 0.047968 0.477256 -0.852012 -0.875405 1.550775 2.053076 -1.291925 -1.494367 1.214193 1.919840 0.866765 0.892048 1.198985 -3.117867 0.528658 0.642989 0.633041 0.809205 0.330526 0.341478 -0.019466 -0.771424 -0.426403 -1.414302 0.377992 52.000000
1.060000 -0.414854 -0.313869 -21.882185 -22.821022 0.084397 0.094409 -0.705615 -0.764916 0.437602 0.433486 1.436904 2.853399 0.151502 0.205805 -8.089471 -2.958833 0.410907 0.462934 -0.893710 1.994674 -0.191697 -0.207565 0.419076 0.557374 -0.387513 -0.329791 -12.193523 -2.713837 -0.289022 -0.319827 5.799599 -2.702467 -0.788855 -0.780011 -1.531982 4.427222 0.377831 0.413719 -2.180331 4.691273 0.222754 0.151685 0.886281 -2.367794 -0.089002 -0.075020 0.067497 0.559263 0.002902 0.000732 4.737997 3.042255 -0.292249 -0.153935 -20.980983 16.619252 -1.104126 -0.911376 0.720419 2.690724 0.656599 1.079946 -9.341493 -4.610988 -1.316627 -0.989759 0.715240 4.685800 0.651407 0.536655 -2.521218 -1.438336 -0.307253 -0.283935 0.072669 1.390368 -0.835917 -0.871051 0.194333 1.550775 -1.373979 -1.445710 -4.153068 0.007604 0.803550 0.875441 -0.159407 -1.206589 0.536971 0.610935 1.584073 0.326253 0.304476 0.335405 -0.068401 -0.306788 -0.394083 -1.404387 0.360677 53.000000
1.080000 -0.326323 -0.302139 -6.426444 -21.882185 0.147040 0.104599 4.678145 -1.071259 0.423251 0.429660 -0.619000 -0.365644 0.248886 0.206240 5.874430 4.689994 0.421733 0.450463 0.694332 -3.399477 -0.187299 -0.205389 0.236572 0.419076 -0.313027 -0.326956 2.684832 -12.193523 -0.323981 -0.314817 -2.708841 -2.133808 -0.785632 -0.785770 1.183418 3.665790 0.473704 0.410016 9.435821 0.450271 0.110469 0.151054 -0.175651 -1.730061 -0.102647 -0.080619 -0.074590 0.067497 0.063892 -0.010570 14.493510 12.859490 -0.251147 -0.192926 -6.453016 8.121493 -1.117238 -0.953823 -1.677850 0.720419 0.684912 1.017120 -2.849909 -5.028367 -1.287430 -1.071290 2.293454 4.313126 0.711128 0.590123 -2.486920 -1.296943 -0.311615 -0.290579 0.113096 1.224274 -0.812288 -0.859836 0.069893 0.194333 -1.369605 -1.408976 -2.704290 -1.996830 0.756193 0.852536 -0.073033 2.156237 0.493118 0.579624 1.200600 0.826237 0.310508 0.328526 0.171143 -0.757836 -0.283695 -1.407838 0.250028 54.000000
1.100000 -0.507599 -0.305408 -38.189896 -6.426444 0.015843 0.120947 -22.155152 2.648572 0.445414 0.431943 2.118818 -2.029573 0.219374 0.224620 -3.464916 -3.438523 0.420896 0.438916 0.296353 2.435907 -0.189947 -0.201029 -0.211474 0.236572 -0.436180 -0.332333 -19.141847 2.684832 -0.314354 -0.312154 -0.737325 0.762711 -0.793277 -0.787118 -1.741449 -1.946130 0.374129 0.424513 -10.554813 -4.591090 0.095393 0.142597 -0.809456 4.844731 -0.088677 -0.085502 0.310847 -0.074590 0.079728 -0.011444 18.892956 10.473263 -0.328724 -0.235875 -11.436501 -4.020247 -1.153593 -0.978140 -3.895908 -1.677850 0.623396 0.957843 -5.646001 -2.571681 -1.270875 -1.131857 2.139473 0.278228 0.697227 0.624480 -1.307873 -1.300008 -0.301640 -0.294929 0.177211 1.186912 -0.712457 -0.836488 0.423211 0.069893 -1.363508 -1.385181 -1.984469 -1.315628 0.704710 0.820767 0.452378 1.388662 0.483728 0.548685 1.857206 0.514729 0.262824 0.317458 -0.107228 -0.685872 -0.157330 -1.408637 0.116084 55.000000
1.120000 -0.439263 -0.324037 -19.531226 -38.189896 0.137542 0.128246 0.668721 -12.136985 0.431754 0.432652 0.072429 10.018167 0.217275 0.234888 -4.487594 1.518491 0.447764 0.435801 0.276028 -1.946425 -0.192695 -0.196810 -0.192595 -0.211474 -0.442811 -0.346141 -16.613487 -19.141847 -0.337059 -0.311067 -5.163754 1.239387 -0.782320 -0.781987 -0.813368 0.502062 0.412137 0.430627 -5.090599 5.861834 0.167461 0.143178 0.172076 -4.692979 -0.041944 -0.083108 0.543628 0.310847 0.085964 -0.008769 17.661378 15.164729 -0.447163 -0.296261 -22.321145 -3.728228 -1.188724 -0.995982 -3.661891 -3.895908 0.635076 0.909314 -1.875521 -3.892737 -1.247254 -1.173230 2.244187 1.753264 0.740658 0.656734 -0.645517 -0.742542 -0.327757 -0.300427 -0.062970 0.565331 -0.644259 -0.806958 4.359867 0.423211 -1.335883 -1.363835 -2.125580 -1.218424 0.612323 0.776055 1.372494 0.766046 0.514953 0.530765 -1.523333 0.982217 0.249662 0.302212 0.196907 -0.874989 -0.073337 -1.397435 0.028311 56.000000
1.140000 -0.432919 -0.351333 -12.094010 -19.531226 0.172385 0.139459 4.595513 0.298146 0.422957 0.428439 -0.316995 -0.370575 0.191787 0.229286 -5.256697 2.044505 0.558501 0.452235 0.525515 -2.443089 -0.170458 -0.192542 0.150850 -0.192595 -0.469158 -0.374857 -13.816624 -16.613487 -0.320417 -0.310618 -2.144964 2.988561 -0.793782 -0.781827 -1.751498 -2.175193 0.436682 0.447226 -5.063636 2.421061 0.106507 0.144657 -0.958267 -2.669538 -0.004059 -0.070499 0.387898 0.543628 0.052656 0.005845 6.495878 19.991261 -0.484625 -0.332956 -25.460212 2.329883 -1.251545 -1.034305 -2.427933 -3.661891 0.667022 0.842310 2.731165 -2.059854 -1.257043 -1.202518 1.547035 -0.184333 0.763751 0.677144 0.921996 -0.291274 -0.335291 -0.308102 0.084834 0.354243 -0.631899 -0.801117 6.081959 4.359867 -1.285406 -1.341164 -1.332557 -1.749037 0.553041 0.717493 2.358905 0.376543 0.458843 0.540808 -3.949201 -0.860120 0.235447 0.286602 0.235010 0.663213 -0.054746 -1.372117 -0.000161 57.000000
1.160000 -0.485735 -0.388295 -13.047472 -12.094010 0.124427 0.146964 -4.935141 2.456254 0.423677 0.422434 1.112593 -2.139259 0.255399 0.231458 2.313131 2.248927 0.503271 0.471818 -0.446511 -3.007770 -0.194918 -0.189448 -0.315111 0.150850 -0.497567 -0.412737 -11.118472 -13.816624 -0.344488 -0.323139 -1.123788 1.948231 -0.807601 -0.793544 -0.646531 -0.196733 0.461372 0.474577 -6.893743 3.223687 0.096657 0.139677 -0.663369 -1.839950 0.008660 -0.052466 -0.031958 0.387898 0.035532 0.016992 2.967117 15.978045 -0.503855 -0.369485 -20.850429 9.482167 -1.285033 -1.077602 -1.735225 -2.427933 0.703608 0.790776 2.746668 0.592065 -1.282437 -1.226146 1.060065 -2.139100 0.763533 0.689754 1.151641 0.418581 -0.336318 -0.315340 0.151329 -0.503415 -0.612397 -0.789535 4.719819 6.081959 -1.279834 -1.314816 -2.792209 -1.845731 0.474442 0.655366 2.036540 -0.513174 0.364095 0.527208 -2.649640 -2.092106 0.246258 0.274454 0.350994 1.857096 -0.047616 -1.338419 -0.014502 58.000000
1.180000 -0.419375 -0.418510 2.586287 -13.047472 0.229516 0.163118 9.062998 -3.023867 0.395353 0.415210 -2.323057 1.911274 0.161764 0.215746 -4.765389 -0.834185 0.561380 0.493558 -0.630458 1.478947 -0.248445 -0.197358 -0.177578 -0.315111 -0.516090 -0.449798 -7.960045 -11.118472 -0.252703 -0.325067 12.129995 0.885159 -0.845865 -0.817562 -1.590073 -0.238628 0.548555 0.508362 2.544883 3.925824 0.078132 0.126941 0.172321 -2.967919 -0.006746 -0.037377 -0.300702 -0.031958 0.074499 0.044669 -0.882151 11.908773 -0.539085 -0.413618 -17.826779 8.941656 -1.310651 -1.118390 -2.077788 -1.735225 0.740938 0.757259 2.943640 0.843301 -1.351787 -1.252831 0.413913 -1.903366 0.796873 0.707537 0.696575 0.500156 -0.356507 -0.323668 0.052894 -0.651485 -0.617670 -0.774343 3.476851 4.719819 -1.329010 -1.290196 -4.788169 -2.414375 0.421537 0.593338 1.906092 0.377834 0.372039 0.493612 1.010643 -1.500317 0.265036 0.268815 0.296948 1.149323 -0.053706 -1.302367 -0.022190 59.000000
1.200000 -0.621753 -0.452008 -26.860125 2.586287 0.161414 0.182738 -5.831870 5.693028 0.405077 0.404325 1.185855 -3.369971 0.209929 0.197696 2.161077 2.837885 0.545116 0.512287 -0.196406 -1.927504 -0.286997 -0.215103 -0.150430 -0.177578 -0.599478 -0.490282 -15.353708 -7.960045 -0.354904 -0.322248 -5.348039 -5.269961 -0.877295 -0.851749 0.087857 6.860034 0.481917 0.537883 -14.025090 -1.396857 0.050222 0.113614 -0.857056 1.148026 0.013987 -0.025489 0.000340 -0.300702 0.070511 0.077095 -4.124890 8.472314 -0.585161 -0.452603 -21.583702 9.354465 -1.341666 -1.163979 0.438310 -2.077788 0.700590 0.737073 1.101408 1.264863 -1.400799 -1.286212 0.542844 -1.678777 0.807807 0.722920 1.335517 0.321841 -0.364704 -0.333151 0.134161 -0.374734 -0.497153 -0.751522 6.110366 3.476851 -1.423435 -1.273085 -7.846381 -3.347131 0.441290 0.538074 3.695690 1.441038 0.376480 0.463901 0.139306 0.356847 0.271678 0.267990 0.094465 -0.653795 -0.048635 -1.262584 -0.048576 60.000000
1.220000 -0.583777 -0.501564 -9.105191 -26.860125 0.211931 0.189087 4.121224 -3.508863 0.374001 0.388787 -0.573678 2.323008 0.190784 0.204431 -3.486684 -0.938734 0.524866 0.521932 -0.759599 1.222344 -0.344791 -0.241913 0.037661 -0.150430 -0.600748 -0.536190 -6.112717 -15.353708 -0.337444 -0.334672 1.580599 2.630091 -0.876141 -0.874985 1.895765 -2.717948 0.558347 0.559459 -3.516895 7.631339 0.049555 0.101232 -0.196702 -6.393751 0.022060 -0.013416 -0.137575 0.000340 0.078522 0.091502 -4.600430 8.729406 -0.592772 -0.483600 -17.636195 12.854296 -1.345303 -1.213131 1.852920 0.438310 0.617919 0.718688 -0.581177 0.279282 -1.408387 -1.317181 0.528868 -0.822126 0.818349 0.742389 0.150963 0.600678 -0.381419 -0.343594 0.101282 -0.734839 -0.447058 -0.712027 4.600088 6.110366 -1.528276 -1.275419 -8.600850 -5.771035 0.454372 0.499645 3.140242 2.075345 0.388387 0.441174 0.274820 0.022420 0.286639 0.270678 0.056760 -0.116886 -0.026554 -1.217900 -0.073929 61.000000
1.240000 -0.628604 -0.551236 -8.107017 -9.105191 0.226045 0.193411 5.615073 2.347451 0.372084 0.376934 -0.156732 -1.773773 0.214279 0.213684 -1.378647 2.291772 0.542175 0.528509 -0.120594 -1.194912 -0.351933 -0.273164 0.665873 0.037661 -0.663258 -0.584629 -8.126557 -6.112717 -0.385535 -0.353524 -3.316242 -1.738182 -0.880033 -0.888528 2.952844 -0.157583 0.597393 0.587271 -2.664466 1.900466 0.088896 0.088271 0.999621 -1.616429 0.033865 0.000412 -0.396267 -0.137575 0.127540 0.108382 0.804873 6.517882 -0.578563 -0.508517 -10.666440 11.118312 -1.437677 -1.259310 -0.417418 1.852920 0.503161 0.689136 -2.321979 -0.555023 -1.409815 -1.342080 0.641670 0.026155 0.800711 0.758788 -0.393834 0.024840 -0.386616 -0.354070 0.182643 -0.126122 -0.386010 -0.660375 2.416668 4.600088 -1.628563 -1.298655 -8.734024 -5.870546 0.450283 0.470930 2.977241 2.730304 0.380414 0.426729 -0.051055 0.109030 0.300188 0.276353 -0.015395 -0.165790 -0.020987 -1.173812 -0.079879 62.000000
1.260000 -0.688996 -0.598698 -11.309527 -8.107017 0.187616 0.194758 -1.080112 2.885902 0.370696 0.371004 0.660647 -2.729170 0.206368 0.222799 -4.291913 0.776392 0.539441 0.533896 -0.389879 -0.602255 -0.378822 -0.302146 0.449943 0.665873 -0.714786 -0.633605 -9.174481 -8.126557 -0.419840 -0.381141 -3.194405 0.181699 -0.903065 -0.897895 0.274127 -3.134543 0.595941 0.618707 -8.550494 0.610506 0.072998 0.083298 -0.149739 -2.053960 0.030904 0.011926 -0.377536 -0.396267 0.123181 0.127128 -3.253781 5.735656 -0.586514 -0.532083 -7.298154 4.930783 -1.539268 -1.306077 -2.071187 -0.417418 0.409786 0.652809 -4.001065 -1.481824 -1.441925 -1.366328 0.676158 0.840154 0.745982 0.762329 -0.694554 -0.288239 -0.386495 -0.362761 0.200740 0.105596 -0.398248 -0.597204 -1.871194 2.416668 -1.657614 -1.339291 -5.570662 -5.855632 0.403120 0.451360 0.205426 2.878392 0.333704 0.411525 -0.506464 -0.017830 0.319928 0.285000 -0.044155 0.033225 -0.023991 -1.131116 -0.075217 63.000000
1.280000 -0.800512 -0.648121 -22.606498 -11.309527 0.167597 0.189172 -3.470194 -0.870380 0.356081 0.359542 1.555377 0.209733 0.213199 0.234832 -6.660561 2.427449 0.525440 0.537986 -0.722546 -1.864464 -0.374388 -0.325767 0.543007 0.449943 -0.803685 -0.683111 -16.825190 -9.174481 -0.463002 -0.418188 -3.319351 1.460139 -0.918628 -0.907231 -0.737212 -1.734266 0.630472 0.648874 -7.901635 4.383359 0.113446 0.087949 -0.147189 -4.167135 0.032667 0.019220 -0.185828 -0.377536 0.154406 0.143060 -0.585914 2.022187 -0.603614 -0.561667 -3.252287 5.275967 -1.602002 -1.355184 -2.502619 -2.071187 0.430988 0.621004 -3.247417 -2.338612 -1.453216 -1.390128 0.811049 1.662453 0.722205 0.754568 -0.091803 -0.447647 -0.391360 -0.369910 0.136976 0.246907 -0.443062 -0.537997 -3.974444 -1.871194 -1.581564 -1.386426 -0.983604 -2.888044 0.315758 0.433334 -1.537542 2.682618 0.305812 0.392394 -0.624758 -0.231154 0.317762 0.293656 -0.190121 0.275309 -0.021769 -1.089092 -0.069852 64.000000
1.300000 -0.905278 -0.712801 -27.660948 -22.606498 0.156970 0.184939 -5.207654 -2.512786 0.340970 0.340578 2.839903 0.957409 0.267563 0.270613 -7.708259 3.851959 0.515748 0.538015 -0.570123 -2.808603 -0.340650 -0.338144 0.604464 0.543007 -0.857428 -0.736548 -16.020751 -16.825190 -0.490587 -0.461433 0.764362 2.028281 -0.934892 -0.919058 -1.300459 -1.291070 0.688579 0.685119 -4.992760 4.057088 0.135082 0.099558 -0.249995 -3.844547 0.022122 0.022402 -0.150032 -0.185828 0.169628 0.161989 -1.580805 1.333187 -0.628233 -0.602416 1.633949 1.919101 -1.659241 -1.405387 -2.461768 -2.502619 0.552159 0.605133 -0.702745 -2.029233 -1.458965 -1.410839 0.925467 1.218184 0.694748 0.737238 0.681168 -0.114390 -0.385200 -0.374902 0.163486 -0.022587 -0.558807 -0.507073 -4.435356 -3.974444 -1.471442 -1.418050 1.181175 0.276969 0.220625 0.402923 -1.833328 1.260573 0.275644 0.373543 -1.171490 -0.217318 0.314134 0.299703 -0.159725 0.407439 -0.014657 -1.045343 -0.068370 65.000000
1.320000 -0.710274 -0.764614 15.678240 -27.660948 0.314226 0.212337 12.934224 -4.023778 0.278333 0.318115 -6.441447 1.183875 0.319507 0.310717 -1.977693 4.265758 0.463463 0.530639 -1.171900 -3.442500 -0.334418 -0.344455 1.177379 0.604464 -0.856828 -0.789447 -6.070719 -16.020751 -0.392825 -0.476272 15.336306 0.268048 -0.943204 -0.922466 -4.331984 1.032411 0.802811 0.734237 5.340374 2.676877 0.126702 0.105365 0.521106 -2.315883 0.021588 0.022083 0.116535 -0.150032 0.117668 0.186769 -17.529918 -1.607377 -0.540364 -0.618815 14.535110 -0.026572 -1.602809 -1.447237 -1.366520 -2.461768 0.683984 0.591901 5.804718 -0.814106 -1.476455 -1.430043 1.015827 -0.111361 0.749075 0.735900 0.258674 0.258841 -0.389884 -0.378538 0.064560 -0.422327 -0.625537 -0.507621 -3.080356 -4.435356 -1.411960 -1.431670 1.776423 1.507252 0.224126 0.368190 -0.833133 0.326076 0.364483 0.367540 -0.444941 -0.505883 0.327487 0.305410 -0.026900 0.665608 0.024230 -1.006096 -0.112672 66.000000
1.340000 -0.779803 -0.792580 5.815467 15.678240 0.313030 0.272441 -1.319438 9.687836 0.258627 0.300908 -3.459974 -3.246389 0.355124 0.334095 0.764417 1.834958 0.371299 0.512327 -1.373174 -0.142735 -0.346097 -0.354437 0.983490 1.177379 -0.975664 -0.839917 -19.716593 -6.070719 -0.415490 -0.454106 3.438184 -5.502161 -0.935608 -0.914784 -5.574053 9.834145 0.823416 0.799028 -5.105230 -3.046426 0.135446 0.107989 0.292345 2.293948 0.021097 0.020309 0.219692 0.116535 0.166924 0.213407 -12.880984 -16.032514 -0.509972 -0.596906 12.912013 1.497404 -1.626880 -1.474645 -2.556729 -1.366520 0.715752 0.581457 6.482782 2.394445 -1.499792 -1.450048 1.015838 -3.410273 0.733098 0.729855 1.226929 0.097057 -0.390047 -0.381609 0.071501 -0.161617 -0.623555 -0.524860 -0.976776 -3.080356 -1.400193 -1.436588 1.724684 1.304778 0.271107 0.341313 0.528632 -0.471645 0.366869 0.373283 -1.360916 -0.209021 0.337880 0.312374 -0.063125 0.235920 0.106195 -0.973701 -0.222788 67.000000
1.360000 -0.769110 -0.810925 10.449376 5.815467 0.366624 0.332430 -1.316264 1.070268 0.207470 0.254567 -2.005838 2.389706 0.389105 0.356916 3.490130 0.609223 0.303294 0.475674 -1.038214 1.373640 -0.363835 -0.363279 0.904242 0.983490 -0.991159 -0.887831 -14.023775 -19.716593 -0.436597 -0.427415 -5.351811 1.067934 -0.908685 -0.905119 -1.446683 4.506118 0.884642 0.871513 -7.938554 2.341542 0.105980 0.111415 -0.330518 -2.763688 0.013083 0.018795 -0.180185 0.219692 0.194523 0.234413 -10.404028 -12.896499 -0.509431 -0.566310 7.064677 -0.015514 -1.643761 -1.495244 -3.219308 -2.556729 0.765137 0.582094 6.359006 2.733472 -1.526887 -1.471443 1.029284 -3.749310 0.701591 0.716345 1.374345 0.577714 -0.378159 -0.382424 0.115069 -0.649215 -0.618893 -0.546413 0.296290 -0.976776 -1.387143 -1.434605 0.963106 0.598026 0.311538 0.326331 0.903926 -1.126658 0.385143 0.380967 -0.969796 -0.648896 0.350882 0.320634 -0.075766 0.712020 0.192647 -0.939889 -0.341165 68.000000
1.380000 -0.759895 -0.817378 11.779792 10.449376 0.390017 0.380758 -4.480084 0.344787 0.174583 0.199873 1.843700 1.661051 0.400236 0.371530 4.607615 -0.995475 0.303811 0.433222 -0.097780 2.494656 -0.384113 -0.372263 0.607402 0.904242 -1.039079 -0.932134 -15.008780 -14.023775 -0.431501 -0.411024 -5.599616 3.399247 -0.895836 -0.896002 -1.560154 -1.952564 0.962087 0.949321 -9.257772 4.207911 0.138679 0.116266 -0.158741 -3.730643 -0.009242 0.015585 -0.206539 -0.180185 0.240343 0.251053 -4.582351 -8.734353 -0.509126 -0.542221 3.831427 1.669675 -1.668376 -1.512018 -3.833355 -3.219308 0.793260 0.598121 4.560099 2.664861 -1.547633 -1.493421 1.056932 -3.694145 0.656121 0.695990 1.281057 0.629638 -0.362486 -0.379659 0.078802 -0.744707 -0.640242 -0.568510 0.389646 0.296290 -1.412617 -1.428923 -0.172093 0.029590 0.335941 0.322433 0.586238 -0.933516 0.362965 0.384173 -0.884144 -0.447015 0.363763 0.330124 -0.106364 0.522781 0.269251 -0.905824 -0.445388 69.000000
1.400000 -0.742663 -0.818475 15.684226 11.779792 0.421485 0.416572 -3.352518 -3.161892 0.138779 0.157794 0.813234 1.318192 0.449001 0.384738 10.689922 -2.233210 0.325916 0.398241 0.542630 2.374405 -0.393758 -0.381963 0.714004 0.607402 -1.086276 -0.976030 -15.352971 -15.008780 -0.441060 -0.408605 -5.870569 3.579885 -0.881813 -0.885533 -0.937007 -2.019731 1.025784 1.027369 -11.349731 4.743497 0.178521 0.128594 -0.163361 -4.514276 -0.043628 0.007562 -0.463125 -0.206539 0.260621 0.265404 -2.372181 -4.206889 -0.511413 -0.526132 0.154624 0.375462 -1.669146 -1.528366 -2.935148 -3.833355 0.799637 0.622480 4.243895 1.751583 -1.574175 -1.515663 0.978554 -2.808515 0.631040 0.675824 1.013306 0.601128 -0.351993 -0.374192 -0.021258 -0.679930 -0.653812 -0.591111 1.342210 0.389646 -1.426992 -1.425427 -0.340941 -0.379165 0.357336 0.325882 0.613173 -0.207072 0.317763 0.380704 -2.377116 -0.388890 0.379095 0.340872 -0.120866 0.495254 0.331651 -0.872975 -0.528976 70.000000
1.420000 -0.736307 -0.824882 18.864493 15.684226 0.477762 0.444220 2.752570 -2.082876 0.110994 0.132414 -1.459500 1.269642 0.485450 0.407347 11.903550 -5.736740 0.340893 0.374024 1.038289 4.953182 -0.402290 -0.392788 0.799648 0.714004 -1.113055 -1.021412 -11.681516 -15.352971 -0.449078 -0.417861 -4.405587 3.403788 -0.860858 -0.869506 -1.073645 -2.466781 1.110093 1.103896 -10.004686 5.792812 0.207746 0.148744 -0.511962 -5.556919 -0.073708 -0.007802 -0.178306 -0.463125 0.276634 0.274374 -0.646981 -1.263403 -0.507795 -0.505123 -3.697750 1.108779 -1.662720 -1.546012 -2.137886 -2.935148 0.794473 0.636980 4.434344 1.632671 -1.601392 -1.538256 0.820636 -2.611224 0.610429 0.655066 1.149620 0.517282 -0.340274 -0.367029 -0.060593 -0.496024 -0.689217 -0.620302 1.736522 1.342210 -1.435025 -1.425429 -0.467162 -0.477057 0.376038 0.332230 0.651754 -0.136116 0.268544 0.375160 -2.743624 -1.128125 0.392667 0.352589 -0.152496 1.248991 0.381297 -0.840615 -0.593147 71.000000
1.440000 -0.811192 -0.836546 6.928367 18.864493 0.521904 0.471023 6.209785 2.106035 0.105021 0.118236 -1.134938 -0.646535 0.489056 0.439381 4.718264 -6.701420 0.331308 0.352543 1.468447 5.202130 -0.405538 -0.401275 0.523620 0.799648 -1.139679 -1.064966 -8.787376 -11.681516 -0.432470 -0.432812 2.366433 2.739616 -0.856392 -0.852545 -2.561927 -1.665971 1.184711 1.176430 -8.073093 5.371980 0.220196 0.170171 -0.464404 -4.632706 -0.076270 -0.025157 0.004453 -0.178306 0.228790 0.278166 -9.876633 1.525385 -0.526427 -0.486549 -10.377357 2.172366 -1.682372 -1.564122 -1.929862 -2.137886 0.764860 0.648983 2.854646 1.806854 -1.616304 -1.560334 0.950657 -2.627490 0.602328 0.637176 0.971841 0.605106 -0.331109 -0.358937 -0.104201 -0.544514 -0.728081 -0.652714 1.946125 1.736522 -1.437030 -1.421641 -1.720982 -0.559458 0.393787 0.341684 0.573587 -0.092296 0.245652 0.359932 -1.840386 -1.295564 0.406606 0.364895 -0.164702 1.448060 0.422176 -0.810187 -0.645986 72.000000
1.460000 -0.934524 -0.859464 -10.823962 6.928367 0.569859 0.498961 9.806717 3.672362 0.101644 0.110769 -1.052025 -2.537423 0.483396 0.483723 -7.357499 -3.419351 0.297625 0.333943 0.353077 1.298913 -0.399108 -0.404799 0.325349 0.523620 -1.157116 -1.103413 -5.456192 -8.787376 -0.420723 -0.453480 9.806498 0.097747 -0.850184 -0.842926 -2.101321 2.464180 1.291523 1.245318 -0.714433 4.371846 0.251986 0.187973 0.354428 -3.701247 -0.062876 -0.038355 0.225784 0.004453 0.166460 0.276783 -21.557769 0.250362 -0.544432 -0.479834 -12.932591 10.126995 -1.735868 -1.586938 -2.206235 -1.929862 0.761502 0.659724 2.357690 0.951994 -1.637162 -1.582168 0.970325 -1.902651 0.630448 0.627882 1.057287 0.538021 -0.338461 -0.352572 -0.195695 -0.433820 -0.762951 -0.687242 1.944201 1.946125 -1.389716 -1.407835 -2.140422 -1.147285 0.404119 0.352432 0.390648 0.573697 0.229114 0.340712 -1.417846 -0.837842 0.426614 0.378420 -0.147910 1.002544 0.452371 -0.783080 -0.685025 73.000000
1.480000 -0.997293 -0.892261 -16.112640 -10.823962 0.606685 0.534190 8.754014 5.429371 0.096485 0.107142 -1.716914 -4.377346 0.508059 0.537073 -13.483483 3.423828 0.306463 0.325947 -0.332824 -3.933671 -0.388791 -0.404011 0.231150 0.325349 -1.176106 -1.136898 -3.150059 -5.456192 -0.406684 -0.469991 14.314862 -3.852589 -0.838173 -0.839613 0.050306 5.953909 1.379767 1.312800 3.666115 0.101319 0.270280 0.200005 1.154235 -0.613114 -0.056894 -0.044094 -0.157623 0.225784 0.130648 0.272977 -27.513132 -4.312589 -0.545801 -0.487838 -9.530052 17.245180 -1.732894 -1.611327 -1.384356 -2.206235 0.812859 0.677695 2.095790 0.693682 -1.661962 -1.603344 0.758625 -1.664007 0.635338 0.622662 0.949703 0.626491 -0.337505 -0.348372 -0.106994 -0.430796 -0.778543 -0.715297 0.926742 1.944201 -1.332757 -1.381555 -2.815477 -1.265535 0.414431 0.365562 -0.211565 0.874887 0.196353 0.316239 -0.889912 -0.634968 0.445034 0.393339 -0.185150 0.782878 0.475318 -0.757006 -0.717573 74.000000
1.500000 -1.023051 -0.924834 -15.153990 -16.112640 0.633937 0.573288 6.528295 5.235464 0.090384 0.102808 -1.699764 -3.518550 0.542736 0.584268 -14.259757 6.982040 0.328374 0.329394 -0.809802 -6.501442 -0.388581 -0.401068 0.052749 0.231150 -1.210413 -1.169286 -3.298553 -3.150059 -0.422899 -0.476878 11.342225 -7.182584 -0.818904 -0.831664 0.877598 7.132278 1.436208 1.379183 1.813296 -2.666415 0.281950 0.209381 1.201169 0.999700 -0.060864 -0.045529 -0.393971 -0.157623 0.125910 0.262397 -24.824694 -8.991540 -0.557320 -0.507683 -6.835067 18.521592 -1.707672 -1.632240 -0.136005 -1.384356 0.893188 0.704467 3.749461 0.668583 -1.676005 -1.622654 0.544733 -1.427207 0.636276 0.618755 1.175073 0.528349 -0.332276 -0.344663 -0.056394 -0.421355 -0.789193 -0.737337 1.418814 0.926742 -1.276253 -1.342894 -3.830761 -1.301956 0.433881 0.381013 -0.035376 1.513521 0.176569 0.291847 -1.629096 -0.352381 0.455728 0.408251 -0.245921 0.537531 0.498520 -0.731079 -0.750290 75.000000
1.520000 -1.039048 -0.954178 -12.909284 -15.153990 0.647119 0.607047 3.370280 4.114030 0.081644 0.092783 -0.404394 -2.414265 0.571381 0.616229 -12.523030 7.714555 0.364123 0.342370 -0.975956 -6.545202 -0.400118 -0.399103 -0.131316 0.052749 -1.258325 -1.204243 -5.461732 -3.298553 -0.444297 -0.479622 7.259631 -6.109912 -0.801164 -0.816901 0.374723 5.232314 1.487466 1.443296 -0.590253 -1.773892 0.301398 0.220876 0.987354 0.039404 -0.078450 -0.047289 -0.558645 -0.393971 0.141075 0.246171 -18.648207 -8.994813 -0.569853 -0.537509 -1.181800 15.829880 -1.690888 -1.647725 0.086696 -0.136005 0.977503 0.740087 3.373523 1.602364 -1.679913 -1.637614 0.247521 -2.147097 0.627262 0.612201 1.263147 0.615733 -0.332021 -0.341341 -0.074643 -0.559339 -0.800652 -0.755849 0.339291 1.418814 -1.231092 -1.300064 -3.345950 -1.897692 0.457379 0.397986 -0.359881 1.933068 0.168320 0.268695 -0.415693 -0.691587 0.461538 0.421654 -0.265702 0.937508 0.520155 -0.706322 -0.777207 76.000000
1.540000 -1.046718 -0.977447 -10.968298 -12.909284 0.664102 0.636808 1.082080 1.887337 0.072551 0.079823 0.428087 -1.482943 0.590520 0.632021 -9.655140 6.966156 0.393598 0.361452 -1.071029 -5.556875 -0.399093 -0.398619 -0.040290 -0.131316 -1.287089 -1.240973 -3.761503 -5.461732 -0.453228 -0.478883 4.710195 -3.817177 -0.779081 -0.797614 0.340486 3.442454 1.549226 1.506462 -0.951550 -0.417743 0.304435 0.234275 0.632657 -1.007996 -0.098610 -0.052690 -0.550894 -0.558645 0.141887 0.231175 -15.727920 -8.733203 -0.570623 -0.574403 6.213561 9.915004 -1.664884 -1.653949 -0.228779 0.086696 1.030116 0.785007 2.931055 1.563001 -1.676701 -1.647863 0.142442 -1.810522 0.620639 0.607753 0.889999 0.668895 -0.329233 -0.338427 -0.049603 -0.594252 -0.799952 -0.765252 -0.578420 0.339291 -1.195166 -1.263855 -1.970664 -1.493034 0.472253 0.416810 -0.576383 1.852915 0.153207 0.245079 -0.298485 -0.074996 0.466026 0.433020 -0.237280 0.340697 0.539119 -0.683803 -0.799801 77.000000
1.560000 -1.069579 -0.996652 -11.729700 -10.968298 0.682009 0.664717 -0.559372 0.326997 0.060574 0.065651 1.128778 -0.755084 0.602687 0.637825 -7.478762 5.600853 0.421259 0.383033 -1.035237 -4.054287 -0.399686 -0.398480 -0.050570 -0.040290 -1.348955 -1.280516 -7.470410 -3.761503 -0.460574 -0.475160 2.283138 -2.525341 -0.765674 -0.775822 -1.672193 2.184855 1.601243 1.570016 -3.343323 0.018996 0.311259 0.248324 0.293896 -0.932553 -0.105069 -0.061160 -0.277483 -0.550894 0.136989 0.217492 -14.063286 -10.970741 -0.575980 -0.606472 10.165503 4.757180 -1.652906 -1.651741 -0.747409 -0.228779 1.067639 0.828039 3.769501 1.394306 -1.676266 -1.655163 0.125182 -1.536748 0.621293 0.604653 1.078095 0.469801 -0.325525 -0.335498 -0.038850 -0.420198 -0.792380 -0.769457 -0.344995 -0.578420 -1.167519 -1.237320 -0.574901 -0.697140 0.476772 0.432564 -0.189604 1.273524 0.133155 0.225782 -1.191612 -0.030602 0.472845 0.442864 -0.184402 0.267883 0.557083 -0.661952 -0.821181 78.000000
1.580000 -1.083603 -1.017151 -10.245889 -11.729700 0.704970 0.690402 -0.847704 -0.844075 0.042126 0.048386 1.386056 -0.284703 0.612849 0.641022 -6.028960 4.486822 0.437590 0.404240 -1.022084 -2.991940 -0.399532 -0.398394 -0.045773 -0.050570 -1.384169 -1.322404 -6.257624 -7.470410 -0.464983 -0.472876 1.428930 -0.305473 -0.753882 -0.753281 -3.386218 1.977666 1.662026 1.635748 -4.629014 1.459468 0.316280 0.263556 -0.028385 -1.883855 -0.108260 -0.071501 -0.003523 -0.277483 0.125342 0.205958 -14.552382 -12.114395 -0.588127 -0.631129 11.920884 1.948891 -1.643744 -1.643817 -1.576189 -0.747409 1.080304 0.865909 3.178472 1.822160 -1.675873 -1.660935 0.235614 -1.947342 0.616058 0.601579 0.872524 0.558472 -0.322341 -0.332476 -0.040734 -0.519622 -0.780216 -0.767990 -1.216537 -0.344995 -1.151499 -1.220924 0.941872 -0.192648 0.477377 0.443946 -0.199683 0.382252 0.094208 0.205338 -1.133362 -0.503605 0.477531 0.451533 -0.167653 0.688007 0.572666 -0.640222 -0.839793 79.000000
1.600000 -1.097381 -1.039333 -8.301719 -10.245889 0.738239 0.716334 0.336416 -1.116880 0.023647 0.030009 1.290430 -0.269176 0.621071 0.645047 -5.382787 3.752424 0.448543 0.422967 -0.964061 -2.276535 -0.406028 -0.399079 -0.089358 -0.045773 -1.404726 -1.360766 -3.477064 -6.257624 -0.470769 -0.474724 1.279489 0.978644 -0.735781 -0.736386 -2.264876 2.407574 1.723676 1.702107 -5.569514 2.335001 0.318656 0.277719 -0.219471 -2.294013 -0.110326 -0.081077 0.082843 -0.003523 0.134947 0.199032 -12.139477 -13.236633 -0.616896 -0.652683 10.224629 1.315749 -1.648813 -1.631928 -2.639575 -1.576189 1.094112 0.902179 2.390585 1.471429 -1.689297 -1.668085 0.395525 -1.707043 0.613763 0.599415 0.707405 0.456629 -0.318316 -0.329313 -0.035286 -0.415895 -0.806691 -0.765353 -1.801506 -1.216537 -1.135226 -1.211029 1.774440 0.570778 0.471316 0.452856 -0.407267 -0.371094 0.011624 0.176074 -1.555475 -0.482854 0.481850 0.459086 -0.141960 0.650507 0.585930 -0.620165 -0.857081 80.000000
1.620000 -1.107718 -1.063851 -5.209850 -8.301719 0.768959 0.745533 0.042276 -0.477007 -0.002048 0.009193 0.950742 -0.813423 0.648766 0.655064 -3.212721 3.387446 0.441543 0.435799 -0.794086 -1.995342 -0.412344 -0.401334 -0.047441 -0.089358 -1.402164 -1.390879 1.479239 -3.477064 -0.459961 -0.478115 3.950825 0.492693 -0.713484 -0.725798 1.368014 1.772182 1.801434 1.767683 -2.751849 2.943215 0.317589 0.287537 0.143801 -2.626299 -0.095685 -0.086297 -0.026664 0.082843 0.153308 0.199209 -9.575597 -11.182053 -0.654639 -0.675007 7.471551 0.957424 -1.642934 -1.617409 -3.436825 -2.639575 1.148183 0.941906 2.053515 0.997530 -1.714206 -1.679396 0.598370 -1.393055 0.611927 0.597526 0.623555 0.371345 -0.312664 -0.325749 -0.028696 -0.336060 -0.875470 -0.774534 -1.775805 -1.801506 -1.091781 -1.199295 2.158332 1.090853 0.468009 0.460002 -0.591709 -0.683587 -0.083920 0.133507 -1.539463 -0.706758 0.492226 0.466509 -0.087978 0.848717 0.596968 -0.602614 -0.875388 81.000000
1.640000 -1.161456 -1.093282 -8.995737 -5.209850 0.789826 0.773112 -0.275824 -0.454233 -0.024294 -0.015273 1.647642 -0.496509 0.673405 0.677488 -4.825066 2.179691 0.422321 0.440577 -0.749070 -1.033030 -0.406581 -0.403439 0.049433 -0.047441 -1.451405 -1.415269 -3.648094 1.479239 -0.451650 -0.479714 5.699239 -2.659419 -0.707367 -0.717189 0.931543 1.291406 1.848822 1.827599 -3.750894 1.272101 0.320378 0.293278 0.362716 -1.479749 -0.074898 -0.084630 -0.224455 -0.026664 0.111336 0.197225 -15.848923 -8.523574 -0.697003 -0.698823 3.684369 1.052023 -1.610311 -1.601856 -2.564700 -3.436825 1.208562 0.982669 3.582785 0.727572 -1.709524 -1.691583 0.926788 -1.325942 0.599474 0.592503 1.122457 0.326125 -0.311111 -0.322163 -0.066160 -0.297430 -0.812101 -0.792786 2.168494 -1.775805 -1.053193 -1.175788 0.246209 1.375021 0.512645 0.465785 1.099647 -0.783312 -0.143429 0.085199 -2.125258 -0.725742 0.504480 0.474781 -0.084460 0.813720 0.608597 -0.587333 -0.894056 82.000000
1.660000 -1.202148 -1.127712 -9.833079 -8.995737 0.796879 0.788404 0.243456 -0.961733 -0.043399 -0.038593 1.994638 -0.685909 0.698734 0.710629 -7.560184 2.953361 0.380082 0.436843 -1.011153 -1.871704 -0.404917 -0.404072 -0.012043 0.049433 -1.457544 -1.436963 -1.335742 -3.648094 -0.466944 -0.484583 4.586188 -3.315391 -0.684158 -0.701929 0.394329 2.383848 1.888401 1.878334 -5.025558 1.613566 0.312950 0.297943 -0.065524 -2.137328 -0.073410 -0.080159 -0.176620 -0.224455 0.065865 0.180980 -19.629471 -9.766646 -0.737274 -0.727517 2.875678 6.082277 -1.579452 -1.585642 -2.394885 -2.564700 1.238495 1.021613 2.903975 1.327998 -1.695171 -1.698811 0.901724 -2.254787 0.569151 0.582146 0.930239 0.594308 -0.315923 -0.319799 -0.093672 -0.528149 -0.645785 -0.789697 2.816854 2.168494 -1.061136 -1.144892 -1.120852 -0.426719 0.545325 0.472760 1.477819 -0.672928 -0.149608 0.035721 -0.071911 -1.020399 0.519531 0.484431 -0.095150 1.104859 0.623252 -0.575032 -0.905390 83.000000
1.680000 -1.236797 -1.159807 -11.017208 -9.833079 0.784330 0.788650 -0.275393 -0.875591 -0.054595 -0.054901 1.820869 -1.119047 0.714642 0.744372 -10.470243 4.510145 0.355767 0.427014 -1.046989 -3.050039 -0.407364 -0.404132 -0.086932 -0.012043 -1.466554 -1.453671 -0.166375 -1.335742 -0.474844 -0.494637 5.297083 -2.490258 -0.638617 -0.684086 5.688156 2.095930 1.925097 1.914031 -2.266993 2.560087 0.325408 0.300039 0.486487 -2.465471 -0.086133 -0.073687 -0.861845 -0.176620 0.054894 0.150436 -13.916485 -11.252575 -0.753624 -0.761458 6.492954 8.376897 -1.549743 -1.566579 -2.405705 -2.394885 1.251890 1.057504 2.965212 1.001125 -1.682956 -1.700676 0.738037 -1.902849 0.533979 0.567228 0.895155 0.511956 -0.320451 -0.319143 -0.060749 -0.418283 -0.482953 -0.745538 1.578646 2.816854 -1.089258 -1.120909 -1.492504 -1.299335 0.542613 0.481597 1.005762 -0.178483 -0.125811 -0.007926 1.050035 0.011619 0.528720 0.494725 -0.151911 0.083531 0.642007 -0.567865 -0.908000 84.000000
1.700000 -1.269111 -1.193156 -9.990317 -11.017208 0.780931 0.783063 0.265391 -1.048131 -0.070338 -0.067644 1.230756 -0.772738 0.757113 0.777481 -9.013801 5.991048 0.350872 0.414567 -0.659891 -4.479195 -0.391563 -0.402562 0.058760 -0.086932 -1.494587 -1.472903 -1.215349 -0.166375 -0.476224 -0.500097 5.022358 -5.492620 -0.596722 -0.660191 8.867577 -0.195537 1.970471 1.938865 3.032149 0.782253 0.326800 0.299495 1.002046 -1.484740 -0.092474 -0.067889 -1.236646 -0.861845 0.059385 0.117277 -7.059240 -10.204720 -0.758533 -0.789566 9.704393 3.711766 -1.510770 -1.543607 -2.495818 -2.405705 1.254218 1.086004 3.090233 1.113588 -1.668268 -1.697802 0.554907 -1.851625 0.479861 0.543883 0.995324 0.477952 -0.319426 -0.319187 0.001685 -0.417203 -0.400437 -0.672617 -1.002126 1.578646 -1.107570 -1.111526 -0.249803 -1.249133 0.503385 0.487259 0.069722 0.243371 -0.136207 -0.042025 0.755666 0.600973 0.530580 0.503949 -0.191297 -0.449062 0.662198 -0.562545 -0.906205 85.000000
1.720000 -1.295654 -1.232882 -6.532372 -9.990317 0.788276 0.781808 0.920500 -0.482682 -0.096488 -0.085043 0.535860 -0.748074 0.803299 0.815286 -8.101374 4.983342 0.341590 0.400895 -0.437208 -4.030459 -0.363970 -0.396648 0.183133 0.058760 -1.513458 -1.494900 -0.413616 -1.215349 -0.459676 -0.494515 5.231772 -6.944968 -0.582589 -0.634470 6.271731 -1.922609 2.001197 1.960134 4.941056 -2.239552 0.303753 0.293505 1.060555 0.792597 -0.088792 -0.063367 -1.037837 -1.236646 0.047232 0.093425 -6.339155 -8.381816 -0.774928 -0.807079 8.337746 -1.322576 -1.476774 -1.515200 -3.051972 -2.495818 1.230260 1.107481 2.214448 1.267663 -1.653320 -1.691977 0.641491 -1.822570 0.415912 0.512292 0.819152 0.496820 -0.322688 -0.319684 -0.008959 -0.498505 -0.374588 -0.592553 -3.001682 -1.002126 -1.099113 -1.112938 1.050823 -0.159763 0.456264 0.486236 -0.663283 0.090040 -0.163047 -0.069263 -0.064555 0.473482 0.544803 0.512986 -0.102564 -0.282184 0.680408 -0.556802 -0.906573 86.000000
1.740000 -1.339641 -1.275660 -6.544974 -6.532372 0.796407 0.785193 1.500056 0.192320 -0.119304 -0.107220 0.789142 -0.728180 0.829898 0.853315 -9.834098 4.366351 0.356412 0.390629 -0.314263 -3.735023 -0.354081 -0.387140 -0.024137 0.183133 -1.546287 -1.517959 -2.145236 -0.413616 -0.445364 -0.480261 4.523184 -5.751751 -0.575516 -0.610781 3.216639 -0.519980 2.031159 1.982259 6.058641 -3.236248 0.322434 0.285756 1.633676 1.704807 -0.087202 -0.060758 -0.812492 -1.037837 0.016120 0.077915 -10.403126 -7.338451 -0.806485 -0.819282 4.324097 -0.999296 -1.465153 -1.484966 -3.665542 -3.051972 1.234165 1.124473 2.072415 0.786479 -1.647957 -1.686376 0.818538 -1.427969 0.396209 0.480732 0.912121 0.414055 -0.334711 -0.321973 -0.038800 -0.405097 -0.329765 -0.518029 -3.048387 -3.001682 -1.107055 -1.115260 0.498416 0.857053 0.435028 0.479816 -0.665186 -0.193770 -0.183772 -0.091696 -0.609007 0.019004 0.567354 0.524165 -0.071439 0.083560 0.696895 -0.551013 -0.910948 87.000000
1.760000 -1.365904 -1.315803 -4.590633 -6.544974 0.789861 0.789429 -0.543040 0.355457 -0.130475 -0.127019 1.732817 -1.144599 0.875583 0.887795 -7.267475 5.143947 0.355186 0.384368 -0.351262 -4.690151 -0.345717 -0.376472 -0.143589 -0.024137 -1.543449 -1.539336 1.988428 -2.145236 -0.435058 -0.464748 3.698099 -3.869911 -0.543964 -0.587069 4.817636 0.653272 2.063753 2.008368 6.831776 -4.208835 0.348494 0.282791 1.931829 1.849806 -0.077812 -0.059216 -0.648131 -0.812492 0.004966 0.065162 -10.096623 -7.363611 -0.815994 -0.831223 4.798746 3.039514 -1.465014 -1.457715 -4.112773 -3.665542 1.244767 1.138020 2.506585 0.626939 -1.672194 -1.685735 0.877994 -1.445476 0.391687 0.455309 0.787842 0.475461 -0.345814 -0.326532 0.009023 -0.436661 -0.290361 -0.451537 -2.957550 -3.048387 -1.132714 -1.116125 -0.553130 0.581801 0.444849 0.473669 -0.464540 0.083385 -0.191333 -0.110396 -0.670737 -0.268784 0.582885 0.537246 -0.156559 0.340223 0.713314 -0.546929 -0.916824 88.000000
1.780000 -1.373358 -1.349268 -0.325268 -4.590633 0.767683 0.788974 -3.696678 -1.137928 -0.133421 -0.140226 2.853508 -0.594888 0.927115 0.920821 -3.494138 3.887349 0.347367 0.377247 -0.109880 -3.380126 -0.335634 -0.365546 -0.183139 -0.143589 -1.544169 -1.560576 6.615801 1.988428 -0.431021 -0.451491 2.369294 -4.257868 -0.474436 -0.562235 13.882915 -0.559768 2.081916 2.032901 6.615302 -4.810668 0.349039 0.283143 1.900675 2.021107 -0.044726 -0.050940 -1.076975 -0.648131 0.067533 0.048040 6.663852 -7.447685 -0.792788 -0.834574 8.130141 2.648938 -1.470056 -1.440812 -2.954745 -4.112773 1.245215 1.138725 4.991465 0.814295 -1.693807 -1.690804 0.795211 -1.692289 0.386625 0.432013 1.571868 0.389410 -0.344168 -0.331213 0.105442 -0.398433 -0.329205 -0.407357 -1.847867 -2.957550 -1.180788 -1.110738 -4.255335 -0.044295 0.420486 0.466289 -0.295639 0.508835 -0.197277 -0.120516 -1.866330 -0.257089 0.589385 0.550037 -0.231603 0.413648 0.731945 -0.543336 -0.921741 89.000000
1.800000 -1.417107 -1.385396 -0.715649 -0.325268 0.736736 0.777475 -5.876725 -3.275093 -0.156444 -0.159243 3.795667 0.421585 0.999830 0.966381 -1.335171 1.826402 0.329485 0.365226 0.274798 -1.667736 -0.331007 -0.355162 -0.255191 -0.183139 -1.506764 -1.585580 19.863639 6.615801 -0.406490 -0.440677 5.138677 -8.126105 -0.393051 -0.534110 23.667562 -5.756811 2.133577 2.052389 13.647377 -4.679939 0.335611 0.279886 2.199886 1.935364 0.035459 -0.026451 -1.265904 -1.076975 0.106816 0.032096 17.265932 -0.733145 -0.782384 -0.830226 8.452601 -7.396996 -1.478212 -1.433879 -2.280981 -2.954745 1.231075 1.132706 4.819253 2.098127 -1.703650 -1.697354 0.718566 -2.893338 0.373994 0.409257 1.738494 0.733213 -0.346828 -0.335110 0.075386 -0.838655 -0.338250 -0.378346 -2.266071 -1.847867 -1.220131 -1.103519 -5.445091 -1.979848 0.367325 0.450132 -0.452770 2.275487 -0.213176 -0.131266 -1.421694 -0.817364 0.602974 0.562336 -0.183531 1.048966 0.750321 -0.537885 -0.923298 90.000000
1.820000 -1.498363 -1.434143 -5.025091 -0.715649 0.717392 0.760867 -6.265960 -4.836196 -0.193317 -0.193327 5.565301 1.040529 1.039578 1.031051 -8.347000 0.469181 0.312458 0.351811 -0.017030 -0.865989 -0.332776 -0.346602 -0.339076 -0.255191 -1.476985 -1.610952 30.126056 19.863639 -0.387336 -0.427972 6.344343 -14.403120 -0.341240 -0.507169 29.710675 -9.264443 2.156526 2.064926 17.098502 -8.412006 0.323110 0.273492 2.114431 5.235371 0.114640 0.014060 -1.487068 -1.265904 0.107241 0.024335 16.999348 4.406666 -0.753458 -0.817163 10.274813 -12.859267 -1.472628 -1.432192 -1.879998 -2.280981 1.201799 1.123612 4.716127 2.050344 -1.696037 -1.701694 0.678801 -2.768910 0.375827 0.392728 1.410804 0.831554 -0.353310 -0.339105 0.045789 -0.906940 -0.351713 -0.354826 -2.983722 -2.266071 -1.254096 -1.103897 -5.415478 -2.496160 0.313586 0.425876 -0.532305 2.948930 -0.174086 -0.140239 -0.486353 -0.619082 0.614918 0.574634 -0.189257 0.802613 0.767793 -0.526608 -0.927820 91.000000
1.840000 -1.575532 -1.492987 -7.797887 -5.025091 0.699036 0.746322 -7.483410 -5.915631 -0.228491 -0.235420 7.251265 0.350330 1.081778 1.101010 -13.795833 4.185795 0.301632 0.342518 -0.583454 -4.161204 -0.325552 -0.339383 -0.277652 -0.339076 -1.475674 -1.629721 33.161012 30.126056 -0.369270 -0.415904 7.736449 -18.027509 -0.320164 -0.490571 32.064508 -11.683166 2.170035 2.070083 19.378482 -10.075870 0.344525 0.270447 2.263454 7.022632 0.157799 0.063211 -2.169301 -1.487068 0.096659 0.027192 13.241219 3.362268 -0.720387 -0.793851 10.684182 -13.637080 -1.468247 -1.430073 -1.966156 -1.879998 1.163750 1.108862 4.690052 2.018663 -1.664163 -1.700358 0.870307 -2.697464 0.365927 0.379997 1.194961 0.682507 -0.349021 -0.342269 0.101293 -0.728296 -0.321758 -0.332800 -2.817169 -2.983722 -1.287944 -1.112741 -5.337240 -2.441587 0.279405 0.395951 -0.105044 2.973892 -0.133216 -0.139959 -0.445256 -0.148548 0.627404 0.586921 -0.184657 0.337805 0.780667 -0.510135 -0.938106 92.000000
1.860000 -1.627527 -1.551953 -6.892509 -7.797887 0.691279 0.736952 -7.979589 -7.367338 -0.256824 -0.271873 7.478598 0.116073 1.138393 1.165696 -14.297511 7.319171 0.310337 0.338848 -0.764562 -6.476662 -0.307542 -0.331232 -0.173281 -0.277652 -1.494410 -1.642392 31.112871 33.161012 -0.369003 -0.406340 6.528405 -19.900478 -0.326373 -0.480442 29.431798 -12.164029 2.182297 2.074221 20.911026 -11.323455 0.378454 0.273304 2.650680 8.055028 0.184105 0.112546 -2.571921 -2.169301 0.090050 0.031943 11.222710 1.278519 -0.674390 -0.759351 11.334183 -11.962700 -1.477054 -1.427992 -2.223898 -1.966156 1.128622 1.088463 4.870070 1.909873 -1.637506 -1.693123 0.872229 -2.780180 0.352057 0.367846 1.154492 0.546834 -0.341567 -0.343288 0.089926 -0.648127 -0.295473 -0.308221 -3.195202 -2.817169 -1.304749 -1.127086 -4.791239 -2.616098 0.253378 0.364556 0.061998 2.721142 -0.110447 -0.130769 -0.996522 -0.130300 0.641953 0.599505 -0.174148 0.314957 0.793930 -0.488768 -0.955480 93.000000
1.880000 -1.664362 -1.609711 -2.541337 -6.892509 0.704615 0.730430 -4.245219 -7.729093 -0.286482 -0.299043 5.706967 0.250496 1.209793 1.222743 -10.378498 7.700769 0.337265 0.340448 -0.488032 -6.596742 -0.297021 -0.321727 -0.218211 -0.173281 -1.557846 -1.650087 19.601198 31.112871 -0.418839 -0.408800 -0.734677 -17.980102 -0.372961 -0.477817 21.308082 -11.451696 2.148057 2.079112 12.944838 -12.369304 0.443265 0.284073 3.512729 8.541722 0.195728 0.154864 -2.501140 -2.571921 0.087979 0.035258 10.345213 -0.055737 -0.638488 -0.718260 9.737940 -11.278446 -1.509724 -1.431029 -2.155835 -2.223898 1.084816 1.063960 4.504315 1.998920 -1.620968 -1.682554 0.753096 -2.871150 0.361642 0.359027 1.226918 0.532283 -0.327928 -0.341348 0.074199 -0.622209 -0.266847 -0.281897 -3.228218 -3.195202 -1.301511 -1.144391 -3.742323 -2.426618 0.228135 0.334283 0.046778 2.364620 -0.101879 -0.117385 -1.479100 -0.411187 0.657693 0.612709 -0.175920 0.585335 0.808223 -0.463785 -0.976675 94.000000
1.900000 -1.712112 -1.671699 1.169399 -2.541337 0.706961 0.716217 1.258275 -4.976093 -0.330960 -0.324037 2.224319 -0.730874 1.266963 1.272176 -7.644528 5.541608 0.343866 0.344997 -0.537667 -4.836890 -0.299258 -0.313507 -0.269821 -0.218211 -1.626959 -1.655148 5.706161 19.601198 -0.479214 -0.436975 -1.778198 -10.286703 -0.470074 -0.491393 7.450306 -11.021379 2.107215 2.084818 3.631330 -9.008610 0.493657 0.308605 2.244962 3.936229 0.206257 0.182975 -1.499762 -2.501140 0.045943 0.038252 0.874275 0.303637 -0.639032 -0.683047 4.679848 -10.041577 -1.555851 -1.444839 -2.076206 -2.155835 1.027468 1.037693 3.574043 1.875610 -1.606996 -1.670429 0.630888 -2.628706 0.387676 0.358153 0.878331 0.576359 -0.320476 -0.337199 -0.016333 -0.650558 -0.218635 -0.256641 -2.048900 -3.228218 -1.259092 -1.160106 -1.812360 -1.894550 0.207482 0.305979 0.051465 1.847773 -0.114223 -0.105284 -1.925700 -0.651590 0.687712 0.628383 -0.120921 0.827510 0.816518 -0.439966 -0.992238 95.000000
1.920000 -1.779779 -1.733237 -0.845844 1.169399 0.688476 0.683987 5.502395 -0.483022 -0.375083 -0.351384 -1.156934 -1.741297 1.309943 1.316682 -7.714385 4.210459 0.339379 0.348718 -0.603614 -3.434069 -0.303184 -0.308574 -0.176626 -0.269821 -1.635774 -1.638950 -3.182657 5.706161 -0.524372 -0.506558 7.773288 -2.836054 -0.562341 -0.525739 -1.544208 -4.614252 2.114282 2.094908 1.965416 -3.436528 0.505224 0.347364 0.546546 0.194802 0.219784 0.198759 -0.527776 -1.499762 -0.013317 0.050779 -14.644650 -1.902787 -0.655363 -0.668786 1.042319 -2.777062 -1.575036 -1.455362 -3.589604 -2.076206 1.022742 1.010166 4.471283 1.471578 -1.596787 -1.658198 0.802343 -2.102465 0.391961 0.360616 0.937816 0.447332 -0.316672 -0.332463 -0.065020 -0.430999 -0.182056 -0.235108 -0.907506 -2.048900 -1.178700 -1.176765 2.220477 -0.931913 0.192483 0.280802 -0.035308 0.880447 -0.134693 -0.098344 -2.132175 -0.902389 0.716682 0.647394 -0.183664 1.023310 0.809170 -0.432229 -0.995341 96.000000
1.940000 -1.852126 -1.788860 -4.860232 -0.845844 0.649006 0.654951 2.427255 3.329664 -0.400864 -0.375518 -1.839357 -2.172731 1.349533 1.362150 -9.232496 4.293002 0.329193 0.350561 -0.787675 -3.421383 -0.308672 -0.306970 -0.094491 -0.176626 -1.610169 -1.604976 -6.828874 -3.182657 -0.567170 -0.580672 12.652779 -3.114540 -0.614099 -0.569611 -2.226479 4.658748 2.114284 2.107962 -0.543274 -1.377314 0.513796 0.389787 -0.432336 0.588102 0.237736 0.208688 -0.049983 -0.527776 -0.035453 0.058899 -19.313128 -7.843484 -0.657748 -0.659154 -1.186562 6.801166 -1.591992 -1.464356 -3.774818 -3.589604 1.029615 0.987303 4.566638 1.834470 -1.584037 -1.647715 1.047449 -2.636813 0.384628 0.359941 1.147749 0.501418 -0.311904 -0.327704 -0.067220 -0.436398 -0.134759 -0.214333 0.029710 -0.907506 -1.141181 -1.186009 2.040741 1.127893 0.191217 0.258266 0.518576 -1.092585 -0.149275 -0.096977 -1.968701 -0.974256 0.741987 0.668593 -0.256531 1.157920 0.802498 -0.429678 -1.000790 97.000000
1.960000 -1.897478 -1.840066 -4.335561 -4.860232 0.611783 0.629937 -0.122347 2.133306 -0.417191 -0.398633 -0.494769 -0.293949 1.392694 1.408567 -9.829078 5.184949 0.327691 0.351302 -0.791956 -4.047547 -0.314878 -0.307810 -0.051334 -0.094491 -1.562164 -1.560813 -7.203735 -6.828874 -0.619179 -0.641004 12.147912 -5.213150 -0.637947 -0.614603 1.537123 7.439629 2.123513 2.119089 -0.568102 0.583784 0.531292 0.429197 -0.647750 0.040509 0.253046 0.218662 -0.025793 -0.049983 -0.014962 0.060126 -14.829814 -9.063283 -0.644614 -0.649679 -0.456426 10.249845 -1.616387 -1.475005 -3.951280 -3.774818 1.029663 0.971463 4.237033 1.759594 -1.575966 -1.637907 1.042911 -2.807044 0.382700 0.358766 1.107650 0.607484 -0.303146 -0.322431 -0.048316 -0.540264 -0.086509 -0.189513 0.079922 0.029710 -1.160511 -1.184422 0.260101 0.761083 0.164158 0.235658 0.459003 -1.279658 -0.169338 -0.102418 -1.459932 -0.856085 0.766919 0.690976 -0.296567 1.112616 0.802427 -0.425846 -1.012282 98.000000
1.980000 -1.928024 -1.884278 -2.902512 -4.335561 0.573246 0.604170 -2.272869 0.186211 -0.436590 -0.422062 0.362292 0.308558 1.439320 1.453462 -9.158659 5.486331 0.321403 0.350708 -0.772312 -4.342747 -0.320843 -0.310376 -0.005538 -0.051334 -1.515675 -1.512719 -7.576057 -7.203735 -0.636909 -0.680655 12.963907 -6.842518 -0.660673 -0.650561 2.209214 5.305395 2.130058 2.126149 0.127667 0.751727 0.538890 0.462385 -0.679197 0.183625 0.265020 0.230117 -0.134633 -0.025793 -0.015577 0.056057 -12.968253 -7.186694 -0.624833 -0.636666 -0.145348 7.643120 -1.604582 -1.487096 -2.742215 -3.951280 1.023637 0.959227 4.607730 1.597061 -1.578663 -1.628837 0.720939 -2.639972 0.356418 0.353621 1.185808 0.577983 -0.286740 -0.315340 -0.028845 -0.529667 -0.043701 -0.158290 -0.237581 0.079922 -1.176390 -1.180224 -0.356192 -0.099451 0.118684 0.211632 -0.224995 -0.359552 -0.187764 -0.112540 -1.549746 -0.581683 0.789306 0.713809 -0.338612 0.878250 0.807959 -0.419926 -1.028628 99.000000
2.000000 -1.954580 -1.919495 -2.470642 -2.902512 0.536934 0.574064 -2.654931 -1.317581 -0.456470 -0.446926 1.723311 0.955288 1.471247 1.493630 -9.838042 5.136939 0.326915 0.350068 -0.714260 -4.021720 -0.328100 -0.314220 0.000449 -0.005538 -1.499444 -1.469710 -11.697869 -7.576057 -0.639082 -0.694427 11.468538 -7.586561 -0.682398 -0.670886 -0.426850 5.377346 2.138485 2.128598 1.819879 0.426547 0.549791 0.488263 -0.430549 0.554214 0.281302 0.242742 -0.124063 -0.134633 -0.008666 0.049106 -10.632761 -6.411453 -0.598643 -0.616479 0.216957 6.556800 -1.605567 -1.498999 -2.609972 -2.742215 1.010229 0.947702 4.029805 1.943396 -1.577294 -1.620189 0.471491 -2.664334 0.320924 0.341289 1.214330 0.607326 -0.261476 -0.304817 -0.028213 -0.578482 0.034529 -0.118203 -0.360987 -0.237581 -1.214596 -1.179794 -1.252228 -0.065598 0.058588 0.181602 -0.049555 0.290593 -0.216280 -0.127075 -1.098138 -0.605567 0.818155 0.737459 -0.310962 0.944179 0.817700 -0.410293 -1.048483 100.000000
2.020000 -1.976392 -1.947702 -1.958113 -2.470642 0.494200 0.534065 -1.142426 -2.189121 -0.483837 -0.474897 2.465118 0.465810 1.498136 1.525216 -9.293576 5.434716 0.330386 0.351031 -0.785608 -4.403325 -0.332343 -0.318728 0.037983 0.000449 -1.501038 -1.445035 -12.599154 -11.697869 -0.636181 -0.682591 5.510810 -5.520844 -0.700824 -0.675789 -4.909717 5.947694 2.135342 2.127819 1.922399 -0.599083 0.571010 0.509426 -0.001763 1.220795 0.306868 0.257151 -0.071155 -0.124063 0.000499 0.047589 -10.040990 -5.424859 -0.565909 -0.588721 0.235221 5.207902 -1.624648 -1.512025 -2.572158 -2.609972 0.994088 0.934538 4.273674 1.779157 -1.560576 -1.610721 0.447030 -2.250648 0.284165 0.322276 1.390852 0.621272 -0.235660 -0.290494 -0.099621 -0.593059 0.176133 -0.063213 0.348313 -0.360987 -1.285468 -1.186781 -2.260363 -0.601336 -0.008582 0.140885 0.565721 0.650892 -0.240009 -0.145365 -0.787056 -0.393588 0.861714 0.764249 -0.264253 0.704550 0.825950 -0.396757 -1.068275 101.000000
2.040000 -2.037914 -1.975725 -8.152012 -1.958113 0.433570 0.481728 -1.395765 -1.803772 -0.508884 -0.506532 3.996405 -0.661346 1.499815 1.546832 -11.817384 5.213997 0.332238 0.354717 -1.176936 -4.079579 -0.328926 -0.322163 0.048466 0.037983 -1.502415 -1.442756 -11.731849 -12.599154 -0.614633 -0.651611 2.620121 -0.300547 -0.714305 -0.680369 -5.852268 5.210263 2.124375 2.123677 0.805397 -0.959927 0.604979 0.529715 0.074610 0.962473 0.346181 0.275723 0.128789 -0.071155 0.012077 0.060148 -12.063681 -5.138105 -0.507472 -0.554074 3.801582 4.902884 -1.682501 -1.528564 -3.282472 -2.572158 0.944428 0.917623 3.881986 1.913322 -1.536347 -1.599471 0.777653 -2.360352 0.244266 0.299051 1.400219 0.745237 -0.204478 -0.272407 -0.144404 -0.645615 0.442621 0.027269 0.688015 0.348313 -1.408618 -1.209826 -3.705691 -1.413042 -0.075371 0.087948 1.666013 0.847321 -0.266305 -0.168322 -0.488386 -0.261401 0.915901 0.796513 -0.288395 0.525654 0.826233 -0.380270 -1.084210 102.000000
2.060000 -2.054585 -2.004900 -5.845458 -8.152012 0.391115 0.426895 0.760609 -2.696085 -0.531382 -0.536610 4.965945 -1.300320 1.507888 1.556818 -10.277675 6.758440 0.335506 0.360227 -1.274806 -5.058944 -0.349727 -0.326152 -0.207970 0.048466 -1.495167 -1.446037 -9.190503 -11.731849 -0.582153 -0.614765 0.841358 1.616073 -0.712554 -0.687818 -3.837382 4.236195 2.108507 2.117475 -0.690463 -0.456567 0.628479 0.554078 -0.295902 0.348830 0.347027 0.294801 -0.215597 0.128789 0.049397 0.083940 -10.987723 -7.932631 -0.449943 -0.510268 5.166175 4.131050 -1.760301 -1.552217 -4.371724 -3.282472 0.864991 0.893123 2.754982 1.552167 -1.557619 -1.592229 0.735749 -2.329820 0.230647 0.278869 0.918065 0.772312 -0.177816 -0.251489 -0.236193 -0.627907 0.652820 0.158070 -1.418129 0.688015 -1.511742 -1.252111 -2.953958 -2.685852 -0.136369 0.030859 1.462799 1.019839 -0.293971 -0.192760 -0.468520 -0.099995 0.953356 0.832249 -0.483613 0.388390 0.820861 -0.361369 -1.098885 103.000000
2.080000 -2.053637 -2.031372 -0.842901 -5.845458 0.353378 0.374320 3.505790 -2.102668 -0.572315 -0.565554 2.912577 -2.863277 1.534082 1.557627 -4.430846 6.059247 0.300157 0.359240 -1.185544 -4.218427 -0.367971 -0.333652 -0.140227 -0.207970 -1.490553 -1.452998 -6.343655 -9.190503 -0.539029 -0.572046 0.093823 1.498012 -0.707742 -0.694109 -1.946215 2.339370 2.115236 2.111052 1.561458 0.558873 0.606511 0.574648 -0.684336 -0.131590 0.338804 0.309753 -0.381198 -0.215597 0.106449 0.112508 -5.704397 -8.076949 -0.418542 -0.461592 1.401961 2.910774 -1.808994 -1.585334 -3.563121 -4.371724 0.772473 0.861927 1.278322 1.009616 -1.583876 -1.592992 0.830564 -1.745365 0.206507 0.258988 0.827664 0.577129 -0.148098 -0.228485 -0.270408 -0.340936 0.697951 0.298656 -4.200273 -1.418129 -1.481937 -1.289898 -2.714998 -2.208379 -0.249318 -0.028696 0.041036 0.745579 -0.318673 -0.213571 -1.216700 0.007546 0.975857 0.866955 -0.591646 0.476066 0.812133 -0.339567 -1.115088 104.000000
2.100000 -2.076764 -2.052370 -2.208484 -0.842901 0.311561 0.322468 5.391802 0.296606 -0.601407 -0.592898 1.850530 -3.209183 1.533297 1.553422 -2.976125 3.071385 0.247338 0.345323 -1.002830 -1.359461 -0.369845 -0.342899 0.093602 -0.140227 -1.486392 -1.460952 -3.988926 -6.343655 -0.491453 -0.527385 0.706361 0.926196 -0.708940 -0.702406 0.128749 1.020019 2.100530 2.107444 -0.967457 -0.286638 0.576810 0.586495 -1.082900 1.274820 0.358609 0.323878 -0.395081 -0.381198 0.119665 0.141204 -8.392335 -3.553179 -0.422621 -0.419339 -6.081750 2.151218 -1.848900 -1.625251 -2.736908 -3.563121 0.721595 0.829331 0.358002 0.223879 -1.599705 -1.598519 0.888826 -1.054443 0.210099 0.242722 0.824392 0.549036 -0.140425 -0.206504 -0.416620 -0.278628 0.732590 0.422584 -4.400414 -4.200273 -1.418536 -1.313238 -1.601126 -1.378017 -0.337741 -0.090580 -0.674859 1.336981 -0.332749 -0.232820 -1.148252 -0.312527 0.994726 0.898405 -0.570108 0.904173 0.801041 -0.316389 -1.131783 105.000000
2.120000 -2.110409 -2.066921 -6.878984 -2.208484 0.253212 0.271271 3.874145 1.770636 -0.618452 -0.612701 1.068737 -3.621166 1.506230 1.542088 -4.859433 2.212106 0.187494 0.319689 -1.006709 -0.764019 -0.374270 -0.351458 0.113429 0.093602 -1.450262 -1.463844 2.523293 -3.988926 -0.445978 -0.486611 2.502520 -0.417555 -0.705530 -0.714807 3.809442 0.288806 2.110977 2.104122 1.956295 1.265582 0.599828 0.591027 0.045730 0.298125 0.367192 0.338457 -0.542773 -0.395081 0.122182 0.166266 -12.167123 -1.155292 -0.415467 -0.389719 -8.810606 7.237042 -1.890198 -1.668881 -2.187231 -2.736908 0.693912 0.797005 0.743634 -0.265412 -1.622198 -1.606908 0.748983 -0.623414 0.228108 0.234840 0.605529 0.620506 -0.151474 -0.190148 -0.463677 -0.203886 0.801374 0.523789 -2.536834 -4.400414 -1.376528 -1.326868 -0.255256 -0.463133 -0.358376 -0.150113 0.078443 1.137993 -0.337587 -0.250928 -0.906090 -0.289072 1.013559 0.926633 -0.507524 0.859180 0.790443 -0.295097 -1.146149 106.000000
2.140000 -2.133142 -2.077689 -9.557768 -6.878984 0.206382 0.223063 3.365897 1.402704 -0.618444 -0.621285 0.991217 -2.471441 1.468904 1.518675 -5.525238 3.156560 0.174395 0.290113 -0.551156 -1.702873 -0.384701 -0.359400 0.018832 0.113429 -1.419482 -1.460611 7.653177 2.523293 -0.436525 -0.455264 -0.055451 -3.155981 -0.647712 -0.727302 18.053676 -0.653461 2.099814 2.100243 0.377392 -1.011165 0.614915 0.593075 0.478540 0.945130 0.332934 0.350653 -1.659847 -0.542773 0.192050 0.187251 -1.931632 -1.678259 -0.374836 -0.369842 -3.520746 10.488864 -1.944638 -1.715305 -2.130070 -2.187231 0.666784 0.762678 1.368143 -0.002674 -1.644505 -1.618018 0.698239 -0.746308 0.249605 0.233859 0.615008 0.534603 -0.153469 -0.179434 -0.294286 -0.070926 0.845177 0.609478 -2.519389 -2.536834 -1.364295 -1.337230 0.309131 -0.166849 -0.410144 -0.206385 0.010827 0.088406 -0.342083 -0.266845 -0.800085 -0.199283 1.027309 0.951679 -0.472085 0.706807 0.781609 -0.276491 -1.156760 107.000000
2.160000 -2.078840 -2.081461 0.493967 -9.557768 0.170770 0.176511 5.487640 1.187340 -0.585530 -0.612072 2.545354 -2.178557 1.498153 1.490923 5.024940 3.160554 0.149099 0.256586 0.408308 -2.364685 -0.407247 -0.368681 -0.130803 0.018832 -1.384364 -1.461385 16.365462 7.653177 -0.484081 -0.446672 -7.284194 -8.999112 -0.511235 -0.731177 42.957352 -9.054563 2.062650 2.101800 -8.616968 -0.534202 0.610865 0.601338 -1.139152 -0.156810 0.267872 0.362238 -4.044122 -1.659847 0.347465 0.200164 28.730954 0.794557 -0.310256 -0.357805 7.844232 2.726189 -1.965246 -1.760295 -1.617619 -2.130070 0.635053 0.725433 2.041565 0.334952 -1.656176 -1.629813 0.672365 -1.033191 0.293946 0.242696 0.470177 0.454647 -0.159183 -0.172842 -0.214879 -0.160361 0.840933 0.686807 -4.835507 -2.519389 -1.420940 -1.347443 -1.238175 0.149152 -0.502805 -0.263905 -0.931338 -0.159979 -0.369139 -0.282168 -1.153629 -0.164000 1.026115 0.971872 -0.480460 0.636085 0.779367 -0.260788 -1.163749 108.000000
2.180000 -2.060772 -2.079083 3.116214 0.493967 0.173820 0.143434 9.669413 1.471143 -0.583877 -0.592062 -1.272234 -4.016497 1.485695 1.471490 5.221512 -2.807268 0.112866 0.217291 0.909348 2.217672 -0.433156 -0.381736 -0.073163 -0.130803 -1.371137 -1.470577 21.238356 16.365462 -0.485102 -0.446286 -8.135979 -17.836579 -0.435428 -0.717107 53.766457 -25.120773 2.044716 2.108560 -13.865221 5.130951 0.541465 0.616645 -3.772326 -3.486017 0.233233 0.375946 -5.699023 -4.044122 0.423151 0.203244 43.372208 10.443361 -0.288283 -0.340456 7.183345 -18.287593 -1.960323 -1.798068 -1.599818 -1.617619 0.623713 0.689132 2.348852 0.684600 -1.648946 -1.638466 0.575692 -1.356965 0.334537 0.258426 0.660790 0.342528 -0.166356 -0.169746 -0.145721 -0.127649 0.873688 0.757620 -5.334517 -4.835507 -1.491641 -1.365957 -1.133157 -0.153419 -0.570678 -0.323776 -0.950871 1.084757 -0.351821 -0.294607 -0.833937 -0.336584 1.020826 0.986172 -0.397095 0.817044 0.792725 -0.238145 -1.176965 109.000000
2.200000 -2.114350 -2.082961 -4.924278 3.116214 0.172950 0.129894 9.984310 5.470824 -0.589461 -0.576762 -4.572430 -4.198590 1.459612 1.457870 2.233852 -3.267305 0.106654 0.180674 1.074634 1.954207 -0.425803 -0.395373 0.330560 -0.073163 -1.400373 -1.481008 18.179475 21.238356 -0.457977 -0.434255 -7.918417 -22.815239 -0.431901 -0.703540 52.535317 -30.951218 2.052980 2.115043 -13.272015 9.656229 0.514727 0.628216 -4.224199 -4.208991 0.230255 0.389873 -6.085125 -5.699023 0.448829 0.217777 42.756658 18.094432 -0.312121 -0.317623 -1.712693 -25.277777 -1.995154 -1.829702 -1.911370 -1.599818 0.665473 0.665259 2.460400 0.886580 -1.628606 -1.641837 0.701389 -1.462272 0.365408 0.274274 1.208210 0.403256 -0.174575 -0.169565 -0.083929 -0.257535 0.980651 0.822829 -3.061430 -5.334517 -1.526070 -1.404890 2.543702 -0.091143 -0.577486 -0.382380 0.546401 1.042014 -0.340129 -0.301210 -0.920973 -0.218421 1.029081 0.997030 -0.217109 0.615516 0.807316 -0.199870 -1.200778 110.000000
2.220000 -2.135579 -2.095966 -5.742177 -4.924278 0.151662 0.118551 8.553775 7.278370 -0.570265 -0.559476 -5.241935 -2.705940 1.454726 1.447367 2.764434 -1.892812 0.094230 0.151462 0.915580 0.341040 -0.415226 -0.404812 0.417076 0.330560 -1.421003 -1.499284 18.522585 18.179475 -0.446349 -0.409686 -10.789509 -22.308450 -0.432860 -0.690620 49.513557 -30.226867 2.054644 2.120288 -13.913328 9.685879 0.559741 0.637195 -3.322930 -3.586136 0.242165 0.400680 -5.625173 -6.085125 0.455927 0.247066 37.035407 22.234675 -0.309354 -0.310458 0.561299 -20.521982 -2.021938 -1.862030 -1.532612 -1.911370 0.734137 0.658174 3.041042 0.879505 -1.614959 -1.640478 0.593365 -1.580895 0.400279 0.293998 0.998857 0.646069 -0.186334 -0.172117 -0.047610 -0.562140 1.067230 0.883952 -0.958092 -3.061430 -1.563183 -1.464633 6.144789 0.998650 -0.549168 -0.432126 2.450761 -1.545051 -0.373350 -0.308614 -0.334274 -0.351932 1.038007 1.006524 0.057454 0.569041 0.812754 -0.158946 -1.221962 111.000000
2.240000 -2.138381 -2.109192 -4.087206 -5.742177 0.140037 0.108647 7.381221 6.897855 -0.539405 -0.531825 -6.183204 -1.655920 1.435517 1.437200 1.385988 -2.043266 0.075913 0.127740 0.622738 0.721168 -0.421390 -0.410912 0.232132 0.417076 -1.443176 -1.520516 18.597139 18.522585 -0.431713 -0.390516 -10.414133 -19.362024 -0.426802 -0.672444 46.053051 -30.151533 2.031759 2.124482 -19.028311 9.355819 0.587788 0.653222 -3.982667 -4.557509 0.249468 0.406895 -5.125272 -5.625173 0.449176 0.274231 31.473382 18.237054 -0.302903 -0.317916 4.432075 -18.798353 -2.026208 -1.893307 -0.844219 -1.532612 0.769159 0.663039 3.045779 1.223839 -1.599450 -1.635044 0.357421 -1.817203 0.423346 0.317911 0.656174 0.523234 -0.200944 -0.177440 -0.010759 -0.475624 1.101286 0.935825 -1.078501 -0.958092 -1.591111 -1.533954 8.141377 1.847014 -0.545930 -0.472237 1.672580 -4.297775 -0.402770 -0.327098 -0.551557 -0.195864 1.038918 1.013849 -0.079941 0.138410 0.819452 -0.121349 -1.237856 112.000000
2.260000 -2.142204 -2.119366 -3.309387 -4.087206 0.141249 0.105628 7.365517 6.782212 -0.510262 -0.496657 -8.089977 -0.599008 1.434760 1.426295 3.146199 -1.142611 0.073087 0.108041 0.750452 0.243377 -0.422553 -0.415679 0.230944 0.232132 -1.459832 -1.542760 19.959771 18.597139 -0.398394 -0.376328 -6.924016 -17.819459 -0.417559 -0.647445 41.891982 -28.233592 2.038756 2.127062 -17.896248 12.389641 0.601075 0.674929 -4.385278 -6.638670 0.258831 0.409467 -4.648344 -5.125272 0.438999 0.291244 27.549572 13.520653 -0.329400 -0.328864 1.850768 -17.952729 -2.031880 -1.920806 -0.699569 -0.844219 0.782263 0.673276 2.636079 1.344179 -1.575475 -1.625196 0.288873 -1.701600 0.440871 0.342237 0.351656 0.333467 -0.216580 -0.185332 0.037537 -0.322707 1.114799 0.983485 -0.923781 -1.078501 -1.600946 -1.601967 10.046250 3.234399 -0.554147 -0.495477 0.718030 -4.906978 -0.392589 -0.338311 -0.807372 -0.235808 1.027629 1.018904 -0.132611 0.315749 0.834078 -0.083013 -1.251344 113.000000
2.280000 -2.136057 -2.124640 -1.886111 -3.309387 0.139222 0.107219 6.110190 7.727747 -0.476979 -0.460826 -8.241666 0.362230 1.428268 1.418431 2.903639 -2.114926 0.058816 0.091023 0.641042 1.031273 -0.420396 -0.419159 0.254549 0.230944 -1.476625 -1.563220 19.993907 19.959771 -0.369083 -0.357968 -5.276283 -17.483983 -0.399623 -0.617987 39.253416 -24.407999 2.041705 2.127139 -16.868287 12.114295 0.642675 0.698205 -4.052756 -5.781953 0.261346 0.409180 -4.283573 -4.648344 0.435214 0.299039 26.420867 12.849402 -0.338668 -0.340817 2.132898 -14.700170 -2.025743 -1.940897 -0.955371 -0.699569 0.798016 0.684035 3.013871 1.173603 -1.551414 -1.611378 0.149928 -1.462476 0.468575 0.368258 0.256320 0.157059 -0.228355 -0.194813 0.104450 -0.194597 1.124856 1.013403 1.073658 -0.923781 -1.611676 -1.664207 10.858804 4.664110 -0.549122 -0.516918 1.802868 -5.382140 -0.368110 -0.346738 0.100060 -0.337380 1.012664 1.019098 -0.056352 0.469991 0.854413 -0.045314 -1.264838 114.000000
2.300000 -2.119342 -2.121953 -0.451631 -1.886111 0.139032 0.110487 5.250440 7.175928 -0.430441 -0.424995 -6.360033 1.065738 1.407889 1.409369 1.392379 -1.914652 0.043682 0.075906 0.459663 0.988987 -0.411631 -0.420313 0.263147 0.254549 -1.511228 -1.581223 16.550201 19.993907 -0.343233 -0.337098 -4.455253 -16.988566 -0.368919 -0.584828 38.089304 -22.264850 2.048520 2.124947 -14.799068 11.360233 0.679033 0.723367 -3.874351 -5.508054 0.260452 0.407121 -4.142454 -4.283573 0.443765 0.300028 28.776728 12.143984 -0.346455 -0.351557 2.531365 -14.276882 -2.024324 -1.953916 -1.218930 -0.955371 0.835345 0.693901 4.082510 1.431972 -1.536571 -1.595462 -0.049229 -1.581900 0.509234 0.395700 0.560961 0.075935 -0.240633 -0.205120 0.128901 -0.180385 1.112765 1.028251 1.890526 1.073658 -1.624471 -1.717152 11.144044 4.527968 -0.552586 -0.536724 2.059130 -6.330836 -0.322165 -0.351281 1.765274 0.078206 1.001115 1.016282 -0.119294 -0.021854 0.879029 -0.008502 -1.278124 115.000000
2.320000 -2.101564 -2.110595 -0.344006 -0.451631 0.143163 0.115525 4.753557 5.805237 -0.386412 -0.386861 -5.542056 0.554796 1.400343 1.396884 2.583569 -1.028066 0.006878 0.059286 0.238572 0.364312 -0.402777 -0.418500 0.186782 0.263147 -1.529757 -1.598552 16.200806 16.550201 -0.313990 -0.315143 -3.247168 -16.817026 -0.329770 -0.546334 37.366974 -21.272279 2.090275 2.123418 -6.497064 10.196815 0.704882 0.743721 -2.747126 -4.602253 0.264499 0.405415 -4.075931 -4.142454 0.449188 0.296211 31.226750 13.122682 -0.347581 -0.360138 3.626116 -15.654046 -2.023075 -1.961805 -1.576196 -1.218930 0.902052 0.706472 5.502767 2.065870 -1.527178 -1.579966 -0.089241 -2.016641 0.558514 0.426138 0.807410 0.216030 -0.248488 -0.215432 0.166633 -0.344931 1.080113 1.034035 1.480943 1.890526 -1.621123 -1.764849 12.825752 4.542457 -0.562409 -0.551453 1.325861 -6.601587 -0.232773 -0.355917 5.633280 0.942284 0.989844 1.012638 -0.361746 -0.822990 0.908154 0.028940 -1.290908 116.000000
2.340000 -2.102320 -2.094262 -4.069010 -0.344006 0.151300 0.121917 5.030230 5.147806 -0.348188 -0.346063 -6.381044 0.394250 1.384172 1.383990 1.905794 -1.464033 -0.025654 0.039084 0.170181 1.119535 -0.399115 -0.414790 0.070869 0.186782 -1.571962 -1.615767 11.341565 16.200806 -0.297786 -0.293116 -4.374788 -17.059903 -0.282588 -0.502517 37.357891 -20.307071 2.112456 2.124610 -2.676652 5.231957 0.729584 0.755072 -1.580362 -1.265107 0.270571 0.405798 -4.170277 -4.075931 0.457933 0.289786 34.398081 13.800317 -0.355115 -0.367288 3.438572 -17.426433 -2.016064 -1.967018 -1.224981 -1.576196 0.980170 0.726822 6.424665 2.796004 -1.525972 -1.566798 -0.162121 -2.706763 0.615139 0.460251 1.111867 0.320389 -0.257593 -0.225389 0.157505 -0.487022 1.025111 1.031985 0.615146 1.480943 -1.595444 -1.811744 15.596078 5.749946 -0.576244 -0.559990 0.330707 -7.075806 -0.097442 -0.361054 11.330715 2.997513 0.981032 1.008935 -0.570226 -2.635767 0.941348 0.068622 -1.303872 117.000000
2.360000 -2.090504 -2.077589 -4.915447 -4.069010 0.162847 0.127237 6.570145 5.705637 -0.313990 -0.304479 -7.795107 0.675407 1.381759 1.373984 2.662186 -1.075768 -0.052512 0.016101 0.301161 0.830026 -0.397268 -0.410775 0.029010 0.070869 -1.598288 -1.634022 9.815707 11.341565 -0.282382 -0.272114 -5.223017 -16.491551 -0.232988 -0.453743 36.772957 -20.866339 2.135431 2.128932 0.496228 2.479347 0.734915 0.758371 -0.643277 -0.197305 0.273537 0.408298 -4.267135 -4.170277 0.450924 0.284018 33.994225 15.479754 -0.367662 -0.373322 1.966136 -18.918326 -1.987504 -1.969772 -0.485886 -1.224981 1.049924 0.757040 6.595074 3.293393 -1.532549 -1.556502 -0.340186 -3.131272 0.664980 0.498331 1.024064 0.477181 -0.271001 -0.235661 0.132005 -0.634686 0.960670 1.021796 -0.444667 0.615146 -1.555910 -1.854970 18.275115 7.632685 -0.592354 -0.567269 0.028448 -7.963393 0.051066 -0.367667 17.672674 5.950470 0.973363 1.005218 -0.712171 -5.380245 0.977093 0.111091 -1.316058 118.000000
2.380000 -2.071605 -2.061258 -4.436423 -4.915447 0.181884 0.131186 9.665267 7.182626 -0.281796 -0.263433 -9.473542 0.612481 1.372623 1.367556 1.820908 -1.548532 -0.062382 -0.006886 0.513876 1.113655 -0.394267 -0.407258 0.074737 0.029010 -1.623256 -1.652774 8.554093 9.815707 -0.264411 -0.251336 -5.708464 -15.774970 -0.181074 -0.399876 35.652658 -20.997987 2.142858 2.136751 -0.063115 0.216332 0.703839 0.752645 -0.569688 0.712560 0.276216 0.410979 -4.254157 -4.267135 0.438566 0.280201 31.814099 16.014044 -0.387734 -0.378683 -1.073930 -17.980180 -1.950140 -1.967320 -0.126820 -0.485886 1.107834 0.796244 6.067132 3.467630 -1.538706 -1.549359 -0.436756 -3.127444 0.706158 0.538576 0.826624 0.446029 -0.283831 -0.246588 0.146410 -0.578034 0.883975 1.005490 -2.052465 -0.444667 -1.522913 -1.893707 20.313380 9.123333 -0.611613 -0.577264 0.406928 -9.151782 0.198931 -0.374795 23.978353 9.192423 0.966998 1.001324 -0.775125 -8.480251 1.014728 0.155793 -1.327872 119.000000
2.400000 -2.063578 -2.045384 -5.807533 -4.436423 0.193161 0.135133 11.067707 9.569405 -0.245480 -0.222595 -10.371532 -0.095863 1.365339 1.362678 1.133270 -1.281473 -0.061683 -0.025814 0.557405 0.539436 -0.390187 -0.404113 0.120861 0.074737 -1.648325 -1.670663 6.998897 8.554093 -0.252208 -0.233475 -6.236534 -14.972097 -0.135592 -0.342536 32.855806 -20.680561 2.138732 2.146827 -3.118097 0.442872 0.682463 0.744236 -1.080027 0.379757 0.287326 0.407387 -2.891941 -4.254157 0.414982 0.280513 26.344211 16.444015 -0.404506 -0.383334 -3.650506 -15.370084 -1.912722 -1.957281 -0.219525 -0.126820 1.167774 0.843401 5.523376 3.251944 -1.553389 -1.546221 -0.461939 -2.815188 0.744309 0.579681 0.615638 0.340107 -0.293516 -0.257642 0.176251 -0.486517 0.781762 0.983194 -4.329809 -2.052465 -1.505289 -1.926370 21.351543 9.953226 -0.631446 -0.593297 1.257502 -10.360154 0.347314 -0.383322 30.519296 12.376739 0.961732 0.997323 -0.818757 -11.601614 1.053468 0.201843 -1.339445 120.000000
2.420000 -2.063686 -2.033052 -7.553790 -5.807533 0.199335 0.140116 11.057640 10.719620 -0.205209 -0.181638 -10.566240 -0.348087 1.367916 1.361926 0.866118 -0.969081 -0.074299 -0.040420 0.286636 0.164188 -0.388324 -0.401140 0.108287 0.120861 -1.667318 -1.688292 6.650062 6.998897 -0.238285 -0.219428 -5.462745 -13.309636 -0.101874 -0.281162 26.612663 -19.546170 2.140969 2.158048 -5.085494 2.338828 0.664177 0.736985 -1.485612 -0.779269 0.300908 0.399553 -2.103744 -2.891941 0.376166 0.285350 17.209536 14.997359 -0.417873 -0.386243 -5.892268 -11.346853 -1.862844 -1.938746 -0.152244 -0.219525 1.248236 0.897115 5.693913 2.992657 -1.579207 -1.548868 -0.360653 -2.530719 0.783027 0.620750 0.622010 0.219694 -0.303414 -0.268467 0.175654 -0.395944 0.642134 0.953062 -7.350297 -4.329809 -1.506500 -1.953862 22.227874 10.047020 -0.646507 -0.614030 1.568313 -11.304523 0.468685 -0.393926 35.897703 15.669027 0.963982 0.994180 -0.802474 -14.850270 1.093270 0.249199 -1.350759 121.000000
2.440000 -2.067092 -2.027613 -8.110926 -7.553790 0.211439 0.148030 11.378488 10.811940 -0.164434 -0.139877 -10.907793 -0.245700 1.369153 1.366846 -0.552108 -0.640010 -0.082480 -0.051836 0.070462 0.226108 -0.383033 -0.398037 0.138429 0.108287 -1.703738 -1.707537 3.771978 6.650062 -0.229819 -0.208117 -5.919025 -10.574959 -0.077163 -0.214576 17.847647 -16.037704 2.131307 2.169687 -9.451700 3.615359 0.632123 0.730908 -2.556719 -1.470135 0.318334 0.390921 -1.201710 -2.103744 0.332968 0.290900 7.366953 11.550902 -0.436372 -0.388771 -9.191951 -5.658634 -1.809471 -1.914390 0.221089 -0.152244 1.337829 0.955399 6.371127 3.027283 -1.603488 -1.557611 -0.234036 -2.666630 0.823143 0.660476 0.804622 0.223178 -0.309098 -0.278512 0.190298 -0.398832 0.483609 0.913981 -10.902557 -7.350297 -1.524996 -1.984061 22.992726 10.329781 -0.652621 -0.631056 1.530764 -11.898093 0.561012 -0.403117 39.816253 18.350088 0.971717 0.992978 -0.785286 -17.547614 1.134414 0.298012 -1.361320 122.000000
2.460000 -2.061590 -2.029024 -5.861620 -8.110926 0.221890 0.159856 10.515165 11.143141 -0.118582 -0.096225 -10.743367 -0.235348 1.376919 1.374993 -0.920693 0.225181 -0.085980 -0.060567 -0.002944 -0.326927 -0.375508 -0.394234 0.159086 0.138429 -1.725787 -1.730186 4.392370 3.771978 -0.220440 -0.200149 -5.134248 -5.964311 -0.052804 -0.148545 9.452671 -11.883336 2.119137 2.182852 -14.678042 6.571801 0.605835 0.728212 -3.480143 -2.879899 0.331285 0.381383 -0.564791 -1.201710 0.284678 0.293456 -2.050113 8.279452 -0.446565 -0.391050 -10.821092 0.912499 -1.750524 -1.884993 0.644473 0.221089 1.422961 1.015671 7.280817 3.302581 -1.625297 -1.570190 -0.159420 -3.068546 0.855843 0.697630 1.092038 0.307162 -0.313879 -0.287368 0.173494 -0.497460 0.330650 0.866886 -14.013393 -10.902557 -1.555973 -2.016563 23.349088 10.730981 -0.645459 -0.640823 0.756145 -12.261745 0.614011 -0.410800 40.000000 20.300769 0.977770 0.993799 -0.851936 -19.515483 1.177384 0.347077 -1.369409 123.000000
2.480000 -2.057194 -2.034793 -3.381869 -5.861620 0.228930 0.175836 8.180550 10.629266 -0.069381 -0.052399 -9.548562 0.114101 1.384408 1.383399 -0.933059 0.462473 -0.088061 -0.067356 -0.024334 -0.458221 -0.370564 -0.389677 0.110715 0.159086 -1.728000 -1.754688 8.813480 4.392370 -0.206389 -0.191892 -4.260196 -2.159211 -0.020575 -0.082838 3.164818 -7.293460 2.108088 2.194214 -18.453792 9.851685 0.598288 0.727430 -3.851611 -4.826358 0.342971 0.373453 -0.218578 -0.564791 0.243764 0.290417 -8.699385 4.385490 -0.442426 -0.390935 -10.525872 6.435602 -1.685831 -1.849127 0.709592 0.644473 1.495277 1.074161 8.289588 3.720119 -1.643568 -1.584622 -0.122039 -3.560699 0.883809 0.731586 1.367338 0.459272 -0.319288 -0.295225 0.145714 -0.632766 0.205296 0.814216 -16.331717 -14.013393 -1.592723 -2.049316 23.034439 11.296471 -0.627832 -0.640062 -0.184114 -12.052617 0.631325 -0.415556 40.000000 20.425968 0.979499 0.995678 -0.941731 -19.574032 1.221649 0.396326 -1.374781 124.000000
2.500000 -2.051100 -2.040917 -1.233044 -3.381869 0.237207 0.193734 6.251737 8.864556 -0.017401 -0.009119 -7.885075 0.684006 1.385382 1.388017 -0.865794 0.484099 -0.089172 -0.072624 -0.034126 -0.448961 -0.367901 -0.384855 0.044042 0.110715 -1.717196 -1.773543 13.012894 8.813480 -0.189576 -0.180246 -3.406279 0.547689 0.012549 -0.022560 -0.946031 -3.712507 2.106972 2.194462 -16.585591 12.007759 0.612723 0.726043 -3.273469 -6.446033 0.351944 0.367910 -0.037530 -0.218578 0.214939 0.282073 -12.027403 0.913244 -0.433608 -0.388321 -9.406307 9.612628 -1.620741 -1.805556 0.405944 0.709592 1.556058 1.128497 9.208946 4.205814 -1.663297 -1.600336 -0.070333 -4.083774 0.914700 0.763316 1.656186 0.610812 -0.325491 -0.302493 0.124061 -0.756526 0.107739 0.759758 -18.027982 -16.331717 -1.626701 -2.079697 22.367646 11.609276 -0.599112 -0.629129 -0.942496 -11.425163 0.629110 -0.416099 40.000000 20.470866 0.974948 0.997063 -1.019955 -19.529134 1.265093 0.444828 -1.377792 125.000000
2.520000 -2.052003 -2.044506 -1.058604 -1.233044 0.243797 0.209579 4.842570 7.068406 0.031716 0.034524 -6.837723 0.816669 1.382781 1.386963 -0.357407 0.457536 -0.098189 -0.077382 -0.143260 -0.408258 -0.367289 -0.380391 -0.011798 0.044042 -1.718460 -1.781037 12.867452 13.012894 -0.174516 -0.166947 -3.522215 2.176155 0.040470 0.025937 -3.167691 -1.230124 2.117068 2.183145 -11.085327 10.656240 0.645611 0.724913 -2.341377 -5.929351 0.358778 0.364817 0.030159 -0.037530 0.196636 0.269350 -12.506965 -1.310548 -0.426325 -0.387218 -7.769521 10.716855 -1.560497 -1.755829 0.106370 0.405944 1.616949 1.180077 9.736443 4.639639 -1.678031 -1.616871 0.052772 -4.569306 0.958177 0.795646 1.810267 0.766062 -0.334211 -0.309754 0.101598 -0.890123 0.029124 0.705431 -19.054390 -18.027982 -1.665858 -2.105889 21.181780 11.655071 -0.569104 -0.609901 -1.593760 -10.712575 0.612966 -0.413263 40.000000 20.509977 0.970595 0.997330 -1.119092 -19.490023 1.305607 0.489031 -1.379320 126.000000
2.540000 -2.052623 -2.046178 -0.996593 -1.058604 0.254314 0.222444 4.795092 5.840146 0.074069 0.077825 -6.865605 0.997577 1.377692 1.381264 0.368188 0.282137 -0.117967 -0.083854 -0.266627 -0.075270 -0.366240 -0.376682 -0.011641 -0.011798 -1.719707 -1.781487 12.544237 12.867452 -0.164561 -0.150558 -5.802170 3.344953 0.072664 0.066486 -4.027803 -0.177262 2.130363 2.164178 -4.220530 7.233138 0.678970 0.721763 -1.083390 -3.852189 0.362452 0.363188 0.068028 0.030159 0.183778 0.252847 -11.275481 -2.368722 -0.418159 -0.387919 -5.875627 10.138243 -1.492635 -1.700695 -0.162531 0.106370 1.677581 1.231635 9.949445 4.841836 -1.682321 -1.632196 0.176277 -4.894607 1.014716 0.832586 1.870939 0.854334 -0.348366 -0.318021 0.079250 -0.955932 -0.035228 0.653525 -19.976071 -19.054390 -1.706566 -2.129557 20.240543 11.387770 -0.541911 -0.585103 -2.148942 -9.794010 0.595906 -0.414390 40.000000 20.559546 0.968823 0.998911 -1.512338 -19.440454 1.343164 0.528776 -1.380053 127.000000
2.560000 -2.064072 -2.050012 -1.720668 -0.996593 0.277077 0.235718 6.156763 5.830348 0.104987 0.117542 -7.724925 1.035257 1.380176 1.376553 1.263097 0.008410 -0.145031 -0.094369 -0.292598 0.376599 -0.367461 -0.374075 -0.002364 -0.011641 -1.720626 -1.782075 13.235327 12.544237 -0.167164 -0.131687 -11.046048 4.914987 0.115697 0.101861 -2.421988 -0.887184 2.140230 2.149092 -0.079257 2.892473 0.702722 0.718813 0.084067 -1.328058 0.360103 0.362489 0.023901 0.068028 0.170490 0.231940 -9.054221 -2.699927 -0.403038 -0.386890 -3.796284 8.575554 -1.422859 -1.640812 -0.349158 -0.162531 1.733378 1.285003 9.657750 4.886584 -1.676842 -1.644155 0.244964 -5.062861 1.069636 0.873714 1.833040 0.895844 -0.368367 -0.328462 0.076108 -0.975095 -0.066056 0.603708 -19.368382 -19.976071 -1.750029 -2.149792 18.712691 11.194743 -0.507179 -0.557583 -2.041382 -9.045800 0.583398 -0.417225 40.000000 20.756169 0.969065 1.001058 -1.588320 -19.243831 1.378697 0.567130 -1.380745 128.000000
2.580000 -2.075198 -2.060591 -0.579612 -1.720668 0.295889 0.250716 6.658256 6.940844 0.124037 0.146906 -7.074606 0.784081 1.384151 1.378320 -0.918078 -0.420292 -0.161601 -0.110494 1.263280 0.842804 -0.368459 -0.374055 0.925980 -0.002364 -1.732126 -1.792259 14.362911 13.235327 -0.188997 -0.112695 -17.384416 6.734018 0.162928 0.139346 -0.986954 -4.312030 2.150643 2.144617 0.884062 -0.021067 0.719251 0.714556 0.567282 -0.100325 0.354226 0.361286 -0.046884 0.023901 0.157021 0.206505 -5.949711 -2.628969 -0.375484 -0.381668 0.686036 6.425253 -1.368949 -1.578933 -0.725733 -0.349158 1.778733 1.340406 9.047052 4.706393 -1.667065 -1.651780 0.281522 -4.951357 1.122592 0.918559 1.656301 0.878466 -0.396070 -0.342294 0.086300 -0.954574 -0.055838 0.555189 -17.322184 -19.368382 -1.804130 -2.165678 16.467403 10.377036 -0.466988 -0.530581 -1.254152 -8.335655 0.582606 -0.417917 39.878357 20.794160 0.967949 1.002628 -1.554924 -19.205840 1.413998 0.608382 -1.380678 129.000000
2.600000 -2.081127 -2.077734 1.778113 -0.579612 0.308125 0.268568 5.475625 6.866431 0.138776 0.155137 -3.763339 0.208175 1.384575 1.405551 -8.462869 -0.453049 -0.184502 -0.151488 3.182544 -1.371127 -0.369802 -0.389386 2.166062 0.925980 -1.762055 -1.818782 16.309836 14.362911 -0.226963 -0.109976 -22.969639 9.185685 0.232393 0.190049 0.148731 -8.198731 2.161667 2.154328 -0.619376 -0.851608 0.731265 0.709955 1.059138 0.032454 0.340752 0.358149 -0.098078 -0.046884 0.137553 0.172640 -1.715930 -3.317873 -0.329435 -0.380649 10.305652 2.631838 -1.309935 -1.517908 -0.773195 -0.725733 1.824291 1.394713 9.205826 4.382765 -1.646744 -1.653464 0.227975 -4.664287 1.179765 0.967238 1.557742 0.785000 -0.429080 -0.360332 0.133833 -0.871301 -0.002216 0.509108 -13.641039 -17.322184 -1.874606 -2.175784 13.130325 8.860778 -0.432448 -0.506690 -0.422140 -7.606625 0.594528 -0.414599 39.510101 20.716640 0.961997 1.002530 -1.480666 -19.161717 1.455063 0.642758 -1.376994 130.000000
2.620000 -2.082452 -2.085802 1.062748 1.778113 0.316487 0.281938 5.208295 4.619482 0.161192 0.162884 -1.523899 -0.856143 1.389819 1.427390 -9.886693 1.933638 -0.204575 -0.187399 2.539950 -6.529231 -0.370300 -0.401101 1.772434 2.166062 -1.787441 -1.852753 17.876545 16.309836 -0.272553 -0.119487 -28.588098 11.410454 0.298024 0.253689 -0.650828 -11.559185 2.176450 2.169839 -0.892007 -0.455010 0.756545 0.709841 1.078494 -1.074386 0.327487 0.352275 -0.045944 -0.098078 0.110727 0.133870 0.835444 -6.010791 -0.272440 -0.382838 22.334364 -4.294861 -1.264118 -1.456645 -1.386966 -0.773195 1.854814 1.442209 10.060332 4.488926 -1.620320 -1.649666 0.399214 -4.716900 1.206505 1.012035 1.727540 0.711954 -0.463417 -0.382446 0.210762 -0.845787 0.066238 0.466131 -9.784574 -13.641039 -1.949550 -2.178684 9.070634 6.776233 -0.415340 -0.483692 -0.805081 -6.354092 0.606758 -0.405432 38.644662 20.495384 0.954671 1.000201 -1.337483 -19.014717 1.500196 0.666893 -1.371664 131.000000
2.640000 -2.090142 -2.082614 -2.382990 1.062748 0.326723 0.296261 3.687033 3.366097 0.186251 0.175707 0.094071 -1.842198 1.410083 1.435781 -5.442179 3.109502 -0.222570 -0.208531 0.899361 -6.777190 -0.370470 -0.402838 0.629169 1.772434 -1.825279 -1.881566 14.984505 17.876545 -0.292234 -0.132407 -30.253349 14.619463 0.352729 0.316343 -1.184523 -13.968635 2.173646 2.181368 -2.753051 -0.332669 0.749783 0.715770 0.288949 -1.224676 0.313408 0.343742 0.035799 -0.045944 0.086679 0.099814 1.573194 -10.749460 -0.240192 -0.379451 26.500178 -11.584904 -1.218015 -1.396457 -1.635019 -1.386966 1.866384 1.480589 10.204176 4.830559 -1.596912 -1.641650 0.439964 -5.229773 1.206864 1.046539 1.912531 0.758389 -0.506765 -0.408994 0.243370 -0.969151 0.137307 0.428523 -6.405037 -9.784574 -2.015693 -2.175207 5.599741 4.937857 -0.410781 -0.460559 -1.391791 -4.132776 0.595703 -0.388873 36.332317 19.991073 0.960512 0.996805 -0.900713 -18.653590 1.537379 0.686496 -1.371292 132.000000
2.660000 -2.091609 -2.075406 -4.094807 -2.382990 0.340379 0.317108 1.174769 1.796481 0.220107 0.194963 2.151848 -1.890552 1.430507 1.436377 -1.809476 2.071751 -0.232767 -0.218123 0.765674 -3.370428 -0.359512 -0.395461 0.438272 0.629169 -1.859702 -1.903158 11.494223 14.984505 -0.290181 -0.142442 -28.007134 15.718936 0.388492 0.367003 -2.168429 -14.534413 2.165376 2.185232 -4.029497 1.167904 0.737260 0.722798 -0.185185 -1.585146 0.299668 0.332981 0.141511 0.035799 0.068217 0.077339 0.534962 -12.463492 -0.239236 -0.366484 23.159892 -14.036686 -1.154779 -1.337656 -1.297667 -1.635019 1.875547 1.515183 9.282459 4.882106 -1.598416 -1.632635 0.124394 -5.322070 1.202284 1.071818 1.846042 0.834580 -0.555725 -0.440605 0.310228 -1.077950 0.167894 0.398452 -5.219200 -6.405037 -2.064233 -2.171281 3.884650 3.495766 -0.411522 -0.441393 -1.246014 -2.103975 0.578952 -0.363685 33.327966 18.616515 0.968047 0.994042 -0.778708 -17.715802 1.560429 0.710508 -1.377447 133.000000
2.680000 -2.094755 -2.072915 -4.367110 -4.094807 0.351721 0.340452 -1.081435 -0.488539 0.247517 0.215282 3.478130 -1.663308 1.446532 1.454994 -5.312633 0.351921 -0.205657 -0.237805 2.903339 -1.457555 -0.344605 -0.394462 1.474918 0.438272 -1.897774 -1.921398 7.366208 11.494223 -0.297072 -0.163981 -22.816900 15.087782 0.411160 0.403986 -3.089315 -12.919352 2.169531 2.187549 -4.053560 2.148452 0.747070 0.732333 -0.619590 -1.881045 0.285174 0.320575 0.217552 0.141511 0.057810 0.066702 -1.001541 -11.312465 -0.250641 -0.357150 20.289239 -11.847427 -1.130013 -1.284301 -1.211129 -1.297667 1.883177 1.552573 7.571097 4.579033 -1.608895 -1.626165 -0.062727 -4.703426 1.160122 1.083889 1.619956 0.767907 -0.607885 -0.477173 0.392722 -1.078135 0.182599 0.374453 -4.282972 -5.219200 -2.088091 -2.170242 3.278967 2.565332 -0.390143 -0.427962 -0.225148 -1.319318 0.550585 -0.331338 30.053280 17.053337 0.981292 0.994031 -0.637533 -16.274629 1.570504 0.730380 -1.387868 134.000000
2.700000 -2.102580 -2.074282 -5.064223 -4.367110 0.393980 0.371046 -0.652949 -2.279782 0.282861 0.243786 3.293671 -1.198347 1.481494 1.480832 -4.667569 0.560106 -0.173363 -0.244289 2.682339 -4.752528 -0.329636 -0.387646 1.178961 1.474918 -1.899779 -1.937745 9.817775 7.366208 -0.289096 -0.185766 -17.338893 12.953107 0.447972 0.430976 -0.119944 -9.863792 2.151195 2.186689 -6.943211 2.474124 0.750270 0.742885 -1.164952 -1.579436 0.271743 0.307608 0.188448 0.217552 0.059166 0.064501 -1.265087 -10.645390 -0.263387 -0.346799 15.030176 -9.643849 -1.094245 -1.237423 -0.905718 -1.211129 1.881666 1.592109 5.841299 3.816912 -1.608878 -1.621762 -0.056894 -3.754185 1.088119 1.079382 1.339666 0.613617 -0.663206 -0.518294 0.471180 -1.006339 0.191465 0.353416 -3.582194 -4.282972 -2.091408 -2.171571 3.550740 1.752057 -0.358386 -0.417329 0.910612 -1.526909 0.533014 -0.294179 27.220419 15.345407 0.999165 0.997071 -0.545145 -14.707873 1.571401 0.747891 -1.400580 135.000000
2.720000 -2.120906 -2.079664 -7.353641 -5.064223 0.457978 0.424757 -2.642723 -1.973310 0.361703 0.289093 6.570534 -1.320361 1.522159 1.523979 -7.696254 0.397136 -0.117296 -0.244099 3.254965 -4.270433 -0.312987 -0.381150 1.349131 1.178961 -1.889246 -1.949196 12.652245 9.817775 -0.243463 -0.206152 -3.785426 8.729419 0.493427 0.455956 3.792534 -8.609474 2.112669 2.185715 -13.920143 4.312701 0.691006 0.758807 -3.561464 -2.630511 0.266523 0.296519 0.077776 0.188448 0.093233 0.068335 3.775485 -8.147631 -0.294544 -0.334251 6.233832 -6.882544 -1.043102 -1.192381 -0.703200 -0.905718 1.857090 1.631208 3.449237 2.949097 -1.631036 -1.621214 -0.102117 -2.892202 1.010438 1.060628 0.908584 0.434243 -0.731921 -0.564943 0.500033 -0.905423 0.187669 0.336142 -3.553177 -3.582194 -2.099379 -2.176354 4.029059 1.320064 -0.334522 -0.408411 1.721571 -2.230676 0.525962 -0.249067 23.731388 13.882782 1.010043 1.002278 -0.530784 -13.337637 1.565376 0.766232 -1.416112 136.000000
2.740000 -2.150558 -2.084635 -12.569704 -7.353641 0.496311 0.501409 -12.532456 -4.606629 0.438765 0.349395 8.847289 -1.963906 1.550331 1.577496 -13.488655 1.498042 -0.068021 -0.231107 3.144857 -6.198212 -0.292875 -0.372272 1.476812 1.349131 -1.896679 -1.947663 8.541464 12.652245 -0.166339 -0.211921 8.739848 -0.003554 0.528224 0.481144 5.743574 -3.788980 2.120212 2.185062 -13.022879 9.531449 0.606435 0.766373 -4.945855 -4.388694 0.290556 0.291491 0.142043 0.077776 0.097486 0.074069 3.752231 -1.229174 -0.288056 -0.319979 4.624404 -5.004659 -1.022394 -1.150150 -0.819954 -0.703200 1.816580 1.669152 0.525354 1.775677 -1.653086 -1.626045 -0.087385 -1.673560 0.918411 1.029001 0.340840 0.204275 -0.801631 -0.617352 0.607427 -0.704308 0.222680 0.323179 -2.340850 -3.553177 -2.144528 -2.185242 3.246520 1.153744 -0.331714 -0.402751 2.252726 -2.875315 0.507831 -0.208204 22.993123 12.131086 1.013510 1.007983 -0.597314 -11.600302 1.556158 0.786628 -1.433373 137.000000
2.760000 -2.154558 -2.087419 -12.971234 -12.569704 0.550420 0.578124 -15.657553 -10.689873 0.480533 0.406870 7.138166 1.842584 1.588692 1.630305 -15.681374 4.473741 -0.064083 -0.212041 2.574423 -9.014915 -0.277111 -0.362303 1.624212 1.476812 -1.928419 -1.932081 -1.942376 8.541464 -0.145367 -0.197671 7.651145 -7.241711 0.552447 0.509353 4.036398 1.498137 2.116432 2.185002 -13.577309 10.082347 0.583967 0.761079 -4.291294 -2.940532 0.316412 0.294365 0.104929 0.142043 0.088449 0.076313 2.182591 -0.436086 -0.265131 -0.307418 6.942271 -4.188317 -0.979843 -1.110500 -0.576143 -0.819954 1.751648 1.701833 -2.177157 0.306369 -1.680762 -1.634995 -0.261678 -0.218985 0.829356 0.987391 -0.163086 -0.133294 -0.869765 -0.674217 0.724919 -0.474134 0.269231 0.313872 -0.448712 -2.340850 -2.158818 -2.195596 2.998385 0.496897 -0.354563 -0.401958 2.164186 -2.749623 0.509704 -0.172111 21.955481 11.795219 1.014568 1.013027 -0.627266 -11.197905 1.550308 0.806208 -1.449808 138.000000
2.780000 -2.138676 -2.089637 -9.336782 -12.971234 0.606611 0.635217 -12.469105 -11.397860 0.504091 0.451130 5.150346 4.259693 1.631385 1.675681 -15.019994 5.981953 -0.063271 -0.195281 2.543955 -9.699420 -0.267821 -0.353108 1.766663 1.624212 -1.940307 -1.915524 -7.202941 -1.942376 -0.171150 -0.184416 1.719269 -5.843771 0.563199 0.540500 -0.103072 1.807374 2.119197 2.184764 -12.820368 9.886969 0.621457 0.753541 -3.281688 -3.690340 0.311343 0.299879 -0.145317 0.104929 0.083246 0.077828 0.568556 -2.379840 -0.247221 -0.299533 9.667906 -4.562431 -0.907636 -1.067185 -0.367505 -0.576143 1.693515 1.722097 -2.982469 -0.957740 -1.720271 -1.648884 -0.463318 1.219417 0.744153 0.937109 -0.279773 -0.444003 -0.946860 -0.735401 0.766096 -0.280916 0.300800 0.306619 0.773584 -0.448712 -2.153829 -2.204523 3.255363 0.417099 -0.379220 -0.407771 2.459024 -2.581286 0.549660 -0.136137 21.962985 11.291373 1.015147 1.017232 -0.653413 -10.664107 1.548030 0.820618 -1.463983 139.000000
2.800000 -2.120966 -2.091377 -5.693224 -9.336782 0.635305 0.673158 -12.117191 -8.809726 0.533472 0.481621 6.676519 3.659379 1.671883 1.714092 -13.754590 5.673262 -0.076836 -0.187904 3.187114 -9.346733 -0.251459 -0.345449 2.181522 1.766663 -1.913519 -1.900472 -4.863322 -7.202941 -0.173857 -0.182218 1.864108 -0.808099 0.580302 0.570768 -2.409182 0.911170 2.149295 2.183018 -6.397971 8.779563 0.661970 0.747909 -2.002310 -4.040805 0.289621 0.301599 -0.287179 -0.145317 0.084973 0.082316 -0.393931 -4.549675 -0.220772 -0.292611 13.265560 -5.118231 -0.841794 -1.017784 -0.529629 -0.367505 1.656463 1.723131 -1.447050 -1.259575 -1.761298 -1.667843 -0.660832 1.722893 0.683412 0.882611 -0.014752 -0.522935 -1.019079 -0.800079 0.873479 -0.243162 0.307695 0.300308 1.213980 0.773584 -2.150117 -2.211852 3.501117 0.398170 -0.376476 -0.417512 3.233295 -2.857193 0.585454 -0.099495 21.891315 11.308199 1.007833 1.019670 -0.698794 -10.654786 1.543955 0.830365 -1.478629 140.000000
2.820000 -2.109695 -2.090188 -4.233882 -5.693224 0.667933 0.702166 -10.761466 -9.396855 0.564016 0.505405 8.449229 2.720336 1.703381 1.748536 -13.980686 4.576199 -0.058824 -0.191450 4.702290 -9.178391 -0.228249 -0.338962 2.756404 2.181522 -1.893960 -1.885611 -3.818959 -4.863322 -0.189365 -0.187426 0.913617 0.272537 0.606521 0.598958 -2.520951 2.136645 2.165292 2.179151 -2.236259 4.644653 0.739465 0.747215 -0.636957 -1.753318 0.262471 0.296673 -0.260385 -0.287179 0.104094 0.089525 1.585821 -6.829746 -0.194280 -0.282781 16.121452 -6.435814 -0.781704 -0.964748 -0.596449 -0.529629 1.652775 1.704881 1.618031 -0.393109 -1.788848 -1.689580 -0.657415 1.053941 0.668304 0.832028 0.596534 -0.444115 -1.093734 -0.867241 0.918676 -0.429364 0.312238 0.292523 2.107803 1.213980 -2.149438 -2.219969 4.182119 0.133911 -0.330214 -0.425728 4.870626 -3.367206 0.629915 -0.063245 22.334256 11.295054 1.009249 1.020841 -0.608986 -10.596261 1.536290 0.838537 -1.496167 141.000000
2.840000 -2.098839 -2.086719 -3.002202 -4.233882 0.705359 0.733263 -10.370825 -9.605347 0.582969 0.525789 8.690439 1.156119 1.735242 1.783290 -14.882513 3.595290 -0.037834 -0.200487 5.927082 -10.385396 -0.216836 -0.333986 3.160031 2.756404 -1.848266 -1.867336 0.663127 -3.818959 -0.216064 -0.198567 -1.388367 0.803667 0.621068 0.622200 -3.188522 1.717284 2.184206 2.171970 3.766173 1.578012 0.784457 0.752338 0.386434 -0.658247 0.250946 0.286909 0.002489 -0.260385 0.113974 0.100170 0.943945 -7.267815 -0.158736 -0.267447 19.204749 -8.853637 -0.749257 -0.913458 -0.695108 -0.596449 1.683716 1.673976 5.385765 1.137723 -1.795158 -1.709930 -0.591946 -0.480308 0.675048 0.789357 1.330766 -0.161071 -1.162826 -0.935675 0.985588 -0.757605 0.315532 0.282426 2.866385 2.107803 -2.154507 -2.231280 4.961302 -0.344254 -0.264238 -0.427756 6.418667 -4.526372 0.679641 -0.027427 22.903272 11.471621 1.010271 1.021773 -0.594128 -10.862635 1.522669 0.847566 -1.517988 142.000000
2.860000 -2.103586 -2.084207 -4.063354 -3.002202 0.748155 0.771816 -10.675406 -9.530632 0.594747 0.541075 8.865179 0.840193 1.783440 1.822190 -13.796344 3.161903 -0.027788 -0.208916 6.168639 -11.720610 -0.222708 -0.330925 3.060623 3.160031 -1.822225 -1.842828 0.202796 0.663127 -0.235396 -0.214797 -1.240076 2.288444 0.639701 0.638960 -2.110154 0.900077 2.173249 2.162177 3.806162 -2.162092 0.792843 0.759924 0.227623 1.604081 0.251389 0.276640 0.201766 0.002489 0.125640 0.112402 0.861308 -9.130402 -0.140751 -0.247040 18.195303 -10.074347 -0.743954 -0.870482 -0.648684 -0.695108 1.709622 1.641580 7.164674 2.988856 -1.793600 -1.726458 -0.475666 -2.396910 0.676566 0.753727 1.775167 0.172589 -1.223060 -1.003305 1.042139 -1.158177 0.328285 0.272375 3.632961 2.866385 -2.175050 -2.246626 5.396501 -0.728682 -0.204686 -0.421964 7.409257 -5.689984 0.701312 0.008710 22.244503 11.748700 1.016852 1.023350 -0.554272 -11.154572 1.501258 0.858728 -1.545522 143.000000
2.880000 -2.113552 -2.088154 -4.015723 -4.063354 0.803625 0.822783 -11.540727 -9.770293 0.598698 0.549328 8.903067 0.905114 1.832011 1.863430 -12.019408 2.444415 -0.054163 -0.215895 5.620044 -11.351929 -0.231388 -0.329077 2.825857 3.060623 -1.807156 -1.835259 6.847672 0.202796 -0.252344 -0.218150 -7.604728 1.675115 0.658967 0.656370 -2.384674 0.435039 2.163750 2.160278 -0.203394 -2.067425 0.799810 0.767464 0.215537 1.738737 0.242445 0.267233 0.170319 0.201766 0.128487 0.120589 0.603741 -8.666997 -0.113668 -0.215800 15.176853 -9.528306 -0.735343 -0.837668 -0.185757 -0.648684 1.710225 1.615778 7.125194 3.820170 -1.784549 -1.737604 -0.557222 -3.344504 0.667001 0.723901 1.823751 0.366514 -1.284164 -1.069337 1.016910 -1.408653 0.347965 0.262575 4.791705 3.632961 -2.195367 -2.266669 6.121538 -1.006378 -0.153104 -0.409217 7.785859 -6.402879 0.731967 0.049836 19.389268 11.399387 1.032575 1.027130 -0.439274 -10.845115 1.479466 0.878154 -1.574655 144.000000
2.900000 -2.114230 -2.093543 -3.627249 -4.015723 0.854620 0.874166 -10.752511 -10.221897 0.611038 0.557330 9.317140 1.318830 1.875119 1.900517 -10.246760 1.952032 -0.083226 -0.224971 5.317100 -10.067376 -0.223641 -0.326161 2.729068 2.825857 -1.794015 -1.846302 12.177996 6.847672 -0.255696 -0.212286 -8.968231 4.994701 0.677181 0.675406 -2.383207 -2.610027 2.158986 2.167679 -2.745368 -0.053920 0.808453 0.776026 0.129057 -0.257314 0.227301 0.257549 0.083518 0.170319 0.139772 0.127746 1.058743 -7.286556 -0.087851 -0.181100 13.994069 -7.890297 -0.725331 -0.812268 0.077751 -0.185757 1.688141 1.595168 6.633638 3.841208 -1.780664 -1.744475 -0.613426 -3.283986 0.638832 0.696364 1.631144 0.403420 -1.352128 -1.134946 0.956721 -1.420331 0.368070 0.254274 5.506558 4.791705 -2.210085 -2.291752 7.374063 -0.832160 -0.105272 -0.393323 9.157103 -6.953698 0.775886 0.096505 20.236575 9.914271 1.048838 1.033862 -0.557099 -9.474997 1.460452 0.902148 -1.601219 145.000000
2.920000 -2.114944 -2.093546 -4.561596 -3.627249 0.890581 0.916008 -10.425857 -10.034825 0.623836 0.569216 9.022421 0.717686 1.896769 1.933453 -11.923988 1.284433 -0.095302 -0.237574 5.692017 -8.962326 -0.196360 -0.320113 3.012253 2.729068 -1.797662 -1.856028 12.922977 12.177996 -0.253692 -0.214437 -6.842782 5.675719 0.690648 0.692624 -2.766704 -3.292512 2.165807 2.174081 -2.529292 1.279505 0.804794 0.784807 -0.242891 -1.465863 0.213056 0.246858 0.085421 0.083518 0.142089 0.137988 -0.930857 -6.467663 -0.062696 -0.152486 14.147112 -7.526406 -0.722656 -0.793113 0.381363 0.077751 1.649683 1.575556 5.874752 3.623532 -1.777025 -1.748124 -0.805102 -3.010106 0.616347 0.670900 1.432308 0.337211 -1.417066 -1.200602 0.969349 -1.293933 0.395060 0.252009 5.558778 5.506558 -2.230845 -2.321319 8.176728 -0.891520 -0.066926 -0.375340 9.451511 -8.265583 0.837123 0.146424 19.620146 10.396837 1.057521 1.042408 -0.692287 -9.839738 1.435157 0.918784 -1.630519 146.000000
2.940000 -2.130084 -2.090901 -8.193823 -4.561596 0.923848 0.952229 -10.716324 -9.724139 0.647817 0.581684 11.468336 0.701718 1.914430 1.964211 -14.397321 1.852357 -0.106944 -0.253110 6.049592 -10.071630 -0.163807 -0.309601 3.173660 3.012253 -1.811622 -1.862659 11.117375 12.922977 -0.241758 -0.221228 -2.907960 4.804743 0.705097 0.707173 -2.441644 -2.038039 2.178277 2.181107 -1.657166 1.440013 0.782723 0.791770 -0.750989 -1.089278 0.210381 0.236448 0.189803 0.085421 0.145911 0.149058 -2.226806 -7.538984 -0.033438 -0.126316 14.730305 -6.608127 -0.720886 -0.780020 0.772129 0.381363 1.622144 1.556904 5.221551 3.339927 -1.775914 -1.749214 -1.029860 -2.534825 0.598094 0.647564 1.324634 0.231479 -1.473061 -1.264966 1.010343 -1.200828 0.423156 0.257691 5.186749 5.558778 -2.269256 -2.352051 7.724403 -0.637391 -0.038603 -0.352047 8.309894 -8.814120 0.907802 0.206176 17.440194 10.156216 1.063851 1.051250 -0.735677 -9.463929 1.403248 0.929491 -1.663211 147.000000
2.960000 -2.148446 -2.091377 -11.174210 -8.193823 0.962300 0.987920 -10.151379 -11.092330 0.672512 0.586827 16.787844 -0.376006 1.936526 1.994873 -16.167205 2.830855 -0.143863 -0.260046 3.553903 -11.566466 -0.139050 -0.295423 3.140188 3.173660 -1.813672 -1.864897 9.888411 11.117375 -0.232524 -0.227312 -0.125987 2.674802 0.726682 0.723760 -2.160249 -0.233158 2.175126 2.187814 -3.322596 1.370797 0.768289 0.796860 -1.345886 -0.286368 0.210053 0.228039 0.197412 0.189803 0.154574 0.155338 -0.720929 -8.478556 0.004943 -0.099028 16.790510 -6.251749 -0.716741 -0.770898 0.970731 0.772129 1.599587 1.540563 4.688538 3.125705 -1.769101 -1.748483 -1.012073 -2.095846 0.568875 0.624275 1.173556 0.157145 -1.527213 -1.327092 0.987209 -1.167488 0.463837 0.269686 5.606972 5.186749 -2.308719 -2.381554 7.283316 -0.292745 -0.018815 -0.323889 7.892937 -8.017148 0.967948 0.271298 18.258033 9.087935 1.077179 1.061101 -0.900295 -8.352259 1.369262 0.938259 -1.699231 148.000000
2.980000 -2.139693 -2.091682 -9.810335 -11.174210 1.009801 1.028555 -9.783548 -13.469612 0.676906 0.588833 17.184718 -3.318232 1.965926 2.026318 -16.708081 5.517684 -0.192053 -0.262308 2.431933 -10.649521 -0.119875 -0.278113 2.989423 3.140188 -1.800688 -1.861915 11.757897 9.888411 -0.244745 -0.228557 -3.060488 1.143118 0.742811 0.743724 -3.321384 1.017131 2.179443 2.191929 -3.037852 2.633028 0.755947 0.799403 -1.399380 -0.689568 0.203112 0.221090 0.126829 0.197412 0.158580 0.155729 0.664177 -8.755720 0.056243 -0.064711 18.666813 -8.034790 -0.701101 -0.763208 1.374562 0.970731 1.576691 1.522549 5.097206 2.850306 -1.754255 -1.744624 -1.159785 -1.838233 0.547947 0.601707 1.172196 0.093174 -1.577444 -1.386640 0.960988 -1.080383 0.508613 0.288062 5.618630 5.606972 -2.315083 -2.409851 7.868522 -0.304811 0.012110 -0.292757 7.353413 -7.588127 1.047938 0.339110 17.643424 9.579164 1.088037 1.072158 -1.015019 -8.678869 1.334631 0.948944 -1.740866 149.000000
3.000000 -2.134384 -2.088240 -9.921398 -9.810335 1.051920 1.069753 -8.958740 -13.484133 0.672790 0.592699 15.523518 -3.700585 2.005835 2.058010 -14.957852 6.598185 -0.245043 -0.272134 1.533463 -10.109897 -0.105212 -0.258328 2.526228 2.989423 -1.793160 -1.856898 11.848588 11.757897 -0.272569 -0.232550 -6.661524 3.190936 0.762786 0.764052 -3.302689 0.130448 2.171563 2.193404 -4.348660 2.529279 0.753272 0.799844 -1.383301 -0.508574 0.187042 0.213453 0.036891 0.126829 0.163103 0.156336 0.981026 -9.001318 0.099851 -0.022891 18.351222 -9.665495 -0.686506 -0.755085 1.466285 1.374562 1.544222 1.499159 5.576373 3.128495 -1.725391 -1.735904 -1.120818 -1.968711 0.535652 0.580395 1.333062 0.105604 -1.623281 -1.443206 0.930547 -1.066592 0.570368 0.313918 5.979970 5.618630 -2.299069 -2.433882 8.740678 0.257555 0.049657 -0.257494 7.160853 -7.610967 1.132983 0.420801 16.205916 9.329222 1.095902 1.082971 -1.078532 -8.314203 1.295768 0.960389 -1.788105 150.000000
3.020000 -2.119397 -2.082970 -8.165914 -9.921398 1.087602 1.104061 -7.573968 -12.241129 0.656945 0.593943 12.554187 -3.282389 2.050468 2.089122 -12.259196 6.371765 -0.284497 -0.284297 1.456900 -8.586086 -0.092073 -0.236890 2.207967 2.526228 -1.770618 -1.850360 15.088389 11.848588 -0.305552 -0.242910 -10.750631 4.982106 0.780104 0.784101 -3.743494 -1.679418 2.170671 2.193510 -4.747874 3.173073 0.745539 0.798625 -1.365763 -1.175587 0.167226 0.203265 0.052561 0.036891 0.153612 0.159706 -1.978010 -8.685098 0.147574 0.022911 17.986311 -9.666124 -0.682346 -0.747455 1.580109 1.466285 1.503744 1.469784 6.060507 3.348595 -1.681170 -1.720458 -1.123853 -2.227778 0.521866 0.560283 1.450218 0.201258 -1.662631 -1.496141 0.898758 -1.131804 0.639794 0.348137 6.037541 5.979970 -2.278518 -2.451448 8.973314 0.789913 0.087455 -0.220675 6.791956 -7.950765 1.204740 0.512896 13.275621 8.642224 1.095943 1.092070 -1.038780 -7.563692 1.249653 0.967428 -1.841513 151.000000
3.040000 -2.111005 -2.077253 -7.632138 -8.165914 1.110877 1.126714 -5.635057 -10.064078 0.636581 0.590424 10.006523 -2.490109 2.095544 2.119073 -9.060779 5.077716 -0.309410 -0.300341 1.602180 -7.181480 -0.083924 -0.213625 1.551544 2.207967 -1.739675 -1.839930 18.211326 15.088389 -0.336978 -0.259511 -12.503943 7.247062 0.795367 0.801674 -3.645131 -3.503568 2.154850 2.193522 -7.593112 3.360018 0.750432 0.797985 -1.393936 -1.387856 0.152838 0.190752 0.160222 0.052561 0.148643 0.167757 -5.331986 -9.982160 0.176983 0.070537 14.187884 -8.004151 -0.704097 -0.743662 1.353257 1.580109 1.466809 1.435652 6.465609 3.592180 -1.637265 -1.698823 -1.033980 -2.468327 0.504613 0.539804 1.651386 0.275730 -1.691224 -1.544183 0.874630 -1.174488 0.718643 0.391934 5.937527 6.037541 -2.262974 -2.459164 8.247113 1.090679 0.117830 -0.181612 5.989065 -7.882635 1.220323 0.615903 8.082418 7.157200 1.097271 1.098301 -0.771010 -6.118420 1.194832 0.966934 -1.900237 152.000000
3.060000 -2.085685 -2.071418 -3.872000 -7.632138 1.123819 1.139675 -4.509216 -7.820790 0.602173 0.581856 5.466858 -2.185733 2.137646 2.147293 -5.939388 3.373615 -0.332985 -0.319590 1.603021 -5.687163 -0.077441 -0.190674 1.200431 1.551544 -1.689998 -1.825068 24.518338 18.211326 -0.350253 -0.279753 -10.873771 8.074537 0.804439 0.816563 -4.504931 -4.429406 2.150302 2.192872 -8.379920 4.802978 0.762829 0.798500 -1.112721 -2.790135 0.141646 0.177543 0.223837 0.160222 0.137285 0.177943 -9.621572 -9.759935 0.191994 0.120137 6.895570 -4.427949 -0.740803 -0.746555 1.058387 1.353257 1.419322 1.399856 6.073596 3.749794 -1.596515 -1.673276 -0.872822 -2.715814 0.482108 0.518902 1.603672 0.388378 -1.709891 -1.585984 0.820534 -1.263008 0.793114 0.446209 5.157327 5.937527 -2.259599 -2.453948 6.099948 1.129024 0.123375 -0.139883 4.222306 -7.118089 1.175852 0.728813 0.555932 4.426714 1.099143 1.101207 -0.306350 -3.655704 1.134096 0.959256 -1.961511 153.000000
3.080000 -2.058375 -2.064345 -0.052556 -3.872000 1.121676 1.144912 -4.796162 -4.988037 0.566567 0.569932 1.188784 -0.478821 2.168230 2.172176 -4.187189 1.812313 -0.345822 -0.339971 1.905985 -4.127075 -0.070629 -0.171617 1.346615 1.200431 -1.631128 -1.805410 31.605649 24.518338 -0.343393 -0.301598 -4.945788 7.689351 0.805245 0.827157 -5.627159 -3.184420 2.154443 2.191032 -7.053773 4.993344 0.782991 0.797622 -0.354318 -3.386576 0.130559 0.164683 0.221772 0.223837 0.124381 0.186432 -13.453347 -8.258571 0.190101 0.168580 -2.413312 1.363001 -0.762272 -0.753919 0.788163 1.058387 1.361321 1.365834 4.533314 3.473209 -1.579503 -1.647890 -0.845169 -2.600387 0.457800 0.498275 1.375521 0.391569 -1.718978 -1.620596 0.744509 -1.212103 0.839522 0.510624 2.556087 5.157327 -2.251715 -2.434341 3.269972 0.938821 0.112751 -0.097276 1.707390 -5.161127 1.093339 0.838486 -4.837889 0.431141 1.100244 1.101357 0.008735 -0.124791 1.072838 0.946370 -2.021782 154.000000
3.100000 -2.024430 -2.054920 4.448839 -0.052556 1.110472 1.140437 -4.676014 -2.992473 0.530125 0.555411 -2.797974 1.803689 2.188052 2.191913 -3.374867 0.717473 -0.349131 -0.358482 2.068957 -3.469715 -0.061859 -0.158502 1.850228 1.346615 -1.585675 -1.780092 34.726756 31.605649 -0.343414 -0.325975 0.349782 5.286474 0.802878 0.830420 -5.489996 0.340685 2.163706 2.189858 -5.167326 3.782704 0.803663 0.794564 0.659412 -3.271069 0.117916 0.152345 0.162177 0.221772 0.120763 0.193131 -15.355211 -5.520018 0.194663 0.207692 -7.635448 7.933330 -0.757525 -0.759905 0.727619 0.788163 1.293892 1.334314 2.929618 2.689241 -1.584994 -1.627669 -0.867102 -1.844073 0.445397 0.481393 0.874985 0.315506 -1.726375 -1.648364 0.613000 -1.060015 0.855430 0.584870 -0.808633 2.556087 -2.236094 -2.402421 1.340824 0.781291 0.101042 -0.056405 0.547897 -2.488681 1.027319 0.917995 -4.966964 -2.423312 1.096827 1.100363 0.042406 2.414577 1.013684 0.927264 -2.077970 155.000000
3.120000 -1.995687 -2.043185 7.618214 4.448839 1.090779 1.123865 -3.628969 -0.939020 0.498046 0.538437 -5.467044 3.736994 2.192931 2.205853 -4.382676 0.193647 -0.349655 -0.376102 2.320927 -3.181221 -0.054667 -0.151610 2.484627 1.850228 -1.558150 -1.748886 33.180954 34.726756 -0.357591 -0.354684 3.917390 2.570107 0.794492 0.825015 -4.867793 2.919889 2.169968 2.190850 -4.473825 2.107568 0.804649 0.790027 0.877503 -3.059758 0.104491 0.140225 0.120073 0.162177 0.123414 0.200136 -16.341885 -3.859881 0.205900 0.233989 -8.804038 11.495329 -0.724043 -0.759747 0.902676 0.727619 1.243923 1.302698 2.375634 1.898360 -1.599198 -1.614420 -0.914151 -1.031258 0.444649 0.469548 0.585393 0.130992 -1.732643 -1.670502 0.490412 -0.743992 0.849648 0.665441 -4.893585 -0.808633 -2.222104 -2.362574 -0.741334 0.396464 0.092909 -0.019975 -0.580063 -0.944360 1.011928 0.960196 -2.159132 -2.504685 1.093143 1.098895 0.007346 2.462279 0.957982 0.901037 -2.127488 156.000000
3.140000 -1.983345 -2.032820 8.430862 7.618214 1.057766 1.095182 -2.819621 0.919038 0.471307 0.517140 -5.827489 4.548007 2.191976 2.214134 -5.408727 0.515629 -0.350676 -0.391006 2.307063 -3.867047 -0.061284 -0.150568 2.795119 2.484627 -1.530009 -1.713043 31.092938 33.180954 -0.380892 -0.387567 6.287430 0.475202 0.772340 0.809922 -4.773615 4.392592 2.162590 2.192378 -6.073113 1.603355 0.794155 0.785791 0.608563 -2.870470 0.092101 0.127953 0.138556 0.120073 0.120091 0.208953 -19.000112 -3.768924 0.219783 0.249891 -7.980984 12.572961 -0.692612 -0.752104 0.800958 0.902676 1.208863 1.269232 2.618383 1.644893 -1.616639 -1.608203 -0.828986 -0.730741 0.444964 0.461136 0.514889 0.047490 -1.731511 -1.687360 0.419914 -0.537902 0.844134 0.743494 -7.178655 -4.893585 -2.208624 -2.318467 -2.341074 -0.080635 0.087973 0.009936 -0.870227 0.660699 1.006184 0.976568 -0.076358 -1.083239 1.090577 1.097084 0.020045 1.075893 0.907151 0.869223 -2.167941 157.000000
3.160000 -1.968165 -2.026455 10.700649 8.430862 1.007423 1.056079 -3.565485 1.503934 0.434478 0.488913 -6.436566 4.323555 2.200840 2.218137 -3.896324 1.038664 -0.362053 -0.404530 2.768280 -4.370064 -0.075048 -0.155567 3.088123 2.795119 -1.492895 -1.673359 30.020238 31.092938 -0.405891 -0.422208 8.275593 -0.756907 0.741385 0.784243 -4.305682 5.530523 2.164334 2.192672 -5.651701 2.597174 0.777993 0.780898 0.442739 -3.475939 0.081164 0.115639 0.166284 0.138556 0.120178 0.219129 -21.103400 -5.509564 0.238945 0.260107 -5.645832 13.490548 -0.678914 -0.739570 0.380799 0.800958 1.174386 1.232884 3.152835 1.723684 -1.623099 -1.607634 -0.434693 -0.894698 0.448262 0.455638 0.487701 0.047488 -1.723532 -1.698603 0.345335 -0.467402 0.862320 0.811998 -7.600552 -7.178655 -2.192077 -2.272998 -3.586616 -0.735424 0.085683 0.032913 -0.915830 1.605651 0.981517 0.977405 0.807469 -0.048201 1.089767 1.095267 0.035497 0.028156 0.860612 0.834627 -2.200645 158.000000
3.180000 -1.971860 -2.024978 10.522933 10.700649 0.949222 1.004623 -3.102565 1.435541 0.392286 0.451347 -5.922130 5.001026 2.202148 2.219383 -3.638578 -0.050536 -0.397898 -0.418520 2.083737 -3.946860 -0.091889 -0.164546 3.246538 3.088123 -1.457754 -1.629807 27.841016 30.020238 -0.443576 -0.456822 7.630749 -1.984956 0.710593 0.749318 -2.422258 6.290638 2.164413 2.192459 -5.552436 2.506193 0.768241 0.774269 0.503815 -3.145508 0.070550 0.103685 0.157672 0.166284 0.126550 0.229756 -21.852669 -7.728784 0.254045 0.267256 -3.654602 13.374616 -0.677246 -0.725495 -0.154989 0.380799 1.146283 1.193822 3.880788 1.793764 -1.619810 -1.609773 -0.008192 -1.359071 0.469571 0.454939 0.580084 0.071183 -1.715093 -1.704731 0.235009 -0.416518 0.913558 0.870548 -6.574175 -7.600552 -2.160810 -2.228050 -3.957821 -1.335393 0.092301 0.050915 -0.776582 2.251223 0.941029 0.967722 0.942928 0.385986 1.091466 1.093991 0.043669 -0.421483 0.816895 0.798477 -2.228226 159.000000
3.200000 -1.982544 -2.027598 9.095775 10.522933 0.884458 0.939261 -0.826725 1.409782 0.350128 0.405672 -4.211416 4.512347 2.193552 2.217943 -4.419615 0.314831 -0.433128 -0.436352 1.660534 -3.323747 -0.113289 -0.175850 2.825986 3.246538 -1.414609 -1.582940 26.648374 27.841016 -0.478388 -0.490306 6.944138 -2.604246 0.675358 0.708449 -0.572191 5.026504 2.162072 2.192063 -5.911945 2.412464 0.751753 0.765914 0.435728 -3.139972 0.059649 0.092263 0.119153 0.157672 0.134582 0.239162 -21.864318 -9.099034 0.263175 0.271878 -2.547621 12.753635 -0.680238 -0.712091 -0.597841 -0.154989 1.126964 1.154578 4.528306 1.944490 -1.607011 -1.611397 0.312507 -1.936298 0.488533 0.458170 0.703322 0.172538 -1.707687 -1.707017 0.133987 -0.407546 0.973654 0.922391 -5.503253 -6.574175 -2.124685 -2.184962 -3.904617 -1.590620 0.103184 0.066052 -0.625284 2.367201 0.895163 0.950067 0.905770 0.449629 1.092563 1.093379 0.025409 -0.493299 0.776049 0.761109 -2.251807 160.000000
3.220000 -2.006880 -2.033693 6.025487 9.095775 0.807495 0.861248 1.262235 1.692346 0.306400 0.353047 -1.601885 2.519071 2.191621 2.215094 -4.157014 1.010902 -0.483486 -0.454816 0.673107 -3.408713 -0.134163 -0.188025 2.546129 2.825986 -1.351682 -1.531661 28.201669 26.648374 -0.508176 -0.521110 6.631090 -3.185973 0.634381 0.662873 1.032561 3.758164 2.156035 2.191003 -6.763742 2.641377 0.736642 0.755768 0.447337 -3.270568 0.045414 0.080995 0.041088 0.119153 0.139098 0.247851 -22.723658 -9.658348 0.263029 0.274493 -2.829541 12.205970 -0.681050 -0.699809 -0.950652 -0.597841 1.103166 1.116932 4.803098 2.107899 -1.591969 -1.610541 0.455979 -2.420406 0.494029 0.462086 0.784648 0.284667 -1.696962 -1.706166 0.080622 -0.418654 1.030248 0.970247 -4.678384 -5.503253 -2.083487 -2.144621 -3.420679 -1.639667 0.119644 0.080128 -0.464393 2.264950 0.826336 0.923783 0.634951 0.440181 1.084492 1.092076 -0.030221 -0.465590 0.736475 0.723286 -2.272849 161.000000
3.240000 -2.038139 -2.041167 1.622817 6.025487 0.723017 0.769781 4.250678 1.432060 0.263804 0.296277 1.587152 0.169825 2.190535 2.211114 -3.805751 1.592524 -0.539322 -0.475576 0.124603 -2.564490 -0.153177 -0.197419 2.294021 2.546129 -1.282882 -1.474572 29.735728 28.201669 -0.540416 -0.548763 5.382592 -3.831826 0.587201 0.612514 2.161459 2.799264 2.133110 2.186858 -9.764189 3.058894 0.707721 0.743825 0.146806 -3.704848 0.030325 0.069279 0.008377 0.041088 0.139006 0.257086 -24.548476 -9.947059 0.257695 0.274337 -3.346343 12.776600 -0.681945 -0.688753 -1.233563 -0.950652 1.081882 1.081664 5.006056 2.173560 -1.584293 -1.607576 0.422125 -2.629539 0.493063 0.464536 0.854309 0.352013 -1.689535 -1.703105 0.005686 -0.432635 1.075325 1.014788 -4.185902 -4.678384 -2.042361 -2.107112 -2.897586 -1.478143 0.135438 0.093938 -0.353496 1.942536 0.748991 0.887227 0.577951 0.332586 1.068264 1.088162 -0.045103 -0.302365 0.696470 0.685174 -2.291419 162.000000
3.260000 -2.066308 -2.047348 -3.068162 1.622817 0.635577 0.670090 7.449001 1.331763 0.224854 0.243123 3.645758 -2.918915 2.191979 2.206440 -2.464798 1.812912 -0.587303 -0.496630 -0.483487 -1.992839 -0.173461 -0.202854 1.391157 2.294021 -1.220365 -1.413906 29.878944 29.735728 -0.559423 -0.571256 5.090167 -3.772025 0.536226 0.560013 2.555875 1.610566 2.094923 2.174602 -13.388284 4.776100 0.661101 0.729063 -0.441338 -4.988088 0.021861 0.057476 0.073757 0.008377 0.131816 0.264280 -26.860990 -10.601067 0.248521 0.272436 -4.686733 13.947409 -0.690243 -0.679440 -1.633345 -1.233563 1.069856 1.049993 5.113269 2.291966 -1.574383 -1.603360 0.478555 -2.714090 0.496929 0.466192 0.985645 0.424312 -1.683469 -1.698920 -0.037415 -0.429998 1.112375 1.056428 -3.978166 -4.185902 -2.006592 -2.071774 -2.573770 -1.272045 0.151077 0.107559 -0.239522 1.625541 0.666884 0.840126 0.728548 0.311527 1.049669 1.080872 0.002305 -0.266424 0.657018 0.648305 -2.308010 163.000000
3.280000 -2.093364 -2.053219 -7.219836 -3.068162 0.526845 0.562736 8.777314 1.901622 0.182298 0.193267 4.832073 -5.547379 2.195049 2.202313 -1.209444 1.581476 -0.623282 -0.520624 -0.717727 -0.883322 -0.195914 -0.205802 0.587640 1.391157 -1.157083 -1.348945 28.426361 29.878944 -0.564312 -0.587904 6.688880 -3.823021 0.485062 0.509155 2.031280 1.267146 2.059984 2.158433 -18.001008 7.012788 0.622029 0.718178 -2.524185 -6.375496 0.018949 0.046843 0.146886 0.073757 0.130130 0.269241 -28.129263 -11.087128 0.239110 0.267504 -4.843129 15.773862 -0.710182 -0.673100 -2.102866 -1.633345 1.067787 1.023493 5.223915 2.317357 -1.559197 -1.597843 0.653518 -2.795912 0.499661 0.467283 1.129419 0.511530 -1.676064 -1.693974 -0.050072 -0.474115 1.148550 1.095052 -3.633140 -3.978166 -1.949677 -2.036718 -1.929086 -1.167124 0.165300 0.120686 -0.104366 1.406646 0.576772 0.783080 0.852392 0.363122 1.030420 1.070508 0.067665 -0.365427 0.617892 0.613038 -2.322194 164.000000
3.300000 -2.108725 -2.059504 -8.987631 -7.219836 0.398002 0.443838 8.477650 1.972620 0.140511 0.146089 5.437415 -6.804693 2.185004 2.199014 -2.389017 1.122920 -0.650333 -0.545232 -0.736328 -0.086523 -0.222271 -0.210210 0.186825 0.587640 -1.100302 -1.278011 25.211474 28.426361 -0.549852 -0.599678 11.045484 -4.360080 0.437968 0.458102 3.286410 2.328800 2.018743 2.148287 -24.502614 10.822966 0.558211 0.716188 -4.635548 -7.178043 0.013590 0.037617 0.132776 0.146886 0.129935 0.272322 -28.242373 -11.643067 0.222024 0.257826 -5.904783 16.486196 -0.722357 -0.670556 -2.154948 -2.102866 1.075686 1.003741 5.224104 2.285199 -1.550301 -1.591085 0.579072 -2.938716 0.500810 0.467936 1.181685 0.589745 -1.660047 -1.687272 -0.024511 -0.539674 1.177013 1.130525 -3.384967 -3.633140 -1.878981 -1.998412 -1.255935 -0.912360 0.174812 0.132543 0.042724 1.016726 0.484458 0.717072 1.034958 0.392364 1.005083 1.056940 0.099096 -0.460028 0.577726 0.577312 -2.332058 165.000000
3.320000 -2.122749 -2.066187 -10.336952 -8.987631 0.256510 0.312726 8.305946 1.520117 0.110601 0.103304 7.503994 -6.957533 2.173192 2.196957 -4.644325 1.726137 -0.665128 -0.567064 -0.970383 -0.662880 -0.250875 -0.219872 0.214915 0.186825 -1.039605 -1.206213 23.097367 25.211474 -0.516982 -0.604709 17.496172 -7.165947 0.390211 0.403497 5.092221 3.879537 1.987597 2.137970 -28.534687 15.598173 0.488679 0.713884 -6.471696 -8.904441 0.003333 0.029108 0.051338 0.132776 0.130667 0.271037 -27.131593 -11.168795 0.194083 0.244766 -8.363122 17.073578 -0.735813 -0.670317 -2.480729 -2.154948 1.100436 0.992865 5.167534 2.322516 -1.548527 -1.584377 0.516622 -2.901588 0.501142 0.468226 1.187282 0.603098 -1.632883 -1.676865 -0.011883 -0.578587 1.195395 1.162137 -3.270472 -3.384967 -1.807808 -1.956723 -0.489443 -0.649330 0.179432 0.142261 0.195176 0.606606 0.398098 0.644444 1.294734 0.467931 0.979888 1.040325 0.167280 -0.567027 0.537776 0.544433 -2.339160 166.000000
3.340000 -2.131219 -2.072436 -10.891880 -10.336952 0.122866 0.174015 9.708423 0.400976 0.082970 0.062678 9.600370 -7.904970 2.174585 2.196942 -4.446450 3.022779 -0.677360 -0.590834 0.019533 -1.621546 -0.275906 -0.234276 0.240245 0.214915 -0.974492 -1.136274 22.494715 23.097367 -0.497333 -0.601826 19.595843 -11.294197 0.344409 0.348988 6.541440 6.201975 1.964777 2.126821 -30.746109 18.939908 0.456382 0.709196 -7.057512 -9.594779 -0.006364 0.020767 0.001554 0.051338 0.129717 0.263995 -25.080156 -9.384235 0.173337 0.228661 -8.922345 17.747358 -0.760259 -0.672189 -2.986121 -2.480729 1.132638 0.992146 4.984234 2.325456 -1.540881 -1.578691 0.730426 -2.842078 0.499494 0.468609 1.090229 0.599583 -1.596300 -1.661052 -0.048849 -0.587700 1.214273 1.189456 -2.914468 -3.270472 -1.744313 -1.912250 -0.146734 -0.342310 0.192389 0.151006 0.347136 0.147134 0.312031 0.567787 1.355341 0.563727 0.952588 1.021092 0.215073 -0.731007 0.498745 0.515713 -2.345264 167.000000
3.360000 -2.137434 -2.078783 -10.686437 -10.891880 0.003644 0.040277 11.480913 0.054027 0.055149 0.027424 10.400117 -9.654397 2.170771 2.196726 -5.620039 2.209122 -0.699276 -0.616277 -0.392146 -2.237327 -0.295091 -0.250547 0.338587 0.240245 -0.942683 -1.072780 17.476262 22.494715 -0.488802 -0.588102 17.025595 -13.068641 0.296944 0.299865 5.803257 6.527201 1.953648 2.113831 -30.212871 20.468578 0.448774 0.702256 -7.107318 -10.277530 -0.007341 0.013158 0.093988 0.001554 0.139024 0.250657 -19.534422 -8.078906 0.166569 0.214485 -8.001272 17.001250 -0.789997 -0.678128 -3.246832 -2.986121 1.159604 1.000707 4.411653 2.126904 -1.532852 -1.573631 0.896796 -2.857330 0.502228 0.470195 0.907563 0.569539 -1.549774 -1.638620 -0.113939 -0.520690 1.223646 1.210809 -2.357860 -2.914468 -1.686662 -1.864130 -0.332444 -0.246935 0.214205 0.161874 0.285275 -0.100201 0.243912 0.490890 1.446339 0.570134 0.919238 0.998921 0.237160 -0.785207 0.460161 0.493156 -2.354061 168.000000
3.380000 -2.128224 -2.084972 -7.793513 -10.686437 -0.110188 -0.082887 11.685353 0.540398 0.023136 -0.006502 11.151662 -10.940515 2.140490 2.198936 -12.532000 3.093149 -0.724381 -0.638816 -0.336956 -2.526890 -0.315163 -0.270261 0.901336 0.338587 -0.938946 -1.019996 9.337510 17.476262 -0.474439 -0.564253 13.838813 -11.414426 0.249973 0.257927 3.775936 5.611169 1.954266 2.100895 -27.563458 20.237919 0.436863 0.696015 -7.192851 -9.974952 0.005475 0.008195 0.253821 0.093988 0.161891 0.231755 -10.585805 -5.766575 0.169264 0.205036 -6.140663 13.767847 -0.810510 -0.688357 -3.090618 -3.246832 1.165123 1.016743 3.086074 1.757428 -1.522225 -1.567894 0.891649 -2.654225 0.493040 0.471989 0.504105 0.510751 -1.483497 -1.607402 -0.155250 -0.396812 1.221909 1.224054 -1.620625 -2.357860 -1.641141 -1.812995 -0.858136 -0.308859 0.241075 0.177236 0.010601 0.023584 0.181161 0.417348 1.220485 0.604589 0.875775 0.972578 0.248985 -0.841750 0.422554 0.477942 -2.367847 169.000000
3.400000 -2.102809 -2.087219 -3.212937 -7.793513 -0.187333 -0.186844 13.401290 0.266846 -0.019523 -0.043158 10.332544 -11.418508 2.089891 2.200826 -22.269454 6.509282 -0.717221 -0.658519 0.276783 -6.022718 -0.335265 -0.297665 1.923656 0.901336 -0.957395 -0.981388 0.267724 9.337510 -0.466461 -0.532779 8.271674 -8.807375 0.217588 0.225806 2.208456 5.031438 1.974442 2.091792 -22.445820 18.974967 0.437728 0.689862 -6.866594 -8.588491 0.027429 0.008269 0.335109 0.253821 0.190486 0.208507 0.318079 -2.222571 0.170309 0.198800 -4.868483 8.363234 -0.812685 -0.701077 -2.475907 -3.090618 1.158785 1.037810 1.400631 1.097212 -1.521403 -1.561213 0.562539 -1.988861 0.486861 0.474601 0.022608 0.329677 -1.398650 -1.564846 -0.250553 -0.174427 1.205971 1.228136 -0.979368 -1.620625 -1.605367 -1.762340 -1.088927 -0.434369 0.277180 0.198022 -0.196444 0.423768 0.133668 0.349110 1.132792 0.485750 0.822433 0.940626 0.288102 -0.734735 0.387441 0.470069 -2.385207 170.000000
3.420000 -2.045971 -2.081347 5.663478 -3.212937 -0.216306 -0.252714 13.940367 1.534373 -0.058691 -0.080182 9.412993 -11.866917 2.085041 2.201603 -23.604046 10.934890 -0.633669 -0.676104 2.554570 -11.334564 -0.350661 -0.335032 3.621293 1.923656 -0.939374 -0.958008 0.969765 0.267724 -0.449063 -0.499733 5.383119 -5.240065 0.217539 0.207805 3.641588 3.031609 2.003015 2.087857 -16.695242 16.180591 0.436154 0.679188 -5.950397 -6.265229 0.042611 0.013644 0.156645 0.335109 0.175038 0.178101 4.551313 2.593281 0.151516 0.191193 -6.471806 2.275202 -0.802057 -0.713437 -1.829164 -2.475907 1.177188 1.062665 0.680991 0.419046 -1.524017 -1.554798 0.346704 -0.981585 0.487311 0.478927 -0.438849 0.136580 -1.310953 -1.510996 -0.466645 0.113973 1.199860 1.225847 -0.470887 -0.979368 -1.548413 -1.716507 0.261783 -0.446242 0.317208 0.222725 -0.046064 0.642685 0.093963 0.286945 1.104172 0.422345 0.767878 0.903019 0.396247 -0.710447 0.359310 0.468141 -2.404085 171.000000
3.440000 -2.038080 -2.065399 2.505009 5.663478 -0.227974 -0.275098 10.300535 2.263687 -0.083083 -0.108375 8.646636 -11.676680 2.137586 2.201128 -12.822775 9.957623 -0.611374 -0.686134 3.145350 -13.646423 -0.364998 -0.370792 3.386597 3.621293 -0.817258 -0.940600 22.011039 0.969765 -0.408481 -0.472040 8.952264 -4.512354 0.221337 0.203496 3.403750 0.870765 2.048668 2.090040 -8.860989 12.643808 0.444429 0.650678 -2.107676 -4.051434 0.046507 0.022173 -0.183103 0.156645 0.062646 0.139505 -9.142872 5.511559 0.117902 0.173946 -7.824441 0.960246 -0.775637 -0.722575 -1.029995 -1.829164 1.247869 1.091491 1.817864 0.167143 -1.543236 -1.551331 0.072375 -0.513847 0.486043 0.481840 -0.277784 0.013898 -1.223796 -1.448101 -0.681666 0.452747 1.194458 1.220595 -0.151181 -0.470887 -1.492913 -1.676986 1.738392 0.153923 0.364785 0.250169 0.347337 -0.107860 0.047206 0.230542 0.641868 0.353962 0.735699 0.863704 0.609098 -0.750210 0.340267 0.465743 -2.421376 172.000000
3.460000 -2.099129 -2.046188 -13.254651 2.505009 -0.264602 -0.278860 3.066471 0.826949 -0.080003 -0.121083 8.589442 -9.473585 2.178050 2.201727 -4.522942 4.140445 -0.684421 -0.691490 0.267232 -8.682330 -0.389421 -0.393067 1.427621 3.386597 -0.680880 -0.914852 42.032485 22.011039 -0.372127 -0.454351 14.126190 -6.178007 0.203884 0.201885 0.970971 2.774257 2.060236 2.096917 -8.440632 5.952237 0.471114 0.604552 0.938744 -2.908752 0.053457 0.031567 -0.277781 -0.183103 -0.066052 0.094743 -25.231663 -0.659216 0.092403 0.138862 -3.065152 8.483656 -0.743294 -0.727901 0.007681 -1.029995 1.362972 1.124404 4.375429 0.872744 -1.591497 -1.555169 -0.342755 -0.945119 0.498678 0.482878 0.433750 0.201941 -1.116704 -1.375965 -0.754030 0.479725 1.172585 1.211449 0.029940 -0.151181 -1.427072 -1.637039 1.948356 0.695527 0.400501 0.279709 0.320932 -1.042865 -0.027561 0.177459 -0.442574 0.016385 0.695916 0.824644 0.585198 -0.625483 0.328663 0.456593 -2.429188 173.000000
3.480000 -2.122916 -2.033956 -18.912515 -13.254651 -0.307926 -0.288958 -1.919637 -2.761485 -0.048980 -0.112701 10.248159 -5.827957 2.177135 2.201818 -5.012302 2.068529 -0.734076 -0.688925 -1.753158 -2.454413 -0.393294 -0.400518 0.505851 1.427621 -0.605048 -0.872963 46.571187 42.032485 -0.342623 -0.443032 18.169355 -7.548581 0.161348 0.186971 -1.757369 6.577610 2.018562 2.095382 -13.065219 3.542543 0.482241 0.562007 0.761446 -4.898089 0.067153 0.040931 -0.101432 -0.277781 -0.148950 0.047499 -32.066966 -11.083256 0.073269 0.088524 4.513802 14.148408 -0.692864 -0.727805 1.009804 0.007681 1.478889 1.161551 6.896898 2.359092 -1.640212 -1.567745 -0.553170 -2.016337 0.518179 0.485186 0.829743 0.593890 -1.009949 -1.294845 -0.946276 0.160140 1.145269 1.198106 0.013431 0.029940 -1.388527 -1.589221 0.217823 0.813712 0.420575 0.310443 -0.211901 -1.134644 -0.120162 0.122832 -1.394846 -0.513886 0.657208 0.785605 0.587271 -0.071312 0.319163 0.440197 -2.423850 174.000000
3.500000 -2.134355 -2.033920 -19.390076 -18.912515 -0.292209 -0.295750 0.681011 -6.083898 0.005016 -0.079921 10.278233 -4.164261 2.188582 2.207157 -5.088588 3.771931 -0.672651 -0.675366 -1.705480 -1.240371 -0.337801 -0.391403 -0.156327 0.505851 -0.548223 -0.821367 46.316118 46.571187 -0.323361 -0.429220 18.543299 -8.205993 0.143858 0.160945 0.852578 9.963362 1.953897 2.060506 -16.102268 5.982846 0.543699 0.552614 -0.946214 -7.082373 0.077660 0.049722 -0.051972 -0.101432 -0.212892 -0.008979 -31.405623 -18.290384 0.040947 0.040140 6.830897 13.776582 -0.656504 -0.721053 1.192607 1.009804 1.587279 1.207698 7.473151 3.725034 -1.685136 -1.588142 -0.407242 -3.171864 0.513999 0.485632 0.980234 0.888010 -0.923963 -1.209398 -1.211304 0.058266 1.118823 1.181793 -0.036263 0.013431 -1.360043 -1.535070 -1.293323 0.214862 0.437104 0.341287 -0.753736 -0.002961 -0.179225 0.064771 -0.996308 -0.991058 0.624794 0.747468 0.610254 0.403787 0.308600 0.422116 -2.419502 175.000000
3.520000 -2.152538 -2.042187 -20.660861 -19.390076 -0.225360 -0.273495 3.990130 -4.798611 0.085994 -0.005348 4.568053 -5.479622 2.214042 2.219233 -3.316734 3.775651 -0.537979 -0.644222 -0.855358 -1.312937 -0.215640 -0.359200 0.227005 -0.156327 -0.497315 -0.760691 42.596490 46.316118 -0.349952 -0.411961 9.423416 -9.697938 0.178438 0.141115 9.557499 8.845361 1.823947 2.023223 -33.529301 8.734300 0.589291 0.583283 -4.352590 -7.367967 0.076005 0.058538 -0.329414 -0.051972 -0.233500 -0.083711 -17.799049 -19.118260 0.004759 0.002939 4.834051 12.287363 -0.648102 -0.708494 0.133320 1.192607 1.659625 1.265912 6.471371 3.940197 -1.726482 -1.615953 0.123829 -3.532954 0.496055 0.483997 0.676694 1.095769 -0.851225 -1.124816 -1.329381 0.115535 1.094414 1.163515 -0.058428 -0.036263 -1.290121 -1.478393 -0.949743 -0.269794 0.449588 0.370981 -1.130886 1.023529 -0.192367 0.009447 -0.334467 -0.803281 0.601325 0.711878 0.623801 0.193027 0.300800 0.399696 -2.427232 176.000000
3.540000 -2.169335 -2.047088 -24.154408 -20.660861 -0.197733 -0.263567 13.161240 -0.288962 0.253058 0.127617 2.689620 -4.279091 1.929303 2.197761 -47.162163 2.275936 -0.467331 -0.591624 -1.947836 -1.040798 0.081548 -0.271745 -1.160590 0.227005 -0.527950 -0.663294 8.604127 42.596490 -0.579153 -0.448128 -15.602221 -9.490457 0.193941 0.092894 30.540680 -0.067041 1.260559 1.946252 -121.044647 19.907220 0.136851 0.656331 -24.989830 -13.622080 0.131790 0.072389 0.001721 -0.329414 -0.028339 -0.164220 38.860401 -11.316550 -0.104546 -0.072930 7.920691 6.482499 -0.551409 -0.671908 -2.547046 0.133320 1.461010 1.309797 2.184375 3.173771 -1.795512 -1.653649 0.763792 -3.297600 0.353052 0.470469 -1.481955 1.003038 -0.744840 -1.038662 -1.126563 0.326343 0.990547 1.137603 -1.740868 -0.058428 -1.150868 -1.414873 -0.121449 0.090572 0.458902 0.398483 -1.509034 1.040314 -0.171342 -0.031496 -0.610295 -0.479134 0.571907 0.678544 0.541500 -0.144667 0.315334 0.364739 -2.401452 177.000000
3.560000 -1.786882 -2.009748 36.444706 -24.154408 -0.162135 -0.207609 -3.562745 5.235810 0.012312 0.185693 -32.502014 -7.925430 1.707065 2.134807 -79.333866 24.987419 -0.301719 -0.533394 4.316359 -22.174744 0.385633 -0.121245 0.413719 -1.160590 -0.927520 -0.620396 -58.004841 8.604127 -0.591240 -0.485512 -18.482404 -7.469230 0.147179 0.089833 5.386693 -23.071450 1.624929 1.871197 -42.471970 78.564981 -0.157477 0.690357 -24.571423 -42.479666 0.206490 0.096276 0.643862 0.001721 0.078442 -0.215219 61.992262 15.469855 0.019631 -0.066823 6.217846 -23.390546 -0.673755 -0.637852 -5.365306 -2.547046 1.385696 1.304572 7.219676 0.710292 -1.681087 -1.682480 2.832132 -1.474083 0.399816 0.458648 -0.679598 -0.177696 -0.672795 -0.952249 -1.356576 1.304259 0.912954 1.108127 -3.039169 -1.740868 -1.125591 -1.329197 -5.081795 0.693793 0.464489 0.421796 -1.291584 0.815241 -0.042092 -0.046190 0.567321 -0.575897 0.522382 0.643873 0.403127 0.034397 0.318889 0.355146 -2.413025 178.000000
3.580000 -1.623478 -1.945720 54.665298 36.444706 -0.202957 -0.131047 -23.484821 14.469635 -0.012981 0.135494 -20.221564 18.032380 1.644899 2.097919 -84.271878 36.550522 0.076135 -0.542943 20.507782 -42.783344 0.406155 -0.056968 12.155161 0.413719 -0.879389 -0.657075 -39.279275 -58.004841 -0.439401 -0.480232 5.882506 6.547856 0.114992 0.128662 -6.174895 -11.934549 1.585062 1.831863 -43.306214 38.976553 -0.075857 0.659666 -17.537054 -3.495417 0.165033 0.117887 -0.294103 0.643862 -0.109254 -0.213819 18.879910 27.887208 0.048707 0.020693 -6.050191 -34.105054 -0.727333 -0.619369 -6.396642 -5.365306 1.347689 1.259503 10.840504 2.193772 -1.610233 -1.689873 3.247685 -5.025904 0.583873 0.480174 0.059232 0.338489 -0.648595 -0.875020 -1.552371 1.018087 0.839463 1.060344 0.079085 -3.039169 -1.118161 -1.245312 -6.386304 -1.895106 0.445351 0.439381 -1.906197 3.186689 0.196353 -0.021014 2.291588 0.082097 0.516016 0.611355 0.647226 -0.485224 0.268045 0.382808 -2.511472 179.000000
3.600000 -1.613418 -1.876398 41.916430 54.665298 -0.129397 -0.081960 -15.265816 -1.631629 0.051379 0.084862 -0.977408 21.853193 1.787580 2.046098 -42.870327 27.329321 0.149074 -0.561860 22.930321 -56.942558 0.302077 -0.055076 10.893897 12.155161 -0.816574 -0.677721 -26.325629 -39.279275 -0.472668 -0.483563 5.073995 0.146195 0.118389 0.132980 -1.553236 6.028701 1.485450 1.779446 -49.888330 34.314861 0.035393 0.610089 -12.331673 -8.991354 0.135189 0.128294 -0.384408 -0.294103 -0.153032 -0.205523 10.141510 12.465051 0.094773 0.079074 -3.039887 -6.414860 -0.688739 -0.605105 -5.362245 -6.396642 1.304497 1.212801 9.881737 3.796409 -1.472374 -1.670599 3.217784 -7.044094 0.662767 0.517872 0.262269 0.805802 -0.600582 -0.807603 -1.223185 0.746570 0.763756 0.989392 2.381236 0.079085 -1.142336 -1.179951 -6.825453 -2.240053 0.482870 0.455430 -1.252444 4.146251 0.328067 0.039337 1.125369 0.822181 0.491290 0.582466 0.479852 -1.469407 0.214025 0.406206 -2.592277 180.000000
3.620000 -1.515222 -1.798435 44.406446 41.916430 -0.071715 -0.046241 -10.290512 -7.144204 0.043904 0.054007 1.871906 8.121612 1.682437 1.980539 -49.109310 4.879472 0.003318 -0.576844 18.717383 -37.990856 0.127469 -0.065095 7.109486 10.893897 -0.770790 -0.673634 -21.349379 -26.325629 -0.469910 -0.506588 10.690694 -1.760379 0.050977 0.111720 -7.855989 3.313616 1.598966 1.717593 -14.200994 33.847633 0.161759 0.560559 -6.830522 -16.040697 0.125679 0.128639 0.206003 -0.384408 -0.141973 -0.204129 12.281054 6.590699 0.146995 0.111746 2.941713 -3.550812 -0.536830 -0.587113 -1.048868 -5.362245 1.276984 1.173079 9.616507 3.331977 -1.418106 -1.625142 0.472029 -6.549761 0.687512 0.556638 0.039359 0.742727 -0.530116 -0.743063 -0.956578 0.480458 0.727023 0.910237 4.417665 2.381236 -1.035210 -1.128250 -3.568935 -2.786505 0.567002 0.475892 0.287056 4.038948 0.459058 0.121879 0.220297 0.322759 0.456638 0.553764 0.386310 -0.802611 0.174684 0.418429 -2.650650 181.000000
3.640000 -1.486863 -1.715566 33.522613 44.406446 -0.052912 -0.009628 -13.973852 -6.081209 0.075118 0.028180 12.992403 4.209303 1.663821 1.907869 -37.601555 11.040704 0.181067 -0.586231 23.523821 -38.068606 -0.002415 -0.079063 3.518038 7.109486 -0.726030 -0.661145 -14.179753 -21.349379 -0.453191 -0.512362 10.968326 -1.417352 0.046349 0.083196 -3.222972 9.273341 1.659301 1.658061 8.216110 12.032134 0.381626 0.511666 0.909211 -2.168860 0.142408 0.127309 0.389918 0.206003 -0.090386 -0.196432 19.406176 4.669670 0.197617 0.143161 6.205858 -7.611383 -0.460219 -0.565803 0.958535 -1.048868 1.110936 1.128065 6.507237 4.572239 -1.392751 -1.569830 -1.165702 -5.044268 0.742263 0.601540 -0.587254 0.497969 -0.515532 -0.684872 -1.192814 0.458610 0.619761 0.831712 3.003811 4.417665 -0.867116 -1.076825 0.474974 -1.927996 0.684809 0.508611 1.286006 1.640940 0.559261 0.218851 -1.275576 -0.083007 0.424332 0.524092 0.410120 -0.303304 0.135342 0.422874 -2.703575 182.000000
3.660000 -1.454354 -1.628688 21.601514 33.522613 0.043640 0.034607 -5.368934 -13.483127 0.107074 0.026809 13.840331 0.490724 1.639084 1.827082 -24.947639 1.816578 0.192637 -0.588150 23.213339 -35.784976 -0.054613 -0.082644 0.238385 3.518038 -0.735511 -0.655518 -16.876067 -14.179753 -0.519469 -0.526641 5.917135 -3.872677 0.006954 0.062572 -8.846542 7.095649 1.461245 1.587647 -13.367766 -4.764505 0.458632 0.494060 -1.959392 3.451605 0.176688 0.130489 0.979652 0.389918 -0.145745 -0.202408 13.894022 6.600159 0.243473 0.181917 6.150259 -12.806017 -0.410909 -0.544085 1.828213 0.958535 0.949902 1.076197 2.837454 3.836469 -1.348868 -1.513592 -1.657051 -2.670767 0.771592 0.646398 -0.991332 0.302780 -0.498940 -0.636818 -1.014145 0.890034 0.367312 0.743215 -0.847864 3.003811 -0.694051 -1.009604 1.305488 -0.405516 0.688230 0.550331 -0.643560 -0.880490 0.598471 0.319941 -3.560871 -0.842848 0.364274 0.490107 0.305559 0.432728 0.107577 0.423356 -2.757337 183.000000
3.680000 -1.291517 -1.548345 40.580638 21.601514 0.037191 0.072674 -11.228462 -9.604632 -0.018614 0.024718 -5.913740 -4.235698 1.556626 1.740618 -23.791680 -4.286211 0.157493 -0.580505 20.751789 -29.233850 -0.165013 -0.080108 -2.815439 0.238385 -0.825340 -0.673059 -24.641604 -16.876067 -0.476943 -0.535071 10.099195 1.464704 -0.027308 0.040674 -9.269340 7.381839 1.691983 1.553102 26.784723 8.098564 0.383645 0.480490 0.381878 -5.269202 0.222418 0.141224 0.864841 0.979652 -0.076471 -0.199414 21.516547 3.871881 0.187630 0.204531 -4.164408 -10.022141 -0.294946 -0.503867 0.663595 1.828213 0.756552 1.015977 -0.963758 2.247253 -1.373442 -1.466170 -2.209418 -0.590201 0.861552 0.702996 -1.901235 0.011406 -0.447840 -0.592874 -0.635469 1.002739 -0.055245 0.616819 -4.808712 -0.847864 -0.514796 -0.933394 5.234972 0.974524 0.667874 0.589781 -2.103516 -0.330964 0.676863 0.419017 -4.131752 -1.933215 0.339558 0.454302 0.588964 1.627656 0.082495 0.423814 -2.807892 184.000000
3.700000 -1.262793 -1.467702 28.238241 40.580638 0.247845 0.119898 16.887717 -2.657361 -0.000601 0.030319 -9.435958 8.571101 1.453838 1.645394 -23.903793 -3.086952 0.126170 -0.558680 18.459997 -26.878632 -0.151957 -0.077105 -2.513278 -2.815439 -0.846848 -0.731614 -12.906826 -24.641604 -0.602241 -0.544293 -7.929455 -0.414927 0.004865 0.020383 -0.538283 9.684267 1.484564 1.559637 -14.661364 -13.668077 0.228654 0.440364 -2.050133 13.116646 0.186836 0.154862 -0.191255 0.864841 -0.133842 -0.195469 13.293761 12.840477 0.132915 0.202658 -12.760833 -8.676070 -0.252363 -0.440571 -3.149966 0.663595 0.780937 0.959822 0.316789 0.622830 -1.323547 -1.429744 -0.648246 1.586588 0.969970 0.769347 -1.629469 -0.632883 -0.416297 -0.550617 -0.683648 1.268352 -0.272459 0.438149 0.682923 -4.808712 -0.447410 -0.845289 1.551032 3.669244 0.688009 0.622177 -1.581423 -1.565728 0.847765 0.522866 -2.760412 -2.360358 0.330849 0.422551 0.676616 1.771394 0.053173 0.423491 -2.860488 185.000000
3.720000 -1.295954 -1.388704 7.452506 28.238241 0.158129 0.158187 -3.547473 13.161837 -0.000953 0.040754 -8.187216 -3.725879 1.330944 1.553061 -30.998938 -1.376221 0.130375 -0.536765 17.551430 -25.280015 -0.209574 -0.075985 -3.847087 -2.513278 -0.721571 -0.778356 15.789433 -12.906826 -0.508048 -0.554591 8.387709 4.233869 -0.017942 -0.014295 5.795889 -3.695586 1.642806 1.563329 14.224528 8.810878 0.298272 0.392083 2.192145 -5.850486 0.160148 0.162738 -0.616902 -0.191255 -0.177741 -0.190972 0.625591 13.027297 0.148061 0.170698 2.334763 -0.266464 -0.246193 -0.374084 -3.513491 -3.149966 0.853918 0.912961 4.323483 0.482518 -1.284546 -1.399863 0.446327 0.165729 1.003512 0.826999 -0.412141 -0.472910 -0.387100 -0.511188 -0.669690 1.156559 -0.088093 0.258672 9.993170 0.682923 -0.626677 -0.750643 -8.845927 1.566227 0.867077 0.662754 0.956767 0.015195 1.051482 0.633692 -0.041947 -1.718514 0.330149 0.397569 0.576467 1.041898 0.030936 0.417604 -2.908504 186.000000
3.740000 -1.256378 -1.309560 -1.673012 7.452506 0.229426 0.190062 2.423652 2.319871 0.033077 0.046878 -4.404145 5.867344 1.289185 1.467952 -23.648618 2.827337 -0.003061 -0.517704 13.896194 -28.171602 -0.093170 -0.076553 -0.534455 -3.847087 -0.739818 -0.810526 19.090739 15.789433 -0.598014 -0.546761 -10.957912 -7.091799 0.017590 -0.041022 14.045026 1.295910 1.692908 1.590587 14.624242 -8.694993 0.373541 0.351378 3.821847 5.529535 0.137961 0.164107 -0.667905 -0.616902 -0.107472 -0.176322 11.283956 -0.854586 0.191366 0.145408 10.647740 -1.480177 -0.280853 -0.336679 -1.223410 -3.513491 0.842495 0.865885 6.296538 1.938578 -1.245312 -1.370848 0.549614 -2.384905 1.017608 0.871243 0.261201 0.128774 -0.364377 -0.475127 -0.661831 0.540915 -0.078140 0.133297 6.459792 9.993170 -0.699934 -0.670935 -11.299863 -4.901347 0.930049 0.717974 -0.261536 3.944580 1.064922 0.735721 -0.719017 -0.309207 0.295178 0.374689 0.258551 -0.267260 0.005545 0.403291 -2.945457 187.000000
3.760000 -1.156531 -1.219392 -0.949595 -1.673012 0.265777 0.224996 3.663995 3.413898 0.071472 0.073769 -5.692745 0.990246 1.209843 1.383721 -22.911170 1.791257 0.056215 -0.495198 14.597755 -21.857361 -0.033421 -0.074984 0.889287 -0.534455 -0.791001 -0.838135 12.399307 19.090739 -0.583410 -0.551019 -5.010738 -1.543557 0.007086 -0.043385 9.642594 -12.501469 1.601161 1.620866 -6.809758 -10.071495 0.316059 0.331133 0.786669 4.552747 0.057471 0.152597 -1.018442 -0.667905 -0.152574 -0.170078 3.391472 0.318108 0.147290 0.142582 1.316398 -10.965848 -0.312921 -0.322780 -0.859285 -1.223410 0.806989 0.823560 5.097688 2.873462 -1.248583 -1.342850 -0.144464 -3.423076 0.977717 0.896914 0.224226 0.461516 -0.316054 -0.439223 -0.462652 0.200315 -0.066663 0.053902 4.962988 6.459792 -0.715567 -0.613762 -11.348952 -5.519163 0.951618 0.776521 -1.470161 5.780700 1.007774 0.810571 -1.249023 -0.488784 0.273359 0.351203 0.332782 0.230233 -0.011057 0.380070 -2.991262 188.000000
3.780000 -1.075177 -1.137346 1.404441 -0.949595 0.249518 0.251800 -3.929946 4.678370 0.084634 0.101402 -6.120153 1.014375 1.151918 1.308894 -20.635736 0.916005 0.021373 -0.475175 12.704945 -21.995164 -0.152012 -0.073387 -2.288337 0.889287 -0.868806 -0.858385 1.041981 12.399307 -0.518948 -0.550359 4.839511 -2.315928 -0.068610 -0.045788 -3.110272 -7.326666 1.722104 1.649898 8.668493 2.836904 0.265565 0.312437 0.877825 -3.972854 0.058623 0.130648 0.148122 -1.018442 -0.128051 -0.161459 4.245734 1.037537 0.154305 0.138187 4.353695 -2.353935 -0.260985 -0.317744 1.810286 -0.859285 0.747416 0.785843 3.934846 2.621076 -1.281342 -1.321898 -0.936760 -2.476612 0.987133 0.916400 0.354200 0.343439 -0.296636 -0.404419 -0.615971 0.119213 -0.063211 0.002140 3.639257 4.962988 -0.612448 -0.575342 -6.167293 -4.939396 1.014413 0.832651 -0.876511 6.409557 0.924711 0.851826 -1.252362 -0.790903 0.253365 0.328150 0.353983 0.458120 -0.021956 0.356056 -3.029867 189.000000
3.800000 -0.955914 -1.057580 8.090525 1.404441 0.305074 0.277294 1.849344 1.095104 0.126773 0.129907 -5.729512 5.025049 1.085358 1.235248 -19.081174 1.144897 -0.062078 -0.456144 9.768441 -19.490838 -0.111221 -0.078055 -0.992062 -2.288337 -0.892602 -0.880869 0.715418 1.041981 -0.538300 -0.535350 -3.043149 -0.864620 -0.020555 -0.044892 4.007317 3.974891 1.672481 1.684875 -6.774851 -4.968036 0.180713 0.286587 -0.496165 3.700457 0.073516 0.111193 0.482481 0.148122 -0.098756 -0.148023 7.959082 -0.053980 0.127318 0.133603 -0.445838 -4.299714 -0.200327 -0.308593 2.136427 1.810286 0.693442 0.751076 2.680323 2.435803 -1.284869 -1.307566 -0.880023 -1.499043 0.987943 0.933507 -0.064776 0.485085 -0.273127 -0.372598 -0.545824 0.130886 -0.075742 -0.033913 3.116087 3.639257 -0.614438 -0.549026 -5.934520 -2.645391 0.997733 0.880270 -1.549404 3.521902 0.873040 0.866050 -0.517313 -0.803173 0.234207 0.305861 0.360864 0.449189 -0.035230 0.333247 -3.066058 190.000000
3.820000 -0.934629 -0.980281 -1.592486 8.090525 0.326789 0.296465 4.059084 3.789428 0.146545 0.162708 -7.534113 1.940084 0.958634 1.158969 -28.294385 2.487773 0.111513 -0.428611 13.705025 -16.593401 -0.117295 -0.076261 -1.373126 -0.992062 -0.918195 -0.899209 -1.331597 0.715418 -0.482677 -0.512170 1.727451 -0.482084 -0.062578 -0.043992 -2.742052 -3.525233 1.693624 1.705794 -4.592242 3.745657 0.134667 0.256051 -0.405686 -3.029194 0.093417 0.099829 0.592134 0.482481 -0.134087 -0.136977 -0.987805 4.202460 0.108017 0.120282 0.656512 -3.756622 -0.216628 -0.291405 0.435427 2.136427 0.690866 0.721261 2.736680 1.780173 -1.247544 -1.293861 -0.312848 -0.900150 1.014151 0.951047 0.118967 0.240524 -0.242950 -0.342188 -0.465114 0.305300 -0.099379 -0.063394 2.531672 3.116087 -0.618282 -0.529120 -6.259432 -2.192558 1.022692 0.918212 -0.990888 3.741962 0.844545 0.863703 0.313022 -0.439088 0.233462 0.286708 0.429086 0.078224 -0.044043 0.311851 -3.100698 191.000000
3.840000 -0.790478 -0.904190 11.250946 -1.592486 0.358573 0.314654 5.851653 5.796599 0.163113 0.196541 -11.894811 1.737514 0.915496 1.077206 -20.225856 4.252164 0.102363 -0.399024 11.983834 -24.042220 0.000555 -0.074553 2.186710 -1.373126 -0.939097 -0.915582 -2.534891 -1.331597 -0.470112 -0.473887 -5.414601 0.507301 -0.041875 -0.047177 1.712681 2.234751 1.710037 1.714312 -1.539913 2.589027 0.194389 0.230653 0.851211 -2.003215 0.122441 0.098044 0.493880 0.592134 -0.074021 -0.126412 8.603061 -0.822159 0.109008 0.107078 2.012778 0.165646 -0.256198 -0.276903 -0.997336 0.435427 0.705426 0.698072 3.524121 1.524764 -1.223551 -1.279236 0.086191 -1.211916 0.982586 0.960228 0.010487 0.292040 -0.240503 -0.315586 -0.577880 0.173074 -0.176003 -0.089847 0.453596 2.531672 -0.535861 -0.511177 -3.583860 -2.634272 1.069813 0.954253 -0.777898 3.625160 0.863610 0.859504 0.481555 -0.058032 0.196730 0.267453 0.177902 -0.371054 -0.053510 0.294442 -3.134185 192.000000
3.860000 -0.751689 -0.825057 2.925001 11.250946 0.305792 0.329858 -6.092849 8.873232 0.264916 0.242621 -3.013537 3.021579 0.819503 0.995597 -22.665521 1.460600 -0.019152 -0.370210 7.561987 -18.765256 -0.064384 -0.074873 0.338916 2.186710 -0.963356 -0.932701 -3.550373 -2.534891 -0.406567 -0.429227 -2.027126 1.850960 -0.040733 -0.043048 -0.373902 -3.563641 1.673802 1.708659 -4.873236 0.155382 0.166808 0.215947 -0.264398 -1.384531 0.135330 0.103852 0.172275 0.493880 -0.050227 -0.120362 13.452127 3.295142 0.108032 0.099205 3.256488 -5.307919 -0.228241 -0.265280 -0.193649 -0.997336 0.731188 0.681027 4.183462 1.718965 -1.200596 -1.262911 -0.059946 -1.805156 0.969041 0.961861 0.311535 0.294183 -0.231564 -0.293963 -0.449518 0.283696 -0.207100 -0.115206 -0.031974 0.453596 -0.534516 -0.493204 -4.185902 -1.402981 1.050354 0.984605 -1.202990 2.180879 0.831388 0.855221 0.022801 0.151827 0.174048 0.246201 0.286669 -0.329729 -0.059019 0.276328 3.110062 193.000000
3.880000 -0.637072 -0.742192 8.762603 2.925001 0.417422 0.339711 14.085260 -1.539656 0.242140 0.291111 -16.106691 4.553193 0.775417 0.908003 -13.503481 5.873006 -0.002899 -0.337538 6.627212 -16.792515 -0.032943 -0.083914 2.362270 0.338916 -0.951968 -0.941441 -1.863733 -3.550373 -0.396551 -0.383985 -8.804747 1.200514 -0.044528 -0.044311 1.528224 -0.826612 1.673813 1.686721 1.274044 2.627514 0.189423 0.206867 0.212676 -2.245722 0.149217 0.113442 0.010782 0.172275 -0.093578 -0.112153 1.717270 5.097820 0.087919 0.091495 0.723547 -8.354308 -0.257929 -0.255570 -1.299942 -0.193649 0.666821 0.666433 2.181543 2.121704 -1.173069 -1.244759 0.123216 -2.061758 0.952827 0.961568 -0.106507 0.380526 -0.193944 -0.272212 -0.226322 0.068992 -0.249353 -0.139676 -0.731720 -0.031974 -0.577636 -0.479077 -5.561789 -1.491456 1.039128 1.005945 -1.365144 2.694446 0.879501 0.853146 0.945971 -0.131934 0.125128 0.220968 0.188304 -0.154735 -0.061649 0.258678 3.071515 194.000000
3.900000 -0.610874 -0.666136 0.486661 8.762603 0.405763 0.344677 12.057820 15.095975 0.301739 0.330190 -10.945402 1.010716 0.689392 0.825072 -14.956956 1.966893 -0.035425 -0.305836 5.014176 -11.536588 -0.041272 -0.085446 1.005566 2.362270 -0.961450 -0.937017 -5.850517 -1.863733 -0.392604 -0.353160 -11.153911 3.638262 -0.041074 -0.062012 7.480023 -5.166485 1.591320 1.648524 -4.479026 -0.790574 0.145438 0.200543 -1.001413 0.483470 0.174312 0.126871 -0.087002 0.010782 -0.047584 -0.095764 6.737432 0.496862 0.069275 0.073998 2.443134 -1.220409 -0.198939 -0.245438 0.260181 -1.299942 0.687036 0.653229 3.152932 1.029163 -1.196446 -1.229608 -0.528084 -1.152379 0.962367 0.960712 0.367126 0.059908 -0.169277 -0.248715 -0.316031 0.166415 -0.230329 -0.165025 1.077224 -0.731720 -0.536118 -0.470175 -3.592351 -2.098322 1.081121 1.024236 -0.380841 3.463467 0.898467 0.857490 0.770866 0.378833 0.103446 0.193484 0.415646 -0.567137 -0.068214 0.240247 3.040475 195.000000
3.920000 -0.561254 -0.594813 -3.337275 0.486661 0.353488 0.343503 2.458639 11.501611 0.372266 0.368202 -4.816154 -0.556209 0.622122 0.740394 -11.537270 3.858243 -0.167299 -0.272884 -0.084009 -11.098713 -0.113866 -0.080690 -1.036413 1.005566 -0.930382 -0.926754 -2.318258 -5.850517 -0.342003 -0.334749 -3.788636 1.836944 -0.092275 -0.087045 2.885703 -9.316967 1.566455 1.593446 3.349486 2.962533 0.165579 0.194333 -0.186426 -1.516493 0.164208 0.139900 -0.382118 -0.087002 -0.033057 -0.075205 5.367616 2.147149 0.058622 0.051625 4.660637 -4.590283 -0.173000 -0.234004 0.807752 0.260181 0.662577 0.641148 2.493600 1.840508 -1.173901 -1.216745 -0.222149 -1.312424 0.980796 0.963568 0.323011 0.341578 -0.154076 -0.225873 -0.390385 -0.025548 -0.275327 -0.188417 -0.185155 1.077224 -0.529544 -0.465520 -3.006749 -1.605755 1.060859 1.038099 -0.680623 1.986596 0.899886 0.864628 0.325520 0.177610 0.066987 0.164978 0.364198 -0.593256 -0.074456 0.225177 3.015334 196.000000
3.940000 -0.492134 -0.527765 -2.216929 -3.337275 0.347909 0.337645 3.220783 3.637396 0.392102 0.404804 -7.519247 1.178757 0.579277 0.659550 -4.813171 5.829289 -0.214598 -0.242430 -1.878338 -5.707981 -0.108678 -0.089815 0.117848 -1.036413 -0.917707 -0.913776 -2.663579 -2.318258 -0.332098 -0.321368 -3.812901 0.451466 -0.116118 -0.114202 3.708816 -3.337169 1.506543 1.529990 4.917417 -1.540143 0.150897 0.186767 -0.181715 1.809343 0.161736 0.148637 -0.319018 -0.382118 -0.027030 -0.055450 2.820707 0.353490 0.051022 0.035224 5.124085 -5.014126 -0.189910 -0.225727 0.609125 0.807752 0.650066 0.631119 2.076649 1.357875 -1.160913 -1.203986 -0.136527 -1.135726 0.969756 0.964383 0.339927 0.356698 -0.142814 -0.205261 -0.387935 0.033687 -0.280147 -0.207334 -0.424683 -0.185155 -0.519792 -0.464986 -1.958027 -1.163063 1.067955 1.046999 -0.305404 1.843686 0.893610 0.871144 0.068994 -0.019339 0.037826 0.135550 0.423395 -0.344859 -0.078407 0.211931 2.989596 197.000000
3.960000 -0.438939 -0.469815 -1.812207 -2.216929 0.333782 0.327239 3.485610 5.370015 0.416922 0.434516 -6.623339 2.149232 0.527512 0.592107 -3.754589 3.762745 -0.264271 -0.217603 -3.631968 -1.050425 -0.115863 -0.090850 -0.877578 0.117848 -0.892700 -0.898173 -1.187687 -2.663579 -0.321226 -0.310784 -3.685553 0.052043 -0.127011 -0.139473 5.720557 -3.760859 1.442847 1.462305 6.166843 -2.327510 0.104082 0.173361 -0.352018 2.589907 0.160561 0.154329 -0.283983 -0.319018 -0.003949 -0.036975 3.900118 -1.151689 0.039457 0.025675 3.643339 -3.972396 -0.203859 -0.222574 0.570149 0.609125 0.637518 0.623190 1.652024 1.106588 -1.157406 -1.192579 -0.173982 -0.970061 0.950257 0.961264 0.272023 0.363931 -0.136478 -0.187652 -0.362393 0.024004 -0.267903 -0.220852 -0.166125 -0.424683 -0.526276 -0.468850 -1.378375 -0.826311 1.073833 1.054029 -0.175161 1.131715 0.875955 0.874288 -0.100419 -0.177201 0.006681 0.105782 0.424917 -0.246194 -0.079933 0.199491 2.963813 198.000000
3.980000 -0.394022 -0.417708 -2.099477 -1.812207 0.332484 0.313030 5.716293 5.054475 0.436672 0.453641 -6.485002 1.568865 0.449700 0.532407 -9.013653 4.499575 -0.266046 -0.197828 -3.620718 0.744986 -0.125340 -0.087518 -1.373740 -0.877578 -0.865183 -0.877640 -0.884967 -1.187687 -0.302992 -0.297206 -3.123549 -1.017502 -0.147101 -0.159698 5.329606 -4.703055 1.366558 1.389357 6.583426 -2.829265 0.061084 0.151647 -0.190879 3.337578 0.163155 0.158351 -0.214955 -0.283983 0.010879 -0.017545 2.881699 0.128390 0.032051 0.022023 2.832159 -3.771728 -0.234042 -0.223201 -0.036421 0.570149 0.640692 0.616996 1.641289 0.913003 -1.158888 -1.183912 -0.114344 -0.739021 0.927183 0.954091 0.135490 0.317208 -0.138218 -0.173998 -0.337480 0.045185 -0.278457 -0.230429 -0.671200 -0.166125 -0.563431 -0.477316 -2.040223 -0.601607 1.075161 1.060264 -0.270541 0.776768 0.866453 0.873693 -0.036427 -0.262668 -0.031961 0.074703 0.397250 -0.162249 -0.080599 0.186886 2.936806 199.000000
4.000000 -0.357139 -0.375511 -1.976054 -2.099477 0.334688 0.300257 8.903746 6.100648 0.445898 0.473996 -8.481936 0.384354 0.379101 0.485243 -14.764929 7.120984 -0.249102 -0.180174 -3.616178 -1.892668 -0.124216 -0.086961 -1.058314 -1.373740 -0.846508 -0.852337 -2.521022 -0.884967 -0.295111 -0.283408 -4.257411 -1.103029 -0.157986 -0.175141 5.278381 -4.226577 1.292651 1.310283 8.243670 -3.153899 0.034979 0.124356 0.209290 3.429527 0.183215 0.163560 -0.040545 -0.214955 0.028179 -0.000013 3.197732 0.024770 0.036422 0.018014 4.305320 -2.856929 -0.256376 -0.228919 0.161440 -0.036421 0.644016 0.613868 1.525354 0.877816 -1.160659 -1.178016 -0.063735 -0.763473 0.891745 0.941348 0.105751 0.236485 -0.141479 -0.164486 -0.264551 0.100995 -0.304629 -0.236889 -1.882725 -0.671200 -0.600310 -0.488485 -2.587385 -0.884841 1.066536 1.064760 -0.453024 1.155382 0.857477 0.870891 0.001636 -0.216838 -0.057473 0.043467 0.490046 -0.180411 -0.078924 0.176049 2.915608 200.000000
4.020000 -0.311983 -0.340282 0.933868 -1.976054 0.331517 0.284571 11.965457 8.692841 0.454645 0.491100 -9.431402 -0.210905 0.337397 0.442562 -15.019578 9.993345 -0.210050 -0.164260 -2.881063 -4.771584 -0.121492 -0.085793 -0.892004 -1.058314 -0.824594 -0.824359 -4.177012 -2.521022 -0.288420 -0.271862 -4.768977 -0.510485 -0.165653 -0.184603 4.717410 -4.767896 1.201465 1.226048 7.728154 -4.272943 0.017837 0.096526 0.374381 3.970727 0.212698 0.173174 0.027601 -0.040545 0.036383 0.014827 2.333318 -0.553794 0.024690 0.010652 4.265249 -3.751526 -0.270319 -0.237986 0.237249 0.161440 0.655172 0.613528 1.533387 0.794544 -1.163920 -1.174088 -0.077023 -0.730809 0.861847 0.924325 0.092776 0.185151 -0.144885 -0.158418 -0.184958 0.079400 -0.347958 -0.243604 -2.985862 -1.882725 -0.630479 -0.501954 -3.003114 -1.067180 1.042872 1.065762 -0.785912 1.520204 0.845700 0.866593 -0.095940 -0.244205 -0.087095 0.012900 0.462861 -0.245841 -0.074031 0.167738 2.901734 201.000000
4.040000 -0.272188 -0.310951 3.820122 0.933868 0.326089 0.268034 14.006626 10.698430 0.463339 0.502949 -9.319738 -1.267028 0.323759 0.406116 -11.751476 9.589917 -0.159556 -0.150399 -1.496670 -5.429661 -0.118787 -0.086137 -0.906322 -0.892004 -0.783957 -0.789955 -4.254894 -4.177012 -0.275614 -0.259806 -5.031242 0.025783 -0.168677 -0.187312 3.598995 -4.743194 1.093211 1.130976 7.166420 -4.134380 -0.005267 0.071019 0.205566 3.593773 0.235297 0.187349 -0.094441 0.027601 0.040532 0.027612 0.848921 -0.965965 0.017229 -0.000070 5.059405 -3.299283 -0.266297 -0.247705 0.770905 0.237249 0.665834 0.615732 1.533415 0.805205 -1.155359 -1.170362 -0.006811 -0.728182 0.832537 0.904326 0.127881 0.138867 -0.152350 -0.155464 -0.142167 0.046091 -0.371035 -0.252777 -3.213712 -2.985862 -0.641300 -0.516605 -2.741075 -1.108601 1.019117 1.061742 -0.796287 1.894513 0.835947 0.861392 -0.187841 -0.279400 -0.108306 -0.016282 0.491828 -0.183460 -0.066933 0.160568 2.894470 202.000000
4.060000 -0.271515 -0.286451 -0.212127 3.820122 0.321629 0.251198 16.727527 11.663182 0.479264 0.511800 -7.697326 -2.343444 0.293280 0.378514 -13.652418 6.956334 -0.187611 -0.140091 -2.244619 -4.795142 -0.113821 -0.087421 -0.639323 -0.906322 -0.728272 -0.746867 -2.902055 -4.254894 -0.273823 -0.246845 -7.036923 0.716123 -0.152525 -0.179741 3.528553 -4.315119 0.982512 1.021203 9.046667 -3.731629 -0.025482 0.047392 0.178237 3.434791 0.251110 0.203954 -0.258762 -0.094441 0.032808 0.035458 -1.144026 -2.105242 0.013049 -0.009983 5.945338 -2.954163 -0.242783 -0.256538 1.827958 0.770905 0.675250 0.620626 1.262018 0.770113 -1.146887 -1.165004 -0.185845 -0.763302 0.810499 0.882687 0.268198 0.135024 -0.157837 -0.154993 -0.073962 0.007143 -0.371781 -0.263040 -2.809489 -3.213712 -0.641052 -0.530684 -2.387743 -0.972394 1.010003 1.054032 -0.475874 1.768681 0.840051 0.856895 -0.075119 -0.339834 -0.126808 -0.043172 0.469007 -0.151994 -0.057358 0.153200 2.890251 203.000000
4.080000 -0.254935 -0.266859 -0.080344 -0.212127 0.314424 0.232956 19.053584 12.212427 0.494365 0.519947 -6.284378 -4.515100 0.277838 0.360449 -14.631575 8.446824 -0.172538 -0.133920 -1.549451 -5.205594 -0.111336 -0.089172 -0.461987 -0.639323 -0.677991 -0.697175 -3.568979 -2.902055 -0.263888 -0.236640 -6.510957 1.754185 -0.136271 -0.160079 1.256930 -5.282738 0.868651 0.900174 11.668277 -4.652021 -0.044731 0.024501 0.253326 4.394646 0.261627 0.220437 -0.320437 -0.258762 0.025036 0.034987 -1.344904 -3.544682 0.004000 -0.017232 5.132111 -2.400656 -0.229512 -0.262990 2.133898 1.827958 0.682115 0.628063 0.898451 0.723932 -1.141495 -1.158271 -0.368781 -0.538087 0.796314 0.862397 0.211592 0.171080 -0.166569 -0.156621 -0.045169 -0.097118 -0.365462 -0.272859 -2.280670 -2.809489 -0.637755 -0.542540 -2.194259 -0.955934 1.006454 1.045325 -0.262940 1.431809 0.843963 0.854286 -0.112895 -0.272063 -0.146779 -0.068069 0.415345 -0.196944 -0.043212 0.146136 2.887462 204.000000
4.100000 -0.247152 -0.253198 -0.292451 -0.080344 0.299681 0.214206 19.882677 12.668981 0.505053 0.526506 -5.124543 -6.384603 0.271978 0.352887 -15.848994 8.434491 -0.128127 -0.132011 0.125059 -6.197084 -0.106303 -0.091781 -0.135726 -0.461987 -0.624930 -0.643565 -4.031017 -3.568979 -0.256947 -0.232231 -4.982095 2.627013 -0.114087 -0.132304 -0.698590 -3.883943 0.749906 0.774226 13.385626 -6.017040 -0.041441 0.004033 0.564903 5.651237 0.265269 0.234544 -0.323731 -0.320437 0.013372 0.026273 -0.749772 -3.238508 -0.004705 -0.022574 4.236250 -1.893604 -0.228921 -0.266406 1.863768 2.133898 0.694074 0.637412 0.756011 0.633616 -1.135850 -1.151294 -0.405319 -0.264835 0.789013 0.845154 0.118597 0.128380 -0.175279 -0.160118 -0.003516 -0.083212 -0.353975 -0.281201 -1.790710 -2.280670 -0.638899 -0.551554 -2.302961 -0.965659 1.004786 1.037169 -0.137504 1.228600 0.849855 0.853498 -0.101194 -0.264120 -0.164062 -0.091236 0.392530 -0.151225 -0.024845 0.139679 2.885934 205.000000
4.120000 -0.243139 -0.246196 0.042853 -0.292451 0.289215 0.196159 21.162668 12.503610 0.507468 0.528903 -4.413617 -7.379067 0.269755 0.355363 -18.171420 7.834204 -0.101821 -0.133588 1.256204 -8.014790 -0.114147 -0.095486 -0.132675 -0.135726 -0.566319 -0.588709 -3.281362 -4.031017 -0.249951 -0.234875 -2.117035 2.840342 -0.090904 -0.101868 -2.201259 -2.141752 0.640524 0.651042 15.122860 -7.100673 -0.020276 -0.010487 0.912764 6.284953 0.264944 0.244960 -0.252754 -0.323731 -0.008830 0.010198 -0.943553 -2.493011 -0.015707 -0.027980 3.180861 -1.743239 -0.243774 -0.268231 1.224445 1.863768 0.718975 0.648123 1.090210 0.580665 -1.130582 -1.145058 -0.289046 -0.175346 0.803097 0.834580 0.021579 0.061057 -0.180261 -0.164565 0.048594 -0.057540 -0.329706 -0.286508 -1.200405 -1.790710 -0.636476 -0.557206 -2.542340 -1.082728 1.008670 1.030570 -0.015170 1.220232 0.871655 0.855923 0.039767 -0.246862 -0.177555 -0.112371 0.375880 -0.145668 -0.003314 0.134102 2.887541 206.000000
4.140000 -0.229103 -0.243988 2.859906 0.042853 0.277544 0.181066 21.218665 12.788142 0.503017 0.526685 -4.292235 -8.374526 0.275561 0.365885 -20.095872 8.178731 -0.080920 -0.137614 2.193372 -9.992689 -0.135364 -0.100913 -0.397498 -0.132675 -0.517530 -0.537677 -2.763047 -3.281362 -0.245517 -0.243203 1.006980 2.159147 -0.077859 -0.077166 -3.074546 0.042112 0.558666 0.545162 16.256209 -8.220446 0.006167 -0.017680 1.174621 6.902415 0.254511 0.250442 -0.192403 -0.252754 -0.024159 -0.011275 0.871998 -2.062207 -0.026206 -0.033514 2.087042 -1.118654 -0.264812 -0.270267 0.548768 1.224445 0.753552 0.660238 1.766983 0.689628 -1.133367 -1.140992 -0.148403 -0.400582 0.832614 0.833216 -0.124048 -0.013507 -0.184159 -0.169149 0.068073 -0.035087 -0.299149 -0.287064 -0.750492 -1.200405 -0.626255 -0.558806 -2.708856 -1.263585 1.015993 1.026438 0.031635 1.278755 0.900392 0.863588 0.017705 -0.168057 -0.188849 -0.131251 0.344892 -0.207824 0.019229 0.128609 2.892700 207.000000
4.160000 -0.226238 -0.242728 3.067367 2.859906 0.258157 0.170276 18.843031 12.755450 0.501467 0.522669 -3.681629 -8.463215 0.277264 0.380244 -22.842793 8.464322 -0.099682 -0.142567 1.781861 -11.631551 -0.168416 -0.108610 -0.921473 -0.397498 -0.478918 -0.498038 -1.002320 -2.763047 -0.244471 -0.253518 3.233060 1.033783 -0.073266 -0.065448 -2.457276 2.040763 0.509980 0.473826 15.004548 -8.976181 0.018872 -0.019444 1.176986 7.280028 0.240615 0.250475 -0.092007 -0.192403 -0.034398 -0.035526 3.903801 -0.607522 -0.032467 -0.036908 1.127228 -1.479520 -0.276264 -0.272560 0.126029 0.548768 0.794020 0.674023 2.559309 0.957693 -1.135855 -1.139388 0.011510 -0.809290 0.872100 0.841230 -0.207514 -0.096061 -0.186833 -0.173457 0.075119 0.027988 -0.263534 -0.281869 -0.425481 -0.750492 -0.613997 -0.556358 -2.897348 -1.370245 1.026659 1.025275 0.042604 1.338610 0.920846 0.875745 -0.177245 -0.163594 -0.200426 -0.148171 0.300351 -0.181298 0.040690 0.122245 2.898713 208.000000
4.180000 -0.233562 -0.239847 0.693578 3.067367 0.236204 0.163693 15.191052 11.262330 0.499691 0.517604 -2.770394 -7.580701 0.278520 0.394106 -25.066789 10.134893 -0.148397 -0.146773 0.311400 -12.707900 -0.201661 -0.118574 -1.403881 -0.921473 -0.445683 -0.470085 1.339106 -1.002320 -0.242722 -0.261194 4.458979 -0.387892 -0.075719 -0.066194 -1.291428 2.845168 0.479814 0.439303 11.122924 -8.352058 -0.002305 -0.020564 0.734845 6.652490 0.225324 0.245840 0.003121 -0.092007 -0.046959 -0.059963 6.163647 1.388287 -0.033729 -0.038014 0.857122 -2.515514 -0.276098 -0.273648 -0.099435 0.126029 0.825041 0.689479 2.956335 1.273899 -1.130665 -1.138494 0.154018 -1.285410 0.912116 0.856965 -0.262428 -0.141316 -0.191053 -0.177565 0.060586 0.066198 -0.219234 -0.269889 -0.238849 -0.425481 -0.606965 -0.550874 -3.197337 -1.469976 1.037119 1.026867 0.018560 1.427372 0.934570 0.889627 -0.275018 -0.238798 -0.213349 -0.163801 0.258972 -0.061553 0.059878 0.114817 2.904511 209.000000
4.200000 -0.230385 -0.233707 -0.475946 0.693578 0.205130 0.162700 7.743980 8.980723 0.494977 0.512336 -2.654428 -6.210329 0.287132 0.401411 -22.970709 12.308564 -0.178827 -0.147643 -1.192907 -12.758225 -0.227712 -0.129948 -1.789271 -1.403881 -0.427651 -0.454577 5.158349 1.339106 -0.245640 -0.262601 2.711211 -1.583775 -0.085478 -0.073542 -1.580083 2.875204 0.446512 0.436745 -0.841034 -6.092020 -0.063890 -0.038483 1.551689 5.030904 0.207326 0.222165 3.960965 0.003121 -0.052947 -0.077580 6.052356 2.653263 -0.029866 -0.035155 0.320648 -3.510385 -0.272411 -0.272301 -0.518624 -0.099435 0.832396 0.701819 4.097016 1.401159 -1.116882 -1.135726 0.175657 -1.555177 0.946272 0.879302 -0.657042 -0.161507 -0.198730 -0.182098 0.041115 0.100921 -0.172833 -0.250643 -0.101650 -0.238849 -0.594927 -0.545130 -2.620513 -1.607949 1.041547 1.029718 0.028722 1.589389 0.946178 0.903966 -0.542292 -0.266995 -0.224325 -0.178398 0.248577 0.008023 0.074070 0.107325 2.909169 210.000000
4.220000 -0.213092 -0.222120 -0.442363 -0.475946 0.165747 0.170160 -2.103958 5.199204 0.492769 0.503320 -0.438637 -2.544776 0.324595 0.394390 -12.063067 12.346633 -0.171353 -0.141608 -1.726245 -10.624076 -0.230334 -0.141290 -1.548035 -1.789271 -0.411283 -0.453794 7.963354 5.158349 -0.244333 -0.254916 0.761153 -0.565564 -0.095723 -0.082366 -0.892607 2.145647 0.418751 0.460221 -11.627445 -0.699803 -0.166119 -0.057231 -1.690939 -1.540837 0.165763 0.175988 3.988252 3.960965 -0.057382 -0.077408 3.354360 2.865854 -0.023540 -0.031189 1.025451 -3.186502 -0.271127 -0.267197 -1.094860 -0.518624 0.816862 0.705012 4.302058 1.960679 -1.096836 -1.130140 0.370263 -2.136337 0.956794 0.899931 -0.373117 -0.349078 -0.204696 -0.187158 0.060992 0.307964 -0.120978 -0.224421 -0.315285 -0.101650 -0.568243 -0.541004 -1.741912 -1.324617 1.040848 1.032181 -0.012786 1.295895 0.971351 0.920954 -0.665041 -0.395435 -0.237638 -0.192352 0.216376 0.146857 0.075381 0.100552 2.914691 211.000000
4.240000 -0.204380 -0.204857 -2.614237 -0.442363 0.147757 0.180167 -8.110172 -0.832661 0.489071 0.492218 1.006910 1.271297 0.353846 0.379280 -2.662330 7.277882 -0.181791 -0.133216 -2.240261 -4.785185 -0.207182 -0.152269 -0.581339 -1.548035 -0.413077 -0.445389 4.813430 7.963354 -0.232892 -0.242997 -0.020411 0.065727 -0.104632 -0.095317 0.064042 0.826880 0.384964 0.475596 -19.697283 7.034580 -0.300028 -0.070002 -5.810977 -4.592864 0.157085 0.140544 3.395736 3.988252 -0.063418 -0.069143 -0.428246 1.164454 -0.010246 -0.024002 1.256278 -2.189905 -0.252376 -0.260588 -0.724057 -1.094860 0.802646 0.704324 4.188421 1.965897 -1.088391 -1.122742 0.203195 -2.336160 0.946859 0.912270 -0.023859 -0.217054 -0.208052 -0.192165 0.082199 0.156063 -0.085298 -0.190657 -1.144004 -0.315285 -0.551632 -0.536430 -1.327837 -0.864563 1.034880 1.033581 -0.105931 0.877349 0.999659 0.940712 -0.708970 -0.440709 -0.247490 -0.205612 0.222067 0.224332 0.070857 0.092018 2.921790 212.000000
4.260000 -0.203243 -0.190520 -4.180796 -2.614237 0.160483 0.193140 -8.511945 -4.558541 0.479067 0.478645 2.448235 3.551631 0.364393 0.366801 0.967815 2.948633 -0.166064 -0.127765 -1.532226 0.286303 -0.185401 -0.161290 -0.076082 -0.581339 -0.417211 -0.434168 1.937814 4.813430 -0.223078 -0.226766 -1.861079 -0.021815 -0.115607 -0.107648 0.026836 -0.042226 0.376461 0.481490 -21.571727 14.044167 -0.336784 -0.078778 -6.993096 -5.653116 0.167664 0.117475 3.343183 3.395736 -0.063081 -0.055604 -3.702915 -0.842262 0.003296 -0.010878 0.557458 -0.414016 -0.225306 -0.252440 -0.294338 -0.724057 0.770568 0.701608 3.270619 1.992613 -1.084124 -1.114347 -0.057243 -2.195808 0.924663 0.915954 0.091905 -0.053029 -0.212075 -0.196903 0.076870 -0.029170 -0.073534 -0.154588 -2.024587 -1.144004 -0.555582 -0.531899 -1.611868 -0.610953 1.025245 1.033578 -0.267283 0.716884 1.026793 0.962354 -0.700525 -0.465519 -0.258606 -0.218189 0.200970 0.243452 0.062512 0.084878 2.925810 213.000000
4.280000 -0.185608 -0.180904 -2.294154 -4.180796 0.184408 0.206918 -6.553905 -5.480090 0.467303 0.462482 2.997885 3.031855 0.357502 0.359110 0.530382 0.622360 -0.152424 -0.123217 -1.188839 1.590175 -0.174709 -0.167251 0.487414 -0.076082 -0.391920 -0.424939 5.349308 1.937814 -0.219108 -0.209963 -4.038384 0.917122 -0.122678 -0.118574 0.794212 -0.943957 0.411949 0.486115 -15.806031 15.834879 -0.295560 -0.086857 -5.359185 -5.736848 0.166482 0.103453 3.011568 3.343183 -0.052980 -0.039931 -4.807607 -2.130187 0.009789 0.002927 -0.379404 1.572729 -0.183456 -0.239579 -0.094879 -0.294338 0.730425 0.696865 2.165868 1.663931 -1.073322 -1.105050 -0.134156 -1.606688 0.908986 0.915520 -0.124366 0.007518 -0.215571 -0.201385 0.075884 -0.084388 -0.046493 -0.120982 -1.811845 -2.024587 -0.573883 -0.528133 -2.368641 -0.672292 1.014529 1.032091 -0.402380 0.939576 1.039139 0.983379 -0.760336 -0.450748 -0.262616 -0.229441 0.224198 0.249778 0.052718 0.079781 2.927810 214.000000
4.300000 -0.174053 -0.171507 -2.004395 -2.294154 0.204643 0.220944 -5.188863 -4.775895 0.457420 0.451354 2.627795 1.778010 0.340739 0.354816 -2.250711 0.593151 -0.158287 -0.120732 -1.352897 1.123533 -0.169047 -0.176599 1.239777 0.487414 -0.382516 -0.415895 5.366920 5.349308 -0.214054 -0.197509 -4.832280 1.622086 -0.134294 -0.131054 1.188233 -2.416298 0.433550 0.494292 -13.660636 11.772347 -0.275643 -0.097184 -4.220632 -4.033684 0.174260 0.094792 3.086424 3.011568 -0.025668 -0.024495 -2.477290 -2.214102 0.015259 0.010722 0.031509 2.593505 -0.133854 -0.219132 -0.120824 -0.094879 0.686950 0.688446 1.520547 1.150012 -1.049890 -1.093419 -0.119720 -1.015856 0.898506 0.913893 -0.324029 -0.100125 -0.216400 -0.205269 0.081943 0.024241 -0.017764 -0.090163 -1.566996 -1.811845 -0.604254 -0.526793 -3.050689 -0.983131 1.006446 1.029085 -0.382760 1.385510 1.034722 0.999929 -0.708919 -0.492267 -0.264073 -0.238598 0.204688 0.268069 0.044411 0.073699 2.932821 215.000000
4.320000 -0.158869 -0.159981 -1.715099 -2.004395 0.223899 0.234169 -3.935183 -3.908329 0.451304 0.442384 2.969281 1.280534 0.334218 0.352655 -3.534953 2.102147 -0.163850 -0.119750 -1.292698 -0.148564 -0.159217 -0.186897 1.724255 1.239777 -0.365655 -0.404961 6.071309 5.366920 -0.201283 -0.187900 -3.978603 1.822023 -0.146671 -0.143587 1.099035 -3.010256 0.451072 0.504817 -12.447650 9.877615 -0.277419 -0.109351 -3.769540 -3.783022 0.179061 0.089152 3.201322 3.086424 -0.002416 -0.007899 -1.399918 -1.254399 0.018226 0.014835 0.127035 1.222890 -0.095626 -0.191634 -0.636645 -0.120824 0.669740 0.674416 2.194399 0.820134 -1.022758 -1.078862 -0.024767 -0.700413 0.904226 0.913570 -0.324293 -0.202986 -0.211917 -0.207717 0.092744 0.121043 0.008240 -0.061429 -1.387990 -1.566996 -0.615810 -0.529229 -2.911867 -1.333964 1.008278 1.025896 -0.276943 1.716724 1.043600 1.012442 -0.475676 -0.456804 -0.264841 -0.245666 0.164594 0.252116 0.037294 0.065314 2.939371 216.000000
4.340000 -0.152754 -0.146378 -3.317330 -1.715099 0.221196 0.246059 -6.572146 -3.452232 0.446265 0.436105 2.743638 0.482951 0.339864 0.351599 -2.132743 2.700805 -0.134913 -0.120477 -0.349620 -0.834148 -0.150776 -0.194217 1.874368 1.724255 -0.373734 -0.392466 1.978909 6.071309 -0.187058 -0.179195 -2.791946 1.439784 -0.155938 -0.153457 0.731236 -2.538819 0.417075 0.514549 -20.852693 8.945432 -0.339494 -0.121025 -5.463071 -3.502217 0.186219 0.083362 3.679159 3.201322 -0.000236 0.008564 -4.065656 -0.763476 0.021300 0.019079 -0.272688 0.636442 -0.073517 -0.160255 -1.322371 -0.636645 0.699422 0.657645 4.149121 1.109583 -0.999153 -1.062508 0.071820 -1.084816 0.920736 0.914764 0.042566 -0.208518 -0.210143 -0.208791 0.048392 0.115774 0.036417 -0.034374 -1.099106 -1.387990 -0.613655 -0.533502 -2.535973 -1.317462 1.012555 1.023546 -0.150424 1.594405 1.061021 1.024354 -0.336516 -0.320135 -0.264887 -0.250943 0.127970 0.155541 0.031155 0.055116 2.944326 217.000000
4.360000 -0.135969 -0.133919 -2.085042 -3.317330 0.210731 0.255558 -10.172775 -4.657892 0.437416 0.432005 1.603217 1.914254 0.363087 0.350871 2.469299 1.318797 -0.090446 -0.121869 1.106683 -0.813946 -0.135182 -0.193738 1.183884 1.874368 -0.370478 -0.380825 0.419196 1.978909 -0.174016 -0.171547 -1.504212 1.030355 -0.162695 -0.160506 0.467619 -1.761591 0.384592 0.521537 -28.240250 14.370684 -0.379352 -0.130638 -6.603569 -6.482009 0.188855 0.078289 3.783373 3.679159 -0.007415 0.021898 -7.502145 -1.896484 0.026273 0.024029 -0.293792 2.169172 -0.060866 -0.128700 -1.888747 -1.322371 0.738657 0.643161 5.679297 2.038650 -0.985221 -1.046490 0.176158 -2.110470 0.925899 0.915721 0.270780 -0.002913 -0.206409 -0.208786 0.035868 -0.045479 0.042970 -0.009641 -1.391018 -1.099106 -0.594233 -0.536988 -1.919117 -1.192775 1.018006 1.022605 -0.144098 1.343198 1.063213 1.036358 -0.664017 -0.232243 -0.270812 -0.255551 0.066264 0.104273 0.026597 0.045983 2.947359 218.000000
4.380000 -0.132480 -0.126645 -1.834566 -2.085042 0.208745 0.261787 -11.179583 -5.887996 0.432444 0.428930 1.092447 4.284779 0.380161 0.355291 3.829882 -2.033674 -0.059335 -0.122681 1.785788 0.435624 -0.116665 -0.182561 0.508844 1.183884 -0.357393 -0.370032 0.988336 0.419196 -0.175217 -0.166661 -2.202313 0.518296 -0.162595 -0.166406 1.539295 -0.985915 0.377237 0.525236 -29.954970 18.887902 -0.349064 -0.137658 -5.756813 -9.352348 0.181022 0.073570 3.684761 3.783373 -0.004206 0.029468 -7.426261 -3.604177 0.029052 0.027515 -0.141486 3.897969 -0.045317 -0.099138 -2.071222 -1.888747 0.764897 0.634014 6.233846 2.751570 -0.974158 -1.032013 0.281815 -2.927728 0.924671 0.915865 0.310345 0.117456 -0.206569 -0.208309 -0.002920 -0.153324 0.043811 0.011284 -1.550472 -1.391018 -0.579923 -0.537930 -1.712554 -0.887509 1.024288 1.023455 -0.190547 1.031607 1.059150 1.046648 -0.858533 -0.365140 -0.272928 -0.259845 0.078340 0.298876 0.024564 0.038449 2.950605 219.000000
4.400000 -0.134707 -0.124920 -2.021107 -1.834566 0.202437 0.262693 -11.698760 -6.136015 0.436671 0.428929 1.335443 5.043568 0.391912 0.367021 2.945477 -3.204280 -0.080500 -0.122361 1.181622 0.625602 -0.101706 -0.165280 0.047286 0.508844 -0.340593 -0.359160 2.049904 0.988336 -0.177855 -0.165409 -2.485022 0.331509 -0.158290 -0.171269 3.177157 -1.870804 0.375968 0.525412 -29.670787 19.133904 -0.336725 -0.142281 -5.462281 -10.821066 0.179579 0.069579 3.624949 3.684761 0.004084 0.031407 -5.478783 -3.642388 0.023583 0.028323 -0.981966 3.783874 -0.021499 -0.071291 -2.083326 -2.071222 0.764854 0.629487 5.881700 2.976015 -0.965719 -1.018969 0.298252 -3.257830 0.923006 0.916275 0.159023 0.156633 -0.208495 -0.208120 -0.015198 -0.153713 0.056116 0.027649 -1.034551 -1.550472 -0.572397 -0.536813 -1.660854 -0.761003 1.029399 1.025619 -0.213438 0.951550 1.057502 1.054038 -0.773235 -0.468436 -0.269130 -0.262870 0.099143 0.390097 0.025719 0.032044 2.954813 220.000000
4.420000 -0.142730 -0.126369 -2.928844 -2.021107 0.202220 0.257598 -9.784149 -6.517101 0.441860 0.432508 1.370146 5.181659 0.400255 0.382596 1.207924 -2.325870 -0.137497 -0.126091 0.032782 0.619607 -0.093758 -0.146471 -0.335550 0.047286 -0.331910 -0.347618 1.439636 2.049904 -0.173080 -0.166216 -1.283233 -0.346068 -0.160424 -0.174932 3.276339 -2.831089 0.374421 0.521653 -28.640583 18.779160 -0.352779 -0.144767 -6.101839 -10.891627 0.182391 0.067049 3.667930 3.624949 -0.000686 0.030155 -5.910292 -2.248409 0.019705 0.027048 -1.328949 3.230375 0.012198 -0.044094 -1.762356 -2.083326 0.745685 0.627153 5.031482 2.791724 -0.956691 -1.006716 0.236153 -3.089976 0.924754 0.917547 0.080065 0.087110 -0.207384 -0.208041 0.006119 -0.071912 0.071505 0.040326 -0.485773 -1.034551 -0.560205 -0.534478 -1.412821 -0.723708 1.027338 1.027412 -0.195991 0.937146 1.061520 1.059227 -0.576049 -0.436189 -0.264481 -0.264122 0.074203 0.337046 0.028916 0.026346 2.958974 221.000000
4.440000 -0.153529 -0.131463 -3.427621 -2.928844 0.202334 0.246529 -6.900345 -5.577147 0.441620 0.434447 1.238059 4.207002 0.411710 0.399631 -0.090599 -0.627630 -0.178702 -0.133246 -0.430124 0.580293 -0.092865 -0.128708 -0.539377 -0.335550 -0.327614 -0.336823 0.333023 1.439636 -0.169457 -0.165781 -0.976848 -0.996553 -0.167382 -0.177433 2.320108 -2.279786 0.370352 0.514330 -27.499783 18.725819 -0.376821 -0.144787 -7.066176 -9.914763 0.183699 0.065179 3.737586 3.667930 -0.008373 0.028590 -7.186097 -2.290671 0.022882 0.026229 -0.664486 3.619621 0.044607 -0.017897 -1.304688 -1.762356 0.723664 0.625089 4.258648 2.397664 -0.947725 -0.994755 0.141869 -2.633818 0.925852 0.919084 0.042775 0.036973 -0.206379 -0.207764 0.003213 -0.043092 0.078559 0.051131 -0.454657 -0.485773 -0.550021 -0.531484 -1.244506 -0.608415 1.023178 1.027692 -0.136155 0.804406 1.059098 1.062662 -0.542888 -0.325126 -0.259856 -0.263817 0.038670 0.250923 0.031477 0.022202 2.961666 222.000000
4.460000 -0.157536 -0.138178 -2.955957 -3.427621 0.207042 0.233671 -3.405723 -4.069202 0.438596 0.434325 0.921895 2.831143 0.413424 0.413416 -1.547570 0.355849 -0.213697 -0.146203 -0.521131 0.265250 -0.102972 -0.116173 -0.573685 -0.539377 -0.314040 -0.326248 0.868349 0.333023 -0.163066 -0.161335 -1.356540 -0.671630 -0.177178 -0.181310 1.529918 -1.648478 0.377846 0.504351 -23.751305 18.851671 -0.412550 -0.143192 -8.257984 -8.648112 0.172161 0.063284 3.461014 3.737586 -0.008004 0.029416 -7.823922 -3.260805 0.026821 0.025990 0.121880 3.925291 0.071274 0.006534 -0.933047 -1.304688 0.697563 0.621978 3.542783 2.058390 -0.943656 -0.983668 0.052370 -2.200258 0.932321 0.921928 -0.006417 0.019781 -0.207227 -0.207530 -0.010180 -0.022994 0.081519 0.061296 -0.697409 -0.454657 -0.545776 -0.528246 -1.196715 -0.554175 1.023845 1.027354 -0.098715 0.690330 1.050321 1.063764 -0.544519 -0.290779 -0.251422 -0.261834 0.026209 0.252109 0.030536 0.019541 2.963960 223.000000
4.480000 -0.185020 -0.144018 -7.375034 -2.955957 0.222720 0.223951 0.900209 -2.163809 0.431393 0.431851 0.433857 1.241914 0.386804 0.415978 -5.237442 1.150042 -0.262127 -0.167862 -0.384463 -0.397528 -0.123152 -0.112212 -0.373836 -0.573685 -0.286989 -0.317686 5.275889 0.868349 -0.163900 -0.151949 -4.086691 -0.086689 -0.185752 -0.190063 2.435353 -1.443229 0.439113 0.498079 -11.544525 17.837917 -0.354444 -0.143410 -6.111623 -5.913388 0.137050 0.061246 2.486295 3.461014 0.020467 0.035843 -4.456114 -3.972901 0.034689 0.024149 2.388428 3.851021 0.102894 0.028840 -0.191382 -0.933047 0.673433 0.617503 2.939701 1.745206 -0.942582 -0.974157 -0.031555 -1.797577 0.946670 0.926508 0.135516 0.001881 -0.208384 -0.207573 -0.009391 0.008299 0.069077 0.070833 -1.454632 -0.697409 -0.561571 -0.526586 -1.474345 -0.549000 1.023042 1.027279 -0.174861 0.647715 1.040974 1.061714 -0.341352 -0.285364 -0.242967 -0.258181 -0.009726 0.259155 0.023478 0.017556 2.968884 224.000000
4.500000 -0.197931 -0.149061 -9.054349 -7.375034 0.224303 0.221883 0.033719 0.233176 0.424517 0.416138 4.590967 -0.667033 0.359612 0.416677 -12.583902 2.896303 -0.288691 -0.182677 -3.073015 -2.341139 -0.155740 -0.125191 0.923200 -0.373836 -0.265706 -0.315778 10.062812 5.275889 -0.156473 -0.143356 -3.407849 0.825669 -0.195316 -0.197549 1.058948 -3.261022 0.488768 0.503204 -4.366907 10.184855 -0.254147 -0.148116 -2.536367 -1.359671 0.111340 0.058501 1.895793 2.486295 0.036589 0.041047 -0.947121 -3.422271 0.033755 0.024930 1.323451 1.033843 0.117541 0.049238 -0.340097 -0.191382 0.684513 0.613952 3.096439 1.485628 -0.930384 -0.965334 0.100340 -1.454073 0.973979 0.936419 -0.167073 0.072454 -0.210449 -0.208018 -0.006852 -0.063063 0.056503 0.078154 -1.704934 -1.454632 -0.575320 -0.524717 -2.548314 -0.649742 1.019611 1.027448 -0.353648 0.824603 1.031040 1.057466 -0.343159 -0.165813 -0.239316 -0.253841 -0.061311 0.175539 0.014937 0.015743 2.973585 225.000000
4.520000 -0.208003 -0.151932 -11.096219 -9.054349 0.207331 0.224893 -3.726925 -2.278624 0.421350 0.403737 4.733470 -2.312343 0.341398 0.425034 -17.729101 8.510668 -0.282162 -0.180391 -3.367568 -4.073234 -0.184601 -0.139978 -0.158034 0.923200 -0.274682 -0.316361 8.422008 10.062812 -0.146862 -0.142916 -0.407911 1.174451 -0.201934 -0.201890 0.574193 -2.233399 0.483690 0.515299 -8.236447 4.014711 -0.244327 -0.155622 -1.878494 -0.352196 0.122702 0.055656 2.264356 1.895793 0.041233 0.037057 1.825042 -1.135286 0.028526 0.025650 0.540204 -0.188165 0.110938 0.069091 -1.182019 -0.340097 0.697378 0.612621 3.522518 1.498050 -0.908790 -0.955311 0.284375 -1.598389 0.994582 0.950674 -0.356035 -0.080110 -0.213098 -0.208951 -0.001934 0.086963 0.065745 0.082336 -1.173325 -1.704934 -0.584236 -0.520551 -3.189692 -1.097333 1.014185 1.026869 -0.335696 1.450981 1.018929 1.051160 -0.212941 -0.140924 -0.235597 -0.249538 -0.067434 0.202235 0.013599 0.012372 2.977261 226.000000
4.540000 -0.193712 -0.150455 -9.120955 -11.096219 0.191636 0.225097 -6.641170 -4.230197 0.417221 0.397304 4.757471 -0.503273 0.360217 0.428430 -13.763232 11.295935 -0.261128 -0.177111 -2.851223 -6.433167 -0.195167 -0.148984 -0.670036 -0.158034 -0.289207 -0.315065 4.757749 8.422008 -0.143672 -0.145930 0.847938 -0.083141 -0.206747 -0.205940 0.421449 -0.491052 0.453915 0.525292 -15.371942 5.474496 -0.300476 -0.162468 -3.565658 -2.761951 0.137993 0.053742 2.679768 2.264356 0.041810 0.031094 2.854483 0.642419 0.023876 0.025896 -0.528328 -1.182623 0.093693 0.086019 -1.952625 -1.182019 0.712885 0.610914 4.389553 1.619071 -0.880373 -0.942725 0.470748 -1.903447 1.007992 0.965493 -0.341767 -0.177051 -0.216620 -0.210437 0.002867 0.178984 0.067618 0.085105 -1.034249 -1.173325 -0.598039 -0.517715 -3.435506 -1.426998 1.001713 1.024099 -0.337781 1.762694 1.014736 1.043465 0.008503 -0.072754 -0.234471 -0.245697 -0.077958 0.140188 0.015802 0.008435 2.982185 227.000000
4.560000 -0.196750 -0.148531 -9.767466 -9.120955 0.184721 0.225662 -8.372270 -5.699321 0.416441 0.391732 5.725760 0.941850 0.376816 0.428250 -10.144142 8.940199 -0.235286 -0.174491 -2.050047 -4.823033 -0.197415 -0.153670 -0.998296 -0.670036 -0.299506 -0.311453 1.862232 4.757749 -0.142972 -0.147000 0.771639 -0.634694 -0.211413 -0.211066 0.726421 0.213244 0.427906 0.528624 -20.224811 10.260376 -0.345396 -0.166319 -5.143155 -5.111566 0.150524 0.052548 3.042599 2.679768 0.036244 0.029216 1.383741 1.691406 0.018363 0.025880 -1.522798 -1.163077 0.079123 0.098283 -2.261719 -1.952625 0.720855 0.608019 4.956881 1.959402 -0.857059 -0.927442 0.430588 -2.430150 1.022429 0.979605 -0.208962 -0.172317 -0.223423 -0.212874 -0.000316 0.169450 0.061893 0.085754 -0.862801 -1.034249 -0.604084 -0.517960 -3.214362 -1.548862 0.987713 1.018582 -0.260674 1.886644 1.021908 1.037108 0.174697 0.043230 -0.232704 -0.242436 -0.062849 0.034727 0.016677 0.005393 2.987575 228.000000
4.580000 -0.208864 -0.150379 -11.166510 -9.767466 0.180625 0.227935 -9.868959 -7.049015 0.415099 0.386305 6.465130 1.323255 0.392823 0.427999 -7.044087 6.552205 -0.207465 -0.172546 -1.226889 -3.591937 -0.191862 -0.155896 -0.911159 -0.998296 -0.285229 -0.308914 4.544387 1.862232 -0.139422 -0.145784 1.016050 -0.749030 -0.214498 -0.217126 1.393776 0.022609 0.426612 0.527299 -19.802669 13.825764 -0.340920 -0.167253 -5.207640 -6.399048 0.149929 0.051387 3.078729 3.042599 0.023041 0.030866 -1.893667 1.453269 0.018645 0.025417 -1.336459 0.069529 0.084632 0.105754 -1.663400 -2.261719 0.715547 0.605436 4.703577 2.263147 -0.842698 -0.910800 0.240834 -2.693735 1.026726 0.990980 -0.073335 -0.104323 -0.226496 -0.215933 0.039023 0.104639 0.058491 0.083705 -0.549193 -0.862801 -0.606498 -0.520637 -2.922105 -1.476844 0.974244 1.010608 -0.159426 1.737518 1.026744 1.033407 0.126213 0.118773 -0.225843 -0.238939 -0.028941 -0.055924 0.015412 0.005157 2.993415 229.000000
4.600000 -0.215678 -0.155596 -11.145321 -11.166510 0.174363 0.229970 -11.303093 -8.167045 0.414308 0.382897 6.556694 1.701914 0.399107 0.428440 -5.914793 4.407858 -0.197487 -0.169546 -1.224755 -2.636230 -0.188233 -0.156694 -0.933396 -0.911159 -0.271546 -0.308633 7.497130 4.544387 -0.140017 -0.145217 1.096288 -1.204913 -0.216444 -0.223170 2.170146 -0.188863 0.432150 0.525112 -18.300670 13.661251 -0.335766 -0.166957 -5.110015 -6.141419 0.142307 0.050207 2.867595 3.078729 0.019725 0.032155 -2.535713 -0.278604 0.016304 0.023960 -1.278533 1.615063 0.103669 0.110430 -0.864438 -1.663400 0.710587 0.604257 4.330430 2.231371 -0.827964 -0.893702 0.103039 -2.472206 1.027917 0.999586 -0.013779 -0.056179 -0.229816 -0.219132 0.046397 0.017156 0.065112 0.079705 0.080620 -0.549193 -0.597657 -0.524148 -2.410871 -1.381339 0.961393 1.000801 -0.042019 1.540765 1.028432 1.031885 -0.014351 0.077577 -0.214260 -0.234078 -0.016339 -0.048636 0.014145 0.007154 2.999766 230.000000
4.620000 -0.210827 -0.160415 -9.495746 -11.145321 0.176281 0.229486 -10.371267 -8.929894 0.407990 0.382481 5.246632 2.373200 0.396857 0.425924 -5.266950 3.841669 -0.186243 -0.165283 -1.056826 -2.073123 -0.186961 -0.154399 -1.196302 -0.933396 -0.274101 -0.309548 7.287531 7.497130 -0.139350 -0.146739 1.811963 -1.633217 -0.221046 -0.228855 2.271722 -0.536929 0.433570 0.523849 -17.933990 12.839766 -0.340161 -0.166758 -5.212504 -5.460904 0.135875 0.049359 2.660468 2.867595 0.013217 0.031301 -3.310502 -0.628590 0.014031 0.021286 -1.130690 1.907123 0.114774 0.114147 -0.469546 -0.864438 0.703996 0.604282 3.910917 2.113696 -0.807927 -0.875950 0.060423 -2.216734 1.030494 1.006632 -0.025948 -0.030088 -0.234991 -0.222614 0.038922 -0.016309 0.073433 0.075600 0.458135 0.080620 -0.590726 -0.527429 -2.092684 -1.184426 0.947404 0.989506 0.052428 1.226445 1.025237 1.031169 -0.143984 0.000994 -0.201321 -0.227377 -0.041402 0.015345 0.014273 0.009807 3.006825 231.000000
4.640000 -0.205836 -0.163175 -8.240094 -9.495746 0.172966 0.226505 -10.213054 -7.808950 0.400727 0.379614 4.711660 2.562318 0.395463 0.421744 -4.609436 3.396503 -0.187170 -0.161736 -1.065911 -1.870447 -0.183975 -0.153528 -0.949284 -1.196302 -0.277708 -0.310861 6.799263 7.287531 -0.136963 -0.149459 2.897544 -2.041842 -0.225313 -0.232518 1.858912 -0.229879 0.436251 0.523254 -17.306492 12.730422 -0.332612 -0.166683 -4.988466 -5.203567 0.132212 0.048911 2.527267 2.660468 0.011715 0.028181 -2.763202 -1.089906 0.014570 0.019881 -0.962059 2.220596 0.125151 0.117385 -0.160436 -0.469546 0.698612 0.605017 3.616711 1.925247 -0.793462 -0.857992 -0.040690 -1.985670 1.032814 1.012714 -0.027455 -0.032435 -0.237375 -0.226149 0.059226 -0.006487 0.075315 0.072731 0.448186 0.458135 -0.585922 -0.529773 -1.944592 -1.072556 0.929836 0.976783 0.072519 1.020128 1.024535 1.030654 -0.178396 -0.051291 -0.189619 -0.219193 -0.083396 0.092693 0.015734 0.012248 3.012663 232.000000
4.660000 -0.204937 -0.164507 -7.946294 -8.240094 0.165169 0.223082 -11.104764 -7.462357 0.392763 0.375876 3.928241 2.750697 0.385790 0.417215 -5.623150 3.074306 -0.208432 -0.158997 -1.727346 -1.535130 -0.185524 -0.153277 -0.990979 -0.949284 -0.281598 -0.311320 5.939277 6.799263 -0.133579 -0.152049 4.031022 -2.378228 -0.231924 -0.235391 1.097514 0.519316 0.440738 0.522238 -16.090068 12.254918 -0.329014 -0.166520 -4.900102 -5.051573 0.126932 0.048809 2.338653 2.527267 0.017825 0.024749 -0.922829 -0.900572 0.018755 0.019561 -0.202165 1.862631 0.139285 0.120591 0.261515 -0.160436 0.700555 0.605767 3.684436 1.828701 -0.779761 -0.840616 -0.078316 -1.788011 1.037460 1.018035 0.047476 -0.043340 -0.241228 -0.229633 0.050544 -0.015886 0.077494 0.071502 0.306916 0.448186 -0.575048 -0.531082 -1.633777 -1.008556 0.914418 0.962931 0.141421 0.936037 1.024554 1.030484 -0.237709 -0.047500 -0.178237 -0.210048 -0.111485 0.130896 0.017274 0.014104 3.017524 233.000000
4.680000 -0.198187 -0.165039 -6.611554 -7.946294 0.162003 0.220674 -11.477250 -7.516503 0.381768 0.371172 2.861735 3.588262 0.384138 0.413565 -5.445798 4.058719 -0.218082 -0.157362 -1.929379 -1.564431 -0.185367 -0.153115 -0.994041 -0.990979 -0.281182 -0.309790 5.343797 5.939277 -0.132004 -0.153493 4.407227 -2.564268 -0.236791 -0.238714 0.884600 1.466754 0.443315 0.519963 -14.912072 11.582908 -0.314668 -0.166108 -4.505075 -4.507160 0.123459 0.048968 2.207207 2.338653 0.023055 0.022964 0.133187 -0.360332 0.023358 0.020187 0.436207 0.562497 0.149479 0.123972 0.502946 0.261515 0.702092 0.606383 3.745563 1.881376 -0.774411 -0.825074 -0.117232 -1.803060 1.036469 1.021844 0.099429 -0.001534 -0.243019 -0.232927 0.060879 -0.049010 0.074164 0.071962 -0.064964 0.306916 -0.570584 -0.531473 -1.551896 -0.887599 0.902841 0.949063 0.156081 0.746178 1.024270 1.030723 -0.313234 -0.063112 -0.169202 -0.200561 -0.140245 0.174597 0.017792 0.015128 3.022256 234.000000
4.700000 -0.192653 -0.164216 -5.938759 -6.611554 0.165115 0.219732 -10.860504 -7.169493 0.372692 0.365146 2.416498 4.307757 0.376443 0.411020 -6.578787 4.115911 -0.228468 -0.156777 -2.175720 -1.329887 -0.187800 -0.152859 -1.066142 -0.994041 -0.277813 -0.305228 4.624227 5.343797 -0.126629 -0.153427 5.271261 -2.645913 -0.243343 -0.243003 0.587269 1.761313 0.446300 0.516271 -13.389782 10.708700 -0.304197 -0.165646 -4.191682 -4.203372 0.118994 0.049332 2.044411 2.207207 0.023069 0.023320 -0.187426 -0.151510 0.024597 0.021387 0.402389 -0.284697 0.156123 0.127751 0.525672 0.502946 0.703665 0.606999 3.739045 1.931398 -0.772446 -0.812419 -0.093577 -1.814166 1.038171 1.024943 0.108711 0.019275 -0.244895 -0.235882 0.055545 -0.080154 0.076481 0.073483 -0.152546 -0.064964 -0.567612 -0.530808 -1.663387 -0.853989 0.894031 0.936186 0.137686 0.697908 1.029112 1.031727 -0.306024 -0.086494 -0.158234 -0.190865 -0.134738 0.226739 0.016807 0.014644 3.027178 235.000000
4.720000 -0.191296 -0.161762 -6.334563 -5.938759 0.164085 0.219303 -10.969765 -6.638501 0.369033 0.359400 2.682236 4.222003 0.372302 0.408632 -6.907740 4.860263 -0.238119 -0.156753 -2.430986 -1.718524 -0.187263 -0.152735 -1.044503 -1.066142 -0.279422 -0.298924 2.968466 4.624227 -0.123782 -0.152668 5.660422 -2.929265 -0.246443 -0.246986 0.598509 2.341996 0.438852 0.512054 -14.036805 9.721285 -0.304035 -0.165324 -4.185807 -3.668497 0.118940 0.049826 2.019775 2.044411 0.018989 0.024078 -1.079994 -0.294908 0.023602 0.023313 -0.299446 -0.107482 0.158099 0.132270 0.296932 0.525672 0.702315 0.608135 3.551872 1.916311 -0.771242 -0.802557 -0.056655 -1.822734 1.039651 1.027821 0.068346 0.026583 -0.247145 -0.238599 0.047612 -0.082128 0.080299 0.075326 -0.061485 -0.152546 -0.566281 -0.528617 -1.929848 -0.900536 0.887055 0.924641 0.118695 0.762850 1.034627 1.033593 -0.267056 -0.085643 -0.150550 -0.181284 -0.154920 0.220381 0.015239 0.012916 3.031726 236.000000
4.740000 -0.191402 -0.158742 -6.962651 -6.334563 0.163003 0.218666 -11.029611 -6.826001 0.368156 0.355304 3.065207 4.143765 0.370759 0.406383 -6.839578 5.209042 -0.242650 -0.156945 -2.542435 -1.698698 -0.184695 -0.152627 -0.974302 -1.044503 -0.274813 -0.293201 2.919117 2.968466 -0.122228 -0.152097 5.915784 -3.129466 -0.247826 -0.249478 0.600035 2.530957 0.437055 0.508565 -13.870927 10.040555 -0.299350 -0.165294 -4.006060 -3.996250 0.117549 0.050469 1.942846 2.019775 0.015609 0.023844 -1.533777 -0.390274 0.024066 0.026036 -0.829425 0.689720 0.157905 0.137482 -0.001442 0.296932 0.699997 0.609734 3.349670 1.804264 -0.768262 -0.794774 0.010038 -1.747608 1.041089 1.030721 -0.001612 0.010367 -0.249074 -0.241136 0.044973 -0.057979 0.080205 0.076723 -0.016327 -0.061485 -0.562465 -0.525060 -2.096470 -1.024271 0.881738 0.914544 0.090919 0.905576 1.038922 1.035957 -0.243212 -0.056068 -0.144343 -0.172319 -0.156246 0.210988 0.014091 0.011075 3.035039 237.000000
4.760000 -0.195848 -0.156515 -8.100038 -6.962651 0.162361 0.217928 -11.006071 -7.047409 0.368927 0.352540 3.637396 3.982202 0.367400 0.405151 -7.468079 5.255427 -0.247388 -0.157373 -2.637315 -1.584151 -0.180926 -0.152396 -0.886513 -0.974302 -0.267995 -0.289112 3.739797 2.919117 -0.121258 -0.152099 6.205102 -3.257909 -0.249137 -0.250897 0.509846 2.657874 0.439672 0.506619 -13.209944 9.827839 -0.297069 -0.165763 -3.872190 -4.043089 0.114430 0.051200 1.825443 1.942846 0.013314 0.022419 -1.537121 -0.352176 0.025182 0.028661 -1.054619 1.181601 0.158640 0.143038 -0.214485 -0.001442 0.699872 0.611502 3.266511 1.669816 -0.763702 -0.788237 0.071023 -1.679854 1.043353 1.033717 -0.049389 -0.023292 -0.251278 -0.243546 0.039763 -0.021680 0.077870 0.077222 0.014962 -0.016327 -0.556946 -0.520527 -2.183290 -1.093694 0.878162 0.905962 0.067106 1.002776 1.041547 1.038442 -0.235523 -0.043483 -0.138334 -0.164072 -0.143613 0.199729 0.013472 0.009685 3.037518 238.000000
4.780000 -0.195932 -0.155808 -8.050755 -8.100038 0.168930 0.217429 -9.659198 -7.321733 0.365805 0.349795 3.617923 3.684337 0.365058 0.405531 -8.256194 5.638181 -0.239413 -0.158333 -2.309190 -1.829898 -0.171569 -0.152167 -0.600269 -0.886513 -0.262705 -0.286416 4.401421 3.739797 -0.123393 -0.152622 5.934108 -3.357474 -0.250526 -0.252458 0.634198 2.847628 0.444265 0.506189 -12.399701 9.400693 -0.285709 -0.166807 -3.439277 -3.809251 0.106210 0.051911 1.558264 1.825443 0.010550 0.020057 -1.498154 -0.241251 0.025420 0.029998 -1.045949 1.295870 0.162710 0.148778 -0.296619 -0.214485 0.705750 0.613495 3.368603 1.597744 -0.758251 -0.782342 0.123459 -1.668767 1.044725 1.036422 -0.054843 -0.044576 -0.252877 -0.245812 0.040361 0.004813 0.073854 0.076683 0.023716 0.014962 -0.549935 -0.515147 -2.250238 -1.125198 0.873752 0.898657 0.019318 1.058092 1.043672 1.040874 -0.238001 -0.045955 -0.132081 -0.156394 -0.128554 0.189568 0.013071 0.008840 3.040161 239.000000
4.800000 -0.191416 -0.155762 -7.150612 -8.050755 0.177258 0.217894 -8.279853 -6.638561 0.362565 0.347112 3.440338 3.020638 0.366167 0.407129 -8.471095 5.795332 -0.216830 -0.159804 -1.547992 -2.460862 -0.160943 -0.152073 -0.266529 -0.600269 -0.261439 -0.283896 4.087198 4.401421 -0.126360 -0.152575 5.154965 -3.284153 -0.252227 -0.254240 0.648762 2.649955 0.441893 0.505980 -12.743776 8.683009 -0.270579 -0.167919 -2.979641 -3.716693 0.097759 0.052358 1.322721 1.558264 0.007897 0.017380 -1.493110 -0.226103 0.026175 0.030597 -0.988429 1.272051 0.170042 0.154707 -0.269567 -0.296619 0.709085 0.615803 3.380294 1.622572 -0.747006 -0.776042 0.180907 -1.746031 1.041550 1.038009 -0.061079 -0.047602 -0.256236 -0.248133 0.028014 0.007241 0.070854 0.075506 0.014783 0.023716 -0.542386 -0.508895 -2.328242 -1.134778 0.864696 0.891687 -0.043929 1.115460 1.044336 1.043114 -0.259685 -0.054724 -0.123930 -0.148875 -0.109118 0.183277 0.012243 0.008108 3.042787 240.000000
4.820000 -0.191086 -0.155715 -7.079676 -7.150612 0.181023 0.219952 -8.183670 -5.860096 0.363416 0.345387 3.781429 2.419758 0.368482 0.409345 -8.521052 5.353198 -0.200189 -0.161588 -0.973989 -3.117897 -0.159311 -0.152230 -0.186585 -0.266529 -0.261529 -0.280975 3.446532 4.087198 -0.125072 -0.150879 4.802510 -2.901863 -0.253761 -0.255634 0.532749 2.253102 0.438171 0.504646 -13.013028 8.523189 -0.260827 -0.168521 -2.738597 -4.220588 0.094727 0.052705 1.231444 1.322721 0.006742 0.015053 -1.330319 -0.252341 0.025426 0.031407 -1.335704 1.240770 0.177702 0.161005 -0.289698 -0.269567 0.705766 0.617881 3.245265 1.599693 -0.730487 -0.767945 0.183103 -1.780601 1.036939 1.038352 -0.083984 -0.044547 -0.259742 -0.250699 0.029547 0.016532 0.074308 0.074177 0.206538 0.014783 -0.535671 -0.502015 -2.405074 -1.142156 0.852462 0.883926 -0.051719 1.186085 1.041478 1.044510 -0.251384 -0.075284 -0.114053 -0.141029 -0.099640 0.184402 0.010414 0.007383 3.044389 241.000000
4.840000 -0.196045 -0.156683 -7.631361 -7.079676 0.183495 0.223248 -8.471607 -5.982549 0.364228 0.344101 4.199892 2.201121 0.367654 0.412297 -9.408478 4.963746 -0.188628 -0.163551 -0.554107 -3.557305 -0.167311 -0.152628 -0.395549 -0.186585 -0.261301 -0.278555 3.182718 3.446532 -0.121397 -0.147999 4.871943 -2.667630 -0.256860 -0.256916 0.189746 2.134881 0.443269 0.502590 -11.567560 8.483781 -0.251918 -0.168634 -2.495769 -4.529247 0.093980 0.052897 1.218328 1.231444 0.009981 0.013088 -0.317128 0.002692 0.024244 0.031589 -1.442903 1.333011 0.184859 0.167685 -0.308521 -0.289698 0.701949 0.619184 3.167115 1.531081 -0.714368 -0.757722 0.127765 -1.714184 1.035607 1.038224 -0.093083 -0.056766 -0.260834 -0.253199 0.046158 0.027218 0.079202 0.072919 0.422259 0.206538 -0.532576 -0.494962 -2.559986 -1.176678 0.842593 0.875256 0.005800 1.228396 1.038641 1.044503 -0.148089 -0.075872 -0.103311 -0.132583 -0.103937 0.175512 0.007725 0.007239 3.045309 242.000000
4.860000 -0.201750 -0.159089 -8.131601 -7.631361 0.182309 0.226460 -9.243827 -6.335749 0.364802 0.342354 4.752749 2.135857 0.366101 0.415467 -10.299086 5.104304 -0.172321 -0.165349 -0.050072 -4.304174 -0.177547 -0.153088 -0.692514 -0.395549 -0.256625 -0.277294 4.020876 3.182718 -0.119386 -0.145418 4.886511 -2.530845 -0.261184 -0.258779 -0.193534 2.341099 0.448625 0.500773 -10.189413 7.585725 -0.241105 -0.168665 -2.168645 -3.981835 0.093385 0.053042 1.192168 1.218328 0.014260 0.010972 1.010868 0.562888 0.023475 0.030231 -1.091860 0.880015 0.190376 0.174227 -0.276973 -0.308521 0.703867 0.619771 3.310443 1.519675 -0.701054 -0.746281 0.092423 -1.647440 1.034911 1.037953 -0.088495 -0.069621 -0.262104 -0.255412 0.041937 0.023463 0.079843 0.071991 0.410150 0.422259 -0.532389 -0.488118 -2.770466 -1.282893 0.836462 0.866591 0.041465 1.277093 1.037388 1.043465 -0.051968 -0.022076 -0.092815 -0.123574 -0.118261 0.126013 0.005008 0.008046 3.046644 243.000000
4.880000 -0.201364 -0.161260 -7.801203 -8.131601 0.180414 0.228627 -9.889466 -6.998288 0.364845 0.340367 5.153357 2.245539 0.368741 0.417430 -9.910114 5.185695 -0.156061 -0.166566 0.409160 -5.113391 -0.184867 -0.153478 -0.906830 -0.692514 -0.249955 -0.276122 5.014509 4.020876 -0.116688 -0.143742 5.208293 -2.346489 -0.265360 -0.261161 -0.498451 2.540022 0.449236 0.498939 -9.645142 6.660468 -0.234914 -0.168712 -1.982123 -3.528945 0.093620 0.053295 1.177887 1.192168 0.013573 0.008427 1.441236 1.051364 0.021895 0.027819 -0.827758 0.040496 0.194263 0.180022 -0.216058 -0.276973 0.711107 0.620168 3.568883 1.609010 -0.690723 -0.734796 0.097021 -1.701433 1.032790 1.037218 -0.062002 -0.065216 -0.263696 -0.257417 0.035107 0.023279 0.080589 0.071822 0.308673 0.410150 -0.526958 -0.481565 -2.779869 -1.405966 0.831224 0.858643 0.023490 1.364500 1.034985 1.042054 -0.063313 0.033147 -0.082822 -0.114214 -0.131413 0.085115 0.002888 0.009183 3.048611 244.000000
4.900000 -0.198829 -0.161764 -7.455255 -7.801203 0.179952 0.229628 -10.021314 -7.521412 0.363890 0.338636 5.259235 2.368055 0.370268 0.417439 -9.317111 4.659644 -0.143970 -0.167077 0.718443 -5.250470 -0.190576 -0.153821 -1.070159 -0.906830 -0.248972 -0.274018 4.645380 5.014509 -0.114855 -0.142801 5.481144 -2.354921 -0.269650 -0.263686 -0.843319 2.853372 0.446332 0.496695 -9.717358 6.253663 -0.238513 -0.168784 -2.083784 -3.391478 0.092406 0.053662 1.122609 1.177887 0.010118 0.005305 1.470846 1.134497 0.019368 0.025039 -0.740867 -0.306739 0.196449 0.184822 -0.167677 -0.216058 0.719443 0.621101 3.739758 1.735931 -0.682924 -0.724013 0.107282 -1.832952 1.030559 1.035933 -0.022925 -0.048554 -0.264541 -0.259207 0.035485 0.013447 0.082062 0.072558 0.211998 0.308673 -0.518341 -0.475018 -2.718593 -1.401679 0.825717 0.851438 -0.005319 1.378190 1.032751 1.040574 -0.089684 0.034050 -0.074468 -0.104870 -0.144846 0.097363 0.001437 0.009857 3.050821 245.000000
4.920000 -0.194082 -0.160244 -7.110460 -7.455255 0.178983 0.229079 -9.842756 -7.640274 0.362790 0.337416 5.203093 2.381040 0.366827 0.414816 -9.033981 4.139840 -0.133464 -0.166579 0.898100 -5.177271 -0.195002 -0.154104 -1.202149 -1.070159 -0.251242 -0.271134 3.525109 4.645380 -0.115816 -0.142809 5.451487 -2.318913 -0.273908 -0.266106 -1.228264 3.162232 0.439718 0.494106 -10.466222 6.363171 -0.249371 -0.168885 -2.408771 -3.354187 0.089977 0.054096 1.032508 1.122609 0.004482 0.000962 1.438246 1.105857 0.016252 0.022019 -0.712400 -0.364990 0.195398 0.188536 -0.190851 -0.167677 0.728135 0.623185 3.802570 1.816238 -0.677239 -0.714310 0.119764 -1.923520 1.028544 1.034412 -0.015921 -0.029205 -0.264802 -0.260686 0.033851 -0.006280 0.081527 0.073864 0.085385 0.211998 -0.510105 -0.468066 -2.746409 -1.356637 0.822491 0.845076 -0.020774 1.361956 1.030925 1.039144 -0.113721 0.027581 -0.066735 -0.095819 -0.145616 0.117265 0.000917 0.010066 3.053091 246.000000
4.940000 -0.186657 -0.156892 -6.529157 -7.110460 0.178927 0.227292 -9.390101 -7.522924 0.360787 0.336712 4.882807 2.319832 0.366113 0.409663 -7.853585 3.868563 -0.117339 -0.165053 1.256357 -5.165418 -0.194751 -0.154307 -1.194124 -1.202149 -0.249512 -0.267508 3.017533 3.525109 -0.118617 -0.143416 5.037681 -2.111611 -0.277176 -0.268400 -1.430969 3.339876 0.433876 0.490897 -10.877210 6.972244 -0.249857 -0.168831 -2.448171 -3.493978 0.086298 0.054519 0.914747 1.032508 -0.001704 -0.004509 1.403039 1.075323 0.015028 0.019053 -0.403661 -0.362923 0.192400 0.190806 -0.153202 -0.190851 0.734196 0.626604 3.719098 1.841403 -0.675603 -0.706178 0.123186 -1.961167 1.025076 1.032558 -0.017522 -0.024886 -0.263648 -0.261672 0.034002 -0.008965 0.077361 0.075369 -0.148752 0.085385 -0.504249 -0.460812 -2.813785 -1.362817 0.821934 0.839984 -0.052977 1.383592 1.029279 1.037785 -0.136141 0.015947 -0.058947 -0.087090 -0.139503 0.129668 0.001222 0.009955 3.055320 247.000000
4.960000 -0.183870 -0.152847 -6.792854 -6.529157 0.176150 0.225583 -9.690844 -7.136454 0.359857 0.335863 4.932434 2.253647 0.367411 0.403897 -6.498982 3.019703 -0.109555 -0.163254 1.449952 -4.833883 -0.191499 -0.154449 -1.098010 -1.194124 -0.241917 -0.263001 3.517409 3.017533 -0.120648 -0.143733 4.615065 -1.803356 -0.279690 -0.271053 -1.323013 3.234325 0.430024 0.486993 -10.792889 7.206185 -0.240769 -0.168589 -2.193559 -3.671026 0.083124 0.054886 0.813221 0.914747 -0.008083 -0.010028 1.179250 0.903350 0.013605 0.016133 -0.101444 -0.499689 0.191115 0.191366 0.024306 -0.153202 0.738564 0.631048 3.587415 1.797956 -0.678759 -0.700220 0.111249 -1.921142 1.022288 1.030357 0.009533 -0.025762 -0.262272 -0.262090 0.024442 -0.008240 0.075926 0.076796 -0.239744 -0.148752 -0.500550 -0.453935 -2.838540 -1.380404 0.823018 0.836403 -0.090667 1.433381 1.027588 1.036390 -0.134504 0.001681 -0.051933 -0.078712 -0.137427 0.137822 0.001453 0.009483 3.057693 248.000000
4.980000 -0.184368 -0.149097 -7.563089 -6.792854 0.169083 0.224260 -10.860976 -7.311639 0.359764 0.334732 5.163364 2.379205 0.364294 0.398872 -6.248134 2.202625 -0.119614 -0.161778 1.143391 -4.296357 -0.190142 -0.154505 -1.067255 -1.098010 -0.235669 -0.258369 3.895767 3.517409 -0.119100 -0.143853 4.966853 -1.646026 -0.283203 -0.273937 -1.447337 2.969039 0.427721 0.483231 -10.590749 6.980194 -0.238752 -0.168435 -2.114927 -3.812695 0.083325 0.055271 0.800775 0.813221 -0.014447 -0.015486 1.030880 0.640347 0.012867 0.013471 0.219695 -0.538903 0.193114 0.190516 0.309254 0.024306 0.741156 0.636198 3.399771 1.738083 -0.680879 -0.696252 0.120332 -1.849332 1.020417 1.027956 0.046971 -0.007455 -0.261575 -0.262114 0.009911 -0.016988 0.077590 0.078136 -0.223274 -0.239744 -0.497269 -0.447844 -2.827950 -1.373937 0.825857 0.834305 -0.108177 1.464604 1.025724 1.034836 -0.119947 0.001462 -0.045881 -0.070806 -0.134787 0.135966 0.001391 0.008828 3.060237 249.000000
5.000000 -0.182855 -0.145727 -7.887815 -7.563089 0.162558 0.222708 -11.788494 -8.012170 0.359308 0.334078 5.098602 2.848806 0.358923 0.394529 -6.535244 2.298539 -0.125696 -0.160680 0.962189 -3.949596 -0.188050 -0.154417 -1.023130 -1.067255 -0.231944 -0.254688 4.082447 3.895767 -0.117348 -0.144418 5.525924 -1.759758 -0.285891 -0.276112 -1.695334 3.207095 0.428770 0.480539 -10.031372 6.822352 -0.232084 -0.168592 -1.875858 -3.768397 0.084386 0.055760 0.805023 0.800775 -0.017824 -0.021479 1.648691 0.405593 0.013811 0.011993 0.489165 -0.625287 0.192635 0.188727 0.476761 0.309254 0.746106 0.641832 3.320366 1.639720 -0.678177 -0.693183 0.163783 -1.760052 1.016940 1.025222 0.063116 0.018530 -0.260937 -0.261923 0.002392 -0.028441 0.075299 0.079426 -0.344820 -0.223274 -0.492510 -0.442473 -2.754444 -1.359887 0.829491 0.833603 -0.135505 1.468063 1.024442 1.033286 -0.129750 0.007420 -0.039866 -0.063380 -0.125161 0.127367 0.001616 0.008312 3.062312 250.000000
5.020000 -0.177771 -0.142443 -7.543945 -7.887815 0.161729 0.221009 -11.630717 -8.443548 0.357993 0.333962 4.811552 3.344946 0.353085 0.390692 -7.006173 2.572922 -0.120216 -0.159924 1.137361 -3.962322 -0.188032 -0.154301 -1.019939 -1.023130 -0.228001 -0.251669 4.289569 4.082447 -0.115831 -0.145276 6.001650 -1.915295 -0.287780 -0.277552 -1.851645 3.610629 0.432479 0.478687 -8.987561 6.370056 -0.212541 -0.168974 -1.264365 -3.661316 0.083882 0.056329 0.768885 0.805023 -0.019910 -0.027651 2.436525 0.579763 0.014113 0.011721 0.468974 -1.068928 0.188453 0.186318 0.475285 0.476761 0.752281 0.647566 3.341657 1.578292 -0.672838 -0.690028 0.198875 -1.742074 1.014383 1.022570 0.042675 0.030362 -0.260940 -0.261679 -0.004587 -0.032754 0.072759 0.080439 -0.427129 -0.344820 -0.485888 -0.437632 -2.621039 -1.309470 0.830173 0.833746 -0.189314 1.444975 1.022423 1.031914 -0.182629 -0.002294 -0.033496 -0.056293 -0.113873 0.127455 0.002142 0.007859 3.063744 251.000000
5.040000 -0.172627 -0.139306 -7.100958 -7.543945 0.164608 0.220051 -11.027342 -8.221135 0.355749 0.333579 4.520048 3.409583 0.347860 0.387575 -7.547596 2.681912 -0.105212 -0.159526 1.609484 -4.324261 -0.192639 -0.154399 -1.125186 -1.019939 -0.226660 -0.248239 3.769130 4.289569 -0.113192 -0.145525 6.432443 -2.075003 -0.290803 -0.279229 -2.034969 3.926647 0.433975 0.476611 -8.179931 5.406652 -0.198533 -0.169302 -0.851444 -3.580909 0.082883 0.056835 0.737337 0.768885 -0.022192 -0.032970 2.866885 0.983775 0.013983 0.011744 0.437291 -1.452750 0.185493 0.183654 0.479424 0.475285 0.756211 0.653053 3.326248 1.571391 -0.664435 -0.686039 0.211917 -1.770266 1.013182 1.020294 0.029198 0.023631 -0.261585 -0.261560 -0.007981 -0.019044 0.073102 0.081054 -0.383258 -0.427129 -0.482359 -0.433133 -2.621431 -1.215863 0.825960 0.833582 -0.232497 1.405177 1.022267 1.030767 -0.180412 -0.034378 -0.026894 -0.049391 -0.106145 0.148251 0.002216 0.007202 3.065144 252.000000
5.060000 -0.167598 -0.136470 -6.627210 -7.100958 0.167040 0.220286 -10.753567 -7.773695 0.353539 0.332568 4.360553 3.253647 0.344813 0.385032 -7.689046 2.611751 -0.086083 -0.159315 2.179742 -4.935845 -0.197389 -0.154797 -1.228055 -1.125186 -0.226102 -0.243966 2.903625 3.769130 -0.111657 -0.144596 6.375476 -2.198737 -0.293547 -0.281638 -1.999355 4.233706 0.429485 0.473497 -8.273537 4.704708 -0.197861 -0.169317 -0.870126 -3.475223 0.083848 0.057185 0.772443 0.737337 -0.024965 -0.037028 2.951309 1.214797 0.013069 0.011567 0.322767 -1.652088 0.182997 0.181131 0.443805 0.479424 0.762121 0.658308 3.374654 1.557166 -0.653515 -0.680668 0.209033 -1.769083 1.010192 1.017953 0.027728 0.018590 -0.262411 -0.261649 -0.005676 -0.010609 0.074687 0.081329 -0.284997 -0.383258 -0.482500 -0.428834 -2.773505 -1.194467 0.819177 0.832208 -0.238062 1.426964 1.026051 1.030192 -0.122087 -0.037133 -0.018878 -0.042406 -0.096117 0.143278 0.001356 0.006419 3.066885 253.000000
5.080000 -0.161884 -0.134032 -5.901352 -6.627210 0.172189 0.221500 -10.088815 -7.557060 0.350809 0.331071 4.168220 3.196507 0.344957 0.382872 -7.296507 2.270750 -0.065479 -0.159147 2.799679 -5.418296 -0.198948 -0.155413 -1.238465 -1.228055 -0.224985 -0.239192 2.144008 2.903625 -0.112614 -0.142675 5.685013 -2.188061 -0.295973 -0.284631 -1.825235 4.187416 0.425343 0.469516 -8.233587 4.764999 -0.198184 -0.169057 -0.901632 -3.508538 0.083428 0.057362 0.771510 0.772443 -0.027603 -0.040167 2.952243 1.314271 0.011548 0.011026 0.183049 -1.637038 0.180864 0.178976 0.383158 0.443805 0.769379 0.663619 3.418215 1.582810 -0.643386 -0.674002 0.180902 -1.791843 1.007087 1.015406 0.030492 0.016702 -0.262420 -0.261827 0.002771 -0.011026 0.074436 0.081171 -0.212503 -0.284997 -0.483909 -0.424803 -2.938354 -1.267721 0.813026 0.829594 -0.216290 1.505783 1.030972 1.030519 -0.081260 -0.012985 -0.010223 -0.035105 -0.096332 0.109102 -0.000272 0.005692 3.068922 254.000000
5.100000 -0.155638 -0.132072 -4.975512 -5.901352 0.177599 0.223073 -9.327538 -7.128518 0.348076 0.329471 3.930873 2.960298 0.345721 0.381154 -6.863510 1.626886 -0.043957 -0.159049 3.449364 -5.669621 -0.199543 -0.156155 -1.224431 -1.238465 -0.225024 -0.234827 1.383822 2.144008 -0.114012 -0.140548 5.008101 -1.929889 -0.298604 -0.287669 -1.773947 3.755124 0.422981 0.465877 -8.116325 4.767771 -0.196762 -0.168948 -0.825894 -3.465815 0.081787 0.057385 0.735584 0.771510 -0.030869 -0.043226 2.959887 1.384597 0.009644 0.010108 0.042385 -1.567646 0.179062 0.177216 0.319243 0.383158 0.776239 0.669341 3.379744 1.618656 -0.635395 -0.666644 0.144612 -1.799558 1.006579 1.013256 0.012964 0.013860 -0.262456 -0.261991 0.004065 -0.016632 0.072592 0.080378 -0.150057 -0.212503 -0.486374 -0.421244 -3.094736 -1.361032 0.807893 0.826195 -0.197469 1.577322 1.033854 1.031526 -0.077438 0.007536 -0.002726 -0.027608 -0.108723 0.088796 -0.002079 0.005134 3.070992 255.000000
5.120000 -0.149932 -0.130142 -4.253320 -4.975512 0.181064 0.224209 -8.761076 -6.629205 0.346436 0.328402 3.711936 2.698332 0.344212 0.379326 -6.730149 0.941314 -0.028028 -0.158846 3.897715 -5.922196 -0.201877 -0.156981 -1.261354 -1.224431 -0.225664 -0.231517 0.757025 1.383822 -0.114779 -0.138996 4.654838 -1.617077 -0.301235 -0.290074 -1.933496 3.391024 0.420595 0.463492 -8.313333 4.654458 -0.194688 -0.169311 -0.703397 -3.461867 0.081273 0.057297 0.732759 0.735584 -0.035196 -0.047126 3.036045 1.458751 0.008396 0.009128 -0.014873 -1.501136 0.178758 0.175760 0.317686 0.319243 0.781538 0.675632 3.256877 1.617566 -0.630205 -0.659330 0.105916 -1.762178 1.009473 1.012291 -0.022280 0.004449 -0.263212 -0.262219 0.000570 -0.008514 0.072344 0.079052 -0.047821 -0.150057 -0.488161 -0.418282 -3.189806 -1.448634 0.803492 0.822388 -0.177877 1.646102 1.034332 1.032637 -0.083582 0.015642 0.004045 -0.020171 -0.114790 0.093081 -0.003343 0.004762 3.072655 256.000000
5.140000 -0.146619 -0.127805 -4.129887 -4.253320 0.181303 0.224609 -8.693017 -6.236506 0.346005 0.327929 3.659170 2.524570 0.341958 0.376881 -6.598725 0.550924 -0.018478 -0.158373 4.144175 -6.179225 -0.205798 -0.157889 -1.342714 -1.261354 -0.222805 -0.229059 0.924462 0.757025 -0.115158 -0.138218 4.529096 -1.360671 -0.303698 -0.291864 -2.127584 3.294167 0.421058 0.462327 -8.146246 4.664519 -0.192507 -0.170182 -0.562394 -3.648814 0.080937 0.057133 0.734065 0.732759 -0.038549 -0.052051 3.478065 1.525459 0.008060 0.008168 0.115484 -1.510586 0.179762 0.174549 0.371730 0.317686 0.785918 0.682304 3.131130 1.575481 -0.626596 -0.652598 0.088797 -1.681397 1.014174 1.012742 -0.050926 -0.011425 -0.264080 -0.262586 0.001861 0.010855 0.073545 0.077631 0.035964 -0.047821 -0.487350 -0.415991 -3.143922 -1.505964 0.800312 0.818472 -0.149355 1.683841 1.033538 1.033432 -0.086471 0.015604 0.010510 -0.012925 -0.114362 0.099186 -0.003826 0.004466 3.073876 257.000000
5.160000 -0.142307 -0.124920 -3.927493 -4.129887 0.180383 0.224362 -8.742609 -6.176094 0.345459 0.327760 3.554692 2.516923 0.339810 0.373850 -6.348029 0.307269 -0.010236 -0.157679 4.353608 -6.291457 -0.208978 -0.158874 -1.401309 -1.342714 -0.220894 -0.227021 0.940607 0.924462 -0.116130 -0.138129 4.410618 -1.200756 -0.305726 -0.293349 -2.266638 3.328340 0.422656 0.462176 -7.937683 4.479172 -0.185826 -0.171554 -0.271893 -3.667074 0.081918 0.056933 0.771729 0.734065 -0.041707 -0.057662 4.041804 1.681290 0.007732 0.007199 0.245795 -1.796774 0.180512 0.173584 0.403245 0.371730 0.789615 0.689042 3.023931 1.521167 -0.623905 -0.646686 0.087791 -1.609964 1.018221 1.014210 -0.074776 -0.026394 -0.264680 -0.263048 0.005725 0.024532 0.073730 0.076496 0.033221 0.035964 -0.484430 -0.414339 -3.005819 -1.497284 0.797343 0.814638 -0.133055 1.646639 1.031830 1.033787 -0.103042 0.013945 0.017005 -0.005873 -0.110296 0.100417 -0.003660 0.004061 3.074929 258.000000
5.180000 -0.137510 -0.121412 -3.765125 -3.927493 0.179768 0.223678 -8.682279 -6.148651 0.344668 0.327699 3.403567 2.593958 0.337260 0.370287 -6.065058 0.030709 -0.006321 -0.156807 4.426691 -6.317319 -0.209476 -0.159911 -1.380506 -1.401309 -0.219228 -0.224991 0.839242 0.940607 -0.117907 -0.138479 4.164977 -1.071990 -0.307530 -0.294747 -2.345969 3.338628 0.422528 0.462639 -8.106256 4.165149 -0.171884 -0.173289 0.223565 -3.772535 0.084098 0.056721 0.844874 0.771729 -0.046742 -0.063536 4.221218 1.898004 0.007555 0.006266 0.387800 -2.143800 0.180879 0.172841 0.419812 0.403245 0.791286 0.695465 2.909096 1.468070 -0.622156 -0.641661 0.088595 -1.555861 1.021093 1.016213 -0.096546 -0.040250 -0.264971 -0.263514 0.008388 0.034526 0.072962 0.075768 -0.029852 0.033221 -0.481063 -0.413141 -2.866008 -1.436382 0.794159 0.810923 -0.128366 1.569437 1.030305 1.033807 -0.125879 0.003627 0.023295 0.001002 -0.107678 0.106669 -0.003055 0.003416 3.075958 259.000000
5.200000 -0.133071 -0.117327 -3.767220 -3.765125 0.179471 0.223021 -8.650069 -6.042923 0.344355 0.327800 3.292180 2.639356 0.335985 0.366539 -5.588048 -0.163542 -0.010004 -0.155930 4.303845 -6.228600 -0.208020 -0.161007 -1.296734 -1.380506 -0.215966 -0.222653 0.967568 0.839242 -0.119840 -0.138779 3.801825 -0.909504 -0.308658 -0.296031 -2.337783 3.255473 0.422604 0.463271 -8.232164 3.891715 -0.160545 -0.175200 0.635778 -4.214542 0.085557 0.056466 0.902168 0.844874 -0.052402 -0.069209 4.166199 1.916709 0.008298 0.005738 0.555855 -2.304509 0.181952 0.172237 0.468129 0.419812 0.792027 0.701209 2.830890 1.410250 -0.620118 -0.637393 0.097887 -1.498845 1.023302 1.018323 -0.094266 -0.052467 -0.265276 -0.263943 0.007660 0.044079 0.071018 0.075393 -0.134684 -0.029852 -0.476529 -0.412156 -2.709079 -1.368821 0.791152 0.807336 -0.126434 1.497187 1.031122 1.033897 -0.139416 -0.009100 0.028696 0.007609 -0.108490 0.116778 -0.002362 0.002445 3.076863 260.000000
5.220000 -0.130165 -0.113353 -3.903869 -3.767220 0.181277 0.222986 -8.401254 -5.971124 0.344021 0.327819 3.255367 2.678945 0.333494 0.363540 -5.655465 -0.313352 -0.019528 -0.155416 4.051380 -5.901400 -0.207641 -0.162222 -1.234452 -1.296734 -0.214554 -0.220130 0.748460 0.967568 -0.120804 -0.138641 3.506042 -0.732021 -0.310257 -0.297371 -2.366970 3.069804 0.423697 0.464072 -8.215541 3.657051 -0.156425 -0.177273 0.840415 -4.575114 0.086467 0.056113 0.952223 0.902168 -0.056694 -0.074204 4.187136 1.805172 0.008524 0.005551 0.607463 -2.361027 0.184125 0.171884 0.514686 0.468129 0.790548 0.705926 2.754414 1.366502 -0.618347 -0.633672 0.091924 -1.464389 1.026323 1.020568 -0.087606 -0.050963 -0.265677 -0.264351 0.006419 0.043303 0.070543 0.075177 -0.157865 -0.134684 -0.474429 -0.411268 -2.649354 -1.291323 0.787866 0.803841 -0.126483 1.417757 1.032721 1.034324 -0.145459 -0.015463 0.033979 0.013897 -0.103049 0.123953 -0.001975 0.001225 3.077670 261.000000
5.240000 -0.128331 -0.110231 -4.023201 -3.903869 0.183374 0.223843 -8.278788 -5.828311 0.343070 0.327204 3.300194 2.572944 0.330473 0.361764 -6.068688 -0.097364 -0.027024 -0.155366 3.863432 -5.752829 -0.207841 -0.163585 -1.185673 -1.234452 -0.212948 -0.217594 0.561386 0.748460 -0.121398 -0.137939 3.165284 -0.569536 -0.312396 -0.299260 -2.316073 2.936506 0.423844 0.464964 -8.360475 3.500991 -0.152786 -0.179471 1.022815 -4.714550 0.086858 0.055633 0.990406 0.952223 -0.059400 -0.078227 4.302514 1.789837 0.007861 0.005153 0.604164 -2.397299 0.185748 0.171954 0.511392 0.514686 0.788397 0.709337 2.737988 1.331245 -0.617413 -0.630492 0.088473 -1.423169 1.029488 1.023055 -0.093229 -0.047013 -0.266196 -0.264770 0.005606 0.040593 0.073061 0.075099 -0.089021 -0.157865 -0.474704 -0.410500 -2.672570 -1.261436 0.785815 0.800516 -0.111291 1.387919 1.035124 1.035103 -0.133520 -0.021205 0.039909 0.020000 -0.093951 0.124254 -0.002134 0.000034 3.078807 262.000000
5.260000 -0.125687 -0.107528 -4.038374 -4.023201 0.183827 0.225342 -8.553066 -5.789491 0.342241 0.326062 3.408109 2.489297 0.328713 0.360476 -6.158626 0.244946 -0.031937 -0.155484 3.718212 -5.823742 -0.208402 -0.165065 -1.149015 -1.185673 -0.209617 -0.214736 0.575085 0.561386 -0.121952 -0.136676 2.723686 -0.424605 -0.313989 -0.301690 -2.090080 2.740679 0.421294 0.465437 -8.864381 3.441765 -0.150205 -0.181598 1.147422 -4.918710 0.088172 0.055072 1.051555 0.990406 -0.061407 -0.081320 4.394913 1.849175 0.006768 0.004570 0.507667 -2.453339 0.187908 0.172538 0.490440 0.511392 0.789509 0.711421 2.887810 1.324758 -0.615858 -0.627835 0.115195 -1.413230 1.032210 1.025592 -0.083866 -0.049418 -0.267333 -0.265290 0.003042 0.043811 0.077317 0.075417 -0.009490 -0.089021 -0.474531 -0.409785 -2.694345 -1.280639 0.783779 0.797443 -0.107879 1.391930 1.039445 1.036442 -0.116474 -0.019785 0.046373 0.026104 -0.088716 0.113736 -0.002795 -0.001097 3.080355 263.000000
5.280000 -0.121062 -0.104288 -3.888971 -4.038374 0.184048 0.227073 -8.865386 -5.980587 0.340912 0.324727 3.427044 2.572478 0.327405 0.358597 -5.904542 0.394764 -0.034000 -0.155400 3.622121 -5.763862 -0.210553 -0.166629 -1.159551 -1.149015 -0.205927 -0.210973 0.396517 0.575085 -0.121955 -0.134917 2.306506 -0.316803 -0.316087 -0.304489 -1.899847 2.406883 0.417451 0.464919 -9.360253 3.603752 -0.149675 -0.183460 1.188178 -5.260629 0.090377 0.054503 1.132640 1.051555 -0.062719 -0.083633 4.487926 1.943623 0.005432 0.003950 0.371535 -2.451290 0.189913 0.173747 0.425455 0.490440 0.791372 0.712359 3.079969 1.386307 -0.613910 -0.625564 0.150669 -1.501502 1.034258 1.028005 -0.072676 -0.043454 -0.268602 -0.265977 0.005029 0.040412 0.081652 0.076368 0.021434 -0.009490 -0.475304 -0.409069 -2.750883 -1.293233 0.780523 0.794484 -0.122473 1.401112 1.044154 1.038508 -0.118335 -0.013879 0.052842 0.032286 -0.089284 0.102595 -0.003786 -0.002399 3.082139 264.000000
5.300000 -0.115124 -0.100150 -3.645732 -3.888971 0.184685 0.228612 -8.991051 -6.146215 0.338817 0.323418 3.255483 2.719171 0.325483 0.355513 -5.477678 0.337100 -0.026611 -0.154864 3.775714 -5.567442 -0.213885 -0.168231 -1.211280 -1.159551 -0.204954 -0.206350 -0.419476 0.396517 -0.122485 -0.132935 1.796623 -0.203329 -0.318543 -0.307467 -1.783122 2.103177 0.412535 0.463386 -9.907197 3.822262 -0.147739 -0.184995 1.260057 -5.537991 0.091970 0.053967 1.192577 1.132640 -0.063117 -0.085407 4.699990 2.058195 0.004625 0.003367 0.316727 -2.429731 0.192693 0.175574 0.377568 0.425455 0.793537 0.712455 3.266039 1.464650 -0.611530 -0.623490 0.179415 -1.615319 1.036133 1.030171 -0.046186 -0.038852 -0.269755 -0.266802 0.008985 0.033824 0.084741 0.077997 -0.014378 0.021434 -0.476083 -0.408402 -2.796167 -1.314205 0.776899 0.791455 -0.128404 1.436678 1.048055 1.041138 -0.133193 -0.014525 0.058703 0.038463 -0.093630 0.103809 -0.004864 -0.003907 3.084051 265.000000
5.320000 -0.109656 -0.095535 -3.497310 -3.645732 0.185836 0.229531 -8.834231 -6.123267 0.336867 0.322384 3.025311 2.867784 0.322105 0.351168 -5.115638 0.012774 -0.017679 -0.153773 3.956210 -5.464905 -0.217517 -0.169789 -1.280752 -1.211280 -0.204541 -0.201811 -1.160032 -0.419476 -0.122770 -0.131232 1.470415 -0.006750 -0.320786 -0.310264 -1.715211 1.789872 0.409353 0.461486 -10.161130 4.043837 -0.144824 -0.186317 1.373826 -5.863360 0.092657 0.053462 1.226344 1.192577 -0.064541 -0.087074 4.759097 2.191632 0.004313 0.003001 0.291852 -2.508358 0.196367 0.177903 0.363000 0.377568 0.794975 0.712122 3.375245 1.543312 -0.609682 -0.621509 0.186966 -1.722727 1.038096 1.032097 -0.017482 -0.027586 -0.270512 -0.267670 0.013471 0.018600 0.088147 0.080208 -0.044641 -0.014378 -0.477644 -0.407869 -2.852788 -1.333882 0.773589 0.788331 -0.125961 1.462285 1.049866 1.043851 -0.147197 -0.019782 0.063742 0.044467 -0.096837 0.113411 -0.005644 -0.005245 3.085885 266.000000
5.340000 -0.104703 -0.091157 -3.306442 -3.497310 0.187204 0.229880 -8.573263 -5.929771 0.335697 0.321750 2.861045 2.904460 0.319450 0.346286 -4.662321 -0.298565 -0.017274 -0.152386 3.918166 -5.414203 -0.219920 -0.171264 -1.316599 -1.280752 -0.202284 -0.198198 -1.269989 -1.160032 -0.123370 -0.130008 1.169637 0.122398 -0.322303 -0.312602 -1.625987 1.592813 0.408091 0.459955 -10.195741 4.088663 -0.145657 -0.187632 1.396361 -6.072467 0.092294 0.052960 1.231088 1.226344 -0.065923 -0.088742 4.798858 2.233622 0.004477 0.002998 0.269581 -2.525474 0.200443 0.180634 0.358788 0.363000 0.795248 0.711625 3.424194 1.594140 -0.608759 -0.619711 0.188272 -1.781106 1.040155 1.033930 -0.004601 -0.015476 -0.270842 -0.268467 0.015998 0.002005 0.090937 0.082828 -0.084483 -0.044641 -0.480987 -0.407711 -2.914862 -1.363414 0.771697 0.785359 -0.125328 1.489374 1.051105 1.046249 -0.136618 -0.025180 0.067619 0.050088 -0.098314 0.122017 -0.005968 -0.006079 3.087438 267.000000
5.360000 -0.100776 -0.087338 -3.211698 -3.306442 0.186817 0.230035 -8.668918 -5.717154 0.334936 0.321171 2.845090 2.856109 0.316563 0.341508 -4.301990 -0.497756 -0.024879 -0.150987 3.649125 -5.160077 -0.221493 -0.172647 -1.331654 -1.316599 -0.198760 -0.195299 -1.087803 -1.269989 -0.124100 -0.129044 0.849689 0.228175 -0.324292 -0.314799 -1.570965 1.397812 0.404134 0.458731 -10.748419 4.089698 -0.145548 -0.188976 1.436869 -6.106043 0.093931 0.052488 1.288930 1.231088 -0.068315 -0.090098 4.526475 2.264639 0.004500 0.003053 0.279695 -2.534220 0.204930 0.183796 0.348017 0.358788 0.794178 0.710960 3.440109 1.617961 -0.608168 -0.618190 0.194707 -1.806233 1.041173 1.035630 -0.008187 -0.010299 -0.271352 -0.269177 0.013287 -0.005699 0.094738 0.085742 -0.095617 -0.084483 -0.484506 -0.408195 -2.930233 -1.394767 0.770835 0.782813 -0.131391 1.520095 1.051610 1.048236 -0.134876 -0.019152 0.071974 0.055334 -0.087804 0.117466 -0.006085 -0.006465 3.088888 268.000000
5.380000 -0.097350 -0.083757 -3.243174 -3.211698 0.184368 0.230055 -9.132834 -5.757004 0.333580 0.320101 2.879696 2.911914 0.313751 0.336504 -3.786390 -0.483673 -0.035496 -0.149458 3.261023 -4.785663 -0.221426 -0.173892 -1.308881 -1.331654 -0.194302 -0.192243 -0.881618 -1.087803 -0.124850 -0.128143 0.524474 0.360638 -0.326884 -0.317506 -1.445573 1.210327 0.397693 0.457076 -11.595454 4.336790 -0.139182 -0.190162 1.638286 -6.411629 0.096881 0.052118 1.375288 1.288930 -0.072107 -0.091045 3.906872 2.123390 0.004234 0.002712 0.361562 -2.403085 0.209244 0.187334 0.338727 0.348017 0.790857 0.710030 3.391866 1.622701 -0.608435 -0.617023 0.194951 -1.817408 1.040376 1.036904 -0.015600 -0.010737 -0.271813 -0.269822 0.011725 -0.002550 0.099552 0.089046 -0.105110 -0.095617 -0.483995 -0.409240 -2.804969 -1.399421 0.770862 0.780800 -0.130603 1.530812 1.052383 1.049972 -0.150999 -0.023536 0.076956 0.060408 -0.078404 0.111340 -0.006229 -0.006647 3.090789 269.000000
5.400000 -0.093909 -0.079886 -3.386914 -3.243174 0.180620 0.229729 -9.752753 -6.006265 0.332170 0.318793 2.858712 3.126569 0.310274 0.330704 -3.187386 -0.461264 -0.045873 -0.147616 2.860960 -4.247654 -0.221345 -0.174941 -1.296743 -1.308881 -0.190938 -0.188719 -0.969711 -0.881618 -0.125807 -0.127304 0.179812 0.460550 -0.329037 -0.320540 -1.256635 0.985023 0.390672 0.454617 -12.387708 4.614884 -0.134469 -0.191014 1.766904 -6.980570 0.099695 0.051897 1.450228 1.375288 -0.074407 -0.091789 3.577058 1.772655 0.004733 0.002413 0.470181 -2.134217 0.213709 0.190964 0.372923 0.338727 0.787523 0.708738 3.372013 1.598457 -0.609191 -0.616266 0.194886 -1.793408 1.039244 1.037605 -0.003043 -0.013663 -0.272163 -0.270401 0.010818 0.001937 0.102350 0.092781 -0.196142 -0.105110 -0.480627 -0.410460 -2.621122 -1.337183 0.770828 0.779259 -0.133366 1.467786 1.054635 1.051827 -0.176916 -0.036298 0.080479 0.065248 -0.082892 0.114701 -0.006365 -0.006778 3.093078 270.000000
5.420000 -0.090456 -0.075663 -3.575924 -3.386914 0.177834 0.228963 -10.094240 -6.305733 0.330738 0.317628 2.781959 3.447020 0.304807 0.324074 -2.852741 -0.471920 -0.054472 -0.145479 2.515593 -3.659306 -0.222690 -0.175795 -1.330021 -1.296743 -0.187180 -0.184972 -0.982977 -0.969711 -0.125857 -0.126592 0.049964 0.538412 -0.330981 -0.323490 -1.075034 0.718223 0.386005 0.451483 -12.610741 4.918149 -0.134255 -0.191501 1.754585 -7.469559 0.101710 0.051831 1.497120 1.450228 -0.075248 -0.092436 3.522480 1.553439 0.005249 0.002614 0.455887 -2.023620 0.217209 0.194528 0.381961 0.372923 0.785832 0.707053 3.426454 1.588563 -0.609628 -0.615862 0.207504 -1.783449 1.038270 1.037819 0.013749 -0.006931 -0.272362 -0.270900 0.010195 -0.003888 0.105438 0.096739 -0.246885 -0.196142 -0.477026 -0.411507 -2.478347 -1.243878 0.771545 0.778171 -0.131004 1.377244 1.058326 1.054133 -0.200771 -0.047012 0.083858 0.069748 -0.077848 0.129904 -0.006394 -0.006809 3.095358 271.000000
5.440000 -0.086490 -0.071529 -3.566270 -3.575924 0.176115 0.228003 -10.239728 -6.438099 0.328917 0.316359 2.705370 3.656141 0.299998 0.317173 -2.439019 -0.389888 -0.057068 -0.143250 2.373070 -3.242629 -0.223456 -0.176476 -1.348719 -1.330021 -0.183208 -0.181113 -0.976459 -0.982977 -0.125654 -0.125910 -0.053199 0.512535 -0.332398 -0.326505 -0.733610 0.562499 0.381458 0.447790 -12.701602 5.038560 -0.130535 -0.191661 1.839655 -7.572181 0.103411 0.051913 1.531312 1.497120 -0.075664 -0.092802 3.454663 1.533296 0.004536 0.002973 0.248093 -1.989184 0.219212 0.198091 0.316244 0.381961 0.785110 0.705041 3.520589 1.609475 -0.609659 -0.615697 0.228791 -1.816979 1.036557 1.037585 0.017306 0.001777 -0.272536 -0.271319 0.008854 -0.011972 0.109525 0.100627 -0.212245 -0.246885 -0.473541 -0.412200 -2.372262 -1.173672 0.772443 0.777534 -0.132631 1.304675 1.062885 1.057009 -0.218809 -0.061462 0.087952 0.074042 -0.067620 0.139310 -0.006440 -0.006672 3.097746 272.000000
5.460000 -0.082373 -0.067817 -3.415488 -3.566270 0.175459 0.227116 -10.210235 -6.472549 0.326847 0.314885 2.604213 3.767179 0.294622 0.310525 -2.238488 -0.493847 -0.057795 -0.141133 2.303949 -2.932866 -0.223908 -0.177008 -1.360936 -1.348719 -0.180104 -0.177221 -1.127281 -0.976459 -0.124826 -0.125109 -0.068141 0.393404 -0.333846 -0.329614 -0.402484 0.340205 0.377328 0.443611 -12.628057 5.022570 -0.122928 -0.191504 2.032140 -7.679032 0.105018 0.052128 1.560453 1.531312 -0.075955 -0.092712 3.310010 1.603285 0.003286 0.003145 -0.001404 -1.851378 0.220913 0.201701 0.231355 0.316244 0.781532 0.702709 3.520672 1.645899 -0.610087 -0.615708 0.236983 -1.874690 1.034655 1.037053 0.000252 0.004226 -0.272127 -0.271599 0.010246 -0.013080 0.113144 0.104205 -0.151427 -0.212245 -0.472188 -0.412496 -2.364586 -1.119816 0.772455 0.777177 -0.144770 1.252447 1.067414 1.060349 -0.227618 -0.075594 0.091877 0.078236 -0.065028 0.143215 -0.006672 -0.006343 3.100307 273.000000
5.480000 -0.080062 -0.064750 -3.455796 -3.415488 0.174829 0.226252 -10.153845 -6.407224 0.325025 0.313383 2.532190 3.803011 0.288535 0.304378 -2.311270 -0.544207 -0.058719 -0.139221 2.241052 -2.782695 -0.224088 -0.177377 -1.372541 -1.360936 -0.177385 -0.173704 -1.195864 -1.127281 -0.123582 -0.124337 0.050656 0.235312 -0.335418 -0.332580 -0.161898 0.167172 0.374702 0.439326 -12.315572 4.846823 -0.118459 -0.191135 2.141149 -7.781234 0.105070 0.052454 1.541844 1.560453 -0.075940 -0.092316 3.207858 1.655707 0.001982 0.003014 -0.187352 -1.654303 0.222795 0.205337 0.160939 0.231355 0.777587 0.700058 3.511497 1.641844 -0.610397 -0.615841 0.244111 -1.878828 1.033899 1.036495 -0.014187 -0.004997 -0.271108 -0.271631 0.010077 -0.005249 0.115753 0.107287 -0.087738 -0.151427 -0.472022 -0.412441 -2.409206 -1.109908 0.772191 0.776912 -0.150481 1.254678 1.071216 1.063872 -0.225067 -0.081295 0.095519 0.082319 -0.064297 0.146323 -0.007005 -0.005725 3.102844 274.000000
5.500000 -0.078818 -0.062506 -3.531628 -3.455796 0.173834 0.225294 -10.144685 -6.343017 0.323638 0.312031 2.494772 3.810828 0.282891 0.298881 -2.439229 -0.462405 -0.059445 -0.137559 2.194721 -2.773675 -0.224025 -0.177569 -1.382253 -1.372541 -0.174721 -0.170972 -1.083351 -1.195864 -0.122239 -0.123797 0.249477 0.055621 -0.337312 -0.335194 -0.076961 0.106277 0.372263 0.435335 -12.056797 4.611876 -0.117458 -0.190680 2.151229 -7.703695 0.104951 0.052875 1.516470 1.541844 -0.075722 -0.091837 3.150643 1.697605 0.001163 0.002645 -0.249540 -1.510253 0.224946 0.208874 0.131681 0.160939 0.774746 0.697213 3.530934 1.633693 -0.611042 -0.616100 0.250078 -1.877804 1.033391 1.035967 -0.019093 -0.012132 -0.269906 -0.271374 0.005671 0.002055 0.117694 0.109845 -0.039256 -0.087738 -0.471855 -0.412103 -2.454593 -1.129363 0.772181 0.776686 -0.148736 1.279844 1.073981 1.067282 -0.219587 -0.080385 0.099429 0.086322 -0.060713 0.144682 -0.007268 -0.004688 3.105175 275.000000
5.520000 -0.078922 -0.060926 -3.796969 -3.531628 0.172620 0.224242 -10.164454 -6.319729 0.322496 0.310740 2.525677 3.824957 0.275806 0.293776 -2.855447 -0.364974 -0.064403 -0.136038 2.004340 -2.804203 -0.223958 -0.177607 -1.392623 -1.382253 -0.171027 -0.168810 -0.727850 -1.083351 -0.120130 -0.123416 0.605350 -0.086258 -0.339663 -0.337631 -0.066119 0.163219 0.369836 0.431411 -11.731179 4.475211 -0.116246 -0.190096 2.150765 -7.581586 0.105211 0.053386 1.500510 1.516470 -0.075625 -0.091313 3.057679 1.700091 0.000121 0.001910 -0.244677 -1.450551 0.228304 0.212285 0.146270 0.131681 0.771768 0.694297 3.533528 1.640428 -0.612415 -0.616565 0.250029 -1.890506 1.032453 1.035383 -0.021546 -0.012382 -0.268379 -0.270826 0.001608 0.006711 0.120251 0.111994 0.025549 -0.039256 -0.471415 -0.411505 -2.501114 -1.152928 0.772578 0.776553 -0.145274 1.301664 1.076608 1.070453 -0.204473 -0.079437 0.103525 0.090316 -0.058702 0.140150 -0.007477 -0.003252 3.107380 276.000000
5.540000 -0.079295 -0.059432 -4.196038 -3.796969 0.171064 0.223093 -10.230844 -6.345066 0.321607 0.309594 2.541944 3.819388 0.268685 0.288445 -3.146580 -0.019410 -0.072221 -0.134441 1.707296 -2.874857 -0.223659 -0.177525 -1.397021 -1.392623 -0.166175 -0.166684 -0.207027 -0.727850 -0.118358 -0.122977 0.850372 -0.269616 -0.341266 -0.339945 0.050928 0.335735 0.366612 0.427025 -11.401899 4.312738 -0.112237 -0.189228 2.211003 -7.418442 0.106167 0.053984 1.502517 1.500510 -0.076338 -0.090781 2.812525 1.651178 -0.000808 0.000892 -0.199380 -1.406501 0.231743 0.215617 0.162816 0.146270 0.769585 0.691440 3.543468 1.641750 -0.613512 -0.617236 0.258696 -1.891779 1.030403 1.034496 -0.017132 -0.011577 -0.266862 -0.270020 -0.004237 0.009969 0.121025 0.113875 0.017440 0.025549 -0.471159 -0.410636 -2.564761 -1.177920 0.772465 0.776505 -0.156625 1.323194 1.078912 1.073393 -0.196591 -0.072886 0.106944 0.094245 -0.062033 0.131587 -0.007717 -0.001586 3.109496 277.000000
5.560000 -0.081705 -0.058188 -4.832540 -4.196038 0.170866 0.221757 -9.968238 -6.386394 0.320546 0.308725 2.464831 3.844450 0.261571 0.283059 -3.535978 0.340622 -0.079204 -0.132824 1.458485 -2.805958 -0.222774 -0.177311 -1.391442 -1.397021 -0.163054 -0.164973 0.204071 -0.207027 -0.118222 -0.122654 0.860470 -0.450650 -0.341863 -0.341914 0.261090 0.399722 0.366219 0.422574 -10.647798 4.104605 -0.105635 -0.188191 2.375026 -7.297294 0.106049 0.054660 1.471456 1.502517 -0.076411 -0.090475 2.790313 1.505952 -0.001590 -0.000173 -0.143521 -1.306572 0.233590 0.218729 0.162000 0.162816 0.768643 0.688840 3.557178 1.642386 -0.613545 -0.617922 0.271524 -1.901082 1.028523 1.033276 -0.002673 -0.006448 -0.265289 -0.269012 -0.008803 0.010684 0.120012 0.115433 -0.024983 0.017440 -0.472071 -0.409599 -2.655907 -1.204068 0.772069 0.776463 -0.167269 1.360693 1.080511 1.075999 -0.178428 -0.067279 0.109759 0.097976 -0.063061 0.129312 -0.007891 0.000352 3.111360 278.000000
5.580000 -0.083408 -0.057971 -5.037220 -4.832540 0.171237 0.220111 -9.514712 -6.216535 0.319175 0.308028 2.316246 3.751703 0.256437 0.278530 -3.837362 0.714962 -0.080882 -0.131520 1.415656 -2.821015 -0.220855 -0.176937 -1.360874 -1.391442 -0.160465 -0.164592 0.871205 0.204071 -0.119464 -0.122976 0.799216 -0.560780 -0.342131 -0.343398 0.431820 0.299690 0.368815 0.419232 -9.687280 3.609130 -0.099932 -0.187410 2.566584 -7.038667 0.104663 0.055415 1.398628 1.471456 -0.075700 -0.090679 3.056947 1.466917 -0.002463 -0.001225 -0.106280 -1.323396 0.234321 0.221396 0.162707 0.162000 0.770399 0.686771 3.613727 1.642827 -0.612085 -0.618342 0.292023 -1.914351 1.026796 1.031829 0.006665 0.003065 -0.263667 -0.267843 -0.012381 0.005738 0.118502 0.116517 -0.050787 -0.024983 -0.473690 -0.408602 -2.740158 -1.244319 0.770952 0.776310 -0.181651 1.411588 1.080945 1.078091 -0.160868 -0.057684 0.112506 0.101470 -0.059022 0.120744 -0.007731 0.002803 3.112941 279.000000
5.600000 -0.085214 -0.058715 -5.149511 -5.037220 0.169927 0.218173 -9.353504 -5.915479 0.318734 0.307399 2.346665 3.599233 0.252111 0.275103 -4.152216 0.896577 -0.082113 -0.130671 1.393342 -2.940784 -0.219085 -0.176421 -1.335387 -1.360874 -0.158615 -0.165392 1.520440 0.871205 -0.120561 -0.124031 0.879009 -0.615518 -0.342971 -0.344504 0.444656 0.183698 0.368939 0.417208 -9.408185 2.990567 -0.098227 -0.187049 2.641286 -6.696713 0.104909 0.056277 1.368154 1.398628 -0.076007 -0.091350 3.182441 1.581613 -0.003347 -0.002283 -0.069042 -1.475333 0.235186 0.223545 0.190508 0.162707 0.771542 0.685387 3.615625 1.660852 -0.610395 -0.618341 0.294370 -1.952875 1.023506 1.030030 0.000862 0.009523 -0.262377 -0.266592 -0.017031 0.002858 0.118419 0.117174 -0.028491 -0.050787 -0.475140 -0.407820 -2.789302 -1.279254 0.769430 0.775922 -0.186905 1.460904 1.080507 1.079584 -0.148636 -0.050923 0.115681 0.104819 -0.052489 0.109945 -0.007180 0.005617 3.114334 280.000000
5.620000 -0.088337 -0.059820 -5.537020 -5.149511 0.166783 0.216050 -9.534622 -5.850085 0.318596 0.306604 2.518297 3.503419 0.248096 0.272175 -4.394074 1.070115 -0.084621 -0.130056 1.309332 -3.082100 -0.217004 -0.175778 -1.305044 -1.335387 -0.156418 -0.166423 2.140590 1.520440 -0.121415 -0.125463 1.025990 -0.661833 -0.344567 -0.345687 0.403713 0.217177 0.367244 0.415584 -9.413946 2.797084 -0.093487 -0.186846 2.777928 -6.611101 0.106605 0.057281 1.374003 1.368154 -0.077892 -0.092248 3.006241 1.625742 -0.004209 -0.003509 0.035773 -1.556699 0.234763 0.225113 0.211066 0.190508 0.771673 0.684628 3.567457 1.660627 -0.609340 -0.618004 0.282913 -1.954998 1.018057 1.027552 -0.008002 0.008947 -0.260939 -0.265299 -0.017637 0.008085 0.118014 0.117596 -0.037914 -0.028491 -0.475751 -0.407308 -2.794644 -1.301198 0.767663 0.775240 -0.185469 1.488103 1.079661 1.080531 -0.145721 -0.048074 0.119023 0.108129 -0.049642 0.100562 -0.006451 0.008502 3.115837 281.000000
5.640000 -0.091894 -0.061006 -5.997001 -5.537020 0.164072 0.213722 -9.575639 -6.026460 0.317724 0.305480 2.616938 3.508163 0.244438 0.269224 -4.517536 1.251699 -0.085286 -0.129432 1.263822 -3.142374 -0.214490 -0.174989 -1.269047 -1.305044 -0.155058 -0.167247 2.552631 2.140590 -0.123037 -0.127100 1.060714 -0.714851 -0.346246 -0.347225 0.427940 0.311139 0.365909 0.413768 -9.280864 2.701309 -0.083571 -0.186569 3.054714 -6.712637 0.107780 0.058427 1.361315 1.374003 -0.080832 -0.093365 2.685825 1.485234 -0.004807 -0.004875 0.195676 -1.521007 0.231471 0.225764 0.217733 0.211066 0.771937 0.684426 3.504300 1.642272 -0.608944 -0.617534 0.271153 -1.925185 1.011932 1.024302 -0.010213 0.004818 -0.258956 -0.263898 -0.016061 0.012820 0.114158 0.117784 -0.151047 -0.037914 -0.476430 -0.407003 -2.808143 -1.304588 0.764830 0.774182 -0.194493 1.490057 1.079495 1.081148 -0.144655 -0.048039 0.121827 0.111372 -0.051878 0.097681 -0.005669 0.011375 3.117700 282.000000
5.660000 -0.096533 -0.062720 -6.450692 -5.997001 0.163078 0.210948 -9.135076 -6.096289 0.316087 0.304138 2.580424 3.479350 0.239806 0.266343 -4.902398 1.346288 -0.083222 -0.128759 1.302867 -3.171247 -0.211676 -0.174013 -1.234027 -1.269047 -0.156536 -0.168656 2.706684 2.552631 -0.126147 -0.129299 0.995427 -0.744327 -0.347541 -0.348878 0.493652 0.316387 0.367732 0.412337 -8.750255 2.434929 -0.074752 -0.186319 3.324100 -6.845935 0.106150 0.059677 1.266855 1.361315 -0.082848 -0.095061 2.733570 1.245075 -0.005166 -0.006106 0.335217 -1.440750 0.226109 0.225065 0.250223 0.217733 0.773372 0.684801 3.456244 1.616573 -0.608651 -0.617044 0.261995 -1.887726 1.007649 1.020685 -0.002848 0.002924 -0.256312 -0.262270 -0.015537 0.013137 0.107747 0.117400 -0.275402 -0.151047 -0.479303 -0.406892 -2.893081 -1.306825 0.761181 0.772651 -0.204790 1.501318 1.079522 1.081581 -0.136265 -0.046388 0.124012 0.114431 -0.053124 0.098266 -0.004627 0.014524 3.119814 283.000000
5.680000 -0.100098 -0.065242 -6.558608 -6.450692 0.161617 0.207388 -8.585207 -5.857750 0.314268 0.302711 2.512245 3.277326 0.235225 0.263585 -5.271579 1.510529 -0.077040 -0.128016 1.456803 -3.391869 -0.208476 -0.172821 -1.195031 -1.234027 -0.157197 -0.171385 3.312509 2.706684 -0.130522 -0.132544 0.938840 -0.744540 -0.348531 -0.350387 0.572814 0.250888 0.371900 0.412049 -8.043266 1.975127 -0.068551 -0.186330 3.542210 -6.775127 0.103328 0.061022 1.131110 1.266855 -0.084220 -0.097663 3.116898 1.199177 -0.005776 -0.007139 0.400114 -1.534393 0.220367 0.222956 0.303613 0.250223 0.777060 0.685827 3.463606 1.597125 -0.608737 -0.616627 0.260080 -1.859120 1.004111 1.017025 -0.003083 0.006345 -0.252959 -0.260296 -0.016998 0.009192 0.101237 0.116045 -0.318609 -0.275402 -0.484442 -0.407141 -3.016484 -1.344146 0.758328 0.770779 -0.208442 1.548936 1.079177 1.081810 -0.126272 -0.041571 0.126211 0.117274 -0.049044 0.094694 -0.002986 0.018223 3.122027 284.000000
5.700000 -0.102901 -0.068284 -6.449561 -6.558608 0.160784 0.203045 -7.787122 -5.548726 0.312252 0.301278 2.393857 3.036481 0.231191 0.260760 -5.494650 1.583978 -0.067153 -0.127149 1.713093 -3.687602 -0.204782 -0.171439 -1.142008 -1.195031 -0.159964 -0.175218 3.657799 3.312509 -0.135656 -0.136775 0.874831 -0.755827 -0.349523 -0.351709 0.615019 0.183013 0.375179 0.412786 -7.646826 1.464157 -0.057602 -0.186581 3.892197 -6.579109 0.102169 0.062478 1.042561 1.131110 -0.086953 -0.101058 3.343719 1.358392 -0.006318 -0.008014 0.443882 -1.758506 0.213554 0.219599 0.344450 0.303613 0.780789 0.687516 3.451653 1.601763 -0.609288 -0.616392 0.260021 -1.861843 0.999679 1.013248 -0.008598 0.006958 -0.248776 -0.257864 -0.020224 0.010041 0.094091 0.113531 -0.323831 -0.318609 -0.491106 -0.408030 -3.133309 -1.404021 0.756106 0.768802 -0.213603 1.612463 1.078522 1.081787 -0.112181 -0.038614 0.128722 0.119985 -0.043662 0.087658 -0.000718 0.022342 3.124298 285.000000
5.720000 -0.107780 -0.072092 -6.511229 -6.449561 0.161046 0.198219 -6.718557 -5.090489 0.309808 0.299804 2.211900 2.696632 0.227470 0.258176 -5.796895 1.510472 -0.057653 -0.126247 1.975147 -3.984178 -0.200096 -0.169904 -1.060931 -1.142008 -0.164153 -0.180166 3.997890 3.657799 -0.141545 -0.141722 0.781146 -0.744925 -0.350129 -0.352858 0.698323 0.129906 0.380892 0.414400 -6.965671 1.013247 -0.039917 -0.186987 4.450290 -6.633579 0.100805 0.063996 0.953312 1.042561 -0.091214 -0.105040 3.369164 1.449919 -0.006414 -0.008721 0.539642 -1.893800 0.204944 0.214961 0.382888 0.344450 0.783895 0.689825 3.390967 1.595816 -0.609936 -0.616351 0.258128 -1.855837 0.996171 1.009493 -0.010462 0.005813 -0.243848 -0.254886 -0.026176 0.014411 0.084301 0.109715 -0.356290 -0.323831 -0.498228 -0.409765 -3.214792 -1.459853 0.753299 0.766749 -0.226973 1.673456 1.077258 1.081451 -0.100228 -0.034260 0.130502 0.122537 -0.045038 0.077922 0.001983 0.026905 3.126598 286.000000
5.740000 -0.114167 -0.077233 -6.541640 -6.511229 0.160778 0.193152 -5.733784 -4.465228 0.307188 0.298254 2.009079 2.253329 0.224256 0.256427 -6.236745 1.472392 -0.045943 -0.125499 2.324413 -4.324504 -0.195833 -0.168254 -0.991832 -1.060931 -0.169477 -0.186640 4.470081 3.997890 -0.148308 -0.147299 0.632539 -0.739735 -0.350527 -0.353772 0.763219 0.041412 0.388552 0.417146 -6.160603 0.269726 -0.026789 -0.187608 4.886235 -6.695945 0.097956 0.065500 0.827006 0.953312 -0.094020 -0.109501 3.759737 1.414761 -0.005775 -0.009174 0.712707 -1.954403 0.197281 0.208979 0.506927 0.382888 0.787016 0.692678 3.327235 1.566420 -0.610611 -0.616438 0.249074 -1.824547 0.995116 1.006199 -0.003930 0.007857 -0.238696 -0.251371 -0.036133 0.018319 0.073995 0.104501 -0.351145 -0.356290 -0.505080 -0.412438 -3.239692 -1.493909 0.750451 0.764546 -0.227681 1.720883 1.075278 1.080727 -0.090132 -0.027595 0.131877 0.124847 -0.043374 0.072633 0.005025 0.032108 3.128888 287.000000
5.760000 -0.118728 -0.083574 -6.050990 -6.541640 0.161077 0.188052 -4.663187 -3.871431 0.304667 0.296704 1.808600 1.862352 0.221879 0.255517 -6.625220 1.440146 -0.026745 -0.124928 2.895620 -4.796599 -0.192883 -0.166585 -0.950078 -0.991832 -0.176311 -0.194441 4.813244 4.470081 -0.154919 -0.153257 0.531217 -0.697879 -0.351079 -0.354428 0.750407 -0.065340 0.396891 0.420829 -5.330308 -0.447560 -0.018745 -0.188409 5.163939 -6.608163 0.094655 0.066928 0.694665 0.827006 -0.094878 -0.114101 4.496818 1.523515 -0.005558 -0.009343 0.754027 -2.236222 0.191090 0.202006 0.646356 0.506927 0.790803 0.695921 3.300847 1.539080 -0.611998 -0.616689 0.235269 -1.788154 0.995328 1.003634 -0.004656 0.016101 -0.233232 -0.247377 -0.044675 0.020031 0.065949 0.098002 -0.236567 -0.351145 -0.513031 -0.416122 -3.255215 -1.506006 0.748651 0.762295 -0.214238 1.733686 1.071731 1.079431 -0.081307 -0.023379 0.133801 0.126986 -0.035724 0.066753 0.008282 0.037911 3.131096 288.000000
5.780000 -0.120167 -0.090134 -5.071877 -6.050990 0.163835 0.183305 -3.243738 -3.235893 0.302219 0.295364 1.545344 1.427294 0.221020 0.255022 -6.736150 1.221972 -0.002718 -0.124489 3.617077 -5.403248 -0.191149 -0.165072 -0.919421 -0.950078 -0.182687 -0.202495 5.100771 4.813244 -0.160635 -0.158968 0.450425 -0.640812 -0.351620 -0.354833 0.689903 -0.109595 0.406611 0.424699 -4.142612 -1.063210 -0.004159 -0.189237 5.626005 -6.393518 0.092178 0.068228 0.596556 0.694665 -0.095509 -0.118259 5.100964 1.871396 -0.005621 -0.009208 0.670000 -2.625423 0.186094 0.194704 0.742270 0.646356 0.794642 0.699445 3.273133 1.532789 -0.614411 -0.617293 0.227641 -1.768058 0.995471 1.001736 -0.014801 0.020009 -0.227402 -0.242944 -0.051772 0.024666 0.059756 0.090504 -0.056683 -0.236567 -0.521917 -0.420844 -3.270813 -1.520488 0.748693 0.760331 -0.198553 1.734726 1.068308 1.077494 -0.050000 -0.022791 0.135995 0.129085 -0.031789 0.058516 0.011435 0.043823 3.133073 289.000000
5.800000 -0.123124 -0.096174 -4.545315 -5.071877 0.167030 0.179413 -1.977707 -2.394541 0.300562 0.294365 1.365678 0.849197 0.220518 0.254875 -6.868606 0.756546 0.018605 -0.124264 4.274885 -5.979604 -0.191107 -0.163886 -0.916543 -0.919421 -0.188898 -0.209835 5.193942 5.100771 -0.165149 -0.163791 0.355631 -0.570164 -0.352446 -0.355047 0.547858 -0.119739 0.415591 0.428169 -2.968969 -1.990669 0.019220 -0.190007 6.345748 -6.133281 0.091133 0.069332 0.554653 0.596556 -0.096885 -0.121498 5.322417 2.215482 -0.004792 -0.008648 0.655170 -2.885482 0.182540 0.187550 0.842115 0.742270 0.797019 0.703199 3.183668 1.522746 -0.617632 -0.618384 0.216894 -1.750387 0.996530 1.000491 -0.014417 0.018485 -0.221726 -0.238159 -0.060912 0.033287 0.054857 0.082401 0.133227 -0.056683 -0.529269 -0.426429 -3.233759 -1.536130 0.750357 0.758966 -0.179301 1.734683 1.066468 1.075183 0.000196 -0.009106 0.137526 0.131114 -0.034581 0.040895 0.014106 0.049280 3.134667 289.000000
5.820000 -0.126140 -0.101404 -4.249243 -4.545315 0.167642 0.176861 -1.564984 -1.671692 0.299869 0.293535 1.384001 0.306015 0.222217 0.255272 -6.696703 0.347836 0.035624 -0.124386 4.828661 -6.520770 -0.192806 -0.163133 -0.943888 -0.916543 -0.191136 -0.215696 5.646615 5.193942 -0.167327 -0.167198 0.368846 -0.451744 -0.353880 -0.355394 0.374895 -0.096114 0.422364 0.430757 -1.980343 -3.097146 0.043343 -0.190684 7.083391 -6.066115 0.091551 0.070191 0.566406 0.554653 -0.098002 -0.123466 5.291211 2.333624 -0.003337 -0.007648 0.682186 -2.988794 0.182333 0.180905 0.993065 0.842115 0.798380 0.707061 3.074532 1.483387 -0.621529 -0.619990 0.201516 -1.700281 0.998650 0.999944 -0.004853 0.023248 -0.216802 -0.233220 -0.070871 0.037664 0.053553 0.074283 0.360720 0.133227 -0.530816 -0.432423 -3.035744 -1.527229 0.752604 0.758259 -0.155634 1.706530 1.065821 1.072962 0.022836 0.017388 0.138634 0.132969 -0.034494 0.017192 0.015948 0.053956 3.135971 289.000000
5.840000 -0.127102 -0.105296 -3.900270 -4.249243 0.167293 0.175884 -1.666998 -1.474493 0.299444 0.292609 1.507907 0.090491 0.225076 0.256095 -6.329711 -0.137942 0.051025 -0.124884 5.339771 -6.834645 -0.195536 -0.162881 -0.982400 -0.943888 -0.192186 -0.219208 5.754920 5.646615 -0.167730 -0.168878 0.370520 -0.371870 -0.356081 -0.356286 0.208103 -0.003025 0.425596 0.432044 -1.395721 -4.124037 0.059794 -0.191297 7.595052 -6.104380 0.092728 0.070803 0.607123 0.566406 -0.097953 -0.123981 5.195153 2.304512 -0.002234 -0.006369 0.616692 -2.986698 0.184578 0.175332 1.105057 0.993065 0.799210 0.710858 2.973243 1.436508 -0.625501 -0.622055 0.188101 -1.638024 1.000979 1.000024 0.002048 0.033009 -0.212863 -0.228385 -0.077480 0.037862 0.055267 0.066849 0.581666 0.360720 -0.528437 -0.438159 -2.797243 -1.440055 0.754088 0.757999 -0.134718 1.595689 1.066058 1.071204 0.020830 0.028665 0.140212 0.134694 -0.028130 0.005829 0.016722 0.057434 3.137241 289.000000
5.860000 -0.125961 -0.107238 -3.600853 -3.900270 0.167875 0.176230 -1.784620 -1.587453 0.299223 0.291616 1.662919 0.079545 0.228205 0.256914 -5.846330 -0.690459 0.065442 -0.125658 5.819163 -7.020170 -0.198557 -0.163143 -1.015469 -0.982400 -0.191842 -0.220051 5.606648 5.754920 -0.167528 -0.169038 0.252987 -0.289312 -0.358333 -0.357726 0.112976 0.081208 0.427094 0.432199 -1.003108 -4.785767 0.071618 -0.192026 7.997392 -6.181488 0.093850 0.071196 0.648714 0.607123 -0.097970 -0.123332 4.927423 2.289230 -0.001459 -0.004885 0.447242 -2.905922 0.186715 0.171323 1.096313 1.105057 0.800115 0.714528 2.879023 1.392571 -0.629658 -0.624534 0.181013 -1.580672 1.002853 1.000573 -0.005017 0.039764 -0.209920 -0.223887 -0.078981 0.037716 0.057295 0.060612 0.712028 0.581666 -0.525993 -0.443007 -2.670982 -1.331262 0.754981 0.757958 -0.121498 1.465981 1.066744 1.070025 0.011295 0.024480 0.142129 0.136407 -0.024258 0.003650 0.016557 0.059403 3.138536 289.000000
5.880000 -0.124921 -0.107123 -3.697941 -3.600853 0.167912 0.177397 -2.100272 -1.723769 0.299220 0.290624 1.863147 0.060851 0.230830 0.257559 -5.432127 -1.278271 0.077022 -0.126646 6.217366 -7.124601 -0.201461 -0.163853 -1.040844 -1.015469 -0.190170 -0.218623 5.366907 5.606648 -0.166676 -0.168289 0.184364 -0.182981 -0.360628 -0.359527 0.058230 0.070006 0.427597 0.431954 -0.852817 -5.272563 0.079649 -0.193174 8.327386 -6.275671 0.094852 0.071421 0.686425 0.648714 -0.097847 -0.122095 4.653790 2.240091 -0.000551 -0.003275 0.297020 -2.687333 0.188514 0.168979 1.020474 1.096313 0.800577 0.718058 2.780980 1.349005 -0.634405 -0.627454 0.175653 -1.530018 1.004916 1.001553 -0.020170 0.036982 -0.207739 -0.219875 -0.075096 0.041999 0.059592 0.055821 0.769970 0.712028 -0.524155 -0.446615 -2.649272 -1.274742 0.755747 0.758048 -0.112094 1.396240 1.068098 1.069388 0.015234 0.017777 0.143614 0.138106 -0.026440 0.006481 0.015860 0.059814 3.139845 289.000000
5.900000 -0.123582 -0.105512 -3.924961 -3.697941 0.166616 0.178942 -2.703430 -1.981709 0.299130 0.289504 2.096175 0.118562 0.233280 0.258163 -5.068875 -1.772875 0.087246 -0.127814 6.574742 -7.205001 -0.203801 -0.164896 -1.052027 -1.040844 -0.188724 -0.215739 4.922213 5.366907 -0.164868 -0.167255 0.328235 -0.121297 -0.363265 -0.361636 -0.004220 0.063067 0.426876 0.432038 -1.098123 -5.585964 0.083967 -0.194940 8.574799 -6.438781 0.096228 0.071527 0.735340 0.686425 -0.097509 -0.120722 4.447099 2.178385 0.000104 -0.001757 0.150730 -2.475405 0.189070 0.168054 0.891487 1.020474 0.800689 0.721317 2.707900 1.302663 -0.639459 -0.630840 0.177916 -1.478316 1.007138 1.002960 -0.044431 0.027463 -0.206129 -0.216408 -0.067916 0.047633 0.061773 0.052546 0.762839 0.769970 -0.522881 -0.448932 -2.693576 -1.268589 0.755680 0.758160 -0.113743 1.380683 1.069293 1.069167 0.019686 0.020837 0.144639 0.139697 -0.027937 0.005603 0.015020 0.058977 3.141313 289.000000
5.920000 -0.121147 -0.103101 -4.002393 -3.924961 0.165516 0.180731 -3.321373 -2.399802 0.298915 0.288215 2.329924 0.303628 0.236430 0.258970 -4.647065 -2.212526 0.097008 -0.129157 6.926123 -7.281401 -0.205481 -0.166182 -1.041624 -1.052027 -0.186792 -0.212119 4.508492 4.922213 -0.162100 -0.166170 0.655175 -0.162007 -0.366087 -0.363976 -0.075919 0.166228 0.426005 0.432732 -1.502939 -5.641944 0.088095 -0.197300 8.822412 -6.740066 0.097970 0.071517 0.800418 0.735340 -0.097601 -0.119367 4.160223 2.148185 0.000520 -0.000421 -0.009064 -2.298914 0.188766 0.168170 0.744791 0.891487 0.800802 0.724122 2.680461 1.264992 -0.644446 -0.634653 0.190151 -1.442908 1.008883 1.004627 -0.069905 0.011743 -0.205004 -0.213491 -0.059562 0.056173 0.063712 0.050712 0.708410 0.762839 -0.522737 -0.450121 -2.792954 -1.289917 0.754994 0.758174 -0.123054 1.403659 1.069999 1.069186 0.021692 0.023812 0.145631 0.141145 -0.025592 0.004125 0.014195 0.057327 -3.140193 289.000000
5.940000 -0.119129 -0.100489 -4.117306 -4.002393 0.165117 0.182886 -3.894924 -2.825648 0.298666 0.286855 2.555063 0.495724 0.239792 0.260317 -4.342680 -2.677128 0.104396 -0.130735 7.220242 -7.324193 -0.206796 -0.167674 -1.017111 -1.041624 -0.184410 -0.208258 4.204792 4.508492 -0.159338 -0.164950 0.936416 -0.289628 -0.368903 -0.366395 -0.153757 0.365547 0.425716 0.434022 -1.903651 -5.618312 0.092087 -0.200105 9.063630 -7.121251 0.099645 0.071362 0.871197 0.800418 -0.097573 -0.117983 3.882221 2.084644 0.001123 0.000817 -0.127749 -2.075580 0.188338 0.168964 0.618012 0.744791 0.801425 0.726343 2.709614 1.245155 -0.648742 -0.638741 0.210410 -1.435306 1.009895 1.006270 -0.082789 -0.005172 -0.204160 -0.211084 -0.050354 0.064733 0.065344 0.050135 0.624604 0.708410 -0.524513 -0.450503 -2.945191 -1.334950 0.754132 0.758068 -0.136672 1.458004 1.070501 1.069288 0.031984 0.023642 0.146910 0.142509 -0.021626 0.001950 0.013321 0.055207 -3.138437 289.000000
5.960000 -0.117479 -0.098011 -4.260150 -4.117306 0.165011 0.185418 -4.470880 -3.224994 0.298512 0.285473 2.801814 0.669931 0.242937 0.262294 -4.190185 -3.041674 0.108926 -0.132526 7.425883 -7.384354 -0.208124 -0.169339 -0.991317 -1.017111 -0.180898 -0.204460 4.165747 4.204792 -0.156914 -0.163585 1.132015 -0.391330 -0.371652 -0.368824 -0.217990 0.545087 0.426478 0.435869 -2.200461 -5.592116 0.095401 -0.203241 9.286625 -7.495766 0.100870 0.071048 0.932867 0.871197 -0.097312 -0.116598 3.664491 2.004985 0.001504 0.001902 -0.237037 -1.877236 0.188229 0.170208 0.507466 0.618012 0.802758 0.727956 2.787536 1.249602 -0.652030 -0.642857 0.233892 -1.460012 1.010502 1.007737 -0.089542 -0.016217 -0.203370 -0.209103 -0.040973 0.066572 0.066630 0.050523 0.536432 0.624604 -0.526595 -0.450410 -3.084623 -1.404260 0.753171 0.757868 -0.154564 1.540932 1.070864 1.069409 0.039496 0.026805 0.148430 0.143872 -0.019312 -0.005179 0.012369 0.052860 -3.136682 289.000000
5.980000 -0.116500 -0.095704 -4.501222 -4.260150 0.165217 0.188192 -5.011083 -3.636347 0.298307 0.284088 3.035613 0.834533 0.245355 0.264645 -4.209811 -3.266395 0.109592 -0.134386 7.500254 -7.456580 -0.209508 -0.171142 -0.966425 -0.991317 -0.177652 -0.200857 4.129926 4.165747 -0.154655 -0.162156 1.291555 -0.457013 -0.374618 -0.371263 -0.322348 0.675003 0.427543 0.438192 -2.513301 -5.604713 0.097383 -0.206615 9.465584 -7.805174 0.101583 0.070580 0.983666 0.932867 -0.096712 -0.115313 3.547533 1.950764 0.002001 0.002718 -0.258345 -1.713727 0.188793 0.171752 0.435239 0.507466 0.803716 0.728993 2.868484 1.276822 -0.654594 -0.646780 0.249009 -1.510714 1.010996 1.008992 -0.088788 -0.024284 -0.202458 -0.207431 -0.032602 0.065258 0.067654 0.051590 0.448416 0.536432 -0.528590 -0.450091 -3.196949 -1.465029 0.752227 0.757589 -0.169360 1.619594 1.071570 1.069587 0.047319 0.029404 0.150154 0.145295 -0.018750 -0.010092 0.011398 0.050407 -3.134917 289.000000
6.000000 -0.116310 -0.093502 -4.896024 -4.501222 0.165196 0.191052 -5.591750 -4.023348 0.298030 0.282696 3.259200 0.987735 0.247037 0.267001 -4.322154 -3.310278 0.105800 -0.136130 7.420025 -7.520089 -0.210931 -0.173045 -0.943903 -0.966425 -0.173477 -0.197471 4.316461 4.129926 -0.152502 -0.160718 1.435018 -0.484604 -0.377415 -0.373743 -0.377650 0.806952 0.429143 0.440818 -2.749601 -5.577501 0.098863 -0.210114 9.622498 -8.090802 0.101872 0.069970 1.023813 0.983666 -0.096107 -0.114199 3.473634 1.902939 0.002437 0.003198 -0.216027 -1.644594 0.190173 0.173480 0.401261 0.435239 0.804007 0.729484 2.940795 1.309737 -0.656733 -0.650375 0.254854 -1.558746 1.011162 1.009987 -0.082762 -0.028093 -0.201356 -0.205949 -0.026261 0.060695 0.068727 0.053134 0.367343 0.448416 -0.530226 -0.449735 -3.271136 -1.513795 0.751355 0.757240 -0.180562 1.683154 1.072292 1.069880 0.045204 0.033034 0.151871 0.146792 -0.020247 -0.014285 0.010467 0.047948 -3.133109 289.000000
6.020000 -0.116736 -0.091320 -5.415918 -4.896024 0.165140 0.193873 -6.156046 -4.425475 0.297584 0.281304 3.447193 1.166275 0.248074 0.269071 -4.475108 -3.196181 0.097403 -0.137626 7.184960 -7.518335 -0.212193 -0.175000 -0.919930 -0.943903 -0.169098 -0.194279 4.583068 4.316461 -0.150791 -0.159308 1.500287 -0.528684 -0.379942 -0.376269 -0.372563 0.906334 0.430705 0.443572 -2.997461 -5.572643 0.100102 -0.213639 9.763695 -8.322245 0.101957 0.069244 1.058538 1.023813 -0.095677 -0.113292 3.409398 1.844831 0.002878 0.003364 -0.120293 -1.628803 0.192173 0.175307 0.399939 0.401261 0.803847 0.729460 3.011249 1.342971 -0.658515 -0.653591 0.254903 -1.597824 1.011032 1.010668 -0.068665 -0.028251 -0.199979 -0.204544 -0.021824 0.054511 0.069784 0.055037 0.285239 0.367343 -0.531721 -0.449496 -3.313206 -1.545287 0.750430 0.756819 -0.189233 1.725849 1.072916 1.070294 0.036470 0.032726 0.153541 0.148343 -0.021972 -0.012479 0.009615 0.045536 -3.131236 289.000000
6.040000 -0.117412 -0.089187 -5.963438 -5.415918 0.165073 0.196539 -6.673178 -4.801619 0.296840 0.279927 3.570859 1.354426 0.248544 0.270711 -4.640653 -2.949987 0.085723 -0.138804 6.836504 -7.425095 -0.212973 -0.176948 -0.888232 -0.919930 -0.165199 -0.191360 4.827981 4.583068 -0.149877 -0.157991 1.437906 -0.563862 -0.382084 -0.378797 -0.297657 0.936425 0.431918 0.446370 -3.317001 -5.550658 0.102011 -0.217109 9.916308 -8.548118 0.101840 0.068434 1.086367 1.058538 -0.095377 -0.112620 3.370022 1.764845 0.003223 0.003310 -0.013994 -1.644553 0.194080 0.177144 0.408179 0.399939 0.803278 0.728946 3.081508 1.378173 -0.659976 -0.656416 0.252415 -1.633076 1.010503 1.010998 -0.052169 -0.023421 -0.198321 -0.203122 -0.019479 0.045245 0.070720 0.057213 0.201008 0.285239 -0.533358 -0.449511 -3.331215 -1.561986 0.749284 0.756294 -0.196253 1.751220 1.073295 1.070786 0.023470 0.029221 0.155150 0.149921 -0.023279 -0.007249 0.008886 0.043257 -3.129318 289.000000
6.060000 -0.117835 -0.087197 -6.418076 -5.963438 0.165088 0.198954 -7.113013 -5.122019 0.295722 0.278566 3.618000 1.551160 0.248840 0.271869 -4.741881 -2.615630 0.073699 -0.139633 6.465862 -7.256282 -0.213060 -0.178826 -0.843671 -0.888232 -0.161761 -0.188824 5.069208 4.827981 -0.149601 -0.156835 1.287090 -0.570125 -0.383866 -0.381284 -0.164010 0.867781 0.432891 0.449158 -3.672650 -5.501073 0.106061 -0.220452 10.121758 -8.818075 0.101572 0.067573 1.107891 1.086367 -0.095244 -0.112177 3.338212 1.692008 0.003462 0.003129 0.084272 -1.678014 0.195675 0.178900 0.419805 0.408179 0.802293 0.727960 3.152480 1.414546 -0.661233 -0.658877 0.249477 -1.666962 1.009458 1.010945 -0.036363 -0.016345 -0.196390 -0.201611 -0.018893 0.035824 0.071504 0.059563 0.119622 0.201008 -0.535163 -0.449900 -3.325076 -1.567481 0.747888 0.755623 -0.201344 1.763734 1.073398 1.071299 0.006998 0.023374 0.156765 0.151511 -0.023731 -0.000096 0.008321 0.041214 -3.127369 289.000000
6.080000 -0.118013 -0.085458 -6.756339 -6.418076 0.165192 0.201083 -7.475864 -5.365507 0.294257 0.277205 3.598736 1.747506 0.249172 0.272584 -4.758224 -2.297412 0.063632 -0.140122 6.146163 -7.039293 -0.212541 -0.180584 -0.788902 -0.843671 -0.158981 -0.186733 5.275039 5.069208 -0.149740 -0.155859 1.090087 -0.561540 -0.385425 -0.383708 -0.000587 0.725550 0.433678 0.451864 -4.038177 -5.471584 0.111868 -0.223592 10.366657 -9.144235 0.101404 0.066692 1.130087 1.107891 -0.095268 -0.111905 3.298515 1.626970 0.003698 0.002906 0.177328 -1.711242 0.196876 0.180488 0.435718 0.419805 0.801121 0.726520 3.229845 1.451502 -0.662264 -0.661015 0.248458 -1.700978 1.007934 1.010479 -0.019298 -0.008735 -0.194293 -0.199974 -0.020094 0.027628 0.072095 0.061981 0.043902 0.119622 -0.537539 -0.450760 -3.309107 -1.561866 0.746239 0.754771 -0.204903 1.763210 1.073224 1.071773 -0.010038 0.015364 0.158425 0.153115 -0.023796 0.008367 0.007920 0.039480 -3.125403 289.000000
6.100000 -0.117776 -0.084033 -6.947177 -6.756339 0.165355 0.202940 -7.776303 -5.537300 0.292563 0.275832 3.536838 1.938564 0.249661 0.272938 -4.683263 -2.058418 0.055872 -0.140312 5.891623 -6.816642 -0.211681 -0.182193 -0.730435 -0.788902 -0.156596 -0.185070 5.477453 5.275039 -0.149998 -0.155042 0.896038 -0.544750 -0.386772 -0.386056 0.188243 0.545337 0.434433 0.454405 -4.364259 -5.465638 0.118279 -0.226468 10.616741 -9.503815 0.101475 0.065818 1.156537 1.130087 -0.095397 -0.111721 3.242849 1.560593 0.003819 0.002706 0.235335 -1.737921 0.197880 0.181856 0.454916 0.435718 0.799749 0.724667 3.307794 1.490693 -0.663144 -0.662872 0.248559 -1.739152 1.006011 1.009600 -0.003035 0.000398 -0.192155 -0.198213 -0.022401 0.019696 0.072865 0.064360 -0.007932 0.043902 -0.540167 -0.452161 -3.274971 -1.552102 0.744491 0.753730 -0.205421 1.757005 1.072765 1.072153 -0.026938 0.006879 0.160150 0.154741 -0.023813 0.016917 0.007649 0.038078 -3.123429 289.000000
6.120000 -0.117606 -0.082903 -7.097387 -6.947177 0.165583 0.204558 -8.021025 -5.656570 0.290758 0.274440 3.457711 2.119732 0.249946 0.273002 -4.600133 -1.912120 0.049914 -0.140249 5.688077 -6.595384 -0.210651 -0.183641 -0.672412 -0.730435 -0.154497 -0.183739 5.673289 5.477453 -0.150218 -0.154342 0.726373 -0.542140 -0.387979 -0.388329 0.391197 0.353898 0.435129 0.456690 -4.638260 -5.483158 0.124091 -0.229039 10.836372 -9.847417 0.101693 0.064975 1.184443 1.156537 -0.095538 -0.111546 3.176593 1.503757 0.003916 0.002562 0.274180 -1.739092 0.198836 0.183008 0.478251 0.454916 0.798119 0.722462 3.378355 1.529618 -0.663982 -0.664494 0.248367 -1.778177 1.003872 1.008348 0.012469 0.009683 -0.189986 -0.196347 -0.024553 0.012718 0.073908 0.066619 -0.034441 -0.007932 -0.542852 -0.454106 -3.225094 -1.534775 0.742725 0.752511 -0.202331 1.740196 1.072260 1.072414 -0.039915 -0.001563 0.161948 0.156402 -0.023972 0.025375 0.007463 0.036967 -3.121458 289.000000
6.140000 -0.117527 -0.082008 -7.230567 -7.097387 0.165847 0.205971 -8.222137 -5.739368 0.288930 0.273037 3.374107 2.281657 0.250027 0.272827 -4.516582 -1.806725 0.045422 -0.139981 5.526893 -6.406858 -0.209613 -0.184929 -0.618557 -0.672412 -0.152449 -0.182623 5.883672 5.673289 -0.150316 -0.153714 0.590148 -0.558785 -0.389039 -0.390526 0.606901 0.167588 0.435830 0.458651 -4.838736 -5.504731 0.128856 -0.231283 11.013841 -10.142991 0.101992 0.064179 1.211806 1.184443 -0.095639 -0.111328 3.104208 1.451207 0.004014 0.002499 0.293619 -1.725387 0.199805 0.183975 0.502721 0.478251 0.796285 0.719992 3.437225 1.564994 -0.664923 -0.665946 0.247484 -1.813361 1.001617 1.006787 0.026032 0.018511 -0.187795 -0.194396 -0.026326 0.006042 0.075128 0.068710 -0.041898 -0.034441 -0.545301 -0.456535 -3.159895 -1.511381 0.741036 0.751148 -0.196251 1.713713 1.071725 1.072566 -0.051864 -0.007972 0.163738 0.158097 -0.024729 0.031943 0.007322 0.036082 -3.119497 289.000000
6.160000 -0.117653 -0.081271 -7.382206 -7.230567 0.166210 0.207197 -8.367332 -5.798122 0.287137 0.271651 3.289116 2.424015 0.249682 0.272442 -4.479762 -1.732126 0.041569 -0.139544 5.382878 -6.248707 -0.208659 -0.186062 -0.571181 -0.618557 -0.150611 -0.181630 6.066850 5.883672 -0.150331 -0.153140 0.480364 -0.598525 -0.389983 -0.392627 0.823643 -0.008376 0.436421 0.460260 -4.990091 -5.532625 0.132250 -0.233200 11.140876 -10.371361 0.102303 0.063444 1.236667 1.211806 -0.095686 -0.111054 3.031889 1.405294 0.004162 0.002540 0.299183 -1.698913 0.200869 0.184812 0.526709 0.502721 0.794178 0.717351 3.478203 1.594871 -0.665975 -0.667287 0.245994 -1.842355 0.999315 1.004987 0.036866 0.026179 -0.185596 -0.192379 -0.027773 0.000147 0.076451 0.070610 -0.035485 -0.041898 -0.547699 -0.459337 -3.096074 -1.481822 0.739432 0.749682 -0.188959 1.678073 1.071246 1.072626 -0.060827 -0.013567 0.165477 0.159811 -0.025576 0.038297 0.007203 0.035353 -3.117566 289.000000
6.180000 -0.117791 -0.080629 -7.526997 -7.382206 0.166635 0.208235 -8.461642 -5.828224 0.285419 0.270323 3.201894 2.539108 0.249027 0.271862 -4.467479 -1.646557 0.038342 -0.138964 5.255615 -6.126319 -0.207838 -0.187047 -0.531650 -0.571181 -0.148902 -0.180711 6.233619 6.066850 -0.150301 -0.152623 0.392096 -0.652003 -0.390790 -0.394599 1.036624 -0.171639 0.436911 0.461530 -5.096573 -5.548667 0.134333 -0.234801 11.220723 -10.538758 0.102606 0.062779 1.258405 1.236667 -0.095668 -0.110740 2.967577 1.366353 0.004374 0.002711 0.288479 -1.665536 0.201922 0.185582 0.543699 0.526709 0.791912 0.714624 3.504276 1.616104 -0.667061 -0.668562 0.245332 -1.862099 0.996987 1.003019 0.043552 0.032320 -0.183428 -0.190316 -0.029072 -0.004547 0.077746 0.072313 -0.022032 -0.035485 -0.550067 -0.462385 -3.040123 -1.453557 0.737881 0.748151 -0.182321 1.642517 1.070782 1.072609 -0.067918 -0.017625 0.167139 0.161524 -0.026199 0.043201 0.007106 0.034734 -3.115695 289.000000
6.200000 -0.117884 -0.080033 -7.658560 -7.526997 0.167118 0.209082 -8.506094 -5.831768 0.283795 0.269082 3.112703 2.629874 0.248133 0.271111 -4.474134 -1.560815 0.035542 -0.138266 5.140461 -6.028294 -0.207113 -0.187889 -0.498904 -0.531650 -0.147341 -0.179841 6.377539 6.233619 -0.150252 -0.152175 0.323774 -0.714360 -0.391444 -0.396412 1.245127 -0.322264 0.437325 0.462493 -5.162951 -5.553075 0.135445 -0.236108 11.264956 -10.649649 0.102882 0.062189 1.276539 1.258405 -0.095589 -0.110406 2.914784 1.339549 0.004624 0.003018 0.259025 -1.628028 0.202862 0.186339 0.549706 0.543699 0.789572 0.711883 3.518442 1.629472 -0.668153 -0.669793 0.245542 -1.874804 0.994687 1.000952 0.045755 0.036312 -0.181312 -0.188231 -0.030053 -0.007240 0.078956 0.073816 -0.003643 -0.022032 -0.552323 -0.465556 -2.992908 -1.428901 0.736349 0.746583 -0.176748 1.611222 1.070367 1.072529 -0.072555 -0.020860 0.168726 0.163216 -0.026381 0.047059 0.007037 0.034184 -3.113910 289.000000
6.220000 -0.117879 -0.079471 -7.763473 -7.658560 0.167669 0.209746 -8.502884 -5.809398 0.282248 0.267941 3.017814 2.696696 0.247122 0.270249 -4.493586 -1.474346 0.033091 -0.137489 5.037679 -5.948480 -0.206461 -0.188590 -0.472269 -0.498904 -0.145951 -0.179009 6.494137 6.377539 -0.150199 -0.151807 0.273186 -0.784450 -0.391952 -0.398048 1.444790 -0.460677 0.437698 0.463197 -5.193712 -5.551823 0.135985 -0.237146 11.286799 -10.714774 0.103157 0.061679 1.292010 1.276539 -0.095460 -0.110066 2.871667 1.327879 0.004930 0.003452 0.216944 -1.586905 0.203643 0.187114 0.545771 0.549706 0.787255 0.709185 3.523935 1.636450 -0.669260 -0.670998 0.246537 -1.881992 0.992413 0.998835 0.044341 0.037904 -0.179250 -0.186142 -0.030614 -0.007851 0.080039 0.075119 0.017477 -0.003643 -0.554501 -0.468738 -2.957574 -1.408080 0.734810 0.744994 -0.172328 1.584828 1.070036 1.072403 -0.074533 -0.023087 0.170261 0.164875 -0.026095 0.049468 0.006999 0.033672 -3.112226 289.000000
6.240000 -0.117810 -0.078952 -7.846250 -7.763473 0.168261 0.210247 -8.461874 -5.760349 0.280795 0.266897 2.923294 2.742535 0.246020 0.269359 -4.536858 -1.390411 0.030854 -0.136673 4.944056 -5.883997 -0.205927 -0.189156 -0.452560 -0.472269 -0.144697 -0.178210 6.589125 6.494137 -0.150121 -0.151526 0.245627 -0.858988 -0.392331 -0.399500 1.633105 -0.585802 0.438062 0.463695 -5.193013 -5.552213 0.136049 -0.237946 11.290186 -10.745925 0.103452 0.061249 1.305703 1.292010 -0.095317 -0.109727 2.832737 1.327361 0.005253 0.003988 0.163102 -1.544305 0.204275 0.187918 0.533958 0.545771 0.785042 0.706578 3.522905 1.638699 -0.670411 -0.672195 0.247995 -1.885236 0.990198 0.996712 0.039964 0.037478 -0.177254 -0.184067 -0.030870 -0.006864 0.081030 0.076225 0.042074 0.017477 -0.556637 -0.471840 -2.936239 -1.392623 0.733282 0.743396 -0.168814 1.564951 1.069771 1.072242 -0.074201 -0.024219 0.171741 0.166495 -0.025632 0.050314 0.006990 0.033171 -3.110652 289.000000
6.260000 -0.117741 -0.078483 -7.917895 -7.846250 0.168882 0.210605 -8.389116 -5.692584 0.279450 0.265940 2.834670 2.769290 0.244837 0.268506 -4.612503 -1.301180 0.028659 -0.135854 4.854431 -5.838037 -0.205543 -0.189594 -0.440273 -0.452560 -0.143580 -0.177439 6.661440 6.589125 -0.150007 -0.151334 0.243384 -0.939366 -0.392634 -0.400773 1.801561 -0.693739 0.438416 0.464037 -5.169123 -5.555008 0.135436 -0.238537 11.269762 -10.748021 0.103771 0.060898 1.318045 1.305703 -0.095177 -0.109396 2.796456 1.334818 0.005605 0.004588 0.107150 -1.497920 0.204792 0.188748 0.517966 0.533958 0.782982 0.704107 3.516433 1.637455 -0.671608 -0.673398 0.249833 -1.885450 0.988092 0.994619 0.033697 0.035417 -0.175336 -0.182022 -0.030866 -0.004547 0.081917 0.077143 0.067878 0.042074 -0.558812 -0.474791 -2.931309 -1.383712 0.731796 0.741803 -0.166283 1.552526 1.069577 1.072057 -0.071157 -0.024284 0.173171 0.168071 -0.025046 0.049917 0.007005 0.032658 -3.109182 289.000000
