0.03,0,0,0,0,0,0,0,0,
0.06,0,0,0,0,0,0,0,0,
0.09,0,0,0,0,0,0,0,0,
0.12,0,0,0,0,0,0,0,0,
0.15,0,0,0,0,0,0,0,0,
0.18,0,0,0,0,0,0,0,0,
0.21,0,0,0,0,0,0,0,0,
0.24,0,0,0,0,0,0,0,0,
0.27,0,0,0,0,0,0,0,0,
0.3,0,0,0,0,0,0,0,0,
0.33,0,0,0,0,0,0,0,0,
0.36,0,0,0,0,0,0,0,0,
0.39,0,0,0,0,0,0,0,0,
0.42,0,0,0,0,0,0,0,0,
0.45,0,0,0,0,0,0,0,0,
0.48,0,0,0,0,0,0,0,0,
0.51,0,0,0,0,0,0,0,0,
0.54,0,0,0,0,0,0,0,0,
0.57,0,0,0,0,0,0,0,0,
0.6,0,0,0,0,0,0,0,0,
0.63,0,0,0,0,0,0,0,0,
0.66,0,0,0,0,0,0,0,0,
0.69,0,0,0,0,0,0,0,0,
0.72,0,0,0,0,0,0,0,0,
0.75,0,0,0,0,0,0,0,0,
0.78,0,0,0,0,0,0,0,0,
0.81,0,0,0,0,0,0,0,0,
0.84,0,0,0,0,0,0,0,0,
0.87,0,0,0,0,0,0,0,0,
0.9,0,0,0,0,0,0,0,0,
0.93,0,0,0,0,0,0,0,0,
0.96,0,0,0,0,0,0,0,0,
0.99,0,0,0,0,0,0,0,0,
1.02,0,0,0,0,0,0,0,0,
1.05,0,0,0,0,0,0,0,0,
1.08,0,0,0,0,0,0,0,0,
1.11,0,0,0,0,0,0,0,0,
1.14,0,0,0,0,0,0,0,0,
1.17,0,0,0,0,0,0,0,0,
1.2,0,0,0,0,0,0,0,0,
1.23,0,0,0,0,0,0,0,0,
1.26,0,0,0,0,0,0,0,0,
1.29,0,0,0,0,0,0,0,0,
1.32,0,0,0,0,0,0,0,0,
1.35,0,0,0,0,0,0,0,0,
1.38,0,0,0,0,0,0,0,0,
1.41,0,0,0,0,0,0,0,0,
1.44,0,0,0,0,0,0,0,0,
1.47,0,0,0,0,0,0,0,0,
1.5,0,0,0,0,0,0,0,0,
1.53,0,0,0,0,0,0,0,0,
1.56,0,0,0,0,0,0,0,0,
1.59,0,0,0,0,0,0,0,0,
1.62,0,0,0,0,0,0,0,0,
1.65,0,0,0,0,0,0,0,0,
1.68,0,0,0,0,0,0,0,0,
1.71,0,0,0,0,0,0,0,0,
1.74,0,0,0,0,0,0,0,0,
1.77,0,0,0,0,0,0,0,0,
1.8,0,0,0,0,0,0,0,0,
1.83,0,0,0,0,0,0,0,0,
1.86,0,0,0,0,0,0,0,0,
1.89,0,0,0,0,0,0,0,0,
1.92,0,0,0,0,0,0,0,0,
1.95,0,0,0,0,0,0,0,0,
1.98,0,0,0,0,0,0,0,0,
2.01,0,0,0,0,0,0,0,0,
2.04,0,0,0,0,0,0,0,0,
2.07,0,0,0,0,0,0,0,0,
2.1,0,0,0,0,0,0,0,0,
2.13,0,0,0,0,0,0,0,0,
2.16,0,0,0,0,0,0,0,0,
2.19,0,0,0,0,0,0,0,0,
2.22,0,0,0,0,0,0,0,0,
2.25,0,0,0,0,0,0,0,0,
2.28,0,0,0,0,0,0,0,0,
2.31,0,0,0,0,0,0,0,0,
2.34,0,0,0,0,0,0,0,0,
2.37,0,0,0,0,0,0,0,0,
2.4,0,0,0,0,0,0,0,0,
2.43,0,0,0,0,0,0,0,0,
2.46,0,0,0,0,0,0,0,0,
2.49,0,0,0,0,0,0,0,0,
2.52,0,0,0,0,0,0,0,0,
2.55,0,0,0,0,0,0,0,0,
2.58,0,0,0,0,0,0,0,0,
2.61,0,0,0,0,0,0,0,0,
2.64,0,0,0,0,0,0,0,0,
2.67,0,0,0,0,0,0,0,0,
2.7,0,0,0,0,0,0,0,0,
2.73,0,0,0,0,0,0,0,0,
2.76,0,0,0,0,0,0,0,0,
2.79,0,0,0,0,0,0,0,0,
2.82,0,0,0,0,0,0,0,0,
2.85,0,0,0,0,0,0,0,0,
2.88,0,0,0,0,0,0,0,0,
2.91,0,0,0,0,0,0,0,0,
2.94,0,0,0,0,0,0,0,0,
2.97,0,0,0,0,0,0,0,0,
3,0,0,0,0,0,0,0,0,
3.03,0,0,0,0,0,0,0,0,
3.06,0,0,0,0,0,0,0,0,
3.09,0,0,0,0,0,0,0,0,
3.12,0,0,0,0,0,0,0,0,
3.15,0,0,0,0,0,0,0,0,
3.18,0,0,0,0,0,0,0,0,
3.21,0,0,0,0,0,0,0,0,
3.24,0,0,0,0,0,0,0,0,
3.27,0,0,0,0,0,0,0,0,
3.3,0,0,0,0,0,0,0,0,
3.33,0,0,0,0,0,0,0,0,
3.36,0,0,0,0,0,0,0,0,
3.39,0,0,0,0,0,0,0,0,
3.42,0,0,0,0,0,0,0,0,
3.45,0,0,0,0,0,0,0,0,
3.48,0,0,0,0,0,0,0,0,
3.51,0,0,0,0,0,0,0,0,
3.54,0,0,0,0,0,0,0,0,
3.57,0,0,0,0,0,0,0,0,
3.6,0,0,0,0,0,0,0,0,
3.63,0,0,0,0,0,0,0,0,
3.66,0,0,0,0,0,0,0,0,
3.69,0,0,0,0,0,0,0,0,
3.72,0,0,0,0,0,0,0,0,
3.75,0,0,0,0,0,0,0,0,
3.78,0,0,0,0,0,0,0,0,
3.81,0,0,0,0,0,0,0,0,
3.84,0,0,0,0,0,0,0,0,
3.87,0,0,0,0,0,0,0,0,
3.9,0,0,0,0,0,0,0,0,
3.93,0,0,0,0,0,0,0,0,
3.96,0,0,0,0,0,0,0,0,
3.99,0,0,0,0,0,0,0,0,
4.02,0,0,0,0,0,0,0,0,
4.05,0,0,0,0,0,0,0,0,
4.08,0,0,0,0,0,0,0,0,
4.11,0,0,0,0,0,0,0,0,
4.14,0,0,0,0,0,0,0,0,
4.17,0,0,0,0,0,0,0,0,
4.2,0,0,0,0,0,0,0,0,
4.23,0,0,0,0,0,0,0,0,
4.26,0,0,0,0,0,0,0,0,
4.29,0,0,0,0,0,0,0,0,
4.32,0,0,0,0,0,0,0,0,
4.35,0,0,0,0,0,0,0,0,
4.38,0,0,0,0,0,0,0,0,
4.41,0,0,0,0,0,0,0,0,
4.44,0,0,0,0,0,0,0,0,
4.47,0,0,0,0,0,0,0,0,
4.5,0,0,0,0,0,0,0,0,
4.53,0,0,0,0,0,0,0,0,
4.56,0,0,0,0,0,0,0,0,
4.59,0,0,0,0,0,0,0,0,
4.62,0,0,0,0,0,0,0,0,
4.65,0,0,0,0,0,0,0,0,
4.68,0,0,0,0,0,0,0,0,
4.71,0,0,0,0,0,0,0,0,
4.74,0,0,0,0,0,0,0,0,
4.77,0,0,0,0,0,0,0,0,
4.8,0,0,0,0,0,0,0,0,
4.83,0,0,0,0,0,0,0,0,
4.86,0,0,0,0,0,0,0,0,
4.89,0,0,0,0,0,0,0,0,
4.92,0,0,0,0,0,0,0,0,
4.95,0,0,0,0,0,0,0,0,
4.98,0,0,0,0,0,0,0,0,
5.01,0,0,0,0,0,0,0,0,
5.04,0,0,0,0,0,0,0,0,
5.07,0,0,0,0,0,0,0,0,
5.1,0,0,0,0,0,0,0,0,
5.13,0,0,0,0,0,0,0,0,
5.16,0,0,0,0,0,0,0,0,
5.19,0,0,0,0,0,0,0,0,
5.22,0,0,0,0,0,0,0,0,
5.25,0,0,0,0,0,0,0,0,
5.28,0,0,0,0,0,0,0,0,
5.31,0,0,0,0,0,0,0,0,
5.34,0,0,0,0,0,0,0,0,
5.37,0,0,0,0,0,0,0,0,
5.4,0,0,0,0,0,0,0,0,
5.43,0,0,0,0,0,0,0,0,
5.46,0,0,0,0,0,0,0,0,
5.49,0,0,0,0,0,0,0,0,
5.52,0,0,0,0,0,0,0,0,
5.55,0,0,0,0,0,0,0,0,
5.58,0,0,0,0,0,0,0,0,
5.61,0,0,0,0,0,0,0,0,
5.64,0,0,0,0,0,0,0,0,
5.67,0,0,0,0,0,0,0,0,
5.7,0,0,0,0,0,0,0,0,
5.73,0,0,0,0,0,0,0,0,
5.76,0,0,0,0,0,0,0,0,
5.79,0,0,0,0,0,0,0,0,
5.82,0,0,0,0,0,0,0,0,
5.85,0,0,0,0,0,0,0,0,
5.88,0,0,0,0,0,0,0,0,
5.91,0,0,0,0,0,0,0,0,
5.94,0,0,0,0,0,0,0,0,
5.97,0,0,0,0,0,0,0,0,
6,0,0,0,0,0,0,0,0,
6.03,0,0,0,0,0,0,0,0,
6.06,0,0,0,0,0,0,0,0,
6.09,0,0,0,0,0,0,0,0,
6.12,0,0,0,0,0,0,0,0,
6.15,0,0,0,0,0,0,0,0,
6.18,0,0,0,0,0,0,0,0,
6.21,0,0,0,0,0,0,0,0,
6.24,0,0,0,0,0,0,0,0,
6.27,0,0,0,0,0,0,0,0,
6.3,0,0,0,0,0,0,0,0,
6.33,0,0,0,0,0,0,0,0,
6.36,0,0,0,0,0,0,0,0,
6.39,0,0,0,0,0,0,0,0,
6.42,0,0,0,0,0,0,0,0,
6.45,0,0,0,0,0,0,0,0,
6.48,0,0,0,0,0,0,0,0,
6.51,0,0,0,0,0,0,0,0,
6.54,0,0,0,0,0,0,0,0,
6.57,0,0,0,0,0,0,0,0,
6.6,0,0,0,0,0,0,0,0,
6.63,0,0,0,0,0,0,0,0,
6.66,0,0,0,0,0,0,0,0,
6.69,0,0,0,0,0,0,0,0,
6.72,0,0,0,0,0,0,0,0,
6.75,0,0,0,0,0,0,0,0,
6.78,0,0,0,0,0,0,0,0,
6.81,0,0,0,0,0,0,0,0,
6.84,0,0,0,0,0,0,0,0,
6.87,0,0,0,0,0,0,0,0,
6.9,0,0,0,0,0,0,0,0,
6.93,0,0,0,0,0,0,0,0,
6.96,0,0,0,0,0,0,0,0,
6.99,0,0,0,0,0,0,0,0,
7.02,0,0,0,0,0,0,0,0,
7.05,0,0,0,0,0,0,0,0,
7.08,0,0,0,0,0,0,0,0,
7.11,0,0,0,0,0,0,0,0,
7.14,0,0,0,0,0,0,0,0,
7.17,0,0,0,0,0,0,0,0,
7.2,0,0,0,0,0,0,0,0,
7.23,0,0,0,0,0,0,0,0,
7.26,0,0,0,0,0,0,0,0,
7.29,0,0,0,0,0,0,0,0,
7.32,0,0,0,0,0,0,0,0,
7.35,0,0,0,0,0,0,0,0,
7.38,0,0,0,0,0,0,0,0,
7.41,0,0,0,0,0,0,0,0,
7.44,0,0,0,0,0,0,0,0,
7.47,0,0,0,0,0,0,0,0,
7.5,0,0,0,0,0,0,0,0,
7.53,0,0,0,0,0,0,0,0,
7.56,0,0,0,0,0,0,0,0,
7.59,0,0,0,0,0,0,0,0,
7.62,0,0,0,0,0,0,0,0,
7.65,0,0,0,0,0,0,0,0,
7.68,0,0,0,0,0,0,0,0,
7.71,0,0,0,0,0,0,0,0,
7.74,0,0,0,0,0,0,0,0,
7.77,0,0,0,0,0,0,0,0,
7.8,0,0,0,0,0,0,0,0,
7.83,0,0,0,0,0,0,0,0,
7.86,0,0,0,0,0,0,0,0,
7.89,0,0,0,0,0,0,0,0,
7.92,0,0,0,0,0,0,0,0,
7.95,0,0,0,0,0,0,0,0,
7.98,0,0,0,0,0,0,0,0,
8.01,0,0,0,0,0,0,0,0,
8.04,0,0,0,0,0,0,0,0,
8.07,0,0,0,0,0,0,0,0,
8.1,0,0,0,0,0,0,0,0,
8.13,0,0,0,0,0,0,0,0,
8.16,0,0,0,0,0,0,0,0,
8.19,0,0,0,0,0,0,0,0,
8.22,0,0,0,0,0,0,0,0,
8.25,0,0,0,0,0,0,0,0,
8.28,0,0,0,0,0,0,0,0,
8.31,0,0,0,0,0,0,0,0,
8.34,0,0,0,0,0,0,0,0,
8.37,0,0,0,0,0,0,0,0,
8.4,0,0,0,0,0,0,0,0,
8.43,0,0,0,0,0,0,0,0,
8.46,0,0,0,0,0,0,0,0,
8.49,0,0,0,0,0,0,0,0,
8.52,0,0,0,0,0,0,0,0,
8.55,0,0,0,0,0,0,0,0,
8.58,0,0,0,0,0,0,0,0,
8.61,0,0,0,0,0,0,0,0,
8.64,0,0,0,0,0,0,0,0,
8.67,0,0,0,0,0,0,0,0,
8.7,0,0,0,0,0,0,0,0,
8.73,0,0,0,0,0,0,0,0,
8.76,0,0,0,0,0,0,0,0,
8.79,0,0,0,0,0,0,0,0,
8.82,0,0,0,0,0,0,0,0,
8.85,0,0,0,0,0,0,0,0,
8.88,0,0,0,0,0,0,0,0,
8.91,0,0,0,0,0,0,0,0,
8.94,0,0,0,0,0,0,0,0,
8.97,0,0,0,0,0,0,0,0,
9,0,0,0,0,0,0,0,0,
9.03,0,0,0,0,0,0,0,0,
9.06,0,0,0,0,0,0,0,0,
9.09,0,0,0,0,0,0,0,0,
9.12,0,0,0,0,0,0,0,0,
9.15,0,0,0,0,0,0,0,0,
9.18,0,0,0,0,0,0,0,0,
9.21,0,0,0,0,0,0,0,0,
9.24,0,0,0,0,0,0,0,0,
9.27,0,0,0,0,0,0,0,0,
9.3,0,0,0,0,0,0,0,0,
9.33,0,0,0,0,0,0,0,0,
9.36,0,0,0,0,0,0,0,0,
9.39,0,0,0,0,0,0,0,0,
9.42,0,0,0,0,0,0,0,0,
9.45,0,0,0,0,0,0,0,0,
9.48,0,0,0,0,0,0,0,0,
9.51,0,0,0,0,0,0,0,0,
9.54,0,0,0,0,0,0,0,0,
9.57,0,0,0,0,0,0,0,0,
9.6,0,0,0,0,0,0,0,0,
9.63,0,0,0,0,0,0,0,0,
9.66,0,0,0,0,0,0,0,0,
9.69,0,0,0,0,0,0,0,0,
9.72,0,0,0,0,0,0,0,0,
9.75,0,0,0,0,0,0,0,0,
9.78,0,0,0,0,0,0,0,0,
9.81,0,0,0,0,0,0,0,0,
9.84,0,0,0,0,0,0,0,0,
9.87,0,0,0,0,0,0,0,0,
9.9,0,0,0,0,0,0,0,0,
9.93,0,0,0,0,0,0,0,0,
9.96,0,0,0,0,0,0,0,0,
9.99,0,0,0,0,0,0,0,0,
10.02,0,0,0,0,0,0,0,0,
10.05,0,0,0,0,0,0,0,0,
10.08,0,0,0,0,0,0,0,0,
10.11,0,0,0,0,0,0,0,0,
10.14,0,0,0,0,0,0,0,0,
10.17,0,0,0,0,0,0,0,0,
10.2,0,0,0,0,0,0,0,0,
10.23,0,0,0,0,0,0,0,0,
10.26,0,0,0,0,0,0,0,0,
10.29,0,0,0,0,0,0,0,0,
10.32,0,0,0,0,0,0,0,0,
10.35,0,0,0,0,0,0,0,0,
10.38,0,0,0,0,0,0,0,0,
10.41,0,0,0,0,0,0,0,0,
10.44,0,0,0,0,0,0,0,0,
10.47,0,0,0,0,0,0,0,0,
10.5,0,0,0,0,0,0,0,0,
10.53,0,0,0,0,0,0,0,0,
10.56,0,0,0,0,0,0,0,0,
10.59,0,0,0,0,0,0,0,0,
10.62,0,0,0,0,0,0,0,0,
10.65,0,0,0,0,0,0,0,0,
10.68,0,0,0,0,0,0,0,0,
10.71,0,0,0,0,0,0,0,0,
10.74,0,0,0,0,0,0,0,0,
10.77,0,0,0,0,0,0,0,0,
10.8,0,0,0,0,0,0,0,0,
10.83,0,0,0,0,0,0,0,0,
10.86,0,0,0,0,0,0,0,0,
10.89,0,0,0,0,0,0,0,0,
10.92,0,0,0,0,0,0,0,0,
10.95,0,0,0,0,0,0,0,0,
10.98,0,0,0,0,0,0,0,0,
11.01,0,0,0,0,0,0,0,0,
11.04,0,0,0,0,0,0,0,0,
11.07,0,0,0,0,0,0,0,0,
11.1,0,0,0,0,0,0,0,0,
11.13,0,0,0,0,0,0,0,0,
11.16,0,0,0,0,0,0,0,0,
11.19,0,0,0,0,0,0,0,0,
11.22,0,0,0,0,0,0,0,0,
11.25,0,0,0,0,0,0,0,0,
11.28,0,0,0,0,0,0,0,0,
11.31,0,0,0,0,0,0,0,0,
11.34,0,0,0,0,0,0,0,0,
11.37,0,0,0,0,0,0,0,0,
11.4,0,0,0,0,0,0,0,0,
11.43,0,0,0,0,0,0,0,0,
11.46,0,0,0,0,0,0,0,0,
11.49,0,0,0,0,0,0,0,0,
11.52,0,0,0,0,0,0,0,0,
11.55,0,0,0,0,0,0,0,0,
11.58,0,0,0,0,0,0,0,0,
11.61,0,0,0,0,0,0,0,0,
11.64,0,0,0,0,0,0,0,0,
11.67,0,0,0,0,0,0,0,0,
11.7,0,0,0,0,0,0,0,0,
11.73,0,0,0,0,0,0,0,0,
11.76,0,0,0,0,0,0,0,0,
11.79,0,0,0,0,0,0,0,0,
11.82,0,0,0,0,0,0,0,0,
11.85,0,0,0,0,0,0,0,0,
11.88,0,0,0,0,0,0,0,0,
11.91,0,0,0,0,0,0,0,0,
11.94,0,0,0,0,0,0,0,0,
11.97,0,0,0,0,0,0,0,0,
12,0,0,0,0,0,0,0,0,
12.03,0,0,0,0,0,0,0,0,
12.06,0,0,0,0,0,0,0,0,
12.09,0,0,0,0,0,0,0,0,
12.12,0,0,0,0,0,0,0,0,
12.15,0,0,0,0,0,0,0,0,
12.18,0,0,0,0,0,0,0,0,
12.21,0,0,0,0,0,0,0,0,
12.24,0,0,0,0,0,0,0,0,
12.27,0,0,0,0,0,0,0,0,
12.3,0,0,0,0,0,0,0,0,
12.33,0,0,0,0,0,0,0,0,
12.36,0,0,0,0,0,0,0,0,
12.39,0,0,0,0,0,0,0,0,
12.42,0,0,0,0,0,0,0,0,
12.45,0,0,0,0,0,0,0,0,
12.48,0,0,0,0,0,0,0,0,
12.51,0,0,0,0,0,0,0,0,
12.54,0,0,0,0,0,0,0,0,
12.57,0,0,0,0,0,0,0,0,
12.6,0,0,0,0,0,0,0,0,
12.63,0,0,0,0,0,0,0,0,
12.66,0,0,0,0,0,0,0,0,
12.69,0,0,0,0,0,0,0,0,
12.72,0,0,0,0,0,0,0,0,
12.75,0,0,0,0,0,0,0,0,
12.78,0,0,0,0,0,0,0,0,
12.81,0,0,0,0,0,0,0,0,
12.84,0,0,0,0,0,0,0,0,
12.87,0,0,0,0,0,0,0,0,
12.9,0,0,0,0,0,0,0,0,
12.93,0,0,0,0,0,0,0,0,
12.96,0,0,0,0,0,0,0,0,
12.99,0,0,0,0,0,0,0,0,
13.02,0,0,0,0,0,0,0,0,
13.05,0,0,0,0,0,0,0,0,
13.08,0,0,0,0,0,0,0,0,
13.11,0,0,0,0,0,0,0,0,
13.14,0,0,0,0,0,0,0,0,
13.17,0,0,0,0,0,0,0,0,
13.2,0,0,0,0,0,0,0,0,
13.23,0,0,0,0,0,0,0,0,
13.26,0,0,0,0,0,0,0,0,
13.29,0,0,0,0,0,0,0,0,
13.32,0,0,0,0,0,0,0,0,
13.35,0,0,0,0,0,0,0,0,
13.38,0,0,0,0,0,0,0,0,
13.41,0,0,0,0,0,0,0,0,
13.44,0,0,0,0,0,0,0,0,
13.47,0,0,0,0,0,0,0,0,
13.5,0,0,0,0,0,0,0,0,
13.53,0,0,0,0,0,0,0,0,
13.56,0,0,0,0,0,0,0,0,
13.59,0,0,0,0,0,0,0,0,
13.62,0,0,0,0,0,0,0,0,
13.65,0,0,0,0,0,0,0,0,
13.68,0,0,0,0,0,0,0,0,
13.71,0,0,0,0,0,0,0,0,
13.74,0,0,0,0,0,0,0,0,
13.77,0,0,0,0,0,0,0,0,
13.8,0,0,0,0,0,0,0,0,
13.83,0,0,0,0,0,0,0,0,
13.86,0,0,0,0,0,0,0,0,
13.89,0,0,0,0,0,0,0,0,
13.92,0,0,0,0,0,0,0,0,
13.95,0,0,0,0,0,0,0,0,
13.98,0,0,0,0,0,0,0,0,
14.01,0,0,0,0,0,0,0,0,
14.04,0,0,0,0,0,0,0,0,
14.07,0,0,0,0,0,0,0,0,
14.1,0,0,0,0,0,0,0,0,
14.13,0,0,0,0,0,0,0,0,
14.16,0,0,0,0,0,0,0,0,
14.19,0,0,0,0,0,0,0,0,
14.22,0,0,0,0,0,0,0,0,
14.25,0,0,0,0,0,0,0,0,
14.28,0,0,0,0,0,0,0,0,
14.31,0,0,0,0,0,0,0,0,
14.34,0,0,0,0,0,0,0,0,
14.37,0,0,0,0,0,0,0,0,
14.4,0,0,0,0,0,0,0,0,
14.43,0,0,0,0,0,0,0,0,
14.46,0,0,0,0,0,0,0,0,
14.49,0,0,0,0,0,0,0,0,
14.52,0,0,0,0,0,0,0,0,
14.55,0,0,0,0,0,0,0,0,
14.58,0,0,0,0,0,0,0,0,
14.61,0,0,0,0,0,0,0,0,
14.64,0,0,0,0,0,0,0,0,
14.67,0,0,0,0,0,0,0,0,
14.7,0,0,0,0,0,0,0,0,
14.73,0,0,0,0,0,0,0,0,
14.76,0,0,0,0,0,0,0,0,
14.79,0,0,0,0,0,0,0,0,
14.82,0,0,0,0,0,0,0,0,
14.85,0,0,0,0,0,0,0,0,
14.88,0,0,0,0,0,0,0,0,
14.91,0,0,0,0,0,0,0,0,
14.94,0,0,0,0,0,0,0,0,
14.97,0,0,0,0,0,0,0,0,
15,0,0,0,0,0,0,0,0,
15.03,0,0,0,0,0,0,0,0,
15.06,0,0,0,0,0,0,0,0,
15.09,0,0,0,0,0,0,0,0,
15.12,0,0,0,0,0,0,0,0,
15.15,0,0,0,0,0,0,0,0,
15.18,0,0,0,0,0,0,0,0,
15.21,0,0,0,0,0,0,0,0,
15.24,0,0,0,0,0,0,0,0,
15.27,0,0,0,0,0,0,0,0,
15.3,0,0,0,0,0,0,0,0,
15.33,0,0,0,0,0,0,0,0,
15.36,0,0,0,0,0,0,0,0,
15.39,0,0,0,0,0,0,0,0,
15.42,0,0,0,0,0,0,0,0,
15.45,0,0,0,0,0,0,0,0,
15.48,0,0,0,0,0,0,0,0,
15.51,0,0,0,0,0,0,0,0,
15.54,0,0,0,0,0,0,0,0,
15.57,0,0,0,0,0,0,0,0,
15.6,0,0,0,0,0,0,0,0,
15.63,0,0,0,0,0,0,0,0,
15.66,0,0,0,0,0,0,0,0,
15.69,0,0,0,0,0,0,0,0,
15.72,0,0,0,0,0,0,0,0,
15.75,0,0,0,0,0,0,0,0,
15.78,0,0,0,0,0,0,0,0,
15.81,0,0,0,0,0,0,0,0,
15.84,0,0,0,0,0,0,0,0,
15.87,0,0,0,0,0,0,0,0,
15.9,0,0,0,0,0,0,0,0,
15.93,0,0,0,0,0,0,0,0,
15.96,0,0,0,0,0,0,0,0,
15.99,0,0,0,0,0,0,0,0,
16.02,0,0,0,0,0,0,0,0,
16.05,0,0,0,0,0,0,0,0,
16.08,0,0,0,0,0,0,0,0,
16.11,0,0,0,0,0,0,0,0,
16.14,0,0,0,0,0,0,0,0,
16.17,0,0,0,0,0,0,0,0,
16.2,0,0,0,0,0,0,0,0,
16.23,0,0,0,0,0,0,0,0,
16.26,0,0,0,0,0,0,0,0,
16.29,0,0,0,0,0,0,0,0,
16.32,0,0,0,0,0,0,0,0,
16.35,0,0,0,0,0,0,0,0,
16.38,0,0,0,0,0,0,0,0,
16.41,0,0,0,0,0,0,0,0,
16.44,0,0,0,0,0,0,0,0,
16.47,0,0,0,0,0,0,0,0,
16.5,0,0,0,0,0,0,0,0,
16.53,0,0,0,0,0,0,0,0,
16.56,0,0,0,0,0,0,0,0,
16.59,0,0,0,0,0,0,0,0,
16.62,0,0,0,0,0,0,0,0,
16.65,0,0,0,0,0,0,0,0,
16.68,0,0,0,0,0,0,0,0,
16.71,0,0,0,0,0,0,0,0,
16.74,0,0,0,0,0,0,0,0,
16.77,0,0,0,0,0,0,0,0,
16.8,0,0,0,0,0,0,0,0,
16.83,0,0,0,0,0,0,0,0,
16.86,0,0,0,0,0,0,0,0,
16.89,0,0,0,0,0,0,0,0,
16.92,0,0,0,0,0,0,0,0,
16.95,0,0,0,0,0,0,0,0,
16.98,0,0,0,0,0,0,0,0,
17.01,0,0,0,0,0,0,0,0,
17.04,0,0,0,0,0,0,0,0,
17.07,0,0,0,0,0,0,0,0,
17.1,0,0,0,0,0,0,0,0,
17.13,0,0,0,0,0,0,0,0,
17.16,0,0,0,0,0,0,0,0,
17.19,0,0,0,0,0,0,0,0,
17.22,0,0,0,0,0,0,0,0,
17.25,0,0,0,0,0,0,0,0,
17.28,0,0,0,0,0,0,0,0,
17.31,0,0,0,0,0,0,0,0,
17.34,0,0,0,0,0,0,0,0,
17.37,0,0,0,0,0,0,0,0,
17.4,0,0,0,0,0,0,0,0,
17.43,0,0,0,0,0,0,0,0,
17.46,0,0,0,0,0,0,0,0,
17.49,0,0,0,0,0,0,0,0,
17.52,0,0,0,0,0,0,0,0,
17.55,0,0,0,0,0,0,0,0,
17.58,0,0,0,0,0,0,0,0,
17.61,0,0,0,0,0,0,0,0,
17.64,0,0,0,0,0,0,0,0,
17.67,0,0,0,0,0,0,0,0,
17.7,0,0,0,0,0,0,0,0,
17.73,0,0,0,0,0,0,0,0,
17.76,0,0,0,0,0,0,0,0,
17.79,0,0,0,0,0,0,0,0,
17.82,0,0,0,0,0,0,0,0,
17.85,0,0,0,0,0,0,0,0,
17.88,0,0,0,0,0,0,0,0,
17.91,0,0,0,0,0,0,0,0,
17.94,0,0,0,0,0,0,0,0,
17.97,0,0,0,0,0,0,0,0,
18,0,0,0,0,0,0,0,0,
18.03,0,0,0,0,0,0,0,0,
18.06,0,0,0,0,0,0,0,0,
18.09,0,0,0,0,0,0,0,0,
18.12,0,0,0,0,0,0,0,0,
18.15,0,0,0,0,0,0,0,0,
18.18,0,0,0,0,0,0,0,0,
18.21,0,0,0,0,0,0,0,0,
18.24,0,0,0,0,0,0,0,0,
18.27,0,0,0,0,0,0,0,0,
18.3,0,0,0,0,0,0,0,0,
18.33,0,0,0,0,0,0,0,0,
18.36,0,0,0,0,0,0,0,0,
18.39,0,0,0,0,0,0,0,0,
18.42,0,0,0,0,0,0,0,0,
18.45,0,0,0,0,0,0,0,0,
18.48,0,0,0,0,0,0,0,0,
18.51,0,0,0,0,0,0,0,0,
18.54,0,0,0,0,0,0,0,0,
18.57,0,0,0,0,0,0,0,0,
18.6,0,0,0,0,0,0,0,0,
18.63,0,0,0,0,0,0,0,0,
18.66,0,0,0,0,0,0,0,0,
18.69,0,0,0,0,0,0,0,0,
18.72,0,0,0,0,0,0,0,0,
18.75,0,0,0,0,0,0,0,0,
18.78,0,0,0,0,0,0,0,0,
18.81,0,0,0,0,0,0,0,0,
18.84,0,0,0,0,0,0,0,0,
18.87,0,0,0,0,0,0,0,0,
18.9,0,0,0,0,0,0,0,0,
18.93,0,0,0,0,0,0,0,0,
18.96,0,0,0,0,0,0,0,0,
18.99,0,0,0,0,0,0,0,0,
19.02,0,0,0,0,0,0,0,0,
19.05,0,0,0,0,0,0,0,0,
19.08,0,0,0,0,0,0,0,0,
19.11,0,0,0,0,0,0,0,0,
19.14,0,0,0,0,0,0,0,0,
19.17,0,0,0,0,0,0,0,0,
19.2,0,0,0,0,0,0,0,0,
19.23,0,0,0,0,0,0,0,0,
19.26,0,0,0,0,0,0,0,0,
19.29,0,0,0,0,0,0,0,0,
19.32,0,0,0,0,0,0,0,0,
19.35,0,0,0,0,0,0,0,0,
19.38,0,0,0,0,0,0,0,0,
19.41,0,0,0,0,0,0,0,0,
19.44,0,0,0,0,0,0,0,0,
19.47,0,0,0,0,0,0,0,0,
19.5,0,0,0,0,0,0,0,0,
19.53,0,0,0,0,0,0,0,0,
19.56,0,0,0,0,0,0,0,0,
19.59,0,0,0,0,0,0,0,0,
19.62,0,0,0,0,0,0,0,0,
19.65,0,0,0,0,0,0,0,0,
19.68,0,0,0,0,0,0,0,0,
19.71,0,0,0,0,0,0,0,0,
19.74,0,0,0,0,0,0,0,0,
19.77,0,0,0,0,0,0,0,0,
19.8,0,0,0,0,0,0,0,0,
19.83,0,0,0,0,0,0,0,0,
19.86,0,0,0,0,0,0,0,0,
19.89,0,0,0,0,0,0,0,0,
19.92,0,0,0,0,0,0,0,0,
19.95,0,0,0,0,0,0,0,0,
19.98,0,0,0,0,0,0,0,0,
20.01,0,0,0,0,0,0,0,0,
20.04,0,0,0,0,0,0,0,0,
20.07,0,0,0,0,0,0,0,0,
20.1,0,0,0,0,0,0,0,0,
20.13,0,0,0,0,0,0,0,0,
20.16,0,0,0,0,0,0,0,0,
20.19,0,0,0,0,0,0,0,0,
20.22,0,0,0,0,0,0,0,0,
20.25,0,0,0,0,0,0,0,0,
20.28,0,0,0,0,0,0,0,0,
20.31,0,0,0,0,0,0,0,0,
20.34,0,0,0,0,0,0,0,0,
20.37,0,0,0,0,0,0,0,0,
20.4,0,0,0,0,0,0,0,0,
20.43,0,0,0,0,0,0,0,0,
20.46,0,0,0,0,0,0,0,0,
20.49,0,0,0,0,0,0,0,0,
20.52,0,0,0,0,0,0,0,0,
20.55,0,0,0,0,0,0,0,0,
20.58,0,0,0,0,0,0,0,0,
20.61,0,0,0,0,0,0,0,0,
20.64,0,0,0,0,0,0,0,0,
20.67,0,0,0,0,0,0,0,0,
20.7,0,0,0,0,0,0,0,0,
20.73,0,0,0,0,0,0,0,0,
20.76,0,0,0,0,0,0,0,0,
20.79,0,0,0,0,0,0,0,0,
20.82,0,0,0,0,0,0,0,0,
20.85,0,0,0,0,0,0,0,0,
20.88,0,0,0,0,0,0,0,0,
20.91,0,0,0,0,0,0,0,0,
20.94,0,0,0,0,0,0,0,0,
20.97,0,0,0,0,0,0,0,0,
21,0,0,0,0,0,0,0,0,
21.03,0,0,0,0,0,0,0,0,
21.06,0,0,0,0,0,0,0,0,
21.09,0,0,0,0,0,0,0,0,
21.12,0,0,0,0,0,0,0,0,
21.15,0,0,0,0,0,0,0,0,
21.18,0,0,0,0,0,0,0,0,
21.21,0,0,0,0,0,0,0,0,
21.24,0,0,0,0,0,0,0,0,
21.27,0,0,0,0,0,0,0,0,
21.3,0,0,0,0,0,0,0,0,
21.33,0,0,0,0,0,0,0,0,
21.36,0,0,0,0,0,0,0,0,
21.39,0,0,0,0,0,0,0,0,
21.42,0,0,0,0,0,0,0,0,
21.45,0,0,0,0,0,0,0,0,
21.48,0,0,0,0,0,0,0,0,
21.51,0,0,0,0,0,0,0,0,
21.54,0,0,0,0,0,0,0,0,
21.57,0,0,0,0,0,0,0,0,
21.6,0,0,0,0,0,0,0,0,
21.63,0,0,0,0,0,0,0,0,
21.66,0,0,0,0,0,0,0,0,
21.69,0,0,0,0,0,0,0,0,
21.72,0,0,0,0,0,0,0,0,
21.75,0,0,0,0,0,0,0,0,
21.78,0,0,0,0,0,0,0,0,
21.81,0,0,0,0,0,0,0,0,
21.84,0,0,0,0,0,0,0,0,
21.87,0,0,0,0,0,0,0,0,
21.9,0,0,0,0,0,0,0,0,
21.93,0,0,0,0,0,0,0,0,
21.96,0,0,0,0,0,0,0,0,
21.99,0,0,0,0,0,0,0,0,
22.02,0,0,0,0,0,0,0,0,
22.05,0,0,0,0,0,0,0,0,
22.08,0,0,0,0,0,0,0,0,
22.11,0,0,0,0,0,0,0,0,
22.14,0,0,0,0,0,0,0,0,
22.17,0,0,0,0,0,0,0,0,
22.2,0,0,0,0,0,0,0,0,
22.23,0,0,0,0,0,0,0,0,
22.26,0,0,0,0,0,0,0,0,
22.29,0,0,0,0,0,0,0,0,
22.32,0,0,0,0,0,0,0,0,
22.35,0,0,0,0,0,0,0,0,
22.38,0,0,0,0,0,0,0,0,
22.41,0,0,0,0,0,0,0,0,
22.44,0,0,0,0,0,0,0,0,
22.47,0,0,0,0,0,0,0,0,
22.5,0,0,0,0,0,0,0,0,
22.53,0,0,0,0,0,0,0,0,
22.56,0,0,0,0,0,0,0,0,
22.59,0,0,0,0,0,0,0,0,
22.62,0,0,0,0,0,0,0,0,
22.65,0,0,0,0,0,0,0,0,
22.68,0,0,0,0,0,0,0,0,
22.71,0,0,0,0,0,0,0,0,
22.74,0,0,0,0,0,0,0,0,
22.77,0,0,0,0,0,0,0,0,
22.8,0,0,0,0,0,0,0,0,
22.83,0,0,0,0,0,0,0,0,
22.86,0,0,0,0,0,0,0,0,
22.89,0,0,0,0,0,0,0,0,
22.92,0,0,0,0,0,0,0,0,
22.95,0,0,0,0,0,0,0,0,
22.98,0,0,0,0,0,0,0,0,
23.01,0,0,0,0,0,0,0,0,
23.04,0,0,0,0,0,0,0,0,
23.07,0,0,0,0,0,0,0,0,
23.1,0,0,0,0,0,0,0,0,
23.13,0,0,0,0,0,0,0,0,
23.16,0,0,0,0,0,0,0,0,
23.19,0,0,0,0,0,0,0,0,
23.22,0,0,0,0,0,0,0,0,
23.25,0,0,0,0,0,0,0,0,
23.28,0,0,0,0,0,0,0,0,
23.31,0,0,0,0,0,0,0,0,
23.34,0,0,0,0,0,0,0,0,
23.37,0,0,0,0,0,0,0,0,
23.4,0,0,0,0,0,0,0,0,
23.43,0,0,0,0,0,0,0,0,
23.46,0,0,0,0,0,0,0,0,
23.49,0,0,0,0,0,0,0,0,
23.52,0,0,0,0,0,0,0,0,
23.55,0,0,0,0,0,0,0,0,
23.58,0,0,0,0,0,0,0,0,
23.61,0,0,0,0,0,0,0,0,
23.64,0,0,0,0,0,0,0,0,
23.67,0,0,0,0,0,0,0,0,
23.7,0,0,0,0,0,0,0,0,
23.73,0,0,0,0,0,0,0,0,
23.76,0,0,0,0,0,0,0,0,
23.79,0,0,0,0,0,0,0,0,
23.82,0,0,0,0,0,0,0,0,
23.85,0,0,0,0,0,0,0,0,
23.88,0,0,0,0,0,0,0,0,
23.91,0,0,0,0,0,0,0,0,
23.94,0,0,0,0,0,0,0,0,
23.97,0,0,0,0,0,0,0,0,
24,0,0,0,0,0,0,0,0,
24.03,0,0,0,0,0,0,0,0,
24.06,0,0,0,0,0,0,0,0,
24.09,0,0,0,0,0,0,0,0,
24.12,0,0,0,0,0,0,0,0,
24.15,0,0,0,0,0,0,0,0,
24.18,0,0,0,0,0,0,0,0,
24.21,0,0,0,0,0,0,0,0,
24.24,0,0,0,0,0,0,0,0,
24.27,0,0,0,0,0,0,0,0,
24.3,0,0,0,0,0,0,0,0,
24.33,0,0,0,0,0,0,0,0,
24.36,0,0,0,0,0,0,0,0,
24.39,0,0,0,0,0,0,0,0,
24.42,0,0,0,0,0,0,0,0,
24.45,0,0,0,0,0,0,0,0,
24.48,0,0,0,0,0,0,0,0,
24.51,0,0,0,0,0,0,0,0,
24.54,0,0,0,0,0,0,0,0,
24.57,0,0,0,0,0,0,0,0,
24.6,0,0,0,0,0,0,0,0,
24.63,0,0,0,0,0,0,0,0,
24.66,0,0,0,0,0,0,0,0,
24.69,0,0,0,0,0,0,0,0,
24.72,0,0,0,0,0,0,0,0,
24.75,0,0,0,0,0,0,0,0,
24.78,0,0,0,0,0,0,0,0,
24.81,0,0,0,0,0,0,0,0,
24.84,0,0,0,0,0,0,0,0,
24.87,0,0,0,0,0,0,0,0,
24.9,0,0,0,0,0,0,0,0,
24.93,0,0,0,0,0,0,0,0,
24.96,0,0,0,0,0,0,0,0,
24.99,0,0,0,0,0,0,0,0,
25.02,0,0,0,0,0,0,0,0,
25.05,0,0,0,0,0,0,0,0,
25.08,0,0,0,0,0,0,0,0,
25.11,0,0,0,0,0,0,0,0,
25.14,0,0,0,0,0,0,0,0,
25.17,0,0,0,0,0,0,0,0,
25.2,0,0,0,0,0,0,0,0,
25.23,0,0,0,0,0,0,0,0,
25.26,0,0,0,0,0,0,0,0,
25.29,0,0,0,0,0,0,0,0,
25.32,0,0,0,0,0,0,0,0,
25.35,0,0,0,0,0,0,0,0,
25.38,0,0,0,0,0,0,0,0,
25.41,0,0,0,0,0,0,0,0,
25.44,0,0,0,0,0,0,0,0,
25.47,0,0,0,0,0,0,0,0,
25.5,0,0,0,0,0,0,0,0,
25.53,0,0,0,0,0,0,0,0,
25.56,0,0,0,0,0,0,0,0,
25.59,0,0,0,0,0,0,0,0,
25.62,0,0,0,0,0,0,0,0,
25.65,0,0,0,0,0,0,0,0,
25.68,0,0,0,0,0,0,0,0,
25.71,0,0,0,0,0,0,0,0,
25.74,0,0,0,0,0,0,0,0,
25.77,0,0,0,0,0,0,0,0,
25.8,0,0,0,0,0,0,0,0,
25.83,0,0,0,0,0,0,0,0,
25.86,0,0,0,0,0,0,0,0,
25.89,0,0,0,0,0,0,0,0,
25.92,0,0,0,0,0,0,0,0,
25.95,0,0,0,0,0,0,0,0,
25.98,0,0,0,0,0,0,0,0,
26.01,0,0,0,0,0,0,0,0,
26.04,0,0,0,0,0,0,0,0,
26.07,0,0,0,0,0,0,0,0,
26.1,0,0,0,0,0,0,0,0,
26.13,0,0,0,0,0,0,0,0,
26.16,0,0,0,0,0,0,0,0,
26.19,0,0,0,0,0,0,0,0,
26.22,0,0,0,0,0,0,0,0,
26.25,0,0,0,0,0,0,0,0,
26.28,0,0,0,0,0,0,0,0,
26.31,0,0,0,0,0,0,0,0,
26.34,0,0,0,0,0,0,0,0,
26.37,0,0,0,0,0,0,0,0,
26.4,0,0,0,0,0,0,0,0,
26.43,0,0,0,0,0,0,0,0,
26.46,0,0,0,0,0,0,0,0,
26.49,0,0,0,0,0,0,0,0,
26.52,0,0,0,0,0,0,0,0,
26.55,0,0,0,0,0,0,0,0,
26.58,0,0,0,0,0,0,0,0,
26.61,0,0,0,0,0,0,0,0,
26.64,0,0,0,0,0,0,0,0,
26.67,0,0,0,0,0,0,0,0,
26.7,0,0,0,0,0,0,0,0,
26.73,0,0,0,0,0,0,0,0,
26.76,0,0,0,0,0,0,0,0,
26.79,0,0,0,0,0,0,0,0,
26.82,0,0,0,0,0,0,0,0,
26.85,0,0,0,0,0,0,0,0,
26.88,0,0,0,0,0,0,0,0,
26.91,0,0,0,0,0,0,0,0,
26.94,0,0,0,0,0,0,0,0,
26.97,0,0,0,0,0,0,0,0,
27,0,0,0,0,0,0,0,0,
27.03,0,0,0,0,0,0,0,0,
27.06,0,0,0,0,0,0,0,0,
27.09,0,0,0,0,0,0,0,0,
27.12,0,0,0,0,0,0,0,0,
27.15,0,0,0,0,0,0,0,0,
27.18,0,0,0,0,0,0,0,0,
27.21,0,0,0,0,0,0,0,0,
27.24,0,0,0,0,0,0,0,0,
27.27,0,0,0,0,0,0,0,0,
27.3,0,0,0,0,0,0,0,0,
27.33,0,0,0,0,0,0,0,0,
27.36,0,0,0,0,0,0,0,0,
27.39,0,0,0,0,0,0,0,0,
27.42,0,0,0,0,0,0,0,0,
27.45,0,0,0,0,0,0,0,0,
27.48,0,0,0,0,0,0,0,0,
27.51,0,0,0,0,0,0,0,0,
27.54,0,0,0,0,0,0,0,0,
27.57,0,0,0,0,0,0,0,0,
27.6,0,0,0,0,0,0,0,0,
27.63,0,0,0,0,0,0,0,0,
27.66,0,0,0,0,0,0,0,0,
27.69,0,0,0,0,0,0,0,0,
27.72,0,0,0,0,0,0,0,0,
27.75,0,0,0,0,0,0,0,0,
27.78,0,0,0,0,0,0,0,0,
27.81,0,0,0,0,0,0,0,0,
27.84,0,0,0,0,0,0,0,0,
27.87,0,0,0,0,0,0,0,0,
27.9,0,0,0,0,0,0,0,0,
27.93,0,0,0,0,0,0,0,0,
27.96,0,0,0,0,0,0,0,0,
27.99,0,0,0,0,0,0,0,0,
28.02,0,0,0,0,0,0,0,0,
28.05,0,0,0,0,0,0,0,0,
28.08,0,0,0,0,0,0,0,0,
28.11,0,0,0,0,0,0,0,0,
28.14,0,0,0,0,0,0,0,0,
28.17,0,0,0,0,0,0,0,0,
28.2,0,0,0,0,0,0,0,0,
28.23,0,0,0,0,0,0,0,0,
28.26,0,0,0,0,0,0,0,0,
28.29,0,0,0,0,0,0,0,0,
28.32,0,0,0,0,0,0,0,0,
28.35,0,0,0,0,0,0,0,0,
28.38,0,0,0,0,0,0,0,0,
28.41,0,0,0,0,0,0,0,0,
28.44,0,0,0,0,0,0,0,0,
28.47,0,0,0,0,0,0,0,0,
28.5,0,0,0,0,0,0,0,0,
28.53,0,0,0,0,0,0,0,0,
28.56,0,0,0,0,0,0,0,0,
28.59,0,0,0,0,0,0,0,0,
28.62,0,0,0,0,0,0,0,0,
28.65,0,0,0,0,0,0,0,0,
28.68,0,0,0,0,0,0,0,0,
28.71,0,0,0,0,0,0,0,0,
28.74,0,0,0,0,0,0,0,0,
28.77,0,0,0,0,0,0,0,0,
28.8,0,0,0,0,0,0,0,0,
28.83,0,0,0,0,0,0,0,0,
28.86,0,0,0,0,0,0,0,0,
28.89,0,0,0,0,0,0,0,0,
28.92,0,0,0,0,0,0,0,0,
28.95,0,0,0,0,0,0,0,0,
28.98,0,0,0,0,0,0,0,0,
29.01,0,0,0,0,0,0,0,0,
29.04,0,0,0,0,0,0,0,0,
29.07,0,0,0,0,0,0,0,0,
29.1,0,0,0,0,0,0,0,0,
29.13,0,0,0,0,0,0,0,0,
29.16,0,0,0,0,0,0,0,0,
29.19,0,0,0,0,0,0,0,0,
29.22,0,0,0,0,0,0,0,0,
29.25,0,0,0,0,0,0,0,0,
29.28,0,0,0,0,0,0,0,0,
29.31,0,0,0,0,0,0,0,0,
29.34,0,0,0,0,0,0,0,0,
29.37,0,0,0,0,0,0,0,0,
29.4,0,0,0,0,0,0,0,0,
29.43,0,0,0,0,0,0,0,0,
29.46,0,0,0,0,0,0,0,0,
29.49,0,0,0,0,0,0,0,0,
29.52,0,0,0,0,0,0,0,0,
29.55,0,0,0,0,0,0,0,0,
29.58,0,0,0,0,0,0,0,0,
29.61,0,0,0,0,0,0,0,0,
29.64,0,0,0,0,0,0,0,0,
29.67,0,0,0,0,0,0,0,0,
29.7,0,0,0,0,0,0,0,0,
29.73,0,0,0,0,0,0,0,0,
29.76,0,0,0,0,0,0,0,0,
29.79,0,0,0,0,0,0,0,0,
29.82,0,0,0,0,0,0,0,0,
29.85,0,0,0,0,0,0,0,0,
29.88,0,0,0,0,0,0,0,0,
29.91,0,0,0,0,0,0,0,0,
29.94,0,0,0,0,0,0,0,0,
29.97,0,0,0,0,0,0,0,0,
30,0,0,0,0,0,0,0,0,
30.03,0,0,0,0,0,0,0,0,
30.06,0,0,0,0,0,0,0,0,
30.09,0,0,0,0,0,0,0,0,
30.12,0,0,0,0,0,0,0,0,
30.15,0,0,0,0,0,0,0,0,
30.18,0,0,0,0,0,0,0,0,
30.21,0,0,0,0,0,0,0,0,
30.24,0,0,0,0,0,0,0,0,
30.27,0,0,0,0,0,0,0,0,
30.3,0,0,0,0,0,0,0,0,
30.33,0,0,0,0,0,0,0,0,
30.36,0,0,0,0,0,0,0,0,
30.39,0,0,0,0,0,0,0,0,
30.42,0,0,0,0,0,0,0,0,
30.45,0,0,0,0,0,0,0,0,
30.48,0,0,0,0,0,0,0,0,
30.51,0,0,0,0,0,0,0,0,
30.54,0,0,0,0,0,0,0,0,
30.57,0,0,0,0,0,0,0,0,
30.6,0,0,0,0,0,0,0,0,
30.63,0,0,0,0,0,0,0,0,
30.66,0,0,0,0,0,0,0,0,
30.69,0,0,0,0,0,0,0,0,
30.72,0,0,0,0,0,0,0,0,
30.75,0,0,0,0,0,0,0,0,
30.78,0,0,0,0,0,0,0,0,
30.81,0,0,0,0,0,0,0,0,
30.84,0,0,0,0,0,0,0,0,
30.87,0,0,0,0,0,0,0,0,
30.9,0,0,0,0,0,0,0,0,
30.93,0,0,0,0,0,0,0,0,
30.96,0,0,0,0,0,0,0,0,
30.99,0,0,0,0,0,0,0,0,
31.02,0,0,0,0,0,0,0,0,
31.05,0,0,0,0,0,0,0,0,
31.08,0,0,0,0,0,0,0,0,
31.11,0,0,0,0,0,0,0,0,
31.14,0,0,0,0,0,0,0,0,
31.17,0,0,0,0,0,0,0,0,
31.2,0,0,0,0,0,0,0,0,
31.23,0,0,0,0,0,0,0,0,
31.26,0,0,0,0,0,0,0,0,
31.29,0,0,0,0,0,0,0,0,
31.32,0,0,0,0,0,0,0,0,
31.35,0,0,0,0,0,0,0,0,
31.38,0,0,0,0,0,0,0,0,
31.41,0,0,0,0,0,0,0,0,
31.44,0,0,0,0,0,0,0,0,
31.47,0,0,0,0,0,0,0,0,
31.5,0,0,0,0,0,0,0,0,
31.53,0,0,0,0,0,0,0,0,
31.56,0,0,0,0,0,0,0,0,
31.59,0,0,0,0,0,0,0,0,
31.62,0,0,0,0,0,0,0,0,
31.65,0,0,0,0,0,0,0,0,
31.68,0,0,0,0,0,0,0,0,
31.71,0,0,0,0,0,0,0,0,
31.74,0,0,0,0,0,0,0,0,
31.77,0,0,0,0,0,0,0,0,
31.8,0,0,0,0,0,0,0,0,
31.83,0,0,0,0,0,0,0,0,
31.86,0,0,0,0,0,0,0,0,
31.89,0,0,0,0,0,0,0,0,
31.92,0,0,0,0,0,0,0,0,
31.95,0,0,0,0,0,0,0,0,
31.98,0,0,0,0,0,0,0,0,
32.01,0,0,0,0,0,0,0,0,
32.04,0,0,0,0,0,0,0,0,
32.07,0,0,0,0,0,0,0,0,
32.1,0,0,0,0,0,0,0,0,
32.13,0,0,0,0,0,0,0,0,
32.16,0,0,0,0,0,0,0,0,
32.19,0,0,0,0,0,0,0,0,
32.22,0,0,0,0,0,0,0,0,
32.25,0,0,0,0,0,0,0,0,
32.28,0,0,0,0,0,0,0,0,
32.31,0,0,0,0,0,0,0,0,
32.34,0,0,0,0,0,0,0,0,
32.37,0,0,0,0,0,0,0,0,
32.4,0,0,0,0,0,0,0,0,
32.43,0,0,0,0,0,0,0,0,
32.46,0,0,0,0,0,0,0,0,
32.49,0,0,0,0,0,0,0,0,
32.52,0,0,0,0,0,0,0,0,
32.55,0,0,0,0,0,0,0,0,
32.58,0,0,0,0,0,0,0,0,
32.61,0,0,0,0,0,0,0,0,
32.64,0,0,0,0,0,0,0,0,
32.67,0,0,0,0,0,0,0,0,
32.7,0,0,0,0,0,0,0,0,
32.73,0,0,0,0,0,0,0,0,
32.76,0,0,0,0,0,0,0,0,
32.79,0,0,0,0,0,0,0,0,
32.82,0,0,0,0,0,0,0,0,
32.85,0,0,0,0,0,0,0,0,
32.88,0,0,0,0,0,0,0,0,
32.91,0,0,0,0,0,0,0,0,
32.94,0,0,0,0,0,0,0,0,
32.97,0,0,0,0,0,0,0,0,
33,0,0,0,0,0,0,0,0,
33.03,0,0,0,0,0,0,0,0,
33.06,0,0,0,0,0,0,0,0,
33.09,0,0,0,0,0,0,0,0,
33.12,0,0,0,0,0,0,0,0,
33.15,0,0,0,0,0,0,0,0,
33.18,0,0,0,0,0,0,0,0,
33.21,0,0,0,0,0,0,0,0,
33.24,0,0,0,0,0,0,0,0,
33.27,0,0,0,0,0,0,0,0,
33.3,0,0,0,0,0,0,0,0,
33.33,0,0,0,0,0,0,0,0,
33.36,0,0,0,0,0,0,0,0,
33.39,0,0,0,0,0,0,0,0,
33.42,0,0,0,0,0,0,0,0,
33.45,0,0,0,0,0,0,0,0,
33.48,0,0,0,0,0,0,0,0,
33.51,0,0,0,0,0,0,0,0,
33.54,0,0,0,0,0,0,0,0,
33.57,0,0,0,0,0,0,0,0,
33.6,0,0,0,0,0,0,0,0,
33.63,0,0,0,0,0,0,0,0,
33.66,0,0,0,0,0,0,0,0,
33.69,0,0,0,0,0,0,0,0,
33.72,0,0,0,0,0,0,0,0,
33.75,0,0,0,0,0,0,0,0,
33.78,0,0,0,0,0,0,0,0,
33.81,0,0,0,0,0,0,0,0,
33.84,0,0,0,0,0,0,0,0,
33.87,0,0,0,0,0,0,0,0,
33.9,0,0,0,0,0,0,0,0,
33.93,0,0,0,0,0,0,0,0,
33.96,0,0,0,0,0,0,0,0,
33.99,0,0,0,0,0,0,0,0,
34.02,0,0,0,0,0,0,0,0,
34.05,0,0,0,0,0,0,0,0,
34.08,0,0,0,0,0,0,0,0,
34.11,0,0,0,0,0,0,0,0,
34.14,0,0,0,0,0,0,0,0,
34.17,0,0,0,0,0,0,0,0,
34.2,0,0,0,0,0,0,0,0,
34.23,0,0,0,0,0,0,0,0,
34.26,0,0,0,0,0,0,0,0,
34.29,0,0,0,0,0,0,0,0,
34.32,0,0,0,0,0,0,0,0,
34.35,0,0,0,0,0,0,0,0,
34.38,0,0,0,0,0,0,0,0,
34.41,0,0,0,0,0,0,0,0,
34.44,0,0,0,0,0,0,0,0,
34.47,0,0,0,0,0,0,0,0,
34.5,0,0,0,0,0,0,0,0,
34.53,0,0,0,0,0,0,0,0,
34.56,0,0,0,0,0,0,0,0,
34.59,0,0,0,0,0,0,0,0,
34.62,0,0,0,0,0,0,0,0,
34.65,0,0,0,0,0,0,0,0,
34.68,0,0,0,0,0,0,0,0,
34.71,0,0,0,0,0,0,0,0,
34.74,0,0,0,0,0,0,0,0,
34.77,0,0,0,0,0,0,0,0,
34.8,0,0,0,0,0,0,0,0,
34.83,0,0,0,0,0,0,0,0,
34.86,0,0,0,0,0,0,0,0,
34.89,0,0,0,0,0,0,0,0,
34.92,0,0,0,0,0,0,0,0,
34.95,0,0,0,0,0,0,0,0,
34.98,0,0,0,0,0,0,0,0,
35.01,0,0,0,0,0,0,0,0,
35.04,0,0,0,0,0,0,0,0,
35.07,0,0,0,0,0,0,0,0,
35.1,0,0,0,0,0,0,0,0,
35.13,0,0,0,0,0,0,0,0,
35.16,0,0,0,0,0,0,0,0,
35.19,0,0,0,0,0,0,0,0,
35.22,0,0,0,0,0,0,0,0,
35.25,0,0,0,0,0,0,0,0,
35.28,0,0,0,0,0,0,0,0,
35.31,0,0,0,0,0,0,0,0,
35.34,0,0,0,0,0,0,0,0,
35.37,0,0,0,0,0,0,0,0,
35.4,0,0,0,0,0,0,0,0,
35.43,0,0,0,0,0,0,0,0,
35.46,0,0,0,0,0,0,0,0,
35.49,0,0,0,0,0,0,0,0,
35.52,0,0,0,0,0,0,0,0,
35.55,0,0,0,0,0,0,0,0,
35.58,0,0,0,0,0,0,0,0,
35.61,0,0,0,0,0,0,0,0,
35.64,0,0,0,0,0,0,0,0,
35.67,0,0,0,0,0,0,0,0,
35.7,0,0,0,0,0,0,0,0,
35.73,0,0,0,0,0,0,0,0,
35.76,0,0,0,0,0,0,0,0,
35.79,0,0,0,0,0,0,0,0,
35.82,0,0,0,0,0,0,0,0,
35.85,0,0,0,0,0,0,0,0,
35.88,0,0,0,0,0,0,0,0,
35.91,0,0,0,0,0,0,0,0,
35.94,0,0,0,0,0,0,0,0,
35.97,0,0,0,0,0,0,0,0,
36,0,0,0,0,0,0,0,0,
36.03,0,0,0,0,0,0,0,0,
36.06,0,0,0,0,0,0,0,0,
36.09,0,0,0,0,0,0,0,0,
36.12,0,0,0,0,0,0,0,0,
36.15,0,0,0,0,0,0,0,0,
36.18,0,0,0,0,0,0,0,0,
36.21,0,0,0,0,0,0,0,0,
36.24,0,0,0,0,0,0,0,0,
36.27,0,0,0,0,0,0,0,0,
36.3,0,0,0,0,0,0,0,0,
36.33,0,0,0,0,0,0,0,0,
36.36,0,0,0,0,0,0,0,0,
36.39,0,0,0,0,0,0,0,0,
36.42,0,0,0,0,0,0,0,0,
36.45,0,0,0,0,0,0,0,0,
36.48,0,0,0,0,0,0,0,0,
36.51,0,0,0,0,0,0,0,0,
36.54,0,0,0,0,0,0,0,0,
36.57,0,0,0,0,0,0,0,0,
36.6,0,0,0,0,0,0,0,0,
36.63,0,0,0,0,0,0,0,0,
36.66,0,0,0,0,0,0,0,0,
36.69,0,0,0,0,0,0,0,0,
36.72,0,0,0,0,0,0,0,0,
36.75,0,0,0,0,0,0,0,0,
36.78,0,0,0,0,0,0,0,0,
36.81,0,0,0,0,0,0,0,0,
36.84,0,0,0,0,0,0,0,0,
36.87,0,0,0,0,0,0,0,0,
36.9,0,0,0,0,0,0,0,0,
36.93,0,0,0,0,0,0,0,0,
36.96,0,0,0,0,0,0,0,0,
36.99,0,0,0,0,0,0,0,0,
37.02,0,0,0,0,0,0,0,0,
37.05,0,0,0,0,0,0,0,0,
37.08,0,0,0,0,0,0,0,0,
37.11,0,0,0,0,0,0,0,0,
37.14,0,0,0,0,0,0,0,0,
37.17,0,0,0,0,0,0,0,0,
37.2,0,0,0,0,0,0,0,0,
37.23,0,0,0,0,0,0,0,0,
37.26,0,0,0,0,0,0,0,0,
37.29,0,0,0,0,0,0,0,0,
37.32,0,0,0,0,0,0,0,0,
37.35,0,0,0,0,0,0,0,0,
37.38,0,0,0,0,0,0,0,0,
37.41,0,0,0,0,0,0,0,0,
37.44,0,0,0,0,0,0,0,0,
37.47,0,0,0,0,0,0,0,0,
37.5,0,0,0,0,0,0,0,0,
37.53,0,0,0,0,0,0,0,0,
37.56,0,0,0,0,0,0,0,0,
37.59,0,0,0,0,0,0,0,0,
37.62,0,0,0,0,0,0,0,0,
37.65,0,0,0,0,0,0,0,0,
37.68,0,0,0,0,0,0,0,0,
37.71,0,0,0,0,0,0,0,0,
37.74,0,0,0,0,0,0,0,0,
37.77,0,0,0,0,0,0,0,0,
37.8,0,0,0,0,0,0,0,0,
37.83,0,0,0,0,0,0,0,0,
37.86,0,0,0,0,0,0,0,0,
37.89,0,0,0,0,0,0,0,0,
37.92,0,0,0,0,0,0,0,0,
37.95,0,0,0,0,0,0,0,0,
37.98,0,0,0,0,0,0,0,0,
38.01,0,0,0,0,0,0,0,0,
38.04,0,0,0,0,0,0,0,0,
38.07,0,0,0,0,0,0,0,0,
38.1,0,0,0,0,0,0,0,0,
38.13,0,0,0,0,0,0,0,0,
38.16,0,0,0,0,0,0,0,0,
38.19,0,0,0,0,0,0,0,0,
38.22,0,0,0,0,0,0,0,0,
38.25,0,0,0,0,0,0,0,0,
38.28,0,0,0,0,0,0,0,0,
38.31,0,0,0,0,0,0,0,0,
38.34,0,0,0,0,0,0,0,0,
38.37,0,0,0,0,0,0,0,0,
38.4,0,0,0,0,0,0,0,0,
38.43,0,0,0,0,0,0,0,0,
38.46,0,0,0,0,0,0,0,0,
38.49,0,0,0,0,0,0,0,0,
38.52,0,0,0,0,0,0,0,0,
38.55,0,0,0,0,0,0,0,0,
38.58,-0.00390625,13.7551,-0.00878906,-0.0107422,-0.00390625,13.7551,-0.00878906,-0.0107422,
38.61,-0.00390625,13.7551,-0.00878906,-0.0107422,-0.00390625,13.7551,-0.00878906,-0.0107422,
38.64,-0.00390625,13.7551,-0.00878906,-0.0107422,-0.00390625,13.7551,-0.00878906,-0.0107422,
38.67,-0.00390625,13.7551,-0.00878906,-0.0107422,-0.00390625,13.7551,-0.00878906,-0.0107422,
38.7,-0.00390625,13.7551,-0.00878906,-0.0107422,-0.00390625,13.7551,-0.00878906,-0.0107422,
38.73,-0.00390625,13.7551,-0.00878906,-0.0107422,-0.00390625,13.7551,-0.00878906,-0.0107422,
38.76,-0.00390625,13.7551,-0.00878906,-0.0107422,-0.00390625,13.7551,-0.00878906,-0.0107422,
38.79,-0.00390625,13.7551,-0.00878906,-0.0107422,-0.00390625,13.7551,-0.00878906,-0.0107422,
38.82,-0.00390625,13.7551,-0.00878906,-0.0107422,-0.00390625,13.7551,-0.00878906,-0.0107422,
38.85,-0.00390625,13.7551,-0.00878906,-0.0107422,-0.00390625,13.7551,-0.00878906,-0.0107422,
38.88,-0.00390625,13.7551,-0.00878906,-0.0107422,-0.00390625,13.7551,-0.00878906,-0.0107422,
38.91,-0.00390625,13.7551,-0.00878906,-0.0107422,-0.00390625,13.7551,-0.00878906,-0.0107422,
38.94,-0.00390625,13.7551,-0.00878906,-0.0107422,-0.00390625,13.7551,-0.00878906,-0.0107422,
38.97,-0.00390625,13.7551,-0.00878906,-0.0107422,-0.00390625,13.7551,-0.00878906,-0.0107422,
39,-0.00390625,13.7551,-0.00878906,-0.0107422,-0.00390625,13.7551,-0.00878906,-0.0107422,
39.03,-0.00390625,13.7551,-0.00878906,-0.0107422,-0.00390625,13.7551,-0.00878906,-0.0107422,
39.06,-0.00390625,13.7551,-0.00878906,-0.0107422,-0.00390625,13.7551,-0.00878906,-0.0107422,
39.09,-0.00390625,13.7551,-0.00878906,-0.0107422,-0.00390625,13.7551,-0.00878906,-0.0107422,
39.12,-0.00390625,13.7551,-0.00878906,-0.0107422,-0.00390625,13.7551,-0.00878906,-0.0107422,
39.15,-0.00390625,13.7551,-0.00878906,-0.0107422,-0.00390625,13.7551,-0.00878906,-0.0107422,
39.18,-0.00390625,13.7551,-0.00878906,-0.0107422,-0.00390625,13.7551,-0.00878906,-0.0107422,
39.21,-0.00390625,13.7551,-0.00878906,-0.0107422,-0.00390625,13.7551,-0.00878906,-0.0107422,
39.24,-0.00390625,13.7551,-0.00878906,-0.0107422,-0.00390625,13.7551,-0.00878906,-0.0107422,
39.27,-0.00390625,13.7551,-0.00878906,-0.0107422,-0.00390625,13.7551,-0.00878906,-0.0107422,
39.3,-0.00390625,13.7551,-0.00878906,-0.0107422,-0.00390625,13.7551,-0.00878906,-0.0107422,
39.33,-0.00390625,13.7551,-0.00878906,-0.0107422,-0.00390625,13.7551,-0.00878906,-0.0107422,
39.36,0,5,0,0,0,5,0,0,
39.39,0,5,0,0,0,5,0,0,
39.42,0,5,0,0,0,5,0,0,
39.45,0,5,0,0,0,5,0,0,
39.48,0,5,0,0,0,5,0,0,
39.51,0,5,0,0,0,5,0,0,
39.54,0,5,0,0,0,5,0,0,
39.57,0,5,0,0,0,5,0,0,
39.6,0,5,0,0,0,5,0,0,
39.63,0,5,0,0,0,5,0,0,
39.66,0,5,0,0,0,5,0,0,
39.69,0,5,0,0,0,5,0,0,
39.72,0,5,0,0,0,5,0,0,
39.75,0,5,0,0,0,5,0,0,
39.78,0,5,0,0,0,5,0,0,
39.81,0,5,0,0,0,5,0,0,
39.84,0,5,0,0,0,5,0,0,
39.87,0,5,0,0,0,5,0,0,
39.9,0,5,0,0,0,5,0,0,
39.93,0,5,0,0,0,5,0,0,
39.96,0,5,0,0,0,5,0,0,
39.99,0,5,0,0,0,5,0,0,
40.02,0,5,0,0,0,5,0,0,
40.05,-36,2,-3,83,-36,2,-3,83,
40.08,-36,2,-3,83,-36,2,-3,83,
40.11,-36,2,-3,83,-36,2,-3,83,
40.14,-36,2,-3,83,-36,2,-3,83,
40.17,-36,2,-3,83,-36,2,-3,83,
40.2,-36,2,-3,83,-36,2,-3,83,
40.23,-36,2,-3,83,-36,2,-3,83,
40.26,-36,2,-3,83,-36,2,-3,83,
40.29,-36,2,-3,83,-36,2,-3,83,
40.32,-36,2,-3,83,-36,2,-3,83,
40.35,-36,2,-3,83,-36,2,-3,83,
40.38,-36,2,-3,83,-36,2,-3,83,
40.41,-36,2,-3,83,-36,2,-3,83,
40.44,-36,2,-3,83,-36,2,-3,83,
40.47,-36,2,-3,83,-36,2,-3,83,
40.5,-36,2,-3,83,-36,2,-3,83,
40.53,-36,2,-3,83,-36,2,-3,83,
40.56,-36,2,-3,83,-36,2,-3,83,
40.59,-36,2,-3,83,-36,2,-3,83,
40.62,-36,2,-3,83,-36,2,-3,83,
40.65,-36,2,-3,83,-36,2,-3,83,
40.68,-36,2,-3,83,-36,2,-3,83,
40.71,-36,2,-3,83,-36,2,-3,83,
40.74,-36,2,-3,83,-36,2,-3,83,
40.77,-36,2,-3,83,-36,2,-3,83,
40.8,-36,2,-3,83,-36,2,-3,83,
40.83,-36,2,-3,83,-36,2,-3,83,
40.86,-36,2,-3,83,-36,2,-3,83,
40.89,-36,2,-3,83,-36,2,-3,83,
40.92,-36,2,-3,83,-36,2,-3,83,
40.95,-36,2,-3,83,-36,2,-3,83,
40.98,-36,2,-3,83,-36,2,-3,83,
41.01,-36,2,-3,83,-36,2,-3,83,
41.04,-36,2,-3,83,-36,2,-3,83,
41.07,-36,2,-3,83,-36,2,-3,83,
41.1,-36,2,-3,83,-36,2,-3,83,
41.13,-36,2,-3,83,-36,2,-3,83,
41.16,-36,2,-3,83,-36,2,-3,83,
41.19,-36,2,-3,83,-36,2,-3,83,
41.22,-36,2,-3,83,-36,2,-3,83,
41.25,-36,2,-3,83,-36,2,-3,83,
41.28,-36,2,-3,83,-36,2,-3,83,
41.31,-36,2,-3,83,-36,2,-3,83,
41.34,-36,2,-3,83,-36,2,-3,83,
41.37,-36,2,-3,83,-36,2,-3,83,
41.4,-36,2,-3,83,-36,2,-3,83,
41.43,-36,2,-3,83,-36,2,-3,83,
41.46,-36,2,-3,83,-36,2,-3,83,
41.49,-36,2,-3,83,-36,2,-3,83,
41.52,-36,2,-3,83,-36,2,-3,83,
41.55,-36,2,-3,83,-36,2,-3,83,
41.58,-36,2,-3,83,-36,2,-3,83,
41.61,-36,2,-3,83,-36,2,-3,83,
41.64,-36,2,-3,83,-36,2,-3,83,
41.67,-36,2,-3,83,-36,2,-3,83,
41.7,-36,2,-3,83,-36,2,-3,83,
41.73,-36,2,-3,83,-36,2,-3,83,
41.76,-36,2,-3,83,-36,2,-3,83,
41.79,-36,2,-3,83,-36,2,-3,83,
41.82,-36,2,-3,83,-36,2,-3,83,
41.85,-36,2,-3,83,-36,2,-3,83,
41.88,-36,2,-3,83,-36,2,-3,83,
41.91,-36,2,-3,83,-36,2,-3,83,
41.94,-36,2,-3,83,-36,2,-3,83,
41.97,-36,2,-3,83,-36,2,-3,83,
42,-36,2,-3,83,-36,2,-3,83,
42.03,-36,2,-3,83,-36,2,-3,83,
42.06,-36,2,-3,83,-36,2,-3,83,
42.09,-36,2,-3,83,-36,2,-3,83,
42.12,-36,2,-3,83,-36,2,-3,83,
42.15,-36,2,-3,83,-36,2,-3,83,
42.18,-36,2,-3,83,-36,2,-3,83,
42.21,-36,2,-3,83,-36,2,-3,83,
42.24,-36,2,-3,83,-36,2,-3,83,
42.27,-36,2,-3,83,-36,2,-3,83,
42.3,-36,2,-3,83,-36,2,-3,83,
42.33,-36,2,-3,83,-36,2,-3,83,
42.36,-36,2,-3,83,-36,2,-3,83,
42.39,-36,2,-3,83,-36,2,-3,83,
42.42,-36,2,-3,83,-36,2,-3,83,
42.45,-36,2,-3,83,-36,2,-3,83,
42.48,0,10,0,0,0,10,0,0,
42.51,0,10,0,0,0,10,0,0,
42.54,0,10,0,0,0,10,0,0,
42.57,0,10,0,0,0,10,0,0,
42.6,0,10,0,0,0,10,0,0,
42.63,0,10,0,0,0,10,0,0,
42.66,0,10,0,0,0,10,0,0,
42.69,0,10,0,0,0,10,0,0,
42.72,0,10,0,0,0,10,0,0,
42.75,0,10,0,0,0,10,0,0,
42.78,0,10,0,0,0,10,0,0,
42.81,0,10,0,0,0,10,0,0,
42.84,0,10,0,0,0,10,0,0,
42.87,0,10,0,0,0,10,0,0,
42.9,0,10,0,0,0,10,0,0,
42.93,0,10,0,0,0,10,0,0,
42.96,0,10,0,0,0,10,0,0,
42.99,0,10,0,0,0,10,0,0,
43.02,0,10,0,0,0,10,0,0,
43.05,0,10,0,0,0,10,0,0,
43.08,0,10,0,0,0,10,0,0,
43.11,0,10,0,0,0,10,0,0,
43.14,0,10,0,0,0,10,0,0,
43.17,0,10,0,0,0,10,0,0,
43.2,0,10,0,0,0,10,0,0,
43.23,0,10,0,0,0,10,0,0,
43.26,0,10,0,0,0,10,0,0,
43.29,0,10,0,0,0,10,0,0,
43.32,0,10,0,0,0,10,0,0,
43.35,0,10,0,0,0,10,0,0,
43.38,0,10,0,0,0,10,0,0,
43.41,0,10,0,0,0,10,0,0,
43.44,0,10,0,0,0,10,0,0,
43.47,0,10,0,0,0,10,0,0,
43.5,0,10,0,0,0,10,0,0,
43.53,0,10,0,0,0,10,0,0,
43.56,0,10,0,0,0,10,0,0,
43.59,0,10,0,0,0,10,0,0,
43.62,0,10,0,0,0,10,0,0,
43.65,0,10,0,0,0,10,0,0,
43.68,0,10,0,0,0,10,0,0,
43.71,0,10,0,0,0,10,0,0,
43.74,0,10,0,0,0,10,0,0,
43.77,0,10,0,0,0,10,0,0,
43.8,0,10,0,0,0,10,0,0,
43.83,0,10,0,0,0,10,0,0,
43.86,0,10,0,0,0,10,0,0,
43.89,0,10,0,0,0,10,0,0,
43.92,0,10,0,0,0,10,0,0,
43.95,0,10,0,0,0,10,0,0,
43.98,0,5,0,0,0,5,0,0,
44.01,0,5,0,0,0,5,0,0,
44.04,0,5,0,0,0,5,0,0,
44.07,0,5,0,0,0,5,0,0,
44.1,0,5,0,0,0,5,0,0,
44.13,0,5,0,0,0,5,0,0,
44.16,0,5,0,0,0,5,0,0,
44.19,0,5,0,0,0,5,0,0,
44.22,0,5,0,0,0,5,0,0,
44.25,0,5,0,0,0,5,0,0,
44.28,0,5,0,0,0,5,0,0,
44.31,0,5,0,0,0,5,0,0,
44.34,0,5,0,0,0,5,0,0,
44.37,0,5,0,0,0,5,0,0,
44.4,0,5,0,0,0,5,0,0,
44.43,0,5,0,0,0,5,0,0,
44.46,0,5,0,0,0,5,0,0,
44.49,0,5,0,0,0,5,0,0,
44.52,0,5,0,0,0,5,0,0,
44.55,0,5,0,0,0,5,0,0,
44.58,0,5,0,0,0,5,0,0,
44.61,0,5,0,0,0,5,0,0,
44.64,0,5,0,0,0,5,0,0,
44.67,0,5,0,0,0,5,0,0,
44.7,0,5,0,0,0,5,0,0,
44.73,0,5,0,0,0,5,0,0,
44.76,0,5,0,0,0,5,0,0,
44.79,0,5,0,0,0,5,0,0,
44.82,0,5,0,0,0,5,0,0,
44.85,0,5,0,0,0,5,0,0,
44.88,0,5,0,0,0,5,0,0,
44.91,0,5,0,0,0,5,0,0,
44.94,0,5,0,0,0,5,0,0,
44.97,0,5,0,0,0,5,0,0,
45,0,5,0,0,0,5,0,0,
45.03,0,5,0,0,0,5,0,0,
45.06,0,5,0,0,0,5,0,0,
45.09,0,5,0,0,0,5,0,0,
45.12,0,5,0,0,0,5,0,0,
45.15,0,5,0,0,0,5,0,0,
45.18,0,5,0,0,0,5,0,0,
45.21,0,5,0,0,0,5,0,0,
45.24,0,5,0,0,0,5,0,0,
45.27,0,5,0,0,0,5,0,0,
45.3,0,5,0,0,0,5,0,0,
45.33,0,5,0,0,0,5,0,0,
45.36,0,5,0,0,0,5,0,0,
45.39,0,5,0,0,0,5,0,0,
45.42,0,5,0,0,0,5,0,0,
45.45,0,5,0,0,0,5,0,0,
45.48,0,5,0,0,0,5,0,0,
45.51,0,5,0,0,0,5,0,0,
45.54,0,5,0,0,0,5,0,0,
45.57,0,5,0,0,0,5,0,0,
45.6,0,5,0,0,0,5,0,0,
45.63,0,5,0,0,0,5,0,0,
45.66,0,5,0,0,0,5,0,0,
45.69,0,5,0,0,0,5,0,0,
45.72,0,5,0,0,0,5,0,0,
45.75,0,5,0,0,0,5,0,0,
45.78,0,5,0,0,0,5,0,0,
45.81,0,5,0,0,0,5,0,0,
45.84,0,5,0,0,0,5,0,0,
45.87,0,5,0,0,0,5,0,0,
45.9,0,5,0,0,0,5,0,0,
45.93,0,5,0,0,0,5,0,0,
45.96,0,5,0,0,0,5,0,0,
45.99,0,5,0,0,0,5,0,0,
46.02,0,5,0,0,0,5,0,0,
46.05,0,5,0,0,0,5,0,0,
46.08,0,5,0,0,0,5,0,0,
46.11,0,5,0,0,0,5,0,0,
46.14,0,5,0,0,0,5,0,0,
46.17,0,5,0,0,0,5,0,0,
46.2,0,5,0,0,0,5,0,0,
46.23,0,5,0,0,0,5,0,0,
46.26,0,5,0,0,0,5,0,0,
46.29,0,5,0,0,0,5,0,0,
46.32,0,5,0,0,0,5,0,0,
46.35,0,5,0,0,0,5,0,0,
46.38,0,5,0,0,0,5,0,0,
46.41,0,5,0,0,0,5,0,0,
46.44,0,5,0,0,0,5,0,0,
46.47,0,5,0,0,0,5,0,0,
46.5,0,5,0,0,0,5,0,0,
46.53,0,5,0,0,0,5,0,0,
46.56,0,5,0,0,0,5,0,0,
46.59,0,5,0,0,0,5,0,0,
46.62,0,5,0,0,0,5,0,0,
46.65,0,5,0,0,0,5,0,0,
46.68,0,5,0,0,0,5,0,0,
46.71,0,5,0,0,0,5,0,0,
46.74,0,5,0,0,0,5,0,0,
46.77,0,5,0,0,0,5,0,0,
46.8,0,5,0,0,0,5,0,0,
46.83,0,5,0,0,0,5,0,0,
46.86,0,5,0,0,0,5,0,0,
46.89,0,5,0,0,0,5,0,0,
46.92,0,5,0,0,0,5,0,0,
46.95,0,5,0,0,0,5,0,0,
46.98,0,5,0,0,0,5,0,0,
47.01,0,5,0,0,0,5,0,0,
47.04,0,5,0,0,0,5,0,0,
47.07,0,5,0,0,0,5,0,0,
47.1,0,5,0,0,0,5,0,0,
47.13,0,5,0,0,0,5,0,0,
47.16,0,5,0,0,0,5,0,0,
47.19,0,5,0,0,0,5,0,0,
47.22,0,5,0,0,0,5,0,0,
47.25,0,5,0,0,0,5,0,0,
47.28,0,5,0,0,0,5,0,0,
47.31,0,5,0,0,0,5,0,0,
47.34,0,5,0,0,0,5,0,0,
47.37,0,5,0,0,0,5,0,0,
47.4,0,5,0,0,0,5,0,0,
47.43,0,5,0,0,0,5,0,0,
47.46,0,5,0,0,0,5,0,0,
47.49,0,5,0,0,0,5,0,0,
47.52,0,5,0,0,0,5,0,0,
47.55,0,5,0,0,0,5,0,0,
47.58,0,5,0,0,0,5,0,0,
47.61,0,5,0,0,0,5,0,0,
47.64,0,5,0,0,0,5,0,0,
47.67,0,5,0,0,0,5,0,0,
47.7,0,5,0,0,0,5,0,0,
47.73,0,5,0,0,0,5,0,0,
47.76,0,5,0,0,0,5,0,0,
47.79,0,5,0,0,0,5,0,0,
47.82,0,5,0,0,0,5,0,0,
47.85,0,5,0,0,0,5,0,0,
47.88,0,5,0,0,0,5,0,0,
47.91,0,5,0,0,0,5,0,0,
47.94,0,5,0,0,0,5,0,0,
47.97,0,5,0,0,0,5,0,0,
48,0,5,0,0,0,5,0,0,
48.03,0,5,0,0,0,5,0,0,
48.06,0,5,0,0,0,5,0,0,
48.09,0,5,0,0,0,5,0,0,
48.12,0,5,0,0,0,5,0,0,
48.15,0,5,0,0,0,5,0,0,
48.18,0,5,0,0,0,5,0,0,
48.21,0,5,0,0,0,5,0,0,
48.24,0,5,0,0,0,5,0,0,
48.27,0,5,0,0,0,5,0,0,
48.3,0,5,0,0,0,5,0,0,
48.33,0,5,0,0,0,5,0,0,
48.36,0,5,0,0,0,5,0,0,
48.39,0,5,0,0,0,5,0,0,
48.42,0,5,0,0,0,5,0,0,
48.45,0,5,0,0,0,5,0,0,
48.48,0,5,0,0,0,5,0,0,
48.51,0,5,0,0,0,5,0,0,
48.54,0,5,0,0,0,5,0,0,
48.57,0,5,0,0,0,5,0,0,
48.6,0,5,0,0,0,5,0,0,
48.63,0,5,0,0,0,5,0,0,
48.66,0,5,0,0,0,5,0,0,
48.69,0,5,0,0,0,5,0,0,
48.72,0,5,0,0,0,5,0,0,
48.75,0,5,0,0,0,5,0,0,
48.78,0,5,0,0,0,5,0,0,
48.81,0,5,0,0,0,5,0,0,
48.84,0,5,0,0,0,5,0,0,
48.87,0,5,0,0,0,5,0,0,
48.9,0,5,0,0,0,5,0,0,
48.93,0,5,0,0,0,5,0,0,
48.96,0,5,0,0,0,5,0,0,
48.99,0,5,0,0,0,5,0,0,
49.02,0,5,0,0,0,5,0,0,
49.05,0,5,0,0,0,5,0,0,
49.08,0,5,0,0,0,5,0,0,
49.11,0,5,0,0,0,5,0,0,
49.14,0,5,0,0,0,5,0,0,
49.17,0,5,0,0,0,5,0,0,
49.2,0,5,0,0,0,5,0,0,
49.23,0,5,0,0,0,5,0,0,
49.26,0,5,0,0,0,5,0,0,
49.29,0,5,0,0,0,5,0,0,
49.32,0,5,0,0,0,5,0,0,
49.35,0,5,0,0,0,5,0,0,
49.38,0,5,0,0,0,5,0,0,
49.41,0,5,0,0,0,5,0,0,
49.44,0,5,0,0,0,5,0,0,
49.47,0,5,0,0,0,5,0,0,
49.5,0,5,0,0,0,5,0,0,
49.53,0,5,0,0,0,5,0,0,
49.56,0,5,0,0,0,5,0,0,
49.59,0,5,0,0,0,5,0,0,
49.62,0,5,0,0,0,5,0,0,
49.65,0,5,0,0,0,5,0,0,
49.68,0,5,0,0,0,5,0,0,
49.71,0,5,0,0,0,5,0,0,
49.74,0,5,0,0,0,5,0,0,
49.77,0,5,0,0,0,5,0,0,
49.8,0,5,0,0,0,5,0,0,
49.83,0,5,0,0,0,5,0,0,
49.86,0,5,0,0,0,5,0,0,
49.89,0,5,0,0,0,5,0,0,
49.92,0,5,0,0,0,5,0,0,
49.95,0,5,0,0,0,5,0,0,
49.98,0,5,0,0,0,5,0,0,
50.01,0,5,0,0,0,5,0,0,
50.04,0,5,0,0,0,5,0,0,
50.07,0,5,0,0,0,5,0,0,
50.1,0,5,0,0,0,5,0,0,
50.13,0,5,0,0,0,5,0,0,
50.16,0,5,0,0,0,5,0,0,
50.19,0,5,0,0,0,5,0,0,
50.22,0,5,0,0,0,5,0,0,
50.25,0,5,0,0,0,5,0,0,
50.28,0,5,0,0,0,5,0,0,
50.31,0,5,0,0,0,5,0,0,
50.34,0,5,0,0,0,5,0,0,
50.37,0,5,0,0,0,5,0,0,
50.4,0,5,0,0,0,5,0,0,
50.43,0,5,0,0,0,5,0,0,
50.46,0,5,0,0,0,5,0,0,
50.49,0,5,0,0,0,5,0,0,
50.52,0,5,0,0,0,5,0,0,
50.55,0,5,0,0,0,5,0,0,
50.58,0,5,0,0,0,5,0,0,
50.61,0,5,0,0,0,5,0,0,
50.64,0,5,0,0,0,5,0,0,
50.67,0,5,0,0,0,5,0,0,
50.7,0,5,0,0,0,5,0,0,
50.73,0,5,0,0,0,5,0,0,
50.76,0,5,0,0,0,5,0,0,
50.79,0,5,0,0,0,5,0,0,
50.82,0,5,0,0,0,5,0,0,
50.85,0,5,0,0,0,5,0,0,
50.88,0,5,0,0,0,5,0,0,
50.91,0,5,0,0,0,5,0,0,
50.94,0,5,0,0,0,5,0,0,
50.97,0,5,0,0,0,5,0,0,
51,0,5,0,0,0,5,0,0,
51.03,0,5,0,0,0,5,0,0,
51.06,0,5,0,0,0,5,0,0,
51.09,0,5,0,0,0,5,0,0,
51.12,0,5,0,0,0,5,0,0,
51.15,0,5,0,0,0,5,0,0,
51.18,0,5,0,0,0,5,0,0,
51.21,0,5,0,0,0,5,0,0,
51.24,0,5,0,0,0,5,0,0,
51.27,0,5,0,0,0,5,0,0,
51.3,0,5,0,0,0,5,0,0,
51.33,0,5,0,0,0,5,0,0,
51.36,0,5,0,0,0,5,0,0,
51.39,0,5,0,0,0,5,0,0,
51.42,0,5,0,0,0,5,0,0,
51.45,0,5,0,0,0,5,0,0,
51.48,0,5,0,0,0,5,0,0,
51.51,0,5,0,0,0,5,0,0,
51.54,0,5,0,0,0,5,0,0,
51.57,0,5,0,0,0,5,0,0,
51.6,0,5,0,0,0,5,0,0,
51.63,0,5,0,0,0,5,0,0,
51.66,0,5,0,0,0,5,0,0,
51.69,0,5,0,0,0,5,0,0,
51.72,0,5,0,0,0,5,0,0,
51.75,0,5,0,0,0,5,0,0,
51.78,0,5,0,0,0,5,0,0,
51.81,0,5,0,0,0,5,0,0,
51.84,0,5,0,0,0,5,0,0,
51.87,0,5,0,0,0,5,0,0,
51.9,0,5,0,0,0,5,0,0,
51.93,0,5,0,0,0,5,0,0,
51.96,0,5,0,0,0,5,0,0,
51.99,0,5,0,0,0,5,0,0,
52.02,0,5,0,0,0,5,0,0,
52.05,0,5,0,0,0,5,0,0,
52.08,0,5,0,0,0,5,0,0,
52.11,0,5,0,0,0,5,0,0,
52.14,0,5,0,0,0,5,0,0,
52.17,0,5,0,0,0,5,0,0,
52.2,0,5,0,0,0,5,0,0,
52.23,0,5,0,0,0,5,0,0,
52.26,0,5,0,0,0,5,0,0,
52.29,0,5,0,0,0,5,0,0,
52.32,0,5,0,0,0,5,0,0,
52.35,0,5,0,0,0,5,0,0,
52.38,0,5,0,0,0,5,0,0,
52.41,0,5,0,0,0,5,0,0,
52.44,0,5,0,0,0,5,0,0,
52.47,0,5,0,0,0,5,0,0,
52.5,0,5,0,0,0,5,0,0,
52.53,0,5,0,0,0,5,0,0,
52.56,0,5,0,0,0,5,0,0,
52.59,0,5,0,0,0,5,0,0,
52.62,0,5,0,0,0,5,0,0,
52.65,0,5,0,0,0,5,0,0,
52.68,0,5,0,0,0,5,0,0,
52.71,0,5,0,0,0,5,0,0,
52.74,0,5,0,0,0,5,0,0,
52.77,0,5,0,0,0,5,0,0,
52.8,0,5,0,0,0,5,0,0,
52.83,0,5,0,0,0,5,0,0,
52.86,0,5,0,0,0,5,0,0,
52.89,0,5,0,0,0,5,0,0,
52.92,0,5,0,0,0,5,0,0,
52.95,0,5,0,0,0,5,0,0,
52.98,0,5,0,0,0,5,0,0,
53.01,0,5,0,0,0,5,0,0,
53.04,0,5,0,0,0,5,0,0,
53.07,0,5,0,0,0,5,0,0,
53.1,0,5,0,0,0,5,0,0,
53.13,0,5,0,0,0,5,0,0,
53.16,0,5,0,0,0,5,0,0,
53.19,0,5,0,0,0,5,0,0,
53.22,0,5,0,0,0,5,0,0,
53.25,0,5,0,0,0,5,0,0,
53.28,0,5,0,0,0,5,0,0,
53.31,0,5,0,0,0,5,0,0,
53.34,0,5,0,0,0,5,0,0,
53.37,0,5,0,0,0,5,0,0,
53.4,0,5,0,0,0,5,0,0,
53.43,0,5,0,0,0,5,0,0,
53.46,0,5,0,0,0,5,0,0,
53.49,0,5,0,0,0,5,0,0,
53.52,0,5,0,0,0,5,0,0,
53.55,0,5,0,0,0,5,0,0,
53.58,0,5,0,0,0,5,0,0,
53.61,0,5,0,0,0,5,0,0,
53.64,0,5,0,0,0,5,0,0,
53.67,0,5,0,0,0,5,0,0,
53.7,0,5,0,0,0,5,0,0,
53.73,0,5,0,0,0,5,0,0,
53.76,0,5,0,0,0,5,0,0,
53.79,0,5,0,0,0,5,0,0,
53.82,0,5,0,0,0,5,0,0,
53.85,0,5,0,0,0,5,0,0,
53.88,0,5,0,0,0,5,0,0,
53.91,0,5,0,0,0,5,0,0,
53.94,0,5,0,0,0,5,0,0,
53.97,0,5,0,0,0,5,0,0,
54,0,5,0,0,0,5,0,0,
54.03,0,5,0,0,0,5,0,0,
54.06,0,5,0,0,0,5,0,0,
54.09,0,5,0,0,0,5,0,0,
54.12,0,5,0,0,0,5,0,0,
54.15,0,5,0,0,0,5,0,0,
54.18,0,5,0,0,0,5,0,0,
54.21,0,5,0,0,0,5,0,0,
54.24,0,5,0,0,0,5,0,0,
54.27,0,5,0,0,0,5,0,0,
54.3,0,5,0,0,0,5,0,0,
54.33,0,5,0,0,0,5,0,0,
54.36,0,5,0,0,0,5,0,0,
54.39,0,5,0,0,0,5,0,0,
54.42,0,5,0,0,0,5,0,0,
54.45,0,5,0,0,0,5,0,0,
54.48,0,5,0,0,0,5,0,0,
54.51,0,5,0,0,0,5,0,0,
54.54,0,5,0,0,0,5,0,0,
54.57,0,5,0,0,0,5,0,0,
54.6,0,5,0,0,0,5,0,0,
54.63,0,5,0,0,0,5,0,0,
54.66,0,5,0,0,0,5,0,0,
54.69,0,5,0,0,0,5,0,0,
54.72,0,5,0,0,0,5,0,0,
54.75,0,5,0,0,0,5,0,0,
54.78,0,5,0,0,0,5,0,0,
54.81,0,5,0,0,0,5,0,0,
54.84,0,5,0,0,0,5,0,0,
54.87,0,5,0,0,0,5,0,0,
54.9,0,5,0,0,0,5,0,0,
54.93,0,5,0,0,0,5,0,0,
54.96,0,5,0,0,0,5,0,0,
54.99,0,5,0,0,0,5,0,0,
55.02,0,5,0,0,0,5,0,0,
55.05,0,5,0,0,0,5,0,0,
55.08,0,5,0,0,0,5,0,0,
55.11,0,5,0,0,0,5,0,0,
55.14,0,5,0,0,0,5,0,0,
55.17,0,5,0,0,0,5,0,0,
55.2,0,5,0,0,0,5,0,0,
55.23,0,5,0,0,0,5,0,0,
55.26,0,5,0,0,0,5,0,0,
55.29,0,5,0,0,0,5,0,0,
55.32,0,5,0,0,0,5,0,0,
55.35,0,5,0,0,0,5,0,0,
55.38,0,5,0,0,0,5,0,0,
55.41,0,5,0,0,0,5,0,0,
55.44,0,5,0,0,0,5,0,0,
55.47,0,5,0,0,0,5,0,0,
55.5,0,5,0,0,0,5,0,0,
55.53,0,5,0,0,0,5,0,0,
55.56,0,5,0,0,0,5,0,0,
55.59,0,5,0,0,0,5,0,0,
55.62,0,5,0,0,0,5,0,0,
55.65,0,5,0,0,0,5,0,0,
55.68,0,5,0,0,0,5,0,0,
55.71,0,5,0,0,0,5,0,0,
55.74,0,5,0,0,0,5,0,0,
55.77,0,5,0,0,0,5,0,0,
55.8,0,5,0,0,0,5,0,0,
55.83,0,5,0,0,0,5,0,0,
55.86,0,5,0,0,0,5,0,0,
55.89,0,5,0,0,0,5,0,0,
55.92,0,5,0,0,0,5,0,0,
55.95,0,5,0,0,0,5,0,0,
55.98,0,5,0,0,0,5,0,0,
56.01,0,5,0,0,0,5,0,0,
56.04,0,5,0,0,0,5,0,0,
56.07,0,5,0,0,0,5,0,0,
56.1,0,5,0,0,0,5,0,0,
56.13,0,5,0,0,0,5,0,0,
56.16,0,5,0,0,0,5,0,0,
56.19,0,5,0,0,0,5,0,0,
56.22,0,5,0,0,0,5,0,0,
56.25,0,5,0,0,0,5,0,0,
56.28,0,5,0,0,0,5,0,0,
56.31,0,5,0,0,0,5,0,0,
56.34,0,5,0,0,0,5,0,0,
56.37,0,5,0,0,0,5,0,0,
56.4,0,5,0,0,0,5,0,0,
56.43,0,5,0,0,0,5,0,0,
56.46,0,5,0,0,0,5,0,0,
56.49,0,5,0,0,0,5,0,0,
56.52,0,5,0,0,0,5,0,0,
56.55,0,5,0,0,0,5,0,0,
56.58,0,5,0,0,0,5,0,0,
56.61,0,5,0,0,0,5,0,0,
56.64,0,5,0,0,0,5,0,0,
56.67,0,5,0,0,0,5,0,0,
56.7,0,5,0,0,0,5,0,0,
56.73,0,5,0,0,0,5,0,0,
56.76,0,5,0,0,0,5,0,0,
56.79,0,5,0,0,0,5,0,0,
56.82,0,5,0,0,0,5,0,0,
56.85,0,5,0,0,0,5,0,0,
56.88,0,5,0,0,0,5,0,0,
56.91,0,5,0,0,0,5,0,0,
56.94,0,5,0,0,0,5,0,0,
56.97,0,5,0,0,0,5,0,0,
57,0,5,0,0,0,5,0,0,
57.03,0,5,0,0,0,5,0,0,
57.06,0,5,0,0,0,5,0,0,
57.09,0,5,0,0,0,5,0,0,
57.12,0,5,0,0,0,5,0,0,
57.15,0,5,0,0,0,5,0,0,
57.18,0,5,0,0,0,5,0,0,
57.21,0,5,0,0,0,5,0,0,
57.24,0,5,0,0,0,5,0,0,
57.27,0,5,0,0,0,5,0,0,
57.3,0,5,0,0,0,5,0,0,
57.33,0,5,0,0,0,5,0,0,
57.36,0,5,0,0,0,5,0,0,
57.39,0,5,0,0,0,5,0,0,
57.42,0,5,0,0,0,5,0,0,
57.45,0,5,0,0,0,5,0,0,
57.48,0,5,0,0,0,5,0,0,
57.51,0,5,0,0,0,5,0,0,
57.54,0,5,0,0,0,5,0,0,
57.57,0,5,0,0,0,5,0,0,
57.6,0,5,0,0,0,5,0,0,
57.63,0,5,0,0,0,5,0,0,
57.66,0,5,0,0,0,5,0,0,
57.69,0,5,0,0,0,5,0,0,
57.72,0,5,0,0,0,5,0,0,
57.75,0,5,0,0,0,5,0,0,
57.78,0,5,0,0,0,5,0,0,
57.81,0,5,0,0,0,5,0,0,
57.84,0,5,0,0,0,5,0,0,
57.87,0,5,0,0,0,5,0,0,
57.9,0,5,0,0,0,5,0,0,
57.93,0,5,0,0,0,5,0,0,
57.96,0,5,0,0,0,5,0,0,
57.99,0,5,0,0,0,5,0,0,
58.02,0,5,0,0,0,5,0,0,
58.05,0,5,0,0,0,5,0,0,
58.08,0,5,0,0,0,5,0,0,
58.11,0,5,0,0,0,5,0,0,
58.14,0,5,0,0,0,5,0,0,
58.17,0,5,0,0,0,5,0,0,
58.2,0,5,0,0,0,5,0,0,
58.23,0,5,0,0,0,5,0,0,
58.26,0,5,0,0,0,5,0,0,
58.29,0,5,0,0,0,5,0,0,
58.32,0,5,0,0,0,5,0,0,
58.35,0,5,0,0,0,5,0,0,
58.38,0,5,0,0,0,5,0,0,
58.41,0,5,0,0,0,5,0,0,
58.44,0,5,0,0,0,5,0,0,
58.47,0,5,0,0,0,5,0,0,
58.5,0,5,0,0,0,5,0,0,
58.53,0,5,0,0,0,5,0,0,
58.56,0,5,0,0,0,5,0,0,
58.59,0,5,0,0,0,5,0,0,
58.62,0,5,0,0,0,5,0,0,
58.65,0,5,0,0,0,5,0,0,
58.68,0,5,0,0,0,5,0,0,
58.71,0,5,0,0,0,5,0,0,
58.74,0,5,0,0,0,5,0,0,
58.77,0,5,0,0,0,5,0,0,
58.8,0,5,0,0,0,5,0,0,
58.83,0,5,0,0,0,5,0,0,
58.86,0,5,0,0,0,5,0,0,
58.89,0,5,0,0,0,5,0,0,
58.92,0,5,0,0,0,5,0,0,
58.95,0,5,0,0,0,5,0,0,
58.98,0,5,0,0,0,5,0,0,
59.01,0,5,0,0,0,5,0,0,
59.04,0,5,0,0,0,5,0,0,
59.07,0,5,0,0,0,5,0,0,
59.1,0,5,0,0,0,5,0,0,
59.13,0,5,0,0,0,5,0,0,
59.16,0,5,0,0,0,5,0,0,
59.19,0,5,0,0,0,5,0,0,
59.22,0,5,0,0,0,5,0,0,
59.25,0,5,0,0,0,5,0,0,
59.28,0,5,0,0,0,5,0,0,
59.31,0,5,0,0,0,5,0,0,
59.34,0,5,0,0,0,5,0,0,
59.37,0,5,0,0,0,5,0,0,
59.4,0,5,0,0,0,5,0,0,
59.43,0,5,0,0,0,5,0,0,
59.46,0,5,0,0,0,5,0,0,
59.49,0,5,0,0,0,5,0,0,
59.52,0,5,0,0,0,5,0,0,
59.55,0,5,0,0,0,5,0,0,
59.58,0,5,0,0,0,5,0,0,
59.61,0,5,0,0,0,5,0,0,
59.64,0,5,0,0,0,5,0,0,
59.67,0,5,0,0,0,5,0,0,
59.7,0,5,0,0,0,5,0,0,
59.73,0,5,0,0,0,5,0,0,
59.76,0,5,0,0,0,5,0,0,
59.79,0,5,0,0,0,5,0,0,
59.82,0,5,0,0,0,5,0,0,
59.85,0,5,0,0,0,5,0,0,
59.88,0,5,0,0,0,5,0,0,
59.91,0,5,0,0,0,5,0,0,
59.94,0,5,0,0,0,5,0,0,
59.97,0,5,0,0,0,5,0,0,
60,0,5,0,0,0,5,0,0,
60.03,0,5,0,0,0,5,0,0,
60.06,0,5,0,0,0,5,0,0,
60.09,0,5,0,0,0,5,0,0,
60.12,0,5,0,0,0,5,0,0,
60.15,0,5,0,0,0,5,0,0,
60.18,0,5,0,0,0,5,0,0,
60.21,0,5,0,0,0,5,0,0,
60.24,0,5,0,0,0,5,0,0,
60.27,0,5,0,0,0,5,0,0,
60.3,0,5,0,0,0,5,0,0,
60.33,0,5,0,0,0,5,0,0,
60.36,0,5,0,0,0,5,0,0,
60.39,0,5,0,0,0,5,0,0,
60.42,0,5,0,0,0,5,0,0,
60.45,0,5,0,0,0,5,0,0,
60.48,0,5,0,0,0,5,0,0,
60.51,0,5,0,0,0,5,0,0,
60.54,0,5,0,0,0,5,0,0,
60.57,0,5,0,0,0,5,0,0,
60.6,0,5,0,0,0,5,0,0,
60.63,0,5,0,0,0,5,0,0,
60.66,0,5,0,0,0,5,0,0,
60.69,0,5,0,0,0,5,0,0,
60.72,0,5,0,0,0,5,0,0,
60.75,0,5,0,0,0,5,0,0,
60.78,0,5,0,0,0,5,0,0,
60.81,0,5,0,0,0,5,0,0,
60.84,0,5,0,0,0,5,0,0,
60.87,0,5,0,0,0,5,0,0,
60.9,0,5,0,0,0,5,0,0,
60.93,0,5,0,0,0,5,0,0,
60.96,0,5,0,0,0,5,0,0,
60.99,0,5,0,0,0,5,0,0,
61.02,0,5,0,0,0,5,0,0,
61.05,0,5,0,0,0,5,0,0,
61.08,0,5,0,0,0,5,0,0,
61.11,0,5,0,0,0,5,0,0,
61.14,0,5,0,0,0,5,0,0,
61.17,0,5,0,0,0,5,0,0,
61.2,0,5,0,0,0,5,0,0,
61.23,0,5,0,0,0,5,0,0,
61.26,0,5,0,0,0,5,0,0,
61.29,0,5,0,0,0,5,0,0,
61.32,0,5,0,0,0,5,0,0,
61.35,0,5,0,0,0,5,0,0,
61.38,0,5,0,0,0,5,0,0,
61.41,0,5,0,0,0,5,0,0,
61.44,0,5,0,0,0,5,0,0,
61.47,0,5,0,0,0,5,0,0,
61.5,0,5,0,0,0,5,0,0,
61.53,0,5,0,0,0,5,0,0,
61.56,0,5,0,0,0,5,0,0,
61.59,0,5,0,0,0,5,0,0,
61.62,0,5,0,0,0,5,0,0,
61.65,0,5,0,0,0,5,0,0,
61.68,0,5,0,0,0,5,0,0,
61.71,0,5,0,0,0,5,0,0,
61.74,0,5,0,0,0,5,0,0,
61.77,0,5,0,0,0,5,0,0,
61.8,0,5,0,0,0,5,0,0,
61.83,0,5,0,0,0,5,0,0,
61.86,0,5,0,0,0,5,0,0,
61.89,0,5,0,0,0,5,0,0,
61.92,0,5,0,0,0,5,0,0,
61.95,0,5,0,0,0,5,0,0,
61.98,0,5,0,0,0,5,0,0,
62.01,0,5,0,0,0,5,0,0,
62.04,0,5,0,0,0,5,0,0,
62.07,0,5,0,0,0,5,0,0,
62.1,0,5,0,0,0,5,0,0,
62.13,0,5,0,0,0,5,0,0,
62.16,0,5,0,0,0,5,0,0,
62.19,0,5,0,0,0,5,0,0,
62.22,0,5,0,0,0,5,0,0,
62.25,0,5,0,0,0,5,0,0,
62.28,0,5,0,0,0,5,0,0,
62.31,0,5,0,0,0,5,0,0,
62.34,0,5,0,0,0,5,0,0,
62.37,0,5,0,0,0,5,0,0,
62.4,0,5,0,0,0,5,0,0,
62.43,0,5,0,0,0,5,0,0,
62.46,0,5,0,0,0,5,0,0,
62.49,0,5,0,0,0,5,0,0,
62.52,0,5,0,0,0,5,0,0,
62.55,0,5,0,0,0,5,0,0,
62.58,0,5,0,0,0,5,0,0,
62.61,0,5,0,0,0,5,0,0,
62.64,0,5,0,0,0,5,0,0,
62.67,0,5,0,0,0,5,0,0,
62.7,0,5,0,0,0,5,0,0,
62.73,0,5,0,0,0,5,0,0,
62.76,0,5,0,0,0,5,0,0,
62.79,0,5,0,0,0,5,0,0,
62.82,0,5,0,0,0,5,0,0,
62.85,0,5,0,0,0,5,0,0,
62.88,0,5,0,0,0,5,0,0,
62.91,0,5,0,0,0,5,0,0,
62.94,0,5,0,0,0,5,0,0,
62.97,0,5,0,0,0,5,0,0,
63,0,5,0,0,0,5,0,0,
63.03,0,5,0,0,0,5,0,0,
63.06,0,5,0,0,0,5,0,0,
63.09,0,5,0,0,0,5,0,0,
63.12,0,5,0,0,0,5,0,0,
63.15,0,5,0,0,0,5,0,0,
63.18,0,5,0,0,0,5,0,0,
63.21,0,5,0,0,0,5,0,0,
63.24,0,5,0,0,0,5,0,0,
63.27,0,5,0,0,0,5,0,0,
63.3,0,5,0,0,0,5,0,0,
63.33,0,5,0,0,0,5,0,0,
63.36,0,5,0,0,0,5,0,0,
63.39,0,5,0,0,0,5,0,0,
63.42,0,5,0,0,0,5,0,0,
63.45,0,5,0,0,0,5,0,0,
63.48,0,5,0,0,0,5,0,0,
63.51,0,5,0,0,0,5,0,0,
63.54,0,5,0,0,0,5,0,0,
63.57,0,5,0,0,0,5,0,0,
63.6,0,5,0,0,0,5,0,0,
63.63,0,5,0,0,0,5,0,0,
63.66,0,5,0,0,0,5,0,0,
63.69,0,5,0,0,0,5,0,0,
63.72,0,5,0,0,0,5,0,0,
63.75,0,5,0,0,0,5,0,0,
63.78,0,5,0,0,0,5,0,0,
63.81,0,5,0,0,0,5,0,0,
63.84,0,5,0,0,0,5,0,0,
63.87,0,5,0,0,0,5,0,0,
63.9,0,5,0,0,0,5,0,0,
63.93,0,5,0,0,0,5,0,0,
63.96,0,5,0,0,0,5,0,0,
63.99,0,5,0,0,0,5,0,0,
64.02,0,5,0,0,0,5,0,0,
64.05,0,5,0,0,0,5,0,0,
64.08,0,5,0,0,0,5,0,0,
64.11,0,5,0,0,0,5,0,0,
64.14,0,5,0,0,0,5,0,0,
64.17,0,5,0,0,0,5,0,0,
64.2,0,5,0,0,0,5,0,0,
64.23,0,5,0,0,0,5,0,0,
64.26,0,5,0,0,0,5,0,0,
64.29,0,5,0,0,0,5,0,0,
64.32,0,5,0,0,0,5,0,0,
64.35,0,5,0,0,0,5,0,0,
64.38,0,5,0,0,0,5,0,0,
64.41,0,5,0,0,0,5,0,0,
64.44,0,5,0,0,0,5,0,0,
64.47,0,5,0,0,0,5,0,0,
64.5,0,5,0,0,0,5,0,0,
64.53,0,5,0,0,0,5,0,0,
64.56,0,5,0,0,0,5,0,0,
64.59,0,5,0,0,0,5,0,0,
64.62,0,5,0,0,0,5,0,0,
64.65,0,5,0,0,0,5,0,0,
64.68,0,5,0,0,0,5,0,0,
64.71,0,5,0,0,0,5,0,0,
64.74,0,5,0,0,0,5,0,0,
64.77,0,5,0,0,0,5,0,0,
64.8,0,5,0,0,0,5,0,0,
64.83,0,5,0,0,0,5,0,0,
64.86,0,5,0,0,0,5,0,0,
64.89,0,5,0,0,0,5,0,0,
64.92,0,5,0,0,0,5,0,0,
64.95,0,5,0,0,0,5,0,0,
64.98,0,5,0,0,0,5,0,0,
65.01,0,5,0,0,0,5,0,0,
65.04,0,5,0,0,0,5,0,0,
65.07,0,5,0,0,0,5,0,0,
65.1,0,5,0,0,0,5,0,0,
65.13,0,5,0,0,0,5,0,0,
65.16,0,5,0,0,0,5,0,0,
65.19,0,5,0,0,0,5,0,0,
65.22,0,5,0,0,0,5,0,0,
65.25,0,5,0,0,0,5,0,0,
65.28,0,5,0,0,0,5,0,0,
65.31,0,5,0,0,0,5,0,0,
65.34,0,5,0,0,0,5,0,0,
65.37,0,5,0,0,0,5,0,0,
65.4,0,5,0,0,0,5,0,0,
65.43,0,5,0,0,0,5,0,0,
65.46,0,5,0,0,0,5,0,0,
65.49,0,5,0,0,0,5,0,0,
65.52,0,5,0,0,0,5,0,0,
65.55,0,5,0,0,0,5,0,0,
65.58,0,5,0,0,0,5,0,0,
65.61,0,5,0,0,0,5,0,0,
65.64,0,5,0,0,0,5,0,0,
65.67,0,5,0,0,0,5,0,0,
65.7,0,5,0,0,0,5,0,0,
65.73,0,5,0,0,0,5,0,0,
65.76,0,5,0,0,0,5,0,0,
65.79,0,5,0,0,0,5,0,0,
65.82,0,5,0,0,0,5,0,0,
65.85,0,5,0,0,0,5,0,0,
65.88,0,5,0,0,0,5,0,0,
65.91,0,5,0,0,0,5,0,0,
65.94,0,5,0,0,0,5,0,0,
65.97,0,5,0,0,0,5,0,0,
66,0,5,0,0,0,5,0,0,
66.03,0,5,0,0,0,5,0,0,
66.06,0,5,0,0,0,5,0,0,
66.09,0,5,0,0,0,5,0,0,
66.12,0,5,0,0,0,5,0,0,
66.15,0,5,0,0,0,5,0,0,
66.18,0,5,0,0,0,5,0,0,
66.21,0,5,0,0,0,5,0,0,
66.24,0,5,0,0,0,5,0,0,
66.27,0,5,0,0,0,5,0,0,
66.3,0,5,0,0,0,5,0,0,
66.33,0,5,0,0,0,5,0,0,
66.36,0,5,0,0,0,5,0,0,
66.39,0,5,0,0,0,5,0,0,
66.42,0,5,0,0,0,5,0,0,
66.45,0,5,0,0,0,5,0,0,
66.48,0,5,0,0,0,5,0,0,
66.51,0,5,0,0,0,5,0,0,
66.54,0,5,0,0,0,5,0,0,
66.57,0,5,0,0,0,5,0,0,
66.6,0,5,0,0,0,5,0,0,
66.63,0,5,0,0,0,5,0,0,
66.66,0,5,0,0,0,5,0,0,
66.69,0,5,0,0,0,5,0,0,
66.72,0,5,0,0,0,5,0,0,
66.75,0,5,0,0,0,5,0,0,
66.78,0,5,0,0,0,5,0,0,
66.81,0,5,0,0,0,5,0,0,
66.84,0,5,0,0,0,5,0,0,
66.87,0,5,0,0,0,5,0,0,
66.9,0,5,0,0,0,5,0,0,
66.93,0,5,0,0,0,5,0,0,
66.96,0,5,0,0,0,5,0,0,
66.99,0,5,0,0,0,5,0,0,
67.02,0,5,0,0,0,5,0,0,
67.05,0,5,0,0,0,5,0,0,
67.08,0,5,0,0,0,5,0,0,
67.11,0,5,0,0,0,5,0,0,
67.14,0,5,0,0,0,5,0,0,
67.17,0,5,0,0,0,5,0,0,
67.2,0,5,0,0,0,5,0,0,
67.23,0,5,0,0,0,5,0,0,
67.26,0,5,0,0,0,5,0,0,
67.29,0,5,0,0,0,5,0,0,
67.32,0,5,0,0,0,5,0,0,
67.35,0,5,0,0,0,5,0,0,
67.38,0,5,0,0,0,5,0,0,
67.41,0,5,0,0,0,5,0,0,
67.44,0,5,0,0,0,5,0,0,
67.47,0,5,0,0,0,5,0,0,
67.5,0,5,0,0,0,5,0,0,
67.53,0,5,0,0,0,5,0,0,
67.56,0,5,0,0,0,5,0,0,
67.59,0,5,0,0,0,5,0,0,
67.62,0,5,0,0,0,5,0,0,
67.65,0,5,0,0,0,5,0,0,
67.68,0,5,0,0,0,5,0,0,
67.71,0,5,0,0,0,5,0,0,
67.74,0,5,0,0,0,5,0,0,
67.77,0,5,0,0,0,5,0,0,
67.8,0,5,0,0,0,5,0,0,
67.83,0,5,0,0,0,5,0,0,
67.86,0,5,0,0,0,5,0,0,
67.89,0,5,0,0,0,5,0,0,
67.92,0,5,0,0,0,5,0,0,
67.95,0,5,0,0,0,5,0,0,
67.98,0,5,0,0,0,5,0,0,
68.01,0,5,0,0,0,5,0,0,
68.04,0,5,0,0,0,5,0,0,
68.07,0,5,0,0,0,5,0,0,
68.1,0,5,0,0,0,5,0,0,
68.13,0,5,0,0,0,5,0,0,
68.16,0,5,0,0,0,5,0,0,
68.19,0,5,0,0,0,5,0,0,
68.22,0,5,0,0,0,5,0,0,
68.25,0,5,0,0,0,5,0,0,
68.28,0,5,0,0,0,5,0,0,
68.31,0,5,0,0,0,5,0,0,
68.34,0,5,0,0,0,5,0,0,
68.37,0,5,0,0,0,5,0,0,
68.4,0,5,0,0,0,5,0,0,
68.43,0,5,0,0,0,5,0,0,
68.46,0,5,0,0,0,5,0,0,
68.49,0,5,0,0,0,5,0,0,
68.52,0,5,0,0,0,5,0,0,
68.55,0,5,0,0,0,5,0,0,
68.58,0,5,0,0,0,5,0,0,
68.61,0,5,0,0,0,5,0,0,
68.64,0,5,0,0,0,5,0,0,
68.67,0,5,0,0,0,5,0,0,
68.7,0,5,0,0,0,5,0,0,
68.73,0,5,0,0,0,5,0,0,
68.76,0,5,0,0,0,5,0,0,
68.79,0,5,0,0,0,5,0,0,
68.82,0,5,0,0,0,5,0,0,
68.85,0,5,0,0,0,5,0,0,
68.88,0,5,0,0,0,5,0,0,
68.91,0,5,0,0,0,5,0,0,
68.94,0,5,0,0,0,5,0,0,
68.97,0,5,0,0,0,5,0,0,
69,0,5,0,0,0,5,0,0,
69.03,0,5,0,0,0,5,0,0,
69.06,0,5,0,0,0,5,0,0,
69.09,0,5,0,0,0,5,0,0,
69.12,0,5,0,0,0,5,0,0,
69.15,0,5,0,0,0,5,0,0,
69.18,0,5,0,0,0,5,0,0,
69.21,0,5,0,0,0,5,0,0,
69.24,0,5,0,0,0,5,0,0,
69.27,0,5,0,0,0,5,0,0,
69.3,0,5,0,0,0,5,0,0,
69.33,0,5,0,0,0,5,0,0,
69.36,0,5,0,0,0,5,0,0,
69.39,0,5,0,0,0,5,0,0,
69.42,0,5,0,0,0,5,0,0,
69.45,0,5,0,0,0,5,0,0,
69.48,0,5,0,0,0,5,0,0,
69.51,0,5,0,0,0,5,0,0,
69.54,0,5,0,0,0,5,0,0,
69.57,0,5,0,0,0,5,0,0,
69.6,0,5,0,0,0,5,0,0,
69.63,0,5,0,0,0,5,0,0,
69.66,0,5,0,0,0,5,0,0,
69.69,0,5,0,0,0,5,0,0,
69.72,0,5,0,0,0,5,0,0,
69.75,0,5,0,0,0,5,0,0,
69.78,0,5,0,0,0,5,0,0,
69.81,0,5,0,0,0,5,0,0,
69.84,0,5,0,0,0,5,0,0,
69.87,0,5,0,0,0,5,0,0,
69.9,0,5,0,0,0,5,0,0,
69.93,0,5,0,0,0,5,0,0,
69.96,0,5,0,0,0,5,0,0,
69.99,0,5,0,0,0,5,0,0,
70.02,0,5,0,0,0,5,0,0,
70.05,0,5,0,0,0,5,0,0,
70.08,0,5,0,0,0,5,0,0,
70.11,0,5,0,0,0,5,0,0,
70.14,0,5,0,0,0,5,0,0,
70.17,0,5,0,0,0,5,0,0,
70.2,0,5,0,0,0,5,0,0,
70.23,0,5,0,0,0,5,0,0,
70.26,0,5,0,0,0,5,0,0,
70.29,0,5,0,0,0,5,0,0,
70.32,0,5,0,0,0,5,0,0,
70.35,0,5,0,0,0,5,0,0,
70.38,0,5,0,0,0,5,0,0,
70.41,0,5,0,0,0,5,0,0,
70.44,0,5,0,0,0,5,0,0,
70.47,0,5,0,0,0,5,0,0,
70.5,0,5,0,0,0,5,0,0,
70.53,0,5,0,0,0,5,0,0,
70.56,0,5,0,0,0,5,0,0,
70.59,0,5,0,0,0,5,0,0,
70.62,0,5,0,0,0,5,0,0,
70.65,0,5,0,0,0,5,0,0,
70.68,0,5,0,0,0,5,0,0,
70.71,0,5,0,0,0,5,0,0,
70.74,0,5,0,0,0,5,0,0,
70.77,0,5,0,0,0,5,0,0,
70.8,0,5,0,0,0,5,0,0,
70.83,0,5,0,0,0,5,0,0,
70.86,0,5,0,0,0,5,0,0,
70.89,0,5,0,0,0,5,0,0,
70.92,0,5,0,0,0,5,0,0,
70.95,0,5,0,0,0,5,0,0,
70.98,0,5,0,0,0,5,0,0,
71.01,0,5,0,0,0,5,0,0,
71.04,0,5,0,0,0,5,0,0,
71.07,0,5,0,0,0,5,0,0,
71.1,0,5,0,0,0,5,0,0,
71.13,0,5,0,0,0,5,0,0,
71.16,0,5,0,0,0,5,0,0,
71.19,0,5,0,0,0,5,0,0,
71.22,0,5,0,0,0,5,0,0,
71.25,0,5,0,0,0,5,0,0,
71.28,0,5,0,0,0,5,0,0,
71.31,0,5,0,0,0,5,0,0,
71.34,0,5,0,0,0,5,0,0,
71.37,0,5,0,0,0,5,0,0,
71.4,0,5,0,0,0,5,0,0,
71.43,0,5,0,0,0,5,0,0,
71.46,0,5,0,0,0,5,0,0,
71.49,0,5,0,0,0,5,0,0,
71.52,0,5,0,0,0,5,0,0,
71.55,0,5,0,0,0,5,0,0,
71.58,0,5,0,0,0,5,0,0,
71.61,0,5,0,0,0,5,0,0,
71.64,0,5,0,0,0,5,0,0,
71.67,0,5,0,0,0,5,0,0,
71.7,0,5,0,0,0,5,0,0,
71.73,0,5,0,0,0,5,0,0,
71.76,0,5,0,0,0,5,0,0,
71.79,0,5,0,0,0,5,0,0,
71.82,0,5,0,0,0,5,0,0,
71.85,0,5,0,0,0,5,0,0,
71.88,0,5,0,0,0,5,0,0,
71.91,0,5,0,0,0,5,0,0,
71.94,0,5,0,0,0,5,0,0,
71.97,0,5,0,0,0,5,0,0,
72,0,5,0,0,0,5,0,0,
72.03,0,5,0,0,0,5,0,0,
72.06,0,5,0,0,0,5,0,0,
72.09,0,5,0,0,0,5,0,0,
72.12,0,5,0,0,0,5,0,0,
72.15,0,5,0,0,0,5,0,0,
72.18,0,5,0,0,0,5,0,0,
72.21,0,5,0,0,0,5,0,0,
72.24,0,5,0,0,0,5,0,0,
72.27,0,5,0,0,0,5,0,0,
72.3,0,5,0,0,0,5,0,0,
72.33,0,5,0,0,0,5,0,0,
72.36,0,5,0,0,0,5,0,0,
72.39,0,5,0,0,0,5,0,0,
72.42,0,5,0,0,0,5,0,0,
72.45,0,5,0,0,0,5,0,0,
72.48,0,5,0,0,0,5,0,0,
72.51,0,5,0,0,0,5,0,0,
72.54,0,5,0,0,0,5,0,0,
72.57,0,5,0,0,0,5,0,0,
72.6,0,5,0,0,0,5,0,0,
72.63,0,5,0,0,0,5,0,0,
72.66,0,5,0,0,0,5,0,0,
72.69,0,5,0,0,0,5,0,0,
72.72,0,5,0,0,0,5,0,0,
72.75,0,5,0,0,0,5,0,0,
72.78,0,5,0,0,0,5,0,0,
72.81,0,5,0,0,0,5,0,0,
72.84,0,5,0,0,0,5,0,0,
72.87,0,5,0,0,0,5,0,0,
72.9,0,5,0,0,0,5,0,0,
72.93,0,5,0,0,0,5,0,0,
72.96,0,5,0,0,0,5,0,0,
72.99,0,5,0,0,0,5,0,0,
73.02,0,5,0,0,0,5,0,0,
73.05,0,5,0,0,0,5,0,0,
73.08,0,5,0,0,0,5,0,0,
73.11,0,5,0,0,0,5,0,0,
73.14,0,5,0,0,0,5,0,0,
73.17,0,5,0,0,0,5,0,0,
73.2,0,5,0,0,0,5,0,0,
73.23,0,5,0,0,0,5,0,0,
73.26,0,5,0,0,0,5,0,0,
73.29,0,5,0,0,0,5,0,0,
73.32,0,5,0,0,0,5,0,0,
73.35,0,5,0,0,0,5,0,0,
73.38,0,5,0,0,0,5,0,0,
73.41,0,5,0,0,0,5,0,0,
73.44,0,5,0,0,0,5,0,0,
73.47,0,5,0,0,0,5,0,0,
73.5,0,5,0,0,0,5,0,0,
73.53,0,5,0,0,0,5,0,0,
73.56,0,5,0,0,0,5,0,0,
73.59,0,5,0,0,0,5,0,0,
73.62,0,5,0,0,0,5,0,0,
73.65,0,5,0,0,0,5,0,0,
73.68,0,5,0,0,0,5,0,0,
73.71,0,5,0,0,0,5,0,0,
73.74,0,5,0,0,0,5,0,0,
73.77,0,5,0,0,0,5,0,0,
73.8,0,5,0,0,0,5,0,0,
73.83,0,5,0,0,0,5,0,0,
73.86,0,5,0,0,0,5,0,0,
73.89,0,5,0,0,0,5,0,0,
73.92,0,5,0,0,0,5,0,0,
73.95,0,5,0,0,0,5,0,0,
73.98,0,5,0,0,0,5,0,0,
74.01,0,5,0,0,0,5,0,0,
74.04,0,5,0,0,0,5,0,0,
74.07,0,5,0,0,0,5,0,0,
74.1,0,5,0,0,0,5,0,0,
74.13,0,5,0,0,0,5,0,0,
74.16,0,5,0,0,0,5,0,0,
74.19,0,5,0,0,0,5,0,0,
74.22,0,5,0,0,0,5,0,0,
74.25,0,5,0,0,0,5,0,0,
74.28,0,5,0,0,0,5,0,0,
74.31,0,5,0,0,0,5,0,0,
74.34,0,5,0,0,0,5,0,0,
74.37,0,5,0,0,0,5,0,0,
74.4,0,5,0,0,0,5,0,0,
74.43,0,5,0,0,0,5,0,0,
74.46,0,5,0,0,0,5,0,0,
74.49,0,5,0,0,0,5,0,0,
74.52,0,5,0,0,0,5,0,0,
74.55,0,5,0,0,0,5,0,0,
74.58,0,5,0,0,0,5,0,0,
74.61,0,5,0,0,0,5,0,0,
74.64,0,5,0,0,0,5,0,0,
74.67,0,5,0,0,0,5,0,0,
74.7,0,5,0,0,0,5,0,0,
74.73,0,5,0,0,0,5,0,0,
74.76,0,5,0,0,0,5,0,0,
74.79,0,5,0,0,0,5,0,0,
74.82,0,5,0,0,0,5,0,0,
74.85,0,5,0,0,0,5,0,0,
74.88,0,5,0,0,0,5,0,0,
74.91,0,5,0,0,0,5,0,0,
74.94,0,5,0,0,0,5,0,0,
74.97,0,5,0,0,0,5,0,0,
75,0,5,0,0,0,5,0,0,
75.03,0,5,0,0,0,5,0,0,
75.06,0,5,0,0,0,5,0,0,
75.09,0,5,0,0,0,5,0,0,
75.12,0,5,0,0,0,5,0,0,
75.15,0,5,0,0,0,5,0,0,
75.18,0,5,0,0,0,5,0,0,
75.21,0,5,0,0,0,5,0,0,
75.24,0,5,0,0,0,5,0,0,
75.27,0,5,0,0,0,5,0,0,
75.3,0,5,0,0,0,5,0,0,
75.33,0,5,0,0,0,5,0,0,
75.36,0,5,0,0,0,5,0,0,
75.39,0,5,0,0,0,5,0,0,
75.42,0,5,0,0,0,5,0,0,
75.45,0,5,0,0,0,5,0,0,
75.48,0,5,0,0,0,5,0,0,
75.51,0,5,0,0,0,5,0,0,
75.54,0,5,0,0,0,5,0,0,
75.57,0,5,0,0,0,5,0,0,
75.6,0,5,0,0,0,5,0,0,
75.63,0,5,0,0,0,5,0,0,
75.66,0,5,0,0,0,5,0,0,
75.69,0,5,0,0,0,5,0,0,
75.72,0,5,0,0,0,5,0,0,
75.75,0,5,0,0,0,5,0,0,
75.78,0,5,0,0,0,5,0,0,
75.81,0,5,0,0,0,5,0,0,
75.84,0,5,0,0,0,5,0,0,
75.87,0,5,0,0,0,5,0,0,
75.9,0,5,0,0,0,5,0,0,
75.93,0,5,0,0,0,5,0,0,
75.96,0,5,0,0,0,5,0,0,
75.99,0,5,0,0,0,5,0,0,
76.02,0,5,0,0,0,5,0,0,
76.05,0,5,0,0,0,5,0,0,
76.08,0,5,0,0,0,5,0,0,
76.11,0,5,0,0,0,5,0,0,
76.14,0,5,0,0,0,5,0,0,
76.17,0,5,0,0,0,5,0,0,
76.2,0,5,0,0,0,5,0,0,
76.23,0,5,0,0,0,5,0,0,
76.26,0,5,0,0,0,5,0,0,
76.29,0,5,0,0,0,5,0,0,
76.32,0,5,0,0,0,5,0,0,
76.35,0,5,0,0,0,5,0,0,
76.38,0,5,0,0,0,5,0,0,
76.41,0,5,0,0,0,5,0,0,
76.44,0,5,0,0,0,5,0,0,
76.47,0,5,0,0,0,5,0,0,
76.5,0,5,0,0,0,5,0,0,
76.53,0,5,0,0,0,5,0,0,
76.56,0,5,0,0,0,5,0,0,
76.59,0,5,0,0,0,5,0,0,
76.62,0,5,0,0,0,5,0,0,
76.65,0,5,0,0,0,5,0,0,
76.68,0,5,0,0,0,5,0,0,
76.71,0,5,0,0,0,5,0,0,
76.74,0,5,0,0,0,5,0,0,
76.77,0,5,0,0,0,5,0,0,
76.8,0,5,0,0,0,5,0,0,
76.83,0,5,0,0,0,5,0,0,
76.86,0,5,0,0,0,5,0,0,
76.89,0,5,0,0,0,5,0,0,
76.92,0,5,0,0,0,5,0,0,
76.95,0,5,0,0,0,5,0,0,
76.98,0,5,0,0,0,5,0,0,
77.01,0,5,0,0,0,5,0,0,
77.04,0,5,0,0,0,5,0,0,
77.07,0,5,0,0,0,5,0,0,
77.1,0,5,0,0,0,5,0,0,
77.13,0,5,0,0,0,5,0,0,
77.16,0,5,0,0,0,5,0,0,
77.19,0,5,0,0,0,5,0,0,
77.22,0,5,0,0,0,5,0,0,
77.25,0,5,0,0,0,5,0,0,
77.28,0,5,0,0,0,5,0,0,
77.31,0,5,0,0,0,5,0,0,
77.34,0,5,0,0,0,5,0,0,
77.37,0,5,0,0,0,5,0,0,
77.4,0,5,0,0,0,5,0,0,
77.43,0,5,0,0,0,5,0,0,
77.46,0,5,0,0,0,5,0,0,
77.49,0,5,0,0,0,5,0,0,
77.52,0,5,0,0,0,5,0,0,
77.55,0,5,0,0,0,5,0,0,
77.58,0,5,0,0,0,5,0,0,
77.61,0,5,0,0,0,5,0,0,
77.64,0,5,0,0,0,5,0,0,
77.67,0,5,0,0,0,5,0,0,
77.7,0,5,0,0,0,5,0,0,
77.73,0,5,0,0,0,5,0,0,
77.76,0,5,0,0,0,5,0,0,
77.79,0,5,0,0,0,5,0,0,
77.82,0,5,0,0,0,5,0,0,
77.85,0,5,0,0,0,5,0,0,
77.88,0,5,0,0,0,5,0,0,
77.91,0,5,0,0,0,5,0,0,
77.94,0,5,0,0,0,5,0,0,
77.97,0,5,0,0,0,5,0,0,
78,0,5,0,0,0,5,0,0,
78.03,0,5,0,0,0,5,0,0,
78.06,0,5,0,0,0,5,0,0,
78.09,0,5,0,0,0,5,0,0,
78.12,0,5,0,0,0,5,0,0,
78.15,0,5,0,0,0,5,0,0,
78.18,0,5,0,0,0,5,0,0,
78.21,0,5,0,0,0,5,0,0,
78.24,0,5,0,0,0,5,0,0,
78.27,0,5,0,0,0,5,0,0,
78.3,0,5,0,0,0,5,0,0,
78.33,0,5,0,0,0,5,0,0,
78.36,0,5,0,0,0,5,0,0,
78.39,0,5,0,0,0,5,0,0,
78.42,0,5,0,0,0,5,0,0,
78.45,0,5,0,0,0,5,0,0,
78.48,0,5,0,0,0,5,0,0,
78.51,0,5,0,0,0,5,0,0,
78.54,0,5,0,0,0,5,0,0,
78.57,0,5,0,0,0,5,0,0,
78.6,0,5,0,0,0,5,0,0,
78.63,0,5,0,0,0,5,0,0,
78.66,0,5,0,0,0,5,0,0,
78.69,0,5,0,0,0,5,0,0,
78.72,0,5,0,0,0,5,0,0,
78.75,0,5,0,0,0,5,0,0,
78.78,0,5,0,0,0,5,0,0,
78.81,0,5,0,0,0,5,0,0,
78.84,0,5,0,0,0,5,0,0,
78.87,0,5,0,0,0,5,0,0,
78.9,0,5,0,0,0,5,0,0,
78.93,0,5,0,0,0,5,0,0,
78.96,0,5,0,0,0,5,0,0,
78.99,0,5,0,0,0,5,0,0,
79.02,0,5,0,0,0,5,0,0,
79.05,0,5,0,0,0,5,0,0,
79.08,0,5,0,0,0,5,0,0,
79.11,0,5,0,0,0,5,0,0,
79.14,0,5,0,0,0,5,0,0,
79.17,0,5,0,0,0,5,0,0,
79.2,0,5,0,0,0,5,0,0,
79.23,0,5,0,0,0,5,0,0,
79.26,0,5,0,0,0,5,0,0,
79.29,0,5,0,0,0,5,0,0,
79.32,0,5,0,0,0,5,0,0,
79.35,0,5,0,0,0,5,0,0,
79.38,0,5,0,0,0,5,0,0,
79.41,0,5,0,0,0,5,0,0,
79.44,0,5,0,0,0,5,0,0,
79.47,0,5,0,0,0,5,0,0,
79.5,0,5,0,0,0,5,0,0,
79.53,0,5,0,0,0,5,0,0,
79.56,0,5,0,0,0,5,0,0,
79.59,0,5,0,0,0,5,0,0,
79.62,0,5,0,0,0,5,0,0,
79.65,0,5,0,0,0,5,0,0,
79.68,0,5,0,0,0,5,0,0,
79.71,0,5,0,0,0,5,0,0,
79.74,0,5,0,0,0,5,0,0,
79.77,0,5,0,0,0,5,0,0,
79.8,0,5,0,0,0,5,0,0,
79.83,0,5,0,0,0,5,0,0,
79.86,0,5,0,0,0,5,0,0,
79.89,0,5,0,0,0,5,0,0,
79.92,0,5,0,0,0,5,0,0,
79.95,0,5,0,0,0,5,0,0,
79.98,0,5,0,0,0,5,0,0,
80.01,0,5,0,0,0,5,0,0,
80.04,0,5,0,0,0,5,0,0,
80.07,0,5,0,0,0,5,0,0,
80.1,0,5,0,0,0,5,0,0,
80.13,0,5,0,0,0,5,0,0,
80.16,0,5,0,0,0,5,0,0,
80.19,0,5,0,0,0,5,0,0,
80.22,0,5,0,0,0,5,0,0,
80.25,0,5,0,0,0,5,0,0,
80.28,0,5,0,0,0,5,0,0,
80.31,0,5,0,0,0,5,0,0,
80.34,0,5,0,0,0,5,0,0,
80.37,0,5,0,0,0,5,0,0,
80.4,0,5,0,0,0,5,0,0,
80.43,0,5,0,0,0,5,0,0,
80.46,0,5,0,0,0,5,0,0,
80.49,0,5,0,0,0,5,0,0,
80.52,0,5,0,0,0,5,0,0,
80.55,0,5,0,0,0,5,0,0,
80.58,0,5,0,0,0,5,0,0,
80.61,0,5,0,0,0,5,0,0,
80.64,0,5,0,0,0,5,0,0,
80.67,0,5,0,0,0,5,0,0,
80.7,0,5,0,0,0,5,0,0,
80.73,0,5,0,0,0,5,0,0,
80.76,0,5,0,0,0,5,0,0,
80.79,0,5,0,0,0,5,0,0,
80.82,0,5,0,0,0,5,0,0,
80.85,0,5,0,0,0,5,0,0,
80.88,0,5,0,0,0,5,0,0,
80.91,0,5,0,0,0,5,0,0,
80.94,0,5,0,0,0,5,0,0,
80.97,0,5,0,0,0,5,0,0,
81,0,5,0,0,0,5,0,0,
81.03,0,5,0,0,0,5,0,0,
81.06,0,5,0,0,0,5,0,0,
81.09,0,5,0,0,0,5,0,0,
81.12,0,5,0,0,0,5,0,0,
81.15,0,5,0,0,0,5,0,0,
81.18,0,5,0,0,0,5,0,0,
81.21,0,5,0,0,0,5,0,0,
81.24,0,5,0,0,0,5,0,0,
81.27,0,5,0,0,0,5,0,0,
81.3,0,5,0,0,0,5,0,0,
81.33,0,5,0,0,0,5,0,0,
81.36,0,5,0,0,0,5,0,0,
81.39,0,5,0,0,0,5,0,0,
81.42,0,5,0,0,0,5,0,0,
81.45,0,5,0,0,0,5,0,0,
81.48,0,5,0,0,0,5,0,0,
81.51,0,5,0,0,0,5,0,0,
81.54,0,5,0,0,0,5,0,0,
81.57,0,5,0,0,0,5,0,0,
81.6,0,5,0,0,0,5,0,0,
81.63,0,5,0,0,0,5,0,0,
81.66,0,5,0,0,0,5,0,0,
81.69,0,5,0,0,0,5,0,0,
81.72,0,5,0,0,0,5,0,0,
81.75,0,5,0,0,0,5,0,0,
81.78,0,5,0,0,0,5,0,0,
81.81,0,5,0,0,0,5,0,0,
81.84,0,5,0,0,0,5,0,0,
81.87,0,5,0,0,0,5,0,0,
81.9,0,5,0,0,0,5,0,0,
81.93,0,5,0,0,0,5,0,0,
81.96,0,5,0,0,0,5,0,0,
81.99,0,5,0,0,0,5,0,0,
82.02,0,5,0,0,0,5,0,0,
82.05,0,5,0,0,0,5,0,0,
82.08,0,5,0,0,0,5,0,0,
82.11,0,5,0,0,0,5,0,0,
82.14,0,5,0,0,0,5,0,0,
82.17,0,5,0,0,0,5,0,0,
82.2,0,5,0,0,0,5,0,0,
82.23,0,5,0,0,0,5,0,0,
82.26,0,5,0,0,0,5,0,0,
82.29,0,5,0,0,0,5,0,0,
82.32,0,5,0,0,0,5,0,0,
82.35,0,5,0,0,0,5,0,0,
82.38,0,5,0,0,0,5,0,0,
82.41,0,5,0,0,0,5,0,0,
82.44,0,5,0,0,0,5,0,0,
82.47,0,5,0,0,0,5,0,0,
82.5,0,5,0,0,0,5,0,0,
82.53,0,5,0,0,0,5,0,0,
82.56,0,5,0,0,0,5,0,0,
82.59,0,5,0,0,0,5,0,0,
82.62,0,5,0,0,0,5,0,0,
82.65,0,5,0,0,0,5,0,0,
82.68,0,5,0,0,0,5,0,0,
82.71,0,5,0,0,0,5,0,0,
82.74,0,5,0,0,0,5,0,0,
82.77,0,5,0,0,0,5,0,0,
82.8,0,5,0,0,0,5,0,0,
82.83,0,5,0,0,0,5,0,0,
82.86,0,5,0,0,0,5,0,0,
82.89,0,5,0,0,0,5,0,0,
82.92,0,5,0,0,0,5,0,0,
82.95,0,5,0,0,0,5,0,0,
82.98,0,5,0,0,0,5,0,0,
83.01,0,5,0,0,0,5,0,0,
83.04,0,5,0,0,0,5,0,0,
83.07,0,5,0,0,0,5,0,0,
83.1,0,5,0,0,0,5,0,0,
83.13,0,5,0,0,0,5,0,0,
83.16,0,5,0,0,0,5,0,0,
83.19,0,5,0,0,0,5,0,0,
83.22,0,5,0,0,0,5,0,0,
83.25,0,5,0,0,0,5,0,0,
83.28,0,5,0,0,0,5,0,0,
83.31,0,5,0,0,0,5,0,0,
83.34,0,5,0,0,0,5,0,0,
83.37,0,5,0,0,0,5,0,0,
83.4,0,5,0,0,0,5,0,0,
83.43,0,5,0,0,0,5,0,0,
83.46,0,5,0,0,0,5,0,0,
83.49,0,5,0,0,0,5,0,0,
83.52,0,5,0,0,0,5,0,0,
83.55,0,5,0,0,0,5,0,0,
83.58,0,5,0,0,0,5,0,0,
83.61,0,5,0,0,0,5,0,0,
83.64,0,5,0,0,0,5,0,0,
83.67,0,5,0,0,0,5,0,0,
83.7,0,5,0,0,0,5,0,0,
83.73,0,5,0,0,0,5,0,0,
83.76,0,5,0,0,0,5,0,0,
83.79,0,5,0,0,0,5,0,0,
83.82,0,5,0,0,0,5,0,0,
83.85,0,5,0,0,0,5,0,0,
83.88,0,5,0,0,0,5,0,0,
83.91,0,5,0,0,0,5,0,0,
83.94,0,5,0,0,0,5,0,0,
83.97,0,5,0,0,0,5,0,0,
84,0,5,0,0,0,5,0,0,
84.03,0,5,0,0,0,5,0,0,
84.06,0,5,0,0,0,5,0,0,
84.09,0,5,0,0,0,5,0,0,
84.12,0,5,0,0,0,5,0,0,
84.15,0,5,0,0,0,5,0,0,
84.18,0,5,0,0,0,5,0,0,
84.21,0,5,0,0,0,5,0,0,
84.24,0,5,0,0,0,5,0,0,
84.27,0,5,0,0,0,5,0,0,
84.3,0,5,0,0,0,5,0,0,
84.33,0,5,0,0,0,5,0,0,
84.36,0,5,0,0,0,5,0,0,
84.39,0,5,0,0,0,5,0,0,
84.42,0,5,0,0,0,5,0,0,
84.45,0,5,0,0,0,5,0,0,
84.48,0,5,0,0,0,5,0,0,
84.51,0,5,0,0,0,5,0,0,
84.54,0,5,0,0,0,5,0,0,
84.57,0,5,0,0,0,5,0,0,
84.6,0,5,0,0,0,5,0,0,
84.63,0,5,0,0,0,5,0,0,
84.66,0,5,0,0,0,5,0,0,
84.69,0,5,0,0,0,5,0,0,
84.72,0,5,0,0,0,5,0,0,
84.75,0,5,0,0,0,5,0,0,
84.78,0,5,0,0,0,5,0,0,
84.81,0,5,0,0,0,5,0,0,
84.84,0,5,0,0,0,5,0,0,
84.87,0,5,0,0,0,5,0,0,
84.9,0,5,0,0,0,5,0,0,
84.93,0,5,0,0,0,5,0,0,
84.96,0,5,0,0,0,5,0,0,
84.99,0,5,0,0,0,5,0,0,
85.02,0,5,0,0,0,5,0,0,
85.05,0,5,0,0,0,5,0,0,
85.08,0,5,0,0,0,5,0,0,
85.11,0,5,0,0,0,5,0,0,
85.14,0,5,0,0,0,5,0,0,
85.17,0,5,0,0,0,5,0,0,
85.2,0,5,0,0,0,5,0,0,
85.23,0,5,0,0,0,5,0,0,
85.26,0,5,0,0,0,5,0,0,
85.29,0,5,0,0,0,5,0,0,
85.32,0,5,0,0,0,5,0,0,
85.35,0,5,0,0,0,5,0,0,
85.38,0,5,0,0,0,5,0,0,
85.41,0,5,0,0,0,5,0,0,
85.44,0,5,0,0,0,5,0,0,
85.47,0,5,0,0,0,5,0,0,
85.5,0,5,0,0,0,5,0,0,
85.53,0,5,0,0,0,5,0,0,
85.56,0,5,0,0,0,5,0,0,
85.59,0,5,0,0,0,5,0,0,
85.62,0,5,0,0,0,5,0,0,
85.65,0,5,0,0,0,5,0,0,
85.68,0,5,0,0,0,5,0,0,
85.71,0,5,0,0,0,5,0,0,
85.74,0,5,0,0,0,5,0,0,
85.77,0,5,0,0,0,5,0,0,
85.8,0,5,0,0,0,5,0,0,
85.83,0,5,0,0,0,5,0,0,
85.86,0,5,0,0,0,5,0,0,
85.89,0,5,0,0,0,5,0,0,
85.92,0,5,0,0,0,5,0,0,
85.95,0,5,0,0,0,5,0,0,
85.98,0,5,0,0,0,5,0,0,
86.01,0,5,0,0,0,5,0,0,
86.04,0,5,0,0,0,5,0,0,
86.07,0,5,0,0,0,5,0,0,
86.1,0,5,0,0,0,5,0,0,
86.13,0,5,0,0,0,5,0,0,
86.16,0,5,0,0,0,5,0,0,
86.19,0,5,0,0,0,5,0,0,
86.22,0,5,0,0,0,5,0,0,
86.25,0,5,0,0,0,5,0,0,
86.28,0,5,0,0,0,5,0,0,
86.31,0,5,0,0,0,5,0,0,
86.34,0,5,0,0,0,5,0,0,
86.37,0,5,0,0,0,5,0,0,
86.4,0,5,0,0,0,5,0,0,
86.43,0,5,0,0,0,5,0,0,
86.46,0,5,0,0,0,5,0,0,
86.49,0,5,0,0,0,5,0,0,
86.52,0,5,0,0,0,5,0,0,
86.55,0,5,0,0,0,5,0,0,
86.58,0,5,0,0,0,5,0,0,
86.61,0,5,0,0,0,5,0,0,
86.64,0,5,0,0,0,5,0,0,
86.67,0,5,0,0,0,5,0,0,
86.7,0,5,0,0,0,5,0,0,
86.73,0,5,0,0,0,5,0,0,
86.76,0,5,0,0,0,5,0,0,
86.79,0,5,0,0,0,5,0,0,
86.82,0,5,0,0,0,5,0,0,
86.85,0,5,0,0,0,5,0,0,
86.88,0,5,0,0,0,5,0,0,
86.91,0,5,0,0,0,5,0,0,
86.94,0,5,0,0,0,5,0,0,
86.97,0,5,0,0,0,5,0,0,
87,0,5,0,0,0,5,0,0,
87.03,0,5,0,0,0,5,0,0,
87.06,0,5,0,0,0,5,0,0,
87.09,0,5,0,0,0,5,0,0,
87.12,0,5,0,0,0,5,0,0,
87.15,0,5,0,0,0,5,0,0,
87.18,0,5,0,0,0,5,0,0,
87.21,0,5,0,0,0,5,0,0,
87.24,0,5,0,0,0,5,0,0,
87.27,0,5,0,0,0,5,0,0,
87.3,0,5,0,0,0,5,0,0,
87.33,0,5,0,0,0,5,0,0,
87.36,0,5,0,0,0,5,0,0,
87.39,0,5,0,0,0,5,0,0,
87.42,0,5,0,0,0,5,0,0,
87.45,0,5,0,0,0,5,0,0,
87.48,0,5,0,0,0,5,0,0,
87.51,0,5,0,0,0,5,0,0,
87.54,0,5,0,0,0,5,0,0,
87.57,0,5,0,0,0,5,0,0,
87.6,0,5,0,0,0,5,0,0,
87.63,0,5,0,0,0,5,0,0,
87.66,0,5,0,0,0,5,0,0,
87.69,0,5,0,0,0,5,0,0,
87.72,0,5,0,0,0,5,0,0,
87.75,0,5,0,0,0,5,0,0,
87.78,0,5,0,0,0,5,0,0,
87.81,0,5,0,0,0,5,0,0,
87.84,0,5,0,0,0,5,0,0,
87.87,0,5,0,0,0,5,0,0,
87.9,0,5,0,0,0,5,0,0,
87.93,0,5,0,0,0,5,0,0,
87.96,0,5,0,0,0,5,0,0,
87.99,0,5,0,0,0,5,0,0,
88.02,0,5,0,0,0,5,0,0,
88.05,0,5,0,0,0,5,0,0,
88.08,0,5,0,0,0,5,0,0,
88.11,0,5,0,0,0,5,0,0,
88.14,0,5,0,0,0,5,0,0,
88.17,0,5,0,0,0,5,0,0,
88.2,0,5,0,0,0,5,0,0,
88.23,0,5,0,0,0,5,0,0,
88.26,0,5,0,0,0,5,0,0,
88.29,0,5,0,0,0,5,0,0,
88.32,0,5,0,0,0,5,0,0,
88.35,0,5,0,0,0,5,0,0,
88.38,0,5,0,0,0,5,0,0,
88.41,0,5,0,0,0,5,0,0,
88.44,0,5,0,0,0,5,0,0,
88.47,0,5,0,0,0,5,0,0,
88.5,0,5,0,0,0,5,0,0,
88.53,0,5,0,0,0,5,0,0,
88.56,0,5,0,0,0,5,0,0,
88.59,0,5,0,0,0,5,0,0,
88.62,0,5,0,0,0,5,0,0,
88.65,0,5,0,0,0,5,0,0,
88.68,0,5,0,0,0,5,0,0,
88.71,0,5,0,0,0,5,0,0,
88.74,0,5,0,0,0,5,0,0,
88.77,0,5,0,0,0,5,0,0,
88.8,0,5,0,0,0,5,0,0,
88.83,0,5,0,0,0,5,0,0,
88.86,0,5,0,0,0,5,0,0,
88.89,0,5,0,0,0,5,0,0,
88.92,0,5,0,0,0,5,0,0,
88.95,0,5,0,0,0,5,0,0,
88.98,0,5,0,0,0,5,0,0,
89.01,0,5,0,0,0,5,0,0,
89.04,0,5,0,0,0,5,0,0,
89.07,0,5,0,0,0,5,0,0,
89.1,0,5,0,0,0,5,0,0,
89.13,0,5,0,0,0,5,0,0,
89.16,0,5,0,0,0,5,0,0,
89.19,0,5,0,0,0,5,0,0,
89.22,0,5,0,0,0,5,0,0,
89.25,0,5,0,0,0,5,0,0,
89.28,0,5,0,0,0,5,0,0,
89.31,0,5,0,0,0,5,0,0,
89.34,0,5,0,0,0,5,0,0,
89.37,0,5,0,0,0,5,0,0,
89.4,0,5,0,0,0,5,0,0,
89.43,0,5,0,0,0,5,0,0,
89.46,0,5,0,0,0,5,0,0,
89.49,0,5,0,0,0,5,0,0,
89.52,0,5,0,0,0,5,0,0,
89.55,0,5,0,0,0,5,0,0,
89.58,0,5,0,0,0,5,0,0,
89.61,0,5,0,0,0,5,0,0,
89.64,0,5,0,0,0,5,0,0,
89.67,0,5,0,0,0,5,0,0,
89.7,0,5,0,0,0,5,0,0,
89.73,0,5,0,0,0,5,0,0,
89.76,0,5,0,0,0,5,0,0,
89.79,0,5,0,0,0,5,0,0,
89.82,0,5,0,0,0,5,0,0,
89.85,0,5,0,0,0,5,0,0,
89.88,0,5,0,0,0,5,0,0,
89.91,0,5,0,0,0,5,0,0,
89.94,0,5,0,0,0,5,0,0,
89.97,0,5,0,0,0,5,0,0,
90,0,5,0,0,0,5,0,0,
90.03,0,5,0,0,0,5,0,0,
90.06,0,5,0,0,0,5,0,0,
90.09,0,5,0,0,0,5,0,0,
90.12,0,5,0,0,0,5,0,0,
90.15,0,5,0,0,0,5,0,0,
90.18,0,5,0,0,0,5,0,0,
90.21,0,5,0,0,0,5,0,0,
90.24,0,5,0,0,0,5,0,0,
90.27,0,5,0,0,0,5,0,0,
90.3,0,5,0,0,0,5,0,0,
90.33,0,5,0,0,0,5,0,0,
90.36,0,5,0,0,0,5,0,0,
90.39,0,5,0,0,0,5,0,0,
90.42,0,5,0,0,0,5,0,0,
90.45,0,5,0,0,0,5,0,0,
90.48,0,5,0,0,0,5,0,0,
90.51,0,5,0,0,0,5,0,0,
90.54,0,5,0,0,0,5,0,0,
90.57,0,5,0,0,0,5,0,0,
90.6,0,5,0,0,0,5,0,0,
90.63,0,5,0,0,0,5,0,0,
90.66,0,5,0,0,0,5,0,0,
90.69,0,5,0,0,0,5,0,0,
90.72,0,5,0,0,0,5,0,0,
90.75,0,5,0,0,0,5,0,0,
90.78,0,5,0,0,0,5,0,0,
90.81,0,5,0,0,0,5,0,0,
90.84,0,5,0,0,0,5,0,0,
90.87,0,5,0,0,0,5,0,0,
90.9,0,5,0,0,0,5,0,0,
90.93,0,5,0,0,0,5,0,0,
90.96,0,5,0,0,0,5,0,0,
90.99,0,5,0,0,0,5,0,0,
91.02,0,5,0,0,0,5,0,0,
91.05,0,5,0,0,0,5,0,0,
91.08,0,5,0,0,0,5,0,0,
91.11,0,5,0,0,0,5,0,0,
91.14,0,5,0,0,0,5,0,0,
91.17,0,5,0,0,0,5,0,0,
91.2,0,5,0,0,0,5,0,0,
91.23,0,5,0,0,0,5,0,0,
91.26,0,5,0,0,0,5,0,0,
91.29,0,5,0,0,0,5,0,0,
91.32,0,5,0,0,0,5,0,0,
91.35,0,5,0,0,0,5,0,0,
91.38,0,5,0,0,0,5,0,0,
91.41,0,5,0,0,0,5,0,0,
91.44,0,5,0,0,0,5,0,0,
91.47,0,5,0,0,0,5,0,0,
91.5,0,5,0,0,0,5,0,0,
91.53,0,5,0,0,0,5,0,0,
91.56,0,5,0,0,0,5,0,0,
91.59,0,5,0,0,0,5,0,0,
91.62,0,5,0,0,0,5,0,0,
91.65,0,5,0,0,0,5,0,0,
91.68,0,5,0,0,0,5,0,0,
91.71,0,5,0,0,0,5,0,0,
91.74,0,5,0,0,0,5,0,0,
91.77,0,5,0,0,0,5,0,0,
91.8,0,5,0,0,0,5,0,0,
91.83,0,5,0,0,0,5,0,0,
91.86,0,5,0,0,0,5,0,0,
91.89,0,5,0,0,0,5,0,0,
91.92,0,5,0,0,0,5,0,0,
91.95,0,5,0,0,0,5,0,0,
91.98,0,5,0,0,0,5,0,0,
92.01,0,5,0,0,0,5,0,0,
92.04,0,5,0,0,0,5,0,0,
92.07,0,5,0,0,0,5,0,0,
92.1,0,5,0,0,0,5,0,0,
92.13,0,5,0,0,0,5,0,0,
92.16,0,5,0,0,0,5,0,0,
92.19,0,5,0,0,0,5,0,0,
92.22,0,5,0,0,0,5,0,0,
92.25,0,5,0,0,0,5,0,0,
92.28,0,5,0,0,0,5,0,0,
92.31,0,5,0,0,0,5,0,0,
92.34,0,5,0,0,0,5,0,0,
92.37,0,5,0,0,0,5,0,0,
92.4,0,5,0,0,0,5,0,0,
92.43,0,5,0,0,0,5,0,0,
92.46,0,5,0,0,0,5,0,0,
92.49,0,5,0,0,0,5,0,0,
92.52,0,5,0,0,0,5,0,0,
92.55,0,5,0,0,0,5,0,0,
92.58,0,5,0,0,0,5,0,0,
92.61,0,5,0,0,0,5,0,0,
92.64,0,5,0,0,0,5,0,0,
92.67,0,5,0,0,0,5,0,0,
92.7,0,5,0,0,0,5,0,0,
92.73,0,5,0,0,0,5,0,0,
92.76,0,5,0,0,0,5,0,0,
92.79,0,5,0,0,0,5,0,0,
92.82,0,5,0,0,0,5,0,0,
92.85,0,5,0,0,0,5,0,0,
92.88,0,5,0,0,0,5,0,0,
92.91,0,5,0,0,0,5,0,0,
92.94,0,5,0,0,0,5,0,0,
92.97,0,5,0,0,0,5,0,0,
93,0,5,0,0,0,5,0,0,
93.03,0,5,0,0,0,5,0,0,
93.06,0,5,0,0,0,5,0,0,
93.09,0,5,0,0,0,5,0,0,
93.12,0,5,0,0,0,5,0,0,
93.15,0,5,0,0,0,5,0,0,
93.18,0,5,0,0,0,5,0,0,
93.21,0,5,0,0,0,5,0,0,
93.24,0,5,0,0,0,5,0,0,
93.27,0,5,0,0,0,5,0,0,
93.3,0,5,0,0,0,5,0,0,
93.33,0,5,0,0,0,5,0,0,
93.36,0,5,0,0,0,5,0,0,
93.39,0,5,0,0,0,5,0,0,
93.42,0,5,0,0,0,5,0,0,
93.45,0,5,0,0,0,5,0,0,
93.48,0,5,0,0,0,5,0,0,
93.51,0,5,0,0,0,5,0,0,
93.54,0,5,0,0,0,5,0,0,
93.57,0,5,0,0,0,5,0,0,
93.6,0,5,0,0,0,5,0,0,
93.63,0,5,0,0,0,5,0,0,
93.66,0,5,0,0,0,5,0,0,
93.69,0,5,0,0,0,5,0,0,
93.72,0,5,0,0,0,5,0,0,
93.75,0,5,0,0,0,5,0,0,
93.78,0,5,0,0,0,5,0,0,
93.81,0,5,0,0,0,5,0,0,
93.84,0,5,0,0,0,5,0,0,
93.87,0,5,0,0,0,5,0,0,
93.9,0,5,0,0,0,5,0,0,
93.93,0,5,0,0,0,5,0,0,
93.96,0,5,0,0,0,5,0,0,
93.99,0,5,0,0,0,5,0,0,
94.02,0,5,0,0,0,5,0,0,
94.05,0,5,0,0,0,5,0,0,
94.08,0,5,0,0,0,5,0,0,
94.11,0,5,0,0,0,5,0,0,
94.14,0,5,0,0,0,5,0,0,
94.17,0,5,0,0,0,5,0,0,
94.2,0,5,0,0,0,5,0,0,
94.23,0,5,0,0,0,5,0,0,
94.26,0,5,0,0,0,5,0,0,
94.29,0,5,0,0,0,5,0,0,
94.32,0,5,0,0,0,5,0,0,
94.35,0,5,0,0,0,5,0,0,
94.38,0,5,0,0,0,5,0,0,
94.41,0,5,0,0,0,5,0,0,
94.44,0,5,0,0,0,5,0,0,
94.47,0,5,0,0,0,5,0,0,
94.5,0,5,0,0,0,5,0,0,
94.53,0,5,0,0,0,5,0,0,
94.56,0,5,0,0,0,5,0,0,
94.59,0,5,0,0,0,5,0,0,
94.62,0,5,0,0,0,5,0,0,
94.65,0,5,0,0,0,5,0,0,
94.68,0,5,0,0,0,5,0,0,
94.71,0,5,0,0,0,5,0,0,
94.74,0,5,0,0,0,5,0,0,
94.77,0,5,0,0,0,5,0,0,
94.8,0,5,0,0,0,5,0,0,
94.83,0,5,0,0,0,5,0,0,
94.86,0,5,0,0,0,5,0,0,
94.89,0,5,0,0,0,5,0,0,
94.92,0,5,0,0,0,5,0,0,
94.95,0,5,0,0,0,5,0,0,
94.98,0,5,0,0,0,5,0,0,
95.01,0,5,0,0,0,5,0,0,
95.04,0,5,0,0,0,5,0,0,
95.07,0,5,0,0,0,5,0,0,
95.1,0,5,0,0,0,5,0,0,
95.13,0,5,0,0,0,5,0,0,
95.16,0,5,0,0,0,5,0,0,
95.19,0,5,0,0,0,5,0,0,
95.22,0,5,0,0,0,5,0,0,
95.25,0,5,0,0,0,5,0,0,
95.28,0,5,0,0,0,5,0,0,
95.31,0,5,0,0,0,5,0,0,
95.34,0,5,0,0,0,5,0,0,
95.37,0,5,0,0,0,5,0,0,
95.4,0,5,0,0,0,5,0,0,
95.43,0,5,0,0,0,5,0,0,
95.46,0,5,0,0,0,5,0,0,
95.49,0,5,0,0,0,5,0,0,
95.52,0,5,0,0,0,5,0,0,
95.55,0,5,0,0,0,5,0,0,
95.58,0,5,0,0,0,5,0,0,
95.61,0,5,0,0,0,5,0,0,
95.64,0,5,0,0,0,5,0,0,
95.67,0,5,0,0,0,5,0,0,
95.7,0,5,0,0,0,5,0,0,
95.73,0,5,0,0,0,5,0,0,
95.76,0,5,0,0,0,5,0,0,
95.79,0,5,0,0,0,5,0,0,
95.82,0,5,0,0,0,5,0,0,
95.85,0,5,0,0,0,5,0,0,
95.88,0,5,0,0,0,5,0,0,
95.91,0,5,0,0,0,5,0,0,
95.94,0,5,0,0,0,5,0,0,
95.97,0,5,0,0,0,5,0,0,
96,0,5,0,0,0,5,0,0,
96.03,0,5,0,0,0,5,0,0,
96.06,0,5,0,0,0,5,0,0,
96.09,0,5,0,0,0,5,0,0,
96.12,0,5,0,0,0,5,0,0,
96.15,0,5,0,0,0,5,0,0,
96.18,0,5,0,0,0,5,0,0,
96.21,0,5,0,0,0,5,0,0,
96.24,0,5,0,0,0,5,0,0,
96.27,0,5,0,0,0,5,0,0,
96.3,0,5,0,0,0,5,0,0,
96.33,0,5,0,0,0,5,0,0,
96.36,0,5,0,0,0,5,0,0,
96.39,0,5,0,0,0,5,0,0,
96.42,0,5,0,0,0,5,0,0,
96.45,0,5,0,0,0,5,0,0,
96.48,0,5,0,0,0,5,0,0,
96.51,0,5,0,0,0,5,0,0,
96.54,0,5,0,0,0,5,0,0,
96.57,0,5,0,0,0,5,0,0,
96.6,0,5,0,0,0,5,0,0,
96.63,0,5,0,0,0,5,0,0,
96.66,0,5,0,0,0,5,0,0,
96.69,0,5,0,0,0,5,0,0,
96.72,0,5,0,0,0,5,0,0,
96.75,0,5,0,0,0,5,0,0,
96.78,0,5,0,0,0,5,0,0,
96.81,0,5,0,0,0,5,0,0,
96.84,0,5,0,0,0,5,0,0,
96.87,0,5,0,0,0,5,0,0,
96.9,0,5,0,0,0,5,0,0,
96.93,0,5,0,0,0,5,0,0,
96.96,0,5,0,0,0,5,0,0,
96.99,0,5,0,0,0,5,0,0,
97.02,0,5,0,0,0,5,0,0,
97.05,0,5,0,0,0,5,0,0,
97.08,0,5,0,0,0,5,0,0,
97.11,0,5,0,0,0,5,0,0,
97.14,0,5,0,0,0,5,0,0,
97.17,0,5,0,0,0,5,0,0,
97.2,0,5,0,0,0,5,0,0,
97.23,0,5,0,0,0,5,0,0,
97.26,0,5,0,0,0,5,0,0,
97.29,0,5,0,0,0,5,0,0,
97.32,0,5,0,0,0,5,0,0,
97.35,0,5,0,0,0,5,0,0,
97.38,0,5,0,0,0,5,0,0,
97.41,0,5,0,0,0,5,0,0,
97.44,0,5,0,0,0,5,0,0,
97.47,0,5,0,0,0,5,0,0,
97.5,0,5,0,0,0,5,0,0,
97.53,0,5,0,0,0,5,0,0,
97.56,0,5,0,0,0,5,0,0,
97.59,0,5,0,0,0,5,0,0,
97.62,0,5,0,0,0,5,0,0,
97.65,0,5,0,0,0,5,0,0,
97.68,0,5,0,0,0,5,0,0,
97.71,0,5,0,0,0,5,0,0,
97.74,0,5,0,0,0,5,0,0,
97.77,0,5,0,0,0,5,0,0,
97.8,0,5,0,0,0,5,0,0,
97.83,0,5,0,0,0,5,0,0,
97.86,0,5,0,0,0,5,0,0,
97.89,0,5,0,0,0,5,0,0,
97.92,0,5,0,0,0,5,0,0,
97.95,0,5,0,0,0,5,0,0,
97.98,0,5,0,0,0,5,0,0,
98.01,0,5,0,0,0,5,0,0,
98.04,0,5,0,0,0,5,0,0,
98.07,0,5,0,0,0,5,0,0,
98.1,0,5,0,0,0,5,0,0,
98.13,0,5,0,0,0,5,0,0,
98.16,0,5,0,0,0,5,0,0,
98.19,0,5,0,0,0,5,0,0,
98.22,0,5,0,0,0,5,0,0,
98.25,0,5,0,0,0,5,0,0,
98.28,0,5,0,0,0,5,0,0,
98.31,0,5,0,0,0,5,0,0,
98.34,0,5,0,0,0,5,0,0,
98.37,0,5,0,0,0,5,0,0,
98.4,0,5,0,0,0,5,0,0,
98.43,0,5,0,0,0,5,0,0,
98.46,0,5,0,0,0,5,0,0,
98.49,0,5,0,0,0,5,0,0,
98.52,0,5,0,0,0,5,0,0,
98.55,0,5,0,0,0,5,0,0,
98.58,0,5,0,0,0,5,0,0,
98.61,0,5,0,0,0,5,0,0,
98.64,0,5,0,0,0,5,0,0,
98.67,0,5,0,0,0,5,0,0,
98.7,0,5,0,0,0,5,0,0,
98.73,0,5,0,0,0,5,0,0,
98.76,0,5,0,0,0,5,0,0,
98.79,0,5,0,0,0,5,0,0,
98.82,0,5,0,0,0,5,0,0,
98.85,0,5,0,0,0,5,0,0,
98.88,0,5,0,0,0,5,0,0,
98.91,0,5,0,0,0,5,0,0,
98.94,0,5,0,0,0,5,0,0,
98.97,0,5,0,0,0,5,0,0,
99,0,5,0,0,0,5,0,0,
99.03,0,5,0,0,0,5,0,0,
99.06,0,5,0,0,0,5,0,0,
99.09,0,5,0,0,0,5,0,0,
99.12,0,5,0,0,0,5,0,0,
99.15,0,5,0,0,0,5,0,0,
99.18,0,5,0,0,0,5,0,0,
99.21,0,5,0,0,0,5,0,0,
99.24,0,5,0,0,0,5,0,0,
99.27,0,5,0,0,0,5,0,0,
99.3,0,5,0,0,0,5,0,0,
99.33,0,5,0,0,0,5,0,0,
99.36,0,5,0,0,0,5,0,0,
99.39,0,5,0,0,0,5,0,0,
99.42,0,5,0,0,0,5,0,0,
99.45,0,5,0,0,0,5,0,0,
99.48,0,5,0,0,0,5,0,0,
99.51,0,5,0,0,0,5,0,0,
99.54,0,5,0,0,0,5,0,0,
99.57,0,5,0,0,0,5,0,0,
99.6,0,5,0,0,0,5,0,0,
99.63,0,5,0,0,0,5,0,0,
99.66,0,5,0,0,0,5,0,0,
99.69,0,5,0,0,0,5,0,0,
99.72,0,5,0,0,0,5,0,0,
99.75,0,5,0,0,0,5,0,0,
99.78,0,5,0,0,0,5,0,0,
99.81,0,5,0,0,0,5,0,0,
99.84,0,5,0,0,0,5,0,0,
99.87,0,5,0,0,0,5,0,0,
99.9,0,5,0,0,0,5,0,0,
99.93,0,5,0,0,0,5,0,0,
99.96,0,5,0,0,0,5,0,0,
99.99,0,5,0,0,0,5,0,0,
100.02,0,5,0,0,0,5,0,0,
100.05,0,5,0,0,0,5,0,0,
100.08,0,5,0,0,0,5,0,0,
100.11,0,5,0,0,0,5,0,0,
100.14,0,5,0,0,0,5,0,0,
100.17,0,5,0,0,0,5,0,0,
100.2,0,5,0,0,0,5,0,0,
100.23,0,5,0,0,0,5,0,0,
100.26,0,5,0,0,0,5,0,0,
100.29,0,5,0,0,0,5,0,0,
100.32,0,5,0,0,0,5,0,0,
100.35,0,5,0,0,0,5,0,0,
100.38,0,5,0,0,0,5,0,0,
100.41,0,5,0,0,0,5,0,0,
100.44,0,5,0,0,0,5,0,0,
100.47,0,5,0,0,0,5,0,0,
100.5,0,5,0,0,0,5,0,0,
100.53,0,5,0,0,0,5,0,0,
100.56,0,5,0,0,0,5,0,0,
100.59,0,5,0,0,0,5,0,0,
100.62,0,5,0,0,0,5,0,0,
100.65,0,5,0,0,0,5,0,0,
100.68,0,5,0,0,0,5,0,0,
100.71,0,5,0,0,0,5,0,0,
100.74,0,5,0,0,0,5,0,0,
100.77,0,5,0,0,0,5,0,0,
100.8,0,5,0,0,0,5,0,0,
100.83,0,5,0,0,0,5,0,0,
100.86,0,5,0,0,0,5,0,0,
100.89,0,5,0,0,0,5,0,0,
100.92,0,5,0,0,0,5,0,0,
100.95,0,5,0,0,0,5,0,0,
100.98,0,5,0,0,0,5,0,0,
101.01,0,5,0,0,0,5,0,0,
101.04,0,5,0,0,0,5,0,0,
101.07,0,5,0,0,0,5,0,0,
101.1,0,5,0,0,0,5,0,0,
101.13,0,5,0,0,0,5,0,0,
101.16,0,5,0,0,0,5,0,0,
101.19,0,5,0,0,0,5,0,0,
101.22,0,5,0,0,0,5,0,0,
101.25,0,5,0,0,0,5,0,0,
101.28,0,5,0,0,0,5,0,0,
101.31,0,5,0,0,0,5,0,0,
101.34,0,5,0,0,0,5,0,0,
101.37,0,5,0,0,0,5,0,0,
101.4,0,5,0,0,0,5,0,0,
101.43,0,5,0,0,0,5,0,0,
101.46,0,5,0,0,0,5,0,0,
101.49,0,5,0,0,0,5,0,0,
101.52,0,5,0,0,0,5,0,0,
101.55,0,5,0,0,0,5,0,0,
101.58,0,5,0,0,0,5,0,0,
101.61,0,5,0,0,0,5,0,0,
101.64,0,5,0,0,0,5,0,0,
101.67,0,5,0,0,0,5,0,0,
101.7,0,5,0,0,0,5,0,0,
101.73,0,5,0,0,0,5,0,0,
101.76,0,5,0,0,0,5,0,0,
101.79,0,5,0,0,0,5,0,0,
101.82,0,5,0,0,0,5,0,0,
101.85,0,5,0,0,0,5,0,0,
101.88,0,5,0,0,0,5,0,0,
101.91,0,5,0,0,0,5,0,0,
101.94,0,5,0,0,0,5,0,0,
101.97,0,5,0,0,0,5,0,0,
102,0,5,0,0,0,5,0,0,
102.03,0,5,0,0,0,5,0,0,
102.06,0,5,0,0,0,5,0,0,
102.09,0,5,0,0,0,5,0,0,
102.12,0,5,0,0,0,5,0,0,
102.15,0,5,0,0,0,5,0,0,
102.18,0,5,0,0,0,5,0,0,
102.21,0,5,0,0,0,5,0,0,
102.24,0,5,0,0,0,5,0,0,
102.27,0,5,0,0,0,5,0,0,
102.3,0,5,0,0,0,5,0,0,
102.33,0,5,0,0,0,5,0,0,
102.36,0,5,0,0,0,5,0,0,
102.39,0,5,0,0,0,5,0,0,
102.42,0,5,0,0,0,5,0,0,
102.45,0,5,0,0,0,5,0,0,
102.48,0,5,0,0,0,5,0,0,
102.51,0,5,0,0,0,5,0,0,
102.54,0,5,0,0,0,5,0,0,
102.57,0,5,0,0,0,5,0,0,
102.6,0,5,0,0,0,5,0,0,
102.63,0,5,0,0,0,5,0,0,
102.66,0,5,0,0,0,5,0,0,
102.69,0,5,0,0,0,5,0,0,
102.72,0,5,0,0,0,5,0,0,
102.75,0,5,0,0,0,5,0,0,
102.78,0,5,0,0,0,5,0,0,
102.81,0,5,0,0,0,5,0,0,
102.84,0,5,0,0,0,5,0,0,
102.87,0,5,0,0,0,5,0,0,
102.9,0,5,0,0,0,5,0,0,
102.93,0,5,0,0,0,5,0,0,
102.96,0,5,0,0,0,5,0,0,
102.99,0,5,0,0,0,5,0,0,
103.02,0,5,0,0,0,5,0,0,
103.05,0,5,0,0,0,5,0,0,
103.08,0,5,0,0,0,5,0,0,
103.11,0,5,0,0,0,5,0,0,
103.14,0,5,0,0,0,5,0,0,
103.17,0,5,0,0,0,5,0,0,
103.2,0,5,0,0,0,5,0,0,
103.23,0,5,0,0,0,5,0,0,
103.26,0,5,0,0,0,5,0,0,
103.29,-1.37956,5.98743,-34.3222,27.4394,-1.37956,5.98743,-34.3222,27.4394,
103.32,-1.37956,5.98743,-34.3222,27.4394,-1.37956,5.98743,-34.3222,27.4394,
103.35,-1.37956,5.98743,-34.3222,27.4394,-1.37956,5.98743,-34.3222,27.4394,
103.38,-1.37956,5.98743,-34.3222,27.4394,-1.37956,5.98743,-34.3222,27.4394,
103.41,-1.37956,5.98743,-34.3222,27.4394,-1.37956,5.98743,-34.3222,27.4394,
103.44,-1.37956,5.98743,-34.3222,27.4394,-1.37956,5.98743,-34.3222,27.4394,
103.47,-1.37956,5.98743,-34.3222,27.4394,-1.37956,5.98743,-34.3222,27.4394,
103.5,-1.37956,5.98743,-34.3222,27.4394,-1.37956,5.98743,-34.3222,27.4394,
103.53,-1.37956,5.98743,-34.3222,27.4394,-1.37956,5.98743,-34.3222,27.4394,
103.56,-1.37956,5.98743,-34.3222,27.4394,-1.37956,5.98743,-34.3222,27.4394,
103.59,-1.37956,5.98743,-34.3222,27.4394,-1.37956,5.98743,-34.3222,27.4394,
103.62,-1.37956,5.98743,-34.3222,27.4394,-1.37956,5.98743,-34.3222,27.4394,
103.65,-1.37956,5.98743,-34.3222,27.4394,-1.37956,5.98743,-34.3222,27.4394,
103.68,-1.37956,5.98743,-34.3222,27.4394,-1.37956,5.98743,-34.3222,27.4394,
103.71,-1.37956,5.98743,-34.3222,27.4394,-1.37956,5.98743,-34.3222,27.4394,
103.74,-1.37956,5.98743,-34.3222,27.4394,-1.37956,5.98743,-34.3222,27.4394,
103.77,-1.82713,6.03407,-32.5363,28.6253,-1.82713,6.03407,-32.5363,28.6253,
103.8,-1.82713,6.03407,-32.5363,28.6253,-1.82713,6.03407,-32.5363,28.6253,
103.83,-1.82713,6.03407,-32.5363,28.6253,-1.82713,6.03407,-32.5363,28.6253,
103.86,-1.82713,6.03407,-32.5363,28.6253,-1.82713,6.03407,-32.5363,28.6253,
103.89,-1.82713,6.03407,-32.5363,28.6253,-1.82713,6.03407,-32.5363,28.6253,
103.92,-1.82713,6.03407,-32.5363,28.6253,-1.82713,6.03407,-32.5363,28.6253,
103.95,-1.82713,6.03407,-32.5363,28.6253,-1.82713,6.03407,-32.5363,28.6253,
103.98,-1.82713,6.03407,-32.5363,28.6253,-1.82713,6.03407,-32.5363,28.6253,
104.01,-1.82713,6.03407,-32.5363,28.6253,-1.82713,6.03407,-32.5363,28.6253,
104.04,-1.82713,6.03407,-32.5363,28.6253,-1.82713,6.03407,-32.5363,28.6253,
104.07,-1.82713,6.03407,-32.5363,28.6253,-1.82713,6.03407,-32.5363,28.6253,
104.1,-1.82713,6.03407,-32.5363,28.6253,-1.82713,6.03407,-32.5363,28.6253,
104.13,-1.82713,6.03407,-32.5363,28.6253,-1.82713,6.03407,-32.5363,28.6253,
104.16,-1.82713,6.03407,-32.5363,28.6253,-1.82713,6.03407,-32.5363,28.6253,
104.19,-1.82713,6.03407,-32.5363,28.6253,-1.82713,6.03407,-32.5363,28.6253,
104.22,-1.82713,6.03407,-32.5363,28.6253,-1.82713,6.03407,-32.5363,28.6253,
104.25,-0.747296,5.84664,-32.7015,26.824,-0.747296,5.84664,-32.7015,26.824,
104.28,-0.747296,5.84664,-32.7015,26.824,-0.747296,5.84664,-32.7015,26.824,
104.31,-0.747296,5.84664,-32.7015,26.824,-0.747296,5.84664,-32.7015,26.824,
104.34,-0.747296,5.84664,-32.7015,26.824,-0.747296,5.84664,-32.7015,26.824,
104.37,-0.747296,5.84664,-32.7015,26.824,-0.747296,5.84664,-32.7015,26.824,
104.4,-0.747296,5.84664,-32.7015,26.824,-0.747296,5.84664,-32.7015,26.824,
104.43,-0.747296,5.84664,-32.7015,26.824,-0.747296,5.84664,-32.7015,26.824,
104.46,-0.747296,5.84664,-32.7015,26.824,-0.747296,5.84664,-32.7015,26.824,
104.49,-0.747296,5.84664,-32.7015,26.824,-0.747296,5.84664,-32.7015,26.824,
104.52,-0.747296,5.84664,-32.7015,26.824,-0.747296,5.84664,-32.7015,26.824,
104.55,-0.747296,5.84664,-32.7015,26.824,-0.747296,5.84664,-32.7015,26.824,
104.58,-0.747296,5.84664,-32.7015,26.824,-0.747296,5.84664,-32.7015,26.824,
104.61,-0.747296,5.84664,-32.7015,26.824,-0.747296,5.84664,-32.7015,26.824,
104.64,-0.747296,5.84664,-32.7015,26.824,-0.747296,5.84664,-32.7015,26.824,
104.67,-0.747296,5.84664,-32.7015,26.824,-0.747296,5.84664,-32.7015,26.824,
104.7,-0.747296,5.84664,-32.7015,26.824,-0.747296,5.84664,-32.7015,26.824,
104.73,0.141274,5.97291,-34.6117,24.244,0.141274,5.97291,-34.6117,24.244,
104.76,0.141274,5.97291,-34.6117,24.244,0.141274,5.97291,-34.6117,24.244,
104.79,0.141274,5.97291,-34.6117,24.244,0.141274,5.97291,-34.6117,24.244,
104.82,0.141274,5.97291,-34.6117,24.244,0.141274,5.97291,-34.6117,24.244,
104.85,0.141274,5.97291,-34.6117,24.244,0.141274,5.97291,-34.6117,24.244,
104.88,0.141274,5.97291,-34.6117,24.244,0.141274,5.97291,-34.6117,24.244,
104.91,0.141274,5.97291,-34.6117,24.244,0.141274,5.97291,-34.6117,24.244,
104.94,0.141274,5.97291,-34.6117,24.244,0.141274,5.97291,-34.6117,24.244,
104.97,0.141274,5.97291,-34.6117,24.244,0.141274,5.97291,-34.6117,24.244,
105,0.141274,5.97291,-34.6117,24.244,0.141274,5.97291,-34.6117,24.244,
105.03,0.141274,5.97291,-34.6117,24.244,0.141274,5.97291,-34.6117,24.244,
105.06,0.141274,5.97291,-34.6117,24.244,0.141274,5.97291,-34.6117,24.244,
105.09,0.141274,5.97291,-34.6117,24.244,0.141274,5.97291,-34.6117,24.244,
105.12,0.141274,5.97291,-34.6117,24.244,0.141274,5.97291,-34.6117,24.244,
105.15,0.141274,5.97291,-34.6117,24.244,0.141274,5.97291,-34.6117,24.244,
105.18,0.141274,5.97291,-34.6117,24.244,0.141274,5.97291,-34.6117,24.244,
105.21,5.57809,7.71103,-34.2979,23.6556,5.57809,7.71103,-34.2979,23.6556,
105.24,5.57809,7.71103,-34.2979,23.6556,5.57809,7.71103,-34.2979,23.6556,
105.27,5.57809,7.71103,-34.2979,23.6556,5.57809,7.71103,-34.2979,23.6556,
105.3,5.57809,7.71103,-34.2979,23.6556,5.57809,7.71103,-34.2979,23.6556,
105.33,5.57809,7.71103,-34.2979,23.6556,5.57809,7.71103,-34.2979,23.6556,
105.36,5.57809,7.71103,-34.2979,23.6556,5.57809,7.71103,-34.2979,23.6556,
105.39,5.57809,7.71103,-34.2979,23.6556,5.57809,7.71103,-34.2979,23.6556,
105.42,5.57809,7.71103,-34.2979,23.6556,5.57809,7.71103,-34.2979,23.6556,
105.45,5.57809,7.71103,-34.2979,23.6556,5.57809,7.71103,-34.2979,23.6556,
105.48,5.57809,7.71103,-34.2979,23.6556,5.57809,7.71103,-34.2979,23.6556,
105.51,5.57809,7.71103,-34.2979,23.6556,5.57809,7.71103,-34.2979,23.6556,
105.54,5.57809,7.71103,-34.2979,23.6556,5.57809,7.71103,-34.2979,23.6556,
105.57,5.57809,7.71103,-34.2979,23.6556,5.57809,7.71103,-34.2979,23.6556,
105.6,5.57809,7.71103,-34.2979,23.6556,5.57809,7.71103,-34.2979,23.6556,
105.63,5.57809,7.71103,-34.2979,23.6556,5.57809,7.71103,-34.2979,23.6556,
105.66,5.57809,7.71103,-34.2979,23.6556,5.57809,7.71103,-34.2979,23.6556,
105.69,15.2113,9.02265,-35.8099,24.8433,15.2113,9.02265,-35.8099,24.8433,
105.72,15.2113,9.02265,-35.8099,24.8433,15.2113,9.02265,-35.8099,24.8433,
105.75,15.2113,9.02265,-35.8099,24.8433,15.2113,9.02265,-35.8099,24.8433,
105.78,15.2113,9.02265,-35.8099,24.8433,15.2113,9.02265,-35.8099,24.8433,
105.81,15.2113,9.02265,-35.8099,24.8433,15.2113,9.02265,-35.8099,24.8433,
105.84,15.2113,9.02265,-35.8099,24.8433,15.2113,9.02265,-35.8099,24.8433,
105.87,15.2113,9.02265,-35.8099,24.8433,15.2113,9.02265,-35.8099,24.8433,
105.9,15.2113,9.02265,-35.8099,24.8433,15.2113,9.02265,-35.8099,24.8433,
105.93,15.2113,9.02265,-35.8099,24.8433,15.2113,9.02265,-35.8099,24.8433,
105.96,15.2113,9.02265,-35.8099,24.8433,15.2113,9.02265,-35.8099,24.8433,
105.99,15.2113,9.02265,-35.8099,24.8433,15.2113,9.02265,-35.8099,24.8433,
106.02,15.2113,9.02265,-35.8099,24.8433,15.2113,9.02265,-35.8099,24.8433,
106.05,15.2113,9.02265,-35.8099,24.8433,15.2113,9.02265,-35.8099,24.8433,
106.08,15.2113,9.02265,-35.8099,24.8433,15.2113,9.02265,-35.8099,24.8433,
106.11,15.2113,9.02265,-35.8099,24.8433,15.2113,9.02265,-35.8099,24.8433,
106.14,15.2113,9.02265,-35.8099,24.8433,15.2113,9.02265,-35.8099,24.8433,
106.17,28.7986,10.35,-42.9493,22.1691,28.7986,10.35,-42.9493,22.1691,
106.2,28.7986,10.35,-42.9493,22.1691,28.7986,10.35,-42.9493,22.1691,
106.23,28.7986,10.35,-42.9493,22.1691,28.7986,10.35,-42.9493,22.1691,
106.26,28.7986,10.35,-42.9493,22.1691,28.7986,10.35,-42.9493,22.1691,
106.29,28.7986,10.35,-42.9493,22.1691,28.7986,10.35,-42.9493,22.1691,
106.32,28.7986,10.35,-42.9493,22.1691,28.7986,10.35,-42.9493,22.1691,
106.35,28.7986,10.35,-42.9493,22.1691,28.7986,10.35,-42.9493,22.1691,
106.38,28.7986,10.35,-42.9493,22.1691,28.7986,10.35,-42.9493,22.1691,
106.41,28.7986,10.35,-42.9493,22.1691,28.7986,10.35,-42.9493,22.1691,
106.44,28.7986,10.35,-42.9493,22.1691,28.7986,10.35,-42.9493,22.1691,
106.47,28.7986,10.35,-42.9493,22.1691,28.7986,10.35,-42.9493,22.1691,
106.5,28.7986,10.35,-42.9493,22.1691,28.7986,10.35,-42.9493,22.1691,
106.53,28.7986,10.35,-42.9493,22.1691,28.7986,10.35,-42.9493,22.1691,
106.56,28.7986,10.35,-42.9493,22.1691,28.7986,10.35,-42.9493,22.1691,
106.59,28.7986,10.35,-42.9493,22.1691,28.7986,10.35,-42.9493,22.1691,
106.62,28.7986,10.35,-42.9493,22.1691,28.7986,10.35,-42.9493,22.1691,
106.65,36.6574,13.3776,-43.7639,25.6942,36.6574,13.3776,-43.7639,25.6942,
106.68,36.6574,13.3776,-43.7639,25.6942,36.6574,13.3776,-43.7639,25.6942,
106.71,36.6574,13.3776,-43.7639,25.6942,36.6574,13.3776,-43.7639,25.6942,
106.74,36.6574,13.3776,-43.7639,25.6942,36.6574,13.3776,-43.7639,25.6942,
106.77,36.6574,13.3776,-43.7639,25.6942,36.6574,13.3776,-43.7639,25.6942,
106.8,36.6574,13.3776,-43.7639,25.6942,36.6574,13.3776,-43.7639,25.6942,
106.83,36.6574,13.3776,-43.7639,25.6942,36.6574,13.3776,-43.7639,25.6942,
106.86,36.6574,13.3776,-43.7639,25.6942,36.6574,13.3776,-43.7639,25.6942,
106.89,36.6574,13.3776,-43.7639,25.6942,36.6574,13.3776,-43.7639,25.6942,
106.92,36.6574,13.3776,-43.7639,25.6942,36.6574,13.3776,-43.7639,25.6942,
106.95,36.6574,13.3776,-43.7639,25.6942,36.6574,13.3776,-43.7639,25.6942,
106.98,36.6574,13.3776,-43.7639,25.6942,36.6574,13.3776,-43.7639,25.6942,
107.01,36.6574,13.3776,-43.7639,25.6942,36.6574,13.3776,-43.7639,25.6942,
107.04,36.6574,13.3776,-43.7639,25.6942,36.6574,13.3776,-43.7639,25.6942,
107.07,36.6574,13.3776,-43.7639,25.6942,36.6574,13.3776,-43.7639,25.6942,
107.1,36.6574,13.3776,-43.7639,25.6942,36.6574,13.3776,-43.7639,25.6942,
107.13,45.3213,16.5563,-46.5138,28.6972,45.3213,16.5563,-46.5138,28.6972,
107.16,45.3213,16.5563,-46.5138,28.6972,45.3213,16.5563,-46.5138,28.6972,
107.19,45.3213,16.5563,-46.5138,28.6972,45.3213,16.5563,-46.5138,28.6972,
107.22,45.3213,16.5563,-46.5138,28.6972,45.3213,16.5563,-46.5138,28.6972,
107.25,45.3213,16.5563,-46.5138,28.6972,45.3213,16.5563,-46.5138,28.6972,
107.28,45.3213,16.5563,-46.5138,28.6972,45.3213,16.5563,-46.5138,28.6972,
107.31,45.3213,16.5563,-46.5138,28.6972,45.3213,16.5563,-46.5138,28.6972,
107.34,45.3213,16.5563,-46.5138,28.6972,45.3213,16.5563,-46.5138,28.6972,
107.37,45.3213,16.5563,-46.5138,28.6972,45.3213,16.5563,-46.5138,28.6972,
107.4,45.3213,16.5563,-46.5138,28.6972,45.3213,16.5563,-46.5138,28.6972,
107.43,45.3213,16.5563,-46.5138,28.6972,45.3213,16.5563,-46.5138,28.6972,
107.46,45.3213,16.5563,-46.5138,28.6972,45.3213,16.5563,-46.5138,28.6972,
107.49,45.3213,16.5563,-46.5138,28.6972,45.3213,16.5563,-46.5138,28.6972,
107.52,45.3213,16.5563,-46.5138,28.6972,45.3213,16.5563,-46.5138,28.6972,
107.55,45.3213,16.5563,-46.5138,28.6972,45.3213,16.5563,-46.5138,28.6972,
107.58,45.3213,16.5563,-46.5138,28.6972,45.3213,16.5563,-46.5138,28.6972,
107.61,56.9273,17.5468,-55.9199,27.9447,56.9273,17.5468,-55.9199,27.9447,
107.64,56.9273,17.5468,-55.9199,27.9447,56.9273,17.5468,-55.9199,27.9447,
107.67,56.9273,17.5468,-55.9199,27.9447,56.9273,17.5468,-55.9199,27.9447,
107.7,56.9273,17.5468,-55.9199,27.9447,56.9273,17.5468,-55.9199,27.9447,
107.73,56.9273,17.5468,-55.9199,27.9447,56.9273,17.5468,-55.9199,27.9447,
107.76,56.9273,17.5468,-55.9199,27.9447,56.9273,17.5468,-55.9199,27.9447,
107.79,56.9273,17.5468,-55.9199,27.9447,56.9273,17.5468,-55.9199,27.9447,
107.82,56.9273,17.5468,-55.9199,27.9447,56.9273,17.5468,-55.9199,27.9447,
107.85,56.9273,17.5468,-55.9199,27.9447,56.9273,17.5468,-55.9199,27.9447,
107.88,56.9273,17.5468,-55.9199,27.9447,56.9273,17.5468,-55.9199,27.9447,
107.91,56.9273,17.5468,-55.9199,27.9447,56.9273,17.5468,-55.9199,27.9447,
107.94,56.9273,17.5468,-55.9199,27.9447,56.9273,17.5468,-55.9199,27.9447,
107.97,56.9273,17.5468,-55.9199,27.9447,56.9273,17.5468,-55.9199,27.9447,
108,56.9273,17.5468,-55.9199,27.9447,56.9273,17.5468,-55.9199,27.9447,
108.03,56.9273,17.5468,-55.9199,27.9447,56.9273,17.5468,-55.9199,27.9447,
108.06,56.9273,17.5468,-55.9199,27.9447,56.9273,17.5468,-55.9199,27.9447,
108.09,66.4893,12.3458,-65.7399,19.5066,66.4893,12.3458,-65.7399,19.5066,
108.12,66.4893,12.3458,-65.7399,19.5066,66.4893,12.3458,-65.7399,19.5066,
108.15,66.4893,12.3458,-65.7399,19.5066,66.4893,12.3458,-65.7399,19.5066,
108.18,66.4893,12.3458,-65.7399,19.5066,66.4893,12.3458,-65.7399,19.5066,
108.21,66.4893,12.3458,-65.7399,19.5066,66.4893,12.3458,-65.7399,19.5066,
108.24,66.4893,12.3458,-65.7399,19.5066,66.4893,12.3458,-65.7399,19.5066,
108.27,66.4893,12.3458,-65.7399,19.5066,66.4893,12.3458,-65.7399,19.5066,
108.3,66.4893,12.3458,-65.7399,19.5066,66.4893,12.3458,-65.7399,19.5066,
108.33,66.4893,12.3458,-65.7399,19.5066,66.4893,12.3458,-65.7399,19.5066,
108.36,66.4893,12.3458,-65.7399,19.5066,66.4893,12.3458,-65.7399,19.5066,
108.39,66.4893,12.3458,-65.7399,19.5066,66.4893,12.3458,-65.7399,19.5066,
108.42,66.4893,12.3458,-65.7399,19.5066,66.4893,12.3458,-65.7399,19.5066,
108.45,66.4893,12.3458,-65.7399,19.5066,66.4893,12.3458,-65.7399,19.5066,
108.48,66.4893,12.3458,-65.7399,19.5066,66.4893,12.3458,-65.7399,19.5066,
108.51,66.4893,12.3458,-65.7399,19.5066,66.4893,12.3458,-65.7399,19.5066,
108.54,66.4893,12.3458,-65.7399,19.5066,66.4893,12.3458,-65.7399,19.5066,
108.57,72.7701,8.40882,-65.1276,15.0068,72.7701,8.40882,-65.1276,15.0068,
108.6,72.7701,8.40882,-65.1276,15.0068,72.7701,8.40882,-65.1276,15.0068,
108.63,72.7701,8.40882,-65.1276,15.0068,72.7701,8.40882,-65.1276,15.0068,
108.66,72.7701,8.40882,-65.1276,15.0068,72.7701,8.40882,-65.1276,15.0068,
108.69,72.7701,8.40882,-65.1276,15.0068,72.7701,8.40882,-65.1276,15.0068,
108.72,72.7701,8.40882,-65.1276,15.0068,72.7701,8.40882,-65.1276,15.0068,
108.75,72.7701,8.40882,-65.1276,15.0068,72.7701,8.40882,-65.1276,15.0068,
108.78,72.7701,8.40882,-65.1276,15.0068,72.7701,8.40882,-65.1276,15.0068,
108.81,72.7701,8.40882,-65.1276,15.0068,72.7701,8.40882,-65.1276,15.0068,
108.84,72.7701,8.40882,-65.1276,15.0068,72.7701,8.40882,-65.1276,15.0068,
108.87,72.7701,8.40882,-65.1276,15.0068,72.7701,8.40882,-65.1276,15.0068,
108.9,72.7701,8.40882,-65.1276,15.0068,72.7701,8.40882,-65.1276,15.0068,
108.93,72.7701,8.40882,-65.1276,15.0068,72.7701,8.40882,-65.1276,15.0068,
108.96,72.7701,8.40882,-65.1276,15.0068,72.7701,8.40882,-65.1276,15.0068,
108.99,72.7701,8.40882,-65.1276,15.0068,72.7701,8.40882,-65.1276,15.0068,
109.02,72.7701,8.40882,-65.1276,15.0068,72.7701,8.40882,-65.1276,15.0068,
109.05,71.5026,7.80954,-42.6181,18.9043,71.5026,7.80954,-42.6181,18.9043,
109.08,71.5026,7.80954,-42.6181,18.9043,71.5026,7.80954,-42.6181,18.9043,
109.11,71.5026,7.80954,-42.6181,18.9043,71.5026,7.80954,-42.6181,18.9043,
109.14,71.5026,7.80954,-42.6181,18.9043,71.5026,7.80954,-42.6181,18.9043,
109.17,71.5026,7.80954,-42.6181,18.9043,71.5026,7.80954,-42.6181,18.9043,
109.2,71.5026,7.80954,-42.6181,18.9043,71.5026,7.80954,-42.6181,18.9043,
109.23,71.5026,7.80954,-42.6181,18.9043,71.5026,7.80954,-42.6181,18.9043,
109.26,71.5026,7.80954,-42.6181,18.9043,71.5026,7.80954,-42.6181,18.9043,
109.29,71.5026,7.80954,-42.6181,18.9043,71.5026,7.80954,-42.6181,18.9043,
109.32,71.5026,7.80954,-42.6181,18.9043,71.5026,7.80954,-42.6181,18.9043,
109.35,71.5026,7.80954,-42.6181,18.9043,71.5026,7.80954,-42.6181,18.9043,
109.38,71.5026,7.80954,-42.6181,18.9043,71.5026,7.80954,-42.6181,18.9043,
109.41,71.5026,7.80954,-42.6181,18.9043,71.5026,7.80954,-42.6181,18.9043,
109.44,71.5026,7.80954,-42.6181,18.9043,71.5026,7.80954,-42.6181,18.9043,
109.47,71.5026,7.80954,-42.6181,18.9043,71.5026,7.80954,-42.6181,18.9043,
109.5,71.5026,7.80954,-42.6181,18.9043,71.5026,7.80954,-42.6181,18.9043,
109.53,64.2095,8.67394,-21.1983,31.0785,64.2095,8.67394,-21.1983,31.0785,
109.56,64.2095,8.67394,-21.1983,31.0785,64.2095,8.67394,-21.1983,31.0785,
109.59,64.2095,8.67394,-21.1983,31.0785,64.2095,8.67394,-21.1983,31.0785,
109.62,64.2095,8.67394,-21.1983,31.0785,64.2095,8.67394,-21.1983,31.0785,
109.65,64.2095,8.67394,-21.1983,31.0785,64.2095,8.67394,-21.1983,31.0785,
109.68,64.2095,8.67394,-21.1983,31.0785,64.2095,8.67394,-21.1983,31.0785,
109.71,64.2095,8.67394,-21.1983,31.0785,64.2095,8.67394,-21.1983,31.0785,
109.74,64.2095,8.67394,-21.1983,31.0785,64.2095,8.67394,-21.1983,31.0785,
109.77,64.2095,8.67394,-21.1983,31.0785,64.2095,8.67394,-21.1983,31.0785,
109.8,64.2095,8.67394,-21.1983,31.0785,64.2095,8.67394,-21.1983,31.0785,
109.83,64.2095,8.67394,-21.1983,31.0785,64.2095,8.67394,-21.1983,31.0785,
109.86,64.2095,8.67394,-21.1983,31.0785,64.2095,8.67394,-21.1983,31.0785,
109.89,64.2095,8.67394,-21.1983,31.0785,64.2095,8.67394,-21.1983,31.0785,
109.92,64.2095,8.67394,-21.1983,31.0785,64.2095,8.67394,-21.1983,31.0785,
109.95,64.2095,8.67394,-21.1983,31.0785,64.2095,8.67394,-21.1983,31.0785,
109.98,64.2095,8.67394,-21.1983,31.0785,64.2095,8.67394,-21.1983,31.0785,
110.01,59.243,9.86207,-16.5575,38.784,59.243,9.86207,-16.5575,38.784,
110.04,59.243,9.86207,-16.5575,38.784,59.243,9.86207,-16.5575,38.784,
110.07,59.243,9.86207,-16.5575,38.784,59.243,9.86207,-16.5575,38.784,
110.1,59.243,9.86207,-16.5575,38.784,59.243,9.86207,-16.5575,38.784,
110.13,59.243,9.86207,-16.5575,38.784,59.243,9.86207,-16.5575,38.784,
110.16,59.243,9.86207,-16.5575,38.784,59.243,9.86207,-16.5575,38.784,
110.19,59.243,9.86207,-16.5575,38.784,59.243,9.86207,-16.5575,38.784,
110.22,59.243,9.86207,-16.5575,38.784,59.243,9.86207,-16.5575,38.784,
110.25,59.243,9.86207,-16.5575,38.784,59.243,9.86207,-16.5575,38.784,
110.28,59.243,9.86207,-16.5575,38.784,59.243,9.86207,-16.5575,38.784,
110.31,59.243,9.86207,-16.5575,38.784,59.243,9.86207,-16.5575,38.784,
110.34,59.243,9.86207,-16.5575,38.784,59.243,9.86207,-16.5575,38.784,
110.37,59.243,9.86207,-16.5575,38.784,59.243,9.86207,-16.5575,38.784,
110.4,59.243,9.86207,-16.5575,38.784,59.243,9.86207,-16.5575,38.784,
110.43,59.243,9.86207,-16.5575,38.784,59.243,9.86207,-16.5575,38.784,
110.46,59.243,9.86207,-16.5575,38.784,59.243,9.86207,-16.5575,38.784,
110.49,56.3768,9.8575,-12.8088,43.4776,56.3768,9.8575,-12.8088,43.4776,
110.52,56.3768,9.8575,-12.8088,43.4776,56.3768,9.8575,-12.8088,43.4776,
110.55,56.3768,9.8575,-12.8088,43.4776,56.3768,9.8575,-12.8088,43.4776,
110.58,56.3768,9.8575,-12.8088,43.4776,56.3768,9.8575,-12.8088,43.4776,
110.61,56.3768,9.8575,-12.8088,43.4776,56.3768,9.8575,-12.8088,43.4776,
110.64,56.3768,9.8575,-12.8088,43.4776,56.3768,9.8575,-12.8088,43.4776,
110.67,56.3768,9.8575,-12.8088,43.4776,56.3768,9.8575,-12.8088,43.4776,
110.7,56.3768,9.8575,-12.8088,43.4776,56.3768,9.8575,-12.8088,43.4776,
110.73,56.3768,9.8575,-12.8088,43.4776,56.3768,9.8575,-12.8088,43.4776,
110.76,56.3768,9.8575,-12.8088,43.4776,56.3768,9.8575,-12.8088,43.4776,
110.79,56.3768,9.8575,-12.8088,43.4776,56.3768,9.8575,-12.8088,43.4776,
110.82,56.3768,9.8575,-12.8088,43.4776,56.3768,9.8575,-12.8088,43.4776,
110.85,56.3768,9.8575,-12.8088,43.4776,56.3768,9.8575,-12.8088,43.4776,
110.88,56.3768,9.8575,-12.8088,43.4776,56.3768,9.8575,-12.8088,43.4776,
110.91,56.3768,9.8575,-12.8088,43.4776,56.3768,9.8575,-12.8088,43.4776,
110.94,56.3768,9.8575,-12.8088,43.4776,56.3768,9.8575,-12.8088,43.4776,
110.97,54.8021,9.06707,-10.0139,46.2935,54.8021,9.06707,-10.0139,46.2935,
111,54.8021,9.06707,-10.0139,46.2935,54.8021,9.06707,-10.0139,46.2935,
111.03,54.8021,9.06707,-10.0139,46.2935,54.8021,9.06707,-10.0139,46.2935,
111.06,54.8021,9.06707,-10.0139,46.2935,54.8021,9.06707,-10.0139,46.2935,
111.09,54.8021,9.06707,-10.0139,46.2935,54.8021,9.06707,-10.0139,46.2935,
111.12,54.8021,9.06707,-10.0139,46.2935,54.8021,9.06707,-10.0139,46.2935,
111.15,54.8021,9.06707,-10.0139,46.2935,54.8021,9.06707,-10.0139,46.2935,
111.18,54.8021,9.06707,-10.0139,46.2935,54.8021,9.06707,-10.0139,46.2935,
111.21,54.8021,9.06707,-10.0139,46.2935,54.8021,9.06707,-10.0139,46.2935,
111.24,54.8021,9.06707,-10.0139,46.2935,54.8021,9.06707,-10.0139,46.2935,
111.27,54.8021,9.06707,-10.0139,46.2935,54.8021,9.06707,-10.0139,46.2935,
111.3,54.8021,9.06707,-10.0139,46.2935,54.8021,9.06707,-10.0139,46.2935,
111.33,54.8021,9.06707,-10.0139,46.2935,54.8021,9.06707,-10.0139,46.2935,
111.36,54.8021,9.06707,-10.0139,46.2935,54.8021,9.06707,-10.0139,46.2935,
111.39,54.8021,9.06707,-10.0139,46.2935,54.8021,9.06707,-10.0139,46.2935,
111.42,54.8021,9.06707,-10.0139,46.2935,54.8021,9.06707,-10.0139,46.2935,
111.45,61.7306,11.3549,-15.0611,42.8881,61.7306,11.3549,-15.0611,42.8881,
111.48,61.7306,11.3549,-15.0611,42.8881,61.7306,11.3549,-15.0611,42.8881,
111.51,61.7306,11.3549,-15.0611,42.8881,61.7306,11.3549,-15.0611,42.8881,
111.54,61.7306,11.3549,-15.0611,42.8881,61.7306,11.3549,-15.0611,42.8881,
111.57,61.7306,11.3549,-15.0611,42.8881,61.7306,11.3549,-15.0611,42.8881,
111.6,61.7306,11.3549,-15.0611,42.8881,61.7306,11.3549,-15.0611,42.8881,
111.63,61.7306,11.3549,-15.0611,42.8881,61.7306,11.3549,-15.0611,42.8881,
111.66,61.7306,11.3549,-15.0611,42.8881,61.7306,11.3549,-15.0611,42.8881,
111.69,61.7306,11.3549,-15.0611,42.8881,61.7306,11.3549,-15.0611,42.8881,
111.72,61.7306,11.3549,-15.0611,42.8881,61.7306,11.3549,-15.0611,42.8881,
111.75,61.7306,11.3549,-15.0611,42.8881,61.7306,11.3549,-15.0611,42.8881,
111.78,61.7306,11.3549,-15.0611,42.8881,61.7306,11.3549,-15.0611,42.8881,
111.81,61.7306,11.3549,-15.0611,42.8881,61.7306,11.3549,-15.0611,42.8881,
111.84,61.7306,11.3549,-15.0611,42.8881,61.7306,11.3549,-15.0611,42.8881,
111.87,61.7306,11.3549,-15.0611,42.8881,61.7306,11.3549,-15.0611,42.8881,
111.9,61.7306,11.3549,-15.0611,42.8881,61.7306,11.3549,-15.0611,42.8881,
111.93,66.7761,13.3926,-19.0693,42.603,66.7761,13.3926,-19.0693,42.603,
111.96,66.7761,13.3926,-19.0693,42.603,66.7761,13.3926,-19.0693,42.603,
111.99,66.7761,13.3926,-19.0693,42.603,66.7761,13.3926,-19.0693,42.603,
112.02,66.7761,13.3926,-19.0693,42.603,66.7761,13.3926,-19.0693,42.603,
112.05,66.7761,13.3926,-19.0693,42.603,66.7761,13.3926,-19.0693,42.603,
112.08,66.7761,13.3926,-19.0693,42.603,66.7761,13.3926,-19.0693,42.603,
112.11,66.7761,13.3926,-19.0693,42.603,66.7761,13.3926,-19.0693,42.603,
112.14,66.7761,13.3926,-19.0693,42.603,66.7761,13.3926,-19.0693,42.603,
112.17,66.7761,13.3926,-19.0693,42.603,66.7761,13.3926,-19.0693,42.603,
112.2,66.7761,13.3926,-19.0693,42.603,66.7761,13.3926,-19.0693,42.603,
112.23,66.7761,13.3926,-19.0693,42.603,66.7761,13.3926,-19.0693,42.603,
112.26,66.7761,13.3926,-19.0693,42.603,66.7761,13.3926,-19.0693,42.603,
112.29,66.7761,13.3926,-19.0693,42.603,66.7761,13.3926,-19.0693,42.603,
112.32,66.7761,13.3926,-19.0693,42.603,66.7761,13.3926,-19.0693,42.603,
112.35,66.7761,13.3926,-19.0693,42.603,66.7761,13.3926,-19.0693,42.603,
112.38,66.7761,13.3926,-19.0693,42.603,66.7761,13.3926,-19.0693,42.603,
112.41,68.5867,16.8282,-14.9889,53.1347,68.5867,16.8282,-14.9889,53.1347,
112.44,68.5867,16.8282,-14.9889,53.1347,68.5867,16.8282,-14.9889,53.1347,
112.47,68.5867,16.8282,-14.9889,53.1347,68.5867,16.8282,-14.9889,53.1347,
112.5,68.5867,16.8282,-14.9889,53.1347,68.5867,16.8282,-14.9889,53.1347,
112.53,68.5867,16.8282,-14.9889,53.1347,68.5867,16.8282,-14.9889,53.1347,
112.56,68.5867,16.8282,-14.9889,53.1347,68.5867,16.8282,-14.9889,53.1347,
112.59,68.5867,16.8282,-14.9889,53.1347,68.5867,16.8282,-14.9889,53.1347,
112.62,68.5867,16.8282,-14.9889,53.1347,68.5867,16.8282,-14.9889,53.1347,
112.65,68.5867,16.8282,-14.9889,53.1347,68.5867,16.8282,-14.9889,53.1347,
112.68,68.5867,16.8282,-14.9889,53.1347,68.5867,16.8282,-14.9889,53.1347,
112.71,68.5867,16.8282,-14.9889,53.1347,68.5867,16.8282,-14.9889,53.1347,
112.74,68.5867,16.8282,-14.9889,53.1347,68.5867,16.8282,-14.9889,53.1347,
112.77,68.5867,16.8282,-14.9889,53.1347,68.5867,16.8282,-14.9889,53.1347,
112.8,68.5867,16.8282,-14.9889,53.1347,68.5867,16.8282,-14.9889,53.1347,
112.83,68.5867,16.8282,-14.9889,53.1347,68.5867,16.8282,-14.9889,53.1347,
112.86,68.5867,16.8282,-14.9889,53.1347,68.5867,16.8282,-14.9889,53.1347,
112.89,68.1981,18.01,-4.8033,67.8752,68.1981,18.01,-4.8033,67.8752,
112.92,68.1981,18.01,-4.8033,67.8752,68.1981,18.01,-4.8033,67.8752,
112.95,68.1981,18.01,-4.8033,67.8752,68.1981,18.01,-4.8033,67.8752,
112.98,68.1981,18.01,-4.8033,67.8752,68.1981,18.01,-4.8033,67.8752,
113.01,68.1981,18.01,-4.8033,67.8752,68.1981,18.01,-4.8033,67.8752,
113.04,68.1981,18.01,-4.8033,67.8752,68.1981,18.01,-4.8033,67.8752,
113.07,68.1981,18.01,-4.8033,67.8752,68.1981,18.01,-4.8033,67.8752,
113.1,68.1981,18.01,-4.8033,67.8752,68.1981,18.01,-4.8033,67.8752,
113.13,68.1981,18.01,-4.8033,67.8752,68.1981,18.01,-4.8033,67.8752,
113.16,68.1981,18.01,-4.8033,67.8752,68.1981,18.01,-4.8033,67.8752,
113.19,68.1981,18.01,-4.8033,67.8752,68.1981,18.01,-4.8033,67.8752,
113.22,68.1981,18.01,-4.8033,67.8752,68.1981,18.01,-4.8033,67.8752,
113.25,68.1981,18.01,-4.8033,67.8752,68.1981,18.01,-4.8033,67.8752,
113.28,68.1981,18.01,-4.8033,67.8752,68.1981,18.01,-4.8033,67.8752,
113.31,68.1981,18.01,-4.8033,67.8752,68.1981,18.01,-4.8033,67.8752,
113.34,68.1981,18.01,-4.8033,67.8752,68.1981,18.01,-4.8033,67.8752,
113.37,67.1962,18.8018,2.97776,80.8218,67.1962,18.8018,2.97776,80.8218,
113.4,67.1962,18.8018,2.97776,80.8218,67.1962,18.8018,2.97776,80.8218,
113.43,67.1962,18.8018,2.97776,80.8218,67.1962,18.8018,2.97776,80.8218,
113.46,67.1962,18.8018,2.97776,80.8218,67.1962,18.8018,2.97776,80.8218,
113.49,67.1962,18.8018,2.97776,80.8218,67.1962,18.8018,2.97776,80.8218,
113.52,67.1962,18.8018,2.97776,80.8218,67.1962,18.8018,2.97776,80.8218,
113.55,67.1962,18.8018,2.97776,80.8218,67.1962,18.8018,2.97776,80.8218,
113.58,67.1962,18.8018,2.97776,80.8218,67.1962,18.8018,2.97776,80.8218,
113.61,67.1962,18.8018,2.97776,80.8218,67.1962,18.8018,2.97776,80.8218,
113.64,67.1962,18.8018,2.97776,80.8218,67.1962,18.8018,2.97776,80.8218,
113.67,67.1962,18.8018,2.97776,80.8218,67.1962,18.8018,2.97776,80.8218,
113.7,67.1962,18.8018,2.97776,80.8218,67.1962,18.8018,2.97776,80.8218,
113.73,67.1962,18.8018,2.97776,80.8218,67.1962,18.8018,2.97776,80.8218,
113.76,67.1962,18.8018,2.97776,80.8218,67.1962,18.8018,2.97776,80.8218,
113.79,67.1962,18.8018,2.97776,80.8218,67.1962,18.8018,2.97776,80.8218,
113.82,67.1962,18.8018,2.97776,80.8218,67.1962,18.8018,2.97776,80.8218,
113.85,66.0662,20.0901,6.39225,87.1608,66.0662,20.0901,6.39225,87.1608,
113.88,66.0662,20.0901,6.39225,87.1608,66.0662,20.0901,6.39225,87.1608,
113.91,66.0662,20.0901,6.39225,87.1608,66.0662,20.0901,6.39225,87.1608,
113.94,66.0662,20.0901,6.39225,87.1608,66.0662,20.0901,6.39225,87.1608,
113.97,66.0662,20.0901,6.39225,87.1608,66.0662,20.0901,6.39225,87.1608,
114,66.0662,20.0901,6.39225,87.1608,66.0662,20.0901,6.39225,87.1608,
114.03,66.0662,20.0901,6.39225,87.1608,66.0662,20.0901,6.39225,87.1608,
114.06,66.0662,20.0901,6.39225,87.1608,66.0662,20.0901,6.39225,87.1608,
114.09,66.0662,20.0901,6.39225,87.1608,66.0662,20.0901,6.39225,87.1608,
114.12,66.0662,20.0901,6.39225,87.1608,66.0662,20.0901,6.39225,87.1608,
114.15,66.0662,20.0901,6.39225,87.1608,66.0662,20.0901,6.39225,87.1608,
114.18,66.0662,20.0901,6.39225,87.1608,66.0662,20.0901,6.39225,87.1608,
114.21,66.0662,20.0901,6.39225,87.1608,66.0662,20.0901,6.39225,87.1608,
114.24,66.0662,20.0901,6.39225,87.1608,66.0662,20.0901,6.39225,87.1608,
114.27,66.0662,20.0901,6.39225,87.1608,66.0662,20.0901,6.39225,87.1608,
114.3,66.0662,20.0901,6.39225,87.1608,66.0662,20.0901,6.39225,87.1608,
114.33,65.0603,20.9024,13.1291,92.8912,65.0603,20.9024,13.1291,92.8912,
114.36,65.0603,20.9024,13.1291,92.8912,65.0603,20.9024,13.1291,92.8912,
114.39,65.0603,20.9024,13.1291,92.8912,65.0603,20.9024,13.1291,92.8912,
114.42,65.0603,20.9024,13.1291,92.8912,65.0603,20.9024,13.1291,92.8912,
114.45,65.0603,20.9024,13.1291,92.8912,65.0603,20.9024,13.1291,92.8912,
114.48,65.0603,20.9024,13.1291,92.8912,65.0603,20.9024,13.1291,92.8912,
114.51,65.0603,20.9024,13.1291,92.8912,65.0603,20.9024,13.1291,92.8912,
114.54,65.0603,20.9024,13.1291,92.8912,65.0603,20.9024,13.1291,92.8912,
114.57,65.0603,20.9024,13.1291,92.8912,65.0603,20.9024,13.1291,92.8912,
114.6,65.0603,20.9024,13.1291,92.8912,65.0603,20.9024,13.1291,92.8912,
114.63,65.0603,20.9024,13.1291,92.8912,65.0603,20.9024,13.1291,92.8912,
114.66,65.0603,20.9024,13.1291,92.8912,65.0603,20.9024,13.1291,92.8912,
114.69,65.0603,20.9024,13.1291,92.8912,65.0603,20.9024,13.1291,92.8912,
114.72,65.0603,20.9024,13.1291,92.8912,65.0603,20.9024,13.1291,92.8912,
114.75,65.0603,20.9024,13.1291,92.8912,65.0603,20.9024,13.1291,92.8912,
114.78,65.0603,20.9024,13.1291,92.8912,65.0603,20.9024,13.1291,92.8912,
114.81,64.213,21.6623,18.5227,93.5055,64.213,21.6623,18.5227,93.5055,
114.84,64.213,21.6623,18.5227,93.5055,64.213,21.6623,18.5227,93.5055,
114.87,64.213,21.6623,18.5227,93.5055,64.213,21.6623,18.5227,93.5055,
114.9,64.213,21.6623,18.5227,93.5055,64.213,21.6623,18.5227,93.5055,
114.93,64.213,21.6623,18.5227,93.5055,64.213,21.6623,18.5227,93.5055,
114.96,64.213,21.6623,18.5227,93.5055,64.213,21.6623,18.5227,93.5055,
114.99,64.213,21.6623,18.5227,93.5055,64.213,21.6623,18.5227,93.5055,
115.02,64.213,21.6623,18.5227,93.5055,64.213,21.6623,18.5227,93.5055,
115.05,64.213,21.6623,18.5227,93.5055,64.213,21.6623,18.5227,93.5055,
115.08,64.213,21.6623,18.5227,93.5055,64.213,21.6623,18.5227,93.5055,
115.11,64.213,21.6623,18.5227,93.5055,64.213,21.6623,18.5227,93.5055,
115.14,64.213,21.6623,18.5227,93.5055,64.213,21.6623,18.5227,93.5055,
115.17,64.213,21.6623,18.5227,93.5055,64.213,21.6623,18.5227,93.5055,
115.2,64.213,21.6623,18.5227,93.5055,64.213,21.6623,18.5227,93.5055,
115.23,64.213,21.6623,18.5227,93.5055,64.213,21.6623,18.5227,93.5055,
115.26,64.213,21.6623,18.5227,93.5055,64.213,21.6623,18.5227,93.5055,
115.29,64.3249,22.0461,24.4884,91.9987,64.3249,22.0461,24.4884,91.9987,
115.32,64.3249,22.0461,24.4884,91.9987,64.3249,22.0461,24.4884,91.9987,
115.35,64.3249,22.0461,24.4884,91.9987,64.3249,22.0461,24.4884,91.9987,
115.38,64.3249,22.0461,24.4884,91.9987,64.3249,22.0461,24.4884,91.9987,
115.41,64.3249,22.0461,24.4884,91.9987,64.3249,22.0461,24.4884,91.9987,
115.44,64.3249,22.0461,24.4884,91.9987,64.3249,22.0461,24.4884,91.9987,
115.47,64.3249,22.0461,24.4884,91.9987,64.3249,22.0461,24.4884,91.9987,
115.5,64.3249,22.0461,24.4884,91.9987,64.3249,22.0461,24.4884,91.9987,
115.53,64.3249,22.0461,24.4884,91.9987,64.3249,22.0461,24.4884,91.9987,
115.56,64.3249,22.0461,24.4884,91.9987,64.3249,22.0461,24.4884,91.9987,
115.59,64.3249,22.0461,24.4884,91.9987,64.3249,22.0461,24.4884,91.9987,
115.62,64.3249,22.0461,24.4884,91.9987,64.3249,22.0461,24.4884,91.9987,
115.65,64.3249,22.0461,24.4884,91.9987,64.3249,22.0461,24.4884,91.9987,
115.68,64.3249,22.0461,24.4884,91.9987,64.3249,22.0461,24.4884,91.9987,
115.71,64.3249,22.0461,24.4884,91.9987,64.3249,22.0461,24.4884,91.9987,
115.74,64.3249,22.0461,24.4884,91.9987,64.3249,22.0461,24.4884,91.9987,
115.77,52.3083,21.3809,24.8453,92.5576,52.3083,21.3809,24.8453,92.5576,
115.8,52.3083,21.3809,24.8453,92.5576,52.3083,21.3809,24.8453,92.5576,
115.83,52.3083,21.3809,24.8453,92.5576,52.3083,21.3809,24.8453,92.5576,
115.86,52.3083,21.3809,24.8453,92.5576,52.3083,21.3809,24.8453,92.5576,
115.89,52.3083,21.3809,24.8453,92.5576,52.3083,21.3809,24.8453,92.5576,
115.92,52.3083,21.3809,24.8453,92.5576,52.3083,21.3809,24.8453,92.5576,
115.95,52.3083,21.3809,24.8453,92.5576,52.3083,21.3809,24.8453,92.5576,
115.98,52.3083,21.3809,24.8453,92.5576,52.3083,21.3809,24.8453,92.5576,
116.01,52.3083,21.3809,24.8453,92.5576,52.3083,21.3809,24.8453,92.5576,
116.04,52.3083,21.3809,24.8453,92.5576,52.3083,21.3809,24.8453,92.5576,
116.07,52.3083,21.3809,24.8453,92.5576,52.3083,21.3809,24.8453,92.5576,
116.1,52.3083,21.3809,24.8453,92.5576,52.3083,21.3809,24.8453,92.5576,
116.13,52.3083,21.3809,24.8453,92.5576,52.3083,21.3809,24.8453,92.5576,
116.16,52.3083,21.3809,24.8453,92.5576,52.3083,21.3809,24.8453,92.5576,
116.19,52.3083,21.3809,24.8453,92.5576,52.3083,21.3809,24.8453,92.5576,
116.22,52.3083,21.3809,24.8453,92.5576,52.3083,21.3809,24.8453,92.5576,
116.25,50.9674,20.481,7.89812,96.4506,50.9674,20.481,7.89812,96.4506,
116.28,50.9674,20.481,7.89812,96.4506,50.9674,20.481,7.89812,96.4506,
116.31,50.9674,20.481,7.89812,96.4506,50.9674,20.481,7.89812,96.4506,
116.34,50.9674,20.481,7.89812,96.4506,50.9674,20.481,7.89812,96.4506,
116.37,50.9674,20.481,7.89812,96.4506,50.9674,20.481,7.89812,96.4506,
116.4,50.9674,20.481,7.89812,96.4506,50.9674,20.481,7.89812,96.4506,
116.43,50.9674,20.481,7.89812,96.4506,50.9674,20.481,7.89812,96.4506,
116.46,50.9674,20.481,7.89812,96.4506,50.9674,20.481,7.89812,96.4506,
116.49,50.9674,20.481,7.89812,96.4506,50.9674,20.481,7.89812,96.4506,
116.52,50.9674,20.481,7.89812,96.4506,50.9674,20.481,7.89812,96.4506,
116.55,50.9674,20.481,7.89812,96.4506,50.9674,20.481,7.89812,96.4506,
116.58,50.9674,20.481,7.89812,96.4506,50.9674,20.481,7.89812,96.4506,
116.61,50.9674,20.481,7.89812,96.4506,50.9674,20.481,7.89812,96.4506,
116.64,50.9674,20.481,7.89812,96.4506,50.9674,20.481,7.89812,96.4506,
116.67,50.9674,20.481,7.89812,96.4506,50.9674,20.481,7.89812,96.4506,
116.7,50.9674,20.481,7.89812,96.4506,50.9674,20.481,7.89812,96.4506,
116.73,60.6813,17.9068,0.529341,120.409,60.6813,17.9068,0.529341,120.409,
116.76,60.6813,17.9068,0.529341,120.409,60.6813,17.9068,0.529341,120.409,
116.79,60.6813,17.9068,0.529341,120.409,60.6813,17.9068,0.529341,120.409,
116.82,60.6813,17.9068,0.529341,120.409,60.6813,17.9068,0.529341,120.409,
116.85,60.6813,17.9068,0.529341,120.409,60.6813,17.9068,0.529341,120.409,
116.88,60.6813,17.9068,0.529341,120.409,60.6813,17.9068,0.529341,120.409,
116.91,60.6813,17.9068,0.529341,120.409,60.6813,17.9068,0.529341,120.409,
116.94,60.6813,17.9068,0.529341,120.409,60.6813,17.9068,0.529341,120.409,
116.97,60.6813,17.9068,0.529341,120.409,60.6813,17.9068,0.529341,120.409,
117,60.6813,17.9068,0.529341,120.409,60.6813,17.9068,0.529341,120.409,
117.03,60.6813,17.9068,0.529341,120.409,60.6813,17.9068,0.529341,120.409,
117.06,60.6813,17.9068,0.529341,120.409,60.6813,17.9068,0.529341,120.409,
117.09,60.6813,17.9068,0.529341,120.409,60.6813,17.9068,0.529341,120.409,
117.12,60.6813,17.9068,0.529341,120.409,60.6813,17.9068,0.529341,120.409,
117.15,60.6813,17.9068,0.529341,120.409,60.6813,17.9068,0.529341,120.409,
117.18,60.6813,17.9068,0.529341,120.409,60.6813,17.9068,0.529341,120.409,
117.21,62.1818,20.1797,-17.5019,117.137,62.1818,20.1797,-17.5019,117.137,
117.24,62.1818,20.1797,-17.5019,117.137,62.1818,20.1797,-17.5019,117.137,
117.27,62.1818,20.1797,-17.5019,117.137,62.1818,20.1797,-17.5019,117.137,
117.3,62.1818,20.1797,-17.5019,117.137,62.1818,20.1797,-17.5019,117.137,
117.33,62.1818,20.1797,-17.5019,117.137,62.1818,20.1797,-17.5019,117.137,
117.36,62.1818,20.1797,-17.5019,117.137,62.1818,20.1797,-17.5019,117.137,
117.39,62.1818,20.1797,-17.5019,117.137,62.1818,20.1797,-17.5019,117.137,
117.42,62.1818,20.1797,-17.5019,117.137,62.1818,20.1797,-17.5019,117.137,
117.45,62.1818,20.1797,-17.5019,117.137,62.1818,20.1797,-17.5019,117.137,
117.48,62.1818,20.1797,-17.5019,117.137,62.1818,20.1797,-17.5019,117.137,
117.51,62.1818,20.1797,-17.5019,117.137,62.1818,20.1797,-17.5019,117.137,
117.54,62.1818,20.1797,-17.5019,117.137,62.1818,20.1797,-17.5019,117.137,
117.57,62.1818,20.1797,-17.5019,117.137,62.1818,20.1797,-17.5019,117.137,
117.6,62.1818,20.1797,-17.5019,117.137,62.1818,20.1797,-17.5019,117.137,
117.63,62.1818,20.1797,-17.5019,117.137,62.1818,20.1797,-17.5019,117.137,
117.66,62.1818,20.1797,-17.5019,117.137,62.1818,20.1797,-17.5019,117.137,
117.69,60.3814,27.454,-30.5897,125.18,60.3814,27.454,-30.5897,125.18,
117.72,60.3814,27.454,-30.5897,125.18,60.3814,27.454,-30.5897,125.18,
117.75,60.3814,27.454,-30.5897,125.18,60.3814,27.454,-30.5897,125.18,
117.78,60.3814,27.454,-30.5897,125.18,60.3814,27.454,-30.5897,125.18,
117.81,60.3814,27.454,-30.5897,125.18,60.3814,27.454,-30.5897,125.18,
117.84,60.3814,27.454,-30.5897,125.18,60.3814,27.454,-30.5897,125.18,
117.87,60.3814,27.454,-30.5897,125.18,60.3814,27.454,-30.5897,125.18,
117.9,60.3814,27.454,-30.5897,125.18,60.3814,27.454,-30.5897,125.18,
117.93,60.3814,27.454,-30.5897,125.18,60.3814,27.454,-30.5897,125.18,
117.96,60.3814,27.454,-30.5897,125.18,60.3814,27.454,-30.5897,125.18,
117.99,60.3814,27.454,-30.5897,125.18,60.3814,27.454,-30.5897,125.18,
118.02,60.3814,27.454,-30.5897,125.18,60.3814,27.454,-30.5897,125.18,
118.05,60.3814,27.454,-30.5897,125.18,60.3814,27.454,-30.5897,125.18,
118.08,60.3814,27.454,-30.5897,125.18,60.3814,27.454,-30.5897,125.18,
118.11,60.3814,27.454,-30.5897,125.18,60.3814,27.454,-30.5897,125.18,
118.14,60.3814,27.454,-30.5897,125.18,60.3814,27.454,-30.5897,125.18,
118.17,57.5703,34.3348,-36.711,132.255,57.5703,34.3348,-36.711,132.255,
118.2,57.5703,34.3348,-36.711,132.255,57.5703,34.3348,-36.711,132.255,
118.23,57.5703,34.3348,-36.711,132.255,57.5703,34.3348,-36.711,132.255,
118.26,57.5703,34.3348,-36.711,132.255,57.5703,34.3348,-36.711,132.255,
118.29,57.5703,34.3348,-36.711,132.255,57.5703,34.3348,-36.711,132.255,
118.32,57.5703,34.3348,-36.711,132.255,57.5703,34.3348,-36.711,132.255,
118.35,57.5703,34.3348,-36.711,132.255,57.5703,34.3348,-36.711,132.255,
118.38,57.5703,34.3348,-36.711,132.255,57.5703,34.3348,-36.711,132.255,
118.41,57.5703,34.3348,-36.711,132.255,57.5703,34.3348,-36.711,132.255,
118.44,57.5703,34.3348,-36.711,132.255,57.5703,34.3348,-36.711,132.255,
118.47,57.5703,34.3348,-36.711,132.255,57.5703,34.3348,-36.711,132.255,
118.5,57.5703,34.3348,-36.711,132.255,57.5703,34.3348,-36.711,132.255,
118.53,57.5703,34.3348,-36.711,132.255,57.5703,34.3348,-36.711,132.255,
118.56,57.5703,34.3348,-36.711,132.255,57.5703,34.3348,-36.711,132.255,
118.59,57.5703,34.3348,-36.711,132.255,57.5703,34.3348,-36.711,132.255,
118.62,57.5703,34.3348,-36.711,132.255,57.5703,34.3348,-36.711,132.255,
118.65,62.7478,25.7399,-38.3461,120.044,62.7478,25.7399,-38.3461,120.044,
118.68,62.7478,25.7399,-38.3461,120.044,62.7478,25.7399,-38.3461,120.044,
118.71,62.7478,25.7399,-38.3461,120.044,62.7478,25.7399,-38.3461,120.044,
118.74,62.7478,25.7399,-38.3461,120.044,62.7478,25.7399,-38.3461,120.044,
118.77,62.7478,25.7399,-38.3461,120.044,62.7478,25.7399,-38.3461,120.044,
118.8,62.7478,25.7399,-38.3461,120.044,62.7478,25.7399,-38.3461,120.044,
118.83,62.7478,25.7399,-38.3461,120.044,62.7478,25.7399,-38.3461,120.044,
118.86,62.7478,25.7399,-38.3461,120.044,62.7478,25.7399,-38.3461,120.044,
118.89,62.7478,25.7399,-38.3461,120.044,62.7478,25.7399,-38.3461,120.044,
118.92,62.7478,25.7399,-38.3461,120.044,62.7478,25.7399,-38.3461,120.044,
118.95,62.7478,25.7399,-38.3461,120.044,62.7478,25.7399,-38.3461,120.044,
118.98,62.7478,25.7399,-38.3461,120.044,62.7478,25.7399,-38.3461,120.044,
119.01,62.7478,25.7399,-38.3461,120.044,62.7478,25.7399,-38.3461,120.044,
119.04,62.7478,25.7399,-38.3461,120.044,62.7478,25.7399,-38.3461,120.044,
119.07,62.7478,25.7399,-38.3461,120.044,62.7478,25.7399,-38.3461,120.044,
119.1,62.7478,25.7399,-38.3461,120.044,62.7478,25.7399,-38.3461,120.044,
119.13,64.8025,18.3371,-19.9865,111.967,64.8025,18.3371,-19.9865,111.967,
119.16,64.8025,18.3371,-19.9865,111.967,64.8025,18.3371,-19.9865,111.967,
119.19,64.8025,18.3371,-19.9865,111.967,64.8025,18.3371,-19.9865,111.967,
119.22,64.8025,18.3371,-19.9865,111.967,64.8025,18.3371,-19.9865,111.967,
119.25,64.8025,18.3371,-19.9865,111.967,64.8025,18.3371,-19.9865,111.967,
119.28,64.8025,18.3371,-19.9865,111.967,64.8025,18.3371,-19.9865,111.967,
119.31,64.8025,18.3371,-19.9865,111.967,64.8025,18.3371,-19.9865,111.967,
119.34,64.8025,18.3371,-19.9865,111.967,64.8025,18.3371,-19.9865,111.967,
119.37,64.8025,18.3371,-19.9865,111.967,64.8025,18.3371,-19.9865,111.967,
119.4,64.8025,18.3371,-19.9865,111.967,64.8025,18.3371,-19.9865,111.967,
119.43,64.8025,18.3371,-19.9865,111.967,64.8025,18.3371,-19.9865,111.967,
119.46,64.8025,18.3371,-19.9865,111.967,64.8025,18.3371,-19.9865,111.967,
119.49,64.8025,18.3371,-19.9865,111.967,64.8025,18.3371,-19.9865,111.967,
119.52,64.8025,18.3371,-19.9865,111.967,64.8025,18.3371,-19.9865,111.967,
119.55,64.8025,18.3371,-19.9865,111.967,64.8025,18.3371,-19.9865,111.967,
119.58,64.8025,18.3371,-19.9865,111.967,64.8025,18.3371,-19.9865,111.967,
119.61,64.3295,18.2902,-11.8472,107.928,64.3295,18.2902,-11.8472,107.928,
119.64,64.3295,18.2902,-11.8472,107.928,64.3295,18.2902,-11.8472,107.928,
119.67,64.3295,18.2902,-11.8472,107.928,64.3295,18.2902,-11.8472,107.928,
119.7,64.3295,18.2902,-11.8472,107.928,64.3295,18.2902,-11.8472,107.928,
119.73,64.3295,18.2902,-11.8472,107.928,64.3295,18.2902,-11.8472,107.928,
119.76,64.3295,18.2902,-11.8472,107.928,64.3295,18.2902,-11.8472,107.928,
119.79,64.3295,18.2902,-11.8472,107.928,64.3295,18.2902,-11.8472,107.928,
119.82,64.3295,18.2902,-11.8472,107.928,64.3295,18.2902,-11.8472,107.928,
119.85,64.3295,18.2902,-11.8472,107.928,64.3295,18.2902,-11.8472,107.928,
119.88,64.3295,18.2902,-11.8472,107.928,64.3295,18.2902,-11.8472,107.928,
119.91,64.3295,18.2902,-11.8472,107.928,64.3295,18.2902,-11.8472,107.928,
119.94,64.3295,18.2902,-11.8472,107.928,64.3295,18.2902,-11.8472,107.928,
119.97,64.3295,18.2902,-11.8472,107.928,64.3295,18.2902,-11.8472,107.928,
120,64.3295,18.2902,-11.8472,107.928,64.3295,18.2902,-11.8472,107.928,
120.03,64.3295,18.2902,-11.8472,107.928,64.3295,18.2902,-11.8472,107.928,
120.06,64.3295,18.2902,-11.8472,107.928,64.3295,18.2902,-11.8472,107.928,
120.09,53.7513,18.6167,-7.12621,111.273,53.7513,18.6167,-7.12621,111.273,
120.12,53.7513,18.6167,-7.12621,111.273,53.7513,18.6167,-7.12621,111.273,
120.15,53.7513,18.6167,-7.12621,111.273,53.7513,18.6167,-7.12621,111.273,
120.18,53.7513,18.6167,-7.12621,111.273,53.7513,18.6167,-7.12621,111.273,
120.21,53.7513,18.6167,-7.12621,111.273,53.7513,18.6167,-7.12621,111.273,
120.24,53.7513,18.6167,-7.12621,111.273,53.7513,18.6167,-7.12621,111.273,
120.27,53.7513,18.6167,-7.12621,111.273,53.7513,18.6167,-7.12621,111.273,
120.3,53.7513,18.6167,-7.12621,111.273,53.7513,18.6167,-7.12621,111.273,
120.33,53.7513,18.6167,-7.12621,111.273,53.7513,18.6167,-7.12621,111.273,
120.36,53.7513,18.6167,-7.12621,111.273,53.7513,18.6167,-7.12621,111.273,
120.39,53.7513,18.6167,-7.12621,111.273,53.7513,18.6167,-7.12621,111.273,
120.42,53.7513,18.6167,-7.12621,111.273,53.7513,18.6167,-7.12621,111.273,
120.45,53.7513,18.6167,-7.12621,111.273,53.7513,18.6167,-7.12621,111.273,
120.48,53.7513,18.6167,-7.12621,111.273,53.7513,18.6167,-7.12621,111.273,
120.51,53.7513,18.6167,-7.12621,111.273,53.7513,18.6167,-7.12621,111.273,
120.54,53.7513,18.6167,-7.12621,111.273,53.7513,18.6167,-7.12621,111.273,
120.57,32.4333,16.4769,-61.8718,69.5384,32.4333,16.4769,-61.8718,69.5384,
120.6,32.4333,16.4769,-61.8718,69.5384,32.4333,16.4769,-61.8718,69.5384,
120.63,32.4333,16.4769,-61.8718,69.5384,32.4333,16.4769,-61.8718,69.5384,
120.66,32.4333,16.4769,-61.8718,69.5384,32.4333,16.4769,-61.8718,69.5384,
120.69,32.4333,16.4769,-61.8718,69.5384,32.4333,16.4769,-61.8718,69.5384,
120.72,32.4333,16.4769,-61.8718,69.5384,32.4333,16.4769,-61.8718,69.5384,
120.75,32.4333,16.4769,-61.8718,69.5384,32.4333,16.4769,-61.8718,69.5384,
120.78,32.4333,16.4769,-61.8718,69.5384,32.4333,16.4769,-61.8718,69.5384,
120.81,32.4333,16.4769,-61.8718,69.5384,32.4333,16.4769,-61.8718,69.5384,
120.84,32.4333,16.4769,-61.8718,69.5384,32.4333,16.4769,-61.8718,69.5384,
120.87,32.4333,16.4769,-61.8718,69.5384,32.4333,16.4769,-61.8718,69.5384,
120.9,32.4333,16.4769,-61.8718,69.5384,32.4333,16.4769,-61.8718,69.5384,
120.93,32.4333,16.4769,-61.8718,69.5384,32.4333,16.4769,-61.8718,69.5384,
120.96,32.4333,16.4769,-61.8718,69.5384,32.4333,16.4769,-61.8718,69.5384,
120.99,32.4333,16.4769,-61.8718,69.5384,32.4333,16.4769,-61.8718,69.5384,
121.02,32.4333,16.4769,-61.8718,69.5384,32.4333,16.4769,-61.8718,69.5384,
121.05,31.1807,16.5466,-51.117,54.1966,31.1807,16.5466,-51.117,54.1966,
121.08,31.1807,16.5466,-51.117,54.1966,31.1807,16.5466,-51.117,54.1966,
121.11,31.1807,16.5466,-51.117,54.1966,31.1807,16.5466,-51.117,54.1966,
121.14,31.1807,16.5466,-51.117,54.1966,31.1807,16.5466,-51.117,54.1966,
121.17,31.1807,16.5466,-51.117,54.1966,31.1807,16.5466,-51.117,54.1966,
121.2,31.1807,16.5466,-51.117,54.1966,31.1807,16.5466,-51.117,54.1966,
121.23,31.1807,16.5466,-51.117,54.1966,31.1807,16.5466,-51.117,54.1966,
121.26,31.1807,16.5466,-51.117,54.1966,31.1807,16.5466,-51.117,54.1966,
121.29,31.1807,16.5466,-51.117,54.1966,31.1807,16.5466,-51.117,54.1966,
121.32,31.1807,16.5466,-51.117,54.1966,31.1807,16.5466,-51.117,54.1966,
121.35,31.1807,16.5466,-51.117,54.1966,31.1807,16.5466,-51.117,54.1966,
121.38,31.1807,16.5466,-51.117,54.1966,31.1807,16.5466,-51.117,54.1966,
121.41,31.1807,16.5466,-51.117,54.1966,31.1807,16.5466,-51.117,54.1966,
121.44,31.1807,16.5466,-51.117,54.1966,31.1807,16.5466,-51.117,54.1966,
121.47,31.1807,16.5466,-51.117,54.1966,31.1807,16.5466,-51.117,54.1966,
121.5,31.1807,16.5466,-51.117,54.1966,31.1807,16.5466,-51.117,54.1966,
121.53,27.5176,15.6557,-61.6431,39.5817,27.5176,15.6557,-61.6431,39.5817,
121.56,27.5176,15.6557,-61.6431,39.5817,27.5176,15.6557,-61.6431,39.5817,
121.59,27.5176,15.6557,-61.6431,39.5817,27.5176,15.6557,-61.6431,39.5817,
121.62,27.5176,15.6557,-61.6431,39.5817,27.5176,15.6557,-61.6431,39.5817,
121.65,27.5176,15.6557,-61.6431,39.5817,27.5176,15.6557,-61.6431,39.5817,
121.68,27.5176,15.6557,-61.6431,39.5817,27.5176,15.6557,-61.6431,39.5817,
121.71,27.5176,15.6557,-61.6431,39.5817,27.5176,15.6557,-61.6431,39.5817,
121.74,27.5176,15.6557,-61.6431,39.5817,27.5176,15.6557,-61.6431,39.5817,
121.77,27.5176,15.6557,-61.6431,39.5817,27.5176,15.6557,-61.6431,39.5817,
121.8,27.5176,15.6557,-61.6431,39.5817,27.5176,15.6557,-61.6431,39.5817,
121.83,27.5176,15.6557,-61.6431,39.5817,27.5176,15.6557,-61.6431,39.5817,
121.86,27.5176,15.6557,-61.6431,39.5817,27.5176,15.6557,-61.6431,39.5817,
121.89,27.5176,15.6557,-61.6431,39.5817,27.5176,15.6557,-61.6431,39.5817,
121.92,27.5176,15.6557,-61.6431,39.5817,27.5176,15.6557,-61.6431,39.5817,
121.95,27.5176,15.6557,-61.6431,39.5817,27.5176,15.6557,-61.6431,39.5817,
121.98,27.5176,15.6557,-61.6431,39.5817,27.5176,15.6557,-61.6431,39.5817,
122.01,30.5114,14.0554,-58.5718,54.8404,30.5114,14.0554,-58.5718,54.8404,
122.04,30.5114,14.0554,-58.5718,54.8404,30.5114,14.0554,-58.5718,54.8404,
122.07,30.5114,14.0554,-58.5718,54.8404,30.5114,14.0554,-58.5718,54.8404,
122.1,30.5114,14.0554,-58.5718,54.8404,30.5114,14.0554,-58.5718,54.8404,
122.13,30.5114,14.0554,-58.5718,54.8404,30.5114,14.0554,-58.5718,54.8404,
122.16,30.5114,14.0554,-58.5718,54.8404,30.5114,14.0554,-58.5718,54.8404,
122.19,30.5114,14.0554,-58.5718,54.8404,30.5114,14.0554,-58.5718,54.8404,
122.22,30.5114,14.0554,-58.5718,54.8404,30.5114,14.0554,-58.5718,54.8404,
122.25,30.5114,14.0554,-58.5718,54.8404,30.5114,14.0554,-58.5718,54.8404,
122.28,30.5114,14.0554,-58.5718,54.8404,30.5114,14.0554,-58.5718,54.8404,
122.31,30.5114,14.0554,-58.5718,54.8404,30.5114,14.0554,-58.5718,54.8404,
122.34,30.5114,14.0554,-58.5718,54.8404,30.5114,14.0554,-58.5718,54.8404,
122.37,30.5114,14.0554,-58.5718,54.8404,30.5114,14.0554,-58.5718,54.8404,
122.4,30.5114,14.0554,-58.5718,54.8404,30.5114,14.0554,-58.5718,54.8404,
122.43,30.5114,14.0554,-58.5718,54.8404,30.5114,14.0554,-58.5718,54.8404,
122.46,30.5114,14.0554,-58.5718,54.8404,30.5114,14.0554,-58.5718,54.8404,
122.49,18.8163,21.0361,-34.3037,99.9832,18.8163,21.0361,-34.3037,99.9832,
122.52,18.8163,21.0361,-34.3037,99.9832,18.8163,21.0361,-34.3037,99.9832,
122.55,18.8163,21.0361,-34.3037,99.9832,18.8163,21.0361,-34.3037,99.9832,
122.58,18.8163,21.0361,-34.3037,99.9832,18.8163,21.0361,-34.3037,99.9832,
122.61,18.8163,21.0361,-34.3037,99.9832,18.8163,21.0361,-34.3037,99.9832,
122.64,18.8163,21.0361,-34.3037,99.9832,18.8163,21.0361,-34.3037,99.9832,
122.67,18.8163,21.0361,-34.3037,99.9832,18.8163,21.0361,-34.3037,99.9832,
122.7,18.8163,21.0361,-34.3037,99.9832,18.8163,21.0361,-34.3037,99.9832,
122.73,18.8163,21.0361,-34.3037,99.9832,18.8163,21.0361,-34.3037,99.9832,
122.76,18.8163,21.0361,-34.3037,99.9832,18.8163,21.0361,-34.3037,99.9832,
122.79,18.8163,21.0361,-34.3037,99.9832,18.8163,21.0361,-34.3037,99.9832,
122.82,18.8163,21.0361,-34.3037,99.9832,18.8163,21.0361,-34.3037,99.9832,
122.85,18.8163,21.0361,-34.3037,99.9832,18.8163,21.0361,-34.3037,99.9832,
122.88,18.8163,21.0361,-34.3037,99.9832,18.8163,21.0361,-34.3037,99.9832,
122.91,18.8163,21.0361,-34.3037,99.9832,18.8163,21.0361,-34.3037,99.9832,
122.94,18.8163,21.0361,-34.3037,99.9832,18.8163,21.0361,-34.3037,99.9832,
122.97,33.2473,15.6282,-42.8977,79.8194,33.2473,15.6282,-42.8977,79.8194,
123,33.2473,15.6282,-42.8977,79.8194,33.2473,15.6282,-42.8977,79.8194,
123.03,33.2473,15.6282,-42.8977,79.8194,33.2473,15.6282,-42.8977,79.8194,
123.06,33.2473,15.6282,-42.8977,79.8194,33.2473,15.6282,-42.8977,79.8194,
123.09,33.2473,15.6282,-42.8977,79.8194,33.2473,15.6282,-42.8977,79.8194,
123.12,33.2473,15.6282,-42.8977,79.8194,33.2473,15.6282,-42.8977,79.8194,
123.15,33.2473,15.6282,-42.8977,79.8194,33.2473,15.6282,-42.8977,79.8194,
123.18,33.2473,15.6282,-42.8977,79.8194,33.2473,15.6282,-42.8977,79.8194,
123.21,33.2473,15.6282,-42.8977,79.8194,33.2473,15.6282,-42.8977,79.8194,
123.24,33.2473,15.6282,-42.8977,79.8194,33.2473,15.6282,-42.8977,79.8194,
123.27,33.2473,15.6282,-42.8977,79.8194,33.2473,15.6282,-42.8977,79.8194,
123.3,33.2473,15.6282,-42.8977,79.8194,33.2473,15.6282,-42.8977,79.8194,
123.33,33.2473,15.6282,-42.8977,79.8194,33.2473,15.6282,-42.8977,79.8194,
123.36,33.2473,15.6282,-42.8977,79.8194,33.2473,15.6282,-42.8977,79.8194,
123.39,33.2473,15.6282,-42.8977,79.8194,33.2473,15.6282,-42.8977,79.8194,
123.42,33.2473,15.6282,-42.8977,79.8194,33.2473,15.6282,-42.8977,79.8194,
123.45,18.4964,13.4387,-60.8764,47.7679,18.4964,13.4387,-60.8764,47.7679,
123.48,18.4964,13.4387,-60.8764,47.7679,18.4964,13.4387,-60.8764,47.7679,
123.51,18.4964,13.4387,-60.8764,47.7679,18.4964,13.4387,-60.8764,47.7679,
123.54,18.4964,13.4387,-60.8764,47.7679,18.4964,13.4387,-60.8764,47.7679,
123.57,18.4964,13.4387,-60.8764,47.7679,18.4964,13.4387,-60.8764,47.7679,
123.6,18.4964,13.4387,-60.8764,47.7679,18.4964,13.4387,-60.8764,47.7679,
123.63,18.4964,13.4387,-60.8764,47.7679,18.4964,13.4387,-60.8764,47.7679,
123.66,18.4964,13.4387,-60.8764,47.7679,18.4964,13.4387,-60.8764,47.7679,
123.69,18.4964,13.4387,-60.8764,47.7679,18.4964,13.4387,-60.8764,47.7679,
123.72,18.4964,13.4387,-60.8764,47.7679,18.4964,13.4387,-60.8764,47.7679,
123.75,18.4964,13.4387,-60.8764,47.7679,18.4964,13.4387,-60.8764,47.7679,
123.78,18.4964,13.4387,-60.8764,47.7679,18.4964,13.4387,-60.8764,47.7679,
123.81,18.4964,13.4387,-60.8764,47.7679,18.4964,13.4387,-60.8764,47.7679,
123.84,18.4964,13.4387,-60.8764,47.7679,18.4964,13.4387,-60.8764,47.7679,
123.87,18.4964,13.4387,-60.8764,47.7679,18.4964,13.4387,-60.8764,47.7679,
123.9,18.4964,13.4387,-60.8764,47.7679,18.4964,13.4387,-60.8764,47.7679,
123.93,10.8445,12.7567,-58.1001,40.2227,10.8445,12.7567,-58.1001,40.2227,
123.96,10.8445,12.7567,-58.1001,40.2227,10.8445,12.7567,-58.1001,40.2227,
123.99,10.8445,12.7567,-58.1001,40.2227,10.8445,12.7567,-58.1001,40.2227,
124.02,10.8445,12.7567,-58.1001,40.2227,10.8445,12.7567,-58.1001,40.2227,
124.05,10.8445,12.7567,-58.1001,40.2227,10.8445,12.7567,-58.1001,40.2227,
124.08,10.8445,12.7567,-58.1001,40.2227,10.8445,12.7567,-58.1001,40.2227,
124.11,10.8445,12.7567,-58.1001,40.2227,10.8445,12.7567,-58.1001,40.2227,
124.14,10.8445,12.7567,-58.1001,40.2227,10.8445,12.7567,-58.1001,40.2227,
124.17,10.8445,12.7567,-58.1001,40.2227,10.8445,12.7567,-58.1001,40.2227,
124.2,10.8445,12.7567,-58.1001,40.2227,10.8445,12.7567,-58.1001,40.2227,
124.23,10.8445,12.7567,-58.1001,40.2227,10.8445,12.7567,-58.1001,40.2227,
124.26,10.8445,12.7567,-58.1001,40.2227,10.8445,12.7567,-58.1001,40.2227,
124.29,10.8445,12.7567,-58.1001,40.2227,10.8445,12.7567,-58.1001,40.2227,
124.32,10.8445,12.7567,-58.1001,40.2227,10.8445,12.7567,-58.1001,40.2227,
124.35,10.8445,12.7567,-58.1001,40.2227,10.8445,12.7567,-58.1001,40.2227,
124.38,10.8445,12.7567,-58.1001,40.2227,10.8445,12.7567,-58.1001,40.2227,
124.41,4.38445,12.5119,-41.6692,46.8499,4.38445,12.5119,-41.6692,46.8499,
124.44,4.38445,12.5119,-41.6692,46.8499,4.38445,12.5119,-41.6692,46.8499,
124.47,4.38445,12.5119,-41.6692,46.8499,4.38445,12.5119,-41.6692,46.8499,
124.5,4.38445,12.5119,-41.6692,46.8499,4.38445,12.5119,-41.6692,46.8499,
124.53,4.38445,12.5119,-41.6692,46.8499,4.38445,12.5119,-41.6692,46.8499,
124.56,4.38445,12.5119,-41.6692,46.8499,4.38445,12.5119,-41.6692,46.8499,
124.59,4.38445,12.5119,-41.6692,46.8499,4.38445,12.5119,-41.6692,46.8499,
124.62,4.38445,12.5119,-41.6692,46.8499,4.38445,12.5119,-41.6692,46.8499,
124.65,4.38445,12.5119,-41.6692,46.8499,4.38445,12.5119,-41.6692,46.8499,
124.68,4.38445,12.5119,-41.6692,46.8499,4.38445,12.5119,-41.6692,46.8499,
124.71,4.38445,12.5119,-41.6692,46.8499,4.38445,12.5119,-41.6692,46.8499,
124.74,4.38445,12.5119,-41.6692,46.8499,4.38445,12.5119,-41.6692,46.8499,
124.77,4.38445,12.5119,-41.6692,46.8499,4.38445,12.5119,-41.6692,46.8499,
124.8,4.38445,12.5119,-41.6692,46.8499,4.38445,12.5119,-41.6692,46.8499,
124.83,4.38445,12.5119,-41.6692,46.8499,4.38445,12.5119,-41.6692,46.8499,
124.86,4.38445,12.5119,-41.6692,46.8499,4.38445,12.5119,-41.6692,46.8499,
124.89,2.38581,9.9241,-39.7337,36.3322,2.38581,9.9241,-39.7337,36.3322,
124.92,2.38581,9.9241,-39.7337,36.3322,2.38581,9.9241,-39.7337,36.3322,
124.95,2.38581,9.9241,-39.7337,36.3322,2.38581,9.9241,-39.7337,36.3322,
124.98,2.38581,9.9241,-39.7337,36.3322,2.38581,9.9241,-39.7337,36.3322,
125.01,2.38581,9.9241,-39.7337,36.3322,2.38581,9.9241,-39.7337,36.3322,
125.04,2.38581,9.9241,-39.7337,36.3322,2.38581,9.9241,-39.7337,36.3322,
125.07,2.38581,9.9241,-39.7337,36.3322,2.38581,9.9241,-39.7337,36.3322,
125.1,2.38581,9.9241,-39.7337,36.3322,2.38581,9.9241,-39.7337,36.3322,
125.13,2.38581,9.9241,-39.7337,36.3322,2.38581,9.9241,-39.7337,36.3322,
125.16,2.38581,9.9241,-39.7337,36.3322,2.38581,9.9241,-39.7337,36.3322,
125.19,2.38581,9.9241,-39.7337,36.3322,2.38581,9.9241,-39.7337,36.3322,
125.22,2.38581,9.9241,-39.7337,36.3322,2.38581,9.9241,-39.7337,36.3322,
125.25,2.38581,9.9241,-39.7337,36.3322,2.38581,9.9241,-39.7337,36.3322,
125.28,2.38581,9.9241,-39.7337,36.3322,2.38581,9.9241,-39.7337,36.3322,
125.31,2.38581,9.9241,-39.7337,36.3322,2.38581,9.9241,-39.7337,36.3322,
125.34,2.38581,9.9241,-39.7337,36.3322,2.38581,9.9241,-39.7337,36.3322,
125.37,-1.42313,9.01286,-32.7089,33.3129,-1.42313,9.01286,-32.7089,33.3129,
125.4,-1.42313,9.01286,-32.7089,33.3129,-1.42313,9.01286,-32.7089,33.3129,
125.43,-1.42313,9.01286,-32.7089,33.3129,-1.42313,9.01286,-32.7089,33.3129,
125.46,-1.42313,9.01286,-32.7089,33.3129,-1.42313,9.01286,-32.7089,33.3129,
125.49,-1.42313,9.01286,-32.7089,33.3129,-1.42313,9.01286,-32.7089,33.3129,
125.52,-1.42313,9.01286,-32.7089,33.3129,-1.42313,9.01286,-32.7089,33.3129,
125.55,-1.42313,9.01286,-32.7089,33.3129,-1.42313,9.01286,-32.7089,33.3129,
125.58,-1.42313,9.01286,-32.7089,33.3129,-1.42313,9.01286,-32.7089,33.3129,
125.61,-1.42313,9.01286,-32.7089,33.3129,-1.42313,9.01286,-32.7089,33.3129,
125.64,-1.42313,9.01286,-32.7089,33.3129,-1.42313,9.01286,-32.7089,33.3129,
125.67,-1.42313,9.01286,-32.7089,33.3129,-1.42313,9.01286,-32.7089,33.3129,
125.7,-1.42313,9.01286,-32.7089,33.3129,-1.42313,9.01286,-32.7089,33.3129,
125.73,-1.42313,9.01286,-32.7089,33.3129,-1.42313,9.01286,-32.7089,33.3129,
125.76,-1.42313,9.01286,-32.7089,33.3129,-1.42313,9.01286,-32.7089,33.3129,
125.79,-1.42313,9.01286,-32.7089,33.3129,-1.42313,9.01286,-32.7089,33.3129,
125.82,-1.42313,9.01286,-32.7089,33.3129,-1.42313,9.01286,-32.7089,33.3129,
125.85,-3.30215,8.64738,-30.6234,30.4118,-3.30215,8.64738,-30.6234,30.4118,
125.88,-3.30215,8.64738,-30.6234,30.4118,-3.30215,8.64738,-30.6234,30.4118,
125.91,-3.30215,8.64738,-30.6234,30.4118,-3.30215,8.64738,-30.6234,30.4118,
125.94,-3.30215,8.64738,-30.6234,30.4118,-3.30215,8.64738,-30.6234,30.4118,
125.97,-3.30215,8.64738,-30.6234,30.4118,-3.30215,8.64738,-30.6234,30.4118,
126,-3.30215,8.64738,-30.6234,30.4118,-3.30215,8.64738,-30.6234,30.4118,
126.03,-3.30215,8.64738,-30.6234,30.4118,-3.30215,8.64738,-30.6234,30.4118,
126.06,-3.30215,8.64738,-30.6234,30.4118,-3.30215,8.64738,-30.6234,30.4118,
126.09,-3.30215,8.64738,-30.6234,30.4118,-3.30215,8.64738,-30.6234,30.4118,
126.12,-3.30215,8.64738,-30.6234,30.4118,-3.30215,8.64738,-30.6234,30.4118,
126.15,-3.30215,8.64738,-30.6234,30.4118,-3.30215,8.64738,-30.6234,30.4118,
126.18,-3.30215,8.64738,-30.6234,30.4118,-3.30215,8.64738,-30.6234,30.4118,
126.21,-3.30215,8.64738,-30.6234,30.4118,-3.30215,8.64738,-30.6234,30.4118,
126.24,-3.30215,8.64738,-30.6234,30.4118,-3.30215,8.64738,-30.6234,30.4118,
126.27,-3.30215,8.64738,-30.6234,30.4118,-3.30215,8.64738,-30.6234,30.4118,
126.3,-3.30215,8.64738,-30.6234,30.4118,-3.30215,8.64738,-30.6234,30.4118,
126.33,-7.64393,8.68216,-25.4832,35.308,-7.64393,8.68216,-25.4832,35.308,
126.36,-7.64393,8.68216,-25.4832,35.308,-7.64393,8.68216,-25.4832,35.308,
126.39,-7.64393,8.68216,-25.4832,35.308,-7.64393,8.68216,-25.4832,35.308,
126.42,-7.64393,8.68216,-25.4832,35.308,-7.64393,8.68216,-25.4832,35.308,
126.45,-7.64393,8.68216,-25.4832,35.308,-7.64393,8.68216,-25.4832,35.308,
126.48,-7.64393,8.68216,-25.4832,35.308,-7.64393,8.68216,-25.4832,35.308,
126.51,-7.64393,8.68216,-25.4832,35.308,-7.64393,8.68216,-25.4832,35.308,
126.54,-7.64393,8.68216,-25.4832,35.308,-7.64393,8.68216,-25.4832,35.308,
126.57,-7.64393,8.68216,-25.4832,35.308,-7.64393,8.68216,-25.4832,35.308,
126.6,-7.64393,8.68216,-25.4832,35.308,-7.64393,8.68216,-25.4832,35.308,
126.63,-7.64393,8.68216,-25.4832,35.308,-7.64393,8.68216,-25.4832,35.308,
126.66,-7.64393,8.68216,-25.4832,35.308,-7.64393,8.68216,-25.4832,35.308,
126.69,-7.64393,8.68216,-25.4832,35.308,-7.64393,8.68216,-25.4832,35.308,
126.72,-7.64393,8.68216,-25.4832,35.308,-7.64393,8.68216,-25.4832,35.308,
126.75,-7.64393,8.68216,-25.4832,35.308,-7.64393,8.68216,-25.4832,35.308,
126.78,-7.64393,8.68216,-25.4832,35.308,-7.64393,8.68216,-25.4832,35.308,
126.81,-7.23796,8.28932,-26.2319,33.649,-7.23796,8.28932,-26.2319,33.649,
126.84,-7.23796,8.28932,-26.2319,33.649,-7.23796,8.28932,-26.2319,33.649,
126.87,-7.23796,8.28932,-26.2319,33.649,-7.23796,8.28932,-26.2319,33.649,
126.9,-6.96289,8.21415,-26.7189,32.8821,-6.96289,8.21415,-26.7189,32.8821,
126.93,-6.96289,8.21415,-26.7189,32.8821,-6.96289,8.21415,-26.7189,32.8821,
126.96,-7.46824,8.20727,-25.8245,34.0999,-7.46824,8.20727,-25.8245,34.0999,
126.99,-7.46824,8.20727,-25.8245,34.0999,-7.46824,8.20727,-25.8245,34.0999,
127.02,-8.06801,8.22979,-25.0857,35.1547,-8.06801,8.22979,-25.0857,35.1547,
127.05,-8.06801,8.22979,-25.0857,35.1547,-8.06801,8.22979,-25.0857,35.1547,
127.08,-8.06801,8.22979,-25.0857,35.1547,-8.06801,8.22979,-25.0857,35.1547,
127.11,-8.92907,8.31857,-24.1267,36.9144,-8.92907,8.31857,-24.1267,36.9144,
127.14,-8.92907,8.31857,-24.1267,36.9144,-8.92907,8.31857,-24.1267,36.9144,
127.17,-8.82993,8.21449,-24.1685,36.3322,-8.82993,8.21449,-24.1685,36.3322,
127.2,-8.82993,8.21449,-24.1685,36.3322,-8.82993,8.21449,-24.1685,36.3322,
127.23,-8.82993,8.21449,-24.1685,36.3322,-8.82993,8.21449,-24.1685,36.3322,
127.26,-8.82993,8.21449,-24.1685,36.3322,-8.82993,8.21449,-24.1685,36.3322,
127.29,-9.65125,8.30229,-23.5609,37.7701,-9.65125,8.30229,-23.5609,37.7701,
127.32,-9.65125,8.30229,-23.5609,37.7701,-9.65125,8.30229,-23.5609,37.7701,
127.35,-9.65125,8.30229,-23.5609,37.7701,-9.65125,8.30229,-23.5609,37.7701,
127.38,-9.65125,8.30229,-23.5609,37.7701,-9.65125,8.30229,-23.5609,37.7701,
127.41,-9.65125,8.30229,-23.5609,37.7701,-9.65125,8.30229,-23.5609,37.7701,
127.44,-9.65125,8.30229,-23.5609,37.7701,-9.65125,8.30229,-23.5609,37.7701,
127.47,-9.65125,8.30229,-23.5609,37.7701,-9.65125,8.30229,-23.5609,37.7701,
127.5,-9.65125,8.30229,-23.5609,37.7701,-9.65125,8.30229,-23.5609,37.7701,
127.53,-9.65125,8.30229,-23.5609,37.7701,-9.65125,8.30229,-23.5609,37.7701,
127.56,-9.65125,8.30229,-23.5609,37.7701,-9.65125,8.30229,-23.5609,37.7701,
127.59,-9.65125,8.30229,-23.5609,37.7701,-9.65125,8.30229,-23.5609,37.7701,
127.62,-9.65125,8.30229,-23.5609,37.7701,-9.65125,8.30229,-23.5609,37.7701,
127.65,-9.65125,8.30229,-23.5609,37.7701,-9.65125,8.30229,-23.5609,37.7701,
127.68,-9.65125,8.30229,-23.5609,37.7701,-9.65125,8.30229,-23.5609,37.7701,
127.71,-9.65125,8.30229,-23.5609,37.7701,-9.65125,8.30229,-23.5609,37.7701,
127.74,-9.65125,8.30229,-23.5609,37.7701,-9.65125,8.30229,-23.5609,37.7701,
127.77,-7.78167,7.66368,-25.1504,33.6593,-7.78167,7.66368,-25.1504,33.6593,
127.8,-7.78167,7.66368,-25.1504,33.6593,-7.78167,7.66368,-25.1504,33.6593,
127.83,-7.78167,7.66368,-25.1504,33.6593,-7.78167,7.66368,-25.1504,33.6593,
127.86,-7.78167,7.66368,-25.1504,33.6593,-7.78167,7.66368,-25.1504,33.6593,
127.89,-7.78167,7.66368,-25.1504,33.6593,-7.78167,7.66368,-25.1504,33.6593,
127.92,-7.78167,7.66368,-25.1504,33.6593,-7.78167,7.66368,-25.1504,33.6593,
127.95,-7.78167,7.66368,-25.1504,33.6593,-7.78167,7.66368,-25.1504,33.6593,
127.98,-7.78167,7.66368,-25.1504,33.6593,-7.78167,7.66368,-25.1504,33.6593,
128.01,-7.78167,7.66368,-25.1504,33.6593,-7.78167,7.66368,-25.1504,33.6593,
128.04,-7.78167,7.66368,-25.1504,33.6593,-7.78167,7.66368,-25.1504,33.6593,
128.07,-7.78167,7.66368,-25.1504,33.6593,-7.78167,7.66368,-25.1504,33.6593,
128.1,-7.78167,7.66368,-25.1504,33.6593,-7.78167,7.66368,-25.1504,33.6593,
128.13,-7.78167,7.66368,-25.1504,33.6593,-7.78167,7.66368,-25.1504,33.6593,
128.16,-7.78167,7.66368,-25.1504,33.6593,-7.78167,7.66368,-25.1504,33.6593,
128.19,-7.78167,7.66368,-25.1504,33.6593,-7.78167,7.66368,-25.1504,33.6593,
128.22,-7.78167,7.66368,-25.1504,33.6593,-7.78167,7.66368,-25.1504,33.6593,
128.25,-9.51151,7.75183,-23.5785,36.0663,-9.51151,7.75183,-23.5785,36.0663,
128.28,-9.51151,7.75183,-23.5785,36.0663,-9.51151,7.75183,-23.5785,36.0663,
128.31,-9.51151,7.75183,-23.5785,36.0663,-9.51151,7.75183,-23.5785,36.0663,
128.34,-9.51151,7.75183,-23.5785,36.0663,-9.51151,7.75183,-23.5785,36.0663,
128.37,-9.51151,7.75183,-23.5785,36.0663,-9.51151,7.75183,-23.5785,36.0663,
128.4,-9.51151,7.75183,-23.5785,36.0663,-9.51151,7.75183,-23.5785,36.0663,
128.43,-9.51151,7.75183,-23.5785,36.0663,-9.51151,7.75183,-23.5785,36.0663,
128.46,-9.51151,7.75183,-23.5785,36.0663,-9.51151,7.75183,-23.5785,36.0663,
128.49,-9.51151,7.75183,-23.5785,36.0663,-9.51151,7.75183,-23.5785,36.0663,
128.52,-9.51151,7.75183,-23.5785,36.0663,-9.51151,7.75183,-23.5785,36.0663,
128.55,-9.51151,7.75183,-23.5785,36.0663,-9.51151,7.75183,-23.5785,36.0663,
128.58,-9.51151,7.75183,-23.5785,36.0663,-9.51151,7.75183,-23.5785,36.0663,
128.61,-9.51151,7.75183,-23.5785,36.0663,-9.51151,7.75183,-23.5785,36.0663,
128.64,-9.51151,7.75183,-23.5785,36.0663,-9.51151,7.75183,-23.5785,36.0663,
128.67,-9.51151,7.75183,-23.5785,36.0663,-9.51151,7.75183,-23.5785,36.0663,
128.7,-9.51151,7.75183,-23.5785,36.0663,-9.51151,7.75183,-23.5785,36.0663,
128.73,-8.40125,7.35511,-23.6124,34.1871,-8.40125,7.35511,-23.6124,34.1871,
128.76,-8.40125,7.35511,-23.6124,34.1871,-8.40125,7.35511,-23.6124,34.1871,
128.79,-8.40125,7.35511,-23.6124,34.1871,-8.40125,7.35511,-23.6124,34.1871,
128.82,-8.02989,7.21404,-23.444,33.9272,-8.02989,7.21404,-23.444,33.9272,
128.85,-8.02989,7.21404,-23.444,33.9272,-8.02989,7.21404,-23.444,33.9272,
128.88,-8.02989,7.21404,-23.444,33.9272,-8.02989,7.21404,-23.444,33.9272,
128.91,-8.02989,7.21404,-23.444,33.9272,-8.02989,7.21404,-23.444,33.9272,
128.94,-7.94001,7.14001,-23.2206,33.8833,-7.94001,7.14001,-23.2206,33.8833,
128.97,-7.94001,7.14001,-23.2206,33.8833,-7.94001,7.14001,-23.2206,33.8833,
129,-7.94001,7.14001,-23.2206,33.8833,-7.94001,7.14001,-23.2206,33.8833,
129.03,-7.94001,7.14001,-23.2206,33.8833,-7.94001,7.14001,-23.2206,33.8833,
129.06,-7.94001,7.14001,-23.2206,33.8833,-7.94001,7.14001,-23.2206,33.8833,
129.09,-7.67018,7.03846,-23.0827,33.712,-7.67018,7.03846,-23.0827,33.712,
129.12,-7.67018,7.03846,-23.0827,33.712,-7.67018,7.03846,-23.0827,33.712,
129.15,-7.67018,7.03846,-23.0827,33.712,-7.67018,7.03846,-23.0827,33.712,
129.18,-7.67018,7.03846,-23.0827,33.712,-7.67018,7.03846,-23.0827,33.712,
129.21,-7.67018,7.03846,-23.0827,33.712,-7.67018,7.03846,-23.0827,33.712,
129.24,-7.67018,7.03846,-23.0827,33.712,-7.67018,7.03846,-23.0827,33.712,
129.27,-7.67018,7.03846,-23.0827,33.712,-7.67018,7.03846,-23.0827,33.712,
129.3,-7.67018,7.03846,-23.0827,33.712,-7.67018,7.03846,-23.0827,33.712,
129.33,-7.67018,7.03846,-23.0827,33.712,-7.67018,7.03846,-23.0827,33.712,
129.36,-7.67018,7.03846,-23.0827,33.712,-7.67018,7.03846,-23.0827,33.712,
129.39,-7.67018,7.03846,-23.0827,33.712,-7.67018,7.03846,-23.0827,33.712,
129.42,-7.67018,7.03846,-23.0827,33.712,-7.67018,7.03846,-23.0827,33.712,
129.45,-7.67018,7.03846,-23.0827,33.712,-7.67018,7.03846,-23.0827,33.712,
129.48,-7.67018,7.03846,-23.0827,33.712,-7.67018,7.03846,-23.0827,33.712,
129.51,-7.67018,7.03846,-23.0827,33.712,-7.67018,7.03846,-23.0827,33.712,
129.54,-7.67018,7.03846,-23.0827,33.712,-7.67018,7.03846,-23.0827,33.712,
129.57,-7.37177,6.54814,-22.3155,33.5752,-7.37177,6.54814,-22.3155,33.5752,
129.6,-7.37177,6.54814,-22.3155,33.5752,-7.37177,6.54814,-22.3155,33.5752,
129.63,-8.40483,6.66889,-21.6342,35.1531,-8.40483,6.66889,-21.6342,35.1531,
129.66,-8.40483,6.66889,-21.6342,35.1531,-8.40483,6.66889,-21.6342,35.1531,
129.69,-7.67286,6.40025,-22.0655,33.7163,-7.67286,6.40025,-22.0655,33.7163,
129.72,-7.67286,6.40025,-22.0655,33.7163,-7.67286,6.40025,-22.0655,33.7163,
129.75,-7.2492,6.26854,-22.5854,32.3052,-7.2492,6.26854,-22.5854,32.3052,
129.78,-7.2492,6.26854,-22.5854,32.3052,-7.2492,6.26854,-22.5854,32.3052,
129.81,-7.2492,6.26854,-22.5854,32.3052,-7.2492,6.26854,-22.5854,32.3052,
129.84,-7.2492,6.26854,-22.5854,32.3052,-7.2492,6.26854,-22.5854,32.3052,
129.87,-7.33551,6.2313,-22.1805,33.1746,-7.33551,6.2313,-22.1805,33.1746,
129.9,-7.33551,6.2313,-22.1805,33.1746,-7.33551,6.2313,-22.1805,33.1746,
129.93,-7.33551,6.2313,-22.1805,33.1746,-7.33551,6.2313,-22.1805,33.1746,
129.96,-7.33551,6.2313,-22.1805,33.1746,-7.33551,6.2313,-22.1805,33.1746,
129.99,-7.33551,6.2313,-22.1805,33.1746,-7.33551,6.2313,-22.1805,33.1746,
130.02,-7.45433,6.29435,-22.0856,33.6326,-7.45433,6.29435,-22.0856,33.6326,
130.05,-7.45433,6.29435,-22.0856,33.6326,-7.45433,6.29435,-22.0856,33.6326,
130.08,-7.45433,6.29435,-22.0856,33.6326,-7.45433,6.29435,-22.0856,33.6326,
130.11,-7.84605,6.40218,-21.8686,34.44,-7.84605,6.40218,-21.8686,34.44,
130.14,-7.84605,6.40218,-21.8686,34.44,-7.84605,6.40218,-21.8686,34.44,
130.17,-7.84605,6.40218,-21.8686,34.44,-7.84605,6.40218,-21.8686,34.44,
130.2,-8.52991,6.55532,-21.4858,35.5818,-8.52991,6.55532,-21.4858,35.5818,
130.23,-8.52991,6.55532,-21.4858,35.5818,-8.52991,6.55532,-21.4858,35.5818,
130.26,-8.52991,6.55532,-21.4858,35.5818,-8.52991,6.55532,-21.4858,35.5818,
130.29,-8.87549,6.6554,-21.2717,36.4492,-8.87549,6.6554,-21.2717,36.4492,
130.32,-8.87549,6.6554,-21.2717,36.4492,-8.87549,6.6554,-21.2717,36.4492,
130.35,-8.87549,6.6554,-21.2717,36.4492,-8.87549,6.6554,-21.2717,36.4492,
130.38,-8.87549,6.6554,-21.2717,36.4492,-8.87549,6.6554,-21.2717,36.4492,
130.41,-8.87549,6.6554,-21.2717,36.4492,-8.87549,6.6554,-21.2717,36.4492,
130.44,-8.87549,6.6554,-21.2717,36.4492,-8.87549,6.6554,-21.2717,36.4492,
130.47,-8.87549,6.6554,-21.2717,36.4492,-8.87549,6.6554,-21.2717,36.4492,
130.5,-8.87549,6.6554,-21.2717,36.4492,-8.87549,6.6554,-21.2717,36.4492,
130.53,-8.87549,6.6554,-21.2717,36.4492,-8.87549,6.6554,-21.2717,36.4492,
130.56,-8.87549,6.6554,-21.2717,36.4492,-8.87549,6.6554,-21.2717,36.4492,
130.59,-8.87549,6.6554,-21.2717,36.4492,-8.87549,6.6554,-21.2717,36.4492,
130.62,-8.87549,6.6554,-21.2717,36.4492,-8.87549,6.6554,-21.2717,36.4492,
130.65,-8.87549,6.6554,-21.2717,36.4492,-8.87549,6.6554,-21.2717,36.4492,
130.68,-8.87549,6.6554,-21.2717,36.4492,-8.87549,6.6554,-21.2717,36.4492,
130.71,-8.87549,6.6554,-21.2717,36.4492,-8.87549,6.6554,-21.2717,36.4492,
130.74,-8.87549,6.6554,-21.2717,36.4492,-8.87549,6.6554,-21.2717,36.4492,
130.77,-8.29129,6.60717,-21.5801,35.92,-8.29129,6.60717,-21.5801,35.92,
130.8,-8.29129,6.60717,-21.5801,35.92,-8.29129,6.60717,-21.5801,35.92,
130.83,-8.27877,6.61387,-21.5123,36.1698,-8.27877,6.61387,-21.5123,36.1698,
130.86,-8.27877,6.61387,-21.5123,36.1698,-8.27877,6.61387,-21.5123,36.1698,
130.89,-8.27877,6.61387,-21.5123,36.1698,-8.27877,6.61387,-21.5123,36.1698,
130.92,-8.0683,6.5785,-21.724,35.6172,-8.0683,6.5785,-21.724,35.6172,
130.95,-8.0683,6.5785,-21.724,35.6172,-8.0683,6.5785,-21.724,35.6172,
130.98,-8.64007,6.62883,-21.313,36.6283,-8.64007,6.62883,-21.313,36.6283,
131.01,-8.64007,6.62883,-21.313,36.6283,-8.64007,6.62883,-21.313,36.6283,
131.04,-8.64007,6.62883,-21.313,36.6283,-8.64007,6.62883,-21.313,36.6283,
131.07,-8.64007,6.62883,-21.313,36.6283,-8.64007,6.62883,-21.313,36.6283,
131.1,-8.58307,6.54886,-21.1742,36.7686,-8.58307,6.54886,-21.1742,36.7686,
131.13,-8.58307,6.54886,-21.1742,36.7686,-8.58307,6.54886,-21.1742,36.7686,
131.16,-8.58307,6.54886,-21.1742,36.7686,-8.58307,6.54886,-21.1742,36.7686,
131.19,-8.58307,6.54886,-21.1742,36.7686,-8.58307,6.54886,-21.1742,36.7686,
131.22,-8.58307,6.54886,-21.1742,36.7686,-8.58307,6.54886,-21.1742,36.7686,
131.25,-8.24114,6.49241,-21.7259,35.1709,-8.24114,6.49241,-21.7259,35.1709,
131.28,-8.24114,6.49241,-21.7259,35.1709,-8.24114,6.49241,-21.7259,35.1709,
131.31,-8.24114,6.49241,-21.7259,35.1709,-8.24114,6.49241,-21.7259,35.1709,
131.34,-8.24114,6.49241,-21.7259,35.1709,-8.24114,6.49241,-21.7259,35.1709,
131.37,-8.24114,6.49241,-21.7259,35.1709,-8.24114,6.49241,-21.7259,35.1709,
131.4,-7.46451,6.3652,-22.2495,33.945,-7.46451,6.3652,-22.2495,33.945,
131.43,-7.46451,6.3652,-22.2495,33.945,-7.46451,6.3652,-22.2495,33.945,
131.46,-7.46451,6.3652,-22.2495,33.945,-7.46451,6.3652,-22.2495,33.945,
131.49,-7.46451,6.3652,-22.2495,33.945,-7.46451,6.3652,-22.2495,33.945,
131.52,-7.46451,6.3652,-22.2495,33.945,-7.46451,6.3652,-22.2495,33.945,
131.55,-7.46451,6.3652,-22.2495,33.945,-7.46451,6.3652,-22.2495,33.945,
131.58,-7.46451,6.3652,-22.2495,33.945,-7.46451,6.3652,-22.2495,33.945,
131.61,-7.46451,6.3652,-22.2495,33.945,-7.46451,6.3652,-22.2495,33.945,
131.64,-7.46451,6.3652,-22.2495,33.945,-7.46451,6.3652,-22.2495,33.945,
131.67,-7.46451,6.3652,-22.2495,33.945,-7.46451,6.3652,-22.2495,33.945,
131.7,-7.46451,6.3652,-22.2495,33.945,-7.46451,6.3652,-22.2495,33.945,
131.73,-7.46451,6.3652,-22.2495,33.945,-7.46451,6.3652,-22.2495,33.945,
131.76,-7.46451,6.3652,-22.2495,33.945,-7.46451,6.3652,-22.2495,33.945,
131.79,-7.46451,6.3652,-22.2495,33.945,-7.46451,6.3652,-22.2495,33.945,
131.82,-7.46451,6.3652,-22.2495,33.945,-7.46451,6.3652,-22.2495,33.945,
131.85,-7.46451,6.3652,-22.2495,33.945,-7.46451,6.3652,-22.2495,33.945,
131.88,-8.93142,6.72992,-21.6322,35.9307,-8.93142,6.72992,-21.6322,35.9307,
131.91,-7.98812,6.55793,-21.9614,35.126,-7.98812,6.55793,-21.9614,35.126,
131.94,-7.98812,6.55793,-21.9614,35.126,-7.98812,6.55793,-21.9614,35.126,
131.97,-7.98812,6.55793,-21.9614,35.126,-7.98812,6.55793,-21.9614,35.126,
132,-7.24546,6.43285,-22.476,33.9191,-7.24546,6.43285,-22.476,33.9191,
132.03,-8.53737,6.70563,-21.6153,36.7558,-8.53737,6.70563,-21.6153,36.7558,
132.06,-8.53737,6.70563,-21.6153,36.7558,-8.53737,6.70563,-21.6153,36.7558,
132.09,-8.49301,6.69638,-21.5195,37.0003,-8.49301,6.69638,-21.5195,37.0003,
132.12,-8.49301,6.69638,-21.5195,37.0003,-8.49301,6.69638,-21.5195,37.0003,
132.15,-8.49301,6.69638,-21.5195,37.0003,-8.49301,6.69638,-21.5195,37.0003,
132.18,-8.49301,6.69638,-21.5195,37.0003,-8.49301,6.69638,-21.5195,37.0003,
132.21,-8.49301,6.69638,-21.5195,37.0003,-8.49301,6.69638,-21.5195,37.0003,
132.24,-8.49301,6.69638,-21.5195,37.0003,-8.49301,6.69638,-21.5195,37.0003,
132.27,-8.49301,6.69638,-21.5195,37.0003,-8.49301,6.69638,-21.5195,37.0003,
132.3,-8.49301,6.69638,-21.5195,37.0003,-8.49301,6.69638,-21.5195,37.0003,
132.33,-8.49301,6.69638,-21.5195,37.0003,-8.49301,6.69638,-21.5195,37.0003,
132.36,-8.49301,6.69638,-21.5195,37.0003,-8.49301,6.69638,-21.5195,37.0003,
132.39,-8.49301,6.69638,-21.5195,37.0003,-8.49301,6.69638,-21.5195,37.0003,
132.42,-8.49301,6.69638,-21.5195,37.0003,-8.49301,6.69638,-21.5195,37.0003,
132.45,-8.49301,6.69638,-21.5195,37.0003,-8.49301,6.69638,-21.5195,37.0003,
132.48,-8.49301,6.69638,-21.5195,37.0003,-8.49301,6.69638,-21.5195,37.0003,
132.51,-8.49301,6.69638,-21.5195,37.0003,-8.49301,6.69638,-21.5195,37.0003,
132.54,-8.49301,6.69638,-21.5195,37.0003,-8.49301,6.69638,-21.5195,37.0003,
132.57,-7.54184,6.52651,-22.1917,35.3594,-7.54184,6.52651,-22.1917,35.3594,
132.6,-7.78056,6.56734,-22.0049,35.7511,-7.78056,6.56734,-22.0049,35.7511,
132.63,-7.78056,6.56734,-22.0049,35.7511,-7.78056,6.56734,-22.0049,35.7511,
132.66,-7.78056,6.56734,-22.0049,35.7511,-7.78056,6.56734,-22.0049,35.7511,
132.69,-7.78056,6.56734,-22.0049,35.7511,-7.78056,6.56734,-22.0049,35.7511,
132.72,-7.99048,6.61521,-22.1934,35.2216,-7.99048,6.61521,-22.1934,35.2216,
132.75,-7.99048,6.61521,-22.1934,35.2216,-7.99048,6.61521,-22.1934,35.2216,
132.78,-8.54199,6.72817,-22.0081,35.6812,-8.54199,6.72817,-22.0081,35.6812,
132.81,-9.25264,6.87095,-21.5116,37.0968,-9.25264,6.87095,-21.5116,37.0968,
132.84,-9.25264,6.87095,-21.5116,37.0968,-9.25264,6.87095,-21.5116,37.0968,
132.87,-9.25264,6.87095,-21.5116,37.0968,-9.25264,6.87095,-21.5116,37.0968,
132.9,-9.25264,6.87095,-21.5116,37.0968,-9.25264,6.87095,-21.5116,37.0968,
132.93,-8.38471,6.71075,-22.0308,35.6984,-8.38471,6.71075,-22.0308,35.6984,
132.96,-8.38471,6.71075,-22.0308,35.6984,-8.38471,6.71075,-22.0308,35.6984,
132.99,-8.38471,6.71075,-22.0308,35.6984,-8.38471,6.71075,-22.0308,35.6984,
133.02,-8.91105,6.80928,-21.7416,36.4089,-8.91105,6.80928,-21.7416,36.4089,
133.05,-8.91105,6.80928,-21.7416,36.4089,-8.91105,6.80928,-21.7416,36.4089,
133.08,-8.91105,6.80928,-21.7416,36.4089,-8.91105,6.80928,-21.7416,36.4089,
133.11,-8.91105,6.80928,-21.7416,36.4089,-8.91105,6.80928,-21.7416,36.4089,
133.14,-8.26439,6.68885,-22.2419,35.0681,-8.26439,6.68885,-22.2419,35.0681,
133.17,-9.17843,6.79927,-21.6872,36.3022,-9.17843,6.79927,-21.6872,36.3022,
133.2,-9.17843,6.79927,-21.6872,36.3022,-9.17843,6.79927,-21.6872,36.3022,
133.23,-9.17843,6.79927,-21.6872,36.3022,-9.17843,6.79927,-21.6872,36.3022,
133.26,-9.17843,6.79927,-21.6872,36.3022,-9.17843,6.79927,-21.6872,36.3022,
133.29,-8.69427,6.63681,-21.8007,35.7127,-8.69427,6.63681,-21.8007,35.7127,
133.32,-8.69427,6.63681,-21.8007,35.7127,-8.69427,6.63681,-21.8007,35.7127,
133.35,-8.69427,6.63681,-21.8007,35.7127,-8.69427,6.63681,-21.8007,35.7127,
133.38,-8.63795,6.63628,-21.8779,35.4982,-8.63795,6.63628,-21.8779,35.4982,
133.41,-8.63795,6.63628,-21.8779,35.4982,-8.63795,6.63628,-21.8779,35.4982,
133.44,-7.81869,6.49036,-22.2286,34.6294,-7.81869,6.49036,-22.2286,34.6294,
133.47,-7.81869,6.49036,-22.2286,34.6294,-7.81869,6.49036,-22.2286,34.6294,
133.5,-7.46232,6.43154,-22.4675,34.0327,-7.46232,6.43154,-22.4675,34.0327,
133.53,-7.46232,6.43154,-22.4675,34.0327,-7.46232,6.43154,-22.4675,34.0327,
133.56,-7.46232,6.43154,-22.4675,34.0327,-7.46232,6.43154,-22.4675,34.0327,
133.59,-7.46232,6.43154,-22.4675,34.0327,-7.46232,6.43154,-22.4675,34.0327,
133.62,-7.46232,6.43154,-22.4675,34.0327,-7.46232,6.43154,-22.4675,34.0327,
133.65,-7.46232,6.43154,-22.4675,34.0327,-7.46232,6.43154,-22.4675,34.0327,
133.68,-7.46232,6.43154,-22.4675,34.0327,-7.46232,6.43154,-22.4675,34.0327,
133.71,-7.46232,6.43154,-22.4675,34.0327,-7.46232,6.43154,-22.4675,34.0327,
133.74,-7.46232,6.43154,-22.4675,34.0327,-7.46232,6.43154,-22.4675,34.0327,
133.77,-7.46232,6.43154,-22.4675,34.0327,-7.46232,6.43154,-22.4675,34.0327,
133.8,-7.46232,6.43154,-22.4675,34.0327,-7.46232,6.43154,-22.4675,34.0327,
133.83,-7.46232,6.43154,-22.4675,34.0327,-7.46232,6.43154,-22.4675,34.0327,
133.86,-7.46232,6.43154,-22.4675,34.0327,-7.46232,6.43154,-22.4675,34.0327,
133.89,-7.46232,6.43154,-22.4675,34.0327,-7.46232,6.43154,-22.4675,34.0327,
133.92,-7.46232,6.43154,-22.4675,34.0327,-7.46232,6.43154,-22.4675,34.0327,
133.95,-7.46232,6.43154,-22.4675,34.0327,-7.46232,6.43154,-22.4675,34.0327,
133.98,-6.76306,6.32158,-22.7914,33.2065,-6.76306,6.32158,-22.7914,33.2065,
134.01,-6.76306,6.32158,-22.7914,33.2065,-6.76306,6.32158,-22.7914,33.2065,
134.04,-7.16029,6.4068,-22.6319,33.6475,-7.16029,6.4068,-22.6319,33.6475,
134.07,-6.86581,6.27942,-22.806,32.929,-6.86581,6.27942,-22.806,32.929,
134.1,-6.86581,6.27942,-22.806,32.929,-6.86581,6.27942,-22.806,32.929,
134.13,-6.88575,6.29333,-22.8206,33.3009,-6.88575,6.29333,-22.8206,33.3009,
134.16,-6.88575,6.29333,-22.8206,33.3009,-6.88575,6.29333,-22.8206,33.3009,
134.19,-6.88575,6.29333,-22.8206,33.3009,-6.88575,6.29333,-22.8206,33.3009,
134.22,-6.88575,6.29333,-22.8206,33.3009,-6.88575,6.29333,-22.8206,33.3009,
134.25,-7.15659,6.36372,-22.8111,33.7588,-7.15659,6.36372,-22.8111,33.7588,
134.28,-7.15659,6.36372,-22.8111,33.7588,-7.15659,6.36372,-22.8111,33.7588,
134.31,-6.27598,6.65375,-25.3614,32.5758,-6.27598,6.65375,-25.3614,32.5758,
134.34,-6.27598,6.65375,-25.3614,32.5758,-6.27598,6.65375,-25.3614,32.5758,
134.37,-6.27598,6.65375,-25.3614,32.5758,-6.27598,6.65375,-25.3614,32.5758,
134.4,-6.27598,6.65375,-25.3614,32.5758,-6.27598,6.65375,-25.3614,32.5758,
134.43,-6.27598,6.65375,-25.3614,32.5758,-6.27598,6.65375,-25.3614,32.5758,
134.46,-6.27598,6.65375,-25.3614,32.5758,-6.27598,6.65375,-25.3614,32.5758,
134.49,-6.27598,6.65375,-25.3614,32.5758,-6.27598,6.65375,-25.3614,32.5758,
134.52,-6.27598,6.65375,-25.3614,32.5758,-6.27598,6.65375,-25.3614,32.5758,
134.55,-6.27598,6.65375,-25.3614,32.5758,-6.27598,6.65375,-25.3614,32.5758,
134.58,-6.27598,6.65375,-25.3614,32.5758,-6.27598,6.65375,-25.3614,32.5758,
134.61,-6.27598,6.65375,-25.3614,32.5758,-6.27598,6.65375,-25.3614,32.5758,
134.64,-6.27598,6.65375,-25.3614,32.5758,-6.27598,6.65375,-25.3614,32.5758,
134.67,-6.27598,6.65375,-25.3614,32.5758,-6.27598,6.65375,-25.3614,32.5758,
134.7,-6.27598,6.65375,-25.3614,32.5758,-6.27598,6.65375,-25.3614,32.5758,
134.73,-6.27598,6.65375,-25.3614,32.5758,-6.27598,6.65375,-25.3614,32.5758,
134.76,-6.27598,6.65375,-25.3614,32.5758,-6.27598,6.65375,-25.3614,32.5758,
134.79,-0.298707,8.18376,-50.0052,24.43,-0.298707,8.18376,-50.0052,24.43,
134.82,-0.298707,8.18376,-50.0052,24.43,-0.298707,8.18376,-50.0052,24.43,
134.85,-0.298707,8.18376,-50.0052,24.43,-0.298707,8.18376,-50.0052,24.43,
134.88,-0.298707,8.18376,-50.0052,24.43,-0.298707,8.18376,-50.0052,24.43,
134.91,-0.298707,8.18376,-50.0052,24.43,-0.298707,8.18376,-50.0052,24.43,
134.94,-0.298707,8.18376,-50.0052,24.43,-0.298707,8.18376,-50.0052,24.43,
134.97,-0.298707,8.18376,-50.0052,24.43,-0.298707,8.18376,-50.0052,24.43,
135,-0.298707,8.18376,-50.0052,24.43,-0.298707,8.18376,-50.0052,24.43,
135.03,-0.298707,8.18376,-50.0052,24.43,-0.298707,8.18376,-50.0052,24.43,
135.06,-0.298707,8.18376,-50.0052,24.43,-0.298707,8.18376,-50.0052,24.43,
135.09,-0.298707,8.18376,-50.0052,24.43,-0.298707,8.18376,-50.0052,24.43,
135.12,-0.298707,8.18376,-50.0052,24.43,-0.298707,8.18376,-50.0052,24.43,
135.15,-0.298707,8.18376,-50.0052,24.43,-0.298707,8.18376,-50.0052,24.43,
135.18,-0.298707,8.18376,-50.0052,24.43,-0.298707,8.18376,-50.0052,24.43,
135.21,-0.298707,8.18376,-50.0052,24.43,-0.298707,8.18376,-50.0052,24.43,
135.24,-0.298707,8.18376,-50.0052,24.43,-0.298707,8.18376,-50.0052,24.43,
135.27,1.02048,8.57604,-58.4939,23.4159,1.02048,8.57604,-58.4939,23.4159,
135.3,1.02048,8.57604,-58.4939,23.4159,1.02048,8.57604,-58.4939,23.4159,
135.33,1.02048,8.57604,-58.4939,23.4159,1.02048,8.57604,-58.4939,23.4159,
135.36,1.02048,8.57604,-58.4939,23.4159,1.02048,8.57604,-58.4939,23.4159,
135.39,1.02048,8.57604,-58.4939,23.4159,1.02048,8.57604,-58.4939,23.4159,
135.42,1.02048,8.57604,-58.4939,23.4159,1.02048,8.57604,-58.4939,23.4159,
135.45,1.02048,8.57604,-58.4939,23.4159,1.02048,8.57604,-58.4939,23.4159,
135.48,1.02048,8.57604,-58.4939,23.4159,1.02048,8.57604,-58.4939,23.4159,
135.51,1.02048,8.57604,-58.4939,23.4159,1.02048,8.57604,-58.4939,23.4159,
135.54,1.02048,8.57604,-58.4939,23.4159,1.02048,8.57604,-58.4939,23.4159,
135.57,1.02048,8.57604,-58.4939,23.4159,1.02048,8.57604,-58.4939,23.4159,
135.6,1.02048,8.57604,-58.4939,23.4159,1.02048,8.57604,-58.4939,23.4159,
135.63,1.02048,8.57604,-58.4939,23.4159,1.02048,8.57604,-58.4939,23.4159,
135.66,1.02048,8.57604,-58.4939,23.4159,1.02048,8.57604,-58.4939,23.4159,
135.69,1.02048,8.57604,-58.4939,23.4159,1.02048,8.57604,-58.4939,23.4159,
135.72,1.02048,8.57604,-58.4939,23.4159,1.02048,8.57604,-58.4939,23.4159,
135.75,-0.0279765,8.32813,-53.1613,23.9878,-0.0279765,8.32813,-53.1613,23.9878,
135.78,-0.0279765,8.32813,-53.1613,23.9878,-0.0279765,8.32813,-53.1613,23.9878,
135.81,-0.0279765,8.32813,-53.1613,23.9878,-0.0279765,8.32813,-53.1613,23.9878,
135.84,-0.0279765,8.32813,-53.1613,23.9878,-0.0279765,8.32813,-53.1613,23.9878,
135.87,-0.0279765,8.32813,-53.1613,23.9878,-0.0279765,8.32813,-53.1613,23.9878,
135.9,-0.0279765,8.32813,-53.1613,23.9878,-0.0279765,8.32813,-53.1613,23.9878,
135.93,-0.0279765,8.32813,-53.1613,23.9878,-0.0279765,8.32813,-53.1613,23.9878,
135.96,-0.0279765,8.32813,-53.1613,23.9878,-0.0279765,8.32813,-53.1613,23.9878,
135.99,-0.0279765,8.32813,-53.1613,23.9878,-0.0279765,8.32813,-53.1613,23.9878,
136.02,-0.0279765,8.32813,-53.1613,23.9878,-0.0279765,8.32813,-53.1613,23.9878,
136.05,-0.0279765,8.32813,-53.1613,23.9878,-0.0279765,8.32813,-53.1613,23.9878,
136.08,-0.0279765,8.32813,-53.1613,23.9878,-0.0279765,8.32813,-53.1613,23.9878,
136.11,-0.0279765,8.32813,-53.1613,23.9878,-0.0279765,8.32813,-53.1613,23.9878,
136.14,-0.0279765,8.32813,-53.1613,23.9878,-0.0279765,8.32813,-53.1613,23.9878,
136.17,-0.0279765,8.32813,-53.1613,23.9878,-0.0279765,8.32813,-53.1613,23.9878,
136.2,-0.0279765,8.32813,-53.1613,23.9878,-0.0279765,8.32813,-53.1613,23.9878,
136.23,2.0876,8.79991,-67.1035,22.4682,2.0876,8.79991,-67.1035,22.4682,
136.26,2.0876,8.79991,-67.1035,22.4682,2.0876,8.79991,-67.1035,22.4682,
136.29,2.0876,8.79991,-67.1035,22.4682,2.0876,8.79991,-67.1035,22.4682,
136.32,2.0876,8.79991,-67.1035,22.4682,2.0876,8.79991,-67.1035,22.4682,
136.35,2.0876,8.79991,-67.1035,22.4682,2.0876,8.79991,-67.1035,22.4682,
136.38,2.0876,8.79991,-67.1035,22.4682,2.0876,8.79991,-67.1035,22.4682,
136.41,2.0876,8.79991,-67.1035,22.4682,2.0876,8.79991,-67.1035,22.4682,
136.44,2.0876,8.79991,-67.1035,22.4682,2.0876,8.79991,-67.1035,22.4682,
136.47,2.0876,8.79991,-67.1035,22.4682,2.0876,8.79991,-67.1035,22.4682,
136.5,2.0876,8.79991,-67.1035,22.4682,2.0876,8.79991,-67.1035,22.4682,
136.53,2.0876,8.79991,-67.1035,22.4682,2.0876,8.79991,-67.1035,22.4682,
136.56,2.0876,8.79991,-67.1035,22.4682,2.0876,8.79991,-67.1035,22.4682,
136.59,2.0876,8.79991,-67.1035,22.4682,2.0876,8.79991,-67.1035,22.4682,
136.62,2.0876,8.79991,-67.1035,22.4682,2.0876,8.79991,-67.1035,22.4682,
136.65,2.0876,8.79991,-67.1035,22.4682,2.0876,8.79991,-67.1035,22.4682,
136.68,2.0876,8.79991,-67.1035,22.4682,2.0876,8.79991,-67.1035,22.4682,
136.71,0.720093,8.12593,-56.022,23.085,0.720093,8.12593,-56.022,23.085,
136.74,0.720093,8.12593,-56.022,23.085,0.720093,8.12593,-56.022,23.085,
136.77,0.720093,8.12593,-56.022,23.085,0.720093,8.12593,-56.022,23.085,
136.8,0.720093,8.12593,-56.022,23.085,0.720093,8.12593,-56.022,23.085,
136.83,0.720093,8.12593,-56.022,23.085,0.720093,8.12593,-56.022,23.085,
136.86,0.720093,8.12593,-56.022,23.085,0.720093,8.12593,-56.022,23.085,
136.89,0.720093,8.12593,-56.022,23.085,0.720093,8.12593,-56.022,23.085,
136.92,0.720093,8.12593,-56.022,23.085,0.720093,8.12593,-56.022,23.085,
136.95,0.720093,8.12593,-56.022,23.085,0.720093,8.12593,-56.022,23.085,
136.98,0.720093,8.12593,-56.022,23.085,0.720093,8.12593,-56.022,23.085,
137.01,0.720093,8.12593,-56.022,23.085,0.720093,8.12593,-56.022,23.085,
137.04,0.720093,8.12593,-56.022,23.085,0.720093,8.12593,-56.022,23.085,
137.07,0.720093,8.12593,-56.022,23.085,0.720093,8.12593,-56.022,23.085,
137.1,0.720093,8.12593,-56.022,23.085,0.720093,8.12593,-56.022,23.085,
137.13,0.720093,8.12593,-56.022,23.085,0.720093,8.12593,-56.022,23.085,
137.16,0.720093,8.12593,-56.022,23.085,0.720093,8.12593,-56.022,23.085,
137.19,-3.92146,7.73099,-38.1757,28.2727,-3.92146,7.73099,-38.1757,28.2727,
137.22,-3.92146,7.73099,-38.1757,28.2727,-3.92146,7.73099,-38.1757,28.2727,
137.25,-3.92146,7.73099,-38.1757,28.2727,-3.92146,7.73099,-38.1757,28.2727,
137.28,-3.92146,7.73099,-38.1757,28.2727,-3.92146,7.73099,-38.1757,28.2727,
137.31,-3.92146,7.73099,-38.1757,28.2727,-3.92146,7.73099,-38.1757,28.2727,
137.34,-3.92146,7.73099,-38.1757,28.2727,-3.92146,7.73099,-38.1757,28.2727,
137.37,-3.92146,7.73099,-38.1757,28.2727,-3.92146,7.73099,-38.1757,28.2727,
137.4,-3.92146,7.73099,-38.1757,28.2727,-3.92146,7.73099,-38.1757,28.2727,
137.43,-3.92146,7.73099,-38.1757,28.2727,-3.92146,7.73099,-38.1757,28.2727,
137.46,-3.92146,7.73099,-38.1757,28.2727,-3.92146,7.73099,-38.1757,28.2727,
137.49,-3.92146,7.73099,-38.1757,28.2727,-3.92146,7.73099,-38.1757,28.2727,
137.52,-3.92146,7.73099,-38.1757,28.2727,-3.92146,7.73099,-38.1757,28.2727,
137.55,-3.92146,7.73099,-38.1757,28.2727,-3.92146,7.73099,-38.1757,28.2727,
137.58,-3.92146,7.73099,-38.1757,28.2727,-3.92146,7.73099,-38.1757,28.2727,
137.61,-3.92146,7.73099,-38.1757,28.2727,-3.92146,7.73099,-38.1757,28.2727,
137.64,-3.92146,7.73099,-38.1757,28.2727,-3.92146,7.73099,-38.1757,28.2727,
137.67,-4.17875,7.12797,-34.3704,28.2634,-4.17875,7.12797,-34.3704,28.2634,
137.7,-4.17875,7.12797,-34.3704,28.2634,-4.17875,7.12797,-34.3704,28.2634,
137.73,-4.65299,7.09984,-32.6731,29.4046,-4.65299,7.09984,-32.6731,29.4046,
137.76,-4.65299,7.09984,-32.6731,29.4046,-4.65299,7.09984,-32.6731,29.4046,
137.79,-4.65299,7.09984,-32.6731,29.4046,-4.65299,7.09984,-32.6731,29.4046,
137.82,-4.65299,7.09984,-32.6731,29.4046,-4.65299,7.09984,-32.6731,29.4046,
137.85,-4.65299,7.09984,-32.6731,29.4046,-4.65299,7.09984,-32.6731,29.4046,
137.88,-4.65299,7.09984,-32.6731,29.4046,-4.65299,7.09984,-32.6731,29.4046,
137.91,-4.65299,7.09984,-32.6731,29.4046,-4.65299,7.09984,-32.6731,29.4046,
137.94,-4.65299,7.09984,-32.6731,29.4046,-4.65299,7.09984,-32.6731,29.4046,
137.97,-4.65299,7.09984,-32.6731,29.4046,-4.65299,7.09984,-32.6731,29.4046,
138,-4.65299,7.09984,-32.6731,29.4046,-4.65299,7.09984,-32.6731,29.4046,
138.03,-4.65299,7.09984,-32.6731,29.4046,-4.65299,7.09984,-32.6731,29.4046,
138.06,-4.65299,7.09984,-32.6731,29.4046,-4.65299,7.09984,-32.6731,29.4046,
138.09,-4.65299,7.09984,-32.6731,29.4046,-4.65299,7.09984,-32.6731,29.4046,
138.12,-4.65299,7.09984,-32.6731,29.4046,-4.65299,7.09984,-32.6731,29.4046,
138.15,-4.65299,7.09984,-32.6731,29.4046,-4.65299,7.09984,-32.6731,29.4046,
138.18,-4.65299,7.09984,-32.6731,29.4046,-4.65299,7.09984,-32.6731,29.4046,
138.21,-5.60598,6.75889,-29.3104,30.0616,-5.60598,6.75889,-29.3104,30.0616,
138.24,-5.60598,6.75889,-29.3104,30.0616,-5.60598,6.75889,-29.3104,30.0616,
138.27,-5.60598,6.75889,-29.3104,30.0616,-5.60598,6.75889,-29.3104,30.0616,
138.3,-5.60598,6.75889,-29.3104,30.0616,-5.60598,6.75889,-29.3104,30.0616,
138.33,-5.60598,6.75889,-29.3104,30.0616,-5.60598,6.75889,-29.3104,30.0616,
138.36,-5.60598,6.75889,-29.3104,30.0616,-5.60598,6.75889,-29.3104,30.0616,
138.39,-5.60598,6.75889,-29.3104,30.0616,-5.60598,6.75889,-29.3104,30.0616,
138.42,-5.60598,6.75889,-29.3104,30.0616,-5.60598,6.75889,-29.3104,30.0616,
138.45,-5.60598,6.75889,-29.3104,30.0616,-5.60598,6.75889,-29.3104,30.0616,
138.48,-5.60598,6.75889,-29.3104,30.0616,-5.60598,6.75889,-29.3104,30.0616,
138.51,-5.60598,6.75889,-29.3104,30.0616,-5.60598,6.75889,-29.3104,30.0616,
138.54,-5.60598,6.75889,-29.3104,30.0616,-5.60598,6.75889,-29.3104,30.0616,
138.57,-5.60598,6.75889,-29.3104,30.0616,-5.60598,6.75889,-29.3104,30.0616,
138.6,-5.60598,6.75889,-29.3104,30.0616,-5.60598,6.75889,-29.3104,30.0616,
138.63,-5.60598,6.75889,-29.3104,30.0616,-5.60598,6.75889,-29.3104,30.0616,
138.66,-5.60598,6.75889,-29.3104,30.0616,-5.60598,6.75889,-29.3104,30.0616,
138.69,-8.15887,7.01095,-25.6824,34.0853,-8.15887,7.01095,-25.6824,34.0853,
138.72,-8.15887,7.01095,-25.6824,34.0853,-8.15887,7.01095,-25.6824,34.0853,
138.75,-8.15887,7.01095,-25.6824,34.0853,-8.15887,7.01095,-25.6824,34.0853,
138.78,-8.15887,7.01095,-25.6824,34.0853,-8.15887,7.01095,-25.6824,34.0853,
138.81,-8.15887,7.01095,-25.6824,34.0853,-8.15887,7.01095,-25.6824,34.0853,
138.84,-8.15887,7.01095,-25.6824,34.0853,-8.15887,7.01095,-25.6824,34.0853,
138.87,-8.15887,7.01095,-25.6824,34.0853,-8.15887,7.01095,-25.6824,34.0853,
138.9,-8.15887,7.01095,-25.6824,34.0853,-8.15887,7.01095,-25.6824,34.0853,
138.93,-8.15887,7.01095,-25.6824,34.0853,-8.15887,7.01095,-25.6824,34.0853,
138.96,-8.15887,7.01095,-25.6824,34.0853,-8.15887,7.01095,-25.6824,34.0853,
138.99,-8.15887,7.01095,-25.6824,34.0853,-8.15887,7.01095,-25.6824,34.0853,
139.02,-8.15887,7.01095,-25.6824,34.0853,-8.15887,7.01095,-25.6824,34.0853,
139.05,-8.15887,7.01095,-25.6824,34.0853,-8.15887,7.01095,-25.6824,34.0853,
139.08,-8.15887,7.01095,-25.6824,34.0853,-8.15887,7.01095,-25.6824,34.0853,
139.11,-8.15887,7.01095,-25.6824,34.0853,-8.15887,7.01095,-25.6824,34.0853,
139.14,-8.15887,7.01095,-25.6824,34.0853,-8.15887,7.01095,-25.6824,34.0853,
139.17,-7.67486,6.75442,-25.5523,32.8119,-7.67486,6.75442,-25.5523,32.8119,
139.2,-7.67486,6.75442,-25.5523,32.8119,-7.67486,6.75442,-25.5523,32.8119,
139.23,-8.72956,6.93848,-24.8189,34.0856,-8.72956,6.93848,-24.8189,34.0856,
139.26,-8.00136,6.78602,-25.1042,33.3866,-8.00136,6.78602,-25.1042,33.3866,
139.29,-8.00136,6.78602,-25.1042,33.3866,-8.00136,6.78602,-25.1042,33.3866,
139.32,-8.00136,6.78602,-25.1042,33.3866,-8.00136,6.78602,-25.1042,33.3866,
139.35,-8.77118,6.92852,-24.3366,34.958,-8.77118,6.92852,-24.3366,34.958,
139.38,-8.77118,6.92852,-24.3366,34.958,-8.77118,6.92852,-24.3366,34.958,
139.41,-8.77118,6.92852,-24.3366,34.958,-8.77118,6.92852,-24.3366,34.958,
139.44,-8.77118,6.92852,-24.3366,34.958,-8.77118,6.92852,-24.3366,34.958,
139.47,-9.17824,7.00253,-24.054,35.5256,-9.17824,7.00253,-24.054,35.5256,
139.5,-9.17824,7.00253,-24.054,35.5256,-9.17824,7.00253,-24.054,35.5256,
139.53,-9.17824,7.00253,-24.054,35.5256,-9.17824,7.00253,-24.054,35.5256,
139.56,-9.17824,7.00253,-24.054,35.5256,-9.17824,7.00253,-24.054,35.5256,
139.59,-9.17824,7.00253,-24.054,35.5256,-9.17824,7.00253,-24.054,35.5256,
139.62,-8.4095,6.84504,-24.3877,34.6907,-8.4095,6.84504,-24.3877,34.6907,
139.65,-8.4095,6.84504,-24.3877,34.6907,-8.4095,6.84504,-24.3877,34.6907,
139.68,-8.4095,6.84504,-24.3877,34.6907,-8.4095,6.84504,-24.3877,34.6907,
139.71,-7.72741,6.69521,-25.3201,32.5484,-7.72741,6.69521,-25.3201,32.5484,
139.74,-7.72741,6.69521,-25.3201,32.5484,-7.72741,6.69521,-25.3201,32.5484,
139.77,-7.72741,6.69521,-25.3201,32.5484,-7.72741,6.69521,-25.3201,32.5484,
139.8,-7.94001,6.72881,-25.1843,32.7038,-7.94001,6.72881,-25.1843,32.7038,
139.83,-7.94001,6.72881,-25.1843,32.7038,-7.94001,6.72881,-25.1843,32.7038,
139.86,-6.8902,6.4941,-25.664,31.6729,-6.8902,6.4941,-25.664,31.6729,
139.89,-6.8902,6.4941,-25.664,31.6729,-6.8902,6.4941,-25.664,31.6729,
139.92,-6.8902,6.4941,-25.664,31.6729,-6.8902,6.4941,-25.664,31.6729,
139.95,-7.4665,6.52194,-24.9861,32.6498,-7.4665,6.52194,-24.9861,32.6498,
139.98,-7.4665,6.52194,-24.9861,32.6498,-7.4665,6.52194,-24.9861,32.6498,
140.01,-7.42415,6.43255,-24.8077,32.712,-7.42415,6.43255,-24.8077,32.712,
140.04,-7.42415,6.43255,-24.8077,32.712,-7.42415,6.43255,-24.8077,32.712,
140.07,-6.45716,6.16116,-25.6149,30.8032,-6.45716,6.16116,-25.6149,30.8032,
140.1,-6.45716,6.16116,-25.6149,30.8032,-6.45716,6.16116,-25.6149,30.8032,
140.13,-6.45716,6.16116,-25.6149,30.8032,-6.45716,6.16116,-25.6149,30.8032,
140.16,-6.45716,6.16116,-25.6149,30.8032,-6.45716,6.16116,-25.6149,30.8032,
140.19,-6.45716,6.16116,-25.6149,30.8032,-6.45716,6.16116,-25.6149,30.8032,
140.22,-6.45716,6.16116,-25.6149,30.8032,-6.45716,6.16116,-25.6149,30.8032,
140.25,-6.45716,6.16116,-25.6149,30.8032,-6.45716,6.16116,-25.6149,30.8032,
140.28,-6.45716,6.16116,-25.6149,30.8032,-6.45716,6.16116,-25.6149,30.8032,
140.31,-6.45716,6.16116,-25.6149,30.8032,-6.45716,6.16116,-25.6149,30.8032,
140.34,-6.45716,6.16116,-25.6149,30.8032,-6.45716,6.16116,-25.6149,30.8032,
140.37,-6.45716,6.16116,-25.6149,30.8032,-6.45716,6.16116,-25.6149,30.8032,
140.4,-6.45716,6.16116,-25.6149,30.8032,-6.45716,6.16116,-25.6149,30.8032,
140.43,-6.45716,6.16116,-25.6149,30.8032,-6.45716,6.16116,-25.6149,30.8032,
140.46,-6.45716,6.16116,-25.6149,30.8032,-6.45716,6.16116,-25.6149,30.8032,
140.49,-6.45716,6.16116,-25.6149,30.8032,-6.45716,6.16116,-25.6149,30.8032,
140.52,-6.45716,6.16116,-25.6149,30.8032,-6.45716,6.16116,-25.6149,30.8032,
140.55,-7.40184,6.0807,-24.0525,33.04,-7.40184,6.0807,-24.0525,33.04,
140.58,-7.40184,6.0807,-24.0525,33.04,-7.40184,6.0807,-24.0525,33.04,
140.61,-7.40184,6.0807,-24.0525,33.04,-7.40184,6.0807,-24.0525,33.04,
140.64,-7.72659,6.18012,-24.0519,33.488,-7.72659,6.18012,-24.0519,33.488,
140.67,-7.72659,6.18012,-24.0519,33.488,-7.72659,6.18012,-24.0519,33.488,
140.7,-7.72659,6.18012,-24.0519,33.488,-7.72659,6.18012,-24.0519,33.488,
140.73,-7.72659,6.18012,-24.0519,33.488,-7.72659,6.18012,-24.0519,33.488,
140.76,-7.72659,6.18012,-24.0519,33.488,-7.72659,6.18012,-24.0519,33.488,
140.79,-7.72659,6.18012,-24.0519,33.488,-7.72659,6.18012,-24.0519,33.488,
140.82,-7.72659,6.18012,-24.0519,33.488,-7.72659,6.18012,-24.0519,33.488,
140.85,-7.72659,6.18012,-24.0519,33.488,-7.72659,6.18012,-24.0519,33.488,
140.88,-7.72659,6.18012,-24.0519,33.488,-7.72659,6.18012,-24.0519,33.488,
140.91,-7.72659,6.18012,-24.0519,33.488,-7.72659,6.18012,-24.0519,33.488,
140.94,-7.72659,6.18012,-24.0519,33.488,-7.72659,6.18012,-24.0519,33.488,
140.97,-7.72659,6.18012,-24.0519,33.488,-7.72659,6.18012,-24.0519,33.488,
141,-7.72659,6.18012,-24.0519,33.488,-7.72659,6.18012,-24.0519,33.488,
141.03,-7.72659,6.18012,-24.0519,33.488,-7.72659,6.18012,-24.0519,33.488,
141.06,-7.72659,6.18012,-24.0519,33.488,-7.72659,6.18012,-24.0519,33.488,
141.09,-7.72659,6.18012,-24.0519,33.488,-7.72659,6.18012,-24.0519,33.488,
141.12,-8.03754,6.28878,-23.8323,34.9753,-8.03754,6.28878,-23.8323,34.9753,
141.15,-8.03754,6.28878,-23.8323,34.9753,-8.03754,6.28878,-23.8323,34.9753,
141.18,-8.1595,6.3444,-23.6572,35.7605,-8.1595,6.3444,-23.6572,35.7605,
141.21,-8.1595,6.3444,-23.6572,35.7605,-8.1595,6.3444,-23.6572,35.7605,
141.24,-8.1595,6.3444,-23.6572,35.7605,-8.1595,6.3444,-23.6572,35.7605,
141.27,-7.77912,6.22869,-23.8692,34.9774,-7.77912,6.22869,-23.8692,34.9774,
141.3,-7.77912,6.22869,-23.8692,34.9774,-7.77912,6.22869,-23.8692,34.9774,
141.33,-7.77912,6.22869,-23.8692,34.9774,-7.77912,6.22869,-23.8692,34.9774,
141.36,-8.17933,6.33026,-23.8127,35.3839,-8.17933,6.33026,-23.8127,35.3839,
141.39,-8.17933,6.33026,-23.8127,35.3839,-8.17933,6.33026,-23.8127,35.3839,
141.42,-8.17933,6.33026,-23.8127,35.3839,-8.17933,6.33026,-23.8127,35.3839,
141.45,-9.03809,6.55095,-23.3575,36.9124,-9.03809,6.55095,-23.3575,36.9124,
141.48,-9.03809,6.55095,-23.3575,36.9124,-9.03809,6.55095,-23.3575,36.9124,
141.51,-9.03809,6.55095,-23.3575,36.9124,-9.03809,6.55095,-23.3575,36.9124,
141.54,-9.03809,6.55095,-23.3575,36.9124,-9.03809,6.55095,-23.3575,36.9124,
141.57,-9.03809,6.55095,-23.3575,36.9124,-9.03809,6.55095,-23.3575,36.9124,
141.6,-9.03809,6.55095,-23.3575,36.9124,-9.03809,6.55095,-23.3575,36.9124,
141.63,-9.03809,6.55095,-23.3575,36.9124,-9.03809,6.55095,-23.3575,36.9124,
141.66,-9.03809,6.55095,-23.3575,36.9124,-9.03809,6.55095,-23.3575,36.9124,
141.69,-9.03809,6.55095,-23.3575,36.9124,-9.03809,6.55095,-23.3575,36.9124,
141.72,-9.03809,6.55095,-23.3575,36.9124,-9.03809,6.55095,-23.3575,36.9124,
141.75,-9.03809,6.55095,-23.3575,36.9124,-9.03809,6.55095,-23.3575,36.9124,
141.78,-9.03809,6.55095,-23.3575,36.9124,-9.03809,6.55095,-23.3575,36.9124,
141.81,-9.03809,6.55095,-23.3575,36.9124,-9.03809,6.55095,-23.3575,36.9124,
141.84,-9.03809,6.55095,-23.3575,36.9124,-9.03809,6.55095,-23.3575,36.9124,
141.87,-9.03809,6.55095,-23.3575,36.9124,-9.03809,6.55095,-23.3575,36.9124,
141.9,-9.03809,6.55095,-23.3575,36.9124,-9.03809,6.55095,-23.3575,36.9124,
141.93,-9.97254,6.60862,-22.5718,38.1923,-9.97254,6.60862,-22.5718,38.1923,
141.96,-9.97254,6.60862,-22.5718,38.1923,-9.97254,6.60862,-22.5718,38.1923,
141.99,-9.97254,6.60862,-22.5718,38.1923,-9.97254,6.60862,-22.5718,38.1923,
142.02,-9.97254,6.60862,-22.5718,38.1923,-9.97254,6.60862,-22.5718,38.1923,
142.05,-9.97254,6.60862,-22.5718,38.1923,-9.97254,6.60862,-22.5718,38.1923,
142.08,-9.46874,6.46086,-22.8712,37.0146,-9.46874,6.46086,-22.8712,37.0146,
142.11,-9.46874,6.46086,-22.8712,37.0146,-9.46874,6.46086,-22.8712,37.0146,
142.14,-9.46874,6.46086,-22.8712,37.0146,-9.46874,6.46086,-22.8712,37.0146,
142.17,-9.55862,6.4313,-22.8182,36.7809,-9.55862,6.4313,-22.8182,36.7809,
142.2,-9.55862,6.4313,-22.8182,36.7809,-9.55862,6.4313,-22.8182,36.7809,
142.23,-9.55862,6.4313,-22.8182,36.7809,-9.55862,6.4313,-22.8182,36.7809,
142.26,-9.55862,6.4313,-22.8182,36.7809,-9.55862,6.4313,-22.8182,36.7809,
142.29,-9.38377,6.47938,-23.3141,36.2776,-9.38377,6.47938,-23.3141,36.2776,
142.32,-9.38377,6.47938,-23.3141,36.2776,-9.38377,6.47938,-23.3141,36.2776,
142.35,-9.23806,6.49,-23.5153,36.2108,-9.23806,6.49,-23.5153,36.2108,
142.38,-9.23806,6.49,-23.5153,36.2108,-9.23806,6.49,-23.5153,36.2108,
142.41,-8.56098,6.3775,-23.9059,35.4911,-8.56098,6.3775,-23.9059,35.4911,
142.44,-8.56098,6.3775,-23.9059,35.4911,-8.56098,6.3775,-23.9059,35.4911,
142.47,-8.56098,6.3775,-23.9059,35.4911,-8.56098,6.3775,-23.9059,35.4911,
142.5,-8.56098,6.3775,-23.9059,35.4911,-8.56098,6.3775,-23.9059,35.4911,
142.53,-8.54957,6.39678,-24.0855,35.2694,-8.54957,6.39678,-24.0855,35.2694,
142.56,-8.54957,6.39678,-24.0855,35.2694,-8.54957,6.39678,-24.0855,35.2694,
142.59,-8.54957,6.39678,-24.0855,35.2694,-8.54957,6.39678,-24.0855,35.2694,
142.62,-8.54957,6.39678,-24.0855,35.2694,-8.54957,6.39678,-24.0855,35.2694,
142.65,-8.54957,6.39678,-24.0855,35.2694,-8.54957,6.39678,-24.0855,35.2694,
142.68,-9.62519,6.63631,-23.3715,37.2931,-9.62519,6.63631,-23.3715,37.2931,
142.71,-9.62519,6.63631,-23.3715,37.2931,-9.62519,6.63631,-23.3715,37.2931,
142.74,-9.62519,6.63631,-23.3715,37.2931,-9.62519,6.63631,-23.3715,37.2931,
142.77,-9.62519,6.63631,-23.3715,37.2931,-9.62519,6.63631,-23.3715,37.2931,
142.8,-9.62519,6.63631,-23.3715,37.2931,-9.62519,6.63631,-23.3715,37.2931,
142.83,-10.0199,6.74073,-23.038,38.4406,-10.0199,6.74073,-23.038,38.4406,
142.86,-10.0199,6.74073,-23.038,38.4406,-10.0199,6.74073,-23.038,38.4406,
142.89,-10.0199,6.74073,-23.038,38.4406,-10.0199,6.74073,-23.038,38.4406,
142.92,-10.0199,6.74073,-23.038,38.4406,-10.0199,6.74073,-23.038,38.4406,
142.95,-10.0199,6.74073,-23.038,38.4406,-10.0199,6.74073,-23.038,38.4406,
142.98,-9.82689,6.7222,-23.1841,38.249,-9.82689,6.7222,-23.1841,38.249,
143.01,-9.82689,6.7222,-23.1841,38.249,-9.82689,6.7222,-23.1841,38.249,
143.04,-9.82689,6.7222,-23.1841,38.249,-9.82689,6.7222,-23.1841,38.249,
143.07,-10.1873,6.81532,-23.2748,38.2082,-10.1873,6.81532,-23.2748,38.2082,
143.1,-9.37777,6.68736,-23.6881,37.4069,-9.37777,6.68736,-23.6881,37.4069,
143.13,-9.37777,6.68736,-23.6881,37.4069,-9.37777,6.68736,-23.6881,37.4069,
143.16,-9.37777,6.68736,-23.6881,37.4069,-9.37777,6.68736,-23.6881,37.4069,
143.19,-9.37777,6.68736,-23.6881,37.4069,-9.37777,6.68736,-23.6881,37.4069,
143.22,-9.37777,6.68736,-23.6881,37.4069,-9.37777,6.68736,-23.6881,37.4069,
143.25,-10.1039,6.84315,-23.2038,38.7843,-10.1039,6.84315,-23.2038,38.7843,
143.28,-10.1039,6.84315,-23.2038,38.7843,-10.1039,6.84315,-23.2038,38.7843,
143.31,-10.1039,6.84315,-23.2038,38.7843,-10.1039,6.84315,-23.2038,38.7843,
143.34,-9.16547,6.668,-23.5805,37.9073,-9.16547,6.668,-23.5805,37.9073,
143.37,-9.16547,6.668,-23.5805,37.9073,-9.16547,6.668,-23.5805,37.9073,
143.4,-8.20865,6.50195,-24.2064,36.5508,-8.20865,6.50195,-24.2064,36.5508,
143.43,-8.20865,6.50195,-24.2064,36.5508,-8.20865,6.50195,-24.2064,36.5508,
143.46,-8.20865,6.50195,-24.2064,36.5508,-8.20865,6.50195,-24.2064,36.5508,
143.49,-8.20865,6.50195,-24.2064,36.5508,-8.20865,6.50195,-24.2064,36.5508,
143.52,-8.73527,6.61109,-23.837,37.5256,-8.73527,6.61109,-23.837,37.5256,
143.55,-10.0877,6.89685,-23.0634,39.6967,-10.0877,6.89685,-23.0634,39.6967,
143.58,-10.0877,6.89685,-23.0634,39.6967,-10.0877,6.89685,-23.0634,39.6967,
143.61,-10.4092,6.9641,-22.8513,40.3432,-10.4092,6.9641,-22.8513,40.3432,
143.64,-10.4092,6.9641,-22.8513,40.3432,-10.4092,6.9641,-22.8513,40.3432,
143.67,-10.4092,6.9641,-22.8513,40.3432,-10.4092,6.9641,-22.8513,40.3432,
143.7,-10.4092,6.9641,-22.8513,40.3432,-10.4092,6.9641,-22.8513,40.3432,
143.73,-10.4092,6.9641,-22.8513,40.3432,-10.4092,6.9641,-22.8513,40.3432,
143.76,-10.4092,6.9641,-22.8513,40.3432,-10.4092,6.9641,-22.8513,40.3432,
143.79,-10.4092,6.9641,-22.8513,40.3432,-10.4092,6.9641,-22.8513,40.3432,
143.82,-10.4092,6.9641,-22.8513,40.3432,-10.4092,6.9641,-22.8513,40.3432,
143.85,-10.4092,6.9641,-22.8513,40.3432,-10.4092,6.9641,-22.8513,40.3432,
143.88,-10.4092,6.9641,-22.8513,40.3432,-10.4092,6.9641,-22.8513,40.3432,
143.91,-10.4092,6.9641,-22.8513,40.3432,-10.4092,6.9641,-22.8513,40.3432,
143.94,-10.4092,6.9641,-22.8513,40.3432,-10.4092,6.9641,-22.8513,40.3432,
143.97,-10.4092,6.9641,-22.8513,40.3432,-10.4092,6.9641,-22.8513,40.3432,
144,-10.4092,6.9641,-22.8513,40.3432,-10.4092,6.9641,-22.8513,40.3432,
144.03,-10.4092,6.9641,-22.8513,40.3432,-10.4092,6.9641,-22.8513,40.3432,
144.06,-10.4092,6.9641,-22.8513,40.3432,-10.4092,6.9641,-22.8513,40.3432,
144.09,-12.0908,7.01392,-21.2759,42.6529,-12.0908,7.01392,-21.2759,42.6529,
144.12,-12.0908,7.01392,-21.2759,42.6529,-12.0908,7.01392,-21.2759,42.6529,
144.15,-12.0908,7.01392,-21.2759,42.6529,-12.0908,7.01392,-21.2759,42.6529,
144.18,-12.0908,7.01392,-21.2759,42.6529,-12.0908,7.01392,-21.2759,42.6529,
144.21,-12.0908,7.01392,-21.2759,42.6529,-12.0908,7.01392,-21.2759,42.6529,
144.24,-12.0908,7.01392,-21.2759,42.6529,-12.0908,7.01392,-21.2759,42.6529,
144.27,-12.0908,7.01392,-21.2759,42.6529,-12.0908,7.01392,-21.2759,42.6529,
144.3,-12.0908,7.01392,-21.2759,42.6529,-12.0908,7.01392,-21.2759,42.6529,
144.33,-12.0908,7.01392,-21.2759,42.6529,-12.0908,7.01392,-21.2759,42.6529,
144.36,-12.0908,7.01392,-21.2759,42.6529,-12.0908,7.01392,-21.2759,42.6529,
144.39,-12.0908,7.01392,-21.2759,42.6529,-12.0908,7.01392,-21.2759,42.6529,
144.42,-12.0908,7.01392,-21.2759,42.6529,-12.0908,7.01392,-21.2759,42.6529,
144.45,-12.0908,7.01392,-21.2759,42.6529,-12.0908,7.01392,-21.2759,42.6529,
144.48,-12.0908,7.01392,-21.2759,42.6529,-12.0908,7.01392,-21.2759,42.6529,
144.51,-12.0908,7.01392,-21.2759,42.6529,-12.0908,7.01392,-21.2759,42.6529,
144.54,-12.0908,7.01392,-21.2759,42.6529,-12.0908,7.01392,-21.2759,42.6529,
144.57,-11.9676,6.95565,-21.3186,41.339,-11.9676,6.95565,-21.3186,41.339,
144.6,-11.9676,6.95565,-21.3186,41.339,-11.9676,6.95565,-21.3186,41.339,
144.63,-11.9676,6.95565,-21.3186,41.339,-11.9676,6.95565,-21.3186,41.339,
144.66,-11.7948,6.96157,-21.4782,40.8185,-11.7948,6.96157,-21.4782,40.8185,
144.69,-11.7948,6.96157,-21.4782,40.8185,-11.7948,6.96157,-21.4782,40.8185,
144.72,-11.7948,6.96157,-21.4782,40.8185,-11.7948,6.96157,-21.4782,40.8185,
144.75,-11.7948,6.96157,-21.4782,40.8185,-11.7948,6.96157,-21.4782,40.8185,
144.78,-11.7446,6.91305,-21.3904,40.9027,-11.7446,6.91305,-21.3904,40.9027,
144.81,-11.7446,6.91305,-21.3904,40.9027,-11.7446,6.91305,-21.3904,40.9027,
144.84,-11.7446,6.91305,-21.3904,40.9027,-11.7446,6.91305,-21.3904,40.9027,
144.87,-11.7446,6.91305,-21.3904,40.9027,-11.7446,6.91305,-21.3904,40.9027,
144.9,-11.2146,6.7783,-21.4555,40.4827,-11.2146,6.7783,-21.4555,40.4827,
144.93,-11.2146,6.7783,-21.4555,40.4827,-11.2146,6.7783,-21.4555,40.4827,
144.96,-11.2146,6.7783,-21.4555,40.4827,-11.2146,6.7783,-21.4555,40.4827,
144.99,-10.8261,6.67189,-21.5027,40.1065,-10.8261,6.67189,-21.5027,40.1065,
145.02,-10.8261,6.67189,-21.5027,40.1065,-10.8261,6.67189,-21.5027,40.1065,
145.05,-9.91633,6.55116,-22.0359,38.6625,-9.91633,6.55116,-22.0359,38.6625,
145.08,-9.91633,6.55116,-22.0359,38.6625,-9.91633,6.55116,-22.0359,38.6625,
145.11,-9.91633,6.55116,-22.0359,38.6625,-9.91633,6.55116,-22.0359,38.6625,
145.14,-9.91633,6.55116,-22.0359,38.6625,-9.91633,6.55116,-22.0359,38.6625,
145.17,-9.91633,6.55116,-22.0359,38.6625,-9.91633,6.55116,-22.0359,38.6625,
145.2,-9.91633,6.55116,-22.0359,38.6625,-9.91633,6.55116,-22.0359,38.6625,
145.23,-9.91633,6.55116,-22.0359,38.6625,-9.91633,6.55116,-22.0359,38.6625,
145.26,-9.91633,6.55116,-22.0359,38.6625,-9.91633,6.55116,-22.0359,38.6625,
145.29,-9.91633,6.55116,-22.0359,38.6625,-9.91633,6.55116,-22.0359,38.6625,
145.32,-9.91633,6.55116,-22.0359,38.6625,-9.91633,6.55116,-22.0359,38.6625,
145.35,-9.91633,6.55116,-22.0359,38.6625,-9.91633,6.55116,-22.0359,38.6625,
145.38,-9.91633,6.55116,-22.0359,38.6625,-9.91633,6.55116,-22.0359,38.6625,
145.41,-9.91633,6.55116,-22.0359,38.6625,-9.91633,6.55116,-22.0359,38.6625,
145.44,-9.91633,6.55116,-22.0359,38.6625,-9.91633,6.55116,-22.0359,38.6625,
145.47,-9.91633,6.55116,-22.0359,38.6625,-9.91633,6.55116,-22.0359,38.6625,
145.5,-9.91633,6.55116,-22.0359,38.6625,-9.91633,6.55116,-22.0359,38.6625,
145.53,-8.94861,6.46208,-22.4979,37.4739,-8.94861,6.46208,-22.4979,37.4739,
145.56,-8.94861,6.46208,-22.4979,37.4739,-8.94861,6.46208,-22.4979,37.4739,
145.59,-8.94861,6.46208,-22.4979,37.4739,-8.94861,6.46208,-22.4979,37.4739,
145.62,-8.94861,6.46208,-22.4979,37.4739,-8.94861,6.46208,-22.4979,37.4739,
145.65,-9.88298,6.6846,-22.0337,38.8973,-9.88298,6.6846,-22.0337,38.8973,
145.68,-9.88298,6.6846,-22.0337,38.8973,-9.88298,6.6846,-22.0337,38.8973,
145.71,-10.4636,6.83308,-21.8743,39.4214,-10.4636,6.83308,-21.8743,39.4214,
145.74,-10.4636,6.83308,-21.8743,39.4214,-10.4636,6.83308,-21.8743,39.4214,
145.77,-10.4636,6.83308,-21.8743,39.4214,-10.4636,6.83308,-21.8743,39.4214,
145.8,-10.5251,6.8669,-21.9298,39.2296,-10.5251,6.8669,-21.9298,39.2296,
145.83,-10.5251,6.8669,-21.9298,39.2296,-10.5251,6.8669,-21.9298,39.2296,
145.86,-10.183,6.81529,-21.9846,39.0718,-10.183,6.81529,-21.9846,39.0718,
145.89,-10.183,6.81529,-21.9846,39.0718,-10.183,6.81529,-21.9846,39.0718,
145.92,-9.41208,6.68841,-22.4269,37.8965,-9.41208,6.68841,-22.4269,37.8965,
145.95,-9.41208,6.68841,-22.4269,37.8965,-9.41208,6.68841,-22.4269,37.8965,
145.98,-9.18248,6.6575,-22.6203,37.3966,-9.18248,6.6575,-22.6203,37.3966,
146.01,-9.18248,6.6575,-22.6203,37.3966,-9.18248,6.6575,-22.6203,37.3966,
146.04,-9.18248,6.6575,-22.6203,37.3966,-9.18248,6.6575,-22.6203,37.3966,
146.07,-9.18248,6.6575,-22.6203,37.3966,-9.18248,6.6575,-22.6203,37.3966,
146.1,-8.96578,6.64181,-22.6136,37.5278,-8.96578,6.64181,-22.6136,37.5278,
146.13,-8.96578,6.64181,-22.6136,37.5278,-8.96578,6.64181,-22.6136,37.5278,
146.16,-9.30677,6.72009,-22.3943,38.1617,-9.30677,6.72009,-22.3943,38.1617,
146.19,-9.30677,6.72009,-22.3943,38.1617,-9.30677,6.72009,-22.3943,38.1617,
146.22,-9.30677,6.72009,-22.3943,38.1617,-9.30677,6.72009,-22.3943,38.1617,
146.25,-9.66459,6.72374,-22.3358,37.9911,-9.66459,6.72374,-22.3358,37.9911,
146.28,-9.66459,6.72374,-22.3358,37.9911,-9.66459,6.72374,-22.3358,37.9911,
146.31,-9.66459,6.72374,-22.3358,37.9911,-9.66459,6.72374,-22.3358,37.9911,
146.34,-9.59854,6.64871,-22.4233,37.456,-9.59854,6.64871,-22.4233,37.456,
146.37,-9.59854,6.64871,-22.4233,37.456,-9.59854,6.64871,-22.4233,37.456,
146.4,-8.78937,6.44452,-22.8982,36.0226,-8.78937,6.44452,-22.8982,36.0226,
146.43,-8.78937,6.44452,-22.8982,36.0226,-8.78937,6.44452,-22.8982,36.0226,
146.46,-8.78937,6.44452,-22.8982,36.0226,-8.78937,6.44452,-22.8982,36.0226,
146.49,-8.78937,6.44452,-22.8982,36.0226,-8.78937,6.44452,-22.8982,36.0226,
146.52,-9.4624,6.60883,-22.4666,37.3647,-9.4624,6.60883,-22.4666,37.3647,
146.55,-9.4624,6.60883,-22.4666,37.3647,-9.4624,6.60883,-22.4666,37.3647,
146.58,-9.4624,6.60883,-22.4666,37.3647,-9.4624,6.60883,-22.4666,37.3647,
146.61,-9.4624,6.60883,-22.4666,37.3647,-9.4624,6.60883,-22.4666,37.3647,
146.64,-9.4624,6.60883,-22.4666,37.3647,-9.4624,6.60883,-22.4666,37.3647,
146.67,-9.5028,6.57611,-22.2926,37.7963,-9.5028,6.57611,-22.2926,37.7963,
146.7,-9.5028,6.57611,-22.2926,37.7963,-9.5028,6.57611,-22.2926,37.7963,
146.73,-9.5028,6.57611,-22.2926,37.7963,-9.5028,6.57611,-22.2926,37.7963,
146.76,-9.5028,6.57611,-22.2926,37.7963,-9.5028,6.57611,-22.2926,37.7963,
146.79,-8.46292,6.30997,-22.8144,36.0802,-8.46292,6.30997,-22.8144,36.0802,
146.82,-8.46292,6.30997,-22.8144,36.0802,-8.46292,6.30997,-22.8144,36.0802,
146.85,-8.46292,6.30997,-22.8144,36.0802,-8.46292,6.30997,-22.8144,36.0802,
146.88,-8.46292,6.30997,-22.8144,36.0802,-8.46292,6.30997,-22.8144,36.0802,
146.91,-8.46292,6.30997,-22.8144,36.0802,-8.46292,6.30997,-22.8144,36.0802,
146.94,-8.46292,6.30997,-22.8144,36.0802,-8.46292,6.30997,-22.8144,36.0802,
146.97,-8.46292,6.30997,-22.8144,36.0802,-8.46292,6.30997,-22.8144,36.0802,
147,-8.46292,6.30997,-22.8144,36.0802,-8.46292,6.30997,-22.8144,36.0802,
147.03,-8.46292,6.30997,-22.8144,36.0802,-8.46292,6.30997,-22.8144,36.0802,
147.06,-8.46292,6.30997,-22.8144,36.0802,-8.46292,6.30997,-22.8144,36.0802,
147.09,-8.46292,6.30997,-22.8144,36.0802,-8.46292,6.30997,-22.8144,36.0802,
147.12,-8.46292,6.30997,-22.8144,36.0802,-8.46292,6.30997,-22.8144,36.0802,
147.15,-8.46292,6.30997,-22.8144,36.0802,-8.46292,6.30997,-22.8144,36.0802,
147.18,-8.46292,6.30997,-22.8144,36.0802,-8.46292,6.30997,-22.8144,36.0802,
147.21,-8.46292,6.30997,-22.8144,36.0802,-8.46292,6.30997,-22.8144,36.0802,
147.24,-8.46292,6.30997,-22.8144,36.0802,-8.46292,6.30997,-22.8144,36.0802,
147.27,-9.15519,6.2615,-22.4858,36.3168,-9.15519,6.2615,-22.4858,36.3168,
147.3,-9.15519,6.2615,-22.4858,36.3168,-9.15519,6.2615,-22.4858,36.3168,
147.33,-9.15519,6.2615,-22.4858,36.3168,-9.15519,6.2615,-22.4858,36.3168,
147.36,-9.15519,6.2615,-22.4858,36.3168,-9.15519,6.2615,-22.4858,36.3168,
147.39,-9.15519,6.2615,-22.4858,36.3168,-9.15519,6.2615,-22.4858,36.3168,
147.42,-9.60435,6.33429,-22.281,36.8129,-9.60435,6.33429,-22.281,36.8129,
147.45,-9.60435,6.33429,-22.281,36.8129,-9.60435,6.33429,-22.281,36.8129,
147.48,-9.60435,6.33429,-22.281,36.8129,-9.60435,6.33429,-22.281,36.8129,
147.51,-9.60435,6.33429,-22.281,36.8129,-9.60435,6.33429,-22.281,36.8129,
147.54,-9.60435,6.33429,-22.281,36.8129,-9.60435,6.33429,-22.281,36.8129,
147.57,-9.74011,6.42977,-22.3071,37.4281,-9.74011,6.42977,-22.3071,37.4281,
147.6,-9.74011,6.42977,-22.3071,37.4281,-9.74011,6.42977,-22.3071,37.4281,
147.63,-9.74011,6.42977,-22.3071,37.4281,-9.74011,6.42977,-22.3071,37.4281,
147.66,-9.74011,6.42977,-22.3071,37.4281,-9.74011,6.42977,-22.3071,37.4281,
147.69,-9.12195,6.36606,-22.8787,36.1414,-9.12195,6.36606,-22.8787,36.1414,
147.72,-9.12195,6.36606,-22.8787,36.1414,-9.12195,6.36606,-22.8787,36.1414,
147.75,-9.12195,6.36606,-22.8787,36.1414,-9.12195,6.36606,-22.8787,36.1414,
147.78,-10.0765,6.69152,-22.4144,37.5925,-10.0765,6.69152,-22.4144,37.5925,
147.81,-10.0765,6.69152,-22.4144,37.5925,-10.0765,6.69152,-22.4144,37.5925,
147.84,-10.0765,6.69152,-22.4144,37.5925,-10.0765,6.69152,-22.4144,37.5925,
147.87,-10.0765,6.69152,-22.4144,37.5925,-10.0765,6.69152,-22.4144,37.5925,
147.9,-10.2675,6.84891,-22.3246,38.0357,-10.2675,6.84891,-22.3246,38.0357,
147.93,-10.2675,6.84891,-22.3246,38.0357,-10.2675,6.84891,-22.3246,38.0357,
147.96,-10.2675,6.84891,-22.3246,38.0357,-10.2675,6.84891,-22.3246,38.0357,
147.99,-10.064,6.90368,-22.2865,38.223,-10.064,6.90368,-22.2865,38.223,
148.02,-10.064,6.90368,-22.2865,38.223,-10.064,6.90368,-22.2865,38.223,
148.05,-10.7485,7.12811,-22.024,38.9887,-10.7485,7.12811,-22.024,38.9887,
148.08,-10.7485,7.12811,-22.024,38.9887,-10.7485,7.12811,-22.024,38.9887,
148.11,-10.7485,7.12811,-22.024,38.9887,-10.7485,7.12811,-22.024,38.9887,
148.14,-10.7485,7.12811,-22.024,38.9887,-10.7485,7.12811,-22.024,38.9887,
148.17,-10.7485,7.12811,-22.024,38.9887,-10.7485,7.12811,-22.024,38.9887,
148.2,-10.7485,7.12811,-22.024,38.9887,-10.7485,7.12811,-22.024,38.9887,
148.23,-10.7485,7.12811,-22.024,38.9887,-10.7485,7.12811,-22.024,38.9887,
148.26,-10.7485,7.12811,-22.024,38.9887,-10.7485,7.12811,-22.024,38.9887,
148.29,-10.7485,7.12811,-22.024,38.9887,-10.7485,7.12811,-22.024,38.9887,
148.32,-10.7485,7.12811,-22.024,38.9887,-10.7485,7.12811,-22.024,38.9887,
148.35,-10.7485,7.12811,-22.024,38.9887,-10.7485,7.12811,-22.024,38.9887,
148.38,-10.7485,7.12811,-22.024,38.9887,-10.7485,7.12811,-22.024,38.9887,
148.41,-10.7485,7.12811,-22.024,38.9887,-10.7485,7.12811,-22.024,38.9887,
148.44,-10.7485,7.12811,-22.024,38.9887,-10.7485,7.12811,-22.024,38.9887,
148.47,-10.7485,7.12811,-22.024,38.9887,-10.7485,7.12811,-22.024,38.9887,
148.5,-10.7485,7.12811,-22.024,38.9887,-10.7485,7.12811,-22.024,38.9887,
148.53,-8.13052,6.89589,-23.8227,34.5508,-8.13052,6.89589,-23.8227,34.5508,
148.56,-8.13052,6.89589,-23.8227,34.5508,-8.13052,6.89589,-23.8227,34.5508,
148.59,-8.13052,6.89589,-23.8227,34.5508,-8.13052,6.89589,-23.8227,34.5508,
148.62,-8.13052,6.89589,-23.8227,34.5508,-8.13052,6.89589,-23.8227,34.5508,
148.65,-8.13052,6.89589,-23.8227,34.5508,-8.13052,6.89589,-23.8227,34.5508,
148.68,-8.13052,6.89589,-23.8227,34.5508,-8.13052,6.89589,-23.8227,34.5508,
148.71,-8.13052,6.89589,-23.8227,34.5508,-8.13052,6.89589,-23.8227,34.5508,
148.74,-8.13052,6.89589,-23.8227,34.5508,-8.13052,6.89589,-23.8227,34.5508,
148.77,-8.13052,6.89589,-23.8227,34.5508,-8.13052,6.89589,-23.8227,34.5508,
148.8,-8.13052,6.89589,-23.8227,34.5508,-8.13052,6.89589,-23.8227,34.5508,
148.83,-8.13052,6.89589,-23.8227,34.5508,-8.13052,6.89589,-23.8227,34.5508,
148.86,-8.13052,6.89589,-23.8227,34.5508,-8.13052,6.89589,-23.8227,34.5508,
148.89,-8.13052,6.89589,-23.8227,34.5508,-8.13052,6.89589,-23.8227,34.5508,
148.92,-8.13052,6.89589,-23.8227,34.5508,-8.13052,6.89589,-23.8227,34.5508,
148.95,-8.13052,6.89589,-23.8227,34.5508,-8.13052,6.89589,-23.8227,34.5508,
148.98,-8.13052,6.89589,-23.8227,34.5508,-8.13052,6.89589,-23.8227,34.5508,
149.01,-8.36279,7.74724,-22.6594,36.0671,-8.36279,7.74724,-22.6594,36.0671,
149.04,-8.36279,7.74724,-22.6594,36.0671,-8.36279,7.74724,-22.6594,36.0671,
149.07,-8.36279,7.74724,-22.6594,36.0671,-8.36279,7.74724,-22.6594,36.0671,
149.1,-8.1067,8.19106,-21.674,38.4115,-8.1067,8.19106,-21.674,38.4115,
149.13,-8.1067,8.19106,-21.674,38.4115,-8.1067,8.19106,-21.674,38.4115,
149.16,-8.1067,8.19106,-21.674,38.4115,-8.1067,8.19106,-21.674,38.4115,
149.19,-8.1067,8.19106,-21.674,38.4115,-8.1067,8.19106,-21.674,38.4115,
149.22,-8.1067,8.19106,-21.674,38.4115,-8.1067,8.19106,-21.674,38.4115,
149.25,-8.1067,8.19106,-21.674,38.4115,-8.1067,8.19106,-21.674,38.4115,
149.28,-8.1067,8.19106,-21.674,38.4115,-8.1067,8.19106,-21.674,38.4115,
149.31,-8.1067,8.19106,-21.674,38.4115,-8.1067,8.19106,-21.674,38.4115,
149.34,-8.1067,8.19106,-21.674,38.4115,-8.1067,8.19106,-21.674,38.4115,
149.37,-8.1067,8.19106,-21.674,38.4115,-8.1067,8.19106,-21.674,38.4115,
149.4,-8.1067,8.19106,-21.674,38.4115,-8.1067,8.19106,-21.674,38.4115,
149.43,-8.1067,8.19106,-21.674,38.4115,-8.1067,8.19106,-21.674,38.4115,
149.46,-8.1067,8.19106,-21.674,38.4115,-8.1067,8.19106,-21.674,38.4115,
149.49,-8.1067,8.19106,-21.674,38.4115,-8.1067,8.19106,-21.674,38.4115,
149.52,-8.1067,8.19106,-21.674,38.4115,-8.1067,8.19106,-21.674,38.4115,
149.55,-8.1067,8.19106,-21.674,38.4115,-8.1067,8.19106,-21.674,38.4115,
149.58,-6.04883,11.9501,-18.1008,50.4519,-6.04883,11.9501,-18.1008,50.4519,
149.61,-6.04883,11.9501,-18.1008,50.4519,-6.04883,11.9501,-18.1008,50.4519,
149.64,-6.04883,11.9501,-18.1008,50.4519,-6.04883,11.9501,-18.1008,50.4519,
149.67,-6.04883,11.9501,-18.1008,50.4519,-6.04883,11.9501,-18.1008,50.4519,
149.7,-6.04883,11.9501,-18.1008,50.4519,-6.04883,11.9501,-18.1008,50.4519,
149.73,-6.04883,11.9501,-18.1008,50.4519,-6.04883,11.9501,-18.1008,50.4519,
149.76,-6.04883,11.9501,-18.1008,50.4519,-6.04883,11.9501,-18.1008,50.4519,
149.79,-6.04883,11.9501,-18.1008,50.4519,-6.04883,11.9501,-18.1008,50.4519,
149.82,-6.04883,11.9501,-18.1008,50.4519,-6.04883,11.9501,-18.1008,50.4519,
149.85,-6.04883,11.9501,-18.1008,50.4519,-6.04883,11.9501,-18.1008,50.4519,
149.88,-6.04883,11.9501,-18.1008,50.4519,-6.04883,11.9501,-18.1008,50.4519,
149.91,-6.04883,11.9501,-18.1008,50.4519,-6.04883,11.9501,-18.1008,50.4519,
149.94,-6.04883,11.9501,-18.1008,50.4519,-6.04883,11.9501,-18.1008,50.4519,
149.97,-6.04883,11.9501,-18.1008,50.4519,-6.04883,11.9501,-18.1008,50.4519,
150,-6.04883,11.9501,-18.1008,50.4519,-6.04883,11.9501,-18.1008,50.4519,
150.03,-6.04883,11.9501,-18.1008,50.4519,-6.04883,11.9501,-18.1008,50.4519,
150.06,-0.834391,13.9577,-16.4057,54.4144,-0.834391,13.9577,-16.4057,54.4144,
150.09,-0.834391,13.9577,-16.4057,54.4144,-0.834391,13.9577,-16.4057,54.4144,
150.12,-0.834391,13.9577,-16.4057,54.4144,-0.834391,13.9577,-16.4057,54.4144,
150.15,-0.834391,13.9577,-16.4057,54.4144,-0.834391,13.9577,-16.4057,54.4144,
150.18,-0.834391,13.9577,-16.4057,54.4144,-0.834391,13.9577,-16.4057,54.4144,
150.21,-0.834391,13.9577,-16.4057,54.4144,-0.834391,13.9577,-16.4057,54.4144,
150.24,-0.834391,13.9577,-16.4057,54.4144,-0.834391,13.9577,-16.4057,54.4144,
150.27,-0.834391,13.9577,-16.4057,54.4144,-0.834391,13.9577,-16.4057,54.4144,
150.3,-0.834391,13.9577,-16.4057,54.4144,-0.834391,13.9577,-16.4057,54.4144,
150.33,-0.834391,13.9577,-16.4057,54.4144,-0.834391,13.9577,-16.4057,54.4144,
150.36,-0.834391,13.9577,-16.4057,54.4144,-0.834391,13.9577,-16.4057,54.4144,
150.39,-0.834391,13.9577,-16.4057,54.4144,-0.834391,13.9577,-16.4057,54.4144,
150.42,-0.834391,13.9577,-16.4057,54.4144,-0.834391,13.9577,-16.4057,54.4144,
150.45,-0.834391,13.9577,-16.4057,54.4144,-0.834391,13.9577,-16.4057,54.4144,
150.48,-0.834391,13.9577,-16.4057,54.4144,-0.834391,13.9577,-16.4057,54.4144,
150.51,-0.834391,13.9577,-16.4057,54.4144,-0.834391,13.9577,-16.4057,54.4144,
150.54,3.37034,14.9704,-14.0952,58.8394,3.37034,14.9704,-14.0952,58.8394,
150.57,3.37034,14.9704,-14.0952,58.8394,3.37034,14.9704,-14.0952,58.8394,
150.6,3.37034,14.9704,-14.0952,58.8394,3.37034,14.9704,-14.0952,58.8394,
150.63,3.37034,14.9704,-14.0952,58.8394,3.37034,14.9704,-14.0952,58.8394,
150.66,3.37034,14.9704,-14.0952,58.8394,3.37034,14.9704,-14.0952,58.8394,
150.69,3.37034,14.9704,-14.0952,58.8394,3.37034,14.9704,-14.0952,58.8394,
150.72,3.37034,14.9704,-14.0952,58.8394,3.37034,14.9704,-14.0952,58.8394,
150.75,3.37034,14.9704,-14.0952,58.8394,3.37034,14.9704,-14.0952,58.8394,
150.78,3.37034,14.9704,-14.0952,58.8394,3.37034,14.9704,-14.0952,58.8394,
150.81,3.37034,14.9704,-14.0952,58.8394,3.37034,14.9704,-14.0952,58.8394,
150.84,3.37034,14.9704,-14.0952,58.8394,3.37034,14.9704,-14.0952,58.8394,
150.87,3.37034,14.9704,-14.0952,58.8394,3.37034,14.9704,-14.0952,58.8394,
150.9,3.37034,14.9704,-14.0952,58.8394,3.37034,14.9704,-14.0952,58.8394,
150.93,3.37034,14.9704,-14.0952,58.8394,3.37034,14.9704,-14.0952,58.8394,
150.96,3.37034,14.9704,-14.0952,58.8394,3.37034,14.9704,-14.0952,58.8394,
150.99,3.37034,14.9704,-14.0952,58.8394,3.37034,14.9704,-14.0952,58.8394,
151.02,7.03955,14.6071,-12.3584,62.6316,7.03955,14.6071,-12.3584,62.6316,
151.05,7.03955,14.6071,-12.3584,62.6316,7.03955,14.6071,-12.3584,62.6316,
151.08,7.03955,14.6071,-12.3584,62.6316,7.03955,14.6071,-12.3584,62.6316,
151.11,7.03955,14.6071,-12.3584,62.6316,7.03955,14.6071,-12.3584,62.6316,
151.14,7.03955,14.6071,-12.3584,62.6316,7.03955,14.6071,-12.3584,62.6316,
151.17,7.03955,14.6071,-12.3584,62.6316,7.03955,14.6071,-12.3584,62.6316,
151.2,7.03955,14.6071,-12.3584,62.6316,7.03955,14.6071,-12.3584,62.6316,
151.23,7.03955,14.6071,-12.3584,62.6316,7.03955,14.6071,-12.3584,62.6316,
151.26,7.03955,14.6071,-12.3584,62.6316,7.03955,14.6071,-12.3584,62.6316,
151.29,7.03955,14.6071,-12.3584,62.6316,7.03955,14.6071,-12.3584,62.6316,
151.32,7.03955,14.6071,-12.3584,62.6316,7.03955,14.6071,-12.3584,62.6316,
151.35,7.03955,14.6071,-12.3584,62.6316,7.03955,14.6071,-12.3584,62.6316,
151.38,7.03955,14.6071,-12.3584,62.6316,7.03955,14.6071,-12.3584,62.6316,
151.41,7.03955,14.6071,-12.3584,62.6316,7.03955,14.6071,-12.3584,62.6316,
151.44,7.03955,14.6071,-12.3584,62.6316,7.03955,14.6071,-12.3584,62.6316,
151.47,7.03955,14.6071,-12.3584,62.6316,7.03955,14.6071,-12.3584,62.6316,
151.5,10.7925,13.0359,-8.74078,68.4785,10.7925,13.0359,-8.74078,68.4785,
151.53,10.7925,13.0359,-8.74078,68.4785,10.7925,13.0359,-8.74078,68.4785,
151.56,10.7925,13.0359,-8.74078,68.4785,10.7925,13.0359,-8.74078,68.4785,
151.59,10.7925,13.0359,-8.74078,68.4785,10.7925,13.0359,-8.74078,68.4785,
151.62,10.7925,13.0359,-8.74078,68.4785,10.7925,13.0359,-8.74078,68.4785,
151.65,10.7925,13.0359,-8.74078,68.4785,10.7925,13.0359,-8.74078,68.4785,
151.68,10.7925,13.0359,-8.74078,68.4785,10.7925,13.0359,-8.74078,68.4785,
151.71,10.7925,13.0359,-8.74078,68.4785,10.7925,13.0359,-8.74078,68.4785,
151.74,10.7925,13.0359,-8.74078,68.4785,10.7925,13.0359,-8.74078,68.4785,
151.77,10.7925,13.0359,-8.74078,68.4785,10.7925,13.0359,-8.74078,68.4785,
151.8,10.7925,13.0359,-8.74078,68.4785,10.7925,13.0359,-8.74078,68.4785,
151.83,10.7925,13.0359,-8.74078,68.4785,10.7925,13.0359,-8.74078,68.4785,
151.86,10.7925,13.0359,-8.74078,68.4785,10.7925,13.0359,-8.74078,68.4785,
151.89,10.7925,13.0359,-8.74078,68.4785,10.7925,13.0359,-8.74078,68.4785,
151.92,10.7925,13.0359,-8.74078,68.4785,10.7925,13.0359,-8.74078,68.4785,
151.95,10.7925,13.0359,-8.74078,68.4785,10.7925,13.0359,-8.74078,68.4785,
151.98,10.3683,13.3444,-8.3915,84.5865,10.3683,13.3444,-8.3915,84.5865,
152.01,10.3683,13.3444,-8.3915,84.5865,10.3683,13.3444,-8.3915,84.5865,
152.04,10.3683,13.3444,-8.3915,84.5865,10.3683,13.3444,-8.3915,84.5865,
152.07,10.3683,13.3444,-8.3915,84.5865,10.3683,13.3444,-8.3915,84.5865,
152.1,10.3683,13.3444,-8.3915,84.5865,10.3683,13.3444,-8.3915,84.5865,
152.13,10.3683,13.3444,-8.3915,84.5865,10.3683,13.3444,-8.3915,84.5865,
152.16,10.3683,13.3444,-8.3915,84.5865,10.3683,13.3444,-8.3915,84.5865,
152.19,10.3683,13.3444,-8.3915,84.5865,10.3683,13.3444,-8.3915,84.5865,
152.22,10.3683,13.3444,-8.3915,84.5865,10.3683,13.3444,-8.3915,84.5865,
152.25,10.3683,13.3444,-8.3915,84.5865,10.3683,13.3444,-8.3915,84.5865,
152.28,10.3683,13.3444,-8.3915,84.5865,10.3683,13.3444,-8.3915,84.5865,
152.31,10.3683,13.3444,-8.3915,84.5865,10.3683,13.3444,-8.3915,84.5865,
152.34,10.3683,13.3444,-8.3915,84.5865,10.3683,13.3444,-8.3915,84.5865,
152.37,10.3683,13.3444,-8.3915,84.5865,10.3683,13.3444,-8.3915,84.5865,
152.4,10.3683,13.3444,-8.3915,84.5865,10.3683,13.3444,-8.3915,84.5865,
152.43,10.3683,13.3444,-8.3915,84.5865,10.3683,13.3444,-8.3915,84.5865,
152.46,12.3538,13.2511,-3.43216,93.3975,12.3538,13.2511,-3.43216,93.3975,
152.49,12.3538,13.2511,-3.43216,93.3975,12.3538,13.2511,-3.43216,93.3975,
152.52,12.3538,13.2511,-3.43216,93.3975,12.3538,13.2511,-3.43216,93.3975,
152.55,12.3538,13.2511,-3.43216,93.3975,12.3538,13.2511,-3.43216,93.3975,
152.58,12.3538,13.2511,-3.43216,93.3975,12.3538,13.2511,-3.43216,93.3975,
152.61,12.3538,13.2511,-3.43216,93.3975,12.3538,13.2511,-3.43216,93.3975,
152.64,12.3538,13.2511,-3.43216,93.3975,12.3538,13.2511,-3.43216,93.3975,
152.67,12.3538,13.2511,-3.43216,93.3975,12.3538,13.2511,-3.43216,93.3975,
152.7,12.3538,13.2511,-3.43216,93.3975,12.3538,13.2511,-3.43216,93.3975,
152.73,12.3538,13.2511,-3.43216,93.3975,12.3538,13.2511,-3.43216,93.3975,
152.76,12.3538,13.2511,-3.43216,93.3975,12.3538,13.2511,-3.43216,93.3975,
152.79,12.3538,13.2511,-3.43216,93.3975,12.3538,13.2511,-3.43216,93.3975,
152.82,12.3538,13.2511,-3.43216,93.3975,12.3538,13.2511,-3.43216,93.3975,
152.85,12.3538,13.2511,-3.43216,93.3975,12.3538,13.2511,-3.43216,93.3975,
152.88,12.3538,13.2511,-3.43216,93.3975,12.3538,13.2511,-3.43216,93.3975,
152.91,12.3538,13.2511,-3.43216,93.3975,12.3538,13.2511,-3.43216,93.3975,
152.94,13.5339,14.0122,0.803326,102.95,13.5339,14.0122,0.803326,102.95,
152.97,13.5339,14.0122,0.803326,102.95,13.5339,14.0122,0.803326,102.95,
153,13.5339,14.0122,0.803326,102.95,13.5339,14.0122,0.803326,102.95,
153.03,13.5339,14.0122,0.803326,102.95,13.5339,14.0122,0.803326,102.95,
153.06,13.5339,14.0122,0.803326,102.95,13.5339,14.0122,0.803326,102.95,
153.09,13.5339,14.0122,0.803326,102.95,13.5339,14.0122,0.803326,102.95,
153.12,13.5339,14.0122,0.803326,102.95,13.5339,14.0122,0.803326,102.95,
153.15,13.5339,14.0122,0.803326,102.95,13.5339,14.0122,0.803326,102.95,
153.18,13.5339,14.0122,0.803326,102.95,13.5339,14.0122,0.803326,102.95,
153.21,13.5339,14.0122,0.803326,102.95,13.5339,14.0122,0.803326,102.95,
153.24,13.5339,14.0122,0.803326,102.95,13.5339,14.0122,0.803326,102.95,
153.27,13.5339,14.0122,0.803326,102.95,13.5339,14.0122,0.803326,102.95,
153.3,13.5339,14.0122,0.803326,102.95,13.5339,14.0122,0.803326,102.95,
153.33,13.5339,14.0122,0.803326,102.95,13.5339,14.0122,0.803326,102.95,
153.36,13.5339,14.0122,0.803326,102.95,13.5339,14.0122,0.803326,102.95,
153.39,13.5339,14.0122,0.803326,102.95,13.5339,14.0122,0.803326,102.95,
153.42,18.2893,15.0772,5.82019,108.65,18.2893,15.0772,5.82019,108.65,
153.45,18.2893,15.0772,5.82019,108.65,18.2893,15.0772,5.82019,108.65,
153.48,18.2893,15.0772,5.82019,108.65,18.2893,15.0772,5.82019,108.65,
153.51,18.2893,15.0772,5.82019,108.65,18.2893,15.0772,5.82019,108.65,
153.54,18.2893,15.0772,5.82019,108.65,18.2893,15.0772,5.82019,108.65,
153.57,18.2893,15.0772,5.82019,108.65,18.2893,15.0772,5.82019,108.65,
153.6,18.2893,15.0772,5.82019,108.65,18.2893,15.0772,5.82019,108.65,
153.63,18.2893,15.0772,5.82019,108.65,18.2893,15.0772,5.82019,108.65,
153.66,18.2893,15.0772,5.82019,108.65,18.2893,15.0772,5.82019,108.65,
153.69,18.2893,15.0772,5.82019,108.65,18.2893,15.0772,5.82019,108.65,
153.72,18.2893,15.0772,5.82019,108.65,18.2893,15.0772,5.82019,108.65,
153.75,18.2893,15.0772,5.82019,108.65,18.2893,15.0772,5.82019,108.65,
153.78,18.2893,15.0772,5.82019,108.65,18.2893,15.0772,5.82019,108.65,
153.81,18.2893,15.0772,5.82019,108.65,18.2893,15.0772,5.82019,108.65,
153.84,18.2893,15.0772,5.82019,108.65,18.2893,15.0772,5.82019,108.65,
153.87,18.2893,15.0772,5.82019,108.65,18.2893,15.0772,5.82019,108.65,
153.9,19.0218,15.9784,7.62679,113.537,19.0218,15.9784,7.62679,113.537,
153.93,19.0218,15.9784,7.62679,113.537,19.0218,15.9784,7.62679,113.537,
153.96,19.0218,15.9784,7.62679,113.537,19.0218,15.9784,7.62679,113.537,
153.99,19.0218,15.9784,7.62679,113.537,19.0218,15.9784,7.62679,113.537,
154.02,19.0218,15.9784,7.62679,113.537,19.0218,15.9784,7.62679,113.537,
154.05,19.0218,15.9784,7.62679,113.537,19.0218,15.9784,7.62679,113.537,
154.08,19.0218,15.9784,7.62679,113.537,19.0218,15.9784,7.62679,113.537,
154.11,19.0218,15.9784,7.62679,113.537,19.0218,15.9784,7.62679,113.537,
154.14,19.0218,15.9784,7.62679,113.537,19.0218,15.9784,7.62679,113.537,
154.17,19.0218,15.9784,7.62679,113.537,19.0218,15.9784,7.62679,113.537,
154.2,19.0218,15.9784,7.62679,113.537,19.0218,15.9784,7.62679,113.537,
154.23,19.0218,15.9784,7.62679,113.537,19.0218,15.9784,7.62679,113.537,
154.26,19.0218,15.9784,7.62679,113.537,19.0218,15.9784,7.62679,113.537,
154.29,19.0218,15.9784,7.62679,113.537,19.0218,15.9784,7.62679,113.537,
154.32,19.0218,15.9784,7.62679,113.537,19.0218,15.9784,7.62679,113.537,
154.35,19.0218,15.9784,7.62679,113.537,19.0218,15.9784,7.62679,113.537,
154.38,20.473,16.5641,8.7444,117.266,20.473,16.5641,8.7444,117.266,
154.41,20.473,16.5641,8.7444,117.266,20.473,16.5641,8.7444,117.266,
154.44,20.473,16.5641,8.7444,117.266,20.473,16.5641,8.7444,117.266,
154.47,20.473,16.5641,8.7444,117.266,20.473,16.5641,8.7444,117.266,
154.5,20.473,16.5641,8.7444,117.266,20.473,16.5641,8.7444,117.266,
154.53,20.473,16.5641,8.7444,117.266,20.473,16.5641,8.7444,117.266,
154.56,20.473,16.5641,8.7444,117.266,20.473,16.5641,8.7444,117.266,
154.59,20.473,16.5641,8.7444,117.266,20.473,16.5641,8.7444,117.266,
154.62,20.473,16.5641,8.7444,117.266,20.473,16.5641,8.7444,117.266,
154.65,20.473,16.5641,8.7444,117.266,20.473,16.5641,8.7444,117.266,
154.68,20.473,16.5641,8.7444,117.266,20.473,16.5641,8.7444,117.266,
154.71,20.473,16.5641,8.7444,117.266,20.473,16.5641,8.7444,117.266,
154.74,20.473,16.5641,8.7444,117.266,20.473,16.5641,8.7444,117.266,
154.77,20.473,16.5641,8.7444,117.266,20.473,16.5641,8.7444,117.266,
154.8,20.473,16.5641,8.7444,117.266,20.473,16.5641,8.7444,117.266,
154.83,20.473,16.5641,8.7444,117.266,20.473,16.5641,8.7444,117.266,
154.86,19.7101,17.7387,10.988,122.476,19.7101,17.7387,10.988,122.476,
154.89,19.7101,17.7387,10.988,122.476,19.7101,17.7387,10.988,122.476,
154.92,19.7101,17.7387,10.988,122.476,19.7101,17.7387,10.988,122.476,
154.95,19.7101,17.7387,10.988,122.476,19.7101,17.7387,10.988,122.476,
154.98,19.7101,17.7387,10.988,122.476,19.7101,17.7387,10.988,122.476,
155.01,19.7101,17.7387,10.988,122.476,19.7101,17.7387,10.988,122.476,
155.04,19.7101,17.7387,10.988,122.476,19.7101,17.7387,10.988,122.476,
155.07,19.7101,17.7387,10.988,122.476,19.7101,17.7387,10.988,122.476,
155.1,19.7101,17.7387,10.988,122.476,19.7101,17.7387,10.988,122.476,
155.13,19.7101,17.7387,10.988,122.476,19.7101,17.7387,10.988,122.476,
155.16,19.7101,17.7387,10.988,122.476,19.7101,17.7387,10.988,122.476,
155.19,19.7101,17.7387,10.988,122.476,19.7101,17.7387,10.988,122.476,
155.22,19.7101,17.7387,10.988,122.476,19.7101,17.7387,10.988,122.476,
155.25,19.7101,17.7387,10.988,122.476,19.7101,17.7387,10.988,122.476,
155.28,19.7101,17.7387,10.988,122.476,19.7101,17.7387,10.988,122.476,
155.31,19.7101,17.7387,10.988,122.476,19.7101,17.7387,10.988,122.476,
155.34,20.4553,17.8406,11.2679,123.413,20.4553,17.8406,11.2679,123.413,
155.37,20.4553,17.8406,11.2679,123.413,20.4553,17.8406,11.2679,123.413,
155.4,20.4553,17.8406,11.2679,123.413,20.4553,17.8406,11.2679,123.413,
155.43,20.4553,17.8406,11.2679,123.413,20.4553,17.8406,11.2679,123.413,
155.46,20.4553,17.8406,11.2679,123.413,20.4553,17.8406,11.2679,123.413,
155.49,20.4553,17.8406,11.2679,123.413,20.4553,17.8406,11.2679,123.413,
155.52,19.7451,18.0926,11.856,124.256,19.7451,18.0926,11.856,124.256,
155.55,19.7451,18.0926,11.856,124.256,19.7451,18.0926,11.856,124.256,
155.58,19.7451,18.0926,11.856,124.256,19.7451,18.0926,11.856,124.256,
155.61,19.7451,18.0926,11.856,124.256,19.7451,18.0926,11.856,124.256,
155.64,20.1862,17.9003,11.6887,123.881,20.1862,17.9003,11.6887,123.881,
155.67,20.581,17.6318,11.5983,123.397,20.581,17.6318,11.5983,123.397,
155.7,20.581,17.6318,11.5983,123.397,20.581,17.6318,11.5983,123.397,
155.73,20.1574,17.7165,11.9999,123.762,20.1574,17.7165,11.9999,123.762,
155.76,20.1574,17.7165,11.9999,123.762,20.1574,17.7165,11.9999,123.762,
155.79,20.1574,17.7165,11.9999,123.762,20.1574,17.7165,11.9999,123.762,
155.82,21.0534,17.3779,11.7333,123.203,21.0534,17.3779,11.7333,123.203,
155.85,21.0534,17.3779,11.7333,123.203,21.0534,17.3779,11.7333,123.203,
155.88,21.0534,17.3779,11.7333,123.203,21.0534,17.3779,11.7333,123.203,
155.91,21.2528,17.2724,11.9481,123.293,21.2528,17.2724,11.9481,123.293,
155.94,21.2528,17.2724,11.9481,123.293,21.2528,17.2724,11.9481,123.293,
155.97,21.2528,17.2724,11.9481,123.293,21.2528,17.2724,11.9481,123.293,
156,21.2528,17.2724,11.9481,123.293,21.2528,17.2724,11.9481,123.293,
156.03,21.2388,17.2321,12.0087,123.259,21.2388,17.2321,12.0087,123.259,
156.06,21.2388,17.2321,12.0087,123.259,21.2388,17.2321,12.0087,123.259,
156.09,21.2388,17.2321,12.0087,123.259,21.2388,17.2321,12.0087,123.259,
156.12,22.9435,16.5646,11.9539,122.834,22.9435,16.5646,11.9539,122.834,
156.15,22.9435,16.5646,11.9539,122.834,22.9435,16.5646,11.9539,122.834,
156.18,22.9435,16.5646,11.9539,122.834,22.9435,16.5646,11.9539,122.834,
156.21,22.9435,16.5646,11.9539,122.834,22.9435,16.5646,11.9539,122.834,
156.24,22.9435,16.5646,11.9539,122.834,22.9435,16.5646,11.9539,122.834,
156.27,22.9435,16.5646,11.9539,122.834,22.9435,16.5646,11.9539,122.834,
156.3,22.9435,16.5646,11.9539,122.834,22.9435,16.5646,11.9539,122.834,
156.33,22.9435,16.5646,11.9539,122.834,22.9435,16.5646,11.9539,122.834,
156.36,22.9435,16.5646,11.9539,122.834,22.9435,16.5646,11.9539,122.834,
156.39,22.9435,16.5646,11.9539,122.834,22.9435,16.5646,11.9539,122.834,
156.42,22.9435,16.5646,11.9539,122.834,22.9435,16.5646,11.9539,122.834,
156.45,22.9435,16.5646,11.9539,122.834,22.9435,16.5646,11.9539,122.834,
156.48,22.9435,16.5646,11.9539,122.834,22.9435,16.5646,11.9539,122.834,
156.51,22.9435,16.5646,11.9539,122.834,22.9435,16.5646,11.9539,122.834,
156.54,22.9435,16.5646,11.9539,122.834,22.9435,16.5646,11.9539,122.834,
156.57,22.9435,16.5646,11.9539,122.834,22.9435,16.5646,11.9539,122.834,
156.6,20.2143,17.2769,13.7082,124.943,20.2143,17.2769,13.7082,124.943,
156.63,20.2143,17.2769,13.7082,124.943,20.2143,17.2769,13.7082,124.943,
156.66,20.2143,17.2769,13.7082,124.943,20.2143,17.2769,13.7082,124.943,
156.69,20.2143,17.2769,13.7082,124.943,20.2143,17.2769,13.7082,124.943,
156.72,20.2143,17.2769,13.7082,124.943,20.2143,17.2769,13.7082,124.943,
156.75,20.2143,17.2769,13.7082,124.943,20.2143,17.2769,13.7082,124.943,
156.78,20.2143,17.2769,13.7082,124.943,20.2143,17.2769,13.7082,124.943,
156.81,20.2143,17.2769,13.7082,124.943,20.2143,17.2769,13.7082,124.943,
156.84,20.2143,17.2769,13.7082,124.943,20.2143,17.2769,13.7082,124.943,
156.87,20.2143,17.2769,13.7082,124.943,20.2143,17.2769,13.7082,124.943,
156.9,20.2143,17.2769,13.7082,124.943,20.2143,17.2769,13.7082,124.943,
156.93,20.2143,17.2769,13.7082,124.943,20.2143,17.2769,13.7082,124.943,
156.96,20.2143,17.2769,13.7082,124.943,20.2143,17.2769,13.7082,124.943,
156.99,20.2143,17.2769,13.7082,124.943,20.2143,17.2769,13.7082,124.943,
157.02,20.2143,17.2769,13.7082,124.943,20.2143,17.2769,13.7082,124.943,
157.05,20.2143,17.2769,13.7082,124.943,20.2143,17.2769,13.7082,124.943,
157.08,23.1567,16.3287,12.4388,122.767,23.1567,16.3287,12.4388,122.767,
157.11,23.1567,16.3287,12.4388,122.767,23.1567,16.3287,12.4388,122.767,
157.14,23.1567,16.3287,12.4388,122.767,23.1567,16.3287,12.4388,122.767,
157.17,23.1567,16.3287,12.4388,122.767,23.1567,16.3287,12.4388,122.767,
157.2,23.1567,16.3287,12.4388,122.767,23.1567,16.3287,12.4388,122.767,
157.23,23.1567,16.3287,12.4388,122.767,23.1567,16.3287,12.4388,122.767,
157.26,23.1567,16.3287,12.4388,122.767,23.1567,16.3287,12.4388,122.767,
157.29,23.1567,16.3287,12.4388,122.767,23.1567,16.3287,12.4388,122.767,
157.32,23.1567,16.3287,12.4388,122.767,23.1567,16.3287,12.4388,122.767,
157.35,23.1567,16.3287,12.4388,122.767,23.1567,16.3287,12.4388,122.767,
157.38,23.1567,16.3287,12.4388,122.767,23.1567,16.3287,12.4388,122.767,
157.41,23.1567,16.3287,12.4388,122.767,23.1567,16.3287,12.4388,122.767,
157.44,23.1567,16.3287,12.4388,122.767,23.1567,16.3287,12.4388,122.767,
157.47,23.1567,16.3287,12.4388,122.767,23.1567,16.3287,12.4388,122.767,
157.5,23.1567,16.3287,12.4388,122.767,23.1567,16.3287,12.4388,122.767,
157.53,23.1567,16.3287,12.4388,122.767,23.1567,16.3287,12.4388,122.767,
157.56,22.9745,16.6597,12.0033,121.97,22.9745,16.6597,12.0033,121.97,
157.59,22.9813,16.6969,11.8752,121.887,22.9813,16.6969,11.8752,121.887,
157.62,22.9813,16.6969,11.8752,121.887,22.9813,16.6969,11.8752,121.887,
157.65,22.9813,16.6969,11.8752,121.887,22.9813,16.6969,11.8752,121.887,
157.68,22.9813,16.6969,11.8752,121.887,22.9813,16.6969,11.8752,121.887,
157.71,23.7446,17.0742,9.17573,123.594,23.7446,17.0742,9.17573,123.594,
157.74,23.7446,17.0742,9.17573,123.594,23.7446,17.0742,9.17573,123.594,
157.77,23.7446,17.0742,9.17573,123.594,23.7446,17.0742,9.17573,123.594,
157.8,23.7446,17.0742,9.17573,123.594,23.7446,17.0742,9.17573,123.594,
157.83,23.7446,17.0742,9.17573,123.594,23.7446,17.0742,9.17573,123.594,
157.86,23.7446,17.0742,9.17573,123.594,23.7446,17.0742,9.17573,123.594,
157.89,23.7446,17.0742,9.17573,123.594,23.7446,17.0742,9.17573,123.594,
157.92,23.7446,17.0742,9.17573,123.594,23.7446,17.0742,9.17573,123.594,
157.95,23.7446,17.0742,9.17573,123.594,23.7446,17.0742,9.17573,123.594,
157.98,23.7446,17.0742,9.17573,123.594,23.7446,17.0742,9.17573,123.594,
158.01,23.7446,17.0742,9.17573,123.594,23.7446,17.0742,9.17573,123.594,
158.04,23.7446,17.0742,9.17573,123.594,23.7446,17.0742,9.17573,123.594,
158.07,23.7446,17.0742,9.17573,123.594,23.7446,17.0742,9.17573,123.594,
158.1,23.7446,17.0742,9.17573,123.594,23.7446,17.0742,9.17573,123.594,
158.13,23.7446,17.0742,9.17573,123.594,23.7446,17.0742,9.17573,123.594,
158.16,23.7446,17.0742,9.17573,123.594,23.7446,17.0742,9.17573,123.594,
158.19,22.3468,17.4496,10.234,123.026,22.3468,17.4496,10.234,123.026,
158.22,22.3468,17.4496,10.234,123.026,22.3468,17.4496,10.234,123.026,
158.25,22.3468,17.4496,10.234,123.026,22.3468,17.4496,10.234,123.026,
158.28,22.3468,17.4496,10.234,123.026,22.3468,17.4496,10.234,123.026,
158.31,22.4224,17.4175,10.1775,122.741,22.4224,17.4175,10.1775,122.741,
158.34,22.4224,17.4175,10.1775,122.741,22.4224,17.4175,10.1775,122.741,
158.37,22.4224,17.4175,10.1775,122.741,22.4224,17.4175,10.1775,122.741,
158.4,22.4224,17.4175,10.1775,122.741,22.4224,17.4175,10.1775,122.741,
158.43,22.4224,17.4175,10.1775,122.741,22.4224,17.4175,10.1775,122.741,
158.46,22.4224,17.4175,10.1775,122.741,22.4224,17.4175,10.1775,122.741,
158.49,22.4124,17.4042,10.1994,122.56,22.4124,17.4042,10.1994,122.56,
158.52,22.4124,17.4042,10.1994,122.56,22.4124,17.4042,10.1994,122.56,
158.55,22.4124,17.4042,10.1994,122.56,22.4124,17.4042,10.1994,122.56,
158.58,22.4124,17.4042,10.1994,122.56,22.4124,17.4042,10.1994,122.56,
158.61,22.4124,17.4042,10.1994,122.56,22.4124,17.4042,10.1994,122.56,
158.64,21.7029,17.6497,10.8169,123.202,21.7029,17.6497,10.8169,123.202,
158.67,21.7029,17.6497,10.8169,123.202,21.7029,17.6497,10.8169,123.202,
158.7,21.7029,17.6497,10.8169,123.202,21.7029,17.6497,10.8169,123.202,
158.73,21.7029,17.6497,10.8169,123.202,21.7029,17.6497,10.8169,123.202,
158.76,21.354,17.7634,11.6772,124.054,21.354,17.7634,11.6772,124.054,
158.79,21.354,17.7634,11.6772,124.054,21.354,17.7634,11.6772,124.054,
158.82,21.354,17.7634,11.6772,124.054,21.354,17.7634,11.6772,124.054,
158.85,21.354,17.7634,11.6772,124.054,21.354,17.7634,11.6772,124.054,
158.88,21.354,17.7634,11.6772,124.054,21.354,17.7634,11.6772,124.054,
158.91,21.354,17.7634,11.6772,124.054,21.354,17.7634,11.6772,124.054,
158.94,21.354,17.7634,11.6772,124.054,21.354,17.7634,11.6772,124.054,
158.97,21.354,17.7634,11.6772,124.054,21.354,17.7634,11.6772,124.054,
159,21.354,17.7634,11.6772,124.054,21.354,17.7634,11.6772,124.054,
159.03,21.354,17.7634,11.6772,124.054,21.354,17.7634,11.6772,124.054,
159.06,21.354,17.7634,11.6772,124.054,21.354,17.7634,11.6772,124.054,
159.09,21.354,17.7634,11.6772,124.054,21.354,17.7634,11.6772,124.054,
159.12,21.354,17.7634,11.6772,124.054,21.354,17.7634,11.6772,124.054,
159.15,21.354,17.7634,11.6772,124.054,21.354,17.7634,11.6772,124.054,
159.18,21.354,17.7634,11.6772,124.054,21.354,17.7634,11.6772,124.054,
159.21,21.354,17.7634,11.6772,124.054,21.354,17.7634,11.6772,124.054,
159.24,21.9348,17.7849,10.3397,123.922,21.9348,17.7849,10.3397,123.922,
159.27,21.9348,17.7849,10.3397,123.922,21.9348,17.7849,10.3397,123.922,
159.3,21.9348,17.7849,10.3397,123.922,21.9348,17.7849,10.3397,123.922,
159.33,21.9348,17.7849,10.3397,123.922,21.9348,17.7849,10.3397,123.922,
159.36,21.6873,18.5019,10.1543,125.226,21.6873,18.5019,10.1543,125.226,
159.39,21.6873,18.5019,10.1543,125.226,21.6873,18.5019,10.1543,125.226,
159.42,21.6873,18.5019,10.1543,125.226,21.6873,18.5019,10.1543,125.226,
159.45,19.7489,19.7805,12.377,129.713,19.7489,19.7805,12.377,129.713,
159.48,19.7489,19.7805,12.377,129.713,19.7489,19.7805,12.377,129.713,
159.51,19.7489,19.7805,12.377,129.713,19.7489,19.7805,12.377,129.713,
159.54,19.7489,19.7805,12.377,129.713,19.7489,19.7805,12.377,129.713,
159.57,19.7489,19.7805,12.377,129.713,19.7489,19.7805,12.377,129.713,
159.6,19.7489,19.7805,12.377,129.713,19.7489,19.7805,12.377,129.713,
159.63,19.7489,19.7805,12.377,129.713,19.7489,19.7805,12.377,129.713,
159.66,19.7489,19.7805,12.377,129.713,19.7489,19.7805,12.377,129.713,
159.69,19.7489,19.7805,12.377,129.713,19.7489,19.7805,12.377,129.713,
159.72,19.7489,19.7805,12.377,129.713,19.7489,19.7805,12.377,129.713,
159.75,19.7489,19.7805,12.377,129.713,19.7489,19.7805,12.377,129.713,
159.78,19.7489,19.7805,12.377,129.713,19.7489,19.7805,12.377,129.713,
159.81,19.7489,19.7805,12.377,129.713,19.7489,19.7805,12.377,129.713,
159.84,19.7489,19.7805,12.377,129.713,19.7489,19.7805,12.377,129.713,
159.87,19.7489,19.7805,12.377,129.713,19.7489,19.7805,12.377,129.713,
159.9,19.7489,19.7805,12.377,129.713,19.7489,19.7805,12.377,129.713,
159.93,5.147,27.5198,17.2083,146.883,5.147,27.5198,17.2083,146.883,
159.96,5.147,27.5198,17.2083,146.883,5.147,27.5198,17.2083,146.883,
159.99,5.147,27.5198,17.2083,146.883,5.147,27.5198,17.2083,146.883,
160.02,5.147,27.5198,17.2083,146.883,5.147,27.5198,17.2083,146.883,
160.05,5.147,27.5198,17.2083,146.883,5.147,27.5198,17.2083,146.883,
160.08,5.147,27.5198,17.2083,146.883,5.147,27.5198,17.2083,146.883,
160.11,5.147,27.5198,17.2083,146.883,5.147,27.5198,17.2083,146.883,
160.14,5.147,27.5198,17.2083,146.883,5.147,27.5198,17.2083,146.883,
160.17,5.147,27.5198,17.2083,146.883,5.147,27.5198,17.2083,146.883,
160.2,5.147,27.5198,17.2083,146.883,5.147,27.5198,17.2083,146.883,
160.23,5.147,27.5198,17.2083,146.883,5.147,27.5198,17.2083,146.883,
160.26,5.147,27.5198,17.2083,146.883,5.147,27.5198,17.2083,146.883,
160.29,5.147,27.5198,17.2083,146.883,5.147,27.5198,17.2083,146.883,
160.32,5.147,27.5198,17.2083,146.883,5.147,27.5198,17.2083,146.883,
160.35,5.147,27.5198,17.2083,146.883,5.147,27.5198,17.2083,146.883,
160.38,5.147,27.5198,17.2083,146.883,5.147,27.5198,17.2083,146.883,
160.41,16.8451,27.5755,-14.6867,134.463,16.8451,27.5755,-14.6867,134.463,
160.44,16.8451,27.5755,-14.6867,134.463,16.8451,27.5755,-14.6867,134.463,
160.47,16.8451,27.5755,-14.6867,134.463,16.8451,27.5755,-14.6867,134.463,
160.5,16.8451,27.5755,-14.6867,134.463,16.8451,27.5755,-14.6867,134.463,
160.53,16.8451,27.5755,-14.6867,134.463,16.8451,27.5755,-14.6867,134.463,
160.56,16.8451,27.5755,-14.6867,134.463,16.8451,27.5755,-14.6867,134.463,
160.59,16.8451,27.5755,-14.6867,134.463,16.8451,27.5755,-14.6867,134.463,
160.62,16.8451,27.5755,-14.6867,134.463,16.8451,27.5755,-14.6867,134.463,
160.65,16.8451,27.5755,-14.6867,134.463,16.8451,27.5755,-14.6867,134.463,
160.68,16.8451,27.5755,-14.6867,134.463,16.8451,27.5755,-14.6867,134.463,
160.71,16.8451,27.5755,-14.6867,134.463,16.8451,27.5755,-14.6867,134.463,
160.74,16.8451,27.5755,-14.6867,134.463,16.8451,27.5755,-14.6867,134.463,
160.77,16.8451,27.5755,-14.6867,134.463,16.8451,27.5755,-14.6867,134.463,
160.8,16.8451,27.5755,-14.6867,134.463,16.8451,27.5755,-14.6867,134.463,
160.83,16.8451,27.5755,-14.6867,134.463,16.8451,27.5755,-14.6867,134.463,
160.86,16.8451,27.5755,-14.6867,134.463,16.8451,27.5755,-14.6867,134.463,
160.89,29.5066,24.3002,-28.9784,127.208,29.5066,24.3002,-28.9784,127.208,
160.92,29.5066,24.3002,-28.9784,127.208,29.5066,24.3002,-28.9784,127.208,
160.95,29.5066,24.3002,-28.9784,127.208,29.5066,24.3002,-28.9784,127.208,
160.98,29.5066,24.3002,-28.9784,127.208,29.5066,24.3002,-28.9784,127.208,
161.01,29.5066,24.3002,-28.9784,127.208,29.5066,24.3002,-28.9784,127.208,
161.04,29.5066,24.3002,-28.9784,127.208,29.5066,24.3002,-28.9784,127.208,
161.07,29.5066,24.3002,-28.9784,127.208,29.5066,24.3002,-28.9784,127.208,
161.1,29.5066,24.3002,-28.9784,127.208,29.5066,24.3002,-28.9784,127.208,
161.13,29.5066,24.3002,-28.9784,127.208,29.5066,24.3002,-28.9784,127.208,
161.16,29.5066,24.3002,-28.9784,127.208,29.5066,24.3002,-28.9784,127.208,
161.19,29.5066,24.3002,-28.9784,127.208,29.5066,24.3002,-28.9784,127.208,
161.22,29.5066,24.3002,-28.9784,127.208,29.5066,24.3002,-28.9784,127.208,
161.25,29.5066,24.3002,-28.9784,127.208,29.5066,24.3002,-28.9784,127.208,
161.28,29.5066,24.3002,-28.9784,127.208,29.5066,24.3002,-28.9784,127.208,
161.31,29.5066,24.3002,-28.9784,127.208,29.5066,24.3002,-28.9784,127.208,
161.34,29.5066,24.3002,-28.9784,127.208,29.5066,24.3002,-28.9784,127.208,
161.37,31.2557,24.0278,-32.3008,125.881,31.2557,24.0278,-32.3008,125.881,
161.4,31.2557,24.0278,-32.3008,125.881,31.2557,24.0278,-32.3008,125.881,
161.43,31.2557,24.0278,-32.3008,125.881,31.2557,24.0278,-32.3008,125.881,
161.46,31.2557,24.0278,-32.3008,125.881,31.2557,24.0278,-32.3008,125.881,
161.49,31.2557,24.0278,-32.3008,125.881,31.2557,24.0278,-32.3008,125.881,
161.52,31.2557,24.0278,-32.3008,125.881,31.2557,24.0278,-32.3008,125.881,
161.55,31.2557,24.0278,-32.3008,125.881,31.2557,24.0278,-32.3008,125.881,
161.58,31.2557,24.0278,-32.3008,125.881,31.2557,24.0278,-32.3008,125.881,
161.61,31.2557,24.0278,-32.3008,125.881,31.2557,24.0278,-32.3008,125.881,
161.64,31.2557,24.0278,-32.3008,125.881,31.2557,24.0278,-32.3008,125.881,
161.67,31.2557,24.0278,-32.3008,125.881,31.2557,24.0278,-32.3008,125.881,
161.7,31.2557,24.0278,-32.3008,125.881,31.2557,24.0278,-32.3008,125.881,
161.73,31.2557,24.0278,-32.3008,125.881,31.2557,24.0278,-32.3008,125.881,
161.76,31.2557,24.0278,-32.3008,125.881,31.2557,24.0278,-32.3008,125.881,
161.79,31.2557,24.0278,-32.3008,125.881,31.2557,24.0278,-32.3008,125.881,
161.82,31.2557,24.0278,-32.3008,125.881,31.2557,24.0278,-32.3008,125.881,
161.85,35.9913,22.3149,-37.2247,123.649,35.9913,22.3149,-37.2247,123.649,
161.88,35.9913,22.3149,-37.2247,123.649,35.9913,22.3149,-37.2247,123.649,
161.91,35.9913,22.3149,-37.2247,123.649,35.9913,22.3149,-37.2247,123.649,
161.94,35.9913,22.3149,-37.2247,123.649,35.9913,22.3149,-37.2247,123.649,
161.97,35.9913,22.3149,-37.2247,123.649,35.9913,22.3149,-37.2247,123.649,
162,35.9913,22.3149,-37.2247,123.649,35.9913,22.3149,-37.2247,123.649,
162.03,35.9913,22.3149,-37.2247,123.649,35.9913,22.3149,-37.2247,123.649,
162.06,35.9913,22.3149,-37.2247,123.649,35.9913,22.3149,-37.2247,123.649,
162.09,35.9913,22.3149,-37.2247,123.649,35.9913,22.3149,-37.2247,123.649,
162.12,35.9913,22.3149,-37.2247,123.649,35.9913,22.3149,-37.2247,123.649,
162.15,35.9913,22.3149,-37.2247,123.649,35.9913,22.3149,-37.2247,123.649,
162.18,35.9913,22.3149,-37.2247,123.649,35.9913,22.3149,-37.2247,123.649,
162.21,35.9913,22.3149,-37.2247,123.649,35.9913,22.3149,-37.2247,123.649,
162.24,35.9913,22.3149,-37.2247,123.649,35.9913,22.3149,-37.2247,123.649,
162.27,35.9913,22.3149,-37.2247,123.649,35.9913,22.3149,-37.2247,123.649,
162.3,35.9913,22.3149,-37.2247,123.649,35.9913,22.3149,-37.2247,123.649,
162.33,39.7929,20.5219,-40.5952,121.768,39.7929,20.5219,-40.5952,121.768,
162.36,39.7929,20.5219,-40.5952,121.768,39.7929,20.5219,-40.5952,121.768,
162.39,39.7929,20.5219,-40.5952,121.768,39.7929,20.5219,-40.5952,121.768,
162.42,39.7929,20.5219,-40.5952,121.768,39.7929,20.5219,-40.5952,121.768,
162.45,39.7929,20.5219,-40.5952,121.768,39.7929,20.5219,-40.5952,121.768,
162.48,39.7929,20.5219,-40.5952,121.768,39.7929,20.5219,-40.5952,121.768,
162.51,39.7929,20.5219,-40.5952,121.768,39.7929,20.5219,-40.5952,121.768,
162.54,39.7929,20.5219,-40.5952,121.768,39.7929,20.5219,-40.5952,121.768,
162.57,39.7929,20.5219,-40.5952,121.768,39.7929,20.5219,-40.5952,121.768,
162.6,39.7929,20.5219,-40.5952,121.768,39.7929,20.5219,-40.5952,121.768,
162.63,39.7929,20.5219,-40.5952,121.768,39.7929,20.5219,-40.5952,121.768,
162.66,39.7929,20.5219,-40.5952,121.768,39.7929,20.5219,-40.5952,121.768,
162.69,39.7929,20.5219,-40.5952,121.768,39.7929,20.5219,-40.5952,121.768,
162.72,39.7929,20.5219,-40.5952,121.768,39.7929,20.5219,-40.5952,121.768,
162.75,39.7929,20.5219,-40.5952,121.768,39.7929,20.5219,-40.5952,121.768,
162.78,39.7929,20.5219,-40.5952,121.768,39.7929,20.5219,-40.5952,121.768,
162.81,41.7205,19.4233,-42.4836,122.498,41.7205,19.4233,-42.4836,122.498,
162.84,41.7205,19.4233,-42.4836,122.498,41.7205,19.4233,-42.4836,122.498,
162.87,41.7205,19.4233,-42.4836,122.498,41.7205,19.4233,-42.4836,122.498,
162.9,41.7205,19.4233,-42.4836,122.498,41.7205,19.4233,-42.4836,122.498,
162.93,41.7205,19.4233,-42.4836,122.498,41.7205,19.4233,-42.4836,122.498,
162.96,41.7205,19.4233,-42.4836,122.498,41.7205,19.4233,-42.4836,122.498,
162.99,41.7205,19.4233,-42.4836,122.498,41.7205,19.4233,-42.4836,122.498,
163.02,41.7205,19.4233,-42.4836,122.498,41.7205,19.4233,-42.4836,122.498,
163.05,41.7205,19.4233,-42.4836,122.498,41.7205,19.4233,-42.4836,122.498,
163.08,41.7205,19.4233,-42.4836,122.498,41.7205,19.4233,-42.4836,122.498,
163.11,41.7205,19.4233,-42.4836,122.498,41.7205,19.4233,-42.4836,122.498,
163.14,41.7205,19.4233,-42.4836,122.498,41.7205,19.4233,-42.4836,122.498,
163.17,41.7205,19.4233,-42.4836,122.498,41.7205,19.4233,-42.4836,122.498,
163.2,41.7205,19.4233,-42.4836,122.498,41.7205,19.4233,-42.4836,122.498,
163.23,41.7205,19.4233,-42.4836,122.498,41.7205,19.4233,-42.4836,122.498,
163.26,41.7205,19.4233,-42.4836,122.498,41.7205,19.4233,-42.4836,122.498,
163.29,39.8117,20.5262,-41.9462,122.663,39.8117,20.5262,-41.9462,122.663,
163.32,39.8117,20.5262,-41.9462,122.663,39.8117,20.5262,-41.9462,122.663,
163.35,39.8117,20.5262,-41.9462,122.663,39.8117,20.5262,-41.9462,122.663,
163.38,39.8117,20.5262,-41.9462,122.663,39.8117,20.5262,-41.9462,122.663,
163.41,39.8117,20.5262,-41.9462,122.663,39.8117,20.5262,-41.9462,122.663,
163.44,39.8117,20.5262,-41.9462,122.663,39.8117,20.5262,-41.9462,122.663,
163.47,39.8117,20.5262,-41.9462,122.663,39.8117,20.5262,-41.9462,122.663,
163.5,39.8117,20.5262,-41.9462,122.663,39.8117,20.5262,-41.9462,122.663,
163.53,39.8117,20.5262,-41.9462,122.663,39.8117,20.5262,-41.9462,122.663,
163.56,39.8117,20.5262,-41.9462,122.663,39.8117,20.5262,-41.9462,122.663,
163.59,39.8117,20.5262,-41.9462,122.663,39.8117,20.5262,-41.9462,122.663,
163.62,39.8117,20.5262,-41.9462,122.663,39.8117,20.5262,-41.9462,122.663,
163.65,39.8117,20.5262,-41.9462,122.663,39.8117,20.5262,-41.9462,122.663,
163.68,39.8117,20.5262,-41.9462,122.663,39.8117,20.5262,-41.9462,122.663,
163.71,39.8117,20.5262,-41.9462,122.663,39.8117,20.5262,-41.9462,122.663,
163.74,39.8117,20.5262,-41.9462,122.663,39.8117,20.5262,-41.9462,122.663,
163.77,25.0216,27.3607,-31.8565,135.54,25.0216,27.3607,-31.8565,135.54,
163.8,25.0216,27.3607,-31.8565,135.54,25.0216,27.3607,-31.8565,135.54,
163.83,25.0216,27.3607,-31.8565,135.54,25.0216,27.3607,-31.8565,135.54,
163.86,25.0216,27.3607,-31.8565,135.54,25.0216,27.3607,-31.8565,135.54,
163.89,25.0216,27.3607,-31.8565,135.54,25.0216,27.3607,-31.8565,135.54,
163.92,25.0216,27.3607,-31.8565,135.54,25.0216,27.3607,-31.8565,135.54,
163.95,25.0216,27.3607,-31.8565,135.54,25.0216,27.3607,-31.8565,135.54,
163.98,25.0216,27.3607,-31.8565,135.54,25.0216,27.3607,-31.8565,135.54,
164.01,25.0216,27.3607,-31.8565,135.54,25.0216,27.3607,-31.8565,135.54,
164.04,25.0216,27.3607,-31.8565,135.54,25.0216,27.3607,-31.8565,135.54,
164.07,25.0216,27.3607,-31.8565,135.54,25.0216,27.3607,-31.8565,135.54,
164.1,25.0216,27.3607,-31.8565,135.54,25.0216,27.3607,-31.8565,135.54,
164.13,25.0216,27.3607,-31.8565,135.54,25.0216,27.3607,-31.8565,135.54,
164.16,25.0216,27.3607,-31.8565,135.54,25.0216,27.3607,-31.8565,135.54,
164.19,25.0216,27.3607,-31.8565,135.54,25.0216,27.3607,-31.8565,135.54,
164.22,25.0216,27.3607,-31.8565,135.54,25.0216,27.3607,-31.8565,135.54,
164.25,20.8366,26.7638,-14.2135,142.855,20.8366,26.7638,-14.2135,142.855,
164.28,20.8366,26.7638,-14.2135,142.855,20.8366,26.7638,-14.2135,142.855,
164.31,20.8366,26.7638,-14.2135,142.855,20.8366,26.7638,-14.2135,142.855,
164.34,20.8366,26.7638,-14.2135,142.855,20.8366,26.7638,-14.2135,142.855,
164.37,20.8366,26.7638,-14.2135,142.855,20.8366,26.7638,-14.2135,142.855,
164.4,20.8366,26.7638,-14.2135,142.855,20.8366,26.7638,-14.2135,142.855,
164.43,20.8366,26.7638,-14.2135,142.855,20.8366,26.7638,-14.2135,142.855,
164.46,20.8366,26.7638,-14.2135,142.855,20.8366,26.7638,-14.2135,142.855,
164.49,20.8366,26.7638,-14.2135,142.855,20.8366,26.7638,-14.2135,142.855,
164.52,20.8366,26.7638,-14.2135,142.855,20.8366,26.7638,-14.2135,142.855,
164.55,20.8366,26.7638,-14.2135,142.855,20.8366,26.7638,-14.2135,142.855,
164.58,20.8366,26.7638,-14.2135,142.855,20.8366,26.7638,-14.2135,142.855,
164.61,20.8366,26.7638,-14.2135,142.855,20.8366,26.7638,-14.2135,142.855,
164.64,20.8366,26.7638,-14.2135,142.855,20.8366,26.7638,-14.2135,142.855,
164.67,20.8366,26.7638,-14.2135,142.855,20.8366,26.7638,-14.2135,142.855,
164.7,20.8366,26.7638,-14.2135,142.855,20.8366,26.7638,-14.2135,142.855,
164.73,2.74859,25.3731,-6.139,159.632,2.74859,25.3731,-6.139,159.632,
164.76,2.74859,25.3731,-6.139,159.632,2.74859,25.3731,-6.139,159.632,
164.79,2.74859,25.3731,-6.139,159.632,2.74859,25.3731,-6.139,159.632,
164.82,2.74859,25.3731,-6.139,159.632,2.74859,25.3731,-6.139,159.632,
164.85,2.74859,25.3731,-6.139,159.632,2.74859,25.3731,-6.139,159.632,
164.88,2.74859,25.3731,-6.139,159.632,2.74859,25.3731,-6.139,159.632,
164.91,2.74859,25.3731,-6.139,159.632,2.74859,25.3731,-6.139,159.632,
164.94,2.74859,25.3731,-6.139,159.632,2.74859,25.3731,-6.139,159.632,
164.97,2.74859,25.3731,-6.139,159.632,2.74859,25.3731,-6.139,159.632,
165,2.74859,25.3731,-6.139,159.632,2.74859,25.3731,-6.139,159.632,
165.03,2.74859,25.3731,-6.139,159.632,2.74859,25.3731,-6.139,159.632,
165.06,2.74859,25.3731,-6.139,159.632,2.74859,25.3731,-6.139,159.632,
165.09,2.74859,25.3731,-6.139,159.632,2.74859,25.3731,-6.139,159.632,
165.12,2.74859,25.3731,-6.139,159.632,2.74859,25.3731,-6.139,159.632,
165.15,2.74859,25.3731,-6.139,159.632,2.74859,25.3731,-6.139,159.632,
165.18,2.74859,25.3731,-6.139,159.632,2.74859,25.3731,-6.139,159.632,
165.21,11.8463,24.3524,12.6041,139.852,11.8463,24.3524,12.6041,139.852,
165.24,11.8463,24.3524,12.6041,139.852,11.8463,24.3524,12.6041,139.852,
165.27,11.8463,24.3524,12.6041,139.852,11.8463,24.3524,12.6041,139.852,
165.3,11.8463,24.3524,12.6041,139.852,11.8463,24.3524,12.6041,139.852,
165.33,11.8463,24.3524,12.6041,139.852,11.8463,24.3524,12.6041,139.852,
165.36,11.8463,24.3524,12.6041,139.852,11.8463,24.3524,12.6041,139.852,
165.39,11.8463,24.3524,12.6041,139.852,11.8463,24.3524,12.6041,139.852,
165.42,11.8463,24.3524,12.6041,139.852,11.8463,24.3524,12.6041,139.852,
165.45,11.8463,24.3524,12.6041,139.852,11.8463,24.3524,12.6041,139.852,
165.48,11.8463,24.3524,12.6041,139.852,11.8463,24.3524,12.6041,139.852,
165.51,11.8463,24.3524,12.6041,139.852,11.8463,24.3524,12.6041,139.852,
165.54,11.8463,24.3524,12.6041,139.852,11.8463,24.3524,12.6041,139.852,
165.57,11.8463,24.3524,12.6041,139.852,11.8463,24.3524,12.6041,139.852,
165.6,11.8463,24.3524,12.6041,139.852,11.8463,24.3524,12.6041,139.852,
165.63,11.8463,24.3524,12.6041,139.852,11.8463,24.3524,12.6041,139.852,
165.66,11.8463,24.3524,12.6041,139.852,11.8463,24.3524,12.6041,139.852,
165.69,20.5365,23.1607,16.9001,122.302,20.5365,23.1607,16.9001,122.302,
165.72,20.5365,23.1607,16.9001,122.302,20.5365,23.1607,16.9001,122.302,
165.75,20.5365,23.1607,16.9001,122.302,20.5365,23.1607,16.9001,122.302,
165.78,20.5365,23.1607,16.9001,122.302,20.5365,23.1607,16.9001,122.302,
165.81,20.5365,23.1607,16.9001,122.302,20.5365,23.1607,16.9001,122.302,
165.84,20.5365,23.1607,16.9001,122.302,20.5365,23.1607,16.9001,122.302,
165.87,20.5365,23.1607,16.9001,122.302,20.5365,23.1607,16.9001,122.302,
165.9,20.5365,23.1607,16.9001,122.302,20.5365,23.1607,16.9001,122.302,
165.93,20.5365,23.1607,16.9001,122.302,20.5365,23.1607,16.9001,122.302,
165.96,20.5365,23.1607,16.9001,122.302,20.5365,23.1607,16.9001,122.302,
165.99,20.5365,23.1607,16.9001,122.302,20.5365,23.1607,16.9001,122.302,
166.02,20.5365,23.1607,16.9001,122.302,20.5365,23.1607,16.9001,122.302,
166.05,20.5365,23.1607,16.9001,122.302,20.5365,23.1607,16.9001,122.302,
166.08,20.5365,23.1607,16.9001,122.302,20.5365,23.1607,16.9001,122.302,
166.11,20.5365,23.1607,16.9001,122.302,20.5365,23.1607,16.9001,122.302,
166.14,20.5365,23.1607,16.9001,122.302,20.5365,23.1607,16.9001,122.302,
166.17,21.437,22.8287,1.98662,104.348,21.437,22.8287,1.98662,104.348,
166.2,21.437,22.8287,1.98662,104.348,21.437,22.8287,1.98662,104.348,
166.23,21.437,22.8287,1.98662,104.348,21.437,22.8287,1.98662,104.348,
166.26,21.437,22.8287,1.98662,104.348,21.437,22.8287,1.98662,104.348,
166.29,21.437,22.8287,1.98662,104.348,21.437,22.8287,1.98662,104.348,
166.32,21.437,22.8287,1.98662,104.348,21.437,22.8287,1.98662,104.348,
166.35,21.437,22.8287,1.98662,104.348,21.437,22.8287,1.98662,104.348,
166.38,21.437,22.8287,1.98662,104.348,21.437,22.8287,1.98662,104.348,
166.41,21.437,22.8287,1.98662,104.348,21.437,22.8287,1.98662,104.348,
166.44,21.437,22.8287,1.98662,104.348,21.437,22.8287,1.98662,104.348,
166.47,21.437,22.8287,1.98662,104.348,21.437,22.8287,1.98662,104.348,
166.5,21.437,22.8287,1.98662,104.348,21.437,22.8287,1.98662,104.348,
166.53,21.437,22.8287,1.98662,104.348,21.437,22.8287,1.98662,104.348,
166.56,21.437,22.8287,1.98662,104.348,21.437,22.8287,1.98662,104.348,
166.59,21.437,22.8287,1.98662,104.348,21.437,22.8287,1.98662,104.348,
166.62,21.437,22.8287,1.98662,104.348,21.437,22.8287,1.98662,104.348,
166.65,19.9482,22.5171,-14.4991,82.6873,19.9482,22.5171,-14.4991,82.6873,
166.68,19.9482,22.5171,-14.4991,82.6873,19.9482,22.5171,-14.4991,82.6873,
166.71,19.9482,22.5171,-14.4991,82.6873,19.9482,22.5171,-14.4991,82.6873,
166.74,19.9482,22.5171,-14.4991,82.6873,19.9482,22.5171,-14.4991,82.6873,
166.77,19.9482,22.5171,-14.4991,82.6873,19.9482,22.5171,-14.4991,82.6873,
166.8,19.9482,22.5171,-14.4991,82.6873,19.9482,22.5171,-14.4991,82.6873,
166.83,19.9482,22.5171,-14.4991,82.6873,19.9482,22.5171,-14.4991,82.6873,
166.86,19.9482,22.5171,-14.4991,82.6873,19.9482,22.5171,-14.4991,82.6873,
166.89,19.9482,22.5171,-14.4991,82.6873,19.9482,22.5171,-14.4991,82.6873,
166.92,19.9482,22.5171,-14.4991,82.6873,19.9482,22.5171,-14.4991,82.6873,
166.95,19.9482,22.5171,-14.4991,82.6873,19.9482,22.5171,-14.4991,82.6873,
166.98,19.9482,22.5171,-14.4991,82.6873,19.9482,22.5171,-14.4991,82.6873,
167.01,19.9482,22.5171,-14.4991,82.6873,19.9482,22.5171,-14.4991,82.6873,
167.04,19.9482,22.5171,-14.4991,82.6873,19.9482,22.5171,-14.4991,82.6873,
167.07,19.9482,22.5171,-14.4991,82.6873,19.9482,22.5171,-14.4991,82.6873,
167.1,19.9482,22.5171,-14.4991,82.6873,19.9482,22.5171,-14.4991,82.6873,
167.13,16.9986,21.5809,-26.6576,66.8461,16.9986,21.5809,-26.6576,66.8461,
167.16,16.9986,21.5809,-26.6576,66.8461,16.9986,21.5809,-26.6576,66.8461,
167.19,16.9986,21.5809,-26.6576,66.8461,16.9986,21.5809,-26.6576,66.8461,
167.22,16.9986,21.5809,-26.6576,66.8461,16.9986,21.5809,-26.6576,66.8461,
167.25,16.9986,21.5809,-26.6576,66.8461,16.9986,21.5809,-26.6576,66.8461,
167.28,16.9986,21.5809,-26.6576,66.8461,16.9986,21.5809,-26.6576,66.8461,
167.31,16.9986,21.5809,-26.6576,66.8461,16.9986,21.5809,-26.6576,66.8461,
167.34,16.9986,21.5809,-26.6576,66.8461,16.9986,21.5809,-26.6576,66.8461,
167.37,16.9986,21.5809,-26.6576,66.8461,16.9986,21.5809,-26.6576,66.8461,
167.4,16.9986,21.5809,-26.6576,66.8461,16.9986,21.5809,-26.6576,66.8461,
167.43,16.9986,21.5809,-26.6576,66.8461,16.9986,21.5809,-26.6576,66.8461,
167.46,16.9986,21.5809,-26.6576,66.8461,16.9986,21.5809,-26.6576,66.8461,
167.49,16.9986,21.5809,-26.6576,66.8461,16.9986,21.5809,-26.6576,66.8461,
167.52,16.9986,21.5809,-26.6576,66.8461,16.9986,21.5809,-26.6576,66.8461,
167.55,16.9986,21.5809,-26.6576,66.8461,16.9986,21.5809,-26.6576,66.8461,
167.58,16.9986,21.5809,-26.6576,66.8461,16.9986,21.5809,-26.6576,66.8461,
167.61,14.2494,20.753,-31.4869,60.0805,14.2494,20.753,-31.4869,60.0805,
167.64,14.2494,20.753,-31.4869,60.0805,14.2494,20.753,-31.4869,60.0805,
167.67,14.2494,20.753,-31.4869,60.0805,14.2494,20.753,-31.4869,60.0805,
167.7,14.2494,20.753,-31.4869,60.0805,14.2494,20.753,-31.4869,60.0805,
167.73,14.2494,20.753,-31.4869,60.0805,14.2494,20.753,-31.4869,60.0805,
167.76,14.2494,20.753,-31.4869,60.0805,14.2494,20.753,-31.4869,60.0805,
167.79,14.2494,20.753,-31.4869,60.0805,14.2494,20.753,-31.4869,60.0805,
167.82,14.2494,20.753,-31.4869,60.0805,14.2494,20.753,-31.4869,60.0805,
167.85,14.2494,20.753,-31.4869,60.0805,14.2494,20.753,-31.4869,60.0805,
167.88,14.2494,20.753,-31.4869,60.0805,14.2494,20.753,-31.4869,60.0805,
167.91,14.2494,20.753,-31.4869,60.0805,14.2494,20.753,-31.4869,60.0805,
167.94,14.2494,20.753,-31.4869,60.0805,14.2494,20.753,-31.4869,60.0805,
167.97,14.2494,20.753,-31.4869,60.0805,14.2494,20.753,-31.4869,60.0805,
168,14.2494,20.753,-31.4869,60.0805,14.2494,20.753,-31.4869,60.0805,
168.03,14.2494,20.753,-31.4869,60.0805,14.2494,20.753,-31.4869,60.0805,
168.06,14.2494,20.753,-31.4869,60.0805,14.2494,20.753,-31.4869,60.0805,
168.09,17.0004,20.6417,-39.9761,59.0005,17.0004,20.6417,-39.9761,59.0005,
168.12,17.0004,20.6417,-39.9761,59.0005,17.0004,20.6417,-39.9761,59.0005,
168.15,17.0004,20.6417,-39.9761,59.0005,17.0004,20.6417,-39.9761,59.0005,
168.18,17.0004,20.6417,-39.9761,59.0005,17.0004,20.6417,-39.9761,59.0005,
168.21,17.0004,20.6417,-39.9761,59.0005,17.0004,20.6417,-39.9761,59.0005,
168.24,17.0004,20.6417,-39.9761,59.0005,17.0004,20.6417,-39.9761,59.0005,
168.27,17.0004,20.6417,-39.9761,59.0005,17.0004,20.6417,-39.9761,59.0005,
168.3,17.0004,20.6417,-39.9761,59.0005,17.0004,20.6417,-39.9761,59.0005,
168.33,17.0004,20.6417,-39.9761,59.0005,17.0004,20.6417,-39.9761,59.0005,
168.36,17.0004,20.6417,-39.9761,59.0005,17.0004,20.6417,-39.9761,59.0005,
168.39,17.0004,20.6417,-39.9761,59.0005,17.0004,20.6417,-39.9761,59.0005,
168.42,17.0004,20.6417,-39.9761,59.0005,17.0004,20.6417,-39.9761,59.0005,
168.45,17.0004,20.6417,-39.9761,59.0005,17.0004,20.6417,-39.9761,59.0005,
168.48,17.0004,20.6417,-39.9761,59.0005,17.0004,20.6417,-39.9761,59.0005,
168.51,17.0004,20.6417,-39.9761,59.0005,17.0004,20.6417,-39.9761,59.0005,
168.54,17.0004,20.6417,-39.9761,59.0005,17.0004,20.6417,-39.9761,59.0005,
168.57,15.9393,19.2625,-42.9797,58.0139,15.9393,19.2625,-42.9797,58.0139,
168.6,15.9393,19.2625,-42.9797,58.0139,15.9393,19.2625,-42.9797,58.0139,
168.63,15.9393,19.2625,-42.9797,58.0139,15.9393,19.2625,-42.9797,58.0139,
168.66,15.9393,19.2625,-42.9797,58.0139,15.9393,19.2625,-42.9797,58.0139,
168.69,15.9393,19.2625,-42.9797,58.0139,15.9393,19.2625,-42.9797,58.0139,
168.72,15.9393,19.2625,-42.9797,58.0139,15.9393,19.2625,-42.9797,58.0139,
168.75,15.9393,19.2625,-42.9797,58.0139,15.9393,19.2625,-42.9797,58.0139,
168.78,15.9393,19.2625,-42.9797,58.0139,15.9393,19.2625,-42.9797,58.0139,
168.81,15.9393,19.2625,-42.9797,58.0139,15.9393,19.2625,-42.9797,58.0139,
168.84,15.9393,19.2625,-42.9797,58.0139,15.9393,19.2625,-42.9797,58.0139,
168.87,15.9393,19.2625,-42.9797,58.0139,15.9393,19.2625,-42.9797,58.0139,
168.9,15.9393,19.2625,-42.9797,58.0139,15.9393,19.2625,-42.9797,58.0139,
168.93,15.9393,19.2625,-42.9797,58.0139,15.9393,19.2625,-42.9797,58.0139,
168.96,15.9393,19.2625,-42.9797,58.0139,15.9393,19.2625,-42.9797,58.0139,
168.99,15.9393,19.2625,-42.9797,58.0139,15.9393,19.2625,-42.9797,58.0139,
169.02,15.9393,19.2625,-42.9797,58.0139,15.9393,19.2625,-42.9797,58.0139,
169.05,12.397,17.1408,-42.4899,53.604,12.397,17.1408,-42.4899,53.604,
169.08,12.397,17.1408,-42.4899,53.604,12.397,17.1408,-42.4899,53.604,
169.11,12.397,17.1408,-42.4899,53.604,12.397,17.1408,-42.4899,53.604,
169.14,12.397,17.1408,-42.4899,53.604,12.397,17.1408,-42.4899,53.604,
169.17,12.397,17.1408,-42.4899,53.604,12.397,17.1408,-42.4899,53.604,
169.2,12.397,17.1408,-42.4899,53.604,12.397,17.1408,-42.4899,53.604,
169.23,12.397,17.1408,-42.4899,53.604,12.397,17.1408,-42.4899,53.604,
169.26,12.397,17.1408,-42.4899,53.604,12.397,17.1408,-42.4899,53.604,
169.29,12.397,17.1408,-42.4899,53.604,12.397,17.1408,-42.4899,53.604,
169.32,12.397,17.1408,-42.4899,53.604,12.397,17.1408,-42.4899,53.604,
169.35,12.397,17.1408,-42.4899,53.604,12.397,17.1408,-42.4899,53.604,
169.38,12.397,17.1408,-42.4899,53.604,12.397,17.1408,-42.4899,53.604,
169.41,12.397,17.1408,-42.4899,53.604,12.397,17.1408,-42.4899,53.604,
169.44,12.397,17.1408,-42.4899,53.604,12.397,17.1408,-42.4899,53.604,
169.47,12.397,17.1408,-42.4899,53.604,12.397,17.1408,-42.4899,53.604,
169.5,12.397,17.1408,-42.4899,53.604,12.397,17.1408,-42.4899,53.604,
169.53,5.60186,13.6213,-38.8448,44.9719,5.60186,13.6213,-38.8448,44.9719,
169.56,5.60186,13.6213,-38.8448,44.9719,5.60186,13.6213,-38.8448,44.9719,
169.59,5.60186,13.6213,-38.8448,44.9719,5.60186,13.6213,-38.8448,44.9719,
169.62,5.60186,13.6213,-38.8448,44.9719,5.60186,13.6213,-38.8448,44.9719,
169.65,5.60186,13.6213,-38.8448,44.9719,5.60186,13.6213,-38.8448,44.9719,
169.68,5.60186,13.6213,-38.8448,44.9719,5.60186,13.6213,-38.8448,44.9719,
169.71,5.60186,13.6213,-38.8448,44.9719,5.60186,13.6213,-38.8448,44.9719,
169.74,5.60186,13.6213,-38.8448,44.9719,5.60186,13.6213,-38.8448,44.9719,
169.77,5.60186,13.6213,-38.8448,44.9719,5.60186,13.6213,-38.8448,44.9719,
169.8,5.60186,13.6213,-38.8448,44.9719,5.60186,13.6213,-38.8448,44.9719,
169.83,5.60186,13.6213,-38.8448,44.9719,5.60186,13.6213,-38.8448,44.9719,
169.86,5.60186,13.6213,-38.8448,44.9719,5.60186,13.6213,-38.8448,44.9719,
169.89,5.60186,13.6213,-38.8448,44.9719,5.60186,13.6213,-38.8448,44.9719,
169.92,5.60186,13.6213,-38.8448,44.9719,5.60186,13.6213,-38.8448,44.9719,
169.95,5.60186,13.6213,-38.8448,44.9719,5.60186,13.6213,-38.8448,44.9719,
169.98,5.60186,13.6213,-38.8448,44.9719,5.60186,13.6213,-38.8448,44.9719,
170.01,6.54571,11.449,-44.5836,33.3599,6.54571,11.449,-44.5836,33.3599,
170.04,6.54571,11.449,-44.5836,33.3599,6.54571,11.449,-44.5836,33.3599,
170.07,6.54571,11.449,-44.5836,33.3599,6.54571,11.449,-44.5836,33.3599,
170.1,6.54571,11.449,-44.5836,33.3599,6.54571,11.449,-44.5836,33.3599,
170.13,6.54571,11.449,-44.5836,33.3599,6.54571,11.449,-44.5836,33.3599,
170.16,6.54571,11.449,-44.5836,33.3599,6.54571,11.449,-44.5836,33.3599,
170.19,6.54571,11.449,-44.5836,33.3599,6.54571,11.449,-44.5836,33.3599,
170.22,6.54571,11.449,-44.5836,33.3599,6.54571,11.449,-44.5836,33.3599,
170.25,6.54571,11.449,-44.5836,33.3599,6.54571,11.449,-44.5836,33.3599,
170.28,6.54571,11.449,-44.5836,33.3599,6.54571,11.449,-44.5836,33.3599,
170.31,6.54571,11.449,-44.5836,33.3599,6.54571,11.449,-44.5836,33.3599,
170.34,6.54571,11.449,-44.5836,33.3599,6.54571,11.449,-44.5836,33.3599,
170.37,6.54571,11.449,-44.5836,33.3599,6.54571,11.449,-44.5836,33.3599,
170.4,6.54571,11.449,-44.5836,33.3599,6.54571,11.449,-44.5836,33.3599,
170.43,6.54571,11.449,-44.5836,33.3599,6.54571,11.449,-44.5836,33.3599,
170.46,6.54571,11.449,-44.5836,33.3599,6.54571,11.449,-44.5836,33.3599,
170.49,2.54799,11.3209,-41.1536,31.5814,2.54799,11.3209,-41.1536,31.5814,
170.52,2.54799,11.3209,-41.1536,31.5814,2.54799,11.3209,-41.1536,31.5814,
170.55,2.54799,11.3209,-41.1536,31.5814,2.54799,11.3209,-41.1536,31.5814,
170.58,2.54799,11.3209,-41.1536,31.5814,2.54799,11.3209,-41.1536,31.5814,
170.61,2.54799,11.3209,-41.1536,31.5814,2.54799,11.3209,-41.1536,31.5814,
170.64,2.54799,11.3209,-41.1536,31.5814,2.54799,11.3209,-41.1536,31.5814,
170.67,2.54799,11.3209,-41.1536,31.5814,2.54799,11.3209,-41.1536,31.5814,
170.7,2.54799,11.3209,-41.1536,31.5814,2.54799,11.3209,-41.1536,31.5814,
170.73,2.54799,11.3209,-41.1536,31.5814,2.54799,11.3209,-41.1536,31.5814,
170.76,2.54799,11.3209,-41.1536,31.5814,2.54799,11.3209,-41.1536,31.5814,
170.79,2.54799,11.3209,-41.1536,31.5814,2.54799,11.3209,-41.1536,31.5814,
170.82,2.54799,11.3209,-41.1536,31.5814,2.54799,11.3209,-41.1536,31.5814,
170.85,2.54799,11.3209,-41.1536,31.5814,2.54799,11.3209,-41.1536,31.5814,
170.88,2.54799,11.3209,-41.1536,31.5814,2.54799,11.3209,-41.1536,31.5814,
170.91,2.54799,11.3209,-41.1536,31.5814,2.54799,11.3209,-41.1536,31.5814,
170.94,2.54799,11.3209,-41.1536,31.5814,2.54799,11.3209,-41.1536,31.5814,
170.97,-0.414487,11.3843,-35.4622,32.6368,-0.414487,11.3843,-35.4622,32.6368,
171,-0.414487,11.3843,-35.4622,32.6368,-0.414487,11.3843,-35.4622,32.6368,
171.03,-0.414487,11.3843,-35.4622,32.6368,-0.414487,11.3843,-35.4622,32.6368,
171.06,-0.414487,11.3843,-35.4622,32.6368,-0.414487,11.3843,-35.4622,32.6368,
171.09,-0.414487,11.3843,-35.4622,32.6368,-0.414487,11.3843,-35.4622,32.6368,
171.12,-0.414487,11.3843,-35.4622,32.6368,-0.414487,11.3843,-35.4622,32.6368,
171.15,-0.414487,11.3843,-35.4622,32.6368,-0.414487,11.3843,-35.4622,32.6368,
171.18,-0.414487,11.3843,-35.4622,32.6368,-0.414487,11.3843,-35.4622,32.6368,
171.21,-0.414487,11.3843,-35.4622,32.6368,-0.414487,11.3843,-35.4622,32.6368,
171.24,-0.414487,11.3843,-35.4622,32.6368,-0.414487,11.3843,-35.4622,32.6368,
171.27,-0.414487,11.3843,-35.4622,32.6368,-0.414487,11.3843,-35.4622,32.6368,
171.3,-0.414487,11.3843,-35.4622,32.6368,-0.414487,11.3843,-35.4622,32.6368,
171.33,-0.414487,11.3843,-35.4622,32.6368,-0.414487,11.3843,-35.4622,32.6368,
171.36,-0.414487,11.3843,-35.4622,32.6368,-0.414487,11.3843,-35.4622,32.6368,
171.39,-0.414487,11.3843,-35.4622,32.6368,-0.414487,11.3843,-35.4622,32.6368,
171.42,-0.414487,11.3843,-35.4622,32.6368,-0.414487,11.3843,-35.4622,32.6368,
171.45,-0.861619,10.935,-32.6014,30.7919,-0.861619,10.935,-32.6014,30.7919,
171.48,-0.861619,10.935,-32.6014,30.7919,-0.861619,10.935,-32.6014,30.7919,
171.51,-0.861619,10.935,-32.6014,30.7919,-0.861619,10.935,-32.6014,30.7919,
171.54,-0.861619,10.935,-32.6014,30.7919,-0.861619,10.935,-32.6014,30.7919,
171.57,-0.861619,10.935,-32.6014,30.7919,-0.861619,10.935,-32.6014,30.7919,
171.6,-0.861619,10.935,-32.6014,30.7919,-0.861619,10.935,-32.6014,30.7919,
171.63,-0.861619,10.935,-32.6014,30.7919,-0.861619,10.935,-32.6014,30.7919,
171.66,-0.861619,10.935,-32.6014,30.7919,-0.861619,10.935,-32.6014,30.7919,
171.69,-0.861619,10.935,-32.6014,30.7919,-0.861619,10.935,-32.6014,30.7919,
171.72,-0.861619,10.935,-32.6014,30.7919,-0.861619,10.935,-32.6014,30.7919,
171.75,-0.861619,10.935,-32.6014,30.7919,-0.861619,10.935,-32.6014,30.7919,
171.78,-0.861619,10.935,-32.6014,30.7919,-0.861619,10.935,-32.6014,30.7919,
171.81,-0.861619,10.935,-32.6014,30.7919,-0.861619,10.935,-32.6014,30.7919,
171.84,-0.861619,10.935,-32.6014,30.7919,-0.861619,10.935,-32.6014,30.7919,
171.87,-0.861619,10.935,-32.6014,30.7919,-0.861619,10.935,-32.6014,30.7919,
171.9,-0.861619,10.935,-32.6014,30.7919,-0.861619,10.935,-32.6014,30.7919,
171.93,-0.769485,10.6812,-31.7699,29.2096,-0.769485,10.6812,-31.7699,29.2096,
171.96,-0.769485,10.6812,-31.7699,29.2096,-0.769485,10.6812,-31.7699,29.2096,
171.99,-0.392669,10.5781,-31.9372,28.7998,-0.392669,10.5781,-31.9372,28.7998,
172.02,-0.392669,10.5781,-31.9372,28.7998,-0.392669,10.5781,-31.9372,28.7998,
172.05,0.0484566,10.4454,-32.2945,28.069,0.0484566,10.4454,-32.2945,28.069,
172.08,0.0484566,10.4454,-32.2945,28.069,0.0484566,10.4454,-32.2945,28.069,
172.11,0.0484566,10.4454,-32.2945,28.069,0.0484566,10.4454,-32.2945,28.069,
172.14,0.0484566,10.4454,-32.2945,28.069,0.0484566,10.4454,-32.2945,28.069,
172.17,0.148038,10.4838,-33.2494,27.2189,0.148038,10.4838,-33.2494,27.2189,
172.2,0.148038,10.4838,-33.2494,27.2189,0.148038,10.4838,-33.2494,27.2189,
172.23,0.148038,10.4838,-33.2494,27.2189,0.148038,10.4838,-33.2494,27.2189,
172.26,0.148038,10.4838,-33.2494,27.2189,0.148038,10.4838,-33.2494,27.2189,
172.29,0.148038,10.4838,-33.2494,27.2189,0.148038,10.4838,-33.2494,27.2189,
172.32,0.148038,10.4838,-33.2494,27.2189,0.148038,10.4838,-33.2494,27.2189,
172.35,0.148038,10.4838,-33.2494,27.2189,0.148038,10.4838,-33.2494,27.2189,
172.38,0.148038,10.4838,-33.2494,27.2189,0.148038,10.4838,-33.2494,27.2189,
172.41,0.148038,10.4838,-33.2494,27.2189,0.148038,10.4838,-33.2494,27.2189,
172.44,0.148038,10.4838,-33.2494,27.2189,0.148038,10.4838,-33.2494,27.2189,
172.47,0.148038,10.4838,-33.2494,27.2189,0.148038,10.4838,-33.2494,27.2189,
172.5,0.148038,10.4838,-33.2494,27.2189,0.148038,10.4838,-33.2494,27.2189,
172.53,0.148038,10.4838,-33.2494,27.2189,0.148038,10.4838,-33.2494,27.2189,
172.56,0.148038,10.4838,-33.2494,27.2189,0.148038,10.4838,-33.2494,27.2189,
172.59,0.148038,10.4838,-33.2494,27.2189,0.148038,10.4838,-33.2494,27.2189,
172.62,0.148038,10.4838,-33.2494,27.2189,0.148038,10.4838,-33.2494,27.2189,
172.65,0.876033,10.5097,-33.7247,26.6252,0.876033,10.5097,-33.7247,26.6252,
172.68,0.876033,10.5097,-33.7247,26.6252,0.876033,10.5097,-33.7247,26.6252,
172.71,0.876033,10.5097,-33.7247,26.6252,0.876033,10.5097,-33.7247,26.6252,
172.74,0.876033,10.5097,-33.7247,26.6252,0.876033,10.5097,-33.7247,26.6252,
172.77,0.286674,10.5945,-32.6365,27.5668,0.286674,10.5945,-32.6365,27.5668,
172.8,0.286674,10.5945,-32.6365,27.5668,0.286674,10.5945,-32.6365,27.5668,
172.83,0.286674,10.5945,-32.6365,27.5668,0.286674,10.5945,-32.6365,27.5668,
172.86,0.286674,10.5945,-32.6365,27.5668,0.286674,10.5945,-32.6365,27.5668,
172.89,-0.186626,10.6508,-31.8354,28.2645,-0.186626,10.6508,-31.8354,28.2645,
172.92,-0.186626,10.6508,-31.8354,28.2645,-0.186626,10.6508,-31.8354,28.2645,
172.95,-0.186626,10.6508,-31.8354,28.2645,-0.186626,10.6508,-31.8354,28.2645,
172.98,-0.186626,10.6508,-31.8354,28.2645,-0.186626,10.6508,-31.8354,28.2645,
173.01,0.0279765,10.5843,-31.9549,27.9923,0.0279765,10.5843,-31.9549,27.9923,
173.04,0.0279765,10.5843,-31.9549,27.9923,0.0279765,10.5843,-31.9549,27.9923,
173.07,0.0279765,10.5843,-31.9549,27.9923,0.0279765,10.5843,-31.9549,27.9923,
173.1,0.0279765,10.5843,-31.9549,27.9923,0.0279765,10.5843,-31.9549,27.9923,
173.13,0.0395647,10.5631,-31.8066,28.0335,0.0395647,10.5631,-31.8066,28.0335,
173.16,0.0395647,10.5631,-31.8066,28.0335,0.0395647,10.5631,-31.8066,28.0335,
173.19,0.0395647,10.5631,-31.8066,28.0335,0.0395647,10.5631,-31.8066,28.0335,
173.22,0.0395647,10.5631,-31.8066,28.0335,0.0395647,10.5631,-31.8066,28.0335,
173.25,-0.0395647,10.6346,-31.2135,28.8734,-0.0395647,10.6346,-31.2135,28.8734,
173.28,-0.0395647,10.6346,-31.2135,28.8734,-0.0395647,10.6346,-31.2135,28.8734,
173.31,-0.436111,10.7873,-30.8794,29.4552,-0.436111,10.7873,-30.8794,29.4552,
173.34,-0.436111,10.7873,-30.8794,29.4552,-0.436111,10.7873,-30.8794,29.4552,
173.37,-0.436111,10.7873,-30.8794,29.4552,-0.436111,10.7873,-30.8794,29.4552,
173.4,-0.436111,10.7873,-30.8794,29.4552,-0.436111,10.7873,-30.8794,29.4552,
173.43,-0.436111,10.7873,-30.8794,29.4552,-0.436111,10.7873,-30.8794,29.4552,
173.46,-0.436111,10.7873,-30.8794,29.4552,-0.436111,10.7873,-30.8794,29.4552,
173.49,-0.436111,10.7873,-30.8794,29.4552,-0.436111,10.7873,-30.8794,29.4552,
173.52,-0.436111,10.7873,-30.8794,29.4552,-0.436111,10.7873,-30.8794,29.4552,
173.55,-0.436111,10.7873,-30.8794,29.4552,-0.436111,10.7873,-30.8794,29.4552,
173.58,-0.436111,10.7873,-30.8794,29.4552,-0.436111,10.7873,-30.8794,29.4552,
173.61,-0.436111,10.7873,-30.8794,29.4552,-0.436111,10.7873,-30.8794,29.4552,
173.64,-0.436111,10.7873,-30.8794,29.4552,-0.436111,10.7873,-30.8794,29.4552,
173.67,-0.436111,10.7873,-30.8794,29.4552,-0.436111,10.7873,-30.8794,29.4552,
173.7,-0.436111,10.7873,-30.8794,29.4552,-0.436111,10.7873,-30.8794,29.4552,
173.73,-0.436111,10.7873,-30.8794,29.4552,-0.436111,10.7873,-30.8794,29.4552,
173.76,-0.436111,10.7873,-30.8794,29.4552,-0.436111,10.7873,-30.8794,29.4552,
173.79,1.24033,10.6742,-31.9318,29.1593,1.24033,10.6742,-31.9318,29.1593,
173.82,1.24033,10.6742,-31.9318,29.1593,1.24033,10.6742,-31.9318,29.1593,
173.85,1.24033,10.6742,-31.9318,29.1593,1.24033,10.6742,-31.9318,29.1593,
173.88,2.5386,10.4208,-32.9998,28.1336,2.5386,10.4208,-32.9998,28.1336,
173.91,2.5386,10.4208,-32.9998,28.1336,2.5386,10.4208,-32.9998,28.1336,
173.94,2.5386,10.4208,-32.9998,28.1336,2.5386,10.4208,-32.9998,28.1336,
173.97,2.5386,10.4208,-32.9998,28.1336,2.5386,10.4208,-32.9998,28.1336,
174,2.5386,10.4208,-32.9998,28.1336,2.5386,10.4208,-32.9998,28.1336,
174.03,2.5386,10.4208,-32.9998,28.1336,2.5386,10.4208,-32.9998,28.1336,
174.06,2.5386,10.4208,-32.9998,28.1336,2.5386,10.4208,-32.9998,28.1336,
174.09,2.5386,10.4208,-32.9998,28.1336,2.5386,10.4208,-32.9998,28.1336,
174.12,2.5386,10.4208,-32.9998,28.1336,2.5386,10.4208,-32.9998,28.1336,
174.15,2.5386,10.4208,-32.9998,28.1336,2.5386,10.4208,-32.9998,28.1336,
174.18,2.5386,10.4208,-32.9998,28.1336,2.5386,10.4208,-32.9998,28.1336,
174.21,2.5386,10.4208,-32.9998,28.1336,2.5386,10.4208,-32.9998,28.1336,
174.24,2.5386,10.4208,-32.9998,28.1336,2.5386,10.4208,-32.9998,28.1336,
174.27,2.5386,10.4208,-32.9998,28.1336,2.5386,10.4208,-32.9998,28.1336,
174.3,2.5386,10.4208,-32.9998,28.1336,2.5386,10.4208,-32.9998,28.1336,
174.33,2.5386,10.4208,-32.9998,28.1336,2.5386,10.4208,-32.9998,28.1336,
174.36,1.4678,10.9419,-31.4706,31.4236,1.4678,10.9419,-31.4706,31.4236,
174.39,1.4678,10.9419,-31.4706,31.4236,1.4678,10.9419,-31.4706,31.4236,
174.42,1.4678,10.9419,-31.4706,31.4236,1.4678,10.9419,-31.4706,31.4236,
174.45,1.4678,10.9419,-31.4706,31.4236,1.4678,10.9419,-31.4706,31.4236,
174.48,1.4678,10.9419,-31.4706,31.4236,1.4678,10.9419,-31.4706,31.4236,
174.51,1.4678,10.9419,-31.4706,31.4236,1.4678,10.9419,-31.4706,31.4236,
174.54,1.4678,10.9419,-31.4706,31.4236,1.4678,10.9419,-31.4706,31.4236,
174.57,1.4678,10.9419,-31.4706,31.4236,1.4678,10.9419,-31.4706,31.4236,
174.6,1.4678,10.9419,-31.4706,31.4236,1.4678,10.9419,-31.4706,31.4236,
174.63,0,10,0,0,0,10,0,0,
174.66,0,10,0,0,0,10,0,0,
174.69,0,10,0,0,0,10,0,0,
174.72,0,10,0,0,0,10,0,0,
174.75,0,10,0,0,0,10,0,0,
174.78,0,10,0,0,0,10,0,0,
174.81,0,10,0,0,0,10,0,0,
174.84,0,10,0,0,0,10,0,0,
174.87,0,10,0,0,0,10,0,0,
174.9,0,10,0,0,0,10,0,0,
174.93,0,10,0,0,0,10,0,0,
174.96,0,10,0,0,0,10,0,0,
174.99,0,10,0,0,0,10,0,0,
175.02,0,10,0,0,0,10,0,0,
175.05,0,10,0,0,0,10,0,0,
175.08,0,10,0,0,0,10,0,0,
175.11,0,10,0,0,0,10,0,0,
175.14,0,10,0,0,0,10,0,0,
175.17,0,10,0,0,0,10,0,0,
175.2,0,10,0,0,0,10,0,0,
175.23,0,10,0,0,0,10,0,0,
175.26,0,10,0,0,0,10,0,0,
175.29,0,10,0,0,0,10,0,0,
175.32,0,10,0,0,0,10,0,0,
175.35,0,10,0,0,0,10,0,0,
175.38,0,10,0,0,0,10,0,0,
175.41,0,10,0,0,0,10,0,0,
175.44,0,10,0,0,0,10,0,0,
175.47,0,10,0,0,0,10,0,0,
175.5,0,10,0,0,0,10,0,0,
175.53,0,10,0,0,0,10,0,0,
175.56,0,10,0,0,0,10,0,0,
175.59,0,10,0,0,0,10,0,0,
175.62,0,10,0,0,0,10,0,0,
175.65,0,10,0,0,0,10,0,0,
175.68,0,10,0,0,0,10,0,0,
175.71,0,10,0,0,0,10,0,0,
175.74,0,10,0,0,0,10,0,0,
175.77,0,10,0,0,0,10,0,0,
175.8,0,10,0,0,0,10,0,0,
175.83,0,10,0,0,0,10,0,0,
175.86,0,10,0,0,0,10,0,0,
175.89,0,10,0,0,0,10,0,0,
175.92,0,10,0,0,0,10,0,0,
175.95,0,10,0,0,0,10,0,0,
175.98,0,10,0,0,0,10,0,0,
176.01,0,10,0,0,0,10,0,0,
176.04,0,10,0,0,0,10,0,0,
176.07,0,10,0,0,0,10,0,0,
176.1,0,10,0,0,0,10,0,0,
176.13,0,5,0,0,0,5,0,0,
176.16,0,5,0,0,0,5,0,0,
176.19,0,5,0,0,0,5,0,0,
176.22,0,5,0,0,0,5,0,0,
176.25,0,5,0,0,0,5,0,0,
176.28,0,5,0,0,0,5,0,0,
176.31,0,5,0,0,0,5,0,0,
176.34,0,5,0,0,0,5,0,0,
176.37,0,5,0,0,0,5,0,0,
176.4,0,5,0,0,0,5,0,0,
176.43,0,5,0,0,0,5,0,0,
176.46,0,5,0,0,0,5,0,0,
176.49,0,5,0,0,0,5,0,0,
176.52,0,5,0,0,0,5,0,0,
176.55,0,5,0,0,0,5,0,0,
176.58,0,5,0,0,0,5,0,0,
176.61,0,5,0,0,0,5,0,0,
176.64,0,5,0,0,0,5,0,0,
176.67,0,5,0,0,0,5,0,0,
176.7,0,5,0,0,0,5,0,0,
176.73,0,5,0,0,0,5,0,0,
176.76,0,5,0,0,0,5,0,0,
176.79,0,5,0,0,0,5,0,0,
176.82,0,5,0,0,0,5,0,0,
176.85,0,5,0,0,0,5,0,0,
176.88,0,5,0,0,0,5,0,0,
176.91,0,5,0,0,0,5,0,0,
176.94,0,5,0,0,0,5,0,0,
176.97,0,5,0,0,0,5,0,0,
177,0,5,0,0,0,5,0,0,
177.03,0,5,0,0,0,5,0,0,
177.06,0,5,0,0,0,5,0,0,
177.09,0,5,0,0,0,5,0,0,
177.12,0,5,0,0,0,5,0,0,
177.15,0,5,0,0,0,5,0,0,
177.18,0,5,0,0,0,5,0,0,
177.21,0,5,0,0,0,5,0,0,
177.24,0,5,0,0,0,5,0,0,
177.27,0,5,0,0,0,5,0,0,
177.3,0,5,0,0,0,5,0,0,
177.33,0,5,0,0,0,5,0,0,
177.36,0,5,0,0,0,5,0,0,
177.39,0,5,0,0,0,5,0,0,
177.42,0,5,0,0,0,5,0,0,
177.45,0,5,0,0,0,5,0,0,
177.48,0,5,0,0,0,5,0,0,
177.51,0,5,0,0,0,5,0,0,
177.54,0,5,0,0,0,5,0,0,
177.57,0,5,0,0,0,5,0,0,
177.6,0,5,0,0,0,5,0,0,
177.63,0,5,0,0,0,5,0,0,
177.66,0,5,0,0,0,5,0,0,
177.69,0,5,0,0,0,5,0,0,
177.72,0,5,0,0,0,5,0,0,
177.75,0,5,0,0,0,5,0,0,
177.78,0,5,0,0,0,5,0,0,
177.81,0,5,0,0,0,5,0,0,
177.84,0,5,0,0,0,5,0,0,
177.87,0,5,0,0,0,5,0,0,
177.9,0,5,0,0,0,5,0,0,
177.93,0,5,0,0,0,5,0,0,
177.96,0,5,0,0,0,5,0,0,
177.99,0,5,0,0,0,5,0,0,
178.02,0,5,0,0,0,5,0,0,
178.05,0,5,0,0,0,5,0,0,
178.08,0,5,0,0,0,5,0,0,
178.11,0,5,0,0,0,5,0,0,
178.14,0,5,0,0,0,5,0,0,
178.17,0,5,0,0,0,5,0,0,
178.2,0,5,0,0,0,5,0,0,
178.23,0,5,0,0,0,5,0,0,
178.26,0,5,0,0,0,5,0,0,
178.29,0,5,0,0,0,5,0,0,
178.32,0,5,0,0,0,5,0,0,
178.35,0,5,0,0,0,5,0,0,
178.38,0,5,0,0,0,5,0,0,
178.41,0,5,0,0,0,5,0,0,
178.44,0,5,0,0,0,5,0,0,
178.47,0,5,0,0,0,5,0,0,
178.5,0,5,0,0,0,5,0,0,
178.53,0,5,0,0,0,5,0,0,
178.56,0,5,0,0,0,5,0,0,
178.59,0,5,0,0,0,5,0,0,
178.62,0,5,0,0,0,5,0,0,
178.65,0,5,0,0,0,5,0,0,
178.68,0,5,0,0,0,5,0,0,
178.71,0,5,0,0,0,5,0,0,
178.74,0,5,0,0,0,5,0,0,
178.77,0,5,0,0,0,5,0,0,
178.8,0,5,0,0,0,5,0,0,
178.83,0,5,0,0,0,5,0,0,
178.86,0,5,0,0,0,5,0,0,
178.89,0,5,0,0,0,5,0,0,
178.92,0,5,0,0,0,5,0,0,
178.95,0,5,0,0,0,5,0,0,
178.98,0,5,0,0,0,5,0,0,
179.01,0,5,0,0,0,5,0,0,
179.04,0,5,0,0,0,5,0,0,
179.07,0,5,0,0,0,5,0,0,
179.1,0,5,0,0,0,5,0,0,
179.13,0,5,0,0,0,5,0,0,
179.16,0,5,0,0,0,5,0,0,
179.19,0,5,0,0,0,5,0,0,
179.22,0,5,0,0,0,5,0,0,
179.25,0,5,0,0,0,5,0,0,
179.28,0,5,0,0,0,5,0,0,
179.31,0,5,0,0,0,5,0,0,
179.34,0,5,0,0,0,5,0,0,
179.37,0,5,0,0,0,5,0,0,
179.4,0,5,0,0,0,5,0,0,
179.43,0,5,0,0,0,5,0,0,
179.46,0,5,0,0,0,5,0,0,
179.49,0,5,0,0,0,5,0,0,
179.52,0,5,0,0,0,5,0,0,
179.55,0,5,0,0,0,5,0,0,
179.58,0,5,0,0,0,5,0,0,
179.61,0,5,0,0,0,5,0,0,
179.64,0,5,0,0,0,5,0,0,
179.67,0,5,0,0,0,5,0,0,
179.7,0,5,0,0,0,5,0,0,
179.73,0,5,0,0,0,5,0,0,
179.76,0,5,0,0,0,5,0,0,
179.79,0,5,0,0,0,5,0,0,
179.82,0,5,0,0,0,5,0,0,
179.85,0,5,0,0,0,5,0,0,
179.88,0,5,0,0,0,5,0,0,
179.91,0,5,0,0,0,5,0,0,
179.94,0,5,0,0,0,5,0,0,
179.97,0,5,0,0,0,5,0,0,
180,0,5,0,0,0,5,0,0,
180.03,0,5,0,0,0,5,0,0,
180.06,0,5,0,0,0,5,0,0,
180.09,0,5,0,0,0,5,0,0,
180.12,0,5,0,0,0,5,0,0,
180.15,0,5,0,0,0,5,0,0,
180.18,0,5,0,0,0,5,0,0,
180.21,0,5,0,0,0,5,0,0,
180.24,0,5,0,0,0,5,0,0,
180.27,0,5,0,0,0,5,0,0,
180.3,0,5,0,0,0,5,0,0,
180.33,0,5,0,0,0,5,0,0,
180.36,0,5,0,0,0,5,0,0,
180.39,0,5,0,0,0,5,0,0,
180.42,0,5,0,0,0,5,0,0,
180.45,0,5,0,0,0,5,0,0,
180.48,0,5,0,0,0,5,0,0,
180.51,0,5,0,0,0,5,0,0,
180.54,0,5,0,0,0,5,0,0,
180.57,0,5,0,0,0,5,0,0,
180.6,0,5,0,0,0,5,0,0,
180.63,0,5,0,0,0,5,0,0,
180.66,0,5,0,0,0,5,0,0,
180.69,0,5,0,0,0,5,0,0,
180.72,0,5,0,0,0,5,0,0,
180.75,0,5,0,0,0,5,0,0,
180.78,0,5,0,0,0,5,0,0,
180.81,0,5,0,0,0,5,0,0,
180.84,0,5,0,0,0,5,0,0,
180.87,0,5,0,0,0,5,0,0,
180.9,0,5,0,0,0,5,0,0,
180.93,0,5,0,0,0,5,0,0,
180.96,0,5,0,0,0,5,0,0,
180.99,0,5,0,0,0,5,0,0,
181.02,0,5,0,0,0,5,0,0,
181.05,0,5,0,0,0,5,0,0,
181.08,0,5,0,0,0,5,0,0,
181.11,0,5,0,0,0,5,0,0,
181.14,0,5,0,0,0,5,0,0,
181.17,0,5,0,0,0,5,0,0,
181.2,0,5,0,0,0,5,0,0,
181.23,0,5,0,0,0,5,0,0,
181.26,0,5,0,0,0,5,0,0,
181.29,0,5,0,0,0,5,0,0,
181.32,0,5,0,0,0,5,0,0,
181.35,0,5,0,0,0,5,0,0,
181.38,0,5,0,0,0,5,0,0,
181.41,0,5,0,0,0,5,0,0,
181.44,0,5,0,0,0,5,0,0,
181.47,0,5,0,0,0,5,0,0,
181.5,0,5,0,0,0,5,0,0,
181.53,0,5,0,0,0,5,0,0,
181.56,0,5,0,0,0,5,0,0,
181.59,0,5,0,0,0,5,0,0,
181.62,0,5,0,0,0,5,0,0,
181.65,0,5,0,0,0,5,0,0,
181.68,0,5,0,0,0,5,0,0,
181.71,0,5,0,0,0,5,0,0,
181.74,0,5,0,0,0,5,0,0,
181.77,0,5,0,0,0,5,0,0,
181.8,0,5,0,0,0,5,0,0,
181.83,0,5,0,0,0,5,0,0,
181.86,0,5,0,0,0,5,0,0,
181.89,0,5,0,0,0,5,0,0,
181.92,0,5,0,0,0,5,0,0,
181.95,0,5,0,0,0,5,0,0,
181.98,0,5,0,0,0,5,0,0,
182.01,0,5,0,0,0,5,0,0,
182.04,0,5,0,0,0,5,0,0,
182.07,0,5,0,0,0,5,0,0,
182.1,0,5,0,0,0,5,0,0,
182.13,0,5,0,0,0,5,0,0,
182.16,0,5,0,0,0,5,0,0,
182.19,0,5,0,0,0,5,0,0,
182.22,0,5,0,0,0,5,0,0,
182.25,0,5,0,0,0,5,0,0,
182.28,0,5,0,0,0,5,0,0,
182.31,0,5,0,0,0,5,0,0,
182.34,0,5,0,0,0,5,0,0,
182.37,0,5,0,0,0,5,0,0,
182.4,0,5,0,0,0,5,0,0,
182.43,0,5,0,0,0,5,0,0,
182.46,0,5,0,0,0,5,0,0,
182.49,0,5,0,0,0,5,0,0,
182.52,0,5,0,0,0,5,0,0,
182.55,0,5,0,0,0,5,0,0,
182.58,0,5,0,0,0,5,0,0,
182.61,0,5,0,0,0,5,0,0,
182.64,0,5,0,0,0,5,0,0,
182.67,0,5,0,0,0,5,0,0,
182.7,0,5,0,0,0,5,0,0,
182.73,0,5,0,0,0,5,0,0,
182.76,0,5,0,0,0,5,0,0,
182.79,0,5,0,0,0,5,0,0,
182.82,0,5,0,0,0,5,0,0,
182.85,0,5,0,0,0,5,0,0,
182.88,0,5,0,0,0,5,0,0,
182.91,0,5,0,0,0,5,0,0,
182.94,0,5,0,0,0,5,0,0,
182.97,0,5,0,0,0,5,0,0,
183,0,5,0,0,0,5,0,0,
183.03,0,5,0,0,0,5,0,0,
183.06,0,5,0,0,0,5,0,0,
183.09,0,5,0,0,0,5,0,0,
183.12,0,5,0,0,0,5,0,0,
183.15,0,5,0,0,0,5,0,0,
183.18,0,5,0,0,0,5,0,0,
183.21,0,5,0,0,0,5,0,0,
183.24,0,5,0,0,0,5,0,0,
183.27,0,5,0,0,0,5,0,0,
183.3,0,5,0,0,0,5,0,0,
183.33,0,5,0,0,0,5,0,0,
183.36,0,5,0,0,0,5,0,0,
183.39,0,5,0,0,0,5,0,0,
183.42,0,5,0,0,0,5,0,0,
183.45,0,5,0,0,0,5,0,0,
183.48,0,5,0,0,0,5,0,0,
183.51,0,5,0,0,0,5,0,0,
183.54,0,5,0,0,0,5,0,0,
183.57,0,5,0,0,0,5,0,0,
183.6,0,5,0,0,0,5,0,0,
183.63,0,5,0,0,0,5,0,0,
183.66,0,5,0,0,0,5,0,0,
183.69,0,5,0,0,0,5,0,0,
183.72,0,5,0,0,0,5,0,0,
183.75,0,5,0,0,0,5,0,0,
183.78,0,5,0,0,0,5,0,0,
183.81,0,5,0,0,0,5,0,0,
183.84,0,5,0,0,0,5,0,0,
183.87,0,5,0,0,0,5,0,0,
183.9,0,5,0,0,0,5,0,0,
183.93,0,5,0,0,0,5,0,0,
183.96,0,5,0,0,0,5,0,0,
183.99,0,5,0,0,0,5,0,0,
184.02,0,5,0,0,0,5,0,0,
184.05,0,5,0,0,0,5,0,0,
184.08,0,5,0,0,0,5,0,0,
184.11,0,5,0,0,0,5,0,0,
184.14,0,5,0,0,0,5,0,0,
184.17,0,5,0,0,0,5,0,0,
184.2,0,5,0,0,0,5,0,0,
184.23,0,5,0,0,0,5,0,0,
184.26,0,5,0,0,0,5,0,0,
184.29,0,5,0,0,0,5,0,0,
184.32,0,5,0,0,0,5,0,0,
184.35,0,5,0,0,0,5,0,0,
184.38,0,5,0,0,0,5,0,0,
184.41,0,5,0,0,0,5,0,0,
184.44,0,5,0,0,0,5,0,0,
184.47,0,5,0,0,0,5,0,0,
184.5,0,5,0,0,0,5,0,0,
184.53,0,5,0,0,0,5,0,0,
184.56,0,5,0,0,0,5,0,0,
184.59,0,5,0,0,0,5,0,0,
184.62,0,5,0,0,0,5,0,0,
184.65,0,5,0,0,0,5,0,0,
184.68,0,5,0,0,0,5,0,0,
184.71,0,5,0,0,0,5,0,0,
184.74,0,5,0,0,0,5,0,0,
