0.03,0,0,0,0,0,0,0,0,
0.06,0,0,0,0,0,0,0,0,
0.09,0,0,0,0,0,0,0,0,
0.12,0,0,0,0,0,0,0,0,
0.15,0,0,0,0,0,0,0,0,
0.18,0,0,0,0,0,0,0,0,
0.21,0,0,0,0,0,0,0,0,
0.24,0,0,0,0,0,0,0,0,
0.27,0,0,0,0,0,0,0,0,
0.3,0,0,0,0,0,0,0,0,
0.33,0,0,0,0,0,0,0,0,
0.36,0,0,0,0,0,0,0,0,
0.39,0,0,0,0,0,0,0,0,
0.42,0,0,0,0,0,0,0,0,
0.45,0,0,0,0,0,0,0,0,
0.48,0,0,0,0,0,0,0,0,
0.51,0,0,0,0,0,0,0,0,
0.54,0,0,0,0,0,0,0,0,
0.57,0,0,0,0,0,0,0,0,
0.6,0,0,0,0,0,0,0,0,
0.63,0,0,0,0,0,0,0,0,
0.66,0,0,0,0,0,0,0,0,
0.69,0,0,0,0,0,0,0,0,
0.72,0,0,0,0,0,0,0,0,
0.75,0,0,0,0,0,0,0,0,
0.78,0,0,0,0,0,0,0,0,
0.81,0,0,0,0,0,0,0,0,
0.84,0,0,0,0,0,0,0,0,
0.87,0,0,0,0,0,0,0,0,
0.9,0,0,0,0,0,0,0,0,
0.93,0,0,0,0,0,0,0,0,
0.96,0,0,0,0,0,0,0,0,
0.99,0,0,0,0,0,0,0,0,
1.02,0,0,0,0,0,0,0,0,
1.05,0,0,0,0,0,0,0,0,
1.08,0,0,0,0,0,0,0,0,
1.11,0,0,0,0,0,0,0,0,
1.14,0,0,0,0,0,0,0,0,
1.17,0,0,0,0,0,0,0,0,
1.2,0,0,0,0,0,0,0,0,
1.23,0,0,0,0,0,0,0,0,
1.26,0,0,0,0,0,0,0,0,
1.29,0,0,0,0,0,0,0,0,
1.32,0,0,0,0,0,0,0,0,
1.35,0,0,0,0,0,0,0,0,
1.38,0,0,0,0,0,0,0,0,
1.41,0,0,0,0,0,0,0,0,
1.44,0,0,0,0,0,0,0,0,
1.47,0,0,0,0,0,0,0,0,
1.5,0,0,0,0,0,0,0,0,
1.53,0,0,0,0,0,0,0,0,
1.56,0,0,0,0,0,0,0,0,
1.59,0,0,0,0,0,0,0,0,
1.62,0,0,0,0,0,0,0,0,
1.65,0,0,0,0,0,0,0,0,
1.68,0,0,0,0,0,0,0,0,
1.71,0,0,0,0,0,0,0,0,
1.74,0,0,0,0,0,0,0,0,
1.77,0,0,0,0,0,0,0,0,
1.8,0,0,0,0,0,0,0,0,
1.83,0,0,0,0,0,0,0,0,
1.86,0,0,0,0,0,0,0,0,
1.89,0,0,0,0,0,0,0,0,
1.92,0,0,0,0,0,0,0,0,
1.95,0,0,0,0,0,0,0,0,
1.98,0,0,0,0,0,0,0,0,
2.01,0,0,0,0,0,0,0,0,
2.04,0,0,0,0,0,0,0,0,
2.07,0,0,0,0,0,0,0,0,
2.1,0,0,0,0,0,0,0,0,
2.13,0,0,0,0,0,0,0,0,
2.16,0,0,0,0,0,0,0,0,
2.19,0,0,0,0,0,0,0,0,
2.22,0,0,0,0,0,0,0,0,
2.25,0,0,0,0,0,0,0,0,
2.28,0,0,0,0,0,0,0,0,
2.31,0,0,0,0,0,0,0,0,
2.34,0,0,0,0,0,0,0,0,
2.37,0,0,0,0,0,0,0,0,
2.4,0,0,0,0,0,0,0,0,
2.43,0,0,0,0,0,0,0,0,
2.46,0,0,0,0,0,0,0,0,
2.49,0,0,0,0,0,0,0,0,
2.52,0,0,0,0,0,0,0,0,
2.55,0,0,0,0,0,0,0,0,
2.58,0,0,0,0,0,0,0,0,
2.61,0,0,0,0,0,0,0,0,
2.64,0,0,0,0,0,0,0,0,
2.67,0,0,0,0,0,0,0,0,
2.7,0,0,0,0,0,0,0,0,
2.73,0,0,0,0,0,0,0,0,
2.76,0,0,0,0,0,0,0,0,
2.79,0,0,0,0,0,0,0,0,
2.82,0,0,0,0,0,0,0,0,
2.85,0,0,0,0,0,0,0,0,
2.88,0,0,0,0,0,0,0,0,
2.91,0,0,0,0,0,0,0,0,
2.94,0,0,0,0,0,0,0,0,
2.97,0,0,0,0,0,0,0,0,
3,0,0,0,0,0,0,0,0,
3.03,0,0,0,0,0,0,0,0,
3.06,0,0,0,0,0,0,0,0,
3.09,0,0,0,0,0,0,0,0,
3.12,0,0,0,0,0,0,0,0,
3.15,0,0,0,0,0,0,0,0,
3.18,0,0,0,0,0,0,0,0,
3.21,0,0,0,0,0,0,0,0,
3.24,0,0,0,0,0,0,0,0,
3.27,0,0,0,0,0,0,0,0,
3.3,0,0,0,0,0,0,0,0,
3.33,0,0,0,0,0,0,0,0,
3.36,0,0,0,0,0,0,0,0,
3.39,0,0,0,0,0,0,0,0,
3.42,0,0,0,0,0,0,0,0,
3.45,0,0,0,0,0,0,0,0,
3.48,0,0,0,0,0,0,0,0,
3.51,0,0,0,0,0,0,0,0,
3.54,0,0,0,0,0,0,0,0,
3.57,0,0,0,0,0,0,0,0,
3.6,0,0,0,0,0,0,0,0,
3.63,0,0,0,0,0,0,0,0,
3.66,0,0,0,0,0,0,0,0,
3.69,0,0,0,0,0,0,0,0,
3.72,0,0,0,0,0,0,0,0,
3.75,0,0,0,0,0,0,0,0,
3.78,0,0,0,0,0,0,0,0,
3.81,0,0,0,0,0,0,0,0,
3.84,0,0,0,0,0,0,0,0,
3.87,0,0,0,0,0,0,0,0,
3.9,0,0,0,0,0,0,0,0,
3.93,0,0,0,0,0,0,0,0,
3.96,0,0,0,0,0,0,0,0,
3.99,0,0,0,0,0,0,0,0,
4.02,0,0,0,0,0,0,0,0,
4.05,0,0,0,0,0,0,0,0,
4.08,0,0,0,0,0,0,0,0,
4.11,0,0,0,0,0,0,0,0,
4.14,0,0,0,0,0,0,0,0,
4.17,0,0,0,0,0,0,0,0,
4.2,0,0,0,0,0,0,0,0,
4.23,0,0,0,0,0,0,0,0,
4.26,0,0,0,0,0,0,0,0,
4.29,0,0,0,0,0,0,0,0,
4.32,0,0,0,0,0,0,0,0,
4.35,0,0,0,0,0,0,0,0,
4.38,0,0,0,0,0,0,0,0,
4.41,0,0,0,0,0,0,0,0,
4.44,0,0,0,0,0,0,0,0,
4.47,0,0,0,0,0,0,0,0,
4.5,0,0,0,0,0,0,0,0,
4.53,0,0,0,0,0,0,0,0,
4.56,0,0,0,0,0,0,0,0,
4.59,0,0,0,0,0,0,0,0,
4.62,0,0,0,0,0,0,0,0,
4.65,0,0,0,0,0,0,0,0,
4.68,0,0,0,0,0,0,0,0,
4.71,0,0,0,0,0,0,0,0,
4.74,0,0,0,0,0,0,0,0,
4.77,0,0,0,0,0,0,0,0,
4.8,0,0,0,0,0,0,0,0,
4.83,0,0,0,0,0,0,0,0,
4.86,0,0,0,0,0,0,0,0,
4.89,0,0,0,0,0,0,0,0,
4.92,0,0,0,0,0,0,0,0,
4.95,0,0,0,0,0,0,0,0,
4.98,0,0,0,0,0,0,0,0,
5.01,0,0,0,0,0,0,0,0,
5.04,0,0,0,0,0,0,0,0,
5.07,0,0,0,0,0,0,0,0,
5.1,0,0,0,0,0,0,0,0,
5.13,0,0,0,0,0,0,0,0,
5.16,0,0,0,0,0,0,0,0,
5.19,0,0,0,0,0,0,0,0,
5.22,0,0,0,0,0,0,0,0,
5.25,0,0,0,0,0,0,0,0,
5.28,0,0,0,0,0,0,0,0,
5.31,0,0,0,0,0,0,0,0,
5.34,0,0,0,0,0,0,0,0,
5.37,0,0,0,0,0,0,0,0,
5.4,0,0,0,0,0,0,0,0,
5.43,0,0,0,0,0,0,0,0,
5.46,0,0,0,0,0,0,0,0,
5.49,0,0,0,0,0,0,0,0,
5.52,0,0,0,0,0,0,0,0,
5.55,0,0,0,0,0,0,0,0,
5.58,0,0,0,0,0,0,0,0,
5.61,0,0,0,0,0,0,0,0,
5.64,0,0,0,0,0,0,0,0,
5.67,0,0,0,0,0,0,0,0,
5.7,0,0,0,0,0,0,0,0,
5.73,0,0,0,0,0,0,0,0,
5.76,0,0,0,0,0,0,0,0,
5.79,0,0,0,0,0,0,0,0,
5.82,0,0,0,0,0,0,0,0,
5.85,0,0,0,0,0,0,0,0,
5.88,0,0,0,0,0,0,0,0,
5.91,0,0,0,0,0,0,0,0,
5.94,0,0,0,0,0,0,0,0,
5.97,0,0,0,0,0,0,0,0,
6,0,0,0,0,0,0,0,0,
6.03,0,0,0,0,0,0,0,0,
6.06,0,0,0,0,0,0,0,0,
6.09,0,0,0,0,0,0,0,0,
6.12,0,0,0,0,0,0,0,0,
6.15,0,0,0,0,0,0,0,0,
6.18,0,0,0,0,0,0,0,0,
6.21,0,0,0,0,0,0,0,0,
6.24,0,0,0,0,0,0,0,0,
6.27,0,0,0,0,0,0,0,0,
6.3,0,0,0,0,0,0,0,0,
6.33,0,0,0,0,0,0,0,0,
6.36,0,0,0,0,0,0,0,0,
6.39,0,0,0,0,0,0,0,0,
6.42,0,0,0,0,0,0,0,0,
6.45,0,0,0,0,0,0,0,0,
6.48,0,0,0,0,0,0,0,0,
6.51,0,0,0,0,0,0,0,0,
6.54,0,0,0,0,0,0,0,0,
6.57,0,0,0,0,0,0,0,0,
6.6,0,0,0,0,0,0,0,0,
6.63,0,0,0,0,0,0,0,0,
6.66,0,0,0,0,0,0,0,0,
6.69,0,0,0,0,0,0,0,0,
6.72,0,0,0,0,0,0,0,0,
6.75,0,0,0,0,0,0,0,0,
6.78,0,0,0,0,0,0,0,0,
6.81,0,0,0,0,0,0,0,0,
6.84,0,0,0,0,0,0,0,0,
6.87,0,0,0,0,0,0,0,0,
6.9,0,0,0,0,0,0,0,0,
6.93,0,0,0,0,0,0,0,0,
6.96,0,0,0,0,0,0,0,0,
6.99,0,0,0,0,0,0,0,0,
7.02,0,0,0,0,0,0,0,0,
7.05,0,0,0,0,0,0,0,0,
7.08,0,0,0,0,0,0,0,0,
7.11,0,0,0,0,0,0,0,0,
7.14,0,0,0,0,0,0,0,0,
7.17,0,0,0,0,0,0,0,0,
7.2,0,0,0,0,0,0,0,0,
7.23,0,0,0,0,0,0,0,0,
7.26,0,0,0,0,0,0,0,0,
7.29,0,0,0,0,0,0,0,0,
7.32,0,0,0,0,0,0,0,0,
7.35,0,0,0,0,0,0,0,0,
7.38,0,0,0,0,0,0,0,0,
7.41,0,0,0,0,0,0,0,0,
7.44,0,0,0,0,0,0,0,0,
7.47,0,0,0,0,0,0,0,0,
7.5,0,0,0,0,0,0,0,0,
7.53,0,0,0,0,0,0,0,0,
7.56,0,0,0,0,0,0,0,0,
7.59,0,0,0,0,0,0,0,0,
7.62,0,0,0,0,0,0,0,0,
7.65,0,0,0,0,0,0,0,0,
7.68,0,0,0,0,0,0,0,0,
7.71,0,0,0,0,0,0,0,0,
7.74,0,0,0,0,0,0,0,0,
7.77,0,0,0,0,0,0,0,0,
7.8,0,0,0,0,0,0,0,0,
7.83,0,0,0,0,0,0,0,0,
7.86,0,0,0,0,0,0,0,0,
7.89,0,0,0,0,0,0,0,0,
7.92,0,0,0,0,0,0,0,0,
7.95,0,0,0,0,0,0,0,0,
7.98,0,0,0,0,0,0,0,0,
8.01,0,0,0,0,0,0,0,0,
8.04,0,0,0,0,0,0,0,0,
8.07,0,0,0,0,0,0,0,0,
8.1,0,0,0,0,0,0,0,0,
8.13,0,0,0,0,0,0,0,0,
8.16,0,0,0,0,0,0,0,0,
8.19,0,0,0,0,0,0,0,0,
8.22,0,0,0,0,0,0,0,0,
8.25,0,0,0,0,0,0,0,0,
8.28,0,0,0,0,0,0,0,0,
8.31,0,0,0,0,0,0,0,0,
8.34,0,0,0,0,0,0,0,0,
8.37,0,0,0,0,0,0,0,0,
8.4,0,0,0,0,0,0,0,0,
8.43,0,0,0,0,0,0,0,0,
8.46,0,0,0,0,0,0,0,0,
8.49,0,0,0,0,0,0,0,0,
8.52,0,0,0,0,0,0,0,0,
8.55,0,0,0,0,0,0,0,0,
8.58,0,0,0,0,0,0,0,0,
8.61,0,0,0,0,0,0,0,0,
8.64,0,0,0,0,0,0,0,0,
8.67,0,0,0,0,0,0,0,0,
8.7,0,0,0,0,0,0,0,0,
8.73,0,0,0,0,0,0,0,0,
8.76,0,0,0,0,0,0,0,0,
8.79,0,0,0,0,0,0,0,0,
8.82,0,0,0,0,0,0,0,0,
8.85,0,0,0,0,0,0,0,0,
8.88,0,0,0,0,0,0,0,0,
8.91,0,0,0,0,0,0,0,0,
8.94,0,0,0,0,0,0,0,0,
8.97,0,0,0,0,0,0,0,0,
9,0,0,0,0,0,0,0,0,
9.03,0,0,0,0,0,0,0,0,
9.06,0,0,0,0,0,0,0,0,
9.09,0,0,0,0,0,0,0,0,
9.12,0,0,0,0,0,0,0,0,
9.15,0,0,0,0,0,0,0,0,
9.18,0,0,0,0,0,0,0,0,
9.21,0,0,0,0,0,0,0,0,
9.24,0,0,0,0,0,0,0,0,
9.27,0,0,0,0,0,0,0,0,
9.3,0,0,0,0,0,0,0,0,
9.33,0,0,0,0,0,0,0,0,
9.36,0,0,0,0,0,0,0,0,
9.39,0,0,0,0,0,0,0,0,
9.42,0,0,0,0,0,0,0,0,
9.45,0,0,0,0,0,0,0,0,
9.48,0,0,0,0,0,0,0,0,
9.51,0,0,0,0,0,0,0,0,
9.54,0,0,0,0,0,0,0,0,
9.57,0,0,0,0,0,0,0,0,
9.6,0,0,0,0,0,0,0,0,
9.63,0,0,0,0,0,0,0,0,
9.66,0,0,0,0,0,0,0,0,
9.69,0,0,0,0,0,0,0,0,
9.72,0,0,0,0,0,0,0,0,
9.75,0,0,0,0,0,0,0,0,
9.78,0,0,0,0,0,0,0,0,
9.81,0,0,0,0,0,0,0,0,
9.84,0,0,0,0,0,0,0,0,
9.87,0,0,0,0,0,0,0,0,
9.9,0,0,0,0,0,0,0,0,
9.93,0,0,0,0,0,0,0,0,
9.96,0,0,0,0,0,0,0,0,
9.99,0,0,0,0,0,0,0,0,
10.02,0,0,0,0,0,0,0,0,
10.05,0,0,0,0,0,0,0,0,
10.08,0,0,0,0,0,0,0,0,
10.11,0,0,0,0,0,0,0,0,
10.14,0,0,0,0,0,0,0,0,
10.17,0,0,0,0,0,0,0,0,
10.2,0,0,0,0,0,0,0,0,
10.23,0,0,0,0,0,0,0,0,
10.26,0,0,0,0,0,0,0,0,
10.29,0,0,0,0,0,0,0,0,
10.32,0,0,0,0,0,0,0,0,
10.35,0,0,0,0,0,0,0,0,
10.38,0,0,0,0,0,0,0,0,
10.41,0,0,0,0,0,0,0,0,
10.44,0,0,0,0,0,0,0,0,
10.47,0,0,0,0,0,0,0,0,
10.5,0,0,0,0,0,0,0,0,
10.53,0,0,0,0,0,0,0,0,
10.56,0,0,0,0,0,0,0,0,
10.59,0,0,0,0,0,0,0,0,
10.62,0,0,0,0,0,0,0,0,
10.65,0,0,0,0,0,0,0,0,
10.68,0,0,0,0,0,0,0,0,
10.71,0,0,0,0,0,0,0,0,
10.74,0,0,0,0,0,0,0,0,
10.77,0,0,0,0,0,0,0,0,
10.8,0,0,0,0,0,0,0,0,
10.83,0,0,0,0,0,0,0,0,
10.86,0,0,0,0,0,0,0,0,
10.89,0,0,0,0,0,0,0,0,
10.92,0,0,0,0,0,0,0,0,
10.95,0,0,0,0,0,0,0,0,
10.98,0,0,0,0,0,0,0,0,
11.01,0,0,0,0,0,0,0,0,
11.04,0,0,0,0,0,0,0,0,
11.07,0,0,0,0,0,0,0,0,
11.1,0,0,0,0,0,0,0,0,
11.13,0,0,0,0,0,0,0,0,
11.16,0,0,0,0,0,0,0,0,
11.19,0,0,0,0,0,0,0,0,
11.22,0,0,0,0,0,0,0,0,
11.25,0,0,0,0,0,0,0,0,
11.28,0,0,0,0,0,0,0,0,
11.31,0,0,0,0,0,0,0,0,
11.34,0,0,0,0,0,0,0,0,
11.37,0,0,0,0,0,0,0,0,
11.4,0,0,0,0,0,0,0,0,
11.43,0,0,0,0,0,0,0,0,
11.46,0,0,0,0,0,0,0,0,
11.49,0,0,0,0,0,0,0,0,
11.52,0,0,0,0,0,0,0,0,
11.55,0,0,0,0,0,0,0,0,
11.58,0,0,0,0,0,0,0,0,
11.61,0,0,0,0,0,0,0,0,
11.64,0,0,0,0,0,0,0,0,
11.67,0,0,0,0,0,0,0,0,
11.7,0,0,0,0,0,0,0,0,
11.73,0,0,0,0,0,0,0,0,
11.76,0,0,0,0,0,0,0,0,
11.79,0,0,0,0,0,0,0,0,
11.82,0,0,0,0,0,0,0,0,
11.85,0,0,0,0,0,0,0,0,
11.88,0,0,0,0,0,0,0,0,
11.91,0,0,0,0,0,0,0,0,
11.94,0,0,0,0,0,0,0,0,
11.97,0,0,0,0,0,0,0,0,
12,0,0,0,0,0,0,0,0,
12.03,0,0,0,0,0,0,0,0,
12.06,0,0,0,0,0,0,0,0,
12.09,0,0,0,0,0,0,0,0,
12.12,0,0,0,0,0,0,0,0,
12.15,0,0,0,0,0,0,0,0,
12.18,0,0,0,0,0,0,0,0,
12.21,0,0,0,0,0,0,0,0,
12.24,0,0,0,0,0,0,0,0,
12.27,0,0,0,0,0,0,0,0,
12.3,0,0,0,0,0,0,0,0,
12.33,0,0,0,0,0,0,0,0,
12.36,0,0,0,0,0,0,0,0,
12.39,0,0,0,0,0,0,0,0,
12.42,0,0,0,0,0,0,0,0,
12.45,0,0,0,0,0,0,0,0,
12.48,0,0,0,0,0,0,0,0,
12.51,0,0,0,0,0,0,0,0,
12.54,0,0,0,0,0,0,0,0,
12.57,0,0,0,0,0,0,0,0,
12.6,0,0,0,0,0,0,0,0,
12.63,0,0,0,0,0,0,0,0,
12.66,0,0,0,0,0,0,0,0,
12.69,0,0,0,0,0,0,0,0,
12.72,0,0,0,0,0,0,0,0,
12.75,0,0,0,0,0,0,0,0,
12.78,0,0,0,0,0,0,0,0,
12.81,0,0,0,0,0,0,0,0,
12.84,0,0,0,0,0,0,0,0,
12.87,0,0,0,0,0,0,0,0,
12.9,0,0,0,0,0,0,0,0,
12.93,0,0,0,0,0,0,0,0,
12.96,0,0,0,0,0,0,0,0,
12.99,0,0,0,0,0,0,0,0,
13.02,0,0,0,0,0,0,0,0,
13.05,0,0,0,0,0,0,0,0,
13.08,0,0,0,0,0,0,0,0,
13.11,0,0,0,0,0,0,0,0,
13.14,0,0,0,0,0,0,0,0,
13.17,0,0,0,0,0,0,0,0,
13.2,0,0,0,0,0,0,0,0,
13.23,0,0,0,0,0,0,0,0,
13.26,0,0,0,0,0,0,0,0,
13.29,0,0,0,0,0,0,0,0,
13.32,0,0,0,0,0,0,0,0,
13.35,0,0,0,0,0,0,0,0,
13.38,0,0,0,0,0,0,0,0,
13.41,0,0,0,0,0,0,0,0,
13.44,0,0,0,0,0,0,0,0,
13.47,0,0,0,0,0,0,0,0,
13.5,0,0,0,0,0,0,0,0,
13.53,0,0,0,0,0,0,0,0,
13.56,0,0,0,0,0,0,0,0,
13.59,0,0,0,0,0,0,0,0,
13.62,0,0,0,0,0,0,0,0,
13.65,0,0,0,0,0,0,0,0,
13.68,0,0,0,0,0,0,0,0,
13.71,0,0,0,0,0,0,0,0,
13.74,0,0,0,0,0,0,0,0,
13.77,0,0,0,0,0,0,0,0,
13.8,0,0,0,0,0,0,0,0,
13.83,0,0,0,0,0,0,0,0,
13.86,0,0,0,0,0,0,0,0,
13.89,0,0,0,0,0,0,0,0,
13.92,0,0,0,0,0,0,0,0,
13.95,0,0,0,0,0,0,0,0,
13.98,0,0,0,0,0,0,0,0,
14.01,0,0,0,0,0,0,0,0,
14.04,0,0,0,0,0,0,0,0,
14.07,0,0,0,0,0,0,0,0,
14.1,0,0,0,0,0,0,0,0,
14.13,0,0,0,0,0,0,0,0,
14.16,0,0,0,0,0,0,0,0,
14.19,0,0,0,0,0,0,0,0,
14.22,0,0,0,0,0,0,0,0,
14.25,0,0,0,0,0,0,0,0,
14.28,0,0,0,0,0,0,0,0,
14.31,0,0,0,0,0,0,0,0,
14.34,0,0,0,0,0,0,0,0,
14.37,0,0,0,0,0,0,0,0,
14.4,0,0,0,0,0,0,0,0,
14.43,0,0,0,0,0,0,0,0,
14.46,0,0,0,0,0,0,0,0,
14.49,0,0,0,0,0,0,0,0,
14.52,0,0,0,0,0,0,0,0,
14.55,0,0,0,0,0,0,0,0,
14.58,0,0,0,0,0,0,0,0,
14.61,0,0,0,0,0,0,0,0,
14.64,0,0,0,0,0,0,0,0,
14.67,0,0,0,0,0,0,0,0,
14.7,0,0,0,0,0,0,0,0,
14.73,0,0,0,0,0,0,0,0,
14.76,0,0,0,0,0,0,0,0,
14.79,0,0,0,0,0,0,0,0,
14.82,0,0,0,0,0,0,0,0,
14.85,0,0,0,0,0,0,0,0,
14.88,0,0,0,0,0,0,0,0,
14.91,0,0,0,0,0,0,0,0,
14.94,0,0,0,0,0,0,0,0,
14.97,0,0,0,0,0,0,0,0,
15,0,0,0,0,0,0,0,0,
15.03,0,0,0,0,0,0,0,0,
15.06,0,0,0,0,0,0,0,0,
15.09,0,0,0,0,0,0,0,0,
15.12,0,0,0,0,0,0,0,0,
15.15,0,0,0,0,0,0,0,0,
15.18,0,0,0,0,0,0,0,0,
15.21,0,0,0,0,0,0,0,0,
15.24,0,0,0,0,0,0,0,0,
15.27,0,0,0,0,0,0,0,0,
15.3,0,0,0,0,0,0,0,0,
15.33,0,0,0,0,0,0,0,0,
15.36,0,0,0,0,0,0,0,0,
15.39,0,0,0,0,0,0,0,0,
15.42,0,0,0,0,0,0,0,0,
15.45,0,0,0,0,0,0,0,0,
15.48,0,0,0,0,0,0,0,0,
15.51,0,0,0,0,0,0,0,0,
15.54,0,0,0,0,0,0,0,0,
15.57,0,0,0,0,0,0,0,0,
15.6,0,0,0,0,0,0,0,0,
15.63,0,0,0,0,0,0,0,0,
15.66,0,0,0,0,0,0,0,0,
15.69,0,0,0,0,0,0,0,0,
15.72,0,0,0,0,0,0,0,0,
15.75,0,0,0,0,0,0,0,0,
15.78,0,0,0,0,0,0,0,0,
15.81,0,0,0,0,0,0,0,0,
15.84,0,0,0,0,0,0,0,0,
15.87,0,0,0,0,0,0,0,0,
15.9,0,0,0,0,0,0,0,0,
15.93,0,0,0,0,0,0,0,0,
15.96,0,0,0,0,0,0,0,0,
15.99,0,0,0,0,0,0,0,0,
16.02,0,0,0,0,0,0,0,0,
16.05,0,0,0,0,0,0,0,0,
16.08,0,0,0,0,0,0,0,0,
16.11,0,0,0,0,0,0,0,0,
16.14,0,0,0,0,0,0,0,0,
16.17,0,0,0,0,0,0,0,0,
16.2,0,0,0,0,0,0,0,0,
16.23,0,0,0,0,0,0,0,0,
16.26,0,0,0,0,0,0,0,0,
16.29,0,0,0,0,0,0,0,0,
16.32,0,0,0,0,0,0,0,0,
16.35,0,0,0,0,0,0,0,0,
16.38,0,0,0,0,0,0,0,0,
16.41,0,0,0,0,0,0,0,0,
16.44,0,0,0,0,0,0,0,0,
16.47,0,0,0,0,0,0,0,0,
16.5,0,0,0,0,0,0,0,0,
16.53,0,0,0,0,0,0,0,0,
16.56,0,0,0,0,0,0,0,0,
16.59,0,0,0,0,0,0,0,0,
16.62,0,0,0,0,0,0,0,0,
16.65,0,0,0,0,0,0,0,0,
16.68,0,0,0,0,0,0,0,0,
16.71,0,0,0,0,0,0,0,0,
16.74,0,0,0,0,0,0,0,0,
16.77,0,0,0,0,0,0,0,0,
16.8,0,0,0,0,0,0,0,0,
16.83,0,0,0,0,0,0,0,0,
16.86,0,0,0,0,0,0,0,0,
16.89,0,0,0,0,0,0,0,0,
16.92,0,0,0,0,0,0,0,0,
16.95,0,0,0,0,0,0,0,0,
16.98,0,0,0,0,0,0,0,0,
17.01,0,0,0,0,0,0,0,0,
17.04,0,0,0,0,0,0,0,0,
17.07,0,0,0,0,0,0,0,0,
17.1,0,0,0,0,0,0,0,0,
17.13,0,0,0,0,0,0,0,0,
17.16,0,0,0,0,0,0,0,0,
17.19,0,0,0,0,0,0,0,0,
17.22,0,0,0,0,0,0,0,0,
17.25,0,0,0,0,0,0,0,0,
17.28,0,0,0,0,0,0,0,0,
17.31,0,0,0,0,0,0,0,0,
17.34,0,0,0,0,0,0,0,0,
17.37,0,0,0,0,0,0,0,0,
17.4,0,0,0,0,0,0,0,0,
17.43,0,0,0,0,0,0,0,0,
17.46,0,0,0,0,0,0,0,0,
17.49,0,0,0,0,0,0,0,0,
17.52,0,0,0,0,0,0,0,0,
17.55,0,0,0,0,0,0,0,0,
17.58,0,0,0,0,0,0,0,0,
17.61,0,0,0,0,0,0,0,0,
17.64,0,0,0,0,0,0,0,0,
17.67,0,0,0,0,0,0,0,0,
17.7,0,0,0,0,0,0,0,0,
17.73,0,0,0,0,0,0,0,0,
17.76,0,0,0,0,0,0,0,0,
17.79,0,0,0,0,0,0,0,0,
17.82,0,0,0,0,0,0,0,0,
17.85,0,0,0,0,0,0,0,0,
17.88,0,0,0,0,0,0,0,0,
17.91,0,0,0,0,0,0,0,0,
17.94,0,0,0,0,0,0,0,0,
17.97,0,0,0,0,0,0,0,0,
18,0,0,0,0,0,0,0,0,
18.03,0,0,0,0,0,0,0,0,
18.06,0,0,0,0,0,0,0,0,
18.09,0,0,0,0,0,0,0,0,
18.12,0,0,0,0,0,0,0,0,
18.15,0,0,0,0,0,0,0,0,
18.18,0,0,0,0,0,0,0,0,
18.21,0,0,0,0,0,0,0,0,
18.24,0,0,0,0,0,0,0,0,
18.27,0,0,0,0,0,0,0,0,
18.3,0,0,0,0,0,0,0,0,
18.33,0,0,0,0,0,0,0,0,
18.36,0,0,0,0,0,0,0,0,
18.39,0,0,0,0,0,0,0,0,
18.42,0,0,0,0,0,0,0,0,
18.45,0,0,0,0,0,0,0,0,
18.48,0,0,0,0,0,0,0,0,
18.51,0,0,0,0,0,0,0,0,
18.54,0,0,0,0,0,0,0,0,
18.57,0,0,0,0,0,0,0,0,
18.6,0,0,0,0,0,0,0,0,
18.63,0,0,0,0,0,0,0,0,
18.66,0,0,0,0,0,0,0,0,
18.69,0,0,0,0,0,0,0,0,
18.72,0,0,0,0,0,0,0,0,
18.75,0,0,0,0,0,0,0,0,
18.78,0,0,0,0,0,0,0,0,
18.81,0,0,0,0,0,0,0,0,
18.84,0,0,0,0,0,0,0,0,
18.87,0,0,0,0,0,0,0,0,
18.9,0,0,0,0,0,0,0,0,
18.93,0,0,0,0,0,0,0,0,
18.96,0,0,0,0,0,0,0,0,
18.99,0,0,0,0,0,0,0,0,
19.02,0,0,0,0,0,0,0,0,
19.05,0,0,0,0,0,0,0,0,
19.08,0,0,0,0,0,0,0,0,
19.11,0,0,0,0,0,0,0,0,
19.14,0,0,0,0,0,0,0,0,
19.17,0,0,0,0,0,0,0,0,
19.2,0,0,0,0,0,0,0,0,
19.23,0,0,0,0,0,0,0,0,
19.26,0,0,0,0,0,0,0,0,
19.29,0,0,0,0,0,0,0,0,
19.32,0,0,0,0,0,0,0,0,
19.35,0,0,0,0,0,0,0,0,
19.38,0,0,0,0,0,0,0,0,
19.41,0,0,0,0,0,0,0,0,
19.44,0,0,0,0,0,0,0,0,
19.47,0,0,0,0,0,0,0,0,
19.5,0,0,0,0,0,0,0,0,
19.53,0,0,0,0,0,0,0,0,
19.56,0,0,0,0,0,0,0,0,
19.59,0,0,0,0,0,0,0,0,
19.62,0,0,0,0,0,0,0,0,
19.65,0,0,0,0,0,0,0,0,
19.68,0,0,0,0,0,0,0,0,
19.71,0,0,0,0,0,0,0,0,
19.74,0,0,0,0,0,0,0,0,
19.77,0,0,0,0,0,0,0,0,
19.8,0,0,0,0,0,0,0,0,
19.83,0,0,0,0,0,0,0,0,
19.86,0,0,0,0,0,0,0,0,
19.89,0,0,0,0,0,0,0,0,
19.92,0,0,0,0,0,0,0,0,
19.95,0,0,0,0,0,0,0,0,
19.98,0,0,0,0,0,0,0,0,
20.01,0,0,0,0,0,0,0,0,
20.04,0,0,0,0,0,0,0,0,
20.07,0,0,0,0,0,0,0,0,
20.1,0,0,0,0,0,0,0,0,
20.13,0,0,0,0,0,0,0,0,
20.16,0,0,0,0,0,0,0,0,
20.19,0,0,0,0,0,0,0,0,
20.22,0,0,0,0,0,0,0,0,
20.25,0,0,0,0,0,0,0,0,
20.28,0,0,0,0,0,0,0,0,
20.31,0,0,0,0,0,0,0,0,
20.34,0,0,0,0,0,0,0,0,
20.37,0,0,0,0,0,0,0,0,
20.4,0,0,0,0,0,0,0,0,
20.43,0,0,0,0,0,0,0,0,
20.46,0,0,0,0,0,0,0,0,
20.49,0,0,0,0,0,0,0,0,
20.52,0,0,0,0,0,0,0,0,
20.55,0,0,0,0,0,0,0,0,
20.58,0,0,0,0,0,0,0,0,
20.61,0,0,0,0,0,0,0,0,
20.64,0,0,0,0,0,0,0,0,
20.67,0,0,0,0,0,0,0,0,
20.7,0,0,0,0,0,0,0,0,
20.73,0,0,0,0,0,0,0,0,
20.76,0,0,0,0,0,0,0,0,
20.79,0,0,0,0,0,0,0,0,
20.82,0,0,0,0,0,0,0,0,
20.85,0,0,0,0,0,0,0,0,
20.88,0,0,0,0,0,0,0,0,
20.91,0,0,0,0,0,0,0,0,
20.94,0,0,0,0,0,0,0,0,
20.97,0,0,0,0,0,0,0,0,
21,0,0,0,0,0,0,0,0,
21.03,0,0,0,0,0,0,0,0,
21.06,0,0,0,0,0,0,0,0,
21.09,0,0,0,0,0,0,0,0,
21.12,0,0,0,0,0,0,0,0,
21.15,0,0,0,0,0,0,0,0,
21.18,0,0,0,0,0,0,0,0,
21.21,0,0,0,0,0,0,0,0,
21.24,0,0,0,0,0,0,0,0,
21.27,0,0,0,0,0,0,0,0,
21.3,0,0,0,0,0,0,0,0,
21.33,0,0,0,0,0,0,0,0,
21.36,0,0,0,0,0,0,0,0,
21.39,0,0,0,0,0,0,0,0,
21.42,0,0,0,0,0,0,0,0,
21.45,0,0,0,0,0,0,0,0,
21.48,0,0,0,0,0,0,0,0,
21.51,0,0,0,0,0,0,0,0,
21.54,0,0,0,0,0,0,0,0,
21.57,0,0,0,0,0,0,0,0,
21.6,0,0,0,0,0,0,0,0,
21.63,0,0,0,0,0,0,0,0,
21.66,0,0,0,0,0,0,0,0,
21.69,0,0,0,0,0,0,0,0,
21.72,0,0,0,0,0,0,0,0,
21.75,0,0,0,0,0,0,0,0,
21.78,0,0,0,0,0,0,0,0,
21.81,0,0,0,0,0,0,0,0,
21.84,0,0,0,0,0,0,0,0,
21.87,0,0,0,0,0,0,0,0,
21.9,0,0,0,0,0,0,0,0,
21.93,0,0,0,0,0,0,0,0,
21.96,0,0,0,0,0,0,0,0,
21.99,0,0,0,0,0,0,0,0,
22.02,0,0,0,0,0,0,0,0,
22.05,0,0,0,0,0,0,0,0,
22.08,0,0,0,0,0,0,0,0,
22.11,0,0,0,0,0,0,0,0,
22.14,0,0,0,0,0,0,0,0,
22.17,0,0,0,0,0,0,0,0,
22.2,0,0,0,0,0,0,0,0,
22.23,0,0,0,0,0,0,0,0,
22.26,0,0,0,0,0,0,0,0,
22.29,0,0,0,0,0,0,0,0,
22.32,0,0,0,0,0,0,0,0,
22.35,0,0,0,0,0,0,0,0,
22.38,0,0,0,0,0,0,0,0,
22.41,0,0,0,0,0,0,0,0,
22.44,0,0,0,0,0,0,0,0,
22.47,0,0,0,0,0,0,0,0,
22.5,0,0,0,0,0,0,0,0,
22.53,0,0,0,0,0,0,0,0,
22.56,0,0,0,0,0,0,0,0,
22.59,0,0,0,0,0,0,0,0,
22.62,0,0,0,0,0,0,0,0,
22.65,0,0,0,0,0,0,0,0,
22.68,0,0,0,0,0,0,0,0,
22.71,0,0,0,0,0,0,0,0,
22.74,0,0,0,0,0,0,0,0,
22.77,0,0,0,0,0,0,0,0,
22.8,0,0,0,0,0,0,0,0,
22.83,0,0,0,0,0,0,0,0,
22.86,0,0,0,0,0,0,0,0,
22.89,0,0,0,0,0,0,0,0,
22.92,0,0,0,0,0,0,0,0,
22.95,0,0,0,0,0,0,0,0,
22.98,0,0,0,0,0,0,0,0,
23.01,0,0,0,0,0,0,0,0,
23.04,0,0,0,0,0,0,0,0,
23.07,0,0,0,0,0,0,0,0,
23.1,0,0,0,0,0,0,0,0,
23.13,0,0,0,0,0,0,0,0,
23.16,0,0,0,0,0,0,0,0,
23.19,0,0,0,0,0,0,0,0,
23.22,0,0,0,0,0,0,0,0,
23.25,0,0,0,0,0,0,0,0,
23.28,0,0,0,0,0,0,0,0,
23.31,0,0,0,0,0,0,0,0,
23.34,0,0,0,0,0,0,0,0,
23.37,0,0,0,0,0,0,0,0,
23.4,0,0,0,0,0,0,0,0,
23.43,0,0,0,0,0,0,0,0,
23.46,0,0,0,0,0,0,0,0,
23.49,0,0,0,0,0,0,0,0,
23.52,0,0,0,0,0,0,0,0,
23.55,0,0,0,0,0,0,0,0,
23.58,0,0,0,0,0,0,0,0,
23.61,0,0,0,0,0,0,0,0,
23.64,0,0,0,0,0,0,0,0,
23.67,0,0,0,0,0,0,0,0,
23.7,0,0,0,0,0,0,0,0,
23.73,0,0,0,0,0,0,0,0,
23.76,0,0,0,0,0,0,0,0,
23.79,0,0,0,0,0,0,0,0,
23.82,0,0,0,0,0,0,0,0,
23.85,0,0,0,0,0,0,0,0,
23.88,0,0,0,0,0,0,0,0,
23.91,0,0,0,0,0,0,0,0,
23.94,0,0,0,0,0,0,0,0,
23.97,0,0,0,0,0,0,0,0,
24,0,0,0,0,0,0,0,0,
24.03,0,0,0,0,0,0,0,0,
24.06,0,0,0,0,0,0,0,0,
24.09,0,0,0,0,0,0,0,0,
24.12,0,0,0,0,0,0,0,0,
24.15,0,0,0,0,0,0,0,0,
24.18,0,0,0,0,0,0,0,0,
24.21,0,0,0,0,0,0,0,0,
24.24,0,0,0,0,0,0,0,0,
24.27,0,0,0,0,0,0,0,0,
24.3,0,0,0,0,0,0,0,0,
24.33,0,0,0,0,0,0,0,0,
24.36,0,0,0,0,0,0,0,0,
24.39,0,0,0,0,0,0,0,0,
24.42,0,0,0,0,0,0,0,0,
24.45,0,0,0,0,0,0,0,0,
24.48,0,0,0,0,0,0,0,0,
24.51,0,0,0,0,0,0,0,0,
24.54,0,0,0,0,0,0,0,0,
24.57,0,0,0,0,0,0,0,0,
24.6,0,0,0,0,0,0,0,0,
24.63,0,0,0,0,0,0,0,0,
24.66,0,0,0,0,0,0,0,0,
24.69,0,0,0,0,0,0,0,0,
24.72,0,0,0,0,0,0,0,0,
24.75,0,0,0,0,0,0,0,0,
24.78,0,0,0,0,0,0,0,0,
24.81,0,0,0,0,0,0,0,0,
24.84,0,0,0,0,0,0,0,0,
24.87,0,0,0,0,0,0,0,0,
24.9,0,0,0,0,0,0,0,0,
24.93,0,0,0,0,0,0,0,0,
24.96,0,0,0,0,0,0,0,0,
24.99,0,0,0,0,0,0,0,0,
25.02,0,0,0,0,0,0,0,0,
25.05,0,0,0,0,0,0,0,0,
25.08,0,0,0,0,0,0,0,0,
25.11,0,0,0,0,0,0,0,0,
25.14,0,0,0,0,0,0,0,0,
25.17,0,0,0,0,0,0,0,0,
25.2,0,0,0,0,0,0,0,0,
25.23,0,0,0,0,0,0,0,0,
25.26,0,0,0,0,0,0,0,0,
25.29,0,0,0,0,0,0,0,0,
25.32,0,0,0,0,0,0,0,0,
25.35,0,0,0,0,0,0,0,0,
25.38,0,0,0,0,0,0,0,0,
25.41,0,0,0,0,0,0,0,0,
25.44,0,0,0,0,0,0,0,0,
25.47,0,0,0,0,0,0,0,0,
25.5,0,0,0,0,0,0,0,0,
25.53,0,0,0,0,0,0,0,0,
25.56,0,0,0,0,0,0,0,0,
25.59,0,0,0,0,0,0,0,0,
25.62,0,0,0,0,0,0,0,0,
25.65,0,0,0,0,0,0,0,0,
25.68,0,0,0,0,0,0,0,0,
25.71,0,0,0,0,0,0,0,0,
25.74,0,0,0,0,0,0,0,0,
25.77,0,0,0,0,0,0,0,0,
25.8,0,0,0,0,0,0,0,0,
25.83,0,0,0,0,0,0,0,0,
25.86,0,0,0,0,0,0,0,0,
25.89,0,0,0,0,0,0,0,0,
25.92,0,0,0,0,0,0,0,0,
25.95,0,0,0,0,0,0,0,0,
25.98,0,0,0,0,0,0,0,0,
26.01,0,0,0,0,0,0,0,0,
26.04,0,0,0,0,0,0,0,0,
26.07,0,0,0,0,0,0,0,0,
26.1,0,0,0,0,0,0,0,0,
26.13,0,0,0,0,0,0,0,0,
26.16,0,0,0,0,0,0,0,0,
26.19,0,0,0,0,0,0,0,0,
26.22,0,0,0,0,0,0,0,0,
26.25,0,0,0,0,0,0,0,0,
26.28,0,0,0,0,0,0,0,0,
26.31,0,0,0,0,0,0,0,0,
26.34,0,0,0,0,0,0,0,0,
26.37,0,0,0,0,0,0,0,0,
26.4,0,0,0,0,0,0,0,0,
26.43,0,0,0,0,0,0,0,0,
26.46,0,0,0,0,0,0,0,0,
26.49,0,0,0,0,0,0,0,0,
26.52,0,0,0,0,0,0,0,0,
26.55,0,0,0,0,0,0,0,0,
26.58,0,0,0,0,0,0,0,0,
26.61,0,0,0,0,0,0,0,0,
26.64,0,0,0,0,0,0,0,0,
26.67,0,0,0,0,0,0,0,0,
26.7,0,0,0,0,0,0,0,0,
26.73,0,0,0,0,0,0,0,0,
26.76,0,0,0,0,0,0,0,0,
26.79,0,0,0,0,0,0,0,0,
26.82,0,0,0,0,0,0,0,0,
26.85,0,0,0,0,0,0,0,0,
26.88,0,0,0,0,0,0,0,0,
26.91,0,0,0,0,0,0,0,0,
26.94,0,0,0,0,0,0,0,0,
26.97,0,0,0,0,0,0,0,0,
27,0,0,0,0,0,0,0,0,
27.03,0,0,0,0,0,0,0,0,
27.06,0,0,0,0,0,0,0,0,
27.09,0,0,0,0,0,0,0,0,
27.12,0,0,0,0,0,0,0,0,
27.15,0,0,0,0,0,0,0,0,
27.18,0,0,0,0,0,0,0,0,
27.21,0,0,0,0,0,0,0,0,
27.24,0,0,0,0,0,0,0,0,
27.27,0,0,0,0,0,0,0,0,
27.3,0,0,0,0,0,0,0,0,
27.33,0,0,0,0,0,0,0,0,
27.36,0,0,0,0,0,0,0,0,
27.39,0,0,0,0,0,0,0,0,
27.42,0,0,0,0,0,0,0,0,
27.45,0,0,0,0,0,0,0,0,
27.48,0,0,0,0,0,0,0,0,
27.51,0,0,0,0,0,0,0,0,
27.54,0,0,0,0,0,0,0,0,
27.57,0,0,0,0,0,0,0,0,
27.6,0,0,0,0,0,0,0,0,
27.63,0,0,0,0,0,0,0,0,
27.66,0,0,0,0,0,0,0,0,
27.69,0,0,0,0,0,0,0,0,
27.72,0,0,0,0,0,0,0,0,
27.75,0,0,0,0,0,0,0,0,
27.78,0,0,0,0,0,0,0,0,
27.81,0,0,0,0,0,0,0,0,
27.84,0,0,0,0,0,0,0,0,
27.87,0,0,0,0,0,0,0,0,
27.9,0,0,0,0,0,0,0,0,
27.93,0,0,0,0,0,0,0,0,
27.96,0,0,0,0,0,0,0,0,
27.99,0,0,0,0,0,0,0,0,
28.02,0,0,0,0,0,0,0,0,
28.05,0,0,0,0,0,0,0,0,
28.08,0,0,0,0,0,0,0,0,
28.11,0,0,0,0,0,0,0,0,
28.14,0,0,0,0,0,0,0,0,
28.17,0,0,0,0,0,0,0,0,
28.2,0,0,0,0,0,0,0,0,
28.23,0,0,0,0,0,0,0,0,
28.26,0,0,0,0,0,0,0,0,
28.29,0,0,0,0,0,0,0,0,
28.32,0,0,0,0,0,0,0,0,
28.35,0,0,0,0,0,0,0,0,
28.38,0,0,0,0,0,0,0,0,
28.41,0,0,0,0,0,0,0,0,
28.44,0,0,0,0,0,0,0,0,
28.47,0,0,0,0,0,0,0,0,
28.5,0,0,0,0,0,0,0,0,
28.53,0,0,0,0,0,0,0,0,
28.56,0,0,0,0,0,0,0,0,
28.59,0,0,0,0,0,0,0,0,
28.62,0,0,0,0,0,0,0,0,
28.65,0,0,0,0,0,0,0,0,
28.68,0,0,0,0,0,0,0,0,
28.71,0,0,0,0,0,0,0,0,
28.74,0,0,0,0,0,0,0,0,
28.77,0,0,0,0,0,0,0,0,
28.8,0,0,0,0,0,0,0,0,
28.83,0,0,0,0,0,0,0,0,
28.86,0,0,0,0,0,0,0,0,
28.89,0,0,0,0,0,0,0,0,
28.92,0,0,0,0,0,0,0,0,
28.95,0,0,0,0,0,0,0,0,
28.98,0,0,0,0,0,0,0,0,
29.01,0,0,0,0,0,0,0,0,
29.04,0,0,0,0,0,0,0,0,
29.07,0,0,0,0,0,0,0,0,
29.1,0,0,0,0,0,0,0,0,
29.13,0,0,0,0,0,0,0,0,
29.16,0,0,0,0,0,0,0,0,
29.19,0,0,0,0,0,0,0,0,
29.22,0,0,0,0,0,0,0,0,
29.25,0,0,0,0,0,0,0,0,
29.28,0,0,0,0,0,0,0,0,
29.31,0,0,0,0,0,0,0,0,
29.34,0,0,0,0,0,0,0,0,
29.37,0,0,0,0,0,0,0,0,
29.4,0,0,0,0,0,0,0,0,
29.43,0,0,0,0,0,0,0,0,
29.46,0,0,0,0,0,0,0,0,
29.49,0,0,0,0,0,0,0,0,
29.52,0,0,0,0,0,0,0,0,
29.55,0,0,0,0,0,0,0,0,
29.58,0,0,0,0,0,0,0,0,
29.61,0,0,0,0,0,0,0,0,
29.64,0,0,0,0,0,0,0,0,
29.67,0,0,0,0,0,0,0,0,
29.7,0,0,0,0,0,0,0,0,
29.73,0,0,0,0,0,0,0,0,
29.76,0,0,0,0,0,0,0,0,
29.79,0,0,0,0,0,0,0,0,
29.82,0,0,0,0,0,0,0,0,
29.85,0,0,0,0,0,0,0,0,
29.88,0,0,0,0,0,0,0,0,
29.91,0,0,0,0,0,0,0,0,
29.94,0,0,0,0,0,0,0,0,
29.97,0,0,0,0,0,0,0,0,
30,0,0,0,0,0,0,0,0,
30.03,0,0,0,0,0,0,0,0,
30.06,0,0,0,0,0,0,0,0,
30.09,0,0,0,0,0,0,0,0,
30.12,0,0,0,0,0,0,0,0,
30.15,0,0,0,0,0,0,0,0,
30.18,0,0,0,0,0,0,0,0,
30.21,0,0,0,0,0,0,0,0,
30.24,0,0,0,0,0,0,0,0,
30.27,0,0,0,0,0,0,0,0,
30.3,0,0,0,0,0,0,0,0,
30.33,0,0,0,0,0,0,0,0,
30.36,0,0,0,0,0,0,0,0,
30.39,0,0,0,0,0,0,0,0,
30.42,0,0,0,0,0,0,0,0,
30.45,0,0,0,0,0,0,0,0,
30.48,0,0,0,0,0,0,0,0,
30.51,0,0,0,0,0,0,0,0,
30.54,0,0,0,0,0,0,0,0,
30.57,0,0,0,0,0,0,0,0,
30.6,0,0,0,0,0,0,0,0,
30.63,0,0,0,0,0,0,0,0,
30.66,0,0,0,0,0,0,0,0,
30.69,0,0,0,0,0,0,0,0,
30.72,0,0,0,0,0,0,0,0,
30.75,0,0,0,0,0,0,0,0,
30.78,0,0,0,0,0,0,0,0,
30.81,0,0,0,0,0,0,0,0,
30.84,0,0,0,0,0,0,0,0,
30.87,0,0,0,0,0,0,0,0,
30.9,0,0,0,0,0,0,0,0,
30.93,0,0,0,0,0,0,0,0,
30.96,0,0,0,0,0,0,0,0,
30.99,0,0,0,0,0,0,0,0,
31.02,0,0,0,0,0,0,0,0,
31.05,0,0,0,0,0,0,0,0,
31.08,0,0,0,0,0,0,0,0,
31.11,0,0,0,0,0,0,0,0,
31.14,0,0,0,0,0,0,0,0,
31.17,0,0,0,0,0,0,0,0,
31.2,0,0,0,0,0,0,0,0,
31.23,0,0,0,0,0,0,0,0,
31.26,0,0,0,0,0,0,0,0,
31.29,0,0,0,0,0,0,0,0,
31.32,0,0,0,0,0,0,0,0,
31.35,0,0,0,0,0,0,0,0,
31.38,0,0,0,0,0,0,0,0,
31.41,0,0,0,0,0,0,0,0,
31.44,0,0,0,0,0,0,0,0,
31.47,0,0,0,0,0,0,0,0,
31.5,0,0,0,0,0,0,0,0,
31.53,0,0,0,0,0,0,0,0,
31.56,0,0,0,0,0,0,0,0,
31.59,0,0,0,0,0,0,0,0,
31.62,0,0,0,0,0,0,0,0,
31.65,0,0,0,0,0,0,0,0,
31.68,0,0,0,0,0,0,0,0,
31.71,0,0,0,0,0,0,0,0,
31.74,0,0,0,0,0,0,0,0,
31.77,0,0,0,0,0,0,0,0,
31.8,0,0,0,0,0,0,0,0,
31.83,0,0,0,0,0,0,0,0,
31.86,0,0,0,0,0,0,0,0,
31.89,0,0,0,0,0,0,0,0,
31.92,0,0,0,0,0,0,0,0,
31.95,0,0,0,0,0,0,0,0,
31.98,0,0,0,0,0,0,0,0,
32.01,0,0,0,0,0,0,0,0,
32.04,0,0,0,0,0,0,0,0,
32.07,0,0,0,0,0,0,0,0,
32.1,0,0,0,0,0,0,0,0,
32.13,0,0,0,0,0,0,0,0,
32.16,0,0,0,0,0,0,0,0,
32.19,0,0,0,0,0,0,0,0,
32.22,0,0,0,0,0,0,0,0,
32.25,0,0,0,0,0,0,0,0,
32.28,0,0,0,0,0,0,0,0,
32.31,0,0,0,0,0,0,0,0,
32.34,0,0,0,0,0,0,0,0,
32.37,0,0,0,0,0,0,0,0,
32.4,0,0,0,0,0,0,0,0,
32.43,0,0,0,0,0,0,0,0,
32.46,0,0,0,0,0,0,0,0,
32.49,0,0,0,0,0,0,0,0,
32.52,0,0,0,0,0,0,0,0,
32.55,0,0,0,0,0,0,0,0,
32.58,0,0,0,0,0,0,0,0,
32.61,0,0,0,0,0,0,0,0,
32.64,0,0,0,0,0,0,0,0,
32.67,0,0,0,0,0,0,0,0,
32.7,0,0,0,0,0,0,0,0,
32.73,0,0,0,0,0,0,0,0,
32.76,0,0,0,0,0,0,0,0,
32.79,0,0,0,0,0,0,0,0,
32.82,0,0,0,0,0,0,0,0,
32.85,0,0,0,0,0,0,0,0,
32.88,0,0,0,0,0,0,0,0,
32.91,0,0,0,0,0,0,0,0,
32.94,0,0,0,0,0,0,0,0,
32.97,0,0,0,0,0,0,0,0,
33,0,0,0,0,0,0,0,0,
33.03,0,0,0,0,0,0,0,0,
33.06,0,0,0,0,0,0,0,0,
33.09,0,0,0,0,0,0,0,0,
33.12,0,0,0,0,0,0,0,0,
33.15,0,0,0,0,0,0,0,0,
33.18,0,0,0,0,0,0,0,0,
33.21,0,0,0,0,0,0,0,0,
33.24,0,0,0,0,0,0,0,0,
33.27,0,0,0,0,0,0,0,0,
33.3,0,0,0,0,0,0,0,0,
33.33,0,0,0,0,0,0,0,0,
33.36,0,0,0,0,0,0,0,0,
33.39,0,0,0,0,0,0,0,0,
33.42,0,0,0,0,0,0,0,0,
33.45,0,0,0,0,0,0,0,0,
33.48,0,0,0,0,0,0,0,0,
33.51,0,0,0,0,0,0,0,0,
33.54,0,0,0,0,0,0,0,0,
33.57,0,0,0,0,0,0,0,0,
33.6,0,0,0,0,0,0,0,0,
33.63,0,0,0,0,0,0,0,0,
33.66,0,0,0,0,0,0,0,0,
33.69,0,0,0,0,0,0,0,0,
33.72,0,0,0,0,0,0,0,0,
33.75,0,0,0,0,0,0,0,0,
33.78,0,0,0,0,0,0,0,0,
33.81,0,0,0,0,0,0,0,0,
33.84,0,0,0,0,0,0,0,0,
33.87,0,0,0,0,0,0,0,0,
33.9,0,0,0,0,0,0,0,0,
33.93,0,0,0,0,0,0,0,0,
33.96,0,0,0,0,0,0,0,0,
33.99,0,0,0,0,0,0,0,0,
34.02,0,0,0,0,0,0,0,0,
34.05,0,0,0,0,0,0,0,0,
34.08,0,0,0,0,0,0,0,0,
34.11,0,0,0,0,0,0,0,0,
34.14,0,0,0,0,0,0,0,0,
34.17,0,0,0,0,0,0,0,0,
34.2,0,0,0,0,0,0,0,0,
34.23,0,0,0,0,0,0,0,0,
34.26,0,0,0,0,0,0,0,0,
34.29,0,0,0,0,0,0,0,0,
34.32,0,0,0,0,0,0,0,0,
34.35,0,0,0,0,0,0,0,0,
34.38,0,0,0,0,0,0,0,0,
34.41,0,0,0,0,0,0,0,0,
34.44,0,0,0,0,0,0,0,0,
34.47,0,0,0,0,0,0,0,0,
34.5,0,0,0,0,0,0,0,0,
34.53,0,0,0,0,0,0,0,0,
34.56,0,0,0,0,0,0,0,0,
34.59,0,0,0,0,0,0,0,0,
34.62,0,0,0,0,0,0,0,0,
34.65,0,0,0,0,0,0,0,0,
34.68,0,0,0,0,0,0,0,0,
34.71,0,0,0,0,0,0,0,0,
34.74,0,0,0,0,0,0,0,0,
34.77,0,0,0,0,0,0,0,0,
34.8,0,0,0,0,0,0,0,0,
34.83,0,0,0,0,0,0,0,0,
34.86,0,0,0,0,0,0,0,0,
34.89,0,0,0,0,0,0,0,0,
34.92,0,0,0,0,0,0,0,0,
34.95,0,0,0,0,0,0,0,0,
34.98,0,0,0,0,0,0,0,0,
35.01,0,0,0,0,0,0,0,0,
35.04,0,0,0,0,0,0,0,0,
35.07,0,0,0,0,0,0,0,0,
35.1,0,0,0,0,0,0,0,0,
35.13,0,0,0,0,0,0,0,0,
35.16,0,0,0,0,0,0,0,0,
35.19,0,0,0,0,0,0,0,0,
35.22,0,0,0,0,0,0,0,0,
35.25,0,0,0,0,0,0,0,0,
35.28,0,0,0,0,0,0,0,0,
35.31,0,0,0,0,0,0,0,0,
35.34,0,0,0,0,0,0,0,0,
35.37,0,0,0,0,0,0,0,0,
35.4,0,0,0,0,0,0,0,0,
35.43,0,0,0,0,0,0,0,0,
35.46,0,0,0,0,0,0,0,0,
35.49,0,0,0,0,0,0,0,0,
35.52,0,0,0,0,0,0,0,0,
35.55,0,0,0,0,0,0,0,0,
35.58,0,0,0,0,0,0,0,0,
35.61,0,0,0,0,0,0,0,0,
35.64,0,0,0,0,0,0,0,0,
35.67,0,0,0,0,0,0,0,0,
35.7,0,0,0,0,0,0,0,0,
35.73,0,0,0,0,0,0,0,0,
35.76,0,0,0,0,0,0,0,0,
35.79,0,0,0,0,0,0,0,0,
35.82,0,0,0,0,0,0,0,0,
35.85,0,0,0,0,0,0,0,0,
35.88,0,0,0,0,0,0,0,0,
35.91,0,0,0,0,0,0,0,0,
35.94,0,0,0,0,0,0,0,0,
35.97,0,0,0,0,0,0,0,0,
36,0,0,0,0,0,0,0,0,
36.03,0,0,0,0,0,0,0,0,
36.06,0,0,0,0,0,0,0,0,
36.09,0,0,0,0,0,0,0,0,
36.12,0,0,0,0,0,0,0,0,
36.15,0,0,0,0,0,0,0,0,
36.18,0,0,0,0,0,0,0,0,
36.21,0,0,0,0,0,0,0,0,
36.24,0,0,0,0,0,0,0,0,
36.27,0,0,0,0,0,0,0,0,
36.3,0,0,0,0,0,0,0,0,
36.33,0,0,0,0,0,0,0,0,
36.36,0,0,0,0,0,0,0,0,
36.39,0,0,0,0,0,0,0,0,
36.42,0,0,0,0,0,0,0,0,
36.45,0,0,0,0,0,0,0,0,
36.48,0,0,0,0,0,0,0,0,
36.51,0,0,0,0,0,0,0,0,
36.54,0,0,0,0,0,0,0,0,
36.57,0,0,0,0,0,0,0,0,
36.6,0,0,0,0,0,0,0,0,
36.63,0,0,0,0,0,0,0,0,
36.66,0,0,0,0,0,0,0,0,
36.69,0,0,0,0,0,0,0,0,
36.72,0,0,0,0,0,0,0,0,
36.75,0,0,0,0,0,0,0,0,
36.78,0,0,0,0,0,0,0,0,
36.81,0,0,0,0,0,0,0,0,
36.84,0,0,0,0,0,0,0,0,
36.87,0,0,0,0,0,0,0,0,
36.9,0,0,0,0,0,0,0,0,
36.93,0,0,0,0,0,0,0,0,
36.96,0,0,0,0,0,0,0,0,
36.99,0,0,0,0,0,0,0,0,
37.02,0,0,0,0,0,0,0,0,
37.05,0,0,0,0,0,0,0,0,
37.08,0,0,0,0,0,0,0,0,
37.11,0,0,0,0,0,0,0,0,
37.14,0,0,0,0,0,0,0,0,
37.17,0,0,0,0,0,0,0,0,
37.2,0,0,0,0,0,0,0,0,
37.23,0,0,0,0,0,0,0,0,
37.26,0,0,0,0,0,0,0,0,
37.29,0,0,0,0,0,0,0,0,
37.32,0,0,0,0,0,0,0,0,
37.35,0,0,0,0,0,0,0,0,
37.38,0,0,0,0,0,0,0,0,
37.41,0,0,0,0,0,0,0,0,
37.44,0,0,0,0,0,0,0,0,
37.47,0,0,0,0,0,0,0,0,
37.5,0,0,0,0,0,0,0,0,
37.53,0,0,0,0,0,0,0,0,
37.56,0,0,0,0,0,0,0,0,
37.59,0,0,0,0,0,0,0,0,
37.62,0,0,0,0,0,0,0,0,
37.65,0,0,0,0,0,0,0,0,
37.68,0,0,0,0,0,0,0,0,
37.71,0,0,0,0,0,0,0,0,
37.74,0,0,0,0,0,0,0,0,
37.77,0,0,0,0,0,0,0,0,
37.8,0,0,0,0,0,0,0,0,
37.83,0,0,0,0,0,0,0,0,
37.86,0,0,0,0,0,0,0,0,
37.89,0,0,0,0,0,0,0,0,
37.92,0,0,0,0,0,0,0,0,
37.95,0,0,0,0,0,0,0,0,
37.98,0,0,0,0,0,0,0,0,
38.01,0,0,0,0,0,0,0,0,
38.04,0,0,0,0,0,0,0,0,
38.07,0,0,0,0,0,0,0,0,
38.1,0,0,0,0,0,0,0,0,
38.13,0,0,0,0,0,0,0,0,
38.16,0,0,0,0,0,0,0,0,
38.19,0,0,0,0,0,0,0,0,
38.22,0,0,0,0,0,0,0,0,
38.25,0,0,0,0,0,0,0,0,
38.28,0,0,0,0,0,0,0,0,
38.31,0,0,0,0,0,0,0,0,
38.34,0,0,0,0,0,0,0,0,
38.37,0,0,0,0,0,0,0,0,
38.4,0,0,0,0,0,0,0,0,
38.43,0,0,0,0,0,0,0,0,
38.46,0,0,0,0,0,0,0,0,
38.49,0,0,0,0,0,0,0,0,
38.52,0,0,0,0,0,0,0,0,
38.55,0,0,0,0,0,0,0,0,
38.58,0,0,0,0,0,0,0,0,
38.61,0,0,0,0,0,0,0,0,
38.64,0,0,0,0,0,0,0,0,
38.67,0,0,0,0,0,0,0,0,
38.7,0,0,0,0,0,0,0,0,
38.73,0,0,0,0,0,0,0,0,
38.76,0,0,0,0,0,0,0,0,
38.79,0,0,0,0,0,0,0,0,
38.82,0,0,0,0,0,0,0,0,
38.85,0,0,0,0,0,0,0,0,
38.88,0,0,0,0,0,0,0,0,
38.91,0,0,0,0,0,0,0,0,
38.94,0,0,0,0,0,0,0,0,
38.97,0,0,0,0,0,0,0,0,
39,0,0,0,0,0,0,0,0,
39.03,0,0,0,0,0,0,0,0,
39.06,0,0,0,0,0,0,0,0,
39.09,0,0,0,0,0,0,0,0,
39.12,0,0,0,0,0,0,0,0,
39.15,0,0,0,0,0,0,0,0,
39.18,0,0,0,0,0,0,0,0,
39.21,0,0,0,0,0,0,0,0,
39.24,0,0,0,0,0,0,0,0,
39.27,0,0,0,0,0,0,0,0,
39.3,0,0,0,0,0,0,0,0,
39.33,0,0,0,0,0,0,0,0,
39.36,0,0,0,0,0,0,0,0,
39.39,0,0,0,0,0,0,0,0,
39.42,0,0,0,0,0,0,0,0,
39.45,0,0,0,0,0,0,0,0,
39.48,0,0,0,0,0,0,0,0,
39.51,0,0,0,0,0,0,0,0,
39.54,0,0,0,0,0,0,0,0,
39.57,0,0,0,0,0,0,0,0,
39.6,0,0,0,0,0,0,0,0,
39.63,0,0,0,0,0,0,0,0,
39.66,0,0,0,0,0,0,0,0,
39.69,0,0,0,0,0,0,0,0,
39.72,0,0,0,0,0,0,0,0,
39.75,0,0,0,0,0,0,0,0,
39.78,0,0,0,0,0,0,0,0,
39.81,0,0,0,0,0,0,0,0,
39.84,0,0,0,0,0,0,0,0,
39.87,0,0,0,0,0,0,0,0,
39.9,0,0,0,0,0,0,0,0,
39.93,0,0,0,0,0,0,0,0,
39.96,0,0,0,0,0,0,0,0,
39.99,0,0,0,0,0,0,0,0,
40.02,0,0,0,0,0,0,0,0,
40.05,0,0,0,0,0,0,0,0,
40.08,0,0,0,0,0,0,0,0,
40.11,0,0,0,0,0,0,0,0,
40.14,0,0,0,0,0,0,0,0,
40.17,0,0,0,0,0,0,0,0,
40.2,0,0,0,0,0,0,0,0,
40.23,0,0,0,0,0,0,0,0,
40.26,0,0,0,0,0,0,0,0,
40.29,0,0,0,0,0,0,0,0,
40.32,0,0,0,0,0,0,0,0,
40.35,0,0,0,0,0,0,0,0,
40.38,0,0,0,0,0,0,0,0,
40.41,0,0,0,0,0,0,0,0,
40.44,0,0,0,0,0,0,0,0,
40.47,0,0,0,0,0,0,0,0,
40.5,0,0,0,0,0,0,0,0,
40.53,0,0,0,0,0,0,0,0,
40.56,0,0,0,0,0,0,0,0,
40.59,0,0,0,0,0,0,0,0,
40.62,0,0,0,0,0,0,0,0,
40.65,0,0,0,0,0,0,0,0,
40.68,0,0,0,0,0,0,0,0,
40.71,0,0,0,0,0,0,0,0,
40.74,0,0,0,0,0,0,0,0,
40.77,0,0,0,0,0,0,0,0,
40.8,0,0,0,0,0,0,0,0,
40.83,0,0,0,0,0,0,0,0,
40.86,0,0,0,0,0,0,0,0,
40.89,0,0,0,0,0,0,0,0,
40.92,0,0,0,0,0,0,0,0,
40.95,0,0,0,0,0,0,0,0,
40.98,0,0,0,0,0,0,0,0,
41.01,0,0,0,0,0,0,0,0,
41.04,0,0,0,0,0,0,0,0,
41.07,0,0,0,0,0,0,0,0,
41.1,0,0,0,0,0,0,0,0,
41.13,0,0,0,0,0,0,0,0,
41.16,0,0,0,0,0,0,0,0,
41.19,0,0,0,0,0,0,0,0,
41.22,0,0,0,0,0,0,0,0,
41.25,0,0,0,0,0,0,0,0,
41.28,0,0,0,0,0,0,0,0,
41.31,0,0,0,0,0,0,0,0,
41.34,0,0,0,0,0,0,0,0,
41.37,0,0,0,0,0,0,0,0,
41.4,0,0,0,0,0,0,0,0,
41.43,0,0,0,0,0,0,0,0,
41.46,0,0,0,0,0,0,0,0,
41.49,0,0,0,0,0,0,0,0,
41.52,0,0,0,0,0,0,0,0,
41.55,0,0,0,0,0,0,0,0,
41.58,0,0,0,0,0,0,0,0,
41.61,0,0,0,0,0,0,0,0,
41.64,0,0,0,0,0,0,0,0,
41.67,0,0,0,0,0,0,0,0,
41.7,0,0,0,0,0,0,0,0,
41.73,0,0,0,0,0,0,0,0,
41.76,0,0,0,0,0,0,0,0,
41.79,0,0,0,0,0,0,0,0,
41.82,0,0,0,0,0,0,0,0,
41.85,0,0,0,0,0,0,0,0,
41.88,0,0,0,0,0,0,0,0,
41.91,0,0,0,0,0,0,0,0,
41.94,0,0,0,0,0,0,0,0,
41.97,0,0,0,0,0,0,0,0,
42,0,0,0,0,0,0,0,0,
42.03,0,0,0,0,0,0,0,0,
42.06,0,0,0,0,0,0,0,0,
42.09,0,0,0,0,0,0,0,0,
42.12,0,0,0,0,0,0,0,0,
42.15,0,0,0,0,0,0,0,0,
42.18,0,0,0,0,0,0,0,0,
42.21,0,0,0,0,0,0,0,0,
42.24,0,0,0,0,0,0,0,0,
42.27,0,0,0,0,0,0,0,0,
42.3,0,0,0,0,0,0,0,0,
42.33,0,0,0,0,0,0,0,0,
42.36,0,0,0,0,0,0,0,0,
42.39,0,0,0,0,0,0,0,0,
42.42,0,0,0,0,0,0,0,0,
42.45,0,0,0,0,0,0,0,0,
42.48,0,0,0,0,0,0,0,0,
42.51,0,0,0,0,0,0,0,0,
42.54,0,0,0,0,0,0,0,0,
42.57,0,0,0,0,0,0,0,0,
42.6,0,0,0,0,0,0,0,0,
42.63,0,0,0,0,0,0,0,0,
42.66,0,0,0,0,0,0,0,0,
42.69,0,0,0,0,0,0,0,0,
42.72,0,0,0,0,0,0,0,0,
42.75,0,0,0,0,0,0,0,0,
42.78,0,0,0,0,0,0,0,0,
42.81,0,0,0,0,0,0,0,0,
42.84,0,0,0,0,0,0,0,0,
42.87,0,0,0,0,0,0,0,0,
42.9,0,0,0,0,0,0,0,0,
42.93,0,0,0,0,0,0,0,0,
42.96,0,0,0,0,0,0,0,0,
42.99,0,0,0,0,0,0,0,0,
43.02,0,0,0,0,0,0,0,0,
43.05,0,0,0,0,0,0,0,0,
43.08,0,0,0,0,0,0,0,0,
43.11,0,0,0,0,0,0,0,0,
43.14,0,0,0,0,0,0,0,0,
43.17,0,0,0,0,0,0,0,0,
43.2,0,0,0,0,0,0,0,0,
43.23,0,0,0,0,0,0,0,0,
43.26,0,0,0,0,0,0,0,0,
43.29,0,0,0,0,0,0,0,0,
43.32,0,0,0,0,0,0,0,0,
43.35,0,0,0,0,0,0,0,0,
43.38,0,0,0,0,0,0,0,0,
43.41,0,0,0,0,0,0,0,0,
43.44,0,0,0,0,0,0,0,0,
43.47,0,0,0,0,0,0,0,0,
43.5,0,0,0,0,0,0,0,0,
43.53,0,0,0,0,0,0,0,0,
43.56,0,0,0,0,0,0,0,0,
43.59,0,0,0,0,0,0,0,0,
43.62,0,0,0,0,0,0,0,0,
43.65,0,0,0,0,0,0,0,0,
43.68,0,0,0,0,0,0,0,0,
43.71,0,0,0,0,0,0,0,0,
43.74,0,0,0,0,0,0,0,0,
43.77,0,0,0,0,0,0,0,0,
43.8,0,0,0,0,0,0,0,0,
43.83,0,0,0,0,0,0,0,0,
43.86,0,0,0,0,0,0,0,0,
43.89,0,0,0,0,0,0,0,0,
43.92,0,0,0,0,0,0,0,0,
43.95,0,0,0,0,0,0,0,0,
43.98,0,0,0,0,0,0,0,0,
44.01,0,0,0,0,0,0,0,0,
44.04,0,0,0,0,0,0,0,0,
44.07,0,0,0,0,0,0,0,0,
44.1,0,0,0,0,0,0,0,0,
44.13,0,0,0,0,0,0,0,0,
44.16,0,0,0,0,0,0,0,0,
44.19,0,0,0,0,0,0,0,0,
44.22,0,0,0,0,0,0,0,0,
44.25,0,0,0,0,0,0,0,0,
44.28,0,0,0,0,0,0,0,0,
44.31,0,0,0,0,0,0,0,0,
44.34,0,0,0,0,0,0,0,0,
44.37,0,0,0,0,0,0,0,0,
44.4,0,0,0,0,0,0,0,0,
44.43,0,0,0,0,0,0,0,0,
44.46,0,0,0,0,0,0,0,0,
44.49,0,0,0,0,0,0,0,0,
44.52,0,0,0,0,0,0,0,0,
44.55,0,0,0,0,0,0,0,0,
44.58,0,0,0,0,0,0,0,0,
44.61,0,0,0,0,0,0,0,0,
44.64,0,0,0,0,0,0,0,0,
44.67,0,0,0,0,0,0,0,0,
44.7,0,0,0,0,0,0,0,0,
44.73,0,0,0,0,0,0,0,0,
44.76,0,0,0,0,0,0,0,0,
44.79,0,0,0,0,0,0,0,0,
44.82,0,0,0,0,0,0,0,0,
44.85,0,0,0,0,0,0,0,0,
44.88,0,0,0,0,0,0,0,0,
44.91,0,0,0,0,0,0,0,0,
44.94,0,0,0,0,0,0,0,0,
44.97,0,0,0,0,0,0,0,0,
45,0,0,0,0,0,0,0,0,
45.03,0,0,0,0,0,0,0,0,
45.06,0,0,0,0,0,0,0,0,
45.09,0,0,0,0,0,0,0,0,
45.12,0,0,0,0,0,0,0,0,
45.15,0,0,0,0,0,0,0,0,
45.18,0,0,0,0,0,0,0,0,
45.21,0,0,0,0,0,0,0,0,
45.24,0,0,0,0,0,0,0,0,
45.27,0,0,0,0,0,0,0,0,
45.3,0,0,0,0,0,0,0,0,
45.33,0,0,0,0,0,0,0,0,
45.36,0,0,0,0,0,0,0,0,
45.39,0,0,0,0,0,0,0,0,
45.42,0,0,0,0,0,0,0,0,
45.45,0,0,0,0,0,0,0,0,
45.48,0,0,0,0,0,0,0,0,
45.51,0,0,0,0,0,0,0,0,
45.54,0,0,0,0,0,0,0,0,
45.57,0,0,0,0,0,0,0,0,
45.6,0,0,0,0,0,0,0,0,
45.63,0,0,0,0,0,0,0,0,
45.66,0,0,0,0,0,0,0,0,
45.69,0,0,0,0,0,0,0,0,
45.72,0,0,0,0,0,0,0,0,
45.75,0,0,0,0,0,0,0,0,
45.78,0,0,0,0,0,0,0,0,
45.81,0,0,0,0,0,0,0,0,
45.84,0,0,0,0,0,0,0,0,
45.87,0,0,0,0,0,0,0,0,
45.9,0,0,0,0,0,0,0,0,
45.93,0,0,0,0,0,0,0,0,
45.96,0,0,0,0,0,0,0,0,
45.99,0,0,0,0,0,0,0,0,
46.02,0,0,0,0,0,0,0,0,
46.05,0,0,0,0,0,0,0,0,
46.08,0,0,0,0,0,0,0,0,
46.11,0,0,0,0,0,0,0,0,
46.14,0,0,0,0,0,0,0,0,
46.17,0,0,0,0,0,0,0,0,
46.2,0,0,0,0,0,0,0,0,
46.23,0,0,0,0,0,0,0,0,
46.26,0,0,0,0,0,0,0,0,
46.29,0,0,0,0,0,0,0,0,
46.32,0,0,0,0,0,0,0,0,
46.35,0,0,0,0,0,0,0,0,
46.38,0,0,0,0,0,0,0,0,
46.41,0,0,0,0,0,0,0,0,
46.44,0,0,0,0,0,0,0,0,
46.47,0,0,0,0,0,0,0,0,
46.5,0,0,0,0,0,0,0,0,
46.53,0,0,0,0,0,0,0,0,
46.56,0,0,0,0,0,0,0,0,
46.59,0,0,0,0,0,0,0,0,
46.62,0,0,0,0,0,0,0,0,
46.65,0,0,0,0,0,0,0,0,
46.68,0,0,0,0,0,0,0,0,
46.71,0,0,0,0,0,0,0,0,
46.74,0,0,0,0,0,0,0,0,
46.77,0,0,0,0,0,0,0,0,
46.8,0,0,0,0,0,0,0,0,
46.83,0,0,0,0,0,0,0,0,
46.86,0,0,0,0,0,0,0,0,
46.89,0,0,0,0,0,0,0,0,
46.92,0,0,0,0,0,0,0,0,
46.95,0,0,0,0,0,0,0,0,
46.98,0,0,0,0,0,0,0,0,
47.01,0,0,0,0,0,0,0,0,
47.04,0,0,0,0,0,0,0,0,
47.07,0,0,0,0,0,0,0,0,
47.1,0,0,0,0,0,0,0,0,
47.13,0,0,0,0,0,0,0,0,
47.16,0,0,0,0,0,0,0,0,
47.19,0,0,0,0,0,0,0,0,
47.22,0,0,0,0,0,0,0,0,
47.25,0,0,0,0,0,0,0,0,
47.28,0,0,0,0,0,0,0,0,
47.31,0,0,0,0,0,0,0,0,
47.34,0,0,0,0,0,0,0,0,
47.37,0,0,0,0,0,0,0,0,
47.4,0,0,0,0,0,0,0,0,
47.43,0,0,0,0,0,0,0,0,
47.46,0,0,0,0,0,0,0,0,
47.49,0,0,0,0,0,0,0,0,
47.52,0,0,0,0,0,0,0,0,
47.55,0,0,0,0,0,0,0,0,
47.58,0,0,0,0,0,0,0,0,
47.61,0,0,0,0,0,0,0,0,
47.64,0,0,0,0,0,0,0,0,
47.67,0,0,0,0,0,0,0,0,
47.7,0,0,0,0,0,0,0,0,
47.73,0,0,0,0,0,0,0,0,
47.76,0,0,0,0,0,0,0,0,
47.79,0,0,0,0,0,0,0,0,
47.82,0,0,0,0,0,0,0,0,
47.85,0,0,0,0,0,0,0,0,
47.88,0,0,0,0,0,0,0,0,
47.91,0,0,0,0,0,0,0,0,
47.94,0,0,0,0,0,0,0,0,
47.97,0,0,0,0,0,0,0,0,
48,0,0,0,0,0,0,0,0,
48.03,0,0,0,0,0,0,0,0,
48.06,0,0,0,0,0,0,0,0,
48.09,0,0,0,0,0,0,0,0,
48.12,0,0,0,0,0,0,0,0,
48.15,0,0,0,0,0,0,0,0,
48.18,0,0,0,0,0,0,0,0,
48.21,0,0,0,0,0,0,0,0,
48.24,0,0,0,0,0,0,0,0,
48.27,0,0,0,0,0,0,0,0,
48.3,0,0,0,0,0,0,0,0,
48.33,0,0,0,0,0,0,0,0,
48.36,0,0,0,0,0,0,0,0,
48.39,0,0,0,0,0,0,0,0,
48.42,0,0,0,0,0,0,0,0,
48.45,0,0,0,0,0,0,0,0,
48.48,0,0,0,0,0,0,0,0,
48.51,0,0,0,0,0,0,0,0,
48.54,0,0,0,0,0,0,0,0,
48.57,0,0,0,0,0,0,0,0,
48.6,0,0,0,0,0,0,0,0,
48.63,0,0,0,0,0,0,0,0,
48.66,0,0,0,0,0,0,0,0,
48.69,0,0,0,0,0,0,0,0,
48.72,0,0,0,0,0,0,0,0,
48.75,0,0,0,0,0,0,0,0,
48.78,0,0,0,0,0,0,0,0,
48.81,0,0,0,0,0,0,0,0,
48.84,0,0,0,0,0,0,0,0,
48.87,0,0,0,0,0,0,0,0,
48.9,0,0,0,0,0,0,0,0,
48.93,0,0,0,0,0,0,0,0,
48.96,0,0,0,0,0,0,0,0,
48.99,0,0,0,0,0,0,0,0,
49.02,0,0,0,0,0,0,0,0,
49.05,0,0,0,0,0,0,0,0,
49.08,0,0,0,0,0,0,0,0,
49.11,0,0,0,0,0,0,0,0,
49.14,0,0,0,0,0,0,0,0,
49.17,0,0,0,0,0,0,0,0,
49.2,0,0,0,0,0,0,0,0,
49.23,0,0,0,0,0,0,0,0,
49.26,0,0,0,0,0,0,0,0,
49.29,0,0,0,0,0,0,0,0,
49.32,0,0,0,0,0,0,0,0,
49.35,0,0,0,0,0,0,0,0,
49.38,0,0,0,0,0,0,0,0,
49.41,0,0,0,0,0,0,0,0,
49.44,0,0,0,0,0,0,0,0,
49.47,0,0,0,0,0,0,0,0,
49.5,0,0,0,0,0,0,0,0,
49.53,0,0,0,0,0,0,0,0,
49.56,0,0,0,0,0,0,0,0,
49.59,0,0,0,0,0,0,0,0,
49.62,0,0,0,0,0,0,0,0,
49.65,0,0,0,0,0,0,0,0,
49.68,0,0,0,0,0,0,0,0,
49.71,0,0,0,0,0,0,0,0,
49.74,0,0,0,0,0,0,0,0,
49.77,0,0,0,0,0,0,0,0,
49.8,0,0,0,0,0,0,0,0,
49.83,0,0,0,0,0,0,0,0,
49.86,0,0,0,0,0,0,0,0,
49.89,0,0,0,0,0,0,0,0,
49.92,0,0,0,0,0,0,0,0,
49.95,0,0,0,0,0,0,0,0,
49.98,0,0,0,0,0,0,0,0,
50.01,0,0,0,0,0,0,0,0,
50.04,0,0,0,0,0,0,0,0,
50.07,0,0,0,0,0,0,0,0,
50.1,0,0,0,0,0,0,0,0,
50.13,0,0,0,0,0,0,0,0,
50.16,0,0,0,0,0,0,0,0,
50.19,0,0,0,0,0,0,0,0,
50.22,0,0,0,0,0,0,0,0,
50.25,0,0,0,0,0,0,0,0,
50.28,0,0,0,0,0,0,0,0,
50.31,0,0,0,0,0,0,0,0,
50.34,0,0,0,0,0,0,0,0,
50.37,0,0,0,0,0,0,0,0,
50.4,0,0,0,0,0,0,0,0,
50.43,0,0,0,0,0,0,0,0,
50.46,0,0,0,0,0,0,0,0,
50.49,0,0,0,0,0,0,0,0,
50.52,0,0,0,0,0,0,0,0,
50.55,0,0,0,0,0,0,0,0,
50.58,0,0,0,0,0,0,0,0,
50.61,0,0,0,0,0,0,0,0,
50.64,0,0,0,0,0,0,0,0,
50.67,0,0,0,0,0,0,0,0,
50.7,0,0,0,0,0,0,0,0,
50.73,0,0,0,0,0,0,0,0,
50.76,0,0,0,0,0,0,0,0,
50.79,0,0,0,0,0,0,0,0,
50.82,0,0,0,0,0,0,0,0,
50.85,0,0,0,0,0,0,0,0,
50.88,0,0,0,0,0,0,0,0,
50.91,0,0,0,0,0,0,0,0,
50.94,0,0,0,0,0,0,0,0,
50.97,0,0,0,0,0,0,0,0,
51,0,0,0,0,0,0,0,0,
51.03,0,0,0,0,0,0,0,0,
51.06,0,0,0,0,0,0,0,0,
51.09,0,0,0,0,0,0,0,0,
51.12,0,0,0,0,0,0,0,0,
51.15,0,0,0,0,0,0,0,0,
51.18,0,0,0,0,0,0,0,0,
51.21,0,0,0,0,0,0,0,0,
51.24,0,0,0,0,0,0,0,0,
51.27,0,0,0,0,0,0,0,0,
51.3,0,0,0,0,0,0,0,0,
51.33,0,0,0,0,0,0,0,0,
51.36,0,0,0,0,0,0,0,0,
51.39,0,0,0,0,0,0,0,0,
51.42,0,0,0,0,0,0,0,0,
51.45,0,0,0,0,0,0,0,0,
51.48,0,0,0,0,0,0,0,0,
51.51,0,0,0,0,0,0,0,0,
51.54,0,0,0,0,0,0,0,0,
51.57,0,0,0,0,0,0,0,0,
51.6,0,0,0,0,0,0,0,0,
51.63,0,0,0,0,0,0,0,0,
51.66,0,0,0,0,0,0,0,0,
51.69,0,0,0,0,0,0,0,0,
51.72,0,0,0,0,0,0,0,0,
51.75,0,0,0,0,0,0,0,0,
51.78,0,0,0,0,0,0,0,0,
51.81,0,0,0,0,0,0,0,0,
51.84,0,0,0,0,0,0,0,0,
51.87,0,0,0,0,0,0,0,0,
51.9,0,0,0,0,0,0,0,0,
51.93,0,0,0,0,0,0,0,0,
51.96,0,0,0,0,0,0,0,0,
51.99,0,0,0,0,0,0,0,0,
52.02,0,0,0,0,0,0,0,0,
52.05,0,0,0,0,0,0,0,0,
52.08,0,0,0,0,0,0,0,0,
52.11,0,0,0,0,0,0,0,0,
52.14,0,0,0,0,0,0,0,0,
52.17,0,0,0,0,0,0,0,0,
52.2,0,0,0,0,0,0,0,0,
52.23,0,0,0,0,0,0,0,0,
52.26,0,0,0,0,0,0,0,0,
52.29,0,0,0,0,0,0,0,0,
52.32,0,0,0,0,0,0,0,0,
52.35,0,0,0,0,0,0,0,0,
52.38,0,0,0,0,0,0,0,0,
52.41,0,0,0,0,0,0,0,0,
52.44,0,0,0,0,0,0,0,0,
52.47,0,0,0,0,0,0,0,0,
52.5,0,0,0,0,0,0,0,0,
52.53,0,0,0,0,0,0,0,0,
52.56,0,0,0,0,0,0,0,0,
52.59,0,0,0,0,0,0,0,0,
52.62,0,0,0,0,0,0,0,0,
52.65,0,0,0,0,0,0,0,0,
52.68,0,0,0,0,0,0,0,0,
52.71,0,0,0,0,0,0,0,0,
52.74,0,0,0,0,0,0,0,0,
52.77,0,0,0,0,0,0,0,0,
52.8,0,0,0,0,0,0,0,0,
52.83,0,0,0,0,0,0,0,0,
52.86,0,0,0,0,0,0,0,0,
52.89,0,0,0,0,0,0,0,0,
52.92,0,0,0,0,0,0,0,0,
52.95,0,0,0,0,0,0,0,0,
52.98,0,0,0,0,0,0,0,0,
53.01,0,0,0,0,0,0,0,0,
53.04,0,0,0,0,0,0,0,0,
53.07,0,0,0,0,0,0,0,0,
53.1,0,0,0,0,0,0,0,0,
53.13,0,0,0,0,0,0,0,0,
53.16,0,0,0,0,0,0,0,0,
53.19,0,0,0,0,0,0,0,0,
53.22,0,0,0,0,0,0,0,0,
53.25,0,0,0,0,0,0,0,0,
53.28,0,0,0,0,0,0,0,0,
53.31,0,0,0,0,0,0,0,0,
53.34,0,0,0,0,0,0,0,0,
53.37,0,0,0,0,0,0,0,0,
53.4,0,0,0,0,0,0,0,0,
53.43,0,0,0,0,0,0,0,0,
53.46,0,0,0,0,0,0,0,0,
53.49,0,0,0,0,0,0,0,0,
53.52,0,0,0,0,0,0,0,0,
53.55,0,0,0,0,0,0,0,0,
53.58,0,0,0,0,0,0,0,0,
53.61,0,0,0,0,0,0,0,0,
53.64,0,0,0,0,0,0,0,0,
53.67,0,0,0,0,0,0,0,0,
53.7,0,0,0,0,0,0,0,0,
53.73,0,0,0,0,0,0,0,0,
53.76,0,0,0,0,0,0,0,0,
53.79,0,0,0,0,0,0,0,0,
53.82,0,0,0,0,0,0,0,0,
53.85,0,0,0,0,0,0,0,0,
53.88,0,0,0,0,0,0,0,0,
53.91,0,0,0,0,0,0,0,0,
53.94,0,0,0,0,0,0,0,0,
53.97,0,0,0,0,0,0,0,0,
54,0,0,0,0,0,0,0,0,
54.03,0,0,0,0,0,0,0,0,
54.06,0,0,0,0,0,0,0,0,
54.09,0,0,0,0,0,0,0,0,
54.12,0,0,0,0,0,0,0,0,
54.15,0,0,0,0,0,0,0,0,
54.18,0,0,0,0,0,0,0,0,
54.21,0,0,0,0,0,0,0,0,
54.24,0,0,0,0,0,0,0,0,
54.27,0,0,0,0,0,0,0,0,
54.3,0,0,0,0,0,0,0,0,
54.33,0,0,0,0,0,0,0,0,
54.36,0,0,0,0,0,0,0,0,
54.39,0,0,0,0,0,0,0,0,
54.42,0,0,0,0,0,0,0,0,
54.45,0,0,0,0,0,0,0,0,
54.48,0,0,0,0,0,0,0,0,
54.51,0,0,0,0,0,0,0,0,
54.54,0,0,0,0,0,0,0,0,
54.57,0,0,0,0,0,0,0,0,
54.6,0,0,0,0,0,0,0,0,
54.63,0,0,0,0,0,0,0,0,
54.66,0,0,0,0,0,0,0,0,
54.69,0,0,0,0,0,0,0,0,
54.72,0,0,0,0,0,0,0,0,
54.75,0,0,0,0,0,0,0,0,
54.78,0,0,0,0,0,0,0,0,
54.81,0,0,0,0,0,0,0,0,
54.84,0,0,0,0,0,0,0,0,
54.87,0,0,0,0,0,0,0,0,
54.9,0,0,0,0,0,0,0,0,
54.93,0,0,0,0,0,0,0,0,
54.96,0,0,0,0,0,0,0,0,
54.99,0,0,0,0,0,0,0,0,
55.02,0,0,0,0,0,0,0,0,
55.05,0,0,0,0,0,0,0,0,
55.08,0,0,0,0,0,0,0,0,
55.11,0,0,0,0,0,0,0,0,
55.14,0,0,0,0,0,0,0,0,
55.17,0,0,0,0,0,0,0,0,
55.2,0,0,0,0,0,0,0,0,
55.23,0,0,0,0,0,0,0,0,
55.26,0,0,0,0,0,0,0,0,
55.29,0,0,0,0,0,0,0,0,
55.32,0,0,0,0,0,0,0,0,
55.35,0,0,0,0,0,0,0,0,
55.38,0,0,0,0,0,0,0,0,
55.41,0,0,0,0,0,0,0,0,
55.44,0,0,0,0,0,0,0,0,
55.47,0,0,0,0,0,0,0,0,
55.5,0,0,0,0,0,0,0,0,
55.53,0,0,0,0,0,0,0,0,
55.56,0,0,0,0,0,0,0,0,
55.59,0,0,0,0,0,0,0,0,
55.62,0,0,0,0,0,0,0,0,
55.65,0,0,0,0,0,0,0,0,
55.68,0,0,0,0,0,0,0,0,
55.71,0,0,0,0,0,0,0,0,
55.74,0,0,0,0,0,0,0,0,
55.77,0,0,0,0,0,0,0,0,
55.8,0,0,0,0,0,0,0,0,
55.83,0,0,0,0,0,0,0,0,
55.86,0,0,0,0,0,0,0,0,
55.89,0,0,0,0,0,0,0,0,
55.92,0,0,0,0,0,0,0,0,
55.95,0,0,0,0,0,0,0,0,
55.98,0,0,0,0,0,0,0,0,
56.01,0,0,0,0,0,0,0,0,
56.04,0,0,0,0,0,0,0,0,
56.07,0,0,0,0,0,0,0,0,
56.1,0,0,0,0,0,0,0,0,
56.13,0,0,0,0,0,0,0,0,
56.16,0,0,0,0,0,0,0,0,
56.19,0,0,0,0,0,0,0,0,
56.22,0,0,0,0,0,0,0,0,
56.25,0,0,0,0,0,0,0,0,
56.28,0,0,0,0,0,0,0,0,
56.31,0,0,0,0,0,0,0,0,
56.34,0,0,0,0,0,0,0,0,
56.37,0,0,0,0,0,0,0,0,
56.4,0,0,0,0,0,0,0,0,
56.43,0,0,0,0,0,0,0,0,
56.46,0,0,0,0,0,0,0,0,
56.49,0,0,0,0,0,0,0,0,
56.52,0,0,0,0,0,0,0,0,
56.55,0,0,0,0,0,0,0,0,
56.58,0,0,0,0,0,0,0,0,
56.61,0,0,0,0,0,0,0,0,
56.64,0,0,0,0,0,0,0,0,
56.67,0,0,0,0,0,0,0,0,
56.7,0,0,0,0,0,0,0,0,
56.73,0,0,0,0,0,0,0,0,
56.76,0,0,0,0,0,0,0,0,
56.79,0,0,0,0,0,0,0,0,
56.82,0,0,0,0,0,0,0,0,
56.85,0,0,0,0,0,0,0,0,
56.88,0,0,0,0,0,0,0,0,
56.91,0,0,0,0,0,0,0,0,
56.94,0,0,0,0,0,0,0,0,
56.97,0,0,0,0,0,0,0,0,
57,0,0,0,0,0,0,0,0,
57.03,0,0,0,0,0,0,0,0,
57.06,0,0,0,0,0,0,0,0,
57.09,0,0,0,0,0,0,0,0,
57.12,0,0,0,0,0,0,0,0,
57.15,0,0,0,0,0,0,0,0,
57.18,0,0,0,0,0,0,0,0,
57.21,0,0,0,0,0,0,0,0,
57.24,0,0,0,0,0,0,0,0,
57.27,0,0,0,0,0,0,0,0,
57.3,0,0,0,0,0,0,0,0,
57.33,0,0,0,0,0,0,0,0,
57.36,0,0,0,0,0,0,0,0,
57.39,0,0,0,0,0,0,0,0,
57.42,0,0,0,0,0,0,0,0,
57.45,0,0,0,0,0,0,0,0,
57.48,0,0,0,0,0,0,0,0,
57.51,0,0,0,0,0,0,0,0,
57.54,0,0,0,0,0,0,0,0,
57.57,0,0,0,0,0,0,0,0,
57.6,0,0,0,0,0,0,0,0,
57.63,0,0,0,0,0,0,0,0,
57.66,0,0,0,0,0,0,0,0,
57.69,0,0,0,0,0,0,0,0,
57.72,0,0,0,0,0,0,0,0,
57.75,0,0,0,0,0,0,0,0,
57.78,0,0,0,0,0,0,0,0,
57.81,0,0,0,0,0,0,0,0,
57.84,0,0,0,0,0,0,0,0,
57.87,0,0,0,0,0,0,0,0,
57.9,0,0,0,0,0,0,0,0,
57.93,0,0,0,0,0,0,0,0,
57.96,0,0,0,0,0,0,0,0,
57.99,0,0,0,0,0,0,0,0,
58.02,0,0,0,0,0,0,0,0,
58.05,0,0,0,0,0,0,0,0,
58.08,0,0,0,0,0,0,0,0,
58.11,0,0,0,0,0,0,0,0,
58.14,0,0,0,0,0,0,0,0,
58.17,0,0,0,0,0,0,0,0,
58.2,0,0,0,0,0,0,0,0,
58.23,0,0,0,0,0,0,0,0,
58.26,0,0,0,0,0,0,0,0,
58.29,0,0,0,0,0,0,0,0,
58.32,0,0,0,0,0,0,0,0,
58.35,0,0,0,0,0,0,0,0,
58.38,0,0,0,0,0,0,0,0,
58.41,0,0,0,0,0,0,0,0,
58.44,0,0,0,0,0,0,0,0,
58.47,0,0,0,0,0,0,0,0,
58.5,0,0,0,0,0,0,0,0,
58.53,0,0,0,0,0,0,0,0,
58.56,0,0,0,0,0,0,0,0,
58.59,0,0,0,0,0,0,0,0,
58.62,0,0,0,0,0,0,0,0,
58.65,0,0,0,0,0,0,0,0,
58.68,0,0,0,0,0,0,0,0,
58.71,0,0,0,0,0,0,0,0,
58.74,0,0,0,0,0,0,0,0,
58.77,0,0,0,0,0,0,0,0,
58.8,0,0,0,0,0,0,0,0,
58.83,0,0,0,0,0,0,0,0,
58.86,0,0,0,0,0,0,0,0,
58.89,0,0,0,0,0,0,0,0,
58.92,0,0,0,0,0,0,0,0,
58.95,0,0,0,0,0,0,0,0,
58.98,0,0,0,0,0,0,0,0,
59.01,0,0,0,0,0,0,0,0,
59.04,0,0,0,0,0,0,0,0,
59.07,0,0,0,0,0,0,0,0,
59.1,0,0,0,0,0,0,0,0,
59.13,0,0,0,0,0,0,0,0,
59.16,0,0,0,0,0,0,0,0,
59.19,0,0,0,0,0,0,0,0,
59.22,0,0,0,0,0,0,0,0,
59.25,0,0,0,0,0,0,0,0,
59.28,0,0,0,0,0,0,0,0,
59.31,0,0,0,0,0,0,0,0,
59.34,0,0,0,0,0,0,0,0,
59.37,0,0,0,0,0,0,0,0,
59.4,0,0,0,0,0,0,0,0,
59.43,0,0,0,0,0,0,0,0,
59.46,0,0,0,0,0,0,0,0,
59.49,0,0,0,0,0,0,0,0,
59.52,0,0,0,0,0,0,0,0,
59.55,0,0,0,0,0,0,0,0,
59.58,0,0,0,0,0,0,0,0,
59.61,0,0,0,0,0,0,0,0,
59.64,0,0,0,0,0,0,0,0,
59.67,0,0,0,0,0,0,0,0,
59.7,0,0,0,0,0,0,0,0,
59.73,0,0,0,0,0,0,0,0,
59.76,0,0,0,0,0,0,0,0,
59.79,0,0,0,0,0,0,0,0,
59.82,0,0,0,0,0,0,0,0,
59.85,0,0,0,0,0,0,0,0,
59.88,0,0,0,0,0,0,0,0,
59.91,0,0,0,0,0,0,0,0,
59.94,0,0,0,0,0,0,0,0,
59.97,0,0,0,0,0,0,0,0,
60,0,0,0,0,0,0,0,0,
60.03,0,0,0,0,0,0,0,0,
60.06,0,0,0,0,0,0,0,0,
60.09,0,0,0,0,0,0,0,0,
60.12,0,0,0,0,0,0,0,0,
60.15,0,0,0,0,0,0,0,0,
60.18,0,0,0,0,0,0,0,0,
60.21,0,0,0,0,0,0,0,0,
60.24,0,0,0,0,0,0,0,0,
60.27,0,0,0,0,0,0,0,0,
60.3,0,0,0,0,0,0,0,0,
60.33,0,0,0,0,0,0,0,0,
60.36,0,0,0,0,0,0,0,0,
60.39,0,0,0,0,0,0,0,0,
60.42,0,0,0,0,0,0,0,0,
60.45,0,0,0,0,0,0,0,0,
60.48,0,0,0,0,0,0,0,0,
60.51,0,0,0,0,0,0,0,0,
60.54,0,0,0,0,0,0,0,0,
60.57,0,0,0,0,0,0,0,0,
60.6,0,0,0,0,0,0,0,0,
60.63,0,0,0,0,0,0,0,0,
60.66,0,0,0,0,0,0,0,0,
60.69,0,0,0,0,0,0,0,0,
60.72,0,0,0,0,0,0,0,0,
60.75,0,0,0,0,0,0,0,0,
60.78,0,0,0,0,0,0,0,0,
60.81,0,0,0,0,0,0,0,0,
60.84,0,0,0,0,0,0,0,0,
60.87,0,0,0,0,0,0,0,0,
60.9,0,0,0,0,0,0,0,0,
60.93,0,0,0,0,0,0,0,0,
60.96,0,0,0,0,0,0,0,0,
60.99,0,0,0,0,0,0,0,0,
61.02,0,0,0,0,0,0,0,0,
61.05,0,0,0,0,0,0,0,0,
61.08,0,0,0,0,0,0,0,0,
61.11,0,0,0,0,0,0,0,0,
61.14,0,0,0,0,0,0,0,0,
61.17,0,0,0,0,0,0,0,0,
61.2,0,0,0,0,0,0,0,0,
61.23,0,0,0,0,0,0,0,0,
61.26,0,0,0,0,0,0,0,0,
61.29,0,0,0,0,0,0,0,0,
61.32,0,0,0,0,0,0,0,0,
61.35,0,0,0,0,0,0,0,0,
61.38,0,0,0,0,0,0,0,0,
61.41,0,0,0,0,0,0,0,0,
61.44,0,0,0,0,0,0,0,0,
61.47,0,0,0,0,0,0,0,0,
61.5,0,0,0,0,0,0,0,0,
61.53,0,0,0,0,0,0,0,0,
61.56,0,0,0,0,0,0,0,0,
61.59,0,0,0,0,0,0,0,0,
61.62,0,0,0,0,0,0,0,0,
61.65,0,0,0,0,0,0,0,0,
61.68,0,0,0,0,0,0,0,0,
61.71,0,0,0,0,0,0,0,0,
61.74,0,0,0,0,0,0,0,0,
61.77,0,0,0,0,0,0,0,0,
61.8,0,0,0,0,0,0,0,0,
61.83,0,0,0,0,0,0,0,0,
61.86,0,0,0,0,0,0,0,0,
61.89,0,0,0,0,0,0,0,0,
61.92,0,0,0,0,0,0,0,0,
61.95,0,0,0,0,0,0,0,0,
61.98,0,0,0,0,0,0,0,0,
62.01,0,0,0,0,0,0,0,0,
62.04,0,0,0,0,0,0,0,0,
62.07,0,0,0,0,0,0,0,0,
62.1,0,0,0,0,0,0,0,0,
62.13,0,0,0,0,0,0,0,0,
62.16,0,0,0,0,0,0,0,0,
62.19,0,0,0,0,0,0,0,0,
62.22,0,0,0,0,0,0,0,0,
62.25,0,0,0,0,0,0,0,0,
62.28,0,0,0,0,0,0,0,0,
62.31,0,0,0,0,0,0,0,0,
62.34,0,0,0,0,0,0,0,0,
62.37,0,0,0,0,0,0,0,0,
62.4,0,0,0,0,0,0,0,0,
62.43,0,0,0,0,0,0,0,0,
62.46,0,0,0,0,0,0,0,0,
62.49,0,0,0,0,0,0,0,0,
62.52,0,0,0,0,0,0,0,0,
62.55,0,0,0,0,0,0,0,0,
62.58,0,0,0,0,0,0,0,0,
62.61,0,0,0,0,0,0,0,0,
62.64,0,0,0,0,0,0,0,0,
62.67,0,0,0,0,0,0,0,0,
62.7,0,0,0,0,0,0,0,0,
62.73,0,0,0,0,0,0,0,0,
62.76,0,0,0,0,0,0,0,0,
62.79,0,0,0,0,0,0,0,0,
62.82,0,0,0,0,0,0,0,0,
62.85,0,0,0,0,0,0,0,0,
62.88,0,0,0,0,0,0,0,0,
62.91,0,0,0,0,0,0,0,0,
62.94,0,0,0,0,0,0,0,0,
62.97,0,0,0,0,0,0,0,0,
63,0,0,0,0,0,0,0,0,
63.03,0,0,0,0,0,0,0,0,
63.06,0,0,0,0,0,0,0,0,
63.09,0,0,0,0,0,0,0,0,
63.12,0,0,0,0,0,0,0,0,
63.15,0,0,0,0,0,0,0,0,
63.18,0,0,0,0,0,0,0,0,
63.21,0,0,0,0,0,0,0,0,
63.24,0,0,0,0,0,0,0,0,
63.27,0,0,0,0,0,0,0,0,
63.3,0,0,0,0,0,0,0,0,
63.33,0,0,0,0,0,0,0,0,
63.36,0,0,0,0,0,0,0,0,
63.39,0,0,0,0,0,0,0,0,
63.42,0,0,0,0,0,0,0,0,
63.45,0,0,0,0,0,0,0,0,
63.48,0,0,0,0,0,0,0,0,
63.51,0,0,0,0,0,0,0,0,
63.54,0,0,0,0,0,0,0,0,
63.57,0,0,0,0,0,0,0,0,
63.6,0,0,0,0,0,0,0,0,
63.63,0,0,0,0,0,0,0,0,
63.66,0,0,0,0,0,0,0,0,
63.69,0,0,0,0,0,0,0,0,
63.72,0,0,0,0,0,0,0,0,
63.75,0,0,0,0,0,0,0,0,
63.78,0,0,0,0,0,0,0,0,
63.81,0,0,0,0,0,0,0,0,
63.84,0,0,0,0,0,0,0,0,
63.87,0,0,0,0,0,0,0,0,
63.9,0,0,0,0,0,0,0,0,
63.93,0,0,0,0,0,0,0,0,
63.96,0,0,0,0,0,0,0,0,
63.99,0,0,0,0,0,0,0,0,
64.02,0,0,0,0,0,0,0,0,
64.05,0,0,0,0,0,0,0,0,
64.08,0,0,0,0,0,0,0,0,
64.11,0,0,0,0,0,0,0,0,
64.14,0,0,0,0,0,0,0,0,
64.17,0,0,0,0,0,0,0,0,
64.2,0,0,0,0,0,0,0,0,
64.23,0,0,0,0,0,0,0,0,
64.26,0,0,0,0,0,0,0,0,
64.29,0,0,0,0,0,0,0,0,
64.32,0,0,0,0,0,0,0,0,
64.35,0,0,0,0,0,0,0,0,
64.38,0,0,0,0,0,0,0,0,
64.41,0,0,0,0,0,0,0,0,
64.44,0,0,0,0,0,0,0,0,
64.47,0,0,0,0,0,0,0,0,
64.5,0,0,0,0,0,0,0,0,
64.53,0,0,0,0,0,0,0,0,
64.56,0,0,0,0,0,0,0,0,
64.59,0,0,0,0,0,0,0,0,
64.62,0,0,0,0,0,0,0,0,
64.65,0,0,0,0,0,0,0,0,
64.68,0,0,0,0,0,0,0,0,
64.71,0,0,0,0,0,0,0,0,
64.74,0,0,0,0,0,0,0,0,
64.77,0,0,0,0,0,0,0,0,
64.8,0,0,0,0,0,0,0,0,
64.83,0,0,0,0,0,0,0,0,
64.86,0,0,0,0,0,0,0,0,
64.89,0,0,0,0,0,0,0,0,
64.92,0,0,0,0,0,0,0,0,
64.95,0,0,0,0,0,0,0,0,
64.98,0,0,0,0,0,0,0,0,
65.01,0,0,0,0,0,0,0,0,
65.04,0,0,0,0,0,0,0,0,
65.07,0,0,0,0,0,0,0,0,
65.1,0,0,0,0,0,0,0,0,
65.13,0,0,0,0,0,0,0,0,
65.16,0,0,0,0,0,0,0,0,
65.19,0,0,0,0,0,0,0,0,
65.22,0,0,0,0,0,0,0,0,
65.25,0,0,0,0,0,0,0,0,
65.28,0,0,0,0,0,0,0,0,
65.31,0,0,0,0,0,0,0,0,
65.34,0,0,0,0,0,0,0,0,
65.37,0,0,0,0,0,0,0,0,
65.4,0,0,0,0,0,0,0,0,
65.43,0,0,0,0,0,0,0,0,
65.46,0,0,0,0,0,0,0,0,
65.49,0,0,0,0,0,0,0,0,
65.52,0,0,0,0,0,0,0,0,
65.55,0,0,0,0,0,0,0,0,
65.58,0,0,0,0,0,0,0,0,
65.61,0,0,0,0,0,0,0,0,
65.64,0,0,0,0,0,0,0,0,
65.67,0,0,0,0,0,0,0,0,
65.7,0,0,0,0,0,0,0,0,
65.73,0,0,0,0,0,0,0,0,
65.76,0,0,0,0,0,0,0,0,
65.79,0,0,0,0,0,0,0,0,
65.82,0,0,0,0,0,0,0,0,
65.85,0,0,0,0,0,0,0,0,
65.88,0,0,0,0,0,0,0,0,
65.91,0,0,0,0,0,0,0,0,
65.94,0,0,0,0,0,0,0,0,
65.97,0,0,0,0,0,0,0,0,
66,0,0,0,0,0,0,0,0,
66.03,0,0,0,0,0,0,0,0,
66.06,0,0,0,0,0,0,0,0,
66.09,0,0,0,0,0,0,0,0,
66.12,0,0,0,0,0,0,0,0,
66.15,0,0,0,0,0,0,0,0,
66.18,0,0,0,0,0,0,0,0,
66.21,0,0,0,0,0,0,0,0,
66.24,0,0,0,0,0,0,0,0,
66.27,0,0,0,0,0,0,0,0,
66.3,0,0,0,0,0,0,0,0,
66.33,0,0,0,0,0,0,0,0,
66.36,0,0,0,0,0,0,0,0,
66.39,0,0,0,0,0,0,0,0,
66.42,0,0,0,0,0,0,0,0,
66.45,0,0,0,0,0,0,0,0,
66.48,0,0,0,0,0,0,0,0,
66.51,0,0,0,0,0,0,0,0,
66.54,0,0,0,0,0,0,0,0,
66.57,0,0,0,0,0,0,0,0,
66.6,0,0,0,0,0,0,0,0,
66.63,0,0,0,0,0,0,0,0,
66.66,0,0,0,0,0,0,0,0,
66.69,0,0,0,0,0,0,0,0,
66.72,0,0,0,0,0,0,0,0,
66.75,0,0,0,0,0,0,0,0,
66.78,0,0,0,0,0,0,0,0,
66.81,0,0,0,0,0,0,0,0,
66.84,0,0,0,0,0,0,0,0,
66.87,0,0,0,0,0,0,0,0,
66.9,0,0,0,0,0,0,0,0,
66.93,0,0,0,0,0,0,0,0,
66.96,0,0,0,0,0,0,0,0,
66.99,0,0,0,0,0,0,0,0,
67.02,0,0,0,0,0,0,0,0,
67.05,0,0,0,0,0,0,0,0,
67.08,0,0,0,0,0,0,0,0,
67.11,0,0,0,0,0,0,0,0,
67.14,0,0,0,0,0,0,0,0,
67.17,0,0,0,0,0,0,0,0,
67.2,0,0,0,0,0,0,0,0,
67.23,0,0,0,0,0,0,0,0,
67.26,0,0,0,0,0,0,0,0,
67.29,0,0,0,0,0,0,0,0,
67.32,0,0,0,0,0,0,0,0,
67.35,0,0,0,0,0,0,0,0,
67.38,0,0,0,0,0,0,0,0,
67.41,0,0,0,0,0,0,0,0,
67.44,0,0,0,0,0,0,0,0,
67.47,0,0,0,0,0,0,0,0,
67.5,0,0,0,0,0,0,0,0,
67.53,0,0,0,0,0,0,0,0,
67.56,0,0,0,0,0,0,0,0,
67.59,0,0,0,0,0,0,0,0,
67.62,0,0,0,0,0,0,0,0,
67.65,0,0,0,0,0,0,0,0,
67.68,0,0,0,0,0,0,0,0,
67.71,0,0,0,0,0,0,0,0,
67.74,0,0,0,0,0,0,0,0,
67.77,0,0,0,0,0,0,0,0,
67.8,0,0,0,0,0,0,0,0,
67.83,0,0,0,0,0,0,0,0,
67.86,0,0,0,0,0,0,0,0,
67.89,0,0,0,0,0,0,0,0,
67.92,0,0,0,0,0,0,0,0,
67.95,0,0,0,0,0,0,0,0,
67.98,0,0,0,0,0,0,0,0,
68.01,0,0,0,0,0,0,0,0,
68.04,0,0,0,0,0,0,0,0,
68.07,0,0,0,0,0,0,0,0,
68.1,0,0,0,0,0,0,0,0,
68.13,0,0,0,0,0,0,0,0,
68.16,0,0,0,0,0,0,0,0,
68.19,0,0,0,0,0,0,0,0,
68.22,0,0,0,0,0,0,0,0,
68.25,0,0,0,0,0,0,0,0,
68.28,0,0,0,0,0,0,0,0,
68.31,0,0,0,0,0,0,0,0,
68.34,0,0,0,0,0,0,0,0,
68.37,0,0,0,0,0,0,0,0,
68.4,0,0,0,0,0,0,0,0,
68.43,0,0,0,0,0,0,0,0,
68.46,0,0,0,0,0,0,0,0,
68.49,0,0,0,0,0,0,0,0,
68.52,0,0,0,0,0,0,0,0,
68.55,0,0,0,0,0,0,0,0,
68.58,0,0,0,0,0,0,0,0,
68.61,0,0,0,0,0,0,0,0,
68.64,0,0,0,0,0,0,0,0,
68.67,0,0,0,0,0,0,0,0,
68.7,0,0,0,0,0,0,0,0,
68.73,0,0,0,0,0,0,0,0,
68.76,0,0,0,0,0,0,0,0,
68.79,0,0,0,0,0,0,0,0,
68.82,0,0,0,0,0,0,0,0,
68.85,0,0,0,0,0,0,0,0,
68.88,0,0,0,0,0,0,0,0,
68.91,0,0,0,0,0,0,0,0,
68.94,0,0,0,0,0,0,0,0,
68.97,0,0,0,0,0,0,0,0,
69,0,0,0,0,0,0,0,0,
69.03,0,0,0,0,0,0,0,0,
69.06,0,0,0,0,0,0,0,0,
69.09,0,0,0,0,0,0,0,0,
69.12,0,0,0,0,0,0,0,0,
69.15,0,0,0,0,0,0,0,0,
69.18,0,0,0,0,0,0,0,0,
69.21,0,0,0,0,0,0,0,0,
69.24,0,0,0,0,0,0,0,0,
69.27,0,0,0,0,0,0,0,0,
69.3,0,0,0,0,0,0,0,0,
69.33,0,0,0,0,0,0,0,0,
69.36,0,0,0,0,0,0,0,0,
69.39,0,0,0,0,0,0,0,0,
69.42,0,0,0,0,0,0,0,0,
69.45,0,0,0,0,0,0,0,0,
69.48,0,0,0,0,0,0,0,0,
69.51,0,0,0,0,0,0,0,0,
69.54,0,0,0,0,0,0,0,0,
69.57,0,0,0,0,0,0,0,0,
69.6,0,0,0,0,0,0,0,0,
69.63,0,0,0,0,0,0,0,0,
69.66,0,0,0,0,0,0,0,0,
69.69,0,0,0,0,0,0,0,0,
69.72,0,0,0,0,0,0,0,0,
69.75,0,0,0,0,0,0,0,0,
69.78,0,0,0,0,0,0,0,0,
69.81,0,0,0,0,0,0,0,0,
69.84,0,0,0,0,0,0,0,0,
69.87,0,0,0,0,0,0,0,0,
69.9,0,0,0,0,0,0,0,0,
69.93,0,0,0,0,0,0,0,0,
69.96,0,0,0,0,0,0,0,0,
69.99,0,0,0,0,0,0,0,0,
70.02,0,0,0,0,0,0,0,0,
70.05,0,0,0,0,0,0,0,0,
70.08,0,0,0,0,0,0,0,0,
70.11,0,0,0,0,0,0,0,0,
70.14,0,0,0,0,0,0,0,0,
70.17,0,0,0,0,0,0,0,0,
70.2,0,0,0,0,0,0,0,0,
70.23,0,0,0,0,0,0,0,0,
70.26,0,0,0,0,0,0,0,0,
70.29,0,0,0,0,0,0,0,0,
70.32,0,0,0,0,0,0,0,0,
70.35,0,0,0,0,0,0,0,0,
70.38,0,0,0,0,0,0,0,0,
70.41,0,0,0,0,0,0,0,0,
70.44,0,0,0,0,0,0,0,0,
70.47,0,0,0,0,0,0,0,0,
70.5,0,0,0,0,0,0,0,0,
70.53,0,0,0,0,0,0,0,0,
70.56,0,0,0,0,0,0,0,0,
70.59,0,0,0,0,0,0,0,0,
70.62,0,0,0,0,0,0,0,0,
70.65,0,0,0,0,0,0,0,0,
70.68,0,0,0,0,0,0,0,0,
70.71,0,0,0,0,0,0,0,0,
70.74,0,0,0,0,0,0,0,0,
70.77,0,0,0,0,0,0,0,0,
70.8,0,0,0,0,0,0,0,0,
70.83,0,0,0,0,0,0,0,0,
70.86,0,0,0,0,0,0,0,0,
70.89,0,0,0,0,0,0,0,0,
70.92,0,0,0,0,0,0,0,0,
70.95,0,0,0,0,0,0,0,0,
70.98,0,0,0,0,0,0,0,0,
71.01,0,0,0,0,0,0,0,0,
71.04,0,0,0,0,0,0,0,0,
71.07,0,0,0,0,0,0,0,0,
71.1,0,0,0,0,0,0,0,0,
71.13,0,0,0,0,0,0,0,0,
71.16,0,0,0,0,0,0,0,0,
71.19,0,0,0,0,0,0,0,0,
71.22,0,0,0,0,0,0,0,0,
71.25,0,0,0,0,0,0,0,0,
71.28,0,0,0,0,0,0,0,0,
71.31,0,0,0,0,0,0,0,0,
71.34,0,0,0,0,0,0,0,0,
71.37,0,0,0,0,0,0,0,0,
71.4,0,0,0,0,0,0,0,0,
71.43,0,0,0,0,0,0,0,0,
71.46,0,0,0,0,0,0,0,0,
71.49,0,0,0,0,0,0,0,0,
71.52,0,0,0,0,0,0,0,0,
71.55,0,0,0,0,0,0,0,0,
71.58,0,0,0,0,0,0,0,0,
71.61,0,0,0,0,0,0,0,0,
71.64,0,0,0,0,0,0,0,0,
71.67,0,0,0,0,0,0,0,0,
71.7,0,0,0,0,0,0,0,0,
71.73,0,0,0,0,0,0,0,0,
71.76,0,0,0,0,0,0,0,0,
71.79,0,0,0,0,0,0,0,0,
71.82,0,0,0,0,0,0,0,0,
71.85,0,0,0,0,0,0,0,0,
71.88,0,0,0,0,0,0,0,0,
71.91,0,0,0,0,0,0,0,0,
71.94,0,0,0,0,0,0,0,0,
71.97,0,0,0,0,0,0,0,0,
72,0,0,0,0,0,0,0,0,
72.03,0,0,0,0,0,0,0,0,
72.06,0,0,0,0,0,0,0,0,
72.09,0,0,0,0,0,0,0,0,
72.12,0,0,0,0,0,0,0,0,
72.15,0,0,0,0,0,0,0,0,
72.18,0,0,0,0,0,0,0,0,
72.21,0,0,0,0,0,0,0,0,
72.24,0,0,0,0,0,0,0,0,
72.27,0,0,0,0,0,0,0,0,
72.3,0,0,0,0,0,0,0,0,
72.33,0,0,0,0,0,0,0,0,
72.36,0,0,0,0,0,0,0,0,
72.39,0,0,0,0,0,0,0,0,
72.42,0,0,0,0,0,0,0,0,
72.45,0,0,0,0,0,0,0,0,
72.48,0,0,0,0,0,0,0,0,
72.51,0,0,0,0,0,0,0,0,
72.54,0,0,0,0,0,0,0,0,
72.57,0,0,0,0,0,0,0,0,
72.6,0,0,0,0,0,0,0,0,
72.63,0,0,0,0,0,0,0,0,
72.66,0,0,0,0,0,0,0,0,
72.69,0,0,0,0,0,0,0,0,
72.72,0,0,0,0,0,0,0,0,
72.75,0,0,0,0,0,0,0,0,
72.78,0,0,0,0,0,0,0,0,
72.81,0,0,0,0,0,0,0,0,
72.84,0,0,0,0,0,0,0,0,
72.87,0,0,0,0,0,0,0,0,
72.9,0,0,0,0,0,0,0,0,
72.93,0,0,0,0,0,0,0,0,
72.96,0,0,0,0,0,0,0,0,
72.99,0,0,0,0,0,0,0,0,
73.02,0,0,0,0,0,0,0,0,
73.05,0,0,0,0,0,0,0,0,
73.08,0,0,0,0,0,0,0,0,
73.11,0,0,0,0,0,0,0,0,
73.14,0,0,0,0,0,0,0,0,
73.17,0,0,0,0,0,0,0,0,
73.2,0,0,0,0,0,0,0,0,
73.23,0,0,0,0,0,0,0,0,
73.26,0,0,0,0,0,0,0,0,
73.29,0,0,0,0,0,0,0,0,
73.32,0,0,0,0,0,0,0,0,
73.35,0,0,0,0,0,0,0,0,
73.38,0,0,0,0,0,0,0,0,
73.41,0,0,0,0,0,0,0,0,
73.44,0,0,0,0,0,0,0,0,
73.47,0,0,0,0,0,0,0,0,
73.5,0,0,0,0,0,0,0,0,
73.53,0,0,0,0,0,0,0,0,
73.56,0,0,0,0,0,0,0,0,
73.59,0,0,0,0,0,0,0,0,
73.62,0,0,0,0,0,0,0,0,
73.65,0,0,0,0,0,0,0,0,
73.68,0,0,0,0,0,0,0,0,
73.71,0,0,0,0,0,0,0,0,
73.74,0,0,0,0,0,0,0,0,
73.77,0,0,0,0,0,0,0,0,
73.8,0,0,0,0,0,0,0,0,
73.83,0,0,0,0,0,0,0,0,
73.86,0,0,0,0,0,0,0,0,
73.89,0,0,0,0,0,0,0,0,
73.92,0,0,0,0,0,0,0,0,
73.95,0,0,0,0,0,0,0,0,
73.98,0,0,0,0,0,0,0,0,
74.01,0,0,0,0,0,0,0,0,
74.04,0,0,0,0,0,0,0,0,
74.07,0,0,0,0,0,0,0,0,
74.1,0,0,0,0,0,0,0,0,
74.13,0,0,0,0,0,0,0,0,
74.16,0,0,0,0,0,0,0,0,
74.19,0,0,0,0,0,0,0,0,
74.22,0,0,0,0,0,0,0,0,
74.25,0,0,0,0,0,0,0,0,
74.28,0,0,0,0,0,0,0,0,
74.31,0,0,0,0,0,0,0,0,
74.34,0,0,0,0,0,0,0,0,
74.37,0,0,0,0,0,0,0,0,
74.4,0,0,0,0,0,0,0,0,
74.43,0,0,0,0,0,0,0,0,
74.46,0,0,0,0,0,0,0,0,
74.49,0,0,0,0,0,0,0,0,
74.52,0,0,0,0,0,0,0,0,
74.55,0,0,0,0,0,0,0,0,
74.58,0,0,0,0,0,0,0,0,
74.61,0,0,0,0,0,0,0,0,
74.64,0,0,0,0,0,0,0,0,
74.67,0,0,0,0,0,0,0,0,
74.7,0,0,0,0,0,0,0,0,
74.73,0,0,0,0,0,0,0,0,
74.76,0,0,0,0,0,0,0,0,
74.79,0,0,0,0,0,0,0,0,
74.82,0,0,0,0,0,0,0,0,
74.85,0,0,0,0,0,0,0,0,
74.88,0,0,0,0,0,0,0,0,
74.91,0,0,0,0,0,0,0,0,
74.94,0,0,0,0,0,0,0,0,
74.97,0,0,0,0,0,0,0,0,
75,0,0,0,0,0,0,0,0,
75.03,0,0,0,0,0,0,0,0,
75.06,0,0,0,0,0,0,0,0,
75.09,0,0,0,0,0,0,0,0,
75.12,0,0,0,0,0,0,0,0,
75.15,0,0,0,0,0,0,0,0,
75.18,0,0,0,0,0,0,0,0,
75.21,0,0,0,0,0,0,0,0,
75.24,0,0,0,0,0,0,0,0,
75.27,0,0,0,0,0,0,0,0,
75.3,0,0,0,0,0,0,0,0,
75.33,0,0,0,0,0,0,0,0,
75.36,0,0,0,0,0,0,0,0,
75.39,0,0,0,0,0,0,0,0,
75.42,0,0,0,0,0,0,0,0,
75.45,0,0,0,0,0,0,0,0,
75.48,0,0,0,0,0,0,0,0,
75.51,0,0,0,0,0,0,0,0,
75.54,0,0,0,0,0,0,0,0,
75.57,0,0,0,0,0,0,0,0,
75.6,0,0,0,0,0,0,0,0,
75.63,0,0,0,0,0,0,0,0,
75.66,0,0,0,0,0,0,0,0,
75.69,0,0,0,0,0,0,0,0,
75.72,0,0,0,0,0,0,0,0,
75.75,0,0,0,0,0,0,0,0,
75.78,0,0,0,0,0,0,0,0,
75.81,0,0,0,0,0,0,0,0,
75.84,0,0,0,0,0,0,0,0,
75.87,0,0,0,0,0,0,0,0,
75.9,0,0,0,0,0,0,0,0,
75.93,0,0,0,0,0,0,0,0,
75.96,0,0,0,0,0,0,0,0,
75.99,0,0,0,0,0,0,0,0,
76.02,0,0,0,0,0,0,0,0,
76.05,0,0,0,0,0,0,0,0,
76.08,0,0,0,0,0,0,0,0,
76.11,0,0,0,0,0,0,0,0,
76.14,0,0,0,0,0,0,0,0,
76.17,0,0,0,0,0,0,0,0,
76.2,0,0,0,0,0,0,0,0,
76.23,0,0,0,0,0,0,0,0,
76.26,0,0,0,0,0,0,0,0,
76.29,0,0,0,0,0,0,0,0,
76.32,0,0,0,0,0,0,0,0,
76.35,0,0,0,0,0,0,0,0,
76.38,0,0,0,0,0,0,0,0,
76.41,0,0,0,0,0,0,0,0,
76.44,0,0,0,0,0,0,0,0,
76.47,0,0,0,0,0,0,0,0,
76.5,0,0,0,0,0,0,0,0,
76.53,0,0,0,0,0,0,0,0,
76.56,0,0,0,0,0,0,0,0,
76.59,0,0,0,0,0,0,0,0,
76.62,0,0,0,0,0,0,0,0,
76.65,0,0,0,0,0,0,0,0,
76.68,0,0,0,0,0,0,0,0,
76.71,0,0,0,0,0,0,0,0,
76.74,0,0,0,0,0,0,0,0,
76.77,0,0,0,0,0,0,0,0,
76.8,0,0,0,0,0,0,0,0,
76.83,0,0,0,0,0,0,0,0,
76.86,0,0,0,0,0,0,0,0,
76.89,0,0,0,0,0,0,0,0,
76.92,0,0,0,0,0,0,0,0,
76.95,0,0,0,0,0,0,0,0,
76.98,0,0,0,0,0,0,0,0,
77.01,0,0,0,0,0,0,0,0,
77.04,0,0,0,0,0,0,0,0,
77.07,0,0,0,0,0,0,0,0,
77.1,0,0,0,0,0,0,0,0,
77.13,0,0,0,0,0,0,0,0,
77.16,0,0,0,0,0,0,0,0,
77.19,0,0,0,0,0,0,0,0,
77.22,0,0,0,0,0,0,0,0,
77.25,0,0,0,0,0,0,0,0,
77.28,0,0,0,0,0,0,0,0,
77.31,0,0,0,0,0,0,0,0,
77.34,0,0,0,0,0,0,0,0,
77.37,0,0,0,0,0,0,0,0,
77.4,0,0,0,0,0,0,0,0,
77.43,0,0,0,0,0,0,0,0,
77.46,0,0,0,0,0,0,0,0,
77.49,0,0,0,0,0,0,0,0,
77.52,0,0,0,0,0,0,0,0,
77.55,0,0,0,0,0,0,0,0,
77.58,0,0,0,0,0,0,0,0,
77.61,0,0,0,0,0,0,0,0,
77.64,0,0,0,0,0,0,0,0,
77.67,0,0,0,0,0,0,0,0,
77.7,0,0,0,0,0,0,0,0,
77.73,0,0,0,0,0,0,0,0,
77.76,0,0,0,0,0,0,0,0,
77.79,0,0,0,0,0,0,0,0,
77.82,0,0,0,0,0,0,0,0,
77.85,0,0,0,0,0,0,0,0,
77.88,0,0,0,0,0,0,0,0,
77.91,0,0,0,0,0,0,0,0,
77.94,0,0,0,0,0,0,0,0,
77.97,0,0,0,0,0,0,0,0,
78,0,0,0,0,0,0,0,0,
78.03,0,0,0,0,0,0,0,0,
78.06,0,0,0,0,0,0,0,0,
78.09,0,0,0,0,0,0,0,0,
78.12,0,0,0,0,0,0,0,0,
78.15,0,0,0,0,0,0,0,0,
78.18,0,0,0,0,0,0,0,0,
78.21,0,0,0,0,0,0,0,0,
78.24,0,0,0,0,0,0,0,0,
78.27,0,0,0,0,0,0,0,0,
78.3,0,0,0,0,0,0,0,0,
78.33,0,0,0,0,0,0,0,0,
78.36,0,0,0,0,0,0,0,0,
78.39,0,0,0,0,0,0,0,0,
78.42,0,0,0,0,0,0,0,0,
78.45,0,0,0,0,0,0,0,0,
78.48,0,0,0,0,0,0,0,0,
78.51,0,0,0,0,0,0,0,0,
78.54,0,0,0,0,0,0,0,0,
78.57,0,0,0,0,0,0,0,0,
78.6,0,0,0,0,0,0,0,0,
78.63,0,0,0,0,0,0,0,0,
78.66,0,0,0,0,0,0,0,0,
78.69,0,0,0,0,0,0,0,0,
78.72,0,0,0,0,0,0,0,0,
78.75,0,0,0,0,0,0,0,0,
78.78,0,0,0,0,0,0,0,0,
78.81,0,0,0,0,0,0,0,0,
78.84,0,0,0,0,0,0,0,0,
78.87,0,0,0,0,0,0,0,0,
78.9,0,0,0,0,0,0,0,0,
78.93,0,0,0,0,0,0,0,0,
78.96,0,0,0,0,0,0,0,0,
78.99,0,0,0,0,0,0,0,0,
79.02,0,0,0,0,0,0,0,0,
79.05,0,0,0,0,0,0,0,0,
79.08,0,0,0,0,0,0,0,0,
79.11,0,0,0,0,0,0,0,0,
79.14,0,0,0,0,0,0,0,0,
79.17,0,0,0,0,0,0,0,0,
79.2,0,0,0,0,0,0,0,0,
79.23,0,0,0,0,0,0,0,0,
79.26,0,0,0,0,0,0,0,0,
79.29,0,0,0,0,0,0,0,0,
79.32,0,0,0,0,0,0,0,0,
79.35,0,0,0,0,0,0,0,0,
79.38,0,0,0,0,0,0,0,0,
79.41,0,0,0,0,0,0,0,0,
79.44,0,0,0,0,0,0,0,0,
79.47,0,0,0,0,0,0,0,0,
79.5,0,0,0,0,0,0,0,0,
79.53,0,0,0,0,0,0,0,0,
79.56,0,0,0,0,0,0,0,0,
79.59,0,0,0,0,0,0,0,0,
79.62,0,0,0,0,0,0,0,0,
79.65,0,0,0,0,0,0,0,0,
79.68,0,0,0,0,0,0,0,0,
79.71,0,0,0,0,0,0,0,0,
79.74,0,0,0,0,0,0,0,0,
79.77,0,0,0,0,0,0,0,0,
79.8,0,0,0,0,0,0,0,0,
79.83,0,0,0,0,0,0,0,0,
79.86,0,0,0,0,0,0,0,0,
79.89,0,0,0,0,0,0,0,0,
79.92,0,0,0,0,0,0,0,0,
79.95,0,0,0,0,0,0,0,0,
79.98,0,0,0,0,0,0,0,0,
80.01,0,0,0,0,0,0,0,0,
80.04,0,0,0,0,0,0,0,0,
80.07,0,0,0,0,0,0,0,0,
80.1,0,0,0,0,0,0,0,0,
80.13,0,0,0,0,0,0,0,0,
80.16,0,0,0,0,0,0,0,0,
80.19,0,0,0,0,0,0,0,0,
80.22,0,0,0,0,0,0,0,0,
80.25,0,0,0,0,0,0,0,0,
80.28,0,0,0,0,0,0,0,0,
80.31,0,0,0,0,0,0,0,0,
80.34,0,0,0,0,0,0,0,0,
80.37,0,0,0,0,0,0,0,0,
80.4,0,0,0,0,0,0,0,0,
80.43,0,0,0,0,0,0,0,0,
80.46,0,0,0,0,0,0,0,0,
80.49,0,0,0,0,0,0,0,0,
80.52,0,0,0,0,0,0,0,0,
80.55,0,0,0,0,0,0,0,0,
80.58,0,0,0,0,0,0,0,0,
80.61,0,0,0,0,0,0,0,0,
80.64,0,0,0,0,0,0,0,0,
80.67,0,0,0,0,0,0,0,0,
80.7,0,0,0,0,0,0,0,0,
80.73,0,0,0,0,0,0,0,0,
80.76,0,0,0,0,0,0,0,0,
80.79,0,0,0,0,0,0,0,0,
80.82,0,0,0,0,0,0,0,0,
80.85,0,0,0,0,0,0,0,0,
80.88,0,0,0,0,0,0,0,0,
80.91,0,0,0,0,0,0,0,0,
80.94,0,0,0,0,0,0,0,0,
80.97,0,0,0,0,0,0,0,0,
81,0,0,0,0,0,0,0,0,
81.03,0,0,0,0,0,0,0,0,
81.06,0,0,0,0,0,0,0,0,
81.09,0,0,0,0,0,0,0,0,
81.12,0,0,0,0,0,0,0,0,
81.15,0,0,0,0,0,0,0,0,
81.18,0,0,0,0,0,0,0,0,
81.21,0,0,0,0,0,0,0,0,
81.24,0,0,0,0,0,0,0,0,
81.27,0,0,0,0,0,0,0,0,
81.3,0,0,0,0,0,0,0,0,
81.33,0,0,0,0,0,0,0,0,
81.36,0,0,0,0,0,0,0,0,
81.39,0,0,0,0,0,0,0,0,
81.42,0,0,0,0,0,0,0,0,
81.45,0,0,0,0,0,0,0,0,
81.48,0,0,0,0,0,0,0,0,
81.51,0,0,0,0,0,0,0,0,
81.54,0,0,0,0,0,0,0,0,
81.57,0,0,0,0,0,0,0,0,
81.6,0,0,0,0,0,0,0,0,
81.63,0,0,0,0,0,0,0,0,
81.66,0,0,0,0,0,0,0,0,
81.69,0,0,0,0,0,0,0,0,
81.72,0,0,0,0,0,0,0,0,
81.75,0,0,0,0,0,0,0,0,
81.78,0,0,0,0,0,0,0,0,
81.81,0,0,0,0,0,0,0,0,
81.84,0,0,0,0,0,0,0,0,
81.87,0,0,0,0,0,0,0,0,
81.9,0,0,0,0,0,0,0,0,
81.93,0,0,0,0,0,0,0,0,
81.96,0,0,0,0,0,0,0,0,
81.99,0,0,0,0,0,0,0,0,
82.02,0,0,0,0,0,0,0,0,
82.05,0,0,0,0,0,0,0,0,
82.08,0,0,0,0,0,0,0,0,
82.11,0,0,0,0,0,0,0,0,
82.14,0,0,0,0,0,0,0,0,
82.17,0,0,0,0,0,0,0,0,
82.2,0,0,0,0,0,0,0,0,
82.23,0,0,0,0,0,0,0,0,
82.26,0,0,0,0,0,0,0,0,
82.29,0,0,0,0,0,0,0,0,
82.32,0,0,0,0,0,0,0,0,
82.35,0,0,0,0,0,0,0,0,
82.38,0,0,0,0,0,0,0,0,
82.41,0,0,0,0,0,0,0,0,
82.44,0,0,0,0,0,0,0,0,
82.47,0,0,0,0,0,0,0,0,
82.5,0,0,0,0,0,0,0,0,
82.53,0,0,0,0,0,0,0,0,
82.56,0,0,0,0,0,0,0,0,
82.59,0,0,0,0,0,0,0,0,
82.62,0,0,0,0,0,0,0,0,
82.65,0,0,0,0,0,0,0,0,
82.68,0,0,0,0,0,0,0,0,
82.71,0,0,0,0,0,0,0,0,
82.74,0,0,0,0,0,0,0,0,
82.77,0,0,0,0,0,0,0,0,
82.8,0,0,0,0,0,0,0,0,
82.83,0,0,0,0,0,0,0,0,
82.86,0,0,0,0,0,0,0,0,
82.89,0,0,0,0,0,0,0,0,
82.92,0,0,0,0,0,0,0,0,
82.95,0,0,0,0,0,0,0,0,
82.98,0,0,0,0,0,0,0,0,
83.01,0,0,0,0,0,0,0,0,
83.04,0,0,0,0,0,0,0,0,
83.07,0,0,0,0,0,0,0,0,
83.1,0,0,0,0,0,0,0,0,
83.13,0,0,0,0,0,0,0,0,
83.16,0,0,0,0,0,0,0,0,
83.19,0,0,0,0,0,0,0,0,
83.22,0,0,0,0,0,0,0,0,
83.25,0,0,0,0,0,0,0,0,
83.28,0,0,0,0,0,0,0,0,
83.31,0,0,0,0,0,0,0,0,
83.34,0,0,0,0,0,0,0,0,
83.37,0,0,0,0,0,0,0,0,
83.4,0,0,0,0,0,0,0,0,
83.43,0,0,0,0,0,0,0,0,
83.46,0,0,0,0,0,0,0,0,
83.49,0,0,0,0,0,0,0,0,
83.52,0,0,0,0,0,0,0,0,
83.55,0,0,0,0,0,0,0,0,
83.58,0,0,0,0,0,0,0,0,
83.61,0,0,0,0,0,0,0,0,
83.64,0,0,0,0,0,0,0,0,
83.67,0,0,0,0,0,0,0,0,
83.7,0,0,0,0,0,0,0,0,
83.73,0,0,0,0,0,0,0,0,
83.76,0,0,0,0,0,0,0,0,
83.79,0,0,0,0,0,0,0,0,
83.82,0,0,0,0,0,0,0,0,
83.85,0,0,0,0,0,0,0,0,
83.88,0,0,0,0,0,0,0,0,
83.91,0,0,0,0,0,0,0,0,
83.94,0,0,0,0,0,0,0,0,
83.97,0,0,0,0,0,0,0,0,
84,0,0,0,0,0,0,0,0,
84.03,0,0,0,0,0,0,0,0,
84.06,0,0,0,0,0,0,0,0,
84.09,0,0,0,0,0,0,0,0,
84.12,0,0,0,0,0,0,0,0,
84.15,0,0,0,0,0,0,0,0,
84.18,0,0,0,0,0,0,0,0,
84.21,0,0,0,0,0,0,0,0,
84.24,0,0,0,0,0,0,0,0,
84.27,0,0,0,0,0,0,0,0,
84.3,0,0,0,0,0,0,0,0,
84.33,0,0,0,0,0,0,0,0,
84.36,0,0,0,0,0,0,0,0,
84.39,0,0,0,0,0,0,0,0,
84.42,0,0,0,0,0,0,0,0,
84.45,0,0,0,0,0,0,0,0,
84.48,0,0,0,0,0,0,0,0,
84.51,0,0,0,0,0,0,0,0,
84.54,0,0,0,0,0,0,0,0,
84.57,0,0,0,0,0,0,0,0,
84.6,0,0,0,0,0,0,0,0,
84.63,0,0,0,0,0,0,0,0,
84.66,0,0,0,0,0,0,0,0,
84.69,0,0,0,0,0,0,0,0,
84.72,0,0,0,0,0,0,0,0,
84.75,0,0,0,0,0,0,0,0,
84.78,0,0,0,0,0,0,0,0,
84.81,0,0,0,0,0,0,0,0,
84.84,0,0,0,0,0,0,0,0,
84.87,0,0,0,0,0,0,0,0,
84.9,0,0,0,0,0,0,0,0,
84.93,0,0,0,0,0,0,0,0,
84.96,0,0,0,0,0,0,0,0,
84.99,0,0,0,0,0,0,0,0,
85.02,0,0,0,0,0,0,0,0,
85.05,0,0,0,0,0,0,0,0,
85.08,0,0,0,0,0,0,0,0,
85.11,0,0,0,0,0,0,0,0,
85.14,0,0,0,0,0,0,0,0,
85.17,0,0,0,0,0,0,0,0,
85.2,0,0,0,0,0,0,0,0,
85.23,0,0,0,0,0,0,0,0,
85.26,0,0,0,0,0,0,0,0,
85.29,0,0,0,0,0,0,0,0,
85.32,0,0,0,0,0,0,0,0,
85.35,0,0,0,0,0,0,0,0,
85.38,0,0,0,0,0,0,0,0,
85.41,0,0,0,0,0,0,0,0,
85.44,0,0,0,0,0,0,0,0,
85.47,0,0,0,0,0,0,0,0,
85.5,0,0,0,0,0,0,0,0,
85.53,0,0,0,0,0,0,0,0,
85.56,0,0,0,0,0,0,0,0,
85.59,0,0,0,0,0,0,0,0,
85.62,0,0,0,0,0,0,0,0,
85.65,0,0,0,0,0,0,0,0,
85.68,0,0,0,0,0,0,0,0,
85.71,0,0,0,0,0,0,0,0,
85.74,0,0,0,0,0,0,0,0,
85.77,0,0,0,0,0,0,0,0,
85.8,0,0,0,0,0,0,0,0,
85.83,0,0,0,0,0,0,0,0,
85.86,0,0,0,0,0,0,0,0,
85.89,0,0,0,0,0,0,0,0,
85.92,0,0,0,0,0,0,0,0,
85.95,0,0,0,0,0,0,0,0,
85.98,0,0,0,0,0,0,0,0,
86.01,0,0,0,0,0,0,0,0,
86.04,0,0,0,0,0,0,0,0,
86.07,0,0,0,0,0,0,0,0,
86.1,0,0,0,0,0,0,0,0,
86.13,0,0,0,0,0,0,0,0,
86.16,0,0,0,0,0,0,0,0,
86.19,0,0,0,0,0,0,0,0,
86.22,0,0,0,0,0,0,0,0,
86.25,0,0,0,0,0,0,0,0,
86.28,0,0,0,0,0,0,0,0,
86.31,0,0,0,0,0,0,0,0,
86.34,0,0,0,0,0,0,0,0,
86.37,0,0,0,0,0,0,0,0,
86.4,0,0,0,0,0,0,0,0,
86.43,0,0,0,0,0,0,0,0,
86.46,0,0,0,0,0,0,0,0,
86.49,0,0,0,0,0,0,0,0,
86.52,0,0,0,0,0,0,0,0,
86.55,0,0,0,0,0,0,0,0,
86.58,0,0,0,0,0,0,0,0,
86.61,0,0,0,0,0,0,0,0,
86.64,0,0,0,0,0,0,0,0,
86.67,0,0,0,0,0,0,0,0,
86.7,0,0,0,0,0,0,0,0,
86.73,0,0,0,0,0,0,0,0,
86.76,0,0,0,0,0,0,0,0,
86.79,0,0,0,0,0,0,0,0,
86.82,0,0,0,0,0,0,0,0,
86.85,0,0,0,0,0,0,0,0,
86.88,0,0,0,0,0,0,0,0,
86.91,0,0,0,0,0,0,0,0,
86.94,0,0,0,0,0,0,0,0,
86.97,0,0,0,0,0,0,0,0,
87,0,0,0,0,0,0,0,0,
87.03,0,0,0,0,0,0,0,0,
87.06,0,0,0,0,0,0,0,0,
87.09,0,0,0,0,0,0,0,0,
87.12,0,0,0,0,0,0,0,0,
87.15,0,0,0,0,0,0,0,0,
87.18,0,0,0,0,0,0,0,0,
87.21,0,0,0,0,0,0,0,0,
87.24,0,0,0,0,0,0,0,0,
87.27,0,0,0,0,0,0,0,0,
87.3,0,0,0,0,0,0,0,0,
87.33,0,0,0,0,0,0,0,0,
87.36,0,0,0,0,0,0,0,0,
87.39,0,0,0,0,0,0,0,0,
87.42,0,0,0,0,0,0,0,0,
87.45,0,0,0,0,0,0,0,0,
87.48,0,0,0,0,0,0,0,0,
87.51,0,0,0,0,0,0,0,0,
87.54,0,0,0,0,0,0,0,0,
87.57,0,0,0,0,0,0,0,0,
87.6,0,0,0,0,0,0,0,0,
87.63,0,0,0,0,0,0,0,0,
87.66,0,0,0,0,0,0,0,0,
87.69,0,0,0,0,0,0,0,0,
87.72,0,0,0,0,0,0,0,0,
87.75,0,0,0,0,0,0,0,0,
87.78,0,0,0,0,0,0,0,0,
87.81,0,0,0,0,0,0,0,0,
87.84,0,0,0,0,0,0,0,0,
87.87,0,0,0,0,0,0,0,0,
87.9,0,0,0,0,0,0,0,0,
87.93,0,0,0,0,0,0,0,0,
87.96,0,0,0,0,0,0,0,0,
87.99,0,0,0,0,0,0,0,0,
88.02,0,0,0,0,0,0,0,0,
88.05,0,0,0,0,0,0,0,0,
88.08,0,0,0,0,0,0,0,0,
88.11,0,0,0,0,0,0,0,0,
88.14,0,0,0,0,0,0,0,0,
88.17,0,0,0,0,0,0,0,0,
88.2,0,0,0,0,0,0,0,0,
88.23,0,0,0,0,0,0,0,0,
88.26,0,0,0,0,0,0,0,0,
88.29,0,0,0,0,0,0,0,0,
88.32,0,0,0,0,0,0,0,0,
88.35,0,0,0,0,0,0,0,0,
88.38,0,0,0,0,0,0,0,0,
88.41,0,0,0,0,0,0,0,0,
88.44,0,0,0,0,0,0,0,0,
88.47,0,0,0,0,0,0,0,0,
88.5,0,0,0,0,0,0,0,0,
88.53,0,0,0,0,0,0,0,0,
88.56,0,0,0,0,0,0,0,0,
88.59,0,0,0,0,0,0,0,0,
88.62,0,0,0,0,0,0,0,0,
88.65,0,0,0,0,0,0,0,0,
88.68,0,0,0,0,0,0,0,0,
88.71,0,0,0,0,0,0,0,0,
88.74,0,0,0,0,0,0,0,0,
88.77,0,0,0,0,0,0,0,0,
88.8,0,0,0,0,0,0,0,0,
88.83,0,0,0,0,0,0,0,0,
88.86,0,0,0,0,0,0,0,0,
88.89,0,0,0,0,0,0,0,0,
88.92,0,0,0,0,0,0,0,0,
88.95,0,0,0,0,0,0,0,0,
88.98,0,0,0,0,0,0,0,0,
89.01,0,0,0,0,0,0,0,0,
89.04,0,0,0,0,0,0,0,0,
89.07,0,0,0,0,0,0,0,0,
89.1,0,0,0,0,0,0,0,0,
89.13,0,0,0,0,0,0,0,0,
89.16,0,0,0,0,0,0,0,0,
89.19,0,0,0,0,0,0,0,0,
89.22,0,0,0,0,0,0,0,0,
89.25,0,0,0,0,0,0,0,0,
89.28,0,0,0,0,0,0,0,0,
89.31,0,0,0,0,0,0,0,0,
89.34,0,0,0,0,0,0,0,0,
89.37,0,0,0,0,0,0,0,0,
89.4,0,0,0,0,0,0,0,0,
89.43,0,0,0,0,0,0,0,0,
89.46,0,0,0,0,0,0,0,0,
89.49,0,0,0,0,0,0,0,0,
89.52,0,0,0,0,0,0,0,0,
89.55,0,0,0,0,0,0,0,0,
89.58,0,0,0,0,0,0,0,0,
89.61,0,0,0,0,0,0,0,0,
89.64,0,0,0,0,0,0,0,0,
89.67,0,0,0,0,0,0,0,0,
89.7,0,0,0,0,0,0,0,0,
89.73,0,0,0,0,0,0,0,0,
89.76,0,0,0,0,0,0,0,0,
89.79,0,0,0,0,0,0,0,0,
89.82,0,0,0,0,0,0,0,0,
89.85,0,0,0,0,0,0,0,0,
89.88,0,0,0,0,0,0,0,0,
89.91,0,0,0,0,0,0,0,0,
89.94,0,0,0,0,0,0,0,0,
89.97,0,0,0,0,0,0,0,0,
90,0,0,0,0,0,0,0,0,
90.03,0,0,0,0,0,0,0,0,
90.06,0,0,0,0,0,0,0,0,
90.09,0,0,0,0,0,0,0,0,
90.12,0,0,0,0,0,0,0,0,
90.15,0,0,0,0,0,0,0,0,
90.18,0,0,0,0,0,0,0,0,
90.21,0,0,0,0,0,0,0,0,
90.24,0,0,0,0,0,0,0,0,
90.27,0,0,0,0,0,0,0,0,
90.3,0,0,0,0,0,0,0,0,
90.33,0,0,0,0,0,0,0,0,
90.36,0,0,0,0,0,0,0,0,
90.39,0,0,0,0,0,0,0,0,
90.42,0,0,0,0,0,0,0,0,
90.45,0,0,0,0,0,0,0,0,
90.48,0,0,0,0,0,0,0,0,
90.51,0,0,0,0,0,0,0,0,
90.54,0,0,0,0,0,0,0,0,
90.57,0,0,0,0,0,0,0,0,
90.6,0,0,0,0,0,0,0,0,
90.63,0,0,0,0,0,0,0,0,
90.66,0,0,0,0,0,0,0,0,
90.69,0,0,0,0,0,0,0,0,
90.72,0,0,0,0,0,0,0,0,
90.75,0,0,0,0,0,0,0,0,
90.78,0,0,0,0,0,0,0,0,
90.81,0,0,0,0,0,0,0,0,
90.84,0,0,0,0,0,0,0,0,
90.87,0,0,0,0,0,0,0,0,
90.9,0,0,0,0,0,0,0,0,
90.93,0,0,0,0,0,0,0,0,
90.96,0,0,0,0,0,0,0,0,
90.99,0,0,0,0,0,0,0,0,
91.02,0,0,0,0,0,0,0,0,
91.05,0,0,0,0,0,0,0,0,
91.08,0,0,0,0,0,0,0,0,
91.11,0,0,0,0,0,0,0,0,
91.14,0,0,0,0,0,0,0,0,
91.17,0,0,0,0,0,0,0,0,
91.2,0,0,0,0,0,0,0,0,
91.23,0,0,0,0,0,0,0,0,
91.26,0,0,0,0,0,0,0,0,
91.29,0,0,0,0,0,0,0,0,
91.32,0,0,0,0,0,0,0,0,
91.35,0,0,0,0,0,0,0,0,
91.38,0,0,0,0,0,0,0,0,
91.41,0,0,0,0,0,0,0,0,
91.44,0,0,0,0,0,0,0,0,
91.47,0,0,0,0,0,0,0,0,
91.5,0,0,0,0,0,0,0,0,
91.53,0,0,0,0,0,0,0,0,
91.56,0,0,0,0,0,0,0,0,
91.59,0,0,0,0,0,0,0,0,
91.62,0,0,0,0,0,0,0,0,
91.65,0,0,0,0,0,0,0,0,
91.68,0,0,0,0,0,0,0,0,
91.71,0,0,0,0,0,0,0,0,
91.74,0,0,0,0,0,0,0,0,
91.77,0,0,0,0,0,0,0,0,
91.8,0,0,0,0,0,0,0,0,
91.83,0,0,0,0,0,0,0,0,
91.86,0,0,0,0,0,0,0,0,
91.89,0,0,0,0,0,0,0,0,
91.92,0,0,0,0,0,0,0,0,
91.95,0,0,0,0,0,0,0,0,
91.98,0,0,0,0,0,0,0,0,
92.01,0,0,0,0,0,0,0,0,
92.04,0,0,0,0,0,0,0,0,
92.07,0,0,0,0,0,0,0,0,
92.1,0,0,0,0,0,0,0,0,
92.13,0,0,0,0,0,0,0,0,
92.16,0,0,0,0,0,0,0,0,
92.19,0,0,0,0,0,0,0,0,
92.22,0,0,0,0,0,0,0,0,
92.25,0,0,0,0,0,0,0,0,
92.28,0,0,0,0,0,0,0,0,
92.31,0,0,0,0,0,0,0,0,
92.34,0,0,0,0,0,0,0,0,
92.37,0,0,0,0,0,0,0,0,
92.4,0,0,0,0,0,0,0,0,
92.43,0,0,0,0,0,0,0,0,
92.46,0,0,0,0,0,0,0,0,
92.49,0,0,0,0,0,0,0,0,
92.52,0,0,0,0,0,0,0,0,
92.55,0,0,0,0,0,0,0,0,
92.58,0,0,0,0,0,0,0,0,
92.61,0,0,0,0,0,0,0,0,
92.64,0,0,0,0,0,0,0,0,
92.67,0,0,0,0,0,0,0,0,
92.7,0,0,0,0,0,0,0,0,
92.73,0,0,0,0,0,0,0,0,
92.76,0,0,0,0,0,0,0,0,
92.79,0,0,0,0,0,0,0,0,
92.82,0,0,0,0,0,0,0,0,
92.85,0,0,0,0,0,0,0,0,
92.88,0,0,0,0,0,0,0,0,
92.91,0,0,0,0,0,0,0,0,
92.94,0,0,0,0,0,0,0,0,
92.97,0,0,0,0,0,0,0,0,
93,0,0,0,0,0,0,0,0,
93.03,0,0,0,0,0,0,0,0,
93.06,0,0,0,0,0,0,0,0,
93.09,0,0,0,0,0,0,0,0,
93.12,0,0,0,0,0,0,0,0,
93.15,0,0,0,0,0,0,0,0,
93.18,0,0,0,0,0,0,0,0,
93.21,0,0,0,0,0,0,0,0,
93.24,0,0,0,0,0,0,0,0,
93.27,0,0,0,0,0,0,0,0,
93.3,0,0,0,0,0,0,0,0,
93.33,0,0,0,0,0,0,0,0,
93.36,0,0,0,0,0,0,0,0,
93.39,0,0,0,0,0,0,0,0,
93.42,0,0,0,0,0,0,0,0,
93.45,0,0,0,0,0,0,0,0,
93.48,0,0,0,0,0,0,0,0,
93.51,0,0,0,0,0,0,0,0,
93.54,0,0,0,0,0,0,0,0,
93.57,0,0,0,0,0,0,0,0,
93.6,0,0,0,0,0,0,0,0,
93.63,0,0,0,0,0,0,0,0,
93.66,0,0,0,0,0,0,0,0,
93.69,0,0,0,0,0,0,0,0,
93.72,0,0,0,0,0,0,0,0,
93.75,0,0,0,0,0,0,0,0,
93.78,0,0,0,0,0,0,0,0,
93.81,0,0,0,0,0,0,0,0,
93.84,0,0,0,0,0,0,0,0,
93.87,0,0,0,0,0,0,0,0,
93.9,0,0,0,0,0,0,0,0,
93.93,0,0,0,0,0,0,0,0,
93.96,0,0,0,0,0,0,0,0,
93.99,0,0,0,0,0,0,0,0,
94.02,0,0,0,0,0,0,0,0,
94.05,0,0,0,0,0,0,0,0,
94.08,0,0,0,0,0,0,0,0,
94.11,0,0,0,0,0,0,0,0,
94.14,0,0,0,0,0,0,0,0,
94.17,0,0,0,0,0,0,0,0,
94.2,0,0,0,0,0,0,0,0,
94.23,0,0,0,0,0,0,0,0,
94.26,0,0,0,0,0,0,0,0,
94.29,0,0,0,0,0,0,0,0,
94.32,0,0,0,0,0,0,0,0,
94.35,0,0,0,0,0,0,0,0,
94.38,0,0,0,0,0,0,0,0,
94.41,0,0,0,0,0,0,0,0,
94.44,0,0,0,0,0,0,0,0,
94.47,0,0,0,0,0,0,0,0,
94.5,0,0,0,0,0,0,0,0,
94.53,0,0,0,0,0,0,0,0,
94.56,0,0,0,0,0,0,0,0,
94.59,0,0,0,0,0,0,0,0,
94.62,0,0,0,0,0,0,0,0,
94.65,0,0,0,0,0,0,0,0,
94.68,0,0,0,0,0,0,0,0,
94.71,0,0,0,0,0,0,0,0,
94.74,0,0,0,0,0,0,0,0,
94.77,0,0,0,0,0,0,0,0,
94.8,0,0,0,0,0,0,0,0,
94.83,0,0,0,0,0,0,0,0,
94.86,0,0,0,0,0,0,0,0,
94.89,0,0,0,0,0,0,0,0,
94.92,0,0,0,0,0,0,0,0,
94.95,0,0,0,0,0,0,0,0,
94.98,0,0,0,0,0,0,0,0,
95.01,0,0,0,0,0,0,0,0,
95.04,0,0,0,0,0,0,0,0,
95.07,0,0,0,0,0,0,0,0,
95.1,0,0,0,0,0,0,0,0,
95.13,0,0,0,0,0,0,0,0,
95.16,0,0,0,0,0,0,0,0,
95.19,0,0,0,0,0,0,0,0,
95.22,0,0,0,0,0,0,0,0,
95.25,0,0,0,0,0,0,0,0,
95.28,0,0,0,0,0,0,0,0,
95.31,0,0,0,0,0,0,0,0,
95.34,0,0,0,0,0,0,0,0,
95.37,0,0,0,0,0,0,0,0,
95.4,0,0,0,0,0,0,0,0,
95.43,0,0,0,0,0,0,0,0,
95.46,0,0,0,0,0,0,0,0,
95.49,0,0,0,0,0,0,0,0,
95.52,0,0,0,0,0,0,0,0,
95.55,0,0,0,0,0,0,0,0,
95.58,0,0,0,0,0,0,0,0,
95.61,0,0,0,0,0,0,0,0,
95.64,0,0,0,0,0,0,0,0,
95.67,0,0,0,0,0,0,0,0,
95.7,0,0,0,0,0,0,0,0,
95.73,0,0,0,0,0,0,0,0,
95.76,0,0,0,0,0,0,0,0,
95.79,0,0,0,0,0,0,0,0,
95.82,0,0,0,0,0,0,0,0,
95.85,0,0,0,0,0,0,0,0,
95.88,0,0,0,0,0,0,0,0,
95.91,0,0,0,0,0,0,0,0,
95.94,0,0,0,0,0,0,0,0,
95.97,0,0,0,0,0,0,0,0,
96,0,0,0,0,0,0,0,0,
96.03,0,0,0,0,0,0,0,0,
96.06,0,0,0,0,0,0,0,0,
96.09,0,0,0,0,0,0,0,0,
96.12,0,0,0,0,0,0,0,0,
96.15,0,0,0,0,0,0,0,0,
96.18,0,0,0,0,0,0,0,0,
96.21,0,0,0,0,0,0,0,0,
96.24,0,0,0,0,0,0,0,0,
96.27,0,0,0,0,0,0,0,0,
96.3,0,0,0,0,0,0,0,0,
96.33,0,0,0,0,0,0,0,0,
96.36,0,0,0,0,0,0,0,0,
96.39,0,0,0,0,0,0,0,0,
96.42,0,0,0,0,0,0,0,0,
96.45,0,0,0,0,0,0,0,0,
96.48,0,0,0,0,0,0,0,0,
96.51,0,0,0,0,0,0,0,0,
96.54,0,0,0,0,0,0,0,0,
96.57,0,0,0,0,0,0,0,0,
96.6,0,0,0,0,0,0,0,0,
96.63,0,0,0,0,0,0,0,0,
96.66,0,0,0,0,0,0,0,0,
96.69,0,0,0,0,0,0,0,0,
96.72,0,0,0,0,0,0,0,0,
96.75,0,0,0,0,0,0,0,0,
96.78,0,0,0,0,0,0,0,0,
96.81,0,0,0,0,0,0,0,0,
96.84,0,0,0,0,0,0,0,0,
96.87,0,0,0,0,0,0,0,0,
96.9,0,0,0,0,0,0,0,0,
96.93,0,0,0,0,0,0,0,0,
96.96,0,0,0,0,0,0,0,0,
96.99,0,0,0,0,0,0,0,0,
97.02,0,0,0,0,0,0,0,0,
97.05,0,0,0,0,0,0,0,0,
97.08,0,0,0,0,0,0,0,0,
97.11,0,0,0,0,0,0,0,0,
97.14,0,0,0,0,0,0,0,0,
97.17,0,0,0,0,0,0,0,0,
97.2,0,0,0,0,0,0,0,0,
97.23,0,0,0,0,0,0,0,0,
97.26,0,0,0,0,0,0,0,0,
97.29,0,0,0,0,0,0,0,0,
97.32,0,0,0,0,0,0,0,0,
97.35,0,0,0,0,0,0,0,0,
97.38,0,0,0,0,0,0,0,0,
97.41,0,0,0,0,0,0,0,0,
97.44,0,0,0,0,0,0,0,0,
97.47,0,0,0,0,0,0,0,0,
97.5,0,0,0,0,0,0,0,0,
97.53,0,0,0,0,0,0,0,0,
97.56,0,0,0,0,0,0,0,0,
97.59,0,0,0,0,0,0,0,0,
97.62,0,0,0,0,0,0,0,0,
97.65,0,0,0,0,0,0,0,0,
97.68,0,0,0,0,0,0,0,0,
97.71,0,0,0,0,0,0,0,0,
97.74,0,0,0,0,0,0,0,0,
97.77,0,0,0,0,0,0,0,0,
97.8,0,0,0,0,0,0,0,0,
97.83,0,0,0,0,0,0,0,0,
97.86,0,0,0,0,0,0,0,0,
97.89,0,0,0,0,0,0,0,0,
97.92,0,0,0,0,0,0,0,0,
97.95,0,0,0,0,0,0,0,0,
97.98,0,0,0,0,0,0,0,0,
98.01,0,0,0,0,0,0,0,0,
98.04,0,0,0,0,0,0,0,0,
98.07,0,0,0,0,0,0,0,0,
98.1,0,0,0,0,0,0,0,0,
98.13,0,0,0,0,0,0,0,0,
98.16,0,0,0,0,0,0,0,0,
98.19,0,0,0,0,0,0,0,0,
98.22,0,0,0,0,0,0,0,0,
98.25,0,0,0,0,0,0,0,0,
98.28,0,0,0,0,0,0,0,0,
98.31,0,0,0,0,0,0,0,0,
98.34,0,0,0,0,0,0,0,0,
98.37,0,0,0,0,0,0,0,0,
98.4,0,0,0,0,0,0,0,0,
98.43,0,0,0,0,0,0,0,0,
98.46,0,0,0,0,0,0,0,0,
98.49,0,0,0,0,0,0,0,0,
98.52,0,0,0,0,0,0,0,0,
98.55,0,0,0,0,0,0,0,0,
98.58,0,0,0,0,0,0,0,0,
98.61,0,0,0,0,0,0,0,0,
98.64,0,0,0,0,0,0,0,0,
98.67,0,0,0,0,0,0,0,0,
98.7,0,0,0,0,0,0,0,0,
98.73,0,0,0,0,0,0,0,0,
98.76,0,0,0,0,0,0,0,0,
98.79,0,0,0,0,0,0,0,0,
98.82,0,0,0,0,0,0,0,0,
98.85,0,0,0,0,0,0,0,0,
98.88,0,0,0,0,0,0,0,0,
98.91,0,0,0,0,0,0,0,0,
98.94,0,0,0,0,0,0,0,0,
98.97,0,0,0,0,0,0,0,0,
99,0,0,0,0,0,0,0,0,
99.03,0,0,0,0,0,0,0,0,
99.06,0,0,0,0,0,0,0,0,
99.09,0,0,0,0,0,0,0,0,
99.12,0,0,0,0,0,0,0,0,
99.15,0,0,0,0,0,0,0,0,
99.18,0,0,0,0,0,0,0,0,
99.21,0,0,0,0,0,0,0,0,
99.24,0,0,0,0,0,0,0,0,
99.27,0,0,0,0,0,0,0,0,
99.3,0,0,0,0,0,0,0,0,
99.33,0,0,0,0,0,0,0,0,
99.36,0,0,0,0,0,0,0,0,
99.39,0,0,0,0,0,0,0,0,
99.42,0,0,0,0,0,0,0,0,
99.45,0,0,0,0,0,0,0,0,
99.48,0,0,0,0,0,0,0,0,
99.51,0,0,0,0,0,0,0,0,
99.54,0,0,0,0,0,0,0,0,
99.57,0,0,0,0,0,0,0,0,
99.6,0,0,0,0,0,0,0,0,
99.63,0,0,0,0,0,0,0,0,
99.66,0,0,0,0,0,0,0,0,
99.69,0,0,0,0,0,0,0,0,
99.72,0,0,0,0,0,0,0,0,
99.75,0,0,0,0,0,0,0,0,
99.78,0,0,0,0,0,0,0,0,
99.81,0,0,0,0,0,0,0,0,
99.84,0,0,0,0,0,0,0,0,
99.87,0,0,0,0,0,0,0,0,
99.9,0,0,0,0,0,0,0,0,
99.93,0,0,0,0,0,0,0,0,
99.96,0,0,0,0,0,0,0,0,
99.99,0,0,0,0,0,0,0,0,
100.02,0,0,0,0,0,0,0,0,
100.05,0,0,0,0,0,0,0,0,
100.08,0,0,0,0,0,0,0,0,
100.11,0,0,0,0,0,0,0,0,
100.14,0,0,0,0,0,0,0,0,
100.17,0,0,0,0,0,0,0,0,
100.2,0,0,0,0,0,0,0,0,
100.23,0,0,0,0,0,0,0,0,
100.26,0,0,0,0,0,0,0,0,
100.29,0,0,0,0,0,0,0,0,
100.32,0,0,0,0,0,0,0,0,
100.35,0,0,0,0,0,0,0,0,
100.38,0,0,0,0,0,0,0,0,
100.41,0,0,0,0,0,0,0,0,
100.44,0,0,0,0,0,0,0,0,
100.47,0,0,0,0,0,0,0,0,
100.5,0,0,0,0,0,0,0,0,
100.53,0,0,0,0,0,0,0,0,
100.56,0,0,0,0,0,0,0,0,
100.59,0,0,0,0,0,0,0,0,
100.62,0,0,0,0,0,0,0,0,
100.65,0,0,0,0,0,0,0,0,
100.68,0,0,0,0,0,0,0,0,
100.71,0,0,0,0,0,0,0,0,
100.74,0,0,0,0,0,0,0,0,
100.77,0,0,0,0,0,0,0,0,
100.8,0,0,0,0,0,0,0,0,
100.83,0,0,0,0,0,0,0,0,
100.86,0,0,0,0,0,0,0,0,
100.89,0,0,0,0,0,0,0,0,
100.92,0,0,0,0,0,0,0,0,
100.95,0,0,0,0,0,0,0,0,
100.98,0,0,0,0,0,0,0,0,
101.01,0,0,0,0,0,0,0,0,
101.04,0,0,0,0,0,0,0,0,
101.07,0,0,0,0,0,0,0,0,
101.1,0,0,0,0,0,0,0,0,
101.13,0,0,0,0,0,0,0,0,
101.16,0,0,0,0,0,0,0,0,
101.19,0,0,0,0,0,0,0,0,
101.22,0,0,0,0,0,0,0,0,
101.25,0,0,0,0,0,0,0,0,
101.28,0,0,0,0,0,0,0,0,
101.31,0,0,0,0,0,0,0,0,
101.34,0,0,0,0,0,0,0,0,
101.37,0,0,0,0,0,0,0,0,
101.4,0,0,0,0,0,0,0,0,
101.43,0,0,0,0,0,0,0,0,
101.46,0,0,0,0,0,0,0,0,
101.49,0,0,0,0,0,0,0,0,
101.52,0,0,0,0,0,0,0,0,
101.55,0,0,0,0,0,0,0,0,
101.58,0,0,0,0,0,0,0,0,
101.61,0,0,0,0,0,0,0,0,
101.64,0,0,0,0,0,0,0,0,
101.67,0,0,0,0,0,0,0,0,
101.7,0,0,0,0,0,0,0,0,
101.73,0,0,0,0,0,0,0,0,
101.76,0,0,0,0,0,0,0,0,
101.79,0,0,0,0,0,0,0,0,
101.82,0,0,0,0,0,0,0,0,
101.85,0,0,0,0,0,0,0,0,
101.88,0,0,0,0,0,0,0,0,
101.91,0,0,0,0,0,0,0,0,
101.94,0,0,0,0,0,0,0,0,
101.97,0,0,0,0,0,0,0,0,
102,0,0,0,0,0,0,0,0,
102.03,0,0,0,0,0,0,0,0,
102.06,0,0,0,0,0,0,0,0,
102.09,0,0,0,0,0,0,0,0,
102.12,0,0,0,0,0,0,0,0,
102.15,0,0,0,0,0,0,0,0,
102.18,0,0,0,0,0,0,0,0,
102.21,0,0,0,0,0,0,0,0,
102.24,0,0,0,0,0,0,0,0,
102.27,0,0,0,0,0,0,0,0,
102.3,0,0,0,0,0,0,0,0,
102.33,0,0,0,0,0,0,0,0,
102.36,0,0,0,0,0,0,0,0,
102.39,0,0,0,0,0,0,0,0,
102.42,0,0,0,0,0,0,0,0,
102.45,0,0,0,0,0,0,0,0,
102.48,0,0,0,0,0,0,0,0,
102.51,0,0,0,0,0,0,0,0,
102.54,0,0,0,0,0,0,0,0,
102.57,0,0,0,0,0,0,0,0,
102.6,0,0,0,0,0,0,0,0,
102.63,0,0,0,0,0,0,0,0,
102.66,0,0,0,0,0,0,0,0,
102.69,0,0,0,0,0,0,0,0,
102.72,0,0,0,0,0,0,0,0,
102.75,0,0,0,0,0,0,0,0,
102.78,0,0,0,0,0,0,0,0,
102.81,0,0,0,0,0,0,0,0,
102.84,0,0,0,0,0,0,0,0,
102.87,0,0,0,0,0,0,0,0,
102.9,0,0,0,0,0,0,0,0,
102.93,0,0,0,0,0,0,0,0,
102.96,0,0,0,0,0,0,0,0,
102.99,0,0,0,0,0,0,0,0,
103.02,0,0,0,0,0,0,0,0,
103.05,0,0,0,0,0,0,0,0,
103.08,0,0,0,0,0,0,0,0,
103.11,0,0,0,0,0,0,0,0,
103.14,0,0,0,0,0,0,0,0,
103.17,0,0,0,0,0,0,0,0,
103.2,0,0,0,0,0,0,0,0,
103.23,0,0,0,0,0,0,0,0,
103.26,0,0,0,0,0,0,0,0,
103.29,0,0,0,0,0,0,0,0,
103.32,0,0,0,0,0,0,0,0,
103.35,0,0,0,0,0,0,0,0,
103.38,0,0,0,0,0,0,0,0,
103.41,0,0,0,0,0,0,0,0,
103.44,0,0,0,0,0,0,0,0,
103.47,0,0,0,0,0,0,0,0,
103.5,0,0,0,0,0,0,0,0,
103.53,0,0,0,0,0,0,0,0,
103.56,0,0,0,0,0,0,0,0,
103.59,0,0,0,0,0,0,0,0,
103.62,0,0,0,0,0,0,0,0,
103.65,0,0,0,0,0,0,0,0,
103.68,0,0,0,0,0,0,0,0,
103.71,0,0,0,0,0,0,0,0,
103.74,0,0,0,0,0,0,0,0,
103.77,0,0,0,0,0,0,0,0,
103.8,0,0,0,0,0,0,0,0,
103.83,0,0,0,0,0,0,0,0,
103.86,0,0,0,0,0,0,0,0,
103.89,0,0,0,0,0,0,0,0,
103.92,0,0,0,0,0,0,0,0,
103.95,0,0,0,0,0,0,0,0,
103.98,0,0,0,0,0,0,0,0,
104.01,0,0,0,0,0,0,0,0,
104.04,0,0,0,0,0,0,0,0,
104.07,0,0,0,0,0,0,0,0,
104.1,0,0,0,0,0,0,0,0,
104.13,0,0,0,0,0,0,0,0,
104.16,0,0,0,0,0,0,0,0,
104.19,0,0,0,0,0,0,0,0,
104.22,0,0,0,0,0,0,0,0,
104.25,0,0,0,0,0,0,0,0,
104.28,0,0,0,0,0,0,0,0,
104.31,0,0,0,0,0,0,0,0,
104.34,0,0,0,0,0,0,0,0,
104.37,0,0,0,0,0,0,0,0,
104.4,0,0,0,0,0,0,0,0,
104.43,0,0,0,0,0,0,0,0,
104.46,0,0,0,0,0,0,0,0,
104.49,0,0,0,0,0,0,0,0,
104.52,0,0,0,0,0,0,0,0,
104.55,0,0,0,0,0,0,0,0,
104.58,0,0,0,0,0,0,0,0,
104.61,0,0,0,0,0,0,0,0,
104.64,0,0,0,0,0,0,0,0,
104.67,0,0,0,0,0,0,0,0,
104.7,0,0,0,0,0,0,0,0,
104.73,0,0,0,0,0,0,0,0,
104.76,0,0,0,0,0,0,0,0,
104.79,0,0,0,0,0,0,0,0,
104.82,0,0,0,0,0,0,0,0,
104.85,0,0,0,0,0,0,0,0,
104.88,0,0,0,0,0,0,0,0,
104.91,0,0,0,0,0,0,0,0,
104.94,0,0,0,0,0,0,0,0,
104.97,0,0,0,0,0,0,0,0,
105,0,0,0,0,0,0,0,0,
105.03,0,0,0,0,0,0,0,0,
105.06,0,0,0,0,0,0,0,0,
105.09,0,0,0,0,0,0,0,0,
105.12,0,0,0,0,0,0,0,0,
105.15,0,0,0,0,0,0,0,0,
105.18,0,0,0,0,0,0,0,0,
105.21,0,0,0,0,0,0,0,0,
105.24,0,0,0,0,0,0,0,0,
105.27,0,0,0,0,0,0,0,0,
105.3,0,0,0,0,0,0,0,0,
105.33,0,0,0,0,0,0,0,0,
105.36,0,0,0,0,0,0,0,0,
105.39,0,0,0,0,0,0,0,0,
105.42,0,0,0,0,0,0,0,0,
105.45,0,0,0,0,0,0,0,0,
105.48,0,0,0,0,0,0,0,0,
105.51,0,0,0,0,0,0,0,0,
105.54,0,0,0,0,0,0,0,0,
105.57,0,0,0,0,0,0,0,0,
105.6,0,0,0,0,0,0,0,0,
105.63,0,0,0,0,0,0,0,0,
105.66,0,0,0,0,0,0,0,0,
105.69,0,0,0,0,0,0,0,0,
105.72,0,0,0,0,0,0,0,0,
105.75,0,0,0,0,0,0,0,0,
105.78,0,0,0,0,0,0,0,0,
105.81,0,0,0,0,0,0,0,0,
105.84,0,0,0,0,0,0,0,0,
105.87,0,0,0,0,0,0,0,0,
105.9,0,0,0,0,0,0,0,0,
105.93,0,0,0,0,0,0,0,0,
105.96,0,0,0,0,0,0,0,0,
105.99,0,0,0,0,0,0,0,0,
106.02,0,0,0,0,0,0,0,0,
106.05,0,0,0,0,0,0,0,0,
106.08,0,0,0,0,0,0,0,0,
106.11,0,0,0,0,0,0,0,0,
106.14,0,0,0,0,0,0,0,0,
106.17,0,0,0,0,0,0,0,0,
106.2,0,0,0,0,0,0,0,0,
106.23,0,0,0,0,0,0,0,0,
106.26,0,0,0,0,0,0,0,0,
106.29,0,0,0,0,0,0,0,0,
106.32,0,0,0,0,0,0,0,0,
106.35,0,0,0,0,0,0,0,0,
106.38,0,0,0,0,0,0,0,0,
106.41,0,0,0,0,0,0,0,0,
106.44,0,0,0,0,0,0,0,0,
106.47,0,0,0,0,0,0,0,0,
106.5,0,0,0,0,0,0,0,0,
106.53,0,0,0,0,0,0,0,0,
106.56,0,0,0,0,0,0,0,0,
106.59,0,0,0,0,0,0,0,0,
106.62,0,0,0,0,0,0,0,0,
106.65,0,0,0,0,0,0,0,0,
106.68,0,0,0,0,0,0,0,0,
106.71,0,0,0,0,0,0,0,0,
106.74,0,0,0,0,0,0,0,0,
106.77,0,0,0,0,0,0,0,0,
106.8,0,0,0,0,0,0,0,0,
106.83,0,0,0,0,0,0,0,0,
106.86,0,0,0,0,0,0,0,0,
106.89,0,0,0,0,0,0,0,0,
106.92,0,0,0,0,0,0,0,0,
106.95,0,0,0,0,0,0,0,0,
106.98,0,0,0,0,0,0,0,0,
107.01,0,0,0,0,0,0,0,0,
107.04,0,0,0,0,0,0,0,0,
107.07,0,0,0,0,0,0,0,0,
107.1,0,0,0,0,0,0,0,0,
107.13,0,0,0,0,0,0,0,0,
107.16,0,0,0,0,0,0,0,0,
107.19,0,0,0,0,0,0,0,0,
107.22,0,0,0,0,0,0,0,0,
107.25,0,0,0,0,0,0,0,0,
107.28,0,0,0,0,0,0,0,0,
107.31,0,0,0,0,0,0,0,0,
107.34,0,0,0,0,0,0,0,0,
107.37,0,0,0,0,0,0,0,0,
107.4,0,0,0,0,0,0,0,0,
107.43,0,0,0,0,0,0,0,0,
107.46,0,0,0,0,0,0,0,0,
107.49,0,0,0,0,0,0,0,0,
107.52,0,0,0,0,0,0,0,0,
107.55,0,0,0,0,0,0,0,0,
107.58,0,0,0,0,0,0,0,0,
107.61,0,0,0,0,0,0,0,0,
107.64,0,0,0,0,0,0,0,0,
107.67,0,0,0,0,0,0,0,0,
107.7,0,0,0,0,0,0,0,0,
107.73,0,0,0,0,0,0,0,0,
107.76,0,0,0,0,0,0,0,0,
107.79,0,0,0,0,0,0,0,0,
107.82,0,0,0,0,0,0,0,0,
107.85,0,0,0,0,0,0,0,0,
107.88,0,0,0,0,0,0,0,0,
107.91,0,0,0,0,0,0,0,0,
107.94,0,0,0,0,0,0,0,0,
107.97,0,0,0,0,0,0,0,0,
108,0,0,0,0,0,0,0,0,
108.03,0,0,0,0,0,0,0,0,
108.06,0,0,0,0,0,0,0,0,
108.09,0,0,0,0,0,0,0,0,
108.12,0,0,0,0,0,0,0,0,
108.15,0,0,0,0,0,0,0,0,
108.18,0,0,0,0,0,0,0,0,
108.21,0,0,0,0,0,0,0,0,
108.24,0,0,0,0,0,0,0,0,
108.27,0,0,0,0,0,0,0,0,
108.3,0,0,0,0,0,0,0,0,
108.33,0,0,0,0,0,0,0,0,
108.36,0,0,0,0,0,0,0,0,
108.39,0,0,0,0,0,0,0,0,
108.42,0,0,0,0,0,0,0,0,
108.45,0,0,0,0,0,0,0,0,
108.48,0,0,0,0,0,0,0,0,
108.51,0,0,0,0,0,0,0,0,
108.54,0,0,0,0,0,0,0,0,
108.57,0,0,0,0,0,0,0,0,
108.6,0,0,0,0,0,0,0,0,
108.63,0,0,0,0,0,0,0,0,
108.66,0,0,0,0,0,0,0,0,
108.69,0,0,0,0,0,0,0,0,
108.72,0,0,0,0,0,0,0,0,
108.75,0,0,0,0,0,0,0,0,
108.78,0,0,0,0,0,0,0,0,
108.81,0,0,0,0,0,0,0,0,
108.84,0,0,0,0,0,0,0,0,
108.87,0,0,0,0,0,0,0,0,
108.9,0,0,0,0,0,0,0,0,
108.93,0,0,0,0,0,0,0,0,
108.96,0,0,0,0,0,0,0,0,
108.99,0,0,0,0,0,0,0,0,
109.02,0,0,0,0,0,0,0,0,
109.05,0,0,0,0,0,0,0,0,
109.08,0,0,0,0,0,0,0,0,
109.11,0,0,0,0,0,0,0,0,
109.14,0,0,0,0,0,0,0,0,
109.17,0,0,0,0,0,0,0,0,
109.2,0,0,0,0,0,0,0,0,
109.23,0,0,0,0,0,0,0,0,
109.26,0,0,0,0,0,0,0,0,
109.29,0,0,0,0,0,0,0,0,
109.32,0,0,0,0,0,0,0,0,
109.35,0,0,0,0,0,0,0,0,
109.38,0,0,0,0,0,0,0,0,
109.41,0,0,0,0,0,0,0,0,
109.44,0,0,0,0,0,0,0,0,
109.47,0,0,0,0,0,0,0,0,
109.5,0,0,0,0,0,0,0,0,
109.53,0,0,0,0,0,0,0,0,
109.56,0,0,0,0,0,0,0,0,
109.59,0,0,0,0,0,0,0,0,
109.62,0,0,0,0,0,0,0,0,
109.65,0,0,0,0,0,0,0,0,
109.68,0,0,0,0,0,0,0,0,
109.71,0,0,0,0,0,0,0,0,
109.74,0,0,0,0,0,0,0,0,
109.77,0,0,0,0,0,0,0,0,
109.8,0,0,0,0,0,0,0,0,
109.83,0,0,0,0,0,0,0,0,
109.86,0,0,0,0,0,0,0,0,
109.89,0,0,0,0,0,0,0,0,
109.92,0,0,0,0,0,0,0,0,
109.95,0,0,0,0,0,0,0,0,
109.98,0,0,0,0,0,0,0,0,
110.01,0,0,0,0,0,0,0,0,
110.04,0,0,0,0,0,0,0,0,
110.07,0,0,0,0,0,0,0,0,
110.1,0,0,0,0,0,0,0,0,
110.13,0,0,0,0,0,0,0,0,
110.16,0,0,0,0,0,0,0,0,
110.19,0,0,0,0,0,0,0,0,
110.22,0,0,0,0,0,0,0,0,
110.25,0,0,0,0,0,0,0,0,
110.28,0,0,0,0,0,0,0,0,
110.31,0,0,0,0,0,0,0,0,
110.34,0,0,0,0,0,0,0,0,
110.37,0,0,0,0,0,0,0,0,
110.4,0,0,0,0,0,0,0,0,
110.43,0,0,0,0,0,0,0,0,
110.46,0,0,0,0,0,0,0,0,
110.49,0,0,0,0,0,0,0,0,
110.52,0,0,0,0,0,0,0,0,
110.55,0,0,0,0,0,0,0,0,
110.58,0,0,0,0,0,0,0,0,
110.61,0,0,0,0,0,0,0,0,
110.64,0,0,0,0,0,0,0,0,
110.67,0,0,0,0,0,0,0,0,
110.7,0,0,0,0,0,0,0,0,
110.73,0,0,0,0,0,0,0,0,
110.76,0,0,0,0,0,0,0,0,
110.79,0,0,0,0,0,0,0,0,
110.82,0,0,0,0,0,0,0,0,
110.85,0,0,0,0,0,0,0,0,
110.88,0,0,0,0,0,0,0,0,
110.91,0,0,0,0,0,0,0,0,
110.94,0,0,0,0,0,0,0,0,
110.97,0,0,0,0,0,0,0,0,
111,0,0,0,0,0,0,0,0,
111.03,0,0,0,0,0,0,0,0,
111.06,0,0,0,0,0,0,0,0,
111.09,0,0,0,0,0,0,0,0,
111.12,0,0,0,0,0,0,0,0,
111.15,0,0,0,0,0,0,0,0,
111.18,0,0,0,0,0,0,0,0,
111.21,0,0,0,0,0,0,0,0,
111.24,0,0,0,0,0,0,0,0,
111.27,0,0,0,0,0,0,0,0,
111.3,0,0,0,0,0,0,0,0,
111.33,0,0,0,0,0,0,0,0,
111.36,0,0,0,0,0,0,0,0,
111.39,0,0,0,0,0,0,0,0,
111.42,0,0,0,0,0,0,0,0,
111.45,0,0,0,0,0,0,0,0,
111.48,0,0,0,0,0,0,0,0,
111.51,0,0,0,0,0,0,0,0,
111.54,0,0,0,0,0,0,0,0,
111.57,0,0,0,0,0,0,0,0,
111.6,0,0,0,0,0,0,0,0,
111.63,0,0,0,0,0,0,0,0,
111.66,0,0,0,0,0,0,0,0,
111.69,0,0,0,0,0,0,0,0,
111.72,0,0,0,0,0,0,0,0,
111.75,0,0,0,0,0,0,0,0,
111.78,0,0,0,0,0,0,0,0,
111.81,0,0,0,0,0,0,0,0,
111.84,0,0,0,0,0,0,0,0,
111.87,0,0,0,0,0,0,0,0,
111.9,0,0,0,0,0,0,0,0,
111.93,0,0,0,0,0,0,0,0,
111.96,0,0,0,0,0,0,0,0,
111.99,0,0,0,0,0,0,0,0,
112.02,0,0,0,0,0,0,0,0,
112.05,0,0,0,0,0,0,0,0,
112.08,0,0,0,0,0,0,0,0,
112.11,0,0,0,0,0,0,0,0,
112.14,0,0,0,0,0,0,0,0,
112.17,0,0,0,0,0,0,0,0,
112.2,0,0,0,0,0,0,0,0,
112.23,0,0,0,0,0,0,0,0,
112.26,0,0,0,0,0,0,0,0,
112.29,0,0,0,0,0,0,0,0,
112.32,0,0,0,0,0,0,0,0,
112.35,0,0,0,0,0,0,0,0,
112.38,0,0,0,0,0,0,0,0,
112.41,0,0,0,0,0,0,0,0,
112.44,0,0,0,0,0,0,0,0,
112.47,0,0,0,0,0,0,0,0,
112.5,0,0,0,0,0,0,0,0,
112.53,0,0,0,0,0,0,0,0,
112.56,0,0,0,0,0,0,0,0,
112.59,0,0,0,0,0,0,0,0,
112.62,0,0,0,0,0,0,0,0,
112.65,0,0,0,0,0,0,0,0,
112.68,0,0,0,0,0,0,0,0,
112.71,0,0,0,0,0,0,0,0,
112.74,0,0,0,0,0,0,0,0,
112.77,0,0,0,0,0,0,0,0,
112.8,0,0,0,0,0,0,0,0,
112.83,0,0,0,0,0,0,0,0,
112.86,0,0,0,0,0,0,0,0,
112.89,0,0,0,0,0,0,0,0,
112.92,0,0,0,0,0,0,0,0,
112.95,0,0,0,0,0,0,0,0,
112.98,0,0,0,0,0,0,0,0,
113.01,0,0,0,0,0,0,0,0,
113.04,0,0,0,0,0,0,0,0,
113.07,0,0,0,0,0,0,0,0,
113.1,0,0,0,0,0,0,0,0,
113.13,0,0,0,0,0,0,0,0,
113.16,0,0,0,0,0,0,0,0,
113.19,0,0,0,0,0,0,0,0,
113.22,0,0,0,0,0,0,0,0,
113.25,0,0,0,0,0,0,0,0,
113.28,0,0,0,0,0,0,0,0,
113.31,0,0,0,0,0,0,0,0,
113.34,0,0,0,0,0,0,0,0,
113.37,0,0,0,0,0,0,0,0,
113.4,0,0,0,0,0,0,0,0,
113.43,0,0,0,0,0,0,0,0,
113.46,0,0,0,0,0,0,0,0,
113.49,0,0,0,0,0,0,0,0,
113.52,0,0,0,0,0,0,0,0,
113.55,0,0,0,0,0,0,0,0,
113.58,0,0,0,0,0,0,0,0,
113.61,0,0,0,0,0,0,0,0,
113.64,0,0,0,0,0,0,0,0,
113.67,0,0,0,0,0,0,0,0,
113.7,0,0,0,0,0,0,0,0,
113.73,0,0,0,0,0,0,0,0,
113.76,0,0,0,0,0,0,0,0,
113.79,0,0,0,0,0,0,0,0,
113.82,0,0,0,0,0,0,0,0,
113.85,0,0,0,0,0,0,0,0,
113.88,0,0,0,0,0,0,0,0,
113.91,0,0,0,0,0,0,0,0,
113.94,0,0,0,0,0,0,0,0,
113.97,0,0,0,0,0,0,0,0,
114,0,0,0,0,0,0,0,0,
114.03,0,0,0,0,0,0,0,0,
114.06,0,0,0,0,0,0,0,0,
114.09,0,0,0,0,0,0,0,0,
114.12,0,0,0,0,0,0,0,0,
114.15,0,0,0,0,0,0,0,0,
114.18,0,0,0,0,0,0,0,0,
114.21,0,0,0,0,0,0,0,0,
114.24,0,0,0,0,0,0,0,0,
114.27,0,0,0,0,0,0,0,0,
114.3,0,0,0,0,0,0,0,0,
114.33,0,0,0,0,0,0,0,0,
114.36,0,0,0,0,0,0,0,0,
114.39,0,0,0,0,0,0,0,0,
114.42,0,0,0,0,0,0,0,0,
114.45,0,0,0,0,0,0,0,0,
114.48,0,0,0,0,0,0,0,0,
114.51,0,0,0,0,0,0,0,0,
114.54,0,0,0,0,0,0,0,0,
114.57,0,0,0,0,0,0,0,0,
114.6,0,0,0,0,0,0,0,0,
114.63,0,0,0,0,0,0,0,0,
114.66,0,0,0,0,0,0,0,0,
114.69,0,0,0,0,0,0,0,0,
114.72,0,0,0,0,0,0,0,0,
114.75,0,0,0,0,0,0,0,0,
114.78,0,0,0,0,0,0,0,0,
114.81,0,0,0,0,0,0,0,0,
114.84,0,0,0,0,0,0,0,0,
114.87,0,0,0,0,0,0,0,0,
114.9,0,0,0,0,0,0,0,0,
114.93,0,0,0,0,0,0,0,0,
114.96,0,0,0,0,0,0,0,0,
114.99,0,0,0,0,0,0,0,0,
115.02,0,0,0,0,0,0,0,0,
115.05,0,0,0,0,0,0,0,0,
115.08,0,0,0,0,0,0,0,0,
115.11,0,0,0,0,0,0,0,0,
115.14,0,0,0,0,0,0,0,0,
115.17,0,0,0,0,0,0,0,0,
115.2,0,0,0,0,0,0,0,0,
115.23,0,0,0,0,0,0,0,0,
115.26,0,0,0,0,0,0,0,0,
115.29,0,0,0,0,0,0,0,0,
115.32,0,0,0,0,0,0,0,0,
115.35,0,0,0,0,0,0,0,0,
115.38,0,0,0,0,0,0,0,0,
115.41,0,0,0,0,0,0,0,0,
115.44,0,0,0,0,0,0,0,0,
115.47,0,0,0,0,0,0,0,0,
115.5,0,0,0,0,0,0,0,0,
115.53,0,0,0,0,0,0,0,0,
115.56,0,0,0,0,0,0,0,0,
115.59,0,0,0,0,0,0,0,0,
115.62,0,0,0,0,0,0,0,0,
115.65,0,0,0,0,0,0,0,0,
115.68,0,0,0,0,0,0,0,0,
115.71,0,0,0,0,0,0,0,0,
115.74,0,0,0,0,0,0,0,0,
115.77,0,0,0,0,0,0,0,0,
115.8,0,0,0,0,0,0,0,0,
115.83,0,0,0,0,0,0,0,0,
115.86,0,0,0,0,0,0,0,0,
115.89,0,0,0,0,0,0,0,0,
115.92,0,0,0,0,0,0,0,0,
115.95,0,0,0,0,0,0,0,0,
115.98,0,0,0,0,0,0,0,0,
116.01,0,0,0,0,0,0,0,0,
116.04,0,0,0,0,0,0,0,0,
116.07,0,0,0,0,0,0,0,0,
116.1,0,0,0,0,0,0,0,0,
116.13,0,0,0,0,0,0,0,0,
116.16,0,0,0,0,0,0,0,0,
116.19,5.5312,9.29155,-74.3497,22.1929,-0,16.7855,-86.0142,17.1375,
116.22,5.5312,9.29155,-74.3497,22.1929,-0,16.7855,-86.0142,17.1375,
116.25,5.5312,9.29155,-74.3497,22.1929,-0,16.7855,-86.0142,17.1375,
116.28,5.5312,9.29155,-74.3497,22.1929,-0,16.7855,-86.0142,17.1375,
116.31,5.5312,9.29155,-74.3497,22.1929,-0,16.7855,-86.0142,17.1375,
116.34,5.5312,9.29155,-74.3497,22.1929,-0,16.7855,-86.0142,17.1375,
116.37,5.5312,9.29155,-74.3497,22.1929,-0,16.7855,-86.0142,17.1375,
116.4,5.5312,9.29155,-74.3497,22.1929,-0,16.7855,-86.0142,17.1375,
116.43,5.5312,9.29155,-74.3497,22.1929,-0,16.7855,-86.0142,17.1375,
116.46,5.5312,9.29155,-74.3497,22.1929,-0,16.7855,-86.0142,17.1375,
116.49,5.5312,9.29155,-74.3497,22.1929,-0,16.7855,-86.0142,17.1375,
116.52,5.5312,9.29155,-74.3497,22.1929,-0,16.7855,-86.0142,17.1375,
116.55,5.5312,9.29155,-74.3497,22.1929,-0,16.7855,-86.0142,17.1375,
116.58,5.5312,9.29155,-74.3497,22.1929,-0,16.7855,-86.0142,17.1375,
116.61,5.5312,9.29155,-74.3497,22.1929,-0,16.7855,-86.0142,17.1375,
116.64,5.5312,9.29155,-74.3497,22.1929,-0,16.7855,-86.0142,17.1375,
116.67,6.04514,9.34321,-77.5291,22.052,1.15063,16.4532,-93.4722,16.5133,
116.7,6.06698,9.34933,-76.5372,22.1094,1.15063,16.4532,-93.4722,16.5133,
116.73,6.06698,9.34933,-76.5372,22.1094,1.15063,16.4532,-93.4722,16.5133,
116.76,6.06698,9.34933,-76.5372,22.1094,1.15063,16.4532,-93.4722,16.5133,
116.79,6.06698,9.34933,-76.5372,22.1094,1.15063,16.4532,-93.4722,16.5133,
116.82,5.76136,9.32565,-74.5053,22.2293,1.15063,16.4532,-93.4722,16.5133,
116.85,5.59661,9.31488,-72.2821,22.3852,1.15063,16.4532,-93.4722,16.5133,
116.88,5.59661,9.31488,-72.2821,22.3852,1.15063,16.4532,-93.4722,16.5133,
116.91,5.7192,9.32279,-71.3283,22.4255,1.15063,16.4532,-93.4722,16.5133,
116.94,6.27598,9.38504,-74.5725,22.2119,1.15063,16.4532,-93.4722,16.5133,
116.97,6.27598,9.38504,-74.5725,22.2119,1.15063,16.4532,-93.4722,16.5133,
117,6.57014,9.42878,-75.0026,22.0928,1.15063,16.4532,-93.4722,16.5133,
117.03,6.57014,9.42878,-75.0026,22.0928,1.15063,16.4532,-93.4722,16.5133,
117.06,6.62294,9.3562,-77.256,21.8404,1.15063,16.4532,-93.4722,16.5133,
117.09,6.62294,9.3562,-77.256,21.8404,1.15063,16.4532,-93.4722,16.5133,
117.12,6.62294,9.3562,-77.256,21.8404,1.15063,16.4532,-93.4722,16.5133,
117.15,6.49797,9.35017,-77.385,21.7738,2.00701,16.2238,-99.2186,16.2401,
117.18,6.49797,9.35017,-77.385,21.7738,2.00701,16.2238,-99.2186,16.2401,
117.21,6.49797,9.35017,-77.385,21.7738,2.00701,16.2238,-99.2186,16.2401,
117.24,6.32502,9.34258,-77.04,21.8398,2.00701,16.2238,-99.2186,16.2401,
117.27,6.05922,9.2527,-77.1045,21.7023,2.00701,16.2238,-99.2186,16.2401,
117.3,6.05922,9.2527,-77.1045,21.7023,2.00701,16.2238,-99.2186,16.2401,
117.33,6.05922,9.2527,-77.1045,21.7023,2.00701,16.2238,-99.2186,16.2401,
117.36,6.05922,9.2527,-77.1045,21.7023,2.00701,16.2238,-99.2186,16.2401,
117.39,6.35743,9.29386,-78.6205,21.6772,2.00701,16.2238,-99.2186,16.2401,
117.42,6.35743,9.29386,-78.6205,21.6772,2.00701,16.2238,-99.2186,16.2401,
117.45,6.35743,9.29386,-78.6205,21.6772,2.00701,16.2238,-99.2186,16.2401,
117.48,6.35743,9.29386,-78.6205,21.6772,2.00701,16.2238,-99.2186,16.2401,
117.51,6.35743,9.29386,-78.6205,21.6772,2.00701,16.2238,-99.2186,16.2401,
117.54,6.35743,9.29386,-78.6205,21.6772,2.00701,16.2238,-99.2186,16.2401,
117.57,6.35743,9.29386,-78.6205,21.6772,2.00701,16.2238,-99.2186,16.2401,
117.6,6.35743,9.29386,-78.6205,21.6772,2.00701,16.2238,-99.2186,16.2401,
117.63,6.35743,9.29386,-78.6205,21.6772,3.7924,15.6206,-108.7,15.8898,
117.66,6.35743,9.29386,-78.6205,21.6772,3.7924,15.6206,-108.7,15.8898,
117.69,6.35743,9.29386,-78.6205,21.6772,3.7924,15.6206,-108.7,15.8898,
117.72,6.35743,9.29386,-78.6205,21.6772,3.7924,15.6206,-108.7,15.8898,
117.75,6.35743,9.29386,-78.6205,21.6772,3.7924,15.6206,-108.7,15.8898,
117.78,6.35743,9.29386,-78.6205,21.6772,3.7924,15.6206,-108.7,15.8898,
117.81,6.35743,9.29386,-78.6205,21.6772,3.7924,15.6206,-108.7,15.8898,
117.84,6.35743,9.29386,-78.6205,21.6772,3.7924,15.6206,-108.7,15.8898,
117.87,5.76901,9.31194,-72.0142,22.2799,3.7924,15.6206,-108.7,15.8898,
117.9,5.76901,9.31194,-72.0142,22.2799,3.7924,15.6206,-108.7,15.8898,
117.93,5.76901,9.31194,-72.0142,22.2799,3.7924,15.6206,-108.7,15.8898,
117.96,5.76901,9.31194,-72.0142,22.2799,3.7924,15.6206,-108.7,15.8898,
117.99,5.76901,9.31194,-72.0142,22.2799,3.7924,15.6206,-108.7,15.8898,
118.02,5.76901,9.31194,-72.0142,22.2799,3.7924,15.6206,-108.7,15.8898,
118.05,5.76901,9.31194,-72.0142,22.2799,3.7924,15.6206,-108.7,15.8898,
118.08,5.76901,9.31194,-72.0142,22.2799,3.7924,15.6206,-108.7,15.8898,
118.11,5.76901,9.31194,-72.0142,22.2799,4.86905,14.991,-116.339,15.4572,
118.14,5.76901,9.31194,-72.0142,22.2799,4.86905,14.991,-116.339,15.4572,
118.17,5.76901,9.31194,-72.0142,22.2799,4.86905,14.991,-116.339,15.4572,
118.2,5.76901,9.31194,-72.0142,22.2799,4.86905,14.991,-116.339,15.4572,
118.23,5.76901,9.31194,-72.0142,22.2799,4.86905,14.991,-116.339,15.4572,
118.26,5.76901,9.31194,-72.0142,22.2799,4.86905,14.991,-116.339,15.4572,
118.29,5.76901,9.31194,-72.0142,22.2799,4.86905,14.991,-116.339,15.4572,
118.32,5.76901,9.31194,-72.0142,22.2799,4.86905,14.991,-116.339,15.4572,
118.35,7.10283,9.21478,-79.8935,21.6077,4.86905,14.991,-116.339,15.4572,
118.38,7.10283,9.21478,-79.8935,21.6077,4.86905,14.991,-116.339,15.4572,
118.41,7.10283,9.21478,-79.8935,21.6077,4.86905,14.991,-116.339,15.4572,
118.44,7.10283,9.21478,-79.8935,21.6077,4.86905,14.991,-116.339,15.4572,
118.47,7.10283,9.21478,-79.8935,21.6077,4.86905,14.991,-116.339,15.4572,
118.5,7.10283,9.21478,-79.8935,21.6077,4.86905,14.991,-116.339,15.4572,
118.53,7.10283,9.21478,-79.8935,21.6077,4.86905,14.991,-116.339,15.4572,
118.56,7.10283,9.21478,-79.8935,21.6077,4.86905,14.991,-116.339,15.4572,
118.59,7.10283,9.21478,-79.8935,21.6077,5.701,14.9094,-122.55,14.7968,
118.62,7.10283,9.21478,-79.8935,21.6077,5.701,14.9094,-122.55,14.7968,
118.65,7.10283,9.21478,-79.8935,21.6077,5.701,14.9094,-122.55,14.7968,
118.68,7.10283,9.21478,-79.8935,21.6077,5.701,14.9094,-122.55,14.7968,
118.71,7.10283,9.21478,-79.8935,21.6077,5.701,14.9094,-122.55,14.7968,
118.74,7.10283,9.21478,-79.8935,21.6077,5.701,14.9094,-122.55,14.7968,
118.77,7.10283,9.21478,-79.8935,21.6077,5.701,14.9094,-122.55,14.7968,
118.8,7.10283,9.21478,-79.8935,21.6077,5.701,14.9094,-122.55,14.7968,
118.83,5.91646,9.32232,-74.9693,22.1138,5.701,14.9094,-122.55,14.7968,
118.86,5.91646,9.32232,-74.9693,22.1138,5.701,14.9094,-122.55,14.7968,
118.89,5.91646,9.32232,-74.9693,22.1138,5.701,14.9094,-122.55,14.7968,
118.92,5.91646,9.32232,-74.9693,22.1138,5.701,14.9094,-122.55,14.7968,
118.95,5.91646,9.32232,-74.9693,22.1138,5.701,14.9094,-122.55,14.7968,
118.98,5.91646,9.32232,-74.9693,22.1138,5.701,14.9094,-122.55,14.7968,
119.01,5.91646,9.32232,-74.9693,22.1138,5.701,14.9094,-122.55,14.7968,
119.04,5.91646,9.32232,-74.9693,22.1138,5.701,14.9094,-122.55,14.7968,
119.07,5.91646,9.32232,-74.9693,22.1138,5.34955,18.1091,-154.016,9.30816,
119.1,5.91646,9.32232,-74.9693,22.1138,5.34955,18.1091,-154.016,9.30816,
119.13,5.91646,9.32232,-74.9693,22.1138,5.34955,18.1091,-154.016,9.30816,
119.16,5.91646,9.32232,-74.9693,22.1138,5.34955,18.1091,-154.016,9.30816,
119.19,5.91646,9.32232,-74.9693,22.1138,5.34955,18.1091,-154.016,9.30816,
119.22,5.91646,9.32232,-74.9693,22.1138,5.34955,18.1091,-154.016,9.30816,
119.25,5.91646,9.32232,-74.9693,22.1138,5.34955,18.1091,-154.016,9.30816,
119.28,5.91646,9.32232,-74.9693,22.1138,5.34955,18.1091,-154.016,9.30816,
119.31,3.99513,9.68067,-67.0351,23.2701,5.34955,18.1091,-154.016,9.30816,
119.34,3.99513,9.68067,-67.0351,23.2701,5.34955,18.1091,-154.016,9.30816,
119.37,3.99513,9.68067,-67.0351,23.2701,5.34955,18.1091,-154.016,9.30816,
119.4,3.99513,9.68067,-67.0351,23.2701,5.34955,18.1091,-154.016,9.30816,
119.43,3.99513,9.68067,-67.0351,23.2701,5.34955,18.1091,-154.016,9.30816,
119.46,3.99513,9.68067,-67.0351,23.2701,5.34955,18.1091,-154.016,9.30816,
119.49,3.99513,9.68067,-67.0351,23.2701,5.34955,18.1091,-154.016,9.30816,
119.52,3.99513,9.68067,-67.0351,23.2701,5.34955,18.1091,-154.016,9.30816,
119.55,3.99513,9.68067,-67.0351,23.2701,5.94389,24.0036,144.208,10.9931,
119.58,3.99513,9.68067,-67.0351,23.2701,5.94389,24.0036,144.208,10.9931,
119.61,3.99513,9.68067,-67.0351,23.2701,5.94389,24.0036,144.208,10.9931,
119.64,3.99513,9.68067,-67.0351,23.2701,5.94389,24.0036,144.208,10.9931,
119.67,3.99513,9.68067,-67.0351,23.2701,5.94389,24.0036,144.208,10.9931,
119.7,3.99513,9.68067,-67.0351,23.2701,5.94389,24.0036,144.208,10.9931,
119.73,3.99513,9.68067,-67.0351,23.2701,5.94389,24.0036,144.208,10.9931,
119.76,3.99513,9.68067,-67.0351,23.2701,5.94389,24.0036,144.208,10.9931,
119.79,3.9733,9.66898,-67.5246,22.975,5.94389,24.0036,144.208,10.9931,
119.82,3.93343,9.65419,-67.5836,22.9748,5.94389,24.0036,144.208,10.9931,
119.85,3.93343,9.65419,-67.5836,22.9748,5.94389,24.0036,144.208,10.9931,
119.88,3.89189,9.62784,-66.3876,23.1322,5.94389,24.0036,144.208,10.9931,
119.91,3.89189,9.62784,-66.3876,23.1322,5.94389,24.0036,144.208,10.9931,
119.94,3.85443,9.60398,-67.7991,22.8991,5.94389,24.0036,144.208,10.9931,
119.97,3.85443,9.60398,-67.7991,22.8991,5.94389,24.0036,144.208,10.9931,
120,3.76671,9.57686,-67.1025,22.8785,5.94389,24.0036,144.208,10.9931,
120.03,3.76671,9.57686,-67.1025,22.8785,8.41471,31.0035,98.8754,16.2841,
120.06,3.76671,9.57686,-67.1025,22.8785,8.41471,31.0035,98.8754,16.2841,
120.09,3.17139,9.48686,-65.0164,23.046,8.41471,31.0035,98.8754,16.2841,
120.12,3.17139,9.48686,-65.0164,23.046,8.41471,31.0035,98.8754,16.2841,
120.15,3.10766,9.46778,-64.1532,23.1677,8.41471,31.0035,98.8754,16.2841,
120.18,3.10766,9.46778,-64.1532,23.1677,8.41471,31.0035,98.8754,16.2841,
120.21,3.26303,9.55395,-65.2578,23.2435,8.41471,31.0035,98.8754,16.2841,
120.24,3.26303,9.55395,-65.2578,23.2435,8.41471,31.0035,98.8754,16.2841,
120.27,3.40939,9.55212,-66.0786,23.1453,8.41471,31.0035,98.8754,16.2841,
120.3,3.40939,9.55212,-66.0786,23.1453,8.41471,31.0035,98.8754,16.2841,
120.33,3.71278,9.5516,-67.8519,22.9422,8.41471,31.0035,98.8754,16.2841,
120.36,3.71278,9.5516,-67.8519,22.9422,8.41471,31.0035,98.8754,16.2841,
120.39,3.71278,9.5516,-67.8519,22.9422,8.41471,31.0035,98.8754,16.2841,
120.42,3.74998,9.53121,-67.0175,23.0318,8.41471,31.0035,98.8754,16.2841,
120.45,3.74998,9.53121,-67.0175,23.0318,8.41471,31.0035,98.8754,16.2841,
120.48,3.50017,9.52553,-64.771,23.3491,8.41471,31.0035,98.8754,16.2841,
120.51,3.50017,9.52553,-64.771,23.3491,12.2263,35.6513,55.6408,28.5721,
120.54,3.50017,9.52553,-64.771,23.3491,12.2263,35.6513,55.6408,28.5721,
120.57,3.50017,9.52553,-64.771,23.3491,12.2263,35.6513,55.6408,28.5721,
120.6,3.38668,9.50622,-64.9422,23.2418,12.2263,35.6513,55.6408,28.5721,
120.63,3.38668,9.50622,-64.9422,23.2418,12.2263,35.6513,55.6408,28.5721,
120.66,3.38668,9.50622,-64.9422,23.2418,12.2263,35.6513,55.6408,28.5721,
120.69,3.38668,9.50622,-64.9422,23.2418,12.2263,35.6513,55.6408,28.5721,
120.72,3.63992,9.62284,-66.3161,23.2677,12.2263,35.6513,55.6408,28.5721,
120.75,3.63992,9.62284,-66.3161,23.2677,12.2263,35.6513,55.6408,28.5721,
120.78,3.63992,9.62284,-66.3161,23.2677,12.2263,35.6513,55.6408,28.5721,
120.81,3.63022,9.60912,-66.4324,23.2817,12.2263,35.6513,55.6408,28.5721,
120.84,3.63022,9.60912,-66.4324,23.2817,12.2263,35.6513,55.6408,28.5721,
120.87,3.63022,9.60912,-66.4324,23.2817,12.2263,35.6513,55.6408,28.5721,
120.9,3.63022,9.60912,-66.4324,23.2817,12.2263,35.6513,55.6408,28.5721,
120.93,3.99581,9.63099,-67.1443,23.199,12.2263,35.6513,55.6408,28.5721,
120.96,3.99581,9.63099,-67.1443,23.199,12.2263,35.6513,55.6408,28.5721,
120.99,3.99581,9.63099,-67.1443,23.199,14.6907,37.2504,42.9097,39.2076,
121.02,3.99581,9.63099,-67.1443,23.199,14.6907,37.2504,42.9097,39.2076,
121.05,4.30671,9.65068,-68.3742,23.0462,14.6907,37.2504,42.9097,39.2076,
121.08,4.30671,9.65068,-68.3742,23.0462,14.6907,37.2504,42.9097,39.2076,
121.11,4.30671,9.65068,-68.3742,23.0462,14.6907,37.2504,42.9097,39.2076,
121.14,4.48956,9.65036,-67.1337,23.177,14.6907,37.2504,42.9097,39.2076,
121.17,4.48956,9.65036,-67.1337,23.177,14.6907,37.2504,42.9097,39.2076,
121.2,3.66527,9.5529,-64.5777,23.5207,14.6907,37.2504,42.9097,39.2076,
121.23,3.66527,9.5529,-64.5777,23.5207,14.6907,37.2504,42.9097,39.2076,
121.26,3.77377,9.55103,-65.486,23.3627,14.6907,37.2504,42.9097,39.2076,
121.29,3.77377,9.55103,-65.486,23.3627,14.6907,37.2504,42.9097,39.2076,
121.32,3.77377,9.55103,-65.486,23.3627,14.6907,37.2504,42.9097,39.2076,
121.35,3.64782,9.5131,-65.4806,23.323,14.6907,37.2504,42.9097,39.2076,
121.38,3.64782,9.5131,-65.4806,23.323,14.6907,37.2504,42.9097,39.2076,
121.41,4.08711,9.53675,-68.3071,22.9619,14.6907,37.2504,42.9097,39.2076,
121.44,4.08711,9.53675,-68.3071,22.9619,14.6907,37.2504,42.9097,39.2076,
121.47,4.08711,9.53675,-68.3071,22.9619,18.392,37.7888,33.431,59.306,
121.5,4.08711,9.53675,-68.3071,22.9619,18.392,37.7888,33.431,59.306,
121.53,3.85402,9.5045,-67.4747,23.0558,18.392,37.7888,33.431,59.306,
121.56,3.85402,9.5045,-67.4747,23.0558,18.392,37.7888,33.431,59.306,
121.59,3.85402,9.5045,-67.4747,23.0558,18.392,37.7888,33.431,59.306,
121.62,3.85402,9.5045,-67.4747,23.0558,18.392,37.7888,33.431,59.306,
121.65,3.85402,9.5045,-67.4747,23.0558,18.392,37.7888,33.431,59.306,
121.68,3.48599,9.45756,-66.3865,23.1605,18.392,37.7888,33.431,59.306,
121.71,3.48599,9.45756,-66.3865,23.1605,18.392,37.7888,33.431,59.306,
121.74,3.82244,9.46884,-67.0216,23.0492,18.392,37.7888,33.431,59.306,
121.77,3.82244,9.46884,-67.0216,23.0492,18.392,37.7888,33.431,59.306,
121.8,3.82244,9.46884,-67.0216,23.0492,18.392,37.7888,33.431,59.306,
121.83,3.82244,9.46884,-67.0216,23.0492,18.392,37.7888,33.431,59.306,
121.86,3.91206,9.46527,-67.0928,23.0198,18.392,37.7888,33.431,59.306,
121.89,3.91206,9.46527,-67.0928,23.0198,18.392,37.7888,33.431,59.306,
121.92,4.28446,9.49047,-67.5988,22.9458,18.392,37.7888,33.431,59.306,
121.95,4.28446,9.49047,-67.5988,22.9458,22.347,36.6421,29.3301,73.2634,
121.98,4.28446,9.49047,-67.5988,22.9458,22.347,36.6421,29.3301,73.2634,
122.01,4.28446,9.49047,-67.5988,22.9458,22.347,36.6421,29.3301,73.2634,
122.04,4.33002,9.48479,-68.8349,22.7866,22.347,36.6421,29.3301,73.2634,
122.07,4.33002,9.48479,-68.8349,22.7866,22.347,36.6421,29.3301,73.2634,
122.1,4.33002,9.48479,-68.8349,22.7866,22.347,36.6421,29.3301,73.2634,
122.13,4.46616,9.49113,-69.2593,22.7392,22.347,36.6421,29.3301,73.2634,
122.16,4.46616,9.49113,-69.2593,22.7392,22.347,36.6421,29.3301,73.2634,
122.19,4.46616,9.49113,-69.2593,22.7392,22.347,36.6421,29.3301,73.2634,
122.22,5.06036,9.53174,-72.1011,22.459,22.347,36.6421,29.3301,73.2634,
122.25,5.06036,9.53174,-72.1011,22.459,22.347,36.6421,29.3301,73.2634,
122.28,5.06036,9.53174,-72.1011,22.459,22.347,36.6421,29.3301,73.2634,
122.31,5.06036,9.53174,-72.1011,22.459,22.347,36.6421,29.3301,73.2634,
122.34,5.06036,9.53174,-72.1011,22.459,22.347,36.6421,29.3301,73.2634,
122.37,5.06036,9.53174,-72.1011,22.459,22.347,36.6421,29.3301,73.2634,
122.4,5.06036,9.53174,-72.1011,22.459,22.347,36.6421,29.3301,73.2634,
122.43,5.06036,9.53174,-72.1011,22.459,21.3122,39.2486,22.7599,89.0277,
122.46,5.06036,9.53174,-72.1011,22.459,21.3122,39.2486,22.7599,89.0277,
122.49,5.06036,9.53174,-72.1011,22.459,21.3122,39.2486,22.7599,89.0277,
122.52,5.06036,9.53174,-72.1011,22.459,21.3122,39.2486,22.7599,89.0277,
122.55,5.06036,9.53174,-72.1011,22.459,21.3122,39.2486,22.7599,89.0277,
122.58,5.06036,9.53174,-72.1011,22.459,21.3122,39.2486,22.7599,89.0277,
122.61,5.06036,9.53174,-72.1011,22.459,21.3122,39.2486,22.7599,89.0277,
122.64,5.06036,9.53174,-72.1011,22.459,21.3122,39.2486,22.7599,89.0277,
122.67,5.06036,9.53174,-72.1011,22.459,21.3122,39.2486,22.7599,89.0277,
122.7,4.75827,9.48168,-71.4296,22.4553,21.3122,39.2486,22.7599,89.0277,
122.73,4.75827,9.48168,-71.4296,22.4553,21.3122,39.2486,22.7599,89.0277,
122.76,5.04586,9.49819,-73.0856,22.3513,21.3122,39.2486,22.7599,89.0277,
122.79,5.04586,9.49819,-73.0856,22.3513,21.3122,39.2486,22.7599,89.0277,
122.82,5.04586,9.49819,-73.0856,22.3513,21.3122,39.2486,22.7599,89.0277,
122.85,4.66988,9.48386,-69.4911,22.6872,21.3122,39.2486,22.7599,89.0277,
122.88,4.66988,9.48386,-69.4911,22.6872,21.3122,39.2486,22.7599,89.0277,
122.91,4.66988,9.48386,-69.4911,22.6872,22.3519,40.7833,20.6385,97.0713,
122.94,4.66988,9.48386,-69.4911,22.6872,22.3519,40.7833,20.6385,97.0713,
122.97,4.13252,9.43453,-67.3742,22.902,22.3519,40.7833,20.6385,97.0713,
123,4.13252,9.43453,-67.3742,22.902,22.3519,40.7833,20.6385,97.0713,
123.03,4.13252,9.43453,-67.3742,22.902,22.3519,40.7833,20.6385,97.0713,
123.06,4.13252,9.43453,-67.3742,22.902,22.3519,40.7833,20.6385,97.0713,
123.09,4.13252,9.43453,-67.3742,22.902,22.3519,40.7833,20.6385,97.0713,
123.12,4.13252,9.43453,-67.3742,22.902,22.3519,40.7833,20.6385,97.0713,
123.15,4.13252,9.43453,-67.3742,22.902,22.3519,40.7833,20.6385,97.0713,
123.18,4.13252,9.43453,-67.3742,22.902,22.3519,40.7833,20.6385,97.0713,
123.21,4.13252,9.43453,-67.3742,22.902,22.3519,40.7833,20.6385,97.0713,
123.24,4.13252,9.43453,-67.3742,22.902,22.3519,40.7833,20.6385,97.0713,
123.27,4.13252,9.43453,-67.3742,22.902,22.3519,40.7833,20.6385,97.0713,
123.3,4.13252,9.43453,-67.3742,22.902,22.3519,40.7833,20.6385,97.0713,
123.33,4.13252,9.43453,-67.3742,22.902,22.3519,40.7833,20.6385,97.0713,
123.36,4.13252,9.43453,-67.3742,22.902,22.3519,40.7833,20.6385,97.0713,
123.39,4.13252,9.43453,-67.3742,22.902,23.3927,41.7534,17.6941,101.497,
123.42,4.13252,9.43453,-67.3742,22.902,23.3927,41.7534,17.6941,101.497,
123.45,3.97207,9.29449,-70.0364,22.5827,23.3927,41.7534,17.6941,101.497,
123.48,3.97207,9.29449,-70.0364,22.5827,23.3927,41.7534,17.6941,101.497,
123.51,3.97207,9.29449,-70.0364,22.5827,23.3927,41.7534,17.6941,101.497,
123.54,4.28679,9.34954,-71.3813,22.4887,23.3927,41.7534,17.6941,101.497,
123.57,4.28679,9.34954,-71.3813,22.4887,23.3927,41.7534,17.6941,101.497,
123.6,4.28679,9.34954,-71.3813,22.4887,23.3927,41.7534,17.6941,101.497,
123.63,4.28679,9.34954,-71.3813,22.4887,23.3927,41.7534,17.6941,101.497,
123.66,4.00027,9.34826,-69.819,22.5795,23.3927,41.7534,17.6941,101.497,
123.69,4.00027,9.34826,-69.819,22.5795,23.3927,41.7534,17.6941,101.497,
123.72,4.00027,9.34826,-69.819,22.5795,23.3927,41.7534,17.6941,101.497,
123.75,4.00027,9.34826,-69.819,22.5795,23.3927,41.7534,17.6941,101.497,
123.78,3.83921,9.44213,-69.4323,22.7734,23.3927,41.7534,17.6941,101.497,
123.81,3.83921,9.44213,-69.4323,22.7734,23.3927,41.7534,17.6941,101.497,
123.84,3.83921,9.44213,-69.4323,22.7734,23.3927,41.7534,17.6941,101.497,
123.87,4.16706,9.464,-72.4068,22.5098,26.117,41.5282,17.8432,97.7514,
123.9,4.16706,9.464,-72.4068,22.5098,26.117,41.5282,17.8432,97.7514,
123.93,4.16706,9.464,-72.4068,22.5098,26.117,41.5282,17.8432,97.7514,
123.96,4.16706,9.464,-72.4068,22.5098,26.117,41.5282,17.8432,97.7514,
123.99,4.16706,9.464,-72.4068,22.5098,26.117,41.5282,17.8432,97.7514,
124.02,4.16706,9.464,-72.4068,22.5098,26.117,41.5282,17.8432,97.7514,
124.05,4.16706,9.464,-72.4068,22.5098,26.117,41.5282,17.8432,97.7514,
124.08,4.16706,9.464,-72.4068,22.5098,26.117,41.5282,17.8432,97.7514,
124.11,4.16706,9.464,-72.4068,22.5098,26.117,41.5282,17.8432,97.7514,
124.14,4.16706,9.464,-72.4068,22.5098,26.117,41.5282,17.8432,97.7514,
124.17,4.16706,9.464,-72.4068,22.5098,26.117,41.5282,17.8432,97.7514,
124.2,4.16706,9.464,-72.4068,22.5098,26.117,41.5282,17.8432,97.7514,
124.23,4.16706,9.464,-72.4068,22.5098,26.117,41.5282,17.8432,97.7514,
124.26,4.16706,9.464,-72.4068,22.5098,26.117,41.5282,17.8432,97.7514,
124.29,4.16706,9.464,-72.4068,22.5098,26.117,41.5282,17.8432,97.7514,
124.32,4.16706,9.464,-72.4068,22.5098,26.117,41.5282,17.8432,97.7514,
124.35,3.89511,9.49991,-70.7926,22.786,27.2712,41.7683,20.195,90.1878,
124.38,3.89511,9.49991,-70.7926,22.786,27.2712,41.7683,20.195,90.1878,
124.41,3.89511,9.49991,-70.7926,22.786,27.2712,41.7683,20.195,90.1878,
124.44,3.89511,9.49991,-70.7926,22.786,27.2712,41.7683,20.195,90.1878,
124.47,3.30967,9.44893,-68.2226,23.0498,27.2712,41.7683,20.195,90.1878,
124.5,3.30967,9.44893,-68.2226,23.0498,27.2712,41.7683,20.195,90.1878,
124.53,3.30967,9.44893,-68.2226,23.0498,27.2712,41.7683,20.195,90.1878,
124.56,3.30967,9.44893,-68.2226,23.0498,27.2712,41.7683,20.195,90.1878,
124.59,3.30967,9.44893,-68.2226,23.0498,27.2712,41.7683,20.195,90.1878,
124.62,3.30967,9.44893,-68.2226,23.0498,27.2712,41.7683,20.195,90.1878,
124.65,3.30967,9.44893,-68.2226,23.0498,27.2712,41.7683,20.195,90.1878,
124.68,3.30967,9.44893,-68.2226,23.0498,27.2712,41.7683,20.195,90.1878,
124.71,3.30967,9.44893,-68.2226,23.0498,27.2712,41.7683,20.195,90.1878,
124.74,3.30967,9.44893,-68.2226,23.0498,27.2712,41.7683,20.195,90.1878,
124.77,3.30967,9.44893,-68.2226,23.0498,27.2712,41.7683,20.195,90.1878,
124.8,3.30967,9.44893,-68.2226,23.0498,27.2712,41.7683,20.195,90.1878,
124.83,3.30967,9.44893,-68.2226,23.0498,28.2613,41.5791,20.8693,84.9929,
124.86,3.30967,9.44893,-68.2226,23.0498,28.2613,41.5791,20.8693,84.9929,
124.89,3.30967,9.44893,-68.2226,23.0498,28.2613,41.5791,20.8693,84.9929,
124.92,3.30967,9.44893,-68.2226,23.0498,28.2613,41.5791,20.8693,84.9929,
124.95,4.23674,9.72514,-74.1712,22.6723,28.2613,41.5791,20.8693,84.9929,
124.98,4.23674,9.72514,-74.1712,22.6723,28.2613,41.5791,20.8693,84.9929,
125.01,4.23674,9.72514,-74.1712,22.6723,28.2613,41.5791,20.8693,84.9929,
125.04,4.23674,9.72514,-74.1712,22.6723,28.2613,41.5791,20.8693,84.9929,
125.07,4.23674,9.72514,-74.1712,22.6723,28.2613,41.5791,20.8693,84.9929,
125.1,4.23674,9.72514,-74.1712,22.6723,28.2613,41.5791,20.8693,84.9929,
125.13,4.23674,9.72514,-74.1712,22.6723,28.2613,41.5791,20.8693,84.9929,
125.16,4.23674,9.72514,-74.1712,22.6723,28.2613,41.5791,20.8693,84.9929,
125.19,4.23674,9.72514,-74.1712,22.6723,28.2613,41.5791,20.8693,84.9929,
125.22,4.23674,9.72514,-74.1712,22.6723,28.2613,41.5791,20.8693,84.9929,
125.25,4.23674,9.72514,-74.1712,22.6723,28.2613,41.5791,20.8693,84.9929,
125.28,4.23674,9.72514,-74.1712,22.6723,28.2613,41.5791,20.8693,84.9929,
125.31,4.23674,9.72514,-74.1712,22.6723,28.9282,41.3399,24.1484,78.3479,
125.34,4.23674,9.72514,-74.1712,22.6723,28.9282,41.3399,24.1484,78.3479,
125.37,4.23674,9.72514,-74.1712,22.6723,28.9282,41.3399,24.1484,78.3479,
125.4,4.23674,9.72514,-74.1712,22.6723,28.9282,41.3399,24.1484,78.3479,
125.43,3.84053,9.77879,-68.9831,23.2218,28.9282,41.3399,24.1484,78.3479,
125.46,3.84053,9.77879,-68.9831,23.2218,28.9282,41.3399,24.1484,78.3479,
125.49,3.84053,9.77879,-68.9831,23.2218,28.9282,41.3399,24.1484,78.3479,
125.52,3.84053,9.77879,-68.9831,23.2218,28.9282,41.3399,24.1484,78.3479,
125.55,3.84053,9.77879,-68.9831,23.2218,28.9282,41.3399,24.1484,78.3479,
125.58,3.84053,9.77879,-68.9831,23.2218,28.9282,41.3399,24.1484,78.3479,
125.61,3.84053,9.77879,-68.9831,23.2218,28.9282,41.3399,24.1484,78.3479,
125.64,3.84053,9.77879,-68.9831,23.2218,28.9282,41.3399,24.1484,78.3479,
125.67,3.84053,9.77879,-68.9831,23.2218,28.9282,41.3399,24.1484,78.3479,
125.7,3.84053,9.77879,-68.9831,23.2218,28.9282,41.3399,24.1484,78.3479,
125.73,3.84053,9.77879,-68.9831,23.2218,28.9282,41.3399,24.1484,78.3479,
125.76,3.84053,9.77879,-68.9831,23.2218,28.9282,41.3399,24.1484,78.3479,
125.79,3.84053,9.77879,-68.9831,23.2218,28.5011,41.4515,25.2222,73.6641,
125.82,3.84053,9.77879,-68.9831,23.2218,28.5011,41.4515,25.2222,73.6641,
125.85,3.84053,9.77879,-68.9831,23.2218,28.5011,41.4515,25.2222,73.6641,
125.88,3.84053,9.77879,-68.9831,23.2218,28.5011,41.4515,25.2222,73.6641,
125.91,3.98177,9.66538,-72.1959,22.861,28.5011,41.4515,25.2222,73.6641,
125.94,3.98177,9.66538,-72.1959,22.861,28.5011,41.4515,25.2222,73.6641,
125.97,2.99715,9.548,-66.6532,23.4002,28.5011,41.4515,25.2222,73.6641,
126,2.99715,9.548,-66.6532,23.4002,28.5011,41.4515,25.2222,73.6641,
126.03,2.99715,9.548,-66.6532,23.4002,28.5011,41.4515,25.2222,73.6641,
126.06,2.99715,9.548,-66.6532,23.4002,28.5011,41.4515,25.2222,73.6641,
126.09,2.99715,9.548,-66.6532,23.4002,28.5011,41.4515,25.2222,73.6641,
126.12,3.17027,9.54683,-67.3492,23.2927,28.5011,41.4515,25.2222,73.6641,
126.15,3.17027,9.54683,-67.3492,23.2927,28.5011,41.4515,25.2222,73.6641,
126.18,2.76902,9.4891,-66.0562,23.4469,28.5011,41.4515,25.2222,73.6641,
126.21,2.76902,9.4891,-66.0562,23.4469,28.5011,41.4515,25.2222,73.6641,
126.24,2.60467,9.47384,-65.5387,23.4275,28.5011,41.4515,25.2222,73.6641,
126.27,2.60467,9.47384,-65.5387,23.4275,28.9243,40.9953,27.0623,73.3305,
126.3,2.60467,9.47384,-65.5387,23.4275,29.1141,40.8616,26.4283,73.5536,
126.33,2.60467,9.47384,-65.5387,23.4275,29.1141,40.8616,26.4283,73.5536,
126.36,2.60467,9.47384,-65.5387,23.4275,29.1141,40.8616,26.4283,73.5536,
126.39,2.60467,9.47384,-65.5387,23.4275,29.1141,40.8616,26.4283,73.5536,
126.42,2.60467,9.47384,-65.5387,23.4275,29.1141,40.8616,26.4283,73.5536,
126.45,2.60467,9.47384,-65.5387,23.4275,29.6417,40.5568,26.5716,73.6433,
126.48,2.60467,9.47384,-65.5387,23.4275,29.6417,40.5568,26.5716,73.6433,
126.51,2.60467,9.47384,-65.5387,23.4275,29.6417,40.5568,26.5716,73.6433,
126.54,2.60467,9.47384,-65.5387,23.4275,30.3493,40.1786,25.7241,73.8032,
126.57,2.60467,9.47384,-65.5387,23.4275,30.3493,40.1786,25.7241,73.8032,
126.6,2.60467,9.47384,-65.5387,23.4275,30.3493,40.1786,25.7241,73.8032,
126.63,2.60467,9.47384,-65.5387,23.4275,30.8706,39.7839,25.4429,74.1037,
126.66,2.60467,9.47384,-65.5387,23.4275,30.8706,39.7839,25.4429,74.1037,
126.69,2.60467,9.47384,-65.5387,23.4275,30.8706,39.7839,25.4429,74.1037,
126.72,3.3144,9.6616,-71.1943,23.0276,30.7217,39.758,25.8735,74.6717,
126.75,3.3144,9.6616,-71.1943,23.0276,30.7217,39.758,25.8735,74.6717,
126.78,3.3144,9.6616,-71.1943,23.0276,30.7217,39.758,25.8735,74.6717,
126.81,3.3144,9.6616,-71.1943,23.0276,30.7217,39.758,25.8735,74.6717,
126.84,3.3144,9.6616,-71.1943,23.0276,30.7217,39.758,25.8735,74.6717,
126.87,3.3144,9.6616,-71.1943,23.0276,30.7217,39.758,25.8735,74.6717,
126.9,3.3144,9.6616,-71.1943,23.0276,30.7217,39.758,25.8735,74.6717,
126.93,3.3144,9.6616,-71.1943,23.0276,30.7217,39.758,25.8735,74.6717,
126.96,3.3144,9.6616,-71.1943,23.0276,30.7217,39.758,25.8735,74.6717,
126.99,3.3144,9.6616,-71.1943,23.0276,30.7217,39.758,25.8735,74.6717,
127.02,3.3144,9.6616,-71.1943,23.0276,30.7217,39.758,25.8735,74.6717,
127.05,3.3144,9.6616,-71.1943,23.0276,30.7217,39.758,25.8735,74.6717,
127.08,3.3144,9.6616,-71.1943,23.0276,30.7217,39.758,25.8735,74.6717,
127.11,3.3144,9.6616,-71.1943,23.0276,30.7217,39.758,25.8735,74.6717,
127.14,3.3144,9.6616,-71.1943,23.0276,30.7217,39.758,25.8735,74.6717,
127.17,3.3144,9.6616,-71.1943,23.0276,30.7217,39.758,25.8735,74.6717,
127.2,4.49091,9.65905,-74.0421,22.7031,29.1872,39.4148,26.4931,81.0722,
127.23,4.49091,9.65905,-74.0421,22.7031,29.1872,39.4148,26.4931,81.0722,
127.26,4.49091,9.65905,-74.0421,22.7031,29.1872,39.4148,26.4931,81.0722,
127.29,4.49091,9.65905,-74.0421,22.7031,29.1872,39.4148,26.4931,81.0722,
127.32,4.49091,9.65905,-74.0421,22.7031,29.1872,39.4148,26.4931,81.0722,
127.35,4.52195,9.66623,-74.2656,22.6962,29.1872,39.4148,26.4931,81.0722,
127.38,4.52195,9.66623,-74.2656,22.6962,29.1872,39.4148,26.4931,81.0722,
127.41,5.26064,9.71721,-76.4222,22.5642,29.1872,39.4148,26.4931,81.0722,
127.44,5.26064,9.71721,-76.4222,22.5642,29.1872,39.4148,26.4931,81.0722,
127.47,5.26064,9.71721,-76.4222,22.5642,29.1872,39.4148,26.4931,81.0722,
127.5,5.26064,9.71721,-76.4222,22.5642,29.1872,39.4148,26.4931,81.0722,
127.53,5.26064,9.71721,-76.4222,22.5642,29.1872,39.4148,26.4931,81.0722,
127.56,5.26064,9.71721,-76.4222,22.5642,29.1872,39.4148,26.4931,81.0722,
127.59,5.26064,9.71721,-76.4222,22.5642,29.1872,39.4148,26.4931,81.0722,
127.62,5.26064,9.71721,-76.4222,22.5642,29.1872,39.4148,26.4931,81.0722,
127.65,5.26064,9.71721,-76.4222,22.5642,29.1872,39.4148,26.4931,81.0722,
127.68,5.26064,9.71721,-76.4222,22.5642,27.3992,39.3558,27.6745,86.0478,
127.71,5.26064,9.71721,-76.4222,22.5642,27.3992,39.3558,27.6745,86.0478,
127.74,5.26064,9.71721,-76.4222,22.5642,27.3992,39.3558,27.6745,86.0478,
127.77,5.26064,9.71721,-76.4222,22.5642,27.3992,39.3558,27.6745,86.0478,
127.8,5.26064,9.71721,-76.4222,22.5642,27.3992,39.3558,27.6745,86.0478,
127.83,5.26064,9.71721,-76.4222,22.5642,27.3992,39.3558,27.6745,86.0478,
127.86,5.26064,9.71721,-76.4222,22.5642,27.3992,39.3558,27.6745,86.0478,
127.89,5.22825,9.68087,-77.942,22.5013,27.3992,39.3558,27.6745,86.0478,
127.92,5.22825,9.68087,-77.942,22.5013,27.3992,39.3558,27.6745,86.0478,
127.95,5.22825,9.68087,-77.942,22.5013,27.3992,39.3558,27.6745,86.0478,
127.98,5.22825,9.68087,-77.942,22.5013,27.3992,39.3558,27.6745,86.0478,
128.01,5.22825,9.68087,-77.942,22.5013,27.3992,39.3558,27.6745,86.0478,
128.04,6.11651,9.74774,-81.1417,22.3956,27.3992,39.3558,27.6745,86.0478,
128.07,6.11651,9.74774,-81.1417,22.3956,27.3992,39.3558,27.6745,86.0478,
128.1,6.11651,9.74774,-81.1417,22.3956,27.3992,39.3558,27.6745,86.0478,
128.13,6.11651,9.74774,-81.1417,22.3956,27.3992,39.3558,27.6745,86.0478,
128.16,6.11651,9.74774,-81.1417,22.3956,24.8995,39.6891,23.6641,91.8815,
128.19,6.11651,9.74774,-81.1417,22.3956,24.8995,39.6891,23.6641,91.8815,
128.22,6.11651,9.74774,-81.1417,22.3956,24.8995,39.6891,23.6641,91.8815,
128.25,6.11651,9.74774,-81.1417,22.3956,24.8995,39.6891,23.6641,91.8815,
128.28,6.11651,9.74774,-81.1417,22.3956,24.8995,39.6891,23.6641,91.8815,
128.31,6.11651,9.74774,-81.1417,22.3956,24.8995,39.6891,23.6641,91.8815,
128.34,6.11651,9.74774,-81.1417,22.3956,24.8995,39.6891,23.6641,91.8815,
128.37,6.11651,9.74774,-81.1417,22.3956,24.8995,39.6891,23.6641,91.8815,
128.4,6.11651,9.74774,-81.1417,22.3956,24.8995,39.6891,23.6641,91.8815,
128.43,6.11651,9.74774,-81.1417,22.3956,24.8995,39.6891,23.6641,91.8815,
128.46,6.11651,9.74774,-81.1417,22.3956,24.8995,39.6891,23.6641,91.8815,
128.49,6.11651,9.74774,-81.1417,22.3956,24.8995,39.6891,23.6641,91.8815,
128.52,19.2635,14.714,-89.5591,22.1794,24.8995,39.6891,23.6641,91.8815,
128.55,19.2635,14.714,-89.5591,22.1794,24.8995,39.6891,23.6641,91.8815,
128.58,19.2635,14.714,-89.5591,22.1794,24.8995,39.6891,23.6641,91.8815,
128.61,19.2635,14.714,-89.5591,22.1794,24.8995,39.6891,23.6641,91.8815,
128.64,19.2635,14.714,-89.5591,22.1794,17.4507,33.8661,19.1367,90.7438,
128.67,19.2635,14.714,-89.5591,22.1794,17.4507,33.8661,19.1367,90.7438,
128.7,19.2635,14.714,-89.5591,22.1794,17.4507,33.8661,19.1367,90.7438,
128.73,19.2635,14.714,-89.5591,22.1794,17.4507,33.8661,19.1367,90.7438,
128.76,19.2635,14.714,-89.5591,22.1794,17.4507,33.8661,19.1367,90.7438,
128.79,19.2635,14.714,-89.5591,22.1794,17.4507,33.8661,19.1367,90.7438,
128.82,19.2635,14.714,-89.5591,22.1794,17.4507,33.8661,19.1367,90.7438,
128.85,19.2635,14.714,-89.5591,22.1794,17.4507,33.8661,19.1367,90.7438,
128.88,19.2635,14.714,-89.5591,22.1794,17.4507,33.8661,19.1367,90.7438,
128.91,19.2635,14.714,-89.5591,22.1794,17.4507,33.8661,19.1367,90.7438,
128.94,19.2635,14.714,-89.5591,22.1794,17.4507,33.8661,19.1367,90.7438,
128.97,19.2635,14.714,-89.5591,22.1794,17.4507,33.8661,19.1367,90.7438,
129,20.2768,14.7394,-80.9738,28.1006,17.4507,33.8661,19.1367,90.7438,
129.03,20.2768,14.7394,-80.9738,28.1006,17.4507,33.8661,19.1367,90.7438,
129.06,20.2768,14.7394,-80.9738,28.1006,17.4507,33.8661,19.1367,90.7438,
129.09,20.2768,14.7394,-80.9738,28.1006,17.4507,33.8661,19.1367,90.7438,
129.12,20.2768,14.7394,-80.9738,28.1006,17.3407,32.1005,15.0549,96.3828,
129.15,20.2768,14.7394,-80.9738,28.1006,17.3407,32.1005,15.0549,96.3828,
129.18,20.2768,14.7394,-80.9738,28.1006,17.3407,32.1005,15.0549,96.3828,
129.21,20.2768,14.7394,-80.9738,28.1006,17.3407,32.1005,15.0549,96.3828,
129.24,20.2768,14.7394,-80.9738,28.1006,17.3407,32.1005,15.0549,96.3828,
129.27,20.2768,14.7394,-80.9738,28.1006,17.3407,32.1005,15.0549,96.3828,
129.3,20.2768,14.7394,-80.9738,28.1006,17.3407,32.1005,15.0549,96.3828,
129.33,20.2768,14.7394,-80.9738,28.1006,17.3407,32.1005,15.0549,96.3828,
129.36,20.2768,14.7394,-80.9738,28.1006,17.3407,32.1005,15.0549,96.3828,
129.39,20.2768,14.7394,-80.9738,28.1006,17.3407,32.1005,15.0549,96.3828,
129.42,20.2768,14.7394,-80.9738,28.1006,17.3407,32.1005,15.0549,96.3828,
129.45,20.2768,14.7394,-80.9738,28.1006,17.3407,32.1005,15.0549,96.3828,
129.48,13.2249,12.4232,-86.2861,25.2583,17.3407,32.1005,15.0549,96.3828,
129.51,13.2249,12.4232,-86.2861,25.2583,17.3407,32.1005,15.0549,96.3828,
129.54,13.2249,12.4232,-86.2861,25.2583,17.3407,32.1005,15.0549,96.3828,
129.57,13.2249,12.4232,-86.2861,25.2583,17.3407,32.1005,15.0549,96.3828,
129.6,13.2249,12.4232,-86.2861,25.2583,17.8342,36.7784,19.0126,117.516,
129.63,13.2249,12.4232,-86.2861,25.2583,17.8342,36.7784,19.0126,117.516,
129.66,13.2249,12.4232,-86.2861,25.2583,17.8342,36.7784,19.0126,117.516,
129.69,13.2249,12.4232,-86.2861,25.2583,17.8342,36.7784,19.0126,117.516,
129.72,13.2249,12.4232,-86.2861,25.2583,17.8342,36.7784,19.0126,117.516,
129.75,13.2249,12.4232,-86.2861,25.2583,17.8342,36.7784,19.0126,117.516,
129.78,13.2249,12.4232,-86.2861,25.2583,17.8342,36.7784,19.0126,117.516,
129.81,13.2249,12.4232,-86.2861,25.2583,17.8342,36.7784,19.0126,117.516,
129.84,13.2249,12.4232,-86.2861,25.2583,17.8342,36.7784,19.0126,117.516,
129.87,13.2249,12.4232,-86.2861,25.2583,17.8342,36.7784,19.0126,117.516,
129.9,13.2249,12.4232,-86.2861,25.2583,17.8342,36.7784,19.0126,117.516,
129.93,13.2249,12.4232,-86.2861,25.2583,17.8342,36.7784,19.0126,117.516,
129.96,9.95274,11.1806,-84.4253,23.9507,17.8342,36.7784,19.0126,117.516,
129.99,9.95274,11.1806,-84.4253,23.9507,17.8342,36.7784,19.0126,117.516,
130.02,9.95274,11.1806,-84.4253,23.9507,17.8342,36.7784,19.0126,117.516,
130.05,9.95274,11.1806,-84.4253,23.9507,17.8342,36.7784,19.0126,117.516,
130.08,9.95274,11.1806,-84.4253,23.9507,18.0681,38.7998,20.544,118.387,
130.11,9.95274,11.1806,-84.4253,23.9507,18.0681,38.7998,20.544,118.387,
130.14,9.95274,11.1806,-84.4253,23.9507,18.0681,38.7998,20.544,118.387,
130.17,9.95274,11.1806,-84.4253,23.9507,18.0681,38.7998,20.544,118.387,
130.2,9.95274,11.1806,-84.4253,23.9507,18.0926,39.1225,20.9619,117.653,
130.23,9.95274,11.1806,-84.4253,23.9507,18.0926,39.1225,20.9619,117.653,
130.26,9.95274,11.1806,-84.4253,23.9507,18.0926,39.1225,20.9619,117.653,
130.29,9.95274,11.1806,-84.4253,23.9507,18.0926,39.1225,20.9619,117.653,
130.32,9.95274,11.1806,-84.4253,23.9507,18.0926,39.1225,20.9619,117.653,
130.35,9.95274,11.1806,-84.4253,23.9507,18.2474,39.2767,20.7028,116.497,
130.38,9.95274,11.1806,-84.4253,23.9507,18.2474,39.2767,20.7028,116.497,
130.41,9.95274,11.1806,-84.4253,23.9507,18.2474,39.2767,20.7028,116.497,
130.44,7.38071,10.8673,-78.3947,23.9318,18.2474,39.2767,20.7028,116.497,
130.47,7.38071,10.8673,-78.3947,23.9318,18.2474,39.2767,20.7028,116.497,
130.5,7.38071,10.8673,-78.3947,23.9318,18.2474,39.2767,20.7028,116.497,
130.53,7.38071,10.8673,-78.3947,23.9318,18.2474,39.2767,20.7028,116.497,
130.56,7.38071,10.8673,-78.3947,23.9318,18.2474,39.2767,20.7028,116.497,
130.59,7.38071,10.8673,-78.3947,23.9318,18.2474,39.2767,20.7028,116.497,
130.62,7.38071,10.8673,-78.3947,23.9318,18.2474,39.2767,20.7028,116.497,
130.65,7.38071,10.8673,-78.3947,23.9318,18.2474,39.2767,20.7028,116.497,
130.68,7.38071,10.8673,-78.3947,23.9318,18.2474,39.2767,20.7028,116.497,
130.71,7.38071,10.8673,-78.3947,23.9318,18.2474,39.2767,20.7028,116.497,
130.74,7.38071,10.8673,-78.3947,23.9318,18.2474,39.2767,20.7028,116.497,
130.77,7.38071,10.8673,-78.3947,23.9318,18.2474,39.2767,20.7028,116.497,
130.8,7.38071,10.8673,-78.3947,23.9318,18.2474,39.2767,20.7028,116.497,
130.83,7.38071,10.8673,-78.3947,23.9318,22.4931,38.5769,20.8092,105.786,
130.86,7.38071,10.8673,-78.3947,23.9318,22.4931,38.5769,20.8092,105.786,
130.89,7.38071,10.8673,-78.3947,23.9318,22.4931,38.5769,20.8092,105.786,
130.92,6.49226,10.3728,-75.8982,23.4781,22.4931,38.5769,20.8092,105.786,
130.95,6.61844,10.3082,-77.1303,23.3088,22.4931,38.5769,20.8092,105.786,
130.98,6.61844,10.3082,-77.1303,23.3088,22.4931,38.5769,20.8092,105.786,
131.01,6.61844,10.3082,-77.1303,23.3088,22.4931,38.5769,20.8092,105.786,
131.04,6.61844,10.3082,-77.1303,23.3088,22.4931,38.5769,20.8092,105.786,
131.07,6.31438,10.2162,-75.503,23.2997,22.4931,38.5769,20.8092,105.786,
131.1,6.31438,10.2162,-75.503,23.2997,22.4931,38.5769,20.8092,105.786,
131.13,6.31438,10.2162,-75.503,23.2997,22.4931,38.5769,20.8092,105.786,
131.16,6.31438,10.2162,-75.503,23.2997,22.4931,38.5769,20.8092,105.786,
131.19,6.31438,10.2162,-75.503,23.2997,22.4931,38.5769,20.8092,105.786,
131.22,6.31438,10.2162,-75.503,23.2997,22.4931,38.5769,20.8092,105.786,
131.25,6.31438,10.2162,-75.503,23.2997,22.4931,38.5769,20.8092,105.786,
131.28,6.31438,10.2162,-75.503,23.2997,22.4931,38.5769,20.8092,105.786,
131.31,6.31438,10.2162,-75.503,23.2997,26.3644,37.7577,23.6577,94.436,
131.34,6.31438,10.2162,-75.503,23.2997,26.3644,37.7577,23.6577,94.436,
131.37,6.31438,10.2162,-75.503,23.2997,26.3644,37.7577,23.6577,94.436,
131.4,6.31438,10.2162,-75.503,23.2997,26.3644,37.7577,23.6577,94.436,
131.43,6.31438,10.2162,-75.503,23.2997,26.3644,37.7577,23.6577,94.436,
131.46,6.31438,10.2162,-75.503,23.2997,26.3644,37.7577,23.6577,94.436,
131.49,6.31438,10.2162,-75.503,23.2997,26.3644,37.7577,23.6577,94.436,
131.52,6.31438,10.2162,-75.503,23.2997,26.3644,37.7577,23.6577,94.436,
131.55,5.18051,9.79244,-72.2919,23.057,26.3644,37.7577,23.6577,94.436,
131.58,5.18051,9.79244,-72.2919,23.057,26.3644,37.7577,23.6577,94.436,
131.61,5.18051,9.79244,-72.2919,23.057,26.3644,37.7577,23.6577,94.436,
131.64,5.18051,9.79244,-72.2919,23.057,26.3644,37.7577,23.6577,94.436,
131.67,5.18051,9.79244,-72.2919,23.057,26.3644,37.7577,23.6577,94.436,
131.7,5.18051,9.79244,-72.2919,23.057,26.3644,37.7577,23.6577,94.436,
131.73,5.18051,9.79244,-72.2919,23.057,26.3644,37.7577,23.6577,94.436,
131.76,5.18051,9.79244,-72.2919,23.057,26.3644,37.7577,23.6577,94.436,
131.79,5.18051,9.79244,-72.2919,23.057,28.5525,37.3155,24.7176,86.229,
131.82,5.18051,9.79244,-72.2919,23.057,28.5525,37.3155,24.7176,86.229,
131.85,5.18051,9.79244,-72.2919,23.057,28.5525,37.3155,24.7176,86.229,
131.88,5.18051,9.79244,-72.2919,23.057,28.5525,37.3155,24.7176,86.229,
131.91,5.18051,9.79244,-72.2919,23.057,28.5525,37.3155,24.7176,86.229,
131.94,5.18051,9.79244,-72.2919,23.057,28.5525,37.3155,24.7176,86.229,
131.97,5.18051,9.79244,-72.2919,23.057,28.5525,37.3155,24.7176,86.229,
132,5.18051,9.79244,-72.2919,23.057,28.5525,37.3155,24.7176,86.229,
132.03,3.24256,9.80283,-67.5184,24.0186,28.5525,37.3155,24.7176,86.229,
132.06,3.24256,9.80283,-67.5184,24.0186,28.5525,37.3155,24.7176,86.229,
132.09,3.24256,9.80283,-67.5184,24.0186,28.5525,37.3155,24.7176,86.229,
132.12,3.24256,9.80283,-67.5184,24.0186,28.5525,37.3155,24.7176,86.229,
132.15,3.24256,9.80283,-67.5184,24.0186,28.5525,37.3155,24.7176,86.229,
132.18,3.24256,9.80283,-67.5184,24.0186,28.5525,37.3155,24.7176,86.229,
132.21,3.24256,9.80283,-67.5184,24.0186,28.5525,37.3155,24.7176,86.229,
132.24,3.24256,9.80283,-67.5184,24.0186,28.5525,37.3155,24.7176,86.229,
132.27,3.24256,9.80283,-67.5184,24.0186,28.111,37.4286,23.4444,86.3234,
132.3,3.24256,9.80283,-67.5184,24.0186,27.6492,37.6421,22.0966,86.7832,
132.33,3.24256,9.80283,-67.5184,24.0186,27.6492,37.6421,22.0966,86.7832,
132.36,3.24256,9.80283,-67.5184,24.0186,27.6492,37.6421,22.0966,86.7832,
132.39,3.24256,9.80283,-67.5184,24.0186,27.6492,37.6421,22.0966,86.7832,
132.42,3.24256,9.80283,-67.5184,24.0186,27.7159,37.5394,20.8638,86.7581,
132.45,3.24256,9.80283,-67.5184,24.0186,27.7159,37.5394,20.8638,86.7581,
132.48,3.24256,9.80283,-67.5184,24.0186,27.7159,37.5394,20.8638,86.7581,
132.51,2.78361,9.88376,-66.5055,24.3358,27.7159,37.5394,20.8638,86.7581,
132.54,2.78361,9.88376,-66.5055,24.3358,27.7159,37.5394,20.8638,86.7581,
132.57,2.73752,9.9265,-66.7128,24.3221,27.7159,37.5394,20.8638,86.7581,
132.6,2.47662,9.94083,-65.8187,24.4628,27.7159,37.5394,20.8638,86.7581,
132.63,2.47662,9.94083,-65.8187,24.4628,27.7159,37.5394,20.8638,86.7581,
132.66,2.47662,9.94083,-65.8187,24.4628,27.7159,37.5394,20.8638,86.7581,
132.69,2.47662,9.94083,-65.8187,24.4628,27.7159,37.5394,20.8638,86.7581,
132.72,2.69261,9.97863,-66.9167,24.3119,27.7159,37.5394,20.8638,86.7581,
132.75,7.2744,11.4191,-71.0748,23.8503,27.7159,37.5394,20.8638,86.7581,
132.78,7.2744,11.4191,-71.0748,23.8503,27.7159,37.5394,20.8638,86.7581,
132.81,7.2744,11.4191,-71.0748,23.8503,27.7159,37.5394,20.8638,86.7581,
132.84,7.2744,11.4191,-71.0748,23.8503,27.7159,37.5394,20.8638,86.7581,
132.87,7.2744,11.4191,-71.0748,23.8503,27.7159,37.5394,20.8638,86.7581,
132.9,7.2744,11.4191,-71.0748,23.8503,23.0383,32.3518,13.0159,77.9952,
132.93,7.2744,11.4191,-71.0748,23.8503,23.0383,32.3518,13.0159,77.9952,
132.96,7.2744,11.4191,-71.0748,23.8503,23.0383,32.3518,13.0159,77.9952,
132.99,7.2744,11.4191,-71.0748,23.8503,23.0383,32.3518,13.0159,77.9952,
133.02,7.2744,11.4191,-71.0748,23.8503,23.0383,32.3518,13.0159,77.9952,
133.05,7.2744,11.4191,-71.0748,23.8503,23.0383,32.3518,13.0159,77.9952,
133.08,7.2744,11.4191,-71.0748,23.8503,23.0383,32.3518,13.0159,77.9952,
133.11,7.2744,11.4191,-71.0748,23.8503,23.0383,32.3518,13.0159,77.9952,
133.14,7.2744,11.4191,-71.0748,23.8503,23.0383,32.3518,13.0159,77.9952,
133.17,7.2744,11.4191,-71.0748,23.8503,23.0383,32.3518,13.0159,77.9952,
133.2,7.2744,11.4191,-71.0748,23.8503,23.0383,32.3518,13.0159,77.9952,
133.23,23.3794,17.2017,-34.4812,19.1273,23.0383,32.3518,13.0159,77.9952,
133.26,23.3794,17.2017,-34.4812,19.1273,23.0383,32.3518,13.0159,77.9952,
133.29,23.3794,17.2017,-34.4812,19.1273,23.0383,32.3518,13.0159,77.9952,
133.32,23.3794,17.2017,-34.4812,19.1273,23.0383,32.3518,13.0159,77.9952,
133.35,23.3794,17.2017,-34.4812,19.1273,23.0383,32.3518,13.0159,77.9952,
133.38,23.3794,17.2017,-34.4812,19.1273,13.8643,25.197,-2.36339,47.6983,
133.41,23.3794,17.2017,-34.4812,19.1273,13.8643,25.197,-2.36339,47.6983,
133.44,23.3794,17.2017,-34.4812,19.1273,13.8643,25.197,-2.36339,47.6983,
133.47,23.3794,17.2017,-34.4812,19.1273,13.8643,25.197,-2.36339,47.6983,
133.5,23.3794,17.2017,-34.4812,19.1273,13.8643,25.197,-2.36339,47.6983,
133.53,23.3794,17.2017,-34.4812,19.1273,13.8643,25.197,-2.36339,47.6983,
133.56,23.3794,17.2017,-34.4812,19.1273,13.8643,25.197,-2.36339,47.6983,
133.59,23.3794,17.2017,-34.4812,19.1273,13.8643,25.197,-2.36339,47.6983,
133.62,23.3794,17.2017,-34.4812,19.1273,13.8643,25.197,-2.36339,47.6983,
133.65,23.3794,17.2017,-34.4812,19.1273,13.8643,25.197,-2.36339,47.6983,
133.68,23.3794,17.2017,-34.4812,19.1273,13.8643,25.197,-2.36339,47.6983,
133.71,37.0674,20.0023,29.9482,71.7594,13.8643,25.197,-2.36339,47.6983,
133.74,37.0674,20.0023,29.9482,71.7594,13.8643,25.197,-2.36339,47.6983,
133.77,37.0674,20.0023,29.9482,71.7594,13.8643,25.197,-2.36339,47.6983,
133.8,37.0674,20.0023,29.9482,71.7594,13.8643,25.197,-2.36339,47.6983,
133.83,37.0674,20.0023,29.9482,71.7594,13.8643,25.197,-2.36339,47.6983,
133.86,37.0674,20.0023,29.9482,71.7594,7.68965,21.7078,-26.9276,26.7207,
133.89,37.0674,20.0023,29.9482,71.7594,7.68965,21.7078,-26.9276,26.7207,
133.92,37.0674,20.0023,29.9482,71.7594,7.68965,21.7078,-26.9276,26.7207,
133.95,37.0674,20.0023,29.9482,71.7594,7.68965,21.7078,-26.9276,26.7207,
133.98,37.0674,20.0023,29.9482,71.7594,7.68965,21.7078,-26.9276,26.7207,
134.01,37.0674,20.0023,29.9482,71.7594,7.68965,21.7078,-26.9276,26.7207,
134.04,37.0674,20.0023,29.9482,71.7594,7.68965,21.7078,-26.9276,26.7207,
134.07,37.0674,20.0023,29.9482,71.7594,7.68965,21.7078,-26.9276,26.7207,
134.1,37.0674,20.0023,29.9482,71.7594,7.68965,21.7078,-26.9276,26.7207,
134.13,37.0674,20.0023,29.9482,71.7594,7.68965,21.7078,-26.9276,26.7207,
134.16,37.0674,20.0023,29.9482,71.7594,7.68965,21.7078,-26.9276,26.7207,
134.19,30.8336,17.4833,-5.14693,37.0207,7.68965,21.7078,-26.9276,26.7207,
134.22,30.8336,17.4833,-5.14693,37.0207,7.68965,21.7078,-26.9276,26.7207,
134.25,30.8336,17.4833,-5.14693,37.0207,7.68965,21.7078,-26.9276,26.7207,
134.28,30.8336,17.4833,-5.14693,37.0207,7.68965,21.7078,-26.9276,26.7207,
134.31,30.8336,17.4833,-5.14693,37.0207,7.68965,21.7078,-26.9276,26.7207,
134.34,30.8336,17.4833,-5.14693,37.0207,6.35018,22.1498,-39.1259,24.6333,
134.37,30.8336,17.4833,-5.14693,37.0207,6.35018,22.1498,-39.1259,24.6333,
134.4,30.8336,17.4833,-5.14693,37.0207,6.35018,22.1498,-39.1259,24.6333,
134.43,30.8336,17.4833,-5.14693,37.0207,6.35018,22.1498,-39.1259,24.6333,
134.46,30.8336,17.4833,-5.14693,37.0207,6.35018,22.1498,-39.1259,24.6333,
134.49,30.8336,17.4833,-5.14693,37.0207,6.35018,22.1498,-39.1259,24.6333,
134.52,30.8336,17.4833,-5.14693,37.0207,6.35018,22.1498,-39.1259,24.6333,
134.55,30.8336,17.4833,-5.14693,37.0207,6.35018,22.1498,-39.1259,24.6333,
134.58,30.8336,17.4833,-5.14693,37.0207,6.35018,22.1498,-39.1259,24.6333,
134.61,30.8336,17.4833,-5.14693,37.0207,6.35018,22.1498,-39.1259,24.6333,
134.64,30.8336,17.4833,-5.14693,37.0207,6.35018,22.1498,-39.1259,24.6333,
134.67,39.7637,17.7224,-0.132704,88.7259,6.35018,22.1498,-39.1259,24.6333,
134.7,39.7637,17.7224,-0.132704,88.7259,6.35018,22.1498,-39.1259,24.6333,
134.73,39.7637,17.7224,-0.132704,88.7259,6.35018,22.1498,-39.1259,24.6333,
134.76,39.7637,17.7224,-0.132704,88.7259,6.35018,22.1498,-39.1259,24.6333,
134.79,39.7637,17.7224,-0.132704,88.7259,6.35018,22.1498,-39.1259,24.6333,
134.82,39.7637,17.7224,-0.132704,88.7259,4.53108,20.8371,-50.683,22.6852,
134.85,39.7637,17.7224,-0.132704,88.7259,4.53108,20.8371,-50.683,22.6852,
134.88,39.7637,17.7224,-0.132704,88.7259,4.53108,20.8371,-50.683,22.6852,
134.91,39.7637,17.7224,-0.132704,88.7259,4.53108,20.8371,-50.683,22.6852,
134.94,39.7637,17.7224,-0.132704,88.7259,4.53108,20.8371,-50.683,22.6852,
134.97,39.7637,17.7224,-0.132704,88.7259,4.53108,20.8371,-50.683,22.6852,
135,39.7637,17.7224,-0.132704,88.7259,4.53108,20.8371,-50.683,22.6852,
135.03,39.7637,17.7224,-0.132704,88.7259,4.53108,20.8371,-50.683,22.6852,
135.06,39.7637,17.7224,-0.132704,88.7259,4.53108,20.8371,-50.683,22.6852,
135.09,39.7637,17.7224,-0.132704,88.7259,4.53108,20.8371,-50.683,22.6852,
135.12,39.7637,17.7224,-0.132704,88.7259,4.53108,20.8371,-50.683,22.6852,
135.15,22.5367,15.0801,-44.2951,40.1353,4.53108,20.8371,-50.683,22.6852,
135.18,22.5367,15.0801,-44.2951,40.1353,4.53108,20.8371,-50.683,22.6852,
135.21,22.5367,15.0801,-44.2951,40.1353,4.53108,20.8371,-50.683,22.6852,
135.24,22.5367,15.0801,-44.2951,40.1353,4.53108,20.8371,-50.683,22.6852,
135.27,22.5367,15.0801,-44.2951,40.1353,4.53108,20.8371,-50.683,22.6852,
135.3,22.5367,15.0801,-44.2951,40.1353,6.86316,21.8864,-62.2226,23.7421,
135.33,22.5367,15.0801,-44.2951,40.1353,6.86316,21.8864,-62.2226,23.7421,
135.36,22.5367,15.0801,-44.2951,40.1353,6.86316,21.8864,-62.2226,23.7421,
135.39,22.5367,15.0801,-44.2951,40.1353,6.86316,21.8864,-62.2226,23.7421,
135.42,22.5367,15.0801,-44.2951,40.1353,6.86316,21.8864,-62.2226,23.7421,
135.45,22.5367,15.0801,-44.2951,40.1353,6.86316,21.8864,-62.2226,23.7421,
135.48,22.5367,15.0801,-44.2951,40.1353,6.86316,21.8864,-62.2226,23.7421,
135.51,22.5367,15.0801,-44.2951,40.1353,6.86316,21.8864,-62.2226,23.7421,
135.54,22.5367,15.0801,-44.2951,40.1353,6.86316,21.8864,-62.2226,23.7421,
135.57,22.5367,15.0801,-44.2951,40.1353,6.86316,21.8864,-62.2226,23.7421,
135.6,22.5367,15.0801,-44.2951,40.1353,6.86316,21.8864,-62.2226,23.7421,
135.63,15.0113,14.0549,-58.3206,40.133,6.86316,21.8864,-62.2226,23.7421,
135.66,15.0113,14.0549,-58.3206,40.133,6.86316,21.8864,-62.2226,23.7421,
135.69,15.0113,14.0549,-58.3206,40.133,6.86316,21.8864,-62.2226,23.7421,
135.72,15.0113,14.0549,-58.3206,40.133,6.86316,21.8864,-62.2226,23.7421,
135.75,15.0113,14.0549,-58.3206,40.133,6.86316,21.8864,-62.2226,23.7421,
135.78,15.0113,14.0549,-58.3206,40.133,5.85675,22.319,-68.7587,23.1888,
135.81,15.0113,14.0549,-58.3206,40.133,5.85675,22.319,-68.7587,23.1888,
135.84,15.0113,14.0549,-58.3206,40.133,5.85675,22.319,-68.7587,23.1888,
135.87,15.0113,14.0549,-58.3206,40.133,5.85675,22.319,-68.7587,23.1888,
135.9,15.0113,14.0549,-58.3206,40.133,5.85675,22.319,-68.7587,23.1888,
135.93,15.0113,14.0549,-58.3206,40.133,5.85675,22.319,-68.7587,23.1888,
135.96,15.0113,14.0549,-58.3206,40.133,5.85675,22.319,-68.7587,23.1888,
135.99,15.0113,14.0549,-58.3206,40.133,5.85675,22.319,-68.7587,23.1888,
136.02,15.0113,14.0549,-58.3206,40.133,5.85675,22.319,-68.7587,23.1888,
136.05,15.0113,14.0549,-58.3206,40.133,5.85675,22.319,-68.7587,23.1888,
136.08,15.0113,14.0549,-58.3206,40.133,5.85675,22.319,-68.7587,23.1888,
136.11,19.1973,13.7886,-62.187,44.613,5.85675,22.319,-68.7587,23.1888,
136.14,19.1973,13.7886,-62.187,44.613,5.85675,22.319,-68.7587,23.1888,
136.17,19.1973,13.7886,-62.187,44.613,5.85675,22.319,-68.7587,23.1888,
136.2,19.1973,13.7886,-62.187,44.613,5.85675,22.319,-68.7587,23.1888,
136.23,19.1973,13.7886,-62.187,44.613,5.85675,22.319,-68.7587,23.1888,
136.26,19.1973,13.7886,-62.187,44.613,4.59167,17.8521,-80.6667,18.4234,
136.29,19.1973,13.7886,-62.187,44.613,4.59167,17.8521,-80.6667,18.4234,
136.32,19.1973,13.7886,-62.187,44.613,4.59167,17.8521,-80.6667,18.4234,
136.35,19.1973,13.7886,-62.187,44.613,4.59167,17.8521,-80.6667,18.4234,
136.38,19.1973,13.7886,-62.187,44.613,4.59167,17.8521,-80.6667,18.4234,
136.41,19.1973,13.7886,-62.187,44.613,4.59167,17.8521,-80.6667,18.4234,
136.44,19.1973,13.7886,-62.187,44.613,4.59167,17.8521,-80.6667,18.4234,
136.47,19.1973,13.7886,-62.187,44.613,4.59167,17.8521,-80.6667,18.4234,
136.5,19.1973,13.7886,-62.187,44.613,4.59167,17.8521,-80.6667,18.4234,
136.53,19.1973,13.7886,-62.187,44.613,4.59167,17.8521,-80.6667,18.4234,
136.56,19.1973,13.7886,-62.187,44.613,4.59167,17.8521,-80.6667,18.4234,
136.59,18.7517,15.429,-54.8263,52.3778,4.59167,17.8521,-80.6667,18.4234,
136.62,18.7517,15.429,-54.8263,52.3778,4.59167,17.8521,-80.6667,18.4234,
136.65,18.7517,15.429,-54.8263,52.3778,4.59167,17.8521,-80.6667,18.4234,
136.68,18.7517,15.429,-54.8263,52.3778,4.59167,17.8521,-80.6667,18.4234,
136.71,18.7517,15.429,-54.8263,52.3778,4.59167,17.8521,-80.6667,18.4234,
136.74,18.7517,15.429,-54.8263,52.3778,5.59724,15.8097,-95.3921,16.3724,
136.77,18.7517,15.429,-54.8263,52.3778,5.59724,15.8097,-95.3921,16.3724,
136.8,18.7517,15.429,-54.8263,52.3778,5.59724,15.8097,-95.3921,16.3724,
136.83,18.7517,15.429,-54.8263,52.3778,5.59724,15.8097,-95.3921,16.3724,
136.86,18.7517,15.429,-54.8263,52.3778,5.59724,15.8097,-95.3921,16.3724,
136.89,18.7517,15.429,-54.8263,52.3778,5.59724,15.8097,-95.3921,16.3724,
136.92,18.7517,15.429,-54.8263,52.3778,5.59724,15.8097,-95.3921,16.3724,
136.95,18.7517,15.429,-54.8263,52.3778,5.59724,15.8097,-95.3921,16.3724,
136.98,18.7517,15.429,-54.8263,52.3778,5.59724,15.8097,-95.3921,16.3724,
137.01,18.7517,15.429,-54.8263,52.3778,5.59724,15.8097,-95.3921,16.3724,
137.04,18.7517,15.429,-54.8263,52.3778,5.59724,15.8097,-95.3921,16.3724,
137.07,11.9371,12.6538,-61.5826,37.2427,5.59724,15.8097,-95.3921,16.3724,
137.1,11.9371,12.6538,-61.5826,37.2427,5.59724,15.8097,-95.3921,16.3724,
137.13,11.9371,12.6538,-61.5826,37.2427,5.59724,15.8097,-95.3921,16.3724,
137.16,11.9371,12.6538,-61.5826,37.2427,5.59724,15.8097,-95.3921,16.3724,
137.19,11.9371,12.6538,-61.5826,37.2427,5.59724,15.8097,-95.3921,16.3724,
137.22,11.9371,12.6538,-61.5826,37.2427,5.10166,18.9733,-72.8421,20.0004,
137.25,11.9371,12.6538,-61.5826,37.2427,5.10166,18.9733,-72.8421,20.0004,
137.28,11.9371,12.6538,-61.5826,37.2427,5.10166,18.9733,-72.8421,20.0004,
137.31,11.9371,12.6538,-61.5826,37.2427,5.10166,18.9733,-72.8421,20.0004,
137.34,11.9371,12.6538,-61.5826,37.2427,5.10166,18.9733,-72.8421,20.0004,
137.37,11.9371,12.6538,-61.5826,37.2427,5.10166,18.9733,-72.8421,20.0004,
137.4,11.9371,12.6538,-61.5826,37.2427,5.10166,18.9733,-72.8421,20.0004,
137.43,11.9371,12.6538,-61.5826,37.2427,5.10166,18.9733,-72.8421,20.0004,
137.46,11.9371,12.6538,-61.5826,37.2427,5.10166,18.9733,-72.8421,20.0004,
137.49,11.9371,12.6538,-61.5826,37.2427,5.10166,18.9733,-72.8421,20.0004,
137.52,11.9371,12.6538,-61.5826,37.2427,5.10166,18.9733,-72.8421,20.0004,
137.55,8.01609,11.0051,-66.6595,29.2943,5.10166,18.9733,-72.8421,20.0004,
137.58,8.01609,11.0051,-66.6595,29.2943,5.10166,18.9733,-72.8421,20.0004,
137.61,8.01609,11.0051,-66.6595,29.2943,5.10166,18.9733,-72.8421,20.0004,
137.64,8.01609,11.0051,-66.6595,29.2943,5.10166,18.9733,-72.8421,20.0004,
137.67,8.01609,11.0051,-66.6595,29.2943,5.10166,18.9733,-72.8421,20.0004,
137.7,8.01609,11.0051,-66.6595,29.2943,7.89573,22.6914,-60.0641,23.3401,
137.73,8.01609,11.0051,-66.6595,29.2943,7.89573,22.6914,-60.0641,23.3401,
137.76,8.01609,11.0051,-66.6595,29.2943,7.89573,22.6914,-60.0641,23.3401,
137.79,8.01609,11.0051,-66.6595,29.2943,7.89573,22.6914,-60.0641,23.3401,
137.82,8.01609,11.0051,-66.6595,29.2943,7.89573,22.6914,-60.0641,23.3401,
137.85,8.01609,11.0051,-66.6595,29.2943,7.89573,22.6914,-60.0641,23.3401,
137.88,8.01609,11.0051,-66.6595,29.2943,7.89573,22.6914,-60.0641,23.3401,
137.91,8.01609,11.0051,-66.6595,29.2943,7.89573,22.6914,-60.0641,23.3401,
137.94,8.01609,11.0051,-66.6595,29.2943,7.89573,22.6914,-60.0641,23.3401,
137.97,8.01609,11.0051,-66.6595,29.2943,7.89573,22.6914,-60.0641,23.3401,
138,8.01609,11.0051,-66.6595,29.2943,7.89573,22.6914,-60.0641,23.3401,
138.03,5.4964,10.0822,-65.6939,25.9602,7.89573,22.6914,-60.0641,23.3401,
138.06,5.4964,10.0822,-65.6939,25.9602,7.89573,22.6914,-60.0641,23.3401,
138.09,5.4964,10.0822,-65.6939,25.9602,7.89573,22.6914,-60.0641,23.3401,
138.12,5.4964,10.0822,-65.6939,25.9602,7.89573,22.6914,-60.0641,23.3401,
138.15,5.4964,10.0822,-65.6939,25.9602,7.89573,22.6914,-60.0641,23.3401,
138.18,5.4964,10.0822,-65.6939,25.9602,10.4148,24.9563,-41.4888,30.3423,
138.21,5.4964,10.0822,-65.6939,25.9602,10.4148,24.9563,-41.4888,30.3423,
138.24,5.4964,10.0822,-65.6939,25.9602,10.4148,24.9563,-41.4888,30.3423,
138.27,5.4964,10.0822,-65.6939,25.9602,10.4148,24.9563,-41.4888,30.3423,
138.3,5.4964,10.0822,-65.6939,25.9602,10.4148,24.9563,-41.4888,30.3423,
138.33,5.4964,10.0822,-65.6939,25.9602,10.4148,24.9563,-41.4888,30.3423,
138.36,5.4964,10.0822,-65.6939,25.9602,10.4148,24.9563,-41.4888,30.3423,
138.39,5.4964,10.0822,-65.6939,25.9602,10.4148,24.9563,-41.4888,30.3423,
138.42,5.4964,10.0822,-65.6939,25.9602,10.4148,24.9563,-41.4888,30.3423,
138.45,5.4964,10.0822,-65.6939,25.9602,10.4148,24.9563,-41.4888,30.3423,
138.48,5.4964,10.0822,-65.6939,25.9602,10.4148,24.9563,-41.4888,30.3423,
138.51,4.77155,9.94151,-64.7695,25.1957,10.4148,24.9563,-41.4888,30.3423,
138.54,4.77155,9.94151,-64.7695,25.1957,10.4148,24.9563,-41.4888,30.3423,
138.57,4.77155,9.94151,-64.7695,25.1957,10.4148,24.9563,-41.4888,30.3423,
138.6,4.77155,9.94151,-64.7695,25.1957,10.4148,24.9563,-41.4888,30.3423,
138.63,5.06291,9.92002,-67.74,24.6428,10.4148,24.9563,-41.4888,30.3423,
138.66,5.75146,9.94077,-69.9369,24.2307,13.6606,24.9982,-24.1783,44.2937,
138.69,5.75146,9.94077,-69.9369,24.2307,13.6606,24.9982,-24.1783,44.2937,
138.72,5.75146,9.94077,-69.9369,24.2307,13.6606,24.9982,-24.1783,44.2937,
138.75,5.75146,9.94077,-69.9369,24.2307,13.6606,24.9982,-24.1783,44.2937,
138.78,5.75146,9.94077,-69.9369,24.2307,13.6606,24.9982,-24.1783,44.2937,
138.81,5.75146,9.94077,-69.9369,24.2307,13.6606,24.9982,-24.1783,44.2937,
138.84,5.75146,9.94077,-69.9369,24.2307,13.6606,24.9982,-24.1783,44.2937,
138.87,5.75146,9.94077,-69.9369,24.2307,13.6606,24.9982,-24.1783,44.2937,
138.9,5.75146,9.94077,-69.9369,24.2307,13.6606,24.9982,-24.1783,44.2937,
138.93,5.75146,9.94077,-69.9369,24.2307,13.6606,24.9982,-24.1783,44.2937,
138.96,5.75146,9.94077,-69.9369,24.2307,13.6606,24.9982,-24.1783,44.2937,
138.99,5.75146,9.94077,-69.9369,24.2307,13.6606,24.9982,-24.1783,44.2937,
139.02,5.75146,9.94077,-69.9369,24.2307,13.6606,24.9982,-24.1783,44.2937,
139.05,5.75146,9.94077,-69.9369,24.2307,13.6606,24.9982,-24.1783,44.2937,
139.08,5.75146,9.94077,-69.9369,24.2307,13.6606,24.9982,-24.1783,44.2937,
139.11,5.75146,9.94077,-69.9369,24.2307,13.6606,24.9982,-24.1783,44.2937,
139.14,5.57675,9.78952,-74.8694,23.1687,21.622,24.2355,-7.92278,55.6418,
139.17,5.57675,9.78952,-74.8694,23.1687,21.622,24.2355,-7.92278,55.6418,
139.2,5.57675,9.78952,-74.8694,23.1687,21.622,24.2355,-7.92278,55.6418,
139.23,5.57675,9.78952,-74.8694,23.1687,21.622,24.2355,-7.92278,55.6418,
139.26,5.57675,9.78952,-74.8694,23.1687,21.622,24.2355,-7.92278,55.6418,
139.29,5.57675,9.78952,-74.8694,23.1687,21.622,24.2355,-7.92278,55.6418,
139.32,5.57675,9.78952,-74.8694,23.1687,21.622,24.2355,-7.92278,55.6418,
139.35,5.57675,9.78952,-74.8694,23.1687,21.622,24.2355,-7.92278,55.6418,
139.38,5.57675,9.78952,-74.8694,23.1687,21.622,24.2355,-7.92278,55.6418,
139.41,5.57675,9.78952,-74.8694,23.1687,21.622,24.2355,-7.92278,55.6418,
139.44,5.57675,9.78952,-74.8694,23.1687,21.622,24.2355,-7.92278,55.6418,
139.47,5.57675,9.78952,-74.8694,23.1687,21.622,24.2355,-7.92278,55.6418,
139.5,5.57675,9.78952,-74.8694,23.1687,21.622,24.2355,-7.92278,55.6418,
139.53,5.57675,9.78952,-74.8694,23.1687,21.622,24.2355,-7.92278,55.6418,
139.56,5.57675,9.78952,-74.8694,23.1687,21.622,24.2355,-7.92278,55.6418,
139.59,5.57675,9.78952,-74.8694,23.1687,21.622,24.2355,-7.92278,55.6418,
139.62,5.04252,9.69349,-73.9971,23.0241,22.1358,24.8564,6.07164,70.9607,
139.65,5.04252,9.69349,-73.9971,23.0241,22.1358,24.8564,6.07164,70.9607,
139.68,4.45197,9.70847,-73.6913,23.1929,22.1358,24.8564,6.07164,70.9607,
139.71,4.45197,9.70847,-73.6913,23.1929,22.1358,24.8564,6.07164,70.9607,
139.74,4.45197,9.70847,-73.6913,23.1929,22.1358,24.8564,6.07164,70.9607,
139.77,4.95057,9.72648,-75.4972,23.0318,22.1358,24.8564,6.07164,70.9607,
139.8,4.95057,9.72648,-75.4972,23.0318,22.1358,24.8564,6.07164,70.9607,
139.83,4.95057,9.72648,-75.4972,23.0318,22.1358,24.8564,6.07164,70.9607,
139.86,4.60181,9.78613,-73.4185,23.3246,22.1358,24.8564,6.07164,70.9607,
139.89,4.60181,9.78613,-73.4185,23.3246,22.1358,24.8564,6.07164,70.9607,
139.92,4.69749,9.86942,-73.191,23.4853,22.1358,24.8564,6.07164,70.9607,
139.95,4.69749,9.86942,-73.191,23.4853,22.1358,24.8564,6.07164,70.9607,
139.98,4.01903,9.86558,-71.1376,23.7786,22.1358,24.8564,6.07164,70.9607,
140.01,4.01903,9.86558,-71.1376,23.7786,22.1358,24.8564,6.07164,70.9607,
140.04,4.01903,9.86558,-71.1376,23.7786,22.1358,24.8564,6.07164,70.9607,
140.07,4.01903,9.86558,-71.1376,23.7786,22.1358,24.8564,6.07164,70.9607,
140.1,4.01903,9.86558,-71.1376,23.7786,19.2035,26.7793,19.0511,87.1192,
140.13,4.01903,9.86558,-71.1376,23.7786,19.2035,26.7793,19.0511,87.1192,
140.16,4.01903,9.86558,-71.1376,23.7786,19.2035,26.7793,19.0511,87.1192,
140.19,4.01903,9.86558,-71.1376,23.7786,19.2035,26.7793,19.0511,87.1192,
140.22,4.01903,9.86558,-71.1376,23.7786,19.2035,26.7793,19.0511,87.1192,
140.25,4.01903,9.86558,-71.1376,23.7786,19.2035,26.7793,19.0511,87.1192,
140.28,4.01903,9.86558,-71.1376,23.7786,19.2035,26.7793,19.0511,87.1192,
140.31,4.01903,9.86558,-71.1376,23.7786,19.2035,26.7793,19.0511,87.1192,
140.34,4.01903,9.86558,-71.1376,23.7786,19.2035,26.7793,19.0511,87.1192,
140.37,4.01903,9.86558,-71.1376,23.7786,19.2035,26.7793,19.0511,87.1192,
140.4,4.01903,9.86558,-71.1376,23.7786,19.2035,26.7793,19.0511,87.1192,
140.43,4.01903,9.86558,-71.1376,23.7786,19.2035,26.7793,19.0511,87.1192,
140.46,4.48196,9.99867,-72.2187,23.8437,19.2035,26.7793,19.0511,87.1192,
140.49,4.48196,9.99867,-72.2187,23.8437,19.2035,26.7793,19.0511,87.1192,
140.52,4.48196,9.99867,-72.2187,23.8437,19.2035,26.7793,19.0511,87.1192,
140.55,4.17082,9.99958,-71.0897,24.0179,19.2035,26.7793,19.0511,87.1192,
140.58,4.17082,9.99958,-71.0897,24.0179,14.4957,28.9196,29.5806,97.2902,
140.61,4.10489,9.93674,-69.5343,24.0462,14.4957,28.9196,29.5806,97.2902,
140.64,4.10489,9.93674,-69.5343,24.0462,14.4957,28.9196,29.5806,97.2902,
140.67,4.10489,9.93674,-69.5343,24.0462,14.4957,28.9196,29.5806,97.2902,
140.7,4.10599,9.88258,-69.821,23.9097,14.4957,28.9196,29.5806,97.2902,
140.73,4.7369,9.88622,-71.9846,23.5851,14.4957,28.9196,29.5806,97.2902,
140.76,4.61686,9.83453,-71.568,23.5322,14.4957,28.9196,29.5806,97.2902,
140.79,4.61686,9.83453,-71.568,23.5322,14.4957,28.9196,29.5806,97.2902,
140.82,4.61686,9.83453,-71.568,23.5322,14.4957,28.9196,29.5806,97.2902,
140.85,4.80408,9.80618,-72.2085,23.3757,14.4957,28.9196,29.5806,97.2902,
140.88,4.80408,9.80618,-72.2085,23.3757,14.4957,28.9196,29.5806,97.2902,
140.91,5.23978,9.78239,-73.6826,23.1797,14.4957,28.9196,29.5806,97.2902,
140.94,5.23978,9.78239,-73.6826,23.1797,14.4957,28.9196,29.5806,97.2902,
140.97,5.03657,9.72908,-73.0067,23.1592,14.4957,28.9196,29.5806,97.2902,
141,5.03657,9.72908,-73.0067,23.1592,14.4957,28.9196,29.5806,97.2902,
141.03,5.12446,9.71163,-73.409,23.0757,14.4957,28.9196,29.5806,97.2902,
141.06,5.12446,9.71163,-73.409,23.0757,12.1414,30.5965,47.8307,103.023,
141.09,5.12446,9.71163,-73.409,23.0757,12.1414,30.5965,47.8307,103.023,
141.12,5.18436,9.69609,-74.3432,22.9711,12.1414,30.5965,47.8307,103.023,
141.15,5.18436,9.69609,-74.3432,22.9711,12.1414,30.5965,47.8307,103.023,
141.18,5.18436,9.69609,-74.3432,22.9711,12.1414,30.5965,47.8307,103.023,
141.21,5.18436,9.69609,-74.3432,22.9711,12.1414,30.5965,47.8307,103.023,
141.24,5.18436,9.69609,-74.3432,22.9711,12.1414,30.5965,47.8307,103.023,
141.27,5.18436,9.69609,-74.3432,22.9711,12.1414,30.5965,47.8307,103.023,
141.3,5.18436,9.69609,-74.3432,22.9711,12.1414,30.5965,47.8307,103.023,
141.33,5.18436,9.69609,-74.3432,22.9711,12.1414,30.5965,47.8307,103.023,
141.36,5.18436,9.69609,-74.3432,22.9711,12.1414,30.5965,47.8307,103.023,
141.39,5.18436,9.69609,-74.3432,22.9711,12.1414,30.5965,47.8307,103.023,
141.42,5.18436,9.69609,-74.3432,22.9711,12.1414,30.5965,47.8307,103.023,
141.45,5.18436,9.69609,-74.3432,22.9711,12.1414,30.5965,47.8307,103.023,
141.48,5.18436,9.69609,-74.3432,22.9711,12.1414,30.5965,47.8307,103.023,
141.51,5.18436,9.69609,-74.3432,22.9711,12.1414,30.5965,47.8307,103.023,
141.54,5.18436,9.69609,-74.3432,22.9711,11.4827,31.2198,49.4786,103.787,
141.57,5.18436,9.69609,-74.3432,22.9711,11.8823,31.2036,48.7862,103.663,
141.6,5.61287,9.64151,-77.5365,22.6335,11.8823,31.2036,48.7862,103.663,
141.63,5.61287,9.64151,-77.5365,22.6335,11.8823,31.2036,48.7862,103.663,
141.66,5.61287,9.64151,-77.5365,22.6335,11.8823,31.2036,48.7862,103.663,
141.69,5.61287,9.64151,-77.5365,22.6335,11.8823,31.2036,48.7862,103.663,
141.72,5.76011,9.64618,-77.0951,22.6108,12.0768,31.177,48.2599,103.67,
141.75,5.76011,9.64618,-77.0951,22.6108,12.0768,31.177,48.2599,103.67,
141.78,5.76011,9.64618,-77.0951,22.6108,12.0768,31.177,48.2599,103.67,
141.81,5.76011,9.64618,-77.0951,22.6108,12.0768,31.177,48.2599,103.67,
141.84,5.55933,9.59253,-77.1607,22.5833,12.3255,31.2913,46.2248,103.504,
141.87,5.55933,9.59253,-77.1607,22.5833,12.3255,31.2913,46.2248,103.504,
141.9,5.55933,9.59253,-77.1607,22.5833,12.3255,31.2913,46.2248,103.504,
141.93,5.55933,9.59253,-77.1607,22.5833,12.3255,31.2913,46.2248,103.504,
141.96,5.55933,9.59253,-77.1607,22.5833,12.3255,31.2913,46.2248,103.504,
141.99,5.94617,9.62014,-78.3724,22.5175,13.3306,30.9984,44.7441,103.122,
142.02,5.94617,9.62014,-78.3724,22.5175,13.3306,30.9984,44.7441,103.122,
142.05,5.94617,9.62014,-78.3724,22.5175,13.3306,30.9984,44.7441,103.122,
142.08,5.94617,9.62014,-78.3724,22.5175,13.2695,31.1681,44.2935,103.076,
142.11,5.94617,9.62014,-78.3724,22.5175,13.2695,31.1681,44.2935,103.076,
142.14,5.94617,9.62014,-78.3724,22.5175,13.2695,31.1681,44.2935,103.076,
142.17,5.94617,9.62014,-78.3724,22.5175,13.2695,31.1681,44.2935,103.076,
142.2,5.94617,9.62014,-78.3724,22.5175,13.2695,31.1681,44.2935,103.076,
142.23,5.94617,9.62014,-78.3724,22.5175,13.2695,31.1681,44.2935,103.076,
142.26,5.94617,9.62014,-78.3724,22.5175,13.2695,31.1681,44.2935,103.076,
142.29,5.94617,9.62014,-78.3724,22.5175,13.2695,31.1681,44.2935,103.076,
142.32,5.94617,9.62014,-78.3724,22.5175,13.2695,31.1681,44.2935,103.076,
142.35,5.94617,9.62014,-78.3724,22.5175,13.2695,31.1681,44.2935,103.076,
142.38,5.94617,9.62014,-78.3724,22.5175,13.2695,31.1681,44.2935,103.076,
142.41,5.94617,9.62014,-78.3724,22.5175,13.2695,31.1681,44.2935,103.076,
142.44,5.94617,9.62014,-78.3724,22.5175,13.2695,31.1681,44.2935,103.076,
142.47,4.67361,9.56059,-73.6923,22.8662,13.2695,31.1681,44.2935,103.076,
142.5,4.67361,9.56059,-73.6923,22.8662,13.2695,31.1681,44.2935,103.076,
142.53,4.67361,9.56059,-73.6923,22.8662,13.2695,31.1681,44.2935,103.076,
142.56,4.67361,9.56059,-73.6923,22.8662,17.9902,29.8791,29.8415,97.3791,
142.59,4.67361,9.56059,-73.6923,22.8662,17.9902,29.8791,29.8415,97.3791,
142.62,4.67361,9.56059,-73.6923,22.8662,17.9902,29.8791,29.8415,97.3791,
142.65,4.67361,9.56059,-73.6923,22.8662,17.9902,29.8791,29.8415,97.3791,
142.68,4.67361,9.56059,-73.6923,22.8662,17.9902,29.8791,29.8415,97.3791,
142.71,4.67361,9.56059,-73.6923,22.8662,17.9902,29.8791,29.8415,97.3791,
142.74,4.67361,9.56059,-73.6923,22.8662,17.9902,29.8791,29.8415,97.3791,
142.77,4.67361,9.56059,-73.6923,22.8662,17.9902,29.8791,29.8415,97.3791,
142.8,4.67361,9.56059,-73.6923,22.8662,17.9902,29.8791,29.8415,97.3791,
142.83,4.67361,9.56059,-73.6923,22.8662,17.9902,29.8791,29.8415,97.3791,
142.86,4.67361,9.56059,-73.6923,22.8662,17.9902,29.8791,29.8415,97.3791,
142.89,4.67361,9.56059,-73.6923,22.8662,17.9902,29.8791,29.8415,97.3791,
142.92,4.67361,9.56059,-73.6923,22.8662,17.9902,29.8791,29.8415,97.3791,
142.95,4.32961,9.55812,-73.0739,23.0757,17.9902,29.8791,29.8415,97.3791,
142.98,4.32961,9.55812,-73.0739,23.0757,17.9902,29.8791,29.8415,97.3791,
143.01,4.70082,9.67166,-73.8382,23.1728,17.9902,29.8791,29.8415,97.3791,
143.04,4.70082,9.67166,-73.8382,23.1728,18.836,29.407,23.052,92.1512,
143.07,4.70082,9.67166,-73.8382,23.1728,18.836,29.407,23.052,92.1512,
143.1,4.82381,9.74227,-73.0286,23.357,18.836,29.407,23.052,92.1512,
143.13,4.82381,9.74227,-73.0286,23.357,18.836,29.407,23.052,92.1512,
143.16,4.93006,9.81536,-72.8435,23.507,18.836,29.407,23.052,92.1512,
143.19,4.93006,9.81536,-72.8435,23.507,18.836,29.407,23.052,92.1512,
143.22,4.93006,9.81536,-72.8435,23.507,18.836,29.407,23.052,92.1512,
143.25,4.93006,9.81536,-72.8435,23.507,18.836,29.407,23.052,92.1512,
143.28,4.93006,9.81536,-72.8435,23.507,18.836,29.407,23.052,92.1512,
143.31,5.18361,9.88225,-74.0052,23.4986,18.836,29.407,23.052,92.1512,
143.34,5.18361,9.88225,-74.0052,23.4986,18.836,29.407,23.052,92.1512,
143.37,4.46598,9.87817,-71.8808,23.7788,18.836,29.407,23.052,92.1512,
143.4,4.46598,9.87817,-71.8808,23.7788,18.836,29.407,23.052,92.1512,
143.43,4.46598,9.87817,-71.8808,23.7788,18.836,29.407,23.052,92.1512,
143.46,3.93104,9.89086,-69.0924,24.1609,18.836,29.407,23.052,92.1512,
143.49,3.93104,9.89086,-69.0924,24.1609,18.836,29.407,23.052,92.1512,
143.52,3.93104,9.89086,-69.0924,24.1609,21.5555,29.7785,21.3587,91.4331,
143.55,3.93104,9.89086,-69.0924,24.1609,21.5555,29.7785,21.3587,91.4331,
143.58,3.93104,9.89086,-69.0924,24.1609,21.5555,29.7785,21.3587,91.4331,
143.61,3.93104,9.89086,-69.0924,24.1609,21.5555,29.7785,21.3587,91.4331,
143.64,3.93104,9.89086,-69.0924,24.1609,21.5555,29.7785,21.3587,91.4331,
143.67,3.93104,9.89086,-69.0924,24.1609,21.5555,29.7785,21.3587,91.4331,
143.7,3.93104,9.89086,-69.0924,24.1609,21.5555,29.7785,21.3587,91.4331,
143.73,3.93104,9.89086,-69.0924,24.1609,21.5555,29.7785,21.3587,91.4331,
143.76,3.93104,9.89086,-69.0924,24.1609,21.5555,29.7785,21.3587,91.4331,
143.79,3.93104,9.89086,-69.0924,24.1609,21.5555,29.7785,21.3587,91.4331,
143.82,3.93104,9.89086,-69.0924,24.1609,21.5555,29.7785,21.3587,91.4331,
143.85,3.93104,9.89086,-69.0924,24.1609,21.5555,29.7785,21.3587,91.4331,
143.88,3.93104,9.89086,-69.0924,24.1609,21.5555,29.7785,21.3587,91.4331,
143.91,3.93104,9.89086,-69.0924,24.1609,21.5555,29.7785,21.3587,91.4331,
143.94,4.09596,10.0856,-72.7576,24.1295,21.5555,29.7785,21.3587,91.4331,
143.97,4.09596,10.0856,-72.7576,24.1295,21.5555,29.7785,21.3587,91.4331,
144,4.96779,10.1909,-75.1784,23.9813,23.059,29.8364,19.7681,91.1785,
144.03,4.96779,10.1909,-75.1784,23.9813,23.059,29.8364,19.7681,91.1785,
144.06,4.96779,10.1909,-75.1784,23.9813,23.059,29.8364,19.7681,91.1785,
144.09,4.96779,10.1909,-75.1784,23.9813,23.059,29.8364,19.7681,91.1785,
144.12,4.96779,10.1909,-75.1784,23.9813,23.059,29.8364,19.7681,91.1785,
144.15,4.96779,10.1909,-75.1784,23.9813,23.5956,29.7068,19.5209,91.0854,
144.18,4.96779,10.1909,-75.1784,23.9813,23.5956,29.7068,19.5209,91.0854,
144.21,4.96779,10.1909,-75.1784,23.9813,23.5956,29.7068,19.5209,91.0854,
144.24,4.96779,10.1909,-75.1784,23.9813,23.5956,29.7068,19.5209,91.0854,
144.27,4.96779,10.1909,-75.1784,23.9813,23.5956,29.7068,19.5209,91.0854,
144.3,4.96779,10.1909,-75.1784,23.9813,24.5386,29.4469,19.8614,90.8719,
144.33,4.96779,10.1909,-75.1784,23.9813,24.5386,29.4469,19.8614,90.8719,
144.36,4.96779,10.1909,-75.1784,23.9813,24.5386,29.4469,19.8614,90.8719,
144.39,4.96779,10.1909,-75.1784,23.9813,24.5386,29.4469,19.8614,90.8719,
144.42,4.96779,10.1909,-75.1784,23.9813,24.5386,29.4469,19.8614,90.8719,
144.45,4.96779,10.1909,-75.1784,23.9813,24.5386,29.4469,19.8614,90.8719,
144.48,4.34348,10.242,-75.5394,24.1593,24.5386,29.4469,19.8614,90.8719,
144.51,4.34348,10.242,-75.5394,24.1593,24.5386,29.4469,19.8614,90.8719,
144.54,5.07744,10.3181,-79.0352,24.0216,24.5386,29.4469,19.8614,90.8719,
144.57,5.07744,10.3181,-79.0352,24.0216,24.5386,29.4469,19.8614,90.8719,
144.6,5.07744,10.3181,-79.0352,24.0216,24.5386,29.4469,19.8614,90.8719,
144.63,5.05272,10.3396,-78.7072,24.0657,24.5386,29.4469,19.8614,90.8719,
144.66,5.05272,10.3396,-78.7072,24.0657,24.5386,29.4469,19.8614,90.8719,
144.69,5.05272,10.3396,-78.7072,24.0657,24.5386,29.4469,19.8614,90.8719,
144.72,5.95483,10.4389,-81.8384,24.0109,24.5386,29.4469,19.8614,90.8719,
144.75,5.95483,10.4389,-81.8384,24.0109,24.5386,29.4469,19.8614,90.8719,
144.78,5.95483,10.4389,-81.8384,24.0109,23.6852,32.0225,18.3121,93.6547,
144.81,5.95483,10.4389,-81.8384,24.0109,23.6852,32.0225,18.3121,93.6547,
144.84,5.95483,10.4389,-81.8384,24.0109,23.6852,32.0225,18.3121,93.6547,
144.87,5.95483,10.4389,-81.8384,24.0109,23.6852,32.0225,18.3121,93.6547,
144.9,5.95483,10.4389,-81.8384,24.0109,23.6852,32.0225,18.3121,93.6547,
144.93,5.95483,10.4389,-81.8384,24.0109,23.6852,32.0225,18.3121,93.6547,
144.96,5.95483,10.4389,-81.8384,24.0109,23.6852,32.0225,18.3121,93.6547,
144.99,5.95483,10.4389,-81.8384,24.0109,23.6852,32.0225,18.3121,93.6547,
145.02,5.95483,10.4389,-81.8384,24.0109,23.6852,32.0225,18.3121,93.6547,
145.05,5.95483,10.4389,-81.8384,24.0109,23.6852,32.0225,18.3121,93.6547,
145.08,5.95483,10.4389,-81.8384,24.0109,23.6852,32.0225,18.3121,93.6547,
145.11,5.95483,10.4389,-81.8384,24.0109,23.6852,32.0225,18.3121,93.6547,
145.14,5.95483,10.4389,-81.8384,24.0109,23.6852,32.0225,18.3121,93.6547,
145.17,5.95483,10.4389,-81.8384,24.0109,23.6852,32.0225,18.3121,93.6547,
145.2,5.12239,10.0374,-79.3631,23.8278,23.6852,32.0225,18.3121,93.6547,
145.23,5.12239,10.0374,-79.3631,23.8278,23.6852,32.0225,18.3121,93.6547,
145.26,5.55178,10.016,-81.6492,23.7152,25.8277,40.3341,17.4675,97.3581,
145.29,5.55178,10.016,-81.6492,23.7152,25.8277,40.3341,17.4675,97.3581,
145.32,5.55178,10.016,-81.6492,23.7152,25.8277,40.3341,17.4675,97.3581,
145.35,4.45764,9.83887,-78.2718,23.7481,25.8277,40.3341,17.4675,97.3581,
145.38,4.45764,9.83887,-78.2718,23.7481,25.8277,40.3341,17.4675,97.3581,
145.41,4.45764,9.83887,-78.2718,23.7481,25.8277,40.3341,17.4675,97.3581,
145.44,4.45764,9.83887,-78.2718,23.7481,25.8277,40.3341,17.4675,97.3581,
145.47,4.45764,9.83887,-78.2718,23.7481,25.8277,40.3341,17.4675,97.3581,
145.5,4.45764,9.83887,-78.2718,23.7481,25.8277,40.3341,17.4675,97.3581,
145.53,4.45764,9.83887,-78.2718,23.7481,25.8277,40.3341,17.4675,97.3581,
145.56,4.45764,9.83887,-78.2718,23.7481,25.8277,40.3341,17.4675,97.3581,
145.59,4.45764,9.83887,-78.2718,23.7481,25.8277,40.3341,17.4675,97.3581,
145.62,4.45764,9.83887,-78.2718,23.7481,25.8277,40.3341,17.4675,97.3581,
145.65,4.45764,9.83887,-78.2718,23.7481,25.8277,40.3341,17.4675,97.3581,
145.68,4.45764,9.83887,-78.2718,23.7481,25.8277,40.3341,17.4675,97.3581,
145.71,4.45764,9.83887,-78.2718,23.7481,25.8277,40.3341,17.4675,97.3581,
145.74,4.45764,9.83887,-78.2718,23.7481,30.8284,50.6094,15.4493,98.4536,
145.77,4.45764,9.83887,-78.2718,23.7481,30.8284,50.6094,15.4493,98.4536,
145.8,4.45764,9.83887,-78.2718,23.7481,30.8284,50.6094,15.4493,98.4536,
145.83,5.51772,9.61822,-82.7189,23.1555,30.8284,50.6094,15.4493,98.4536,
145.86,5.51772,9.61822,-82.7189,23.1555,30.8284,50.6094,15.4493,98.4536,
145.89,5.51772,9.61822,-82.7189,23.1555,30.8284,50.6094,15.4493,98.4536,
145.92,5.51772,9.61822,-82.7189,23.1555,30.8284,50.6094,15.4493,98.4536,
145.95,5.51772,9.61822,-82.7189,23.1555,30.8284,50.6094,15.4493,98.4536,
145.98,5.51772,9.61822,-82.7189,23.1555,30.8284,50.6094,15.4493,98.4536,
146.01,5.51772,9.61822,-82.7189,23.1555,30.8284,50.6094,15.4493,98.4536,
146.04,5.51772,9.61822,-82.7189,23.1555,30.8284,50.6094,15.4493,98.4536,
146.07,5.51772,9.61822,-82.7189,23.1555,30.8284,50.6094,15.4493,98.4536,
146.1,5.51772,9.61822,-82.7189,23.1555,30.8284,50.6094,15.4493,98.4536,
146.13,5.51772,9.61822,-82.7189,23.1555,30.8284,50.6094,15.4493,98.4536,
146.16,5.51772,9.61822,-82.7189,23.1555,30.8284,50.6094,15.4493,98.4536,
146.19,5.51772,9.61822,-82.7189,23.1555,30.8284,50.6094,15.4493,98.4536,
146.22,5.51772,9.61822,-82.7189,23.1555,38.0952,58.7377,10.1003,97.1273,
146.25,5.51772,9.61822,-82.7189,23.1555,38.0952,58.7377,10.1003,97.1273,
146.28,5.51772,9.61822,-82.7189,23.1555,38.0952,58.7377,10.1003,97.1273,
146.31,4.89709,9.52978,-78.4348,23.2937,38.0952,58.7377,10.1003,97.1273,
146.34,4.89709,9.52978,-78.4348,23.2937,38.0952,58.7377,10.1003,97.1273,
146.37,4.89709,9.52978,-78.4348,23.2937,38.0952,58.7377,10.1003,97.1273,
146.4,4.89709,9.52978,-78.4348,23.2937,38.0952,58.7377,10.1003,97.1273,
146.43,4.89709,9.52978,-78.4348,23.2937,38.0952,58.7377,10.1003,97.1273,
146.46,4.89709,9.52978,-78.4348,23.2937,38.0952,58.7377,10.1003,97.1273,
146.49,4.89709,9.52978,-78.4348,23.2937,38.0952,58.7377,10.1003,97.1273,
146.52,4.89709,9.52978,-78.4348,23.2937,38.0952,58.7377,10.1003,97.1273,
146.55,4.89709,9.52978,-78.4348,23.2937,38.0952,58.7377,10.1003,97.1273,
146.58,4.89709,9.52978,-78.4348,23.2937,38.0952,58.7377,10.1003,97.1273,
146.61,4.89709,9.52978,-78.4348,23.2937,38.0952,58.7377,10.1003,97.1273,
146.64,4.89709,9.52978,-78.4348,23.2937,38.0952,58.7377,10.1003,97.1273,
146.67,4.89709,9.52978,-78.4348,23.2937,38.0952,58.7377,10.1003,97.1273,
146.7,4.89709,9.52978,-78.4348,23.2937,49.3594,67.3409,-1.40862,95.6709,
146.73,4.89709,9.52978,-78.4348,23.2937,49.3594,67.3409,-1.40862,95.6709,
146.76,4.89709,9.52978,-78.4348,23.2937,49.3594,67.3409,-1.40862,95.6709,
146.79,5.36513,9.59772,-79.1749,23.2851,49.3594,67.3409,-1.40862,95.6709,
146.82,4.00012,9.48806,-75.1097,23.4917,49.3594,67.3409,-1.40862,95.6709,
146.85,4.00012,9.48806,-75.1097,23.4917,49.3594,67.3409,-1.40862,95.6709,
146.88,4.00012,9.48806,-75.1097,23.4917,49.3594,67.3409,-1.40862,95.6709,
146.91,3.50526,9.45376,-72.5313,23.6729,49.3594,67.3409,-1.40862,95.6709,
146.94,3.50526,9.45376,-72.5313,23.6729,49.3594,67.3409,-1.40862,95.6709,
146.97,3.50526,9.45376,-72.5313,23.6729,49.3594,67.3409,-1.40862,95.6709,
147,3.50526,9.45376,-72.5313,23.6729,49.3594,67.3409,-1.40862,95.6709,
147.03,3.50526,9.45376,-72.5313,23.6729,49.3594,67.3409,-1.40862,95.6709,
147.06,3.50526,9.45376,-72.5313,23.6729,49.3594,67.3409,-1.40862,95.6709,
147.09,3.50526,9.45376,-72.5313,23.6729,49.3594,67.3409,-1.40862,95.6709,
147.12,3.50526,9.45376,-72.5313,23.6729,49.3594,67.3409,-1.40862,95.6709,
147.15,3.50526,9.45376,-72.5313,23.6729,49.3594,67.3409,-1.40862,95.6709,
147.18,3.50526,9.45376,-72.5313,23.6729,67.0879,72.7923,-13.431,92.9365,
147.21,3.50526,9.45376,-72.5313,23.6729,67.0879,72.7923,-13.431,92.9365,
147.24,3.50526,9.45376,-72.5313,23.6729,67.0879,72.7923,-13.431,92.9365,
147.27,3.50526,9.45376,-72.5313,23.6729,67.0879,72.7923,-13.431,92.9365,
147.3,3.50526,9.45376,-72.5313,23.6729,67.0879,72.7923,-13.431,92.9365,
147.33,3.50526,9.45376,-72.5313,23.6729,67.0879,72.7923,-13.431,92.9365,
147.36,3.50526,9.45376,-72.5313,23.6729,67.0879,72.7923,-13.431,92.9365,
147.39,-0.0279765,8.80455,-56.325,24.4117,67.0879,72.7923,-13.431,92.9365,
147.42,-0.0279765,8.80455,-56.325,24.4117,67.0879,72.7923,-13.431,92.9365,
147.45,-0.0279765,8.80455,-56.325,24.4117,67.0879,72.7923,-13.431,92.9365,
147.48,-0.0279765,8.80455,-56.325,24.4117,67.0879,72.7923,-13.431,92.9365,
147.51,-0.0279765,8.80455,-56.325,24.4117,67.0879,72.7923,-13.431,92.9365,
147.54,-0.0279765,8.80455,-56.325,24.4117,67.0879,72.7923,-13.431,92.9365,
147.57,-0.0279765,8.80455,-56.325,24.4117,67.0879,72.7923,-13.431,92.9365,
147.6,-0.0279765,8.80455,-56.325,24.4117,67.0879,72.7923,-13.431,92.9365,
147.63,-0.0279765,8.80455,-56.325,24.4117,67.0879,72.7923,-13.431,92.9365,
147.66,-0.0279765,8.80455,-56.325,24.4117,41.8018,65.7,29.0008,92.8061,
147.69,-0.0279765,8.80455,-56.325,24.4117,41.8018,65.7,29.0008,92.8061,
147.72,-0.0279765,8.80455,-56.325,24.4117,41.8018,65.7,29.0008,92.8061,
147.75,-0.0279765,8.80455,-56.325,24.4117,41.8018,65.7,29.0008,92.8061,
147.78,-0.0279765,8.80455,-56.325,24.4117,41.8018,65.7,29.0008,92.8061,
147.81,-0.0279765,8.80455,-56.325,24.4117,41.8018,65.7,29.0008,92.8061,
147.84,-0.0279765,8.80455,-56.325,24.4117,41.8018,65.7,29.0008,92.8061,
147.87,-6.44479,8.02686,-34.1925,30.6128,41.8018,65.7,29.0008,92.8061,
147.9,-6.44479,8.02686,-34.1925,30.6128,41.8018,65.7,29.0008,92.8061,
147.93,-6.44479,8.02686,-34.1925,30.6128,41.8018,65.7,29.0008,92.8061,
147.96,-6.44479,8.02686,-34.1925,30.6128,41.8018,65.7,29.0008,92.8061,
147.99,-6.44479,8.02686,-34.1925,30.6128,41.8018,65.7,29.0008,92.8061,
148.02,-6.44479,8.02686,-34.1925,30.6128,41.8018,65.7,29.0008,92.8061,
148.05,-6.44479,8.02686,-34.1925,30.6128,41.8018,65.7,29.0008,92.8061,
148.08,-6.44479,8.02686,-34.1925,30.6128,41.8018,65.7,29.0008,92.8061,
148.11,-6.44479,8.02686,-34.1925,30.6128,41.8018,65.7,29.0008,92.8061,
148.14,-6.44479,8.02686,-34.1925,30.6128,44.6421,60.7215,35.3671,92.3021,
148.17,-6.44479,8.02686,-34.1925,30.6128,44.6421,60.7215,35.3671,92.3021,
148.2,-6.44479,8.02686,-34.1925,30.6128,44.6421,60.7215,35.3671,92.3021,
148.23,-6.44479,8.02686,-34.1925,30.6128,44.6421,60.7215,35.3671,92.3021,
148.26,-6.44479,8.02686,-34.1925,30.6128,44.6421,60.7215,35.3671,92.3021,
148.29,-6.44479,8.02686,-34.1925,30.6128,44.6421,60.7215,35.3671,92.3021,
148.32,-6.44479,8.02686,-34.1925,30.6128,44.6421,60.7215,35.3671,92.3021,
148.35,-4.88118,8.14454,-40.0359,27.9349,44.6421,60.7215,35.3671,92.3021,
148.38,-4.88118,8.14454,-40.0359,27.9349,44.6421,60.7215,35.3671,92.3021,
148.41,-4.88118,8.14454,-40.0359,27.9349,44.6421,60.7215,35.3671,92.3021,
148.44,-4.88118,8.14454,-40.0359,27.9349,44.6421,60.7215,35.3671,92.3021,
148.47,-4.88118,8.14454,-40.0359,27.9349,44.6421,60.7215,35.3671,92.3021,
148.5,-4.88118,8.14454,-40.0359,27.9349,44.6421,60.7215,35.3671,92.3021,
148.53,-4.88118,8.14454,-40.0359,27.9349,44.6421,60.7215,35.3671,92.3021,
148.56,-4.88118,8.14454,-40.0359,27.9349,44.6421,60.7215,35.3671,92.3021,
148.59,-4.88118,8.14454,-40.0359,27.9349,44.6421,60.7215,35.3671,92.3021,
148.62,-4.88118,8.14454,-40.0359,27.9349,52.0881,66.3003,21.2724,92.7488,
148.65,-4.88118,8.14454,-40.0359,27.9349,52.0881,66.3003,21.2724,92.7488,
148.68,-4.88118,8.14454,-40.0359,27.9349,52.0881,66.3003,21.2724,92.7488,
148.71,-4.88118,8.14454,-40.0359,27.9349,52.0881,66.3003,21.2724,92.7488,
148.74,-4.88118,8.14454,-40.0359,27.9349,52.0881,66.3003,21.2724,92.7488,
148.77,-4.88118,8.14454,-40.0359,27.9349,52.0881,66.3003,21.2724,92.7488,
148.8,-4.88118,8.14454,-40.0359,27.9349,52.0881,66.3003,21.2724,92.7488,
148.83,-5.19335,7.51444,-36.5383,28.2461,52.0881,66.3003,21.2724,92.7488,
148.86,-5.19335,7.51444,-36.5383,28.2461,52.0881,66.3003,21.2724,92.7488,
148.89,-5.19335,7.51444,-36.5383,28.2461,52.0881,66.3003,21.2724,92.7488,
148.92,-5.19335,7.51444,-36.5383,28.2461,52.0881,66.3003,21.2724,92.7488,
148.95,-5.19335,7.51444,-36.5383,28.2461,52.0881,66.3003,21.2724,92.7488,
148.98,-5.19335,7.51444,-36.5383,28.2461,52.0881,66.3003,21.2724,92.7488,
149.01,-5.33458,7.31185,-35.4375,28.2316,52.0881,66.3003,21.2724,92.7488,
149.04,-5.33458,7.31185,-35.4375,28.2316,52.0881,66.3003,21.2724,92.7488,
149.07,-5.33458,7.31185,-35.4375,28.2316,52.0881,66.3003,21.2724,92.7488,
149.1,-5.33458,7.31185,-35.4375,28.2316,45.5445,61.2737,23.399,100.68,
149.13,-5.33458,7.31185,-35.4375,28.2316,45.5445,61.2737,23.399,100.68,
149.16,-5.33458,7.31185,-35.4375,28.2316,45.5445,61.2737,23.399,100.68,
149.19,-5.33458,7.31185,-35.4375,28.2316,45.5445,61.2737,23.399,100.68,
149.22,-5.33458,7.31185,-35.4375,28.2316,45.5445,61.2737,23.399,100.68,
149.25,-5.33458,7.31185,-35.4375,28.2316,45.5445,61.2737,23.399,100.68,
149.28,-5.33458,7.31185,-35.4375,28.2316,45.5445,61.2737,23.399,100.68,
149.31,-5.33458,7.31185,-35.4375,28.2316,45.5445,61.2737,23.399,100.68,
149.34,-5.33458,7.31185,-35.4375,28.2316,45.5445,61.2737,23.399,100.68,
149.37,-5.33458,7.31185,-35.4375,28.2316,45.5445,61.2737,23.399,100.68,
149.4,-5.33458,7.31185,-35.4375,28.2316,45.5445,61.2737,23.399,100.68,
149.43,-5.33458,7.31185,-35.4375,28.2316,45.5445,61.2737,23.399,100.68,
149.46,-5.33458,7.31185,-35.4375,28.2316,45.5445,61.2737,23.399,100.68,
149.49,-3.19126,7.66547,-42.4751,26.1055,45.5445,61.2737,23.399,100.68,
149.52,-3.19126,7.66547,-42.4751,26.1055,45.5445,61.2737,23.399,100.68,
149.55,-3.19126,7.66547,-42.4751,26.1055,45.5445,61.2737,23.399,100.68,
149.58,-3.19126,7.66547,-42.4751,26.1055,52.9767,69.7269,15.2706,98.7474,
149.61,-3.19126,7.66547,-42.4751,26.1055,52.9767,69.7269,15.2706,98.7474,
149.64,-3.19126,7.66547,-42.4751,26.1055,52.9767,69.7269,15.2706,98.7474,
149.67,-3.19126,7.66547,-42.4751,26.1055,52.9767,69.7269,15.2706,98.7474,
149.7,-3.19126,7.66547,-42.4751,26.1055,52.9767,69.7269,15.2706,98.7474,
149.73,-3.19126,7.66547,-42.4751,26.1055,52.9767,69.7269,15.2706,98.7474,
149.76,-3.19126,7.66547,-42.4751,26.1055,52.9767,69.7269,15.2706,98.7474,
149.79,-3.19126,7.66547,-42.4751,26.1055,52.9767,69.7269,15.2706,98.7474,
149.82,-3.19126,7.66547,-42.4751,26.1055,52.9767,69.7269,15.2706,98.7474,
149.85,-3.19126,7.66547,-42.4751,26.1055,52.9767,69.7269,15.2706,98.7474,
149.88,-3.19126,7.66547,-42.4751,26.1055,52.9767,69.7269,15.2706,98.7474,
149.91,-3.19126,7.66547,-42.4751,26.1055,52.9767,69.7269,15.2706,98.7474,
149.94,-3.19126,7.66547,-42.4751,26.1055,52.9767,69.7269,15.2706,98.7474,
149.97,-0.126669,8.31796,-54.7411,23.4688,52.9767,69.7269,15.2706,98.7474,
150,-0.126669,8.31796,-54.7411,23.4688,52.9767,69.7269,15.2706,98.7474,
150.03,-0.126669,8.31796,-54.7411,23.4688,52.9767,69.7269,15.2706,98.7474,
150.06,-0.126669,8.31796,-54.7411,23.4688,81.0833,76.5366,-17.3301,92.9847,
150.09,-0.126669,8.31796,-54.7411,23.4688,81.0833,76.5366,-17.3301,92.9847,
150.12,-0.126669,8.31796,-54.7411,23.4688,81.0833,76.5366,-17.3301,92.9847,
150.15,-0.126669,8.31796,-54.7411,23.4688,81.0833,76.5366,-17.3301,92.9847,
150.18,-0.126669,8.31796,-54.7411,23.4688,81.0833,76.5366,-17.3301,92.9847,
150.21,-0.126669,8.31796,-54.7411,23.4688,81.0833,76.5366,-17.3301,92.9847,
150.24,-0.126669,8.31796,-54.7411,23.4688,81.0833,76.5366,-17.3301,92.9847,
150.27,-0.126669,8.31796,-54.7411,23.4688,81.0833,76.5366,-17.3301,92.9847,
150.3,-0.126669,8.31796,-54.7411,23.4688,81.0833,76.5366,-17.3301,92.9847,
150.33,-0.126669,8.31796,-54.7411,23.4688,81.0833,76.5366,-17.3301,92.9847,
150.36,-0.126669,8.31796,-54.7411,23.4688,81.0833,76.5366,-17.3301,92.9847,
150.39,-0.126669,8.31796,-54.7411,23.4688,81.0833,76.5366,-17.3301,92.9847,
150.42,-0.126669,8.31796,-54.7411,23.4688,81.0833,76.5366,-17.3301,92.9847,
150.45,0.747034,8.64852,-61.4559,22.8615,81.0833,76.5366,-17.3301,92.9847,
150.48,0.747034,8.64852,-61.4559,22.8615,81.0833,76.5366,-17.3301,92.9847,
150.51,0.747034,8.64852,-61.4559,22.8615,81.0833,76.5366,-17.3301,92.9847,
150.54,0.747034,8.64852,-61.4559,22.8615,93.9326,75.1865,-32.3748,90.2279,
150.57,0.747034,8.64852,-61.4559,22.8615,93.9326,75.1865,-32.3748,90.2279,
150.6,0.747034,8.64852,-61.4559,22.8615,93.9326,75.1865,-32.3748,90.2279,
150.63,0.747034,8.64852,-61.4559,22.8615,93.9326,75.1865,-32.3748,90.2279,
150.66,0.747034,8.64852,-61.4559,22.8615,93.9326,75.1865,-32.3748,90.2279,
150.69,0.747034,8.64852,-61.4559,22.8615,93.9326,75.1865,-32.3748,90.2279,
150.72,0.747034,8.64852,-61.4559,22.8615,93.9326,75.1865,-32.3748,90.2279,
150.75,0.747034,8.64852,-61.4559,22.8615,93.9326,75.1865,-32.3748,90.2279,
150.78,0.747034,8.64852,-61.4559,22.8615,93.9326,75.1865,-32.3748,90.2279,
150.81,0.747034,8.64852,-61.4559,22.8615,93.9326,75.1865,-32.3748,90.2279,
150.84,0.747034,8.64852,-61.4559,22.8615,93.9326,75.1865,-32.3748,90.2279,
150.87,0.747034,8.64852,-61.4559,22.8615,93.9326,75.1865,-32.3748,90.2279,
150.9,0.747034,8.64852,-61.4559,22.8615,93.9326,75.1865,-32.3748,90.2279,
150.93,1.43354,8.93503,-66.5859,22.8381,93.9326,75.1865,-32.3748,90.2279,
150.96,1.43354,8.93503,-66.5859,22.8381,93.9326,75.1865,-32.3748,90.2279,
150.99,1.43354,8.93503,-66.5859,22.8381,93.9326,75.1865,-32.3748,90.2279,
151.02,1.43354,8.93503,-66.5859,22.8381,86.4373,71.9488,-32.5836,90.4833,
151.05,1.43354,8.93503,-66.5859,22.8381,86.4373,71.9488,-32.5836,90.4833,
151.08,1.43354,8.93503,-66.5859,22.8381,86.4373,71.9488,-32.5836,90.4833,
151.11,1.43354,8.93503,-66.5859,22.8381,86.4373,71.9488,-32.5836,90.4833,
151.14,1.43354,8.93503,-66.5859,22.8381,86.4373,71.9488,-32.5836,90.4833,
151.17,1.43354,8.93503,-66.5859,22.8381,86.4373,71.9488,-32.5836,90.4833,
151.2,1.43354,8.93503,-66.5859,22.8381,86.4373,71.9488,-32.5836,90.4833,
151.23,1.43354,8.93503,-66.5859,22.8381,86.4373,71.9488,-32.5836,90.4833,
151.26,1.43354,8.93503,-66.5859,22.8381,86.4373,71.9488,-32.5836,90.4833,
151.29,1.43354,8.93503,-66.5859,22.8381,86.4373,71.9488,-32.5836,90.4833,
151.32,1.43354,8.93503,-66.5859,22.8381,86.4373,71.9488,-32.5836,90.4833,
151.35,1.43354,8.93503,-66.5859,22.8381,86.4373,71.9488,-32.5836,90.4833,
151.38,1.43354,8.93503,-66.5859,22.8381,86.4373,71.9488,-32.5836,90.4833,
151.41,1.83483,9.37532,-68.1173,23.4971,86.4373,71.9488,-32.5836,90.4833,
151.44,2.22757,9.39363,-69.0311,23.4506,86.4373,71.9488,-32.5836,90.4833,
151.47,2.22757,9.39363,-69.0311,23.4506,86.4373,71.9488,-32.5836,90.4833,
151.5,2.22757,9.39363,-69.0311,23.4506,72.2777,66.1704,-26.8674,90.6017,
151.53,2.0148,9.44517,-66.8959,23.8364,72.2777,66.1704,-26.8674,90.6017,
151.56,2.0148,9.44517,-66.8959,23.8364,72.2777,66.1704,-26.8674,90.6017,
151.59,2.0148,9.44517,-66.8959,23.8364,72.2777,66.1704,-26.8674,90.6017,
151.62,2.0148,9.44517,-66.8959,23.8364,72.2777,66.1704,-26.8674,90.6017,
151.65,2.15513,9.4359,-67.8266,23.6664,72.2777,66.1704,-26.8674,90.6017,
151.68,2.40004,9.42988,-67.7892,23.5933,72.2777,66.1704,-26.8674,90.6017,
151.71,2.40004,9.42988,-67.7892,23.5933,72.2777,66.1704,-26.8674,90.6017,
151.74,2.40004,9.42988,-67.7892,23.5933,72.2777,66.1704,-26.8674,90.6017,
151.77,3.18875,9.47984,-72.632,23.1767,72.2777,66.1704,-26.8674,90.6017,
151.8,3.18875,9.47984,-72.632,23.1767,72.2777,66.1704,-26.8674,90.6017,
151.83,3.18875,9.47984,-72.632,23.1767,72.2777,66.1704,-26.8674,90.6017,
151.86,3.18875,9.47984,-72.632,23.1767,72.2777,66.1704,-26.8674,90.6017,
151.89,3.18875,9.47984,-72.632,23.1767,72.2777,66.1704,-26.8674,90.6017,
151.92,3.18875,9.47984,-72.632,23.1767,72.2777,66.1704,-26.8674,90.6017,
151.95,3.18875,9.47984,-72.632,23.1767,72.2777,66.1704,-26.8674,90.6017,
151.98,3.18875,9.47984,-72.632,23.1767,64.7451,55.2081,-27.0391,81.1285,
152.01,3.18875,9.47984,-72.632,23.1767,64.7451,55.2081,-27.0391,81.1285,
152.04,3.18875,9.47984,-72.632,23.1767,64.7451,55.2081,-27.0391,81.1285,
152.07,3.18875,9.47984,-72.632,23.1767,64.7451,55.2081,-27.0391,81.1285,
152.1,3.18875,9.47984,-72.632,23.1767,64.7451,55.2081,-27.0391,81.1285,
152.13,3.18875,9.47984,-72.632,23.1767,64.7451,55.2081,-27.0391,81.1285,
152.16,3.18875,9.47984,-72.632,23.1767,64.7451,55.2081,-27.0391,81.1285,
152.19,3.18875,9.47984,-72.632,23.1767,64.7451,55.2081,-27.0391,81.1285,
152.22,3.18875,9.47984,-72.632,23.1767,64.7451,55.2081,-27.0391,81.1285,
152.25,2.64863,9.45022,-70.71,23.6331,64.7451,55.2081,-27.0391,81.1285,
152.28,2.64863,9.45022,-70.71,23.6331,64.7451,55.2081,-27.0391,81.1285,
152.31,2.64863,9.45022,-70.71,23.6331,64.7451,55.2081,-27.0391,81.1285,
152.34,2.64863,9.45022,-70.71,23.6331,64.7451,55.2081,-27.0391,81.1285,
152.37,3.47232,9.49718,-73.7383,23.2849,64.7451,55.2081,-27.0391,81.1285,
152.4,3.47232,9.49718,-73.7383,23.2849,64.7451,55.2081,-27.0391,81.1285,
152.43,3.47232,9.49718,-73.7383,23.2849,64.7451,55.2081,-27.0391,81.1285,
152.46,3.47232,9.49718,-73.7383,23.2849,61.4986,48.8912,-35.1603,66.1334,
152.49,3.47232,9.49718,-73.7383,23.2849,61.4986,48.8912,-35.1603,66.1334,
152.52,3.41512,9.46427,-73.2954,23.2423,61.4986,48.8912,-35.1603,66.1334,
152.55,3.41512,9.46427,-73.2954,23.2423,61.4986,48.8912,-35.1603,66.1334,
152.58,3.41512,9.46427,-73.2954,23.2423,61.4986,48.8912,-35.1603,66.1334,
152.61,3.77419,9.56657,-74.6821,23.2523,61.4986,48.8912,-35.1603,66.1334,
152.64,3.77419,9.56657,-74.6821,23.2523,61.4986,48.8912,-35.1603,66.1334,
152.67,3.77419,9.56657,-74.6821,23.2523,61.4986,48.8912,-35.1603,66.1334,
152.7,3.82346,9.56047,-73.7183,23.264,61.4986,48.8912,-35.1603,66.1334,
152.73,3.82346,9.56047,-73.7183,23.264,61.4986,48.8912,-35.1603,66.1334,
152.76,3.81095,9.61572,-73.151,23.3915,61.4986,48.8912,-35.1603,66.1334,
152.79,3.81095,9.61572,-73.151,23.3915,61.4986,48.8912,-35.1603,66.1334,
152.82,3.81095,9.61572,-73.151,23.3915,61.4986,48.8912,-35.1603,66.1334,
152.85,3.44884,9.55547,-71.8398,23.4093,61.4986,48.8912,-35.1603,66.1334,
152.88,3.44884,9.55547,-71.8398,23.4093,61.4986,48.8912,-35.1603,66.1334,
152.91,3.62779,9.55271,-71.2746,23.4761,61.4986,48.8912,-35.1603,66.1334,
152.94,3.62779,9.55271,-71.2746,23.4761,51.9787,47.9181,-26.6779,49.5244,
152.97,3.44026,9.51891,-70.799,23.4617,51.9787,47.9181,-26.6779,49.5244,
153,3.44026,9.51891,-70.799,23.4617,51.9787,47.9181,-26.6779,49.5244,
153.03,3.44026,9.51891,-70.799,23.4617,51.9787,47.9181,-26.6779,49.5244,
153.06,3.58097,9.52004,-71.1239,23.367,51.9787,47.9181,-26.6779,49.5244,
153.09,3.58097,9.52004,-71.1239,23.367,51.9787,47.9181,-26.6779,49.5244,
153.12,3.47457,9.48539,-70.2411,23.385,51.9787,47.9181,-26.6779,49.5244,
153.15,3.47457,9.48539,-70.2411,23.385,51.9787,47.9181,-26.6779,49.5244,
153.18,2.57785,9.3815,-67.298,23.7539,51.9787,47.9181,-26.6779,49.5244,
153.21,2.57785,9.3815,-67.298,23.7539,51.9787,47.9181,-26.6779,49.5244,
153.24,2.57785,9.3815,-67.298,23.7539,51.9787,47.9181,-26.6779,49.5244,
153.27,2.57785,9.3815,-67.298,23.7539,51.9787,47.9181,-26.6779,49.5244,
153.3,2.57785,9.3815,-67.298,23.7539,51.9787,47.9181,-26.6779,49.5244,
153.33,2.57785,9.3815,-67.298,23.7539,51.9787,47.9181,-26.6779,49.5244,
153.36,2.57785,9.3815,-67.298,23.7539,51.9787,47.9181,-26.6779,49.5244,
153.39,2.57785,9.3815,-67.298,23.7539,51.9787,47.9181,-26.6779,49.5244,
153.42,2.57785,9.3815,-67.298,23.7539,38.4612,48.1605,-29.8308,41.3757,
153.45,2.57785,9.3815,-67.298,23.7539,38.4612,48.1605,-29.8308,41.3757,
153.48,2.57785,9.3815,-67.298,23.7539,38.4612,48.1605,-29.8308,41.3757,
153.51,2.57785,9.3815,-67.298,23.7539,38.4612,48.1605,-29.8308,41.3757,
153.54,2.57785,9.3815,-67.298,23.7539,38.4612,48.1605,-29.8308,41.3757,
153.57,2.57785,9.3815,-67.298,23.7539,38.4612,48.1605,-29.8308,41.3757,
153.6,2.57785,9.3815,-67.298,23.7539,38.4612,48.1605,-29.8308,41.3757,
153.63,2.57785,9.3815,-67.298,23.7539,38.4612,48.1605,-29.8308,41.3757,
153.66,3.97774,9.45767,-70.9638,23.3452,38.4612,48.1605,-29.8308,41.3757,
153.69,3.97774,9.45767,-70.9638,23.3452,38.4612,48.1605,-29.8308,41.3757,
153.72,3.97774,9.45767,-70.9638,23.3452,38.4612,48.1605,-29.8308,41.3757,
153.75,3.97774,9.45767,-70.9638,23.3452,38.4612,48.1605,-29.8308,41.3757,
153.78,3.97774,9.45767,-70.9638,23.3452,38.4612,48.1605,-29.8308,41.3757,
153.81,3.97774,9.45767,-70.9638,23.3452,38.4612,48.1605,-29.8308,41.3757,
153.84,3.97774,9.45767,-70.9638,23.3452,38.4612,48.1605,-29.8308,41.3757,
153.87,3.97774,9.45767,-70.9638,23.3452,38.4612,48.1605,-29.8308,41.3757,
153.9,3.97774,9.45767,-70.9638,23.3452,28.3215,46.0332,-34.5234,40.1288,
153.93,3.97774,9.45767,-70.9638,23.3452,28.3215,46.0332,-34.5234,40.1288,
153.96,3.97774,9.45767,-70.9638,23.3452,28.3215,46.0332,-34.5234,40.1288,
153.99,3.97774,9.45767,-70.9638,23.3452,28.3215,46.0332,-34.5234,40.1288,
154.02,3.97774,9.45767,-70.9638,23.3452,28.3215,46.0332,-34.5234,40.1288,
154.05,3.97774,9.45767,-70.9638,23.3452,28.3215,46.0332,-34.5234,40.1288,
154.08,3.97774,9.45767,-70.9638,23.3452,28.3215,46.0332,-34.5234,40.1288,
154.11,3.97774,9.45767,-70.9638,23.3452,28.3215,46.0332,-34.5234,40.1288,
154.14,3.30902,9.34996,-70.9662,23.3595,28.3215,46.0332,-34.5234,40.1288,
154.17,3.44407,9.35154,-70.9943,23.3761,28.3215,46.0332,-34.5234,40.1288,
154.2,3.44407,9.35154,-70.9943,23.3761,28.3215,46.0332,-34.5234,40.1288,
154.23,3.44407,9.35154,-70.9943,23.3761,28.3215,46.0332,-34.5234,40.1288,
154.26,3.64051,9.38081,-69.1069,23.6113,28.3215,46.0332,-34.5234,40.1288,
154.29,3.64051,9.38081,-69.1069,23.6113,28.3215,46.0332,-34.5234,40.1288,
154.32,3.50911,9.35956,-68.6819,23.5864,28.3215,46.0332,-34.5234,40.1288,
154.35,3.50911,9.35956,-68.6819,23.5864,28.3215,46.0332,-34.5234,40.1288,
154.38,3.50911,9.35956,-68.6819,23.5864,20.1015,41.594,-39.5141,33.7899,
154.41,3.50911,9.35956,-68.6819,23.5864,20.1015,41.594,-39.5141,33.7899,
154.44,3.50911,9.35956,-68.6819,23.5864,20.1015,41.594,-39.5141,33.7899,
154.47,3.50911,9.35956,-68.6819,23.5864,20.1015,41.594,-39.5141,33.7899,
154.5,3.46809,9.33957,-67.8134,23.7028,20.1015,41.594,-39.5141,33.7899,
154.53,3.46809,9.33957,-67.8134,23.7028,20.1015,41.594,-39.5141,33.7899,
154.56,3.46809,9.33957,-67.8134,23.7028,20.1015,41.594,-39.5141,33.7899,
154.59,3.46809,9.33957,-67.8134,23.7028,20.1015,41.594,-39.5141,33.7899,
154.62,4.0163,9.38305,-68.9211,23.636,20.1015,41.594,-39.5141,33.7899,
154.65,4.0163,9.38305,-68.9211,23.636,20.1015,41.594,-39.5141,33.7899,
154.68,4.0163,9.38305,-68.9211,23.636,20.1015,41.594,-39.5141,33.7899,
154.71,4.29186,9.38523,-69.817,23.4659,20.1015,41.594,-39.5141,33.7899,
154.74,4.29186,9.38523,-69.817,23.4659,20.1015,41.594,-39.5141,33.7899,
154.77,4.29186,9.38523,-69.817,23.4659,20.1015,41.594,-39.5141,33.7899,
154.8,4.78094,9.41856,-72.5023,23.1533,20.1015,41.594,-39.5141,33.7899,
154.83,4.78094,9.41856,-72.5023,23.1533,20.1015,41.594,-39.5141,33.7899,
154.86,4.78094,9.41856,-72.5023,23.1533,13.2297,37.2752,-43.1726,30.4851,
154.89,4.78094,9.41856,-72.5023,23.1533,13.2297,37.2752,-43.1726,30.4851,
154.92,4.78094,9.41856,-72.5023,23.1533,13.2297,37.2752,-43.1726,30.4851,
154.95,4.73892,9.41703,-73.1885,23.0552,13.2297,37.2752,-43.1726,30.4851,
154.98,4.73892,9.41703,-73.1885,23.0552,13.2297,37.2752,-43.1726,30.4851,
155.01,4.73892,9.41703,-73.1885,23.0552,13.2297,37.2752,-43.1726,30.4851,
155.04,4.73892,9.41703,-73.1885,23.0552,13.2297,37.2752,-43.1726,30.4851,
155.07,4.45716,9.37782,-70.7237,23.2984,13.2297,37.2752,-43.1726,30.4851,
155.1,4.45716,9.37782,-70.7237,23.2984,13.2297,37.2752,-43.1726,30.4851,
155.13,4.45716,9.37782,-70.7237,23.2984,13.2297,37.2752,-43.1726,30.4851,
155.16,4.14454,9.34296,-70.0674,23.4265,13.2297,37.2752,-43.1726,30.4851,
155.19,4.44885,9.4491,-70.6917,23.4589,13.2297,37.2752,-43.1726,30.4851,
155.22,4.44885,9.4491,-70.6917,23.4589,13.2297,37.2752,-43.1726,30.4851,
155.25,4.35177,9.50237,-70.8094,23.571,13.2297,37.2752,-43.1726,30.4851,
155.28,4.38745,9.56485,-70.6223,23.6556,13.2297,37.2752,-43.1726,30.4851,
155.31,4.38745,9.56485,-70.6223,23.6556,13.2297,37.2752,-43.1726,30.4851,
155.34,4.38745,9.56485,-70.6223,23.6556,9.48703,32.2298,-52.9917,23.1891,
155.37,4.38745,9.56485,-70.6223,23.6556,9.48703,32.2298,-52.9917,23.1891,
155.4,4.38745,9.56485,-70.6223,23.6556,9.48703,32.2298,-52.9917,23.1891,
155.43,4.92462,9.67443,-74.4444,23.4305,9.48703,32.2298,-52.9917,23.1891,
155.46,4.92462,9.67443,-74.4444,23.4305,9.48703,32.2298,-52.9917,23.1891,
155.49,4.92462,9.67443,-74.4444,23.4305,9.48703,32.2298,-52.9917,23.1891,
155.52,4.92462,9.67443,-74.4444,23.4305,9.48703,32.2298,-52.9917,23.1891,
155.55,4.92462,9.67443,-74.4444,23.4305,9.48703,32.2298,-52.9917,23.1891,
155.58,4.34149,9.68393,-71.7727,23.7332,9.48703,32.2298,-52.9917,23.1891,
155.61,4.34149,9.68393,-71.7727,23.7332,9.48703,32.2298,-52.9917,23.1891,
155.64,4.34149,9.68393,-71.7727,23.7332,9.48703,32.2298,-52.9917,23.1891,
155.67,4.34149,9.68393,-71.7727,23.7332,9.48703,32.2298,-52.9917,23.1891,
155.7,4.34149,9.68393,-71.7727,23.7332,9.48703,32.2298,-52.9917,23.1891,
155.73,3.30849,9.56464,-67.3136,24.1052,9.48703,32.2298,-52.9917,23.1891,
155.76,3.30849,9.56464,-67.3136,24.1052,9.48703,32.2298,-52.9917,23.1891,
155.79,3.30849,9.56464,-67.3136,24.1052,9.48703,32.2298,-52.9917,23.1891,
155.82,3.30849,9.56464,-67.3136,24.1052,8.45675,30.3367,-58.4153,21.2342,
155.85,3.30849,9.56464,-67.3136,24.1052,8.45675,30.3367,-58.4153,21.2342,
155.88,3.30849,9.56464,-67.3136,24.1052,8.45675,30.3367,-58.4153,21.2342,
155.91,3.30849,9.56464,-67.3136,24.1052,8.45675,30.3367,-58.4153,21.2342,
155.94,3.30849,9.56464,-67.3136,24.1052,8.45675,30.3367,-58.4153,21.2342,
155.97,3.30849,9.56464,-67.3136,24.1052,8.45675,30.3367,-58.4153,21.2342,
156,3.30849,9.56464,-67.3136,24.1052,8.45675,30.3367,-58.4153,21.2342,
156.03,3.30849,9.56464,-67.3136,24.1052,8.45675,30.3367,-58.4153,21.2342,
156.06,3.30849,9.56464,-67.3136,24.1052,8.45675,30.3367,-58.4153,21.2342,
156.09,3.30849,9.56464,-67.3136,24.1052,8.45675,30.3367,-58.4153,21.2342,
156.12,3.30849,9.56464,-67.3136,24.1052,8.45675,30.3367,-58.4153,21.2342,
156.15,3.30849,9.56464,-67.3136,24.1052,8.45675,30.3367,-58.4153,21.2342,
156.18,3.30849,9.56464,-67.3136,24.1052,8.45675,30.3367,-58.4153,21.2342,
156.21,2.35925,9.3528,-63.6797,24.2631,8.45675,30.3367,-58.4153,21.2342,
156.24,2.35925,9.3528,-63.6797,24.2631,8.45675,30.3367,-58.4153,21.2342,
156.27,2.35925,9.3528,-63.6797,24.2631,8.45675,30.3367,-58.4153,21.2342,
156.3,1.97724,9.30193,-62.2444,24.4326,4.14647,26.5662,-64.4437,20.7705,
156.33,1.97724,9.30193,-62.2444,24.4326,4.14647,26.5662,-64.4437,20.7705,
156.36,1.97724,9.30193,-62.2444,24.4326,4.14647,26.5662,-64.4437,20.7705,
156.39,1.97724,9.30193,-62.2444,24.4326,4.14647,26.5662,-64.4437,20.7705,
156.42,1.97724,9.30193,-62.2444,24.4326,4.14647,26.5662,-64.4437,20.7705,
156.45,1.97724,9.30193,-62.2444,24.4326,4.14647,26.5662,-64.4437,20.7705,
156.48,1.97724,9.30193,-62.2444,24.4326,4.14647,26.5662,-64.4437,20.7705,
156.51,1.97724,9.30193,-62.2444,24.4326,4.14647,26.5662,-64.4437,20.7705,
156.54,1.97724,9.30193,-62.2444,24.4326,4.14647,26.5662,-64.4437,20.7705,
156.57,1.97724,9.30193,-62.2444,24.4326,4.14647,26.5662,-64.4437,20.7705,
156.6,1.97724,9.30193,-62.2444,24.4326,4.14647,26.5662,-64.4437,20.7705,
156.63,1.97724,9.30193,-62.2444,24.4326,4.14647,26.5662,-64.4437,20.7705,
156.66,1.97724,9.30193,-62.2444,24.4326,4.14647,26.5662,-64.4437,20.7705,
156.69,1.97724,9.30193,-62.2444,24.4326,4.14647,26.5662,-64.4437,20.7705,
156.72,1.97724,9.30193,-62.2444,24.4326,4.14647,26.5662,-64.4437,20.7705,
156.75,1.97724,9.30193,-62.2444,24.4326,4.14647,26.5662,-64.4437,20.7705,
156.78,2.44417,9.50115,-60.6444,24.7285,1.99596,23.1391,-71.1596,20.2096,
156.81,2.44417,9.50115,-60.6444,24.7285,1.99596,23.1391,-71.1596,20.2096,
156.84,2.44417,9.50115,-60.6444,24.7285,1.99596,23.1391,-71.1596,20.2096,
156.87,1.88222,9.49378,-60.3312,24.9231,1.99596,23.1391,-71.1596,20.2096,
156.9,1.88222,9.49378,-60.3312,24.9231,1.99596,23.1391,-71.1596,20.2096,
156.93,2.43582,9.57768,-61.1844,24.838,1.99596,23.1391,-71.1596,20.2096,
156.96,2.43582,9.57768,-61.1844,24.838,1.99596,23.1391,-71.1596,20.2096,
156.99,2.43582,9.57768,-61.1844,24.838,1.99596,23.1391,-71.1596,20.2096,
157.02,2.43582,9.57768,-61.1844,24.838,1.99596,23.1391,-71.1596,20.2096,
157.05,2.08722,9.48676,-60.3651,24.7704,1.99596,23.1391,-71.1596,20.2096,
157.08,2.08722,9.48676,-60.3651,24.7704,1.99596,23.1391,-71.1596,20.2096,
157.11,2.08722,9.48676,-60.3651,24.7704,1.99596,23.1391,-71.1596,20.2096,
157.14,2.08722,9.48676,-60.3651,24.7704,1.99596,23.1391,-71.1596,20.2096,
157.17,2.08722,9.48676,-60.3651,24.7704,1.99596,23.1391,-71.1596,20.2096,
157.2,1.79188,9.42602,-59.28,24.9199,1.99596,23.1391,-71.1596,20.2096,
157.23,1.79188,9.42602,-59.28,24.9199,1.99596,23.1391,-71.1596,20.2096,
157.26,2.70052,9.47642,-61.338,24.4521,-0.611658,21.3813,-72.3246,20.1636,
157.29,2.70052,9.47642,-61.338,24.4521,-0.611658,21.3813,-72.3246,20.1636,
157.32,2.70052,9.47642,-61.338,24.4521,-0.611658,21.3813,-72.3246,20.1636,
157.35,2.05814,9.40024,-59.2364,24.8015,-0.611658,21.3813,-72.3246,20.1636,
157.38,2.05814,9.40024,-59.2364,24.8015,-0.611658,21.3813,-72.3246,20.1636,
157.41,2.20824,9.37972,-58.486,24.8746,-0.611658,21.3813,-72.3246,20.1636,
157.44,2.20824,9.37972,-58.486,24.8746,-0.611658,21.3813,-72.3246,20.1636,
157.47,2.20824,9.37972,-58.486,24.8746,-0.611658,21.3813,-72.3246,20.1636,
157.5,2.20824,9.37972,-58.486,24.8746,-0.611658,21.3813,-72.3246,20.1636,
157.53,1.78608,9.3111,-56.8102,25.16,-0.611658,21.3813,-72.3246,20.1636,
157.56,1.78608,9.3111,-56.8102,25.16,-0.611658,21.3813,-72.3246,20.1636,
157.59,1.78608,9.3111,-56.8102,25.16,-0.611658,21.3813,-72.3246,20.1636,
157.62,1.78608,9.3111,-56.8102,25.16,-0.611658,21.3813,-72.3246,20.1636,
157.65,1.78608,9.3111,-56.8102,25.16,-0.611658,21.3813,-72.3246,20.1636,
157.68,1.78608,9.3111,-56.8102,25.16,-0.611658,21.3813,-72.3246,20.1636,
157.71,1.78608,9.3111,-56.8102,25.16,-0.611658,21.3813,-72.3246,20.1636,
157.74,1.78608,9.3111,-56.8102,25.16,-0.545722,20.1924,-75.2743,19.8643,
157.77,1.78608,9.3111,-56.8102,25.16,0.0279765,19.7517,-77.9056,19.307,
157.8,1.78608,9.3111,-56.8102,25.16,0.0279765,19.7517,-77.9056,19.307,
157.83,1.78608,9.3111,-56.8102,25.16,0.0279765,19.7517,-77.9056,19.307,
157.86,1.78608,9.3111,-56.8102,25.16,0.0279765,19.7517,-77.9056,19.307,
157.89,1.78608,9.3111,-56.8102,25.16,0.0279765,19.7517,-77.9056,19.307,
157.92,1.78608,9.3111,-56.8102,25.16,0.0279765,19.7517,-77.9056,19.307,
157.95,1.78608,9.3111,-56.8102,25.16,0.0279765,19.7517,-77.9056,19.307,
157.98,1.78608,9.3111,-56.8102,25.16,0.0279765,19.7517,-77.9056,19.307,
158.01,1.73619,9.36234,-57.4161,25.1838,0.0279765,19.7517,-77.9056,19.307,
158.04,1.73619,9.36234,-57.4161,25.1838,0.0279765,19.7517,-77.9056,19.307,
158.07,1.68864,9.34338,-56.551,25.3101,0.0279765,19.7517,-77.9056,19.307,
158.1,1.68864,9.34338,-56.551,25.3101,0.0279765,19.7517,-77.9056,19.307,
158.13,1.68864,9.34338,-56.551,25.3101,0.0279765,19.7517,-77.9056,19.307,
158.16,1.68864,9.34338,-56.551,25.3101,0.0279765,19.7517,-77.9056,19.307,
158.19,1.68864,9.34338,-56.551,25.3101,0.0279765,19.7517,-77.9056,19.307,
158.22,2.09116,9.36458,-59.9251,24.5908,0.0279765,19.7517,-77.9056,19.307,
158.25,2.09116,9.36458,-59.9251,24.5908,0.637965,18.7905,-84.2587,18.2582,
158.28,2.09116,9.36458,-59.9251,24.5908,0.637965,18.7905,-84.2587,18.2582,
158.31,2.09116,9.36458,-59.9251,24.5908,0.637965,18.7905,-84.2587,18.2582,
158.34,2.0489,9.34517,-60.7622,24.423,0.637965,18.7905,-84.2587,18.2582,
158.37,2.0489,9.34517,-60.7622,24.423,0.637965,18.7905,-84.2587,18.2582,
158.4,2.70863,9.38272,-63.3681,23.9735,0.637965,18.7905,-84.2587,18.2582,
158.43,2.70863,9.38272,-63.3681,23.9735,0.637965,18.7905,-84.2587,18.2582,
158.46,2.70863,9.38272,-63.3681,23.9735,0.637965,18.7905,-84.2587,18.2582,
158.49,2.70863,9.38272,-63.3681,23.9735,0.637965,18.7905,-84.2587,18.2582,
158.52,2.70863,9.38272,-63.3681,23.9735,0.637965,18.7905,-84.2587,18.2582,
158.55,2.70863,9.38272,-63.3681,23.9735,0.637965,18.7905,-84.2587,18.2582,
158.58,2.70863,9.38272,-63.3681,23.9735,0.637965,18.7905,-84.2587,18.2582,
158.61,2.70863,9.38272,-63.3681,23.9735,0.637965,18.7905,-84.2587,18.2582,
158.64,2.70863,9.38272,-63.3681,23.9735,0.637965,18.7905,-84.2587,18.2582,
158.67,2.70863,9.38272,-63.3681,23.9735,0.637965,18.7905,-84.2587,18.2582,
158.7,2.70863,9.38272,-63.3681,23.9735,0.637965,18.7905,-84.2587,18.2582,
158.73,2.70863,9.38272,-63.3681,23.9735,0.0862292,18.287,-83.6795,18.0244,
158.76,2.70863,9.38272,-63.3681,23.9735,0.0862292,18.287,-83.6795,18.0244,
158.79,2.70863,9.38272,-63.3681,23.9735,0.0862292,18.287,-83.6795,18.0244,
158.82,2.70863,9.38272,-63.3681,23.9735,-0.297394,18.2572,-84.2447,17.8219,
158.85,2.70863,9.38272,-63.3681,23.9735,-0.297394,18.2572,-84.2447,17.8219,
158.88,4.411,9.55162,-70.6991,23.1473,-0.394657,18.1924,-84.3413,17.6164,
158.91,4.411,9.55162,-70.6991,23.1473,-0.394657,18.1924,-84.3413,17.6164,
158.94,4.411,9.55162,-70.6991,23.1473,-0.394657,18.1924,-84.3413,17.6164,
158.97,4.411,9.55162,-70.6991,23.1473,-0.730881,18.2337,-82.8578,17.728,
159,4.411,9.55162,-70.6991,23.1473,-0.730881,18.2337,-82.8578,17.728,
159.03,4.411,9.55162,-70.6991,23.1473,0.566828,17.9024,-92.1551,16.8597,
159.06,4.411,9.55162,-70.6991,23.1473,0.566828,17.9024,-92.1551,16.8597,
159.09,4.411,9.55162,-70.6991,23.1473,0.566828,17.9024,-92.1551,16.8597,
159.12,4.411,9.55162,-70.6991,23.1473,0.566828,17.9024,-92.1551,16.8597,
159.15,4.411,9.55162,-70.6991,23.1473,0.566828,17.9024,-92.1551,16.8597,
159.18,4.411,9.55162,-70.6991,23.1473,0.566828,17.9024,-92.1551,16.8597,
159.21,4.411,9.55162,-70.6991,23.1473,0.566828,17.9024,-92.1551,16.8597,
159.24,4.411,9.55162,-70.6991,23.1473,0.566828,17.9024,-92.1551,16.8597,
159.27,4.411,9.55162,-70.6991,23.1473,0.566828,17.9024,-92.1551,16.8597,
159.3,4.411,9.55162,-70.6991,23.1473,0.566828,17.9024,-92.1551,16.8597,
159.33,4.411,9.55162,-70.6991,23.1473,0.566828,17.9024,-92.1551,16.8597,
159.36,4.22716,9.65602,-69.2858,23.4138,0.566828,17.9024,-92.1551,16.8597,
159.39,4.22716,9.65602,-69.2858,23.4138,0.566828,17.9024,-92.1551,16.8597,
159.42,4.15322,9.59854,-70.2088,23.1689,0.566828,17.9024,-92.1551,16.8597,
159.45,4.15322,9.59854,-70.2088,23.1689,0.566828,17.9024,-92.1551,16.8597,
159.48,4.15322,9.59854,-70.2088,23.1689,0.566828,17.9024,-92.1551,16.8597,
159.51,4.15322,9.59854,-70.2088,23.1689,0.563712,17.8027,-93.5934,16.6801,
159.54,4.08615,9.64031,-69.3599,23.3117,0.634273,17.7759,-92.7872,16.8331,
159.57,4.08615,9.64031,-69.3599,23.3117,0.634273,17.7759,-92.7872,16.8331,
159.6,4.08615,9.64031,-69.3599,23.3117,0.634273,17.7759,-92.7872,16.8331,
159.63,4.08615,9.64031,-69.3599,23.3117,0.634273,17.7759,-92.7872,16.8331,
159.66,4.08615,9.64031,-69.3599,23.3117,0.634273,17.7759,-92.7872,16.8331,
159.69,4.58223,9.72421,-71.7764,23.145,0.574031,17.7827,-91.6439,16.981,
159.72,4.58223,9.72421,-71.7764,23.145,0.574031,17.7827,-91.6439,16.981,
159.75,4.58223,9.72421,-71.7764,23.145,0.574031,17.7827,-91.6439,16.981,
159.78,4.58223,9.72421,-71.7764,23.145,0.574031,17.7827,-91.6439,16.981,
159.81,4.42275,9.84277,-70.0278,23.5399,0.518888,17.789,-94.6091,16.7771,
159.84,4.74714,10.0885,-69.2925,24.0055,0.964895,17.5993,-100.037,16.4852,
159.87,4.74714,10.0885,-69.2925,24.0055,0.964895,17.5993,-100.037,16.4852,
159.9,4.74714,10.0885,-69.2925,24.0055,0.964895,17.5993,-100.037,16.4852,
159.93,4.74714,10.0885,-69.2925,24.0055,0.964895,17.5993,-100.037,16.4852,
159.96,5.44802,10.5492,-68.5301,24.7475,0.964895,17.5993,-100.037,16.4852,
159.99,5.44802,10.5492,-68.5301,24.7475,0.964895,17.5993,-100.037,16.4852,
160.02,5.44802,10.5492,-68.5301,24.7475,0.964895,17.5993,-100.037,16.4852,
160.05,5.44802,10.5492,-68.5301,24.7475,0.964895,17.5993,-100.037,16.4852,
160.08,5.44802,10.5492,-68.5301,24.7475,0.964895,17.5993,-100.037,16.4852,
160.11,5.44802,10.5492,-68.5301,24.7475,0.964895,17.5993,-100.037,16.4852,
160.14,5.44802,10.5492,-68.5301,24.7475,0.964895,17.5993,-100.037,16.4852,
160.17,5.44802,10.5492,-68.5301,24.7475,0.964895,17.5993,-100.037,16.4852,
160.2,5.44802,10.5492,-68.5301,24.7475,0.964895,17.5993,-100.037,16.4852,
160.23,5.44802,10.5492,-68.5301,24.7475,0.964895,17.5993,-100.037,16.4852,
160.26,5.44802,10.5492,-68.5301,24.7475,0.964895,17.5993,-100.037,16.4852,
160.29,5.44802,10.5492,-68.5301,24.7475,0.964895,17.5993,-100.037,16.4852,
160.32,5.44802,10.5492,-68.5301,24.7475,-0.0906541,17.8267,-91.6078,17.1962,
160.35,5.44802,10.5492,-68.5301,24.7475,-0.0906541,17.8267,-91.6078,17.1962,
160.38,5.44802,10.5492,-68.5301,24.7475,-0.0906541,17.8267,-91.6078,17.1962,
160.41,5.44802,10.5492,-68.5301,24.7475,-0.0906541,17.8267,-91.6078,17.1962,
160.44,7.52851,13.2843,-56.2528,33.4014,-0.0906541,17.8267,-91.6078,17.1962,
160.47,7.52851,13.2843,-56.2528,33.4014,-0.0906541,17.8267,-91.6078,17.1962,
160.5,7.52851,13.2843,-56.2528,33.4014,-0.0906541,17.8267,-91.6078,17.1962,
160.53,7.52851,13.2843,-56.2528,33.4014,-0.0906541,17.8267,-91.6078,17.1962,
160.56,7.52851,13.2843,-56.2528,33.4014,-0.0906541,17.8267,-91.6078,17.1962,
160.59,7.52851,13.2843,-56.2528,33.4014,-0.0906541,17.8267,-91.6078,17.1962,
160.62,7.52851,13.2843,-56.2528,33.4014,-0.0906541,17.8267,-91.6078,17.1962,
160.65,7.52851,13.2843,-56.2528,33.4014,-0.0906541,17.8267,-91.6078,17.1962,
160.68,7.52851,13.2843,-56.2528,33.4014,-0.0906541,17.8267,-91.6078,17.1962,
160.71,7.52851,13.2843,-56.2528,33.4014,-0.0906541,17.8267,-91.6078,17.1962,
160.74,7.52851,13.2843,-56.2528,33.4014,-0.0906541,17.8267,-91.6078,17.1962,
160.77,7.52851,13.2843,-56.2528,33.4014,-0.0906541,17.8267,-91.6078,17.1962,
160.8,7.52851,13.2843,-56.2528,33.4014,-0.421044,17.9256,-91.6751,17.3463,
160.83,7.52851,13.2843,-56.2528,33.4014,-0.421044,17.9256,-91.6751,17.3463,
160.86,7.52851,13.2843,-56.2528,33.4014,-0.132704,17.8754,-93.391,17.2913,
160.89,7.52851,13.2843,-56.2528,33.4014,-0.132704,17.8754,-93.391,17.2913,
160.92,9.06274,15.4957,-48.5525,41.9146,-0.132704,17.8754,-93.391,17.2913,
160.95,9.06274,15.4957,-48.5525,41.9146,0.125115,17.8296,-95.1621,17.2386,
160.98,9.06274,15.4957,-48.5525,41.9146,0.480513,17.7205,-98.0767,17.1207,
161.01,9.06274,15.4957,-48.5525,41.9146,0.480513,17.7205,-98.0767,17.1207,
161.04,9.06274,15.4957,-48.5525,41.9146,0.480513,17.7205,-98.0767,17.1207,
161.07,9.06274,15.4957,-48.5525,41.9146,0.480513,17.7205,-98.0767,17.1207,
161.1,9.06274,15.4957,-48.5525,41.9146,0.480513,17.7205,-98.0767,17.1207,
161.13,9.06274,15.4957,-48.5525,41.9146,0.480513,17.7205,-98.0767,17.1207,
161.16,9.06274,15.4957,-48.5525,41.9146,0.480513,17.7205,-98.0767,17.1207,
161.19,9.06274,15.4957,-48.5525,41.9146,0.480513,17.7205,-98.0767,17.1207,
161.22,9.06274,15.4957,-48.5525,41.9146,0.480513,17.7205,-98.0767,17.1207,
161.25,9.06274,15.4957,-48.5525,41.9146,0.480513,17.7205,-98.0767,17.1207,
161.28,9.06274,15.4957,-48.5525,41.9146,0.480513,17.7205,-98.0767,17.1207,
161.31,9.06274,15.4957,-48.5525,41.9146,0.480513,17.7205,-98.0767,17.1207,
161.34,9.06274,15.4957,-48.5525,41.9146,0.480513,17.7205,-98.0767,17.1207,
161.37,9.06274,15.4957,-48.5525,41.9146,0.480513,17.7205,-98.0767,17.1207,
161.4,11.9221,17.7753,-41.5964,51.4276,0.480513,17.7205,-98.0767,17.1207,
161.43,11.9221,17.7753,-41.5964,51.4276,0.480513,17.7205,-98.0767,17.1207,
161.46,11.9221,17.7753,-41.5964,51.4276,-0.390671,17.9242,-93.0931,17.4172,
161.49,11.9221,17.7753,-41.5964,51.4276,-0.390671,17.9242,-93.0931,17.4172,
161.52,11.9221,17.7753,-41.5964,51.4276,-0.390671,17.9242,-93.0931,17.4172,
161.55,11.9221,17.7753,-41.5964,51.4276,-0.390671,17.9242,-93.0931,17.4172,
161.58,11.9221,17.7753,-41.5964,51.4276,-0.390671,17.9242,-93.0931,17.4172,
161.61,11.9221,17.7753,-41.5964,51.4276,-0.390671,17.9242,-93.0931,17.4172,
161.64,11.9221,17.7753,-41.5964,51.4276,-0.390671,17.9242,-93.0931,17.4172,
161.67,11.9221,17.7753,-41.5964,51.4276,-0.390671,17.9242,-93.0931,17.4172,
161.7,11.9221,17.7753,-41.5964,51.4276,-0.390671,17.9242,-93.0931,17.4172,
161.73,11.9221,17.7753,-41.5964,51.4276,-0.390671,17.9242,-93.0931,17.4172,
161.76,11.9221,17.7753,-41.5964,51.4276,-0.390671,17.9242,-93.0931,17.4172,
161.79,11.9221,17.7753,-41.5964,51.4276,-0.390671,17.9242,-93.0931,17.4172,
161.82,11.9221,17.7753,-41.5964,51.4276,-0.390671,17.9242,-93.0931,17.4172,
161.85,11.9221,17.7753,-41.5964,51.4276,-0.390671,17.9242,-93.0931,17.4172,
161.88,18.6388,19.3563,-38.5627,61.964,-0.390671,17.9242,-93.0931,17.4172,
161.91,18.6388,19.3563,-38.5627,61.964,-0.390671,17.9242,-93.0931,17.4172,
161.94,18.6388,19.3563,-38.5627,61.964,0.471469,17.7544,-99.4627,17.2214,
161.97,18.6388,19.3563,-38.5627,61.964,0.471469,17.7544,-99.4627,17.2214,
162,18.6388,19.3563,-38.5627,61.964,0.471469,17.7544,-99.4627,17.2214,
162.03,18.6388,19.3563,-38.5627,61.964,0.471469,17.7544,-99.4627,17.2214,
162.06,18.6388,19.3563,-38.5627,61.964,0.471469,17.7544,-99.4627,17.2214,
162.09,18.6388,19.3563,-38.5627,61.964,0.471469,17.7544,-99.4627,17.2214,
162.12,18.6388,19.3563,-38.5627,61.964,0.471469,17.7544,-99.4627,17.2214,
162.15,18.6388,19.3563,-38.5627,61.964,0.471469,17.7544,-99.4627,17.2214,
162.18,18.6388,19.3563,-38.5627,61.964,0.471469,17.7544,-99.4627,17.2214,
162.21,18.6388,19.3563,-38.5627,61.964,0.471469,17.7544,-99.4627,17.2214,
162.24,18.6388,19.3563,-38.5627,61.964,0.471469,17.7544,-99.4627,17.2214,
162.27,18.6388,19.3563,-38.5627,61.964,0.471469,17.7544,-99.4627,17.2214,
162.3,18.6388,19.3563,-38.5627,61.964,0.471469,17.7544,-99.4627,17.2214,
162.33,18.6388,19.3563,-38.5627,61.964,0.471469,17.7544,-99.4627,17.2214,
162.36,24.2454,19.3209,-39.6642,69.6288,0.471469,17.7544,-99.4627,17.2214,
162.39,24.2454,19.3209,-39.6642,69.6288,0.471469,17.7544,-99.4627,17.2214,
162.42,24.2454,19.3209,-39.6642,69.6288,0.243893,18.0482,-97.1726,17.5685,
162.45,24.2454,19.3209,-39.6642,69.6288,0.589503,18.0285,-100.419,17.5435,
162.48,24.2454,19.3209,-39.6642,69.6288,1.27103,17.9154,-105.29,17.5244,
162.51,24.2454,19.3209,-39.6642,69.6288,1.27103,17.9154,-105.29,17.5244,
162.54,24.2454,19.3209,-39.6642,69.6288,1.27103,17.9154,-105.29,17.5244,
162.57,24.2454,19.3209,-39.6642,69.6288,1.27103,17.9154,-105.29,17.5244,
162.6,24.2454,19.3209,-39.6642,69.6288,1.27103,17.9154,-105.29,17.5244,
162.63,24.2454,19.3209,-39.6642,69.6288,1.27103,17.9154,-105.29,17.5244,
162.66,24.2454,19.3209,-39.6642,69.6288,1.27103,17.9154,-105.29,17.5244,
162.69,24.2454,19.3209,-39.6642,69.6288,1.27103,17.9154,-105.29,17.5244,
162.72,24.2454,19.3209,-39.6642,69.6288,1.27103,17.9154,-105.29,17.5244,
162.75,24.2454,19.3209,-39.6642,69.6288,1.27103,17.9154,-105.29,17.5244,
162.78,24.2454,19.3209,-39.6642,69.6288,1.27103,17.9154,-105.29,17.5244,
162.81,24.2454,19.3209,-39.6642,69.6288,1.27103,17.9154,-105.29,17.5244,
162.84,28.4481,19.0089,-38.2112,84.1665,1.27103,17.9154,-105.29,17.5244,
162.87,28.4481,19.0089,-38.2112,84.1665,1.27103,17.9154,-105.29,17.5244,
162.9,28.4481,19.0089,-38.2112,84.1665,1.27103,17.9154,-105.29,17.5244,
162.93,28.4481,19.0089,-38.2112,84.1665,1.27103,17.9154,-105.29,17.5244,
162.96,28.4481,19.0089,-38.2112,84.1665,1.63099,17.8101,-109.76,17.5733,
162.99,28.4481,19.0089,-38.2112,84.1665,1.63099,17.8101,-109.76,17.5733,
163.02,28.4481,19.0089,-38.2112,84.1665,0.861392,17.9544,-104.933,17.4771,
163.05,28.4481,19.0089,-38.2112,84.1665,1.15114,17.8983,-107.272,17.5019,
163.08,28.4481,19.0089,-38.2112,84.1665,1.15114,17.8983,-107.272,17.5019,
163.11,28.4481,19.0089,-38.2112,84.1665,1.15114,17.8983,-107.272,17.5019,
163.14,28.4481,19.0089,-38.2112,84.1665,1.53161,17.743,-108.186,17.4707,
163.17,28.4481,19.0089,-38.2112,84.1665,1.75558,17.67,-110.745,17.5022,
163.2,28.4481,19.0089,-38.2112,84.1665,1.75558,17.67,-110.745,17.5022,
163.23,28.4481,19.0089,-38.2112,84.1665,1.75558,17.67,-110.745,17.5022,
163.26,28.4481,19.0089,-38.2112,84.1665,1.75558,17.67,-110.745,17.5022,
163.29,28.4481,19.0089,-38.2112,84.1665,1.75558,17.67,-110.745,17.5022,
163.32,28.5114,18.5831,-33.8602,106.812,1.75558,17.67,-110.745,17.5022,
163.35,28.5114,18.5831,-33.8602,106.812,1.75558,17.67,-110.745,17.5022,
163.38,28.5114,18.5831,-33.8602,106.812,1.75558,17.67,-110.745,17.5022,
163.41,28.5114,18.5831,-33.8602,106.812,1.75558,17.67,-110.745,17.5022,
163.44,28.5114,18.5831,-33.8602,106.812,1.75558,17.67,-110.745,17.5022,
163.47,28.5114,18.5831,-33.8602,106.812,1.75558,17.67,-110.745,17.5022,
163.5,28.5114,18.5831,-33.8602,106.812,1.75558,17.67,-110.745,17.5022,
163.53,28.5114,18.5831,-33.8602,106.812,1.75558,17.67,-110.745,17.5022,
163.56,28.5114,18.5831,-33.8602,106.812,1.75558,17.67,-110.745,17.5022,
163.59,28.5114,18.5831,-33.8602,106.812,1.75558,17.67,-110.745,17.5022,
163.62,28.5114,18.5831,-33.8602,106.812,1.75558,17.67,-110.745,17.5022,
163.65,28.5114,18.5831,-33.8602,106.812,2.68073,17.2906,-114.265,17.5912,
163.68,28.5114,18.5831,-33.8602,106.812,2.68073,17.2906,-114.265,17.5912,
163.71,28.5114,18.5831,-33.8602,106.812,2.68073,17.2906,-114.265,17.5912,
163.74,28.5114,18.5831,-33.8602,106.812,0.643158,17.6957,-100.171,17.3507,
163.77,28.5114,18.5831,-33.8602,106.812,0.643158,17.6957,-100.171,17.3507,
163.8,17.3841,19.0302,-27.4793,128.013,0.643158,17.6957,-100.171,17.3507,
163.83,17.3841,19.0302,-27.4793,128.013,0.643158,17.6957,-100.171,17.3507,
163.86,17.3841,19.0302,-27.4793,128.013,0.643158,17.6957,-100.171,17.3507,
163.89,17.3841,19.0302,-27.4793,128.013,0.643158,17.6957,-100.171,17.3507,
163.92,17.3841,19.0302,-27.4793,128.013,0.643158,17.6957,-100.171,17.3507,
163.95,17.3841,19.0302,-27.4793,128.013,0.643158,17.6957,-100.171,17.3507,
163.98,17.3841,19.0302,-27.4793,128.013,0.643158,17.6957,-100.171,17.3507,
164.01,17.3841,19.0302,-27.4793,128.013,0.643158,17.6957,-100.171,17.3507,
164.04,17.3841,19.0302,-27.4793,128.013,0.643158,17.6957,-100.171,17.3507,
164.07,17.3841,19.0302,-27.4793,128.013,0.643158,17.6957,-100.171,17.3507,
164.1,17.3841,19.0302,-27.4793,128.013,0.643158,17.6957,-100.171,17.3507,
164.13,17.3841,19.0302,-27.4793,128.013,0.643158,17.6957,-100.171,17.3507,
164.16,17.3841,19.0302,-27.4793,128.013,0.643158,17.6957,-100.171,17.3507,
164.19,17.3841,19.0302,-27.4793,128.013,0.643158,17.6957,-100.171,17.3507,
164.22,17.3841,19.0302,-27.4793,128.013,1.27226,17.9604,-94.1206,17.5421,
164.25,17.3841,19.0302,-27.4793,128.013,1.27226,17.9604,-94.1206,17.5421,
164.28,8.30149,18.8929,-24.9459,145.125,1.27226,17.9604,-94.1206,17.5421,
164.31,8.30149,18.8929,-24.9459,145.125,1.27226,17.9604,-94.1206,17.5421,
164.34,8.30149,18.8929,-24.9459,145.125,1.27226,17.9604,-94.1206,17.5421,
164.37,8.30149,18.8929,-24.9459,145.125,1.27226,17.9604,-94.1206,17.5421,
164.4,8.30149,18.8929,-24.9459,145.125,1.27226,17.9604,-94.1206,17.5421,
164.43,8.30149,18.8929,-24.9459,145.125,1.27226,17.9604,-94.1206,17.5421,
164.46,8.30149,18.8929,-24.9459,145.125,1.27226,17.9604,-94.1206,17.5421,
164.49,8.30149,18.8929,-24.9459,145.125,1.27226,17.9604,-94.1206,17.5421,
164.52,8.30149,18.8929,-24.9459,145.125,1.27226,17.9604,-94.1206,17.5421,
164.55,8.30149,18.8929,-24.9459,145.125,1.27226,17.9604,-94.1206,17.5421,
164.58,8.30149,18.8929,-24.9459,145.125,1.27226,17.9604,-94.1206,17.5421,
164.61,8.30149,18.8929,-24.9459,145.125,1.27226,17.9604,-94.1206,17.5421,
164.64,8.30149,18.8929,-24.9459,145.125,1.27226,17.9604,-94.1206,17.5421,
164.67,8.30149,18.8929,-24.9459,145.125,1.27226,17.9604,-94.1206,17.5421,
164.7,8.30149,18.8929,-24.9459,145.125,2.86662,17.2544,-93.534,15.4017,
164.73,8.30149,18.8929,-24.9459,145.125,2.86662,17.2544,-93.534,15.4017,
164.76,8.42926,16.6985,-15.2439,132.117,2.86662,17.2544,-93.534,15.4017,
164.79,8.42926,16.6985,-15.2439,132.117,2.86662,17.2544,-93.534,15.4017,
164.82,8.42926,16.6985,-15.2439,132.117,2.86662,17.2544,-93.534,15.4017,
164.85,8.42926,16.6985,-15.2439,132.117,2.86662,17.2544,-93.534,15.4017,
164.88,8.42926,16.6985,-15.2439,132.117,2.86662,17.2544,-93.534,15.4017,
164.91,8.42926,16.6985,-15.2439,132.117,2.86662,17.2544,-93.534,15.4017,
164.94,8.42926,16.6985,-15.2439,132.117,2.86662,17.2544,-93.534,15.4017,
164.97,8.42926,16.6985,-15.2439,132.117,2.86662,17.2544,-93.534,15.4017,
165,8.42926,16.6985,-15.2439,132.117,2.86662,17.2544,-93.534,15.4017,
165.03,8.42926,16.6985,-15.2439,132.117,2.86662,17.2544,-93.534,15.4017,
165.06,8.42926,16.6985,-15.2439,132.117,2.86662,17.2544,-93.534,15.4017,
165.09,8.42926,16.6985,-15.2439,132.117,2.86662,17.2544,-93.534,15.4017,
165.12,8.42926,16.6985,-15.2439,132.117,2.86662,17.2544,-93.534,15.4017,
165.15,8.42926,16.6985,-15.2439,132.117,2.86662,17.2544,-93.534,15.4017,
165.18,8.42926,16.6985,-15.2439,132.117,3.0587,20.4753,-32.4076,26.2447,
165.21,8.42926,16.6985,-15.2439,132.117,3.0587,20.4753,-32.4076,26.2447,
165.24,3.66773,16.5324,-12.5016,143.437,3.0587,20.4753,-32.4076,26.2447,
165.27,3.66773,16.5324,-12.5016,143.437,3.0587,20.4753,-32.4076,26.2447,
165.3,3.66773,16.5324,-12.5016,143.437,3.0587,20.4753,-32.4076,26.2447,
165.33,3.66773,16.5324,-12.5016,143.437,3.0587,20.4753,-32.4076,26.2447,
165.36,3.66773,16.5324,-12.5016,143.437,3.0587,20.4753,-32.4076,26.2447,
165.39,3.66773,16.5324,-12.5016,143.437,3.0587,20.4753,-32.4076,26.2447,
165.42,3.66773,16.5324,-12.5016,143.437,3.0587,20.4753,-32.4076,26.2447,
165.45,3.66773,16.5324,-12.5016,143.437,3.0587,20.4753,-32.4076,26.2447,
165.48,3.66773,16.5324,-12.5016,143.437,3.0587,20.4753,-32.4076,26.2447,
165.51,3.66773,16.5324,-12.5016,143.437,3.0587,20.4753,-32.4076,26.2447,
165.54,3.66773,16.5324,-12.5016,143.437,3.0587,20.4753,-32.4076,26.2447,
165.57,3.66773,16.5324,-12.5016,143.437,3.0587,20.4753,-32.4076,26.2447,
165.6,3.66773,16.5324,-12.5016,143.437,3.0587,20.4753,-32.4076,26.2447,
165.63,3.66773,16.5324,-12.5016,143.437,3.0587,20.4753,-32.4076,26.2447,
165.66,3.66773,16.5324,-12.5016,143.437,7.7718,19.7191,-24.355,30.9876,
165.69,3.66773,16.5324,-12.5016,143.437,7.7718,19.7191,-24.355,30.9876,
165.72,-0.515862,16.4544,-10.2462,149.884,7.7718,19.7191,-24.355,30.9876,
165.75,-0.515862,16.4544,-10.2462,149.884,7.7718,19.7191,-24.355,30.9876,
165.78,-0.515862,16.4544,-10.2462,149.884,7.7718,19.7191,-24.355,30.9876,
165.81,-0.515862,16.4544,-10.2462,149.884,7.7718,19.7191,-24.355,30.9876,
165.84,-0.515862,16.4544,-10.2462,149.884,7.7718,19.7191,-24.355,30.9876,
165.87,-0.515862,16.4544,-10.2462,149.884,7.7718,19.7191,-24.355,30.9876,
165.9,-0.515862,16.4544,-10.2462,149.884,7.7718,19.7191,-24.355,30.9876,
165.93,-0.515862,16.4544,-10.2462,149.884,7.7718,19.7191,-24.355,30.9876,
165.96,-0.515862,16.4544,-10.2462,149.884,7.7718,19.7191,-24.355,30.9876,
165.99,-0.515862,16.4544,-10.2462,149.884,7.7718,19.7191,-24.355,30.9876,
166.02,-0.515862,16.4544,-10.2462,149.884,7.7718,19.7191,-24.355,30.9876,
166.05,-0.515862,16.4544,-10.2462,149.884,7.7718,19.7191,-24.355,30.9876,
166.08,-0.515862,16.4544,-10.2462,149.884,7.7718,19.7191,-24.355,30.9876,
166.11,-0.515862,16.4544,-10.2462,149.884,7.7718,19.7191,-24.355,30.9876,
166.14,-0.515862,16.4544,-10.2462,149.884,17.2582,21.3765,-6.72301,56.9144,
166.17,-0.515862,16.4544,-10.2462,149.884,17.2582,21.3765,-6.72301,56.9144,
166.2,-5.43502,16.5357,-15.947,160.078,17.2582,21.3765,-6.72301,56.9144,
166.23,-5.43502,16.5357,-15.947,160.078,17.2582,21.3765,-6.72301,56.9144,
166.26,-5.43502,16.5357,-15.947,160.078,17.2582,21.3765,-6.72301,56.9144,
166.29,-5.43502,16.5357,-15.947,160.078,17.2582,21.3765,-6.72301,56.9144,
166.32,-5.43502,16.5357,-15.947,160.078,17.2582,21.3765,-6.72301,56.9144,
166.35,-5.43502,16.5357,-15.947,160.078,17.2582,21.3765,-6.72301,56.9144,
166.38,-5.43502,16.5357,-15.947,160.078,17.2582,21.3765,-6.72301,56.9144,
166.41,-5.43502,16.5357,-15.947,160.078,17.2582,21.3765,-6.72301,56.9144,
166.44,-5.43502,16.5357,-15.947,160.078,17.2582,21.3765,-6.72301,56.9144,
166.47,-5.43502,16.5357,-15.947,160.078,17.2582,21.3765,-6.72301,56.9144,
166.5,-5.43502,16.5357,-15.947,160.078,17.2582,21.3765,-6.72301,56.9144,
166.53,-5.43502,16.5357,-15.947,160.078,17.2582,21.3765,-6.72301,56.9144,
166.56,-5.43502,16.5357,-15.947,160.078,17.2582,21.3765,-6.72301,56.9144,
166.59,-5.43502,16.5357,-15.947,160.078,17.2582,21.3765,-6.72301,56.9144,
166.62,-5.43502,16.5357,-15.947,160.078,18.6957,23.5768,-0.810359,79.9231,
166.65,-5.43502,16.5357,-15.947,160.078,18.6957,23.5768,-0.810359,79.9231,
166.68,-6.48431,16.5782,-21.095,163.87,18.6957,23.5768,-0.810359,79.9231,
166.71,-6.48431,16.5782,-21.095,163.87,18.6957,23.5768,-0.810359,79.9231,
166.74,-6.48431,16.5782,-21.095,163.87,18.6957,23.5768,-0.810359,79.9231,
166.77,-6.48431,16.5782,-21.095,163.87,18.6957,23.5768,-0.810359,79.9231,
166.8,-6.48431,16.5782,-21.095,163.87,18.6957,23.5768,-0.810359,79.9231,
166.83,-6.48431,16.5782,-21.095,163.87,18.6957,23.5768,-0.810359,79.9231,
166.86,-6.48431,16.5782,-21.095,163.87,18.6957,23.5768,-0.810359,79.9231,
166.89,-6.48431,16.5782,-21.095,163.87,18.6957,23.5768,-0.810359,79.9231,
166.92,-6.48431,16.5782,-21.095,163.87,18.6957,23.5768,-0.810359,79.9231,
166.95,-6.48431,16.5782,-21.095,163.87,18.6957,23.5768,-0.810359,79.9231,
166.98,-6.48431,16.5782,-21.095,163.87,18.6957,23.5768,-0.810359,79.9231,
167.01,-6.48431,16.5782,-21.095,163.87,18.6957,23.5768,-0.810359,79.9231,
167.04,-6.48431,16.5782,-21.095,163.87,18.6957,23.5768,-0.810359,79.9231,
167.07,-6.48431,16.5782,-21.095,163.87,18.6957,23.5768,-0.810359,79.9231,
167.1,-6.48431,16.5782,-21.095,163.87,21.5061,24.5638,1.82145,90.3331,
167.13,-6.48431,16.5782,-21.095,163.87,21.5061,24.5638,1.82145,90.3331,
167.16,-7.90378,16.7504,-28.1302,167.483,21.5061,24.5638,1.82145,90.3331,
167.19,-7.90378,16.7504,-28.1302,167.483,21.5061,24.5638,1.82145,90.3331,
167.22,-7.90378,16.7504,-28.1302,167.483,21.5061,24.5638,1.82145,90.3331,
167.25,-7.90378,16.7504,-28.1302,167.483,21.5061,24.5638,1.82145,90.3331,
167.28,-7.90378,16.7504,-28.1302,167.483,21.5061,24.5638,1.82145,90.3331,
167.31,-7.90378,16.7504,-28.1302,167.483,21.5061,24.5638,1.82145,90.3331,
167.34,-7.90378,16.7504,-28.1302,167.483,21.5061,24.5638,1.82145,90.3331,
167.37,-7.90378,16.7504,-28.1302,167.483,21.5061,24.5638,1.82145,90.3331,
167.4,-7.90378,16.7504,-28.1302,167.483,21.5061,24.5638,1.82145,90.3331,
167.43,-7.90378,16.7504,-28.1302,167.483,21.5061,24.5638,1.82145,90.3331,
167.46,-7.90378,16.7504,-28.1302,167.483,21.5061,24.5638,1.82145,90.3331,
167.49,-7.90378,16.7504,-28.1302,167.483,21.5061,24.5638,1.82145,90.3331,
167.52,-7.90378,16.7504,-28.1302,167.483,21.5061,24.5638,1.82145,90.3331,
167.55,-7.90378,16.7504,-28.1302,167.483,21.5061,24.5638,1.82145,90.3331,
167.58,-7.90378,16.7504,-28.1302,167.483,23.3624,26.0842,2.23555,98.0625,
167.61,-7.90378,16.7504,-28.1302,167.483,23.3624,26.0842,2.23555,98.0625,
167.64,-6.83148,17.3614,-30.001,169.365,23.3624,26.0842,2.23555,98.0625,
167.67,-6.83148,17.3614,-30.001,169.365,23.3624,26.0842,2.23555,98.0625,
167.7,-6.83148,17.3614,-30.001,169.365,23.3624,26.0842,2.23555,98.0625,
167.73,-6.83148,17.3614,-30.001,169.365,23.3624,26.0842,2.23555,98.0625,
167.76,-6.83148,17.3614,-30.001,169.365,23.3624,26.0842,2.23555,98.0625,
167.79,-6.83148,17.3614,-30.001,169.365,23.3624,26.0842,2.23555,98.0625,
167.82,-6.83148,17.3614,-30.001,169.365,23.3624,26.0842,2.23555,98.0625,
167.85,-6.83148,17.3614,-30.001,169.365,23.3624,26.0842,2.23555,98.0625,
167.88,-6.83148,17.3614,-30.001,169.365,23.3624,26.0842,2.23555,98.0625,
167.91,-6.83148,17.3614,-30.001,169.365,23.3624,26.0842,2.23555,98.0625,
167.94,-6.83148,17.3614,-30.001,169.365,23.3624,26.0842,2.23555,98.0625,
167.97,-6.83148,17.3614,-30.001,169.365,23.3624,26.0842,2.23555,98.0625,
168,-6.83148,17.3614,-30.001,169.365,23.3624,26.0842,2.23555,98.0625,
168.03,-6.83148,17.3614,-30.001,169.365,23.3624,26.0842,2.23555,98.0625,
168.06,-6.83148,17.3614,-30.001,169.365,28.4396,27.8527,-0.102792,104.204,
168.09,-6.83148,17.3614,-30.001,169.365,28.4396,27.8527,-0.102792,104.204,
168.12,3.35876,19.3836,-24.601,164.988,28.4396,27.8527,-0.102792,104.204,
168.15,3.35876,19.3836,-24.601,164.988,28.4396,27.8527,-0.102792,104.204,
168.18,3.35876,19.3836,-24.601,164.988,28.4396,27.8527,-0.102792,104.204,
168.21,3.35876,19.3836,-24.601,164.988,28.4396,27.8527,-0.102792,104.204,
168.24,3.35876,19.3836,-24.601,164.988,28.4396,27.8527,-0.102792,104.204,
168.27,3.35876,19.3836,-24.601,164.988,28.4396,27.8527,-0.102792,104.204,
168.3,3.35876,19.3836,-24.601,164.988,28.4396,27.8527,-0.102792,104.204,
168.33,3.35876,19.3836,-24.601,164.988,28.4396,27.8527,-0.102792,104.204,
168.36,3.35876,19.3836,-24.601,164.988,28.4396,27.8527,-0.102792,104.204,
168.39,3.35876,19.3836,-24.601,164.988,28.4396,27.8527,-0.102792,104.204,
168.42,3.35876,19.3836,-24.601,164.988,28.4396,27.8527,-0.102792,104.204,
168.45,3.35876,19.3836,-24.601,164.988,28.4396,27.8527,-0.102792,104.204,
168.48,3.35876,19.3836,-24.601,164.988,28.4396,27.8527,-0.102792,104.204,
168.51,3.35876,19.3836,-24.601,164.988,28.4396,27.8527,-0.102792,104.204,
168.54,3.35876,19.3836,-24.601,164.988,32.4642,29.9485,-4.17265,110.269,
168.57,3.35876,19.3836,-24.601,164.988,32.4642,29.9485,-4.17265,110.269,
168.6,11.6887,21.0909,-20.9555,160.054,32.4642,29.9485,-4.17265,110.269,
168.63,11.6887,21.0909,-20.9555,160.054,32.4642,29.9485,-4.17265,110.269,
168.66,11.6887,21.0909,-20.9555,160.054,32.4642,29.9485,-4.17265,110.269,
168.69,11.6887,21.0909,-20.9555,160.054,32.4642,29.9485,-4.17265,110.269,
168.72,11.6887,21.0909,-20.9555,160.054,32.4642,29.9485,-4.17265,110.269,
168.75,11.6887,21.0909,-20.9555,160.054,32.4642,29.9485,-4.17265,110.269,
168.78,11.6887,21.0909,-20.9555,160.054,32.4642,29.9485,-4.17265,110.269,
168.81,11.6887,21.0909,-20.9555,160.054,32.4642,29.9485,-4.17265,110.269,
168.84,11.6887,21.0909,-20.9555,160.054,32.4642,29.9485,-4.17265,110.269,
168.87,11.6887,21.0909,-20.9555,160.054,32.4642,29.9485,-4.17265,110.269,
168.9,11.6887,21.0909,-20.9555,160.054,32.4642,29.9485,-4.17265,110.269,
168.93,11.6887,21.0909,-20.9555,160.054,32.4642,29.9485,-4.17265,110.269,
168.96,11.6887,21.0909,-20.9555,160.054,32.4642,29.9485,-4.17265,110.269,
168.99,11.6887,21.0909,-20.9555,160.054,32.4642,29.9485,-4.17265,110.269,
169.02,11.6887,21.0909,-20.9555,160.054,34.7606,30.5534,-6.49972,114.237,
169.05,11.6887,21.0909,-20.9555,160.054,34.7606,30.5534,-6.49972,114.237,
169.08,16.1993,21.5132,-20.8727,157.182,34.7606,30.5534,-6.49972,114.237,
169.11,16.1993,21.5132,-20.8727,157.182,34.7606,30.5534,-6.49972,114.237,
169.14,16.1993,21.5132,-20.8727,157.182,34.7606,30.5534,-6.49972,114.237,
169.17,16.1993,21.5132,-20.8727,157.182,34.7606,30.5534,-6.49972,114.237,
169.2,16.1993,21.5132,-20.8727,157.182,34.7606,30.5534,-6.49972,114.237,
169.23,16.1993,21.5132,-20.8727,157.182,34.7606,30.5534,-6.49972,114.237,
169.26,16.1993,21.5132,-20.8727,157.182,34.7606,30.5534,-6.49972,114.237,
169.29,16.1993,21.5132,-20.8727,157.182,34.7606,30.5534,-6.49972,114.237,
169.32,16.1993,21.5132,-20.8727,157.182,34.7606,30.5534,-6.49972,114.237,
169.35,16.1993,21.5132,-20.8727,157.182,34.7606,30.5534,-6.49972,114.237,
169.38,16.1993,21.5132,-20.8727,157.182,34.7606,30.5534,-6.49972,114.237,
169.41,16.1993,21.5132,-20.8727,157.182,34.7606,30.5534,-6.49972,114.237,
169.44,16.1993,21.5132,-20.8727,157.182,34.7606,30.5534,-6.49972,114.237,
169.47,16.1993,21.5132,-20.8727,157.182,34.7606,30.5534,-6.49972,114.237,
169.5,16.1993,21.5132,-20.8727,157.182,38.6537,29.6374,-7.93857,117.292,
169.53,16.1993,21.5132,-20.8727,157.182,38.6537,29.6374,-7.93857,117.292,
169.56,23.9627,21.4786,-22.3904,152.685,38.6537,29.6374,-7.93857,117.292,
169.59,23.9627,21.4786,-22.3904,152.685,38.6537,29.6374,-7.93857,117.292,
169.62,23.9627,21.4786,-22.3904,152.685,38.6537,29.6374,-7.93857,117.292,
169.65,23.9627,21.4786,-22.3904,152.685,38.6537,29.6374,-7.93857,117.292,
169.68,23.9627,21.4786,-22.3904,152.685,38.6537,29.6374,-7.93857,117.292,
169.71,23.9627,21.4786,-22.3904,152.685,38.6537,29.6374,-7.93857,117.292,
169.74,23.9627,21.4786,-22.3904,152.685,38.6537,29.6374,-7.93857,117.292,
169.77,23.9627,21.4786,-22.3904,152.685,38.6537,29.6374,-7.93857,117.292,
169.8,23.9627,21.4786,-22.3904,152.685,38.6537,29.6374,-7.93857,117.292,
169.83,23.9627,21.4786,-22.3904,152.685,38.6537,29.6374,-7.93857,117.292,
169.86,23.9627,21.4786,-22.3904,152.685,38.6537,29.6374,-7.93857,117.292,
169.89,23.9627,21.4786,-22.3904,152.685,38.6537,29.6374,-7.93857,117.292,
169.92,23.9627,21.4786,-22.3904,152.685,38.6537,29.6374,-7.93857,117.292,
169.95,23.9627,21.4786,-22.3904,152.685,38.6537,29.6374,-7.93857,117.292,
169.98,23.9627,21.4786,-22.3904,152.685,33.7718,33.8728,-1.10163,129.396,
170.01,23.9627,21.4786,-22.3904,152.685,33.7718,33.8728,-1.10163,129.396,
170.04,29.4704,21.2109,-24.2354,148.593,33.7718,33.8728,-1.10163,129.396,
170.07,29.4704,21.2109,-24.2354,148.593,33.7718,33.8728,-1.10163,129.396,
170.1,29.4704,21.2109,-24.2354,148.593,33.7718,33.8728,-1.10163,129.396,
170.13,29.4704,21.2109,-24.2354,148.593,33.7718,33.8728,-1.10163,129.396,
170.16,29.4704,21.2109,-24.2354,148.593,33.7718,33.8728,-1.10163,129.396,
170.19,29.4704,21.2109,-24.2354,148.593,33.7718,33.8728,-1.10163,129.396,
170.22,29.4704,21.2109,-24.2354,148.593,33.7718,33.8728,-1.10163,129.396,
170.25,29.4704,21.2109,-24.2354,148.593,33.7718,33.8728,-1.10163,129.396,
170.28,29.4704,21.2109,-24.2354,148.593,33.7718,33.8728,-1.10163,129.396,
170.31,29.4704,21.2109,-24.2354,148.593,33.7718,33.8728,-1.10163,129.396,
170.34,29.4704,21.2109,-24.2354,148.593,33.7718,33.8728,-1.10163,129.396,
170.37,29.4704,21.2109,-24.2354,148.593,33.7718,33.8728,-1.10163,129.396,
170.4,29.4704,21.2109,-24.2354,148.593,33.7718,33.8728,-1.10163,129.396,
170.43,29.4704,21.2109,-24.2354,148.593,33.7718,33.8728,-1.10163,129.396,
170.46,29.4704,21.2109,-24.2354,148.593,24.6234,38.6871,11.6772,141.794,
170.49,29.4704,21.2109,-24.2354,148.593,24.6234,38.6871,11.6772,141.794,
170.52,32.9371,20.868,-26.4948,146.735,24.6234,38.6871,11.6772,141.794,
170.55,32.9371,20.868,-26.4948,146.735,24.6234,38.6871,11.6772,141.794,
170.58,32.9371,20.868,-26.4948,146.735,24.6234,38.6871,11.6772,141.794,
170.61,32.9371,20.868,-26.4948,146.735,24.6234,38.6871,11.6772,141.794,
170.64,32.9371,20.868,-26.4948,146.735,24.6234,38.6871,11.6772,141.794,
170.67,32.9371,20.868,-26.4948,146.735,24.6234,38.6871,11.6772,141.794,
170.7,32.9371,20.868,-26.4948,146.735,24.6234,38.6871,11.6772,141.794,
170.73,32.9371,20.868,-26.4948,146.735,24.6234,38.6871,11.6772,141.794,
170.76,32.9371,20.868,-26.4948,146.735,24.6234,38.6871,11.6772,141.794,
170.79,32.9371,20.868,-26.4948,146.735,24.6234,38.6871,11.6772,141.794,
170.82,32.9371,20.868,-26.4948,146.735,24.6234,38.6871,11.6772,141.794,
170.85,32.9371,20.868,-26.4948,146.735,24.6234,38.6871,11.6772,141.794,
170.88,32.9371,20.868,-26.4948,146.735,24.6234,38.6871,11.6772,141.794,
170.91,32.9371,20.868,-26.4948,146.735,24.6234,38.6871,11.6772,141.794,
170.94,32.9371,20.868,-26.4948,146.735,17.6906,40.9211,27.5308,149.714,
170.97,32.9371,20.868,-26.4948,146.735,17.6906,40.9211,27.5308,149.714,
171,32.2507,20.4029,-24.4738,145.646,17.6906,40.9211,27.5308,149.714,
171.03,32.2507,20.4029,-24.4738,145.646,17.6906,40.9211,27.5308,149.714,
171.06,32.9412,20.2134,-24.8124,145.702,17.6906,40.9211,27.5308,149.714,
171.09,32.9412,20.2134,-24.8124,145.702,17.6906,40.9211,27.5308,149.714,
171.12,32.9412,20.2134,-24.8124,145.702,17.6906,40.9211,27.5308,149.714,
171.15,32.9412,20.2134,-24.8124,145.702,17.6906,40.9211,27.5308,149.714,
171.18,32.9412,20.2134,-24.8124,145.702,17.6906,40.9211,27.5308,149.714,
171.21,33.0767,20.2723,-24.9301,145.933,17.6906,40.9211,27.5308,149.714,
171.24,33.0767,20.2723,-24.9301,145.933,17.6906,40.9211,27.5308,149.714,
171.27,33.0767,20.2723,-24.9301,145.933,17.6906,40.9211,27.5308,149.714,
171.3,33.0767,20.2723,-24.9301,145.933,17.6906,40.9211,27.5308,149.714,
171.33,33.0767,20.2723,-24.9301,145.933,17.6906,40.9211,27.5308,149.714,
171.36,33.0767,20.2723,-24.9301,145.933,17.6906,40.9211,27.5308,149.714,
171.39,34.2037,20.1299,-25.1525,145.139,17.6906,40.9211,27.5308,149.714,
171.42,34.2037,20.1299,-25.1525,145.139,19.9806,40.5985,25.2862,149.46,
171.45,34.2037,20.1299,-25.1525,145.139,19.9806,40.5985,25.2862,149.46,
171.48,34.2037,20.1299,-25.1525,145.139,19.9806,40.5985,25.2862,149.46,
171.51,33.1489,20.2545,-25.045,145.879,19.9806,40.5985,25.2862,149.46,
171.54,33.1489,20.2545,-25.045,145.879,19.9806,40.5985,25.2862,149.46,
171.57,33.1489,20.2545,-25.045,145.879,19.9806,40.5985,25.2862,149.46,
171.6,33.1489,20.2545,-25.045,145.879,19.9806,40.5985,25.2862,149.46,
171.63,31.8067,20.3891,-24.5864,146.417,19.9806,40.5985,25.2862,149.46,
171.66,29.8095,20.7483,-23.9262,147.498,19.9806,40.5985,25.2862,149.46,
171.69,29.8095,20.7483,-23.9262,147.498,19.9806,40.5985,25.2862,149.46,
171.72,29.8095,20.7483,-23.9262,147.498,19.9806,40.5985,25.2862,149.46,
171.75,29.8095,20.7483,-23.9262,147.498,19.9806,40.5985,25.2862,149.46,
171.78,29.8095,20.7483,-23.9262,147.498,19.9806,40.5985,25.2862,149.46,
171.81,29.8095,20.7483,-23.9262,147.498,19.9806,40.5985,25.2862,149.46,
171.84,29.8095,20.7483,-23.9262,147.498,19.9806,40.5985,25.2862,149.46,
171.87,29.8095,20.7483,-23.9262,147.498,19.9806,40.5985,25.2862,149.46,
171.9,29.8095,20.7483,-23.9262,147.498,26.8374,37.8914,9.92666,139.757,
171.93,29.8095,20.7483,-23.9262,147.498,26.8374,37.8914,9.92666,139.757,
171.96,29.8095,20.7483,-23.9262,147.498,26.8374,37.8914,9.92666,139.757,
171.99,29.8095,20.7483,-23.9262,147.498,26.8374,37.8914,9.92666,139.757,
172.02,29.8095,20.7483,-23.9262,147.498,26.8374,37.8914,9.92666,139.757,
172.05,29.8095,20.7483,-23.9262,147.498,26.8374,37.8914,9.92666,139.757,
172.08,29.8095,20.7483,-23.9262,147.498,26.8374,37.8914,9.92666,139.757,
172.11,29.8095,20.7483,-23.9262,147.498,26.8374,37.8914,9.92666,139.757,
172.14,20.3046,21.8103,-21.378,153.497,26.8374,37.8914,9.92666,139.757,
172.17,20.3046,21.8103,-21.378,153.497,26.8374,37.8914,9.92666,139.757,
172.2,20.3046,21.8103,-21.378,153.497,26.8374,37.8914,9.92666,139.757,
172.23,20.3046,21.8103,-21.378,153.497,26.8374,37.8914,9.92666,139.757,
172.26,20.3046,21.8103,-21.378,153.497,26.8374,37.8914,9.92666,139.757,
172.29,20.3046,21.8103,-21.378,153.497,26.8374,37.8914,9.92666,139.757,
172.32,20.3046,21.8103,-21.378,153.497,26.8374,37.8914,9.92666,139.757,
172.35,20.3046,21.8103,-21.378,153.497,26.8374,37.8914,9.92666,139.757,
172.38,20.3046,21.8103,-21.378,153.497,29.2357,36.4702,7.85783,131.439,
172.41,20.3046,21.8103,-21.378,153.497,29.2357,36.4702,7.85783,131.439,
172.44,20.3046,21.8103,-21.378,153.497,29.2357,36.4702,7.85783,131.439,
172.47,20.3046,21.8103,-21.378,153.497,29.2357,36.4702,7.85783,131.439,
172.5,20.3046,21.8103,-21.378,153.497,29.2357,36.4702,7.85783,131.439,
172.53,20.3046,21.8103,-21.378,153.497,29.2357,36.4702,7.85783,131.439,
172.56,20.3046,21.8103,-21.378,153.497,29.2357,36.4702,7.85783,131.439,
172.59,20.3046,21.8103,-21.378,153.497,29.2357,36.4702,7.85783,131.439,
172.62,3.08007,23.3446,-10.1122,165.819,29.2357,36.4702,7.85783,131.439,
172.65,3.08007,23.3446,-10.1122,165.819,29.2357,36.4702,7.85783,131.439,
172.68,3.08007,23.3446,-10.1122,165.819,29.2357,36.4702,7.85783,131.439,
172.71,3.08007,23.3446,-10.1122,165.819,29.2357,36.4702,7.85783,131.439,
172.74,3.08007,23.3446,-10.1122,165.819,29.2357,36.4702,7.85783,131.439,
172.77,3.08007,23.3446,-10.1122,165.819,29.2357,36.4702,7.85783,131.439,
172.8,3.08007,23.3446,-10.1122,165.819,29.2357,36.4702,7.85783,131.439,
172.83,3.08007,23.3446,-10.1122,165.819,29.2357,36.4702,7.85783,131.439,
172.86,3.08007,23.3446,-10.1122,165.819,23.8107,36.9525,13.9276,121.266,
172.89,3.08007,23.3446,-10.1122,165.819,23.8107,36.9525,13.9276,121.266,
172.92,3.08007,23.3446,-10.1122,165.819,23.8107,36.9525,13.9276,121.266,
172.95,3.08007,23.3446,-10.1122,165.819,23.8107,36.9525,13.9276,121.266,
172.98,3.08007,23.3446,-10.1122,165.819,23.8107,36.9525,13.9276,121.266,
173.01,3.08007,23.3446,-10.1122,165.819,23.8107,36.9525,13.9276,121.266,
173.04,3.08007,23.3446,-10.1122,165.819,23.8107,36.9525,13.9276,121.266,
173.07,3.08007,23.3446,-10.1122,165.819,23.8107,36.9525,13.9276,121.266,
173.1,-4.82994,23.8171,13.5512,169.379,23.8107,36.9525,13.9276,121.266,
173.13,-4.82994,23.8171,13.5512,169.379,23.8107,36.9525,13.9276,121.266,
173.16,-4.82994,23.8171,13.5512,169.379,23.8107,36.9525,13.9276,121.266,
173.19,-4.82994,23.8171,13.5512,169.379,23.8107,36.9525,13.9276,121.266,
173.22,-4.82994,23.8171,13.5512,169.379,23.8107,36.9525,13.9276,121.266,
173.25,-4.82994,23.8171,13.5512,169.379,23.8107,36.9525,13.9276,121.266,
173.28,-4.82994,23.8171,13.5512,169.379,23.8107,36.9525,13.9276,121.266,
173.31,-4.82994,23.8171,13.5512,169.379,23.8107,36.9525,13.9276,121.266,
173.34,-4.82994,23.8171,13.5512,169.379,19.725,35.1726,17.7383,114.814,
173.37,-4.82994,23.8171,13.5512,169.379,19.725,35.1726,17.7383,114.814,
173.4,-4.82994,23.8171,13.5512,169.379,19.725,35.1726,17.7383,114.814,
173.43,-4.82994,23.8171,13.5512,169.379,19.725,35.1726,17.7383,114.814,
173.46,-4.82994,23.8171,13.5512,169.379,19.725,35.1726,17.7383,114.814,
173.49,-4.82994,23.8171,13.5512,169.379,19.725,35.1726,17.7383,114.814,
173.52,-4.82994,23.8171,13.5512,169.379,19.725,35.1726,17.7383,114.814,
173.55,-4.82994,23.8171,13.5512,169.379,19.725,35.1726,17.7383,114.814,
173.58,-14.6932,23.3623,46.6748,170.48,19.725,35.1726,17.7383,114.814,
173.61,-14.6932,23.3623,46.6748,170.48,19.725,35.1726,17.7383,114.814,
173.64,-14.6932,23.3623,46.6748,170.48,19.725,35.1726,17.7383,114.814,
173.67,-14.6932,23.3623,46.6748,170.48,19.725,35.1726,17.7383,114.814,
173.7,-14.6932,23.3623,46.6748,170.48,19.725,35.1726,17.7383,114.814,
173.73,-14.6932,23.3623,46.6748,170.48,19.725,35.1726,17.7383,114.814,
173.76,-14.6932,23.3623,46.6748,170.48,19.725,35.1726,17.7383,114.814,
173.79,-14.6932,23.3623,46.6748,170.48,19.725,35.1726,17.7383,114.814,
173.82,-14.6932,23.3623,46.6748,170.48,16.5424,33.8056,16.3943,110.695,
173.85,-14.6932,23.3623,46.6748,170.48,16.5424,33.8056,16.3943,110.695,
173.88,-14.6932,23.3623,46.6748,170.48,16.5424,33.8056,16.3943,110.695,
173.91,-14.6932,23.3623,46.6748,170.48,16.5424,33.8056,16.3943,110.695,
173.94,-14.6932,23.3623,46.6748,170.48,16.5424,33.8056,16.3943,110.695,
173.97,-14.6932,23.3623,46.6748,170.48,16.5424,33.8056,16.3943,110.695,
174,-14.6932,23.3623,46.6748,170.48,16.5424,33.8056,16.3943,110.695,
174.03,-14.6932,23.3623,46.6748,170.48,16.5424,33.8056,16.3943,110.695,
174.06,-12.1307,24.8179,50.2775,170.345,16.5424,33.8056,16.3943,110.695,
174.09,-12.1307,24.8179,50.2775,170.345,16.5424,33.8056,16.3943,110.695,
174.12,-12.1307,24.8179,50.2775,170.345,16.5424,33.8056,16.3943,110.695,
174.15,-12.1307,24.8179,50.2775,170.345,16.5424,33.8056,16.3943,110.695,
174.18,-12.1307,24.8179,50.2775,170.345,16.5424,33.8056,16.3943,110.695,
174.21,-12.1307,24.8179,50.2775,170.345,16.5424,33.8056,16.3943,110.695,
174.24,-12.1307,24.8179,50.2775,170.345,16.5424,33.8056,16.3943,110.695,
174.27,-12.1307,24.8179,50.2775,170.345,16.5424,33.8056,16.3943,110.695,
174.3,-12.1307,24.8179,50.2775,170.345,15.3735,31.5843,14.6212,98.3183,
174.33,-12.1307,24.8179,50.2775,170.345,15.3735,31.5843,14.6212,98.3183,
174.36,-12.1307,24.8179,50.2775,170.345,15.3735,31.5843,14.6212,98.3183,
174.39,-12.1307,24.8179,50.2775,170.345,15.3735,31.5843,14.6212,98.3183,
174.42,-12.1307,24.8179,50.2775,170.345,15.3735,31.5843,14.6212,98.3183,
174.45,-12.1307,24.8179,50.2775,170.345,15.3735,31.5843,14.6212,98.3183,
174.48,-12.1307,24.8179,50.2775,170.345,15.3735,31.5843,14.6212,98.3183,
174.51,-12.1307,24.8179,50.2775,170.345,15.3735,31.5843,14.6212,98.3183,
174.54,-7.228,26.1237,49.0381,171.119,15.3735,31.5843,14.6212,98.3183,
174.57,-7.228,26.1237,49.0381,171.119,15.3735,31.5843,14.6212,98.3183,
174.6,-7.228,26.1237,49.0381,171.119,15.3735,31.5843,14.6212,98.3183,
174.63,-7.228,26.1237,49.0381,171.119,15.3735,31.5843,14.6212,98.3183,
174.66,-7.228,26.1237,49.0381,171.119,15.3735,31.5843,14.6212,98.3183,
174.69,-7.228,26.1237,49.0381,171.119,15.3735,31.5843,14.6212,98.3183,
174.72,-7.228,26.1237,49.0381,171.119,15.3735,31.5843,14.6212,98.3183,
174.75,-7.228,26.1237,49.0381,171.119,15.3735,31.5843,14.6212,98.3183,
174.78,-7.228,26.1237,49.0381,171.119,13.4139,29.623,15.9483,71.6508,
174.81,-7.228,26.1237,49.0381,171.119,13.4139,29.623,15.9483,71.6508,
174.84,-7.228,26.1237,49.0381,171.119,13.4139,29.623,15.9483,71.6508,
174.87,-7.228,26.1237,49.0381,171.119,13.4139,29.623,15.9483,71.6508,
174.9,-7.228,26.1237,49.0381,171.119,13.4139,29.623,15.9483,71.6508,
174.93,-7.228,26.1237,49.0381,171.119,13.4139,29.623,15.9483,71.6508,
174.96,-7.228,26.1237,49.0381,171.119,13.4139,29.623,15.9483,71.6508,
174.99,-7.228,26.1237,49.0381,171.119,13.4139,29.623,15.9483,71.6508,
175.02,-3.63884,26.5803,51.7069,172.657,13.4139,29.623,15.9483,71.6508,
175.05,-3.63884,26.5803,51.7069,172.657,13.4139,29.623,15.9483,71.6508,
175.08,-3.63884,26.5803,51.7069,172.657,13.4139,29.623,15.9483,71.6508,
175.11,-3.63884,26.5803,51.7069,172.657,13.4139,29.623,15.9483,71.6508,
175.14,-3.63884,26.5803,51.7069,172.657,13.4139,29.623,15.9483,71.6508,
175.17,-3.63884,26.5803,51.7069,172.657,13.4139,29.623,15.9483,71.6508,
175.2,-3.63884,26.5803,51.7069,172.657,13.4139,29.623,15.9483,71.6508,
175.23,-3.63884,26.5803,51.7069,172.657,13.4139,29.623,15.9483,71.6508,
175.26,-3.63884,26.5803,51.7069,172.657,10.6895,28.6163,18.6366,46.5115,
175.29,-3.63884,26.5803,51.7069,172.657,10.6895,28.6163,18.6366,46.5115,
175.32,-3.63884,26.5803,51.7069,172.657,10.6895,28.6163,18.6366,46.5115,
175.35,-3.63884,26.5803,51.7069,172.657,10.6895,28.6163,18.6366,46.5115,
175.38,-3.63884,26.5803,51.7069,172.657,10.6895,28.6163,18.6366,46.5115,
175.41,-3.63884,26.5803,51.7069,172.657,10.6895,28.6163,18.6366,46.5115,
175.44,-3.63884,26.5803,51.7069,172.657,10.6895,28.6163,18.6366,46.5115,
175.47,-3.63884,26.5803,51.7069,172.657,10.6895,28.6163,18.6366,46.5115,
175.5,-1.99508,26.1476,54.6773,174.931,10.6895,28.6163,18.6366,46.5115,
175.53,-1.99508,26.1476,54.6773,174.931,10.6895,28.6163,18.6366,46.5115,
175.56,-1.99508,26.1476,54.6773,174.931,10.6895,28.6163,18.6366,46.5115,
175.59,-1.99508,26.1476,54.6773,174.931,10.6895,28.6163,18.6366,46.5115,
175.62,-1.99508,26.1476,54.6773,174.931,10.6895,28.6163,18.6366,46.5115,
175.65,-1.99508,26.1476,54.6773,174.931,10.6895,28.6163,18.6366,46.5115,
175.68,-1.99508,26.1476,54.6773,174.931,10.6895,28.6163,18.6366,46.5115,
175.71,-1.99508,26.1476,54.6773,174.931,10.6895,28.6163,18.6366,46.5115,
175.74,-1.99508,26.1476,54.6773,174.931,9.67484,27.318,36.2084,19.3903,
175.77,-1.99508,26.1476,54.6773,174.931,9.67484,27.318,36.2084,19.3903,
175.8,-1.99508,26.1476,54.6773,174.931,9.67484,27.318,36.2084,19.3903,
175.83,-1.99508,26.1476,54.6773,174.931,9.67484,27.318,36.2084,19.3903,
175.86,-1.99508,26.1476,54.6773,174.931,9.67484,27.318,36.2084,19.3903,
175.89,-1.99508,26.1476,54.6773,174.931,9.67484,27.318,36.2084,19.3903,
175.92,-1.99508,26.1476,54.6773,174.931,9.67484,27.318,36.2084,19.3903,
175.95,-1.99508,26.1476,54.6773,174.931,9.67484,27.318,36.2084,19.3903,
175.98,-4.10394,26.0855,55.5244,175.58,9.67484,27.318,36.2084,19.3903,
176.01,-4.10394,26.0855,55.5244,175.58,9.67484,27.318,36.2084,19.3903,
176.04,-4.00203,26.1958,57.7482,175.66,9.67484,27.318,36.2084,19.3903,
176.07,-4.00203,26.1958,57.7482,175.66,9.67484,27.318,36.2084,19.3903,
176.1,-4.00203,26.1958,57.7482,175.66,9.67484,27.318,36.2084,19.3903,
176.13,-4.00203,26.1958,57.7482,175.66,9.67484,27.318,36.2084,19.3903,
176.16,-4.00203,26.1958,57.7482,175.66,9.67484,27.318,36.2084,19.3903,
176.19,-4.00203,26.1958,57.7482,175.66,9.67484,27.318,36.2084,19.3903,
176.22,-4.00203,26.1958,57.7482,175.66,10.0092,26.4078,60.021,10.1008,
176.25,-4.00203,26.1958,57.7482,175.66,10.0092,26.4078,60.021,10.1008,
176.28,-4.00203,26.1958,57.7482,175.66,10.0092,26.4078,60.021,10.1008,
176.31,-4.00203,26.1958,57.7482,175.66,10.0092,26.4078,60.021,10.1008,
176.34,-4.00203,26.1958,57.7482,175.66,10.0092,26.4078,60.021,10.1008,
176.37,-4.00203,26.1958,57.7482,175.66,10.0092,26.4078,60.021,10.1008,
176.4,-4.00203,26.1958,57.7482,175.66,10.0092,26.4078,60.021,10.1008,
176.43,-4.00203,26.1958,57.7482,175.66,10.0092,26.4078,60.021,10.1008,
176.46,-4.00203,26.1958,57.7482,175.66,10.0092,26.4078,60.021,10.1008,
176.49,-4.00203,26.1958,57.7482,175.66,10.0092,26.4078,60.021,10.1008,
176.52,-1.71338,26.6711,57.7069,175.763,10.0092,26.4078,60.021,10.1008,
176.55,-1.71338,26.6711,57.7069,175.763,10.0092,26.4078,60.021,10.1008,
176.58,-1.71338,26.6711,57.7069,175.763,10.0092,26.4078,60.021,10.1008,
176.61,-1.71338,26.6711,57.7069,175.763,10.0092,26.4078,60.021,10.1008,
176.64,-1.97576,26.5769,57.7905,175.916,10.0092,26.4078,60.021,10.1008,
176.67,-1.97576,26.5769,57.7905,175.916,10.0092,26.4078,60.021,10.1008,
176.7,-1.64521,26.5331,57.6333,176.082,8.85457,26.1986,56.1708,8.16799,
176.73,-1.64521,26.5331,57.6333,176.082,8.85457,26.1986,56.1708,8.16799,
176.76,-1.64521,26.5331,57.6333,176.082,8.85457,26.1986,56.1708,8.16799,
176.79,-1.64521,26.5331,57.6333,176.082,8.85457,26.1986,56.1708,8.16799,
176.82,-1.62979,26.4558,55.4364,176.106,8.85457,26.1986,56.1708,8.16799,
176.85,-1.62979,26.4558,55.4364,176.106,8.85457,26.1986,56.1708,8.16799,
176.88,-1.62979,26.4558,55.4364,176.106,8.85457,26.1986,56.1708,8.16799,
176.91,-1.62979,26.4558,55.4364,176.106,8.85457,26.1986,56.1708,8.16799,
176.94,-1.62979,26.4558,55.4364,176.106,8.85457,26.1986,56.1708,8.16799,
176.97,-1.62979,26.4558,55.4364,176.106,8.85457,26.1986,56.1708,8.16799,
177,-1.62979,26.4558,55.4364,176.106,8.85457,26.1986,56.1708,8.16799,
177.03,-1.62979,26.4558,55.4364,176.106,8.85457,26.1986,56.1708,8.16799,
177.06,-1.62979,26.4558,55.4364,176.106,8.85457,26.1986,56.1708,8.16799,
177.09,-1.62979,26.4558,55.4364,176.106,8.85457,26.1986,56.1708,8.16799,
177.12,-1.62979,26.4558,55.4364,176.106,8.85457,26.1986,56.1708,8.16799,
177.15,-1.62979,26.4558,55.4364,176.106,8.85457,26.1986,56.1708,8.16799,
177.18,-1.62979,26.4558,55.4364,176.106,11.3571,29.7697,36.0918,23.8192,
177.21,-1.62979,26.4558,55.4364,176.106,11.3571,29.7697,36.0918,23.8192,
177.24,-1.62979,26.4558,55.4364,176.106,11.3571,29.7697,36.0918,23.8192,
177.27,-1.62979,26.4558,55.4364,176.106,11.3571,29.7697,36.0918,23.8192,
177.3,10.8193,24.8896,13.9597,151.95,11.3571,29.7697,36.0918,23.8192,
177.33,10.8193,24.8896,13.9597,151.95,11.3571,29.7697,36.0918,23.8192,
177.36,10.8193,24.8896,13.9597,151.95,11.3571,29.7697,36.0918,23.8192,
177.39,10.8193,24.8896,13.9597,151.95,11.3571,29.7697,36.0918,23.8192,
177.42,10.8193,24.8896,13.9597,151.95,11.3571,29.7697,36.0918,23.8192,
177.45,10.8193,24.8896,13.9597,151.95,11.3571,29.7697,36.0918,23.8192,
177.48,10.8193,24.8896,13.9597,151.95,11.3571,29.7697,36.0918,23.8192,
177.51,10.8193,24.8896,13.9597,151.95,11.3571,29.7697,36.0918,23.8192,
177.54,10.8193,24.8896,13.9597,151.95,11.3571,29.7697,36.0918,23.8192,
177.57,10.8193,24.8896,13.9597,151.95,11.3571,29.7697,36.0918,23.8192,
177.6,10.8193,24.8896,13.9597,151.95,11.3571,29.7697,36.0918,23.8192,
177.63,10.8193,24.8896,13.9597,151.95,11.3571,29.7697,36.0918,23.8192,
177.66,10.8193,24.8896,13.9597,151.95,12.387,34.4186,47.4101,100.6,
177.69,10.8193,24.8896,13.9597,151.95,12.387,34.4186,47.4101,100.6,
177.72,10.8193,24.8896,13.9597,151.95,12.387,34.4186,47.4101,100.6,
177.75,10.8193,24.8896,13.9597,151.95,12.387,34.4186,47.4101,100.6,
177.78,18.9485,23.5106,7.47536,133.383,12.387,34.4186,47.4101,100.6,
177.81,18.9485,23.5106,7.47536,133.383,12.387,34.4186,47.4101,100.6,
177.84,18.9485,23.5106,7.47536,133.383,12.387,34.4186,47.4101,100.6,
177.87,18.9485,23.5106,7.47536,133.383,12.387,34.4186,47.4101,100.6,
177.9,18.9485,23.5106,7.47536,133.383,12.387,34.4186,47.4101,100.6,
177.93,18.9485,23.5106,7.47536,133.383,12.387,34.4186,47.4101,100.6,
177.96,18.9485,23.5106,7.47536,133.383,12.387,34.4186,47.4101,100.6,
177.99,18.9485,23.5106,7.47536,133.383,12.387,34.4186,47.4101,100.6,
178.02,18.9485,23.5106,7.47536,133.383,12.387,34.4186,47.4101,100.6,
178.05,18.9485,23.5106,7.47536,133.383,12.387,34.4186,47.4101,100.6,
178.08,18.9485,23.5106,7.47536,133.383,12.387,34.4186,47.4101,100.6,
178.11,18.9485,23.5106,7.47536,133.383,12.387,34.4186,47.4101,100.6,
178.14,18.9485,23.5106,7.47536,133.383,7.86389,30.6108,34.4847,36.8856,
178.17,18.9485,23.5106,7.47536,133.383,7.86389,30.6108,34.4847,36.8856,
178.2,18.9485,23.5106,7.47536,133.383,7.86389,30.6108,34.4847,36.8856,
178.23,18.9485,23.5106,7.47536,133.383,7.86389,30.6108,34.4847,36.8856,
178.26,26.9607,23.4204,-4.45034,118.117,7.86389,30.6108,34.4847,36.8856,
178.29,26.9607,23.4204,-4.45034,118.117,7.86389,30.6108,34.4847,36.8856,
178.32,26.9607,23.4204,-4.45034,118.117,7.86389,30.6108,34.4847,36.8856,
178.35,26.9607,23.4204,-4.45034,118.117,7.86389,30.6108,34.4847,36.8856,
178.38,26.9607,23.4204,-4.45034,118.117,7.86389,30.6108,34.4847,36.8856,
178.41,26.9607,23.4204,-4.45034,118.117,7.86389,30.6108,34.4847,36.8856,
178.44,26.9607,23.4204,-4.45034,118.117,7.86389,30.6108,34.4847,36.8856,
178.47,26.9607,23.4204,-4.45034,118.117,7.86389,30.6108,34.4847,36.8856,
178.5,26.9607,23.4204,-4.45034,118.117,7.86389,30.6108,34.4847,36.8856,
178.53,26.9607,23.4204,-4.45034,118.117,7.86389,30.6108,34.4847,36.8856,
178.56,26.9607,23.4204,-4.45034,118.117,7.86389,30.6108,34.4847,36.8856,
178.59,26.9607,23.4204,-4.45034,118.117,7.86389,30.6108,34.4847,36.8856,
178.62,26.9607,23.4204,-4.45034,118.117,7.70176,27.7839,37.0516,21.1225,
178.65,26.9607,23.4204,-4.45034,118.117,7.70176,27.7839,37.0516,21.1225,
178.68,26.9607,23.4204,-4.45034,118.117,7.70176,27.7839,37.0516,21.1225,
178.71,26.9607,23.4204,-4.45034,118.117,7.70176,27.7839,37.0516,21.1225,
178.74,27.9883,23.4202,-13.7466,97.172,7.70176,27.7839,37.0516,21.1225,
178.77,27.9883,23.4202,-13.7466,97.172,7.70176,27.7839,37.0516,21.1225,
178.8,27.9883,23.4202,-13.7466,97.172,7.70176,27.7839,37.0516,21.1225,
178.83,27.9883,23.4202,-13.7466,97.172,7.70176,27.7839,37.0516,21.1225,
178.86,27.9883,23.4202,-13.7466,97.172,7.70176,27.7839,37.0516,21.1225,
178.89,27.9883,23.4202,-13.7466,97.172,7.70176,27.7839,37.0516,21.1225,
178.92,27.9883,23.4202,-13.7466,97.172,7.70176,27.7839,37.0516,21.1225,
178.95,27.9883,23.4202,-13.7466,97.172,7.70176,27.7839,37.0516,21.1225,
178.98,27.9883,23.4202,-13.7466,97.172,7.70176,27.7839,37.0516,21.1225,
179.01,27.9883,23.4202,-13.7466,97.172,7.70176,27.7839,37.0516,21.1225,
179.04,27.9883,23.4202,-13.7466,97.172,7.70176,27.7839,37.0516,21.1225,
179.07,27.9883,23.4202,-13.7466,97.172,7.70176,27.7839,37.0516,21.1225,
179.1,27.9883,23.4202,-13.7466,97.172,8.39618,29.7716,41.107,63.6049,
179.13,27.9883,23.4202,-13.7466,97.172,8.39618,29.7716,41.107,63.6049,
179.16,27.9883,23.4202,-13.7466,97.172,8.39618,29.7716,41.107,63.6049,
179.19,27.9883,23.4202,-13.7466,97.172,8.39618,29.7716,41.107,63.6049,
179.22,26.7808,22.5541,-3.09737,101.486,8.39618,29.7716,41.107,63.6049,
179.25,26.7808,22.5541,-3.09737,101.486,8.39618,29.7716,41.107,63.6049,
179.28,26.7808,22.5541,-3.09737,101.486,8.39618,29.7716,41.107,63.6049,
179.31,26.7808,22.5541,-3.09737,101.486,8.39618,29.7716,41.107,63.6049,
179.34,26.7808,22.5541,-3.09737,101.486,8.39618,29.7716,41.107,63.6049,
179.37,26.7808,22.5541,-3.09737,101.486,8.39618,29.7716,41.107,63.6049,
179.4,26.7808,22.5541,-3.09737,101.486,8.39618,29.7716,41.107,63.6049,
179.43,26.7808,22.5541,-3.09737,101.486,8.39618,29.7716,41.107,63.6049,
179.46,26.7808,22.5541,-3.09737,101.486,8.39618,29.7716,41.107,63.6049,
179.49,26.7808,22.5541,-3.09737,101.486,8.39618,29.7716,41.107,63.6049,
179.52,26.7808,22.5541,-3.09737,101.486,8.39618,29.7716,41.107,63.6049,
179.55,26.7808,22.5541,-3.09737,101.486,8.39618,29.7716,41.107,63.6049,
179.58,26.7808,22.5541,-3.09737,101.486,9.82661,32.0719,48.5369,106.014,
179.61,26.7808,22.5541,-3.09737,101.486,9.82661,32.0719,48.5369,106.014,
179.64,26.7808,22.5541,-3.09737,101.486,9.82661,32.0719,48.5369,106.014,
179.67,26.7808,22.5541,-3.09737,101.486,9.82661,32.0719,48.5369,106.014,
179.7,25.0667,21.6201,7.56491,107.05,9.82661,32.0719,48.5369,106.014,
179.73,25.0667,21.6201,7.56491,107.05,9.82661,32.0719,48.5369,106.014,
179.76,25.0667,21.6201,7.56491,107.05,9.82661,32.0719,48.5369,106.014,
179.79,25.0667,21.6201,7.56491,107.05,9.82661,32.0719,48.5369,106.014,
179.82,25.0667,21.6201,7.56491,107.05,9.82661,32.0719,48.5369,106.014,
179.85,25.0667,21.6201,7.56491,107.05,9.82661,32.0719,48.5369,106.014,
179.88,25.0667,21.6201,7.56491,107.05,9.82661,32.0719,48.5369,106.014,
179.91,25.0667,21.6201,7.56491,107.05,9.82661,32.0719,48.5369,106.014,
179.94,25.0667,21.6201,7.56491,107.05,9.82661,32.0719,48.5369,106.014,
179.97,25.0667,21.6201,7.56491,107.05,9.82661,32.0719,48.5369,106.014,
180,25.0667,21.6201,7.56491,107.05,9.82661,32.0719,48.5369,106.014,
180.03,25.0667,21.6201,7.56491,107.05,9.82661,32.0719,48.5369,106.014,
180.06,25.0667,21.6201,7.56491,107.05,13.6739,32.6682,45.7868,114.755,
180.09,25.0667,21.6201,7.56491,107.05,13.6739,32.6682,45.7868,114.755,
180.12,25.0667,21.6201,7.56491,107.05,13.6739,32.6682,45.7868,114.755,
180.15,25.0667,21.6201,7.56491,107.05,13.6739,32.6682,45.7868,114.755,
180.18,22.827,21.0075,8.89366,112.952,13.6739,32.6682,45.7868,114.755,
180.21,22.827,21.0075,8.89366,112.952,13.6739,32.6682,45.7868,114.755,
180.24,22.827,21.0075,8.89366,112.952,13.6739,32.6682,45.7868,114.755,
180.27,22.827,21.0075,8.89366,112.952,13.6739,32.6682,45.7868,114.755,
180.3,22.827,21.0075,8.89366,112.952,13.6739,32.6682,45.7868,114.755,
180.33,22.827,21.0075,8.89366,112.952,13.6739,32.6682,45.7868,114.755,
180.36,22.827,21.0075,8.89366,112.952,13.6739,32.6682,45.7868,114.755,
180.39,22.827,21.0075,8.89366,112.952,13.6739,32.6682,45.7868,114.755,
180.42,22.827,21.0075,8.89366,112.952,13.6739,32.6682,45.7868,114.755,
180.45,22.827,21.0075,8.89366,112.952,13.6739,32.6682,45.7868,114.755,
180.48,22.827,21.0075,8.89366,112.952,13.6739,32.6682,45.7868,114.755,
180.51,22.827,21.0075,8.89366,112.952,13.6739,32.6682,45.7868,114.755,
180.54,22.827,21.0075,8.89366,112.952,7.03567,32.7689,32.024,117.194,
180.57,22.827,21.0075,8.89366,112.952,7.03567,32.7689,32.024,117.194,
180.6,22.827,21.0075,8.89366,112.952,7.03567,32.7689,32.024,117.194,
180.63,22.827,21.0075,8.89366,112.952,7.03567,32.7689,32.024,117.194,
180.66,22.685,20.206,0.560579,113.951,7.03567,32.7689,32.024,117.194,
180.69,22.685,20.206,0.560579,113.951,7.03567,32.7689,32.024,117.194,
180.72,22.685,20.206,0.560579,113.951,7.03567,32.7689,32.024,117.194,
180.75,22.685,20.206,0.560579,113.951,7.03567,32.7689,32.024,117.194,
180.78,22.685,20.206,0.560579,113.951,7.03567,32.7689,32.024,117.194,
180.81,22.685,20.206,0.560579,113.951,7.03567,32.7689,32.024,117.194,
180.84,22.685,20.206,0.560579,113.951,7.03567,32.7689,32.024,117.194,
180.87,22.685,20.206,0.560579,113.951,7.03567,32.7689,32.024,117.194,
180.9,22.685,20.206,0.560579,113.951,7.03567,32.7689,32.024,117.194,
180.93,22.685,20.206,0.560579,113.951,7.03567,32.7689,32.024,117.194,
180.96,22.685,20.206,0.560579,113.951,7.03567,32.7689,32.024,117.194,
180.99,22.685,20.206,0.560579,113.951,7.03567,32.7689,32.024,117.194,
181.02,22.685,20.206,0.560579,113.951,10.2153,29.4924,11.5884,86.5127,
181.05,22.685,20.206,0.560579,113.951,10.2153,29.4924,11.5884,86.5127,
181.08,22.685,20.206,0.560579,113.951,10.2153,29.4924,11.5884,86.5127,
181.11,22.685,20.206,0.560579,113.951,10.2153,29.4924,11.5884,86.5127,
181.14,22.3844,18.9155,-22.7673,83.9232,10.2153,29.4924,11.5884,86.5127,
181.17,22.3844,18.9155,-22.7673,83.9232,10.2153,29.4924,11.5884,86.5127,
181.2,22.3844,18.9155,-22.7673,83.9232,10.2153,29.4924,11.5884,86.5127,
181.23,22.3844,18.9155,-22.7673,83.9232,10.2153,29.4924,11.5884,86.5127,
181.26,22.3844,18.9155,-22.7673,83.9232,10.2153,29.4924,11.5884,86.5127,
181.29,22.3844,18.9155,-22.7673,83.9232,10.2153,29.4924,11.5884,86.5127,
181.32,22.3844,18.9155,-22.7673,83.9232,10.2153,29.4924,11.5884,86.5127,
181.35,22.3844,18.9155,-22.7673,83.9232,10.2153,29.4924,11.5884,86.5127,
181.38,22.3844,18.9155,-22.7673,83.9232,10.2153,29.4924,11.5884,86.5127,
181.41,22.3844,18.9155,-22.7673,83.9232,10.2153,29.4924,11.5884,86.5127,
181.44,22.3844,18.9155,-22.7673,83.9232,10.2153,29.4924,11.5884,86.5127,
181.47,22.3844,18.9155,-22.7673,83.9232,10.2153,29.4924,11.5884,86.5127,
181.5,22.3844,18.9155,-22.7673,83.9232,8.45324,26.3691,-1.45239,43.6751,
181.53,22.3844,18.9155,-22.7673,83.9232,8.45324,26.3691,-1.45239,43.6751,
181.56,22.3844,18.9155,-22.7673,83.9232,8.45324,26.3691,-1.45239,43.6751,
181.59,22.3844,18.9155,-22.7673,83.9232,8.45324,26.3691,-1.45239,43.6751,
181.62,15.4508,18.448,-37.3271,55.4269,8.45324,26.3691,-1.45239,43.6751,
181.65,15.4508,18.448,-37.3271,55.4269,8.45324,26.3691,-1.45239,43.6751,
181.68,15.4508,18.448,-37.3271,55.4269,8.45324,26.3691,-1.45239,43.6751,
181.71,15.4508,18.448,-37.3271,55.4269,8.45324,26.3691,-1.45239,43.6751,
181.74,15.4508,18.448,-37.3271,55.4269,8.45324,26.3691,-1.45239,43.6751,
181.77,15.4508,18.448,-37.3271,55.4269,8.45324,26.3691,-1.45239,43.6751,
181.8,15.4508,18.448,-37.3271,55.4269,8.45324,26.3691,-1.45239,43.6751,
181.83,15.4508,18.448,-37.3271,55.4269,8.45324,26.3691,-1.45239,43.6751,
181.86,15.4508,18.448,-37.3271,55.4269,8.45324,26.3691,-1.45239,43.6751,
181.89,15.4508,18.448,-37.3271,55.4269,8.45324,26.3691,-1.45239,43.6751,
181.92,15.4508,18.448,-37.3271,55.4269,8.45324,26.3691,-1.45239,43.6751,
181.95,15.4508,18.448,-37.3271,55.4269,8.45324,26.3691,-1.45239,43.6751,
181.98,15.4508,18.448,-37.3271,55.4269,6.04406,24.5903,-23.7133,19.2056,
182.01,15.4508,18.448,-37.3271,55.4269,6.04406,24.5903,-23.7133,19.2056,
182.04,15.4508,18.448,-37.3271,55.4269,6.04406,24.5903,-23.7133,19.2056,
182.07,15.4508,18.448,-37.3271,55.4269,6.04406,24.5903,-23.7133,19.2056,
182.1,13.9291,17.9956,-50.5528,43.2491,6.04406,24.5903,-23.7133,19.2056,
182.13,13.9291,17.9956,-50.5528,43.2491,6.04406,24.5903,-23.7133,19.2056,
182.16,13.9291,17.9956,-50.5528,43.2491,6.04406,24.5903,-23.7133,19.2056,
182.19,13.9291,17.9956,-50.5528,43.2491,6.04406,24.5903,-23.7133,19.2056,
182.22,13.9291,17.9956,-50.5528,43.2491,6.04406,24.5903,-23.7133,19.2056,
182.25,13.9291,17.9956,-50.5528,43.2491,6.04406,24.5903,-23.7133,19.2056,
182.28,13.9291,17.9956,-50.5528,43.2491,6.04406,24.5903,-23.7133,19.2056,
182.31,13.9291,17.9956,-50.5528,43.2491,6.04406,24.5903,-23.7133,19.2056,
182.34,13.9291,17.9956,-50.5528,43.2491,6.04406,24.5903,-23.7133,19.2056,
182.37,13.9291,17.9956,-50.5528,43.2491,6.04406,24.5903,-23.7133,19.2056,
182.4,13.9291,17.9956,-50.5528,43.2491,6.04406,24.5903,-23.7133,19.2056,
182.43,13.9291,17.9956,-50.5528,43.2491,6.04406,24.5903,-23.7133,19.2056,
182.46,13.9291,17.9956,-50.5528,43.2491,4.21389,22.4967,-56.4591,16.5999,
182.49,13.9291,17.9956,-50.5528,43.2491,4.21389,22.4967,-56.4591,16.5999,
182.52,13.9291,17.9956,-50.5528,43.2491,4.21389,22.4967,-56.4591,16.5999,
182.55,13.9291,17.9956,-50.5528,43.2491,4.21389,22.4967,-56.4591,16.5999,
182.58,11.426,16.8461,-62.4938,35.1175,4.21389,22.4967,-56.4591,16.5999,
182.61,11.426,16.8461,-62.4938,35.1175,4.21389,22.4967,-56.4591,16.5999,
182.64,11.426,16.8461,-62.4938,35.1175,4.21389,22.4967,-56.4591,16.5999,
182.67,11.426,16.8461,-62.4938,35.1175,4.21389,22.4967,-56.4591,16.5999,
182.7,11.426,16.8461,-62.4938,35.1175,4.21389,22.4967,-56.4591,16.5999,
182.73,11.426,16.8461,-62.4938,35.1175,4.21389,22.4967,-56.4591,16.5999,
182.76,11.426,16.8461,-62.4938,35.1175,4.21389,22.4967,-56.4591,16.5999,
182.79,11.426,16.8461,-62.4938,35.1175,4.21389,22.4967,-56.4591,16.5999,
182.82,11.426,16.8461,-62.4938,35.1175,4.21389,22.4967,-56.4591,16.5999,
182.85,11.426,16.8461,-62.4938,35.1175,4.21389,22.4967,-56.4591,16.5999,
182.88,11.426,16.8461,-62.4938,35.1175,4.21389,22.4967,-56.4591,16.5999,
182.91,11.426,16.8461,-62.4938,35.1175,4.21389,22.4967,-56.4591,16.5999,
182.94,11.426,16.8461,-62.4938,35.1175,2.93832,21.6209,-61.3835,17.2733,
182.97,11.426,16.8461,-62.4938,35.1175,2.93832,21.6209,-61.3835,17.2733,
183,11.426,16.8461,-62.4938,35.1175,2.93832,21.6209,-61.3835,17.2733,
183.03,11.426,16.8461,-62.4938,35.1175,2.93832,21.6209,-61.3835,17.2733,
183.06,11.1701,15.9668,-76.2956,29.329,2.93832,21.6209,-61.3835,17.2733,
183.09,11.1701,15.9668,-76.2956,29.329,2.93832,21.6209,-61.3835,17.2733,
183.12,11.1701,15.9668,-76.2956,29.329,2.93832,21.6209,-61.3835,17.2733,
183.15,11.1701,15.9668,-76.2956,29.329,2.93832,21.6209,-61.3835,17.2733,
183.18,11.1701,15.9668,-76.2956,29.329,2.93832,21.6209,-61.3835,17.2733,
183.21,11.1701,15.9668,-76.2956,29.329,2.93832,21.6209,-61.3835,17.2733,
183.24,11.1701,15.9668,-76.2956,29.329,2.93832,21.6209,-61.3835,17.2733,
183.27,11.1701,15.9668,-76.2956,29.329,2.93832,21.6209,-61.3835,17.2733,
183.3,11.1701,15.9668,-76.2956,29.329,2.93832,21.6209,-61.3835,17.2733,
183.33,11.1701,15.9668,-76.2956,29.329,2.93832,21.6209,-61.3835,17.2733,
183.36,11.1701,15.9668,-76.2956,29.329,2.93832,21.6209,-61.3835,17.2733,
183.39,11.1701,15.9668,-76.2956,29.329,2.93832,21.6209,-61.3835,17.2733,
183.42,11.1701,15.9668,-76.2956,29.329,1.82037,21.1807,-65.096,17.2626,
183.45,11.1701,15.9668,-76.2956,29.329,1.82037,21.1807,-65.096,17.2626,
183.48,11.1701,15.9668,-76.2956,29.329,1.82037,21.1807,-65.096,17.2626,
183.51,11.1701,15.9668,-76.2956,29.329,1.82037,21.1807,-65.096,17.2626,
183.54,9.62363,14.9301,-77.3414,26.3106,1.82037,21.1807,-65.096,17.2626,
183.57,9.62363,14.9301,-77.3414,26.3106,1.82037,21.1807,-65.096,17.2626,
183.6,9.62363,14.9301,-77.3414,26.3106,1.82037,21.1807,-65.096,17.2626,
183.63,9.62363,14.9301,-77.3414,26.3106,1.82037,21.1807,-65.096,17.2626,
183.66,9.62363,14.9301,-77.3414,26.3106,1.82037,21.1807,-65.096,17.2626,
183.69,9.62363,14.9301,-77.3414,26.3106,1.82037,21.1807,-65.096,17.2626,
183.72,9.62363,14.9301,-77.3414,26.3106,1.82037,21.1807,-65.096,17.2626,
183.75,9.62363,14.9301,-77.3414,26.3106,1.82037,21.1807,-65.096,17.2626,
183.78,9.62363,14.9301,-77.3414,26.3106,1.82037,21.1807,-65.096,17.2626,
183.81,9.62363,14.9301,-77.3414,26.3106,1.82037,21.1807,-65.096,17.2626,
183.84,9.62363,14.9301,-77.3414,26.3106,1.82037,21.1807,-65.096,17.2626,
183.87,9.62363,14.9301,-77.3414,26.3106,1.82037,21.1807,-65.096,17.2626,
183.9,9.62363,14.9301,-77.3414,26.3106,1.57644,20.1935,-76.6218,15.0673,
183.93,9.62363,14.9301,-77.3414,26.3106,1.57644,20.1935,-76.6218,15.0673,
183.96,9.62363,14.9301,-77.3414,26.3106,1.57644,20.1935,-76.6218,15.0673,
183.99,9.62363,14.9301,-77.3414,26.3106,1.57644,20.1935,-76.6218,15.0673,
184.02,8.55823,13.0381,-79.4693,23.5679,1.57644,20.1935,-76.6218,15.0673,
184.05,8.55823,13.0381,-79.4693,23.5679,1.57644,20.1935,-76.6218,15.0673,
184.08,8.55823,13.0381,-79.4693,23.5679,1.57644,20.1935,-76.6218,15.0673,
184.11,8.55823,13.0381,-79.4693,23.5679,1.57644,20.1935,-76.6218,15.0673,
184.14,8.55823,13.0381,-79.4693,23.5679,1.57644,20.1935,-76.6218,15.0673,
184.17,8.55823,13.0381,-79.4693,23.5679,1.57644,20.1935,-76.6218,15.0673,
184.2,8.55823,13.0381,-79.4693,23.5679,1.57644,20.1935,-76.6218,15.0673,
184.23,8.55823,13.0381,-79.4693,23.5679,1.57644,20.1935,-76.6218,15.0673,
184.26,8.55823,13.0381,-79.4693,23.5679,1.57644,20.1935,-76.6218,15.0673,
184.29,8.55823,13.0381,-79.4693,23.5679,1.57644,20.1935,-76.6218,15.0673,
184.32,8.55823,13.0381,-79.4693,23.5679,1.57644,20.1935,-76.6218,15.0673,
184.35,8.55823,13.0381,-79.4693,23.5679,1.57644,20.1935,-76.6218,15.0673,
184.38,8.55823,13.0381,-79.4693,23.5679,1.31567,18.7021,-84.5328,15.7442,
184.41,8.55823,13.0381,-79.4693,23.5679,1.31567,18.7021,-84.5328,15.7442,
184.44,8.55823,13.0381,-79.4693,23.5679,1.31567,18.7021,-84.5328,15.7442,
184.47,8.55823,13.0381,-79.4693,23.5679,1.31567,18.7021,-84.5328,15.7442,
184.5,6.96556,11.7777,-74.3354,22.1951,1.31567,18.7021,-84.5328,15.7442,
184.53,6.96556,11.7777,-74.3354,22.1951,1.31567,18.7021,-84.5328,15.7442,
184.56,6.96556,11.7777,-74.3354,22.1951,1.31567,18.7021,-84.5328,15.7442,
184.59,6.96556,11.7777,-74.3354,22.1951,1.31567,18.7021,-84.5328,15.7442,
184.62,6.96556,11.7777,-74.3354,22.1951,1.31567,18.7021,-84.5328,15.7442,
184.65,6.96556,11.7777,-74.3354,22.1951,1.31567,18.7021,-84.5328,15.7442,
184.68,6.96556,11.7777,-74.3354,22.1951,1.31567,18.7021,-84.5328,15.7442,
184.71,6.96556,11.7777,-74.3354,22.1951,1.31567,18.7021,-84.5328,15.7442,
184.74,6.96556,11.7777,-74.3354,22.1951,1.31567,18.7021,-84.5328,15.7442,
184.77,6.96556,11.7777,-74.3354,22.1951,1.31567,18.7021,-84.5328,15.7442,
184.8,6.96556,11.7777,-74.3354,22.1951,1.31567,18.7021,-84.5328,15.7442,
184.83,6.96556,11.7777,-74.3354,22.1951,1.31567,18.7021,-84.5328,15.7442,
184.86,6.96556,11.7777,-74.3354,22.1951,2.72405,17.6348,-99.3671,15.3347,
184.89,6.96556,11.7777,-74.3354,22.1951,2.72405,17.6348,-99.3671,15.3347,
184.92,6.96556,11.7777,-74.3354,22.1951,2.72405,17.6348,-99.3671,15.3347,
184.95,6.96556,11.7777,-74.3354,22.1951,2.72405,17.6348,-99.3671,15.3347,
184.98,5.57802,11.0334,-73.9246,21.3552,2.72405,17.6348,-99.3671,15.3347,
185.01,5.57802,11.0334,-73.9246,21.3552,2.72405,17.6348,-99.3671,15.3347,
185.04,5.57802,11.0334,-73.9246,21.3552,2.72405,17.6348,-99.3671,15.3347,
185.07,5.54797,10.954,-74.0571,21.2558,2.72405,17.6348,-99.3671,15.3347,
185.1,5.54797,10.954,-74.0571,21.2558,2.72405,17.6348,-99.3671,15.3347,
185.13,5.58111,10.9037,-76.2762,21.0852,2.72405,17.6348,-99.3671,15.3347,
185.16,5.58111,10.9037,-76.2762,21.0852,2.72405,17.6348,-99.3671,15.3347,
185.19,5.58111,10.9037,-76.2762,21.0852,2.72405,17.6348,-99.3671,15.3347,
185.22,5.58111,10.9037,-76.2762,21.0852,2.72405,17.6348,-99.3671,15.3347,
185.25,5.58111,10.9037,-76.2762,21.0852,2.72405,17.6348,-99.3671,15.3347,
185.28,5.58111,10.9037,-76.2762,21.0852,2.72405,17.6348,-99.3671,15.3347,
185.31,5.58111,10.9037,-76.2762,21.0852,2.72405,17.6348,-99.3671,15.3347,
185.34,5.58111,10.9037,-76.2762,21.0852,1.77916,17.5958,-97.113,15.5331,
185.37,5.58111,10.9037,-76.2762,21.0852,1.77916,17.5958,-97.113,15.5331,
185.4,5.58111,10.9037,-76.2762,21.0852,1.77916,17.5958,-97.113,15.5331,
185.43,5.58111,10.9037,-76.2762,21.0852,2.67964,17.321,-102.72,15.3666,
185.46,5.58111,10.9037,-76.2762,21.0852,2.67964,17.321,-102.72,15.3666,
185.49,5.58111,10.9037,-76.2762,21.0852,2.67964,17.321,-102.72,15.3666,
185.52,5.58111,10.9037,-76.2762,21.0852,2.67964,17.321,-102.72,15.3666,
185.55,5.58111,10.9037,-76.2762,21.0852,2.36173,17.3157,-103.225,15.2823,
185.58,5.58111,10.9037,-76.2762,21.0852,2.36173,17.3157,-103.225,15.2823,
185.61,5.75926,10.7624,-75.5147,21.3098,2.36173,17.3157,-103.225,15.2823,
185.64,5.75926,10.7624,-75.5147,21.3098,2.36173,17.3157,-103.225,15.2823,
185.67,6.21562,10.666,-77.782,21.0826,1.48793,17.5511,-96.4494,15.4762,
185.7,6.21562,10.666,-77.782,21.0826,1.48793,17.5511,-96.4494,15.4762,
185.73,6.21562,10.666,-77.782,21.0826,1.48793,17.5511,-96.4494,15.4762,
185.76,6.21562,10.666,-77.782,21.0826,1.48793,17.5511,-96.4494,15.4762,
185.79,6.52089,10.5946,-79.2686,20.9608,1.97368,17.4659,-98.4344,15.4761,
185.82,6.52089,10.5946,-79.2686,20.9608,1.97368,17.4659,-98.4344,15.4761,
185.85,6.52089,10.5946,-79.2686,20.9608,1.97368,17.4659,-98.4344,15.4761,
185.88,6.52089,10.5946,-79.2686,20.9608,1.97368,17.4659,-98.4344,15.4761,
185.91,6.90339,10.5134,-80.489,20.8427,2.66271,17.3215,-101.914,15.4487,
185.94,6.90339,10.5134,-80.489,20.8427,2.66271,17.3215,-101.914,15.4487,
185.97,6.90339,10.5134,-80.489,20.8427,2.66271,17.3215,-101.914,15.4487,
186,6.90339,10.5134,-80.489,20.8427,2.66271,17.3215,-101.914,15.4487,
186.03,6.90339,10.5134,-80.489,20.8427,3.04195,17.2853,-104.088,15.5031,
186.06,6.90339,10.5134,-80.489,20.8427,3.04195,17.2853,-104.088,15.5031,
186.09,6.90339,10.5134,-80.489,20.8427,3.04195,17.2853,-104.088,15.5031,
186.12,6.90339,10.5134,-80.489,20.8427,3.04195,17.2853,-104.088,15.5031,
186.15,6.90339,10.5134,-80.489,20.8427,3.04195,17.2853,-104.088,15.5031,
186.18,6.90339,10.5134,-80.489,20.8427,3.04195,17.2853,-104.088,15.5031,
186.21,6.90339,10.5134,-80.489,20.8427,3.04195,17.2853,-104.088,15.5031,
186.24,6.90339,10.5134,-80.489,20.8427,3.04195,17.2853,-104.088,15.5031,
186.27,6.90339,10.5134,-80.489,20.8427,3.04195,17.2853,-104.088,15.5031,
186.3,6.90339,10.5134,-80.489,20.8427,3.04195,17.2853,-104.088,15.5031,
186.33,6.90339,10.5134,-80.489,20.8427,3.04195,17.2853,-104.088,15.5031,
186.36,6.90339,10.5134,-80.489,20.8427,3.04195,17.2853,-104.088,15.5031,
186.39,7.27637,10.1377,-82.2697,20.4854,3.04195,17.2853,-104.088,15.5031,
186.42,7.27637,10.1377,-82.2697,20.4854,3.04195,17.2853,-104.088,15.5031,
186.45,7.27637,10.1377,-82.2697,20.4854,3.04195,17.2853,-104.088,15.5031,
186.48,6.58124,10.0147,-80.0218,20.506,3.04195,17.2853,-104.088,15.5031,
186.51,6.58124,10.0147,-80.0218,20.506,3.70813,17.1366,-110.177,15.5805,
186.54,6.58124,10.0147,-80.0218,20.506,3.70813,17.1366,-110.177,15.5805,
186.57,6.58124,10.0147,-80.0218,20.506,3.70813,17.1366,-110.177,15.5805,
186.6,6.39028,9.94677,-77.0675,20.5943,3.70813,17.1366,-110.177,15.5805,
186.63,6.39028,9.94677,-77.0675,20.5943,3.70813,17.1366,-110.177,15.5805,
186.66,6.39028,9.94677,-77.0675,20.5943,3.70813,17.1366,-110.177,15.5805,
186.69,6.77335,9.93381,-78.8673,20.5038,3.70813,17.1366,-110.177,15.5805,
186.72,6.77335,9.93381,-78.8673,20.5038,3.70813,17.1366,-110.177,15.5805,
186.75,6.77335,9.93381,-78.8673,20.5038,3.70813,17.1366,-110.177,15.5805,
186.78,6.23832,9.82097,-75.4357,20.6044,3.70813,17.1366,-110.177,15.5805,
186.81,6.23832,9.82097,-75.4357,20.6044,3.70813,17.1366,-110.177,15.5805,
186.84,6.23832,9.82097,-75.4357,20.6044,3.70813,17.1366,-110.177,15.5805,
186.87,6.23832,9.82097,-75.4357,20.6044,3.70813,17.1366,-110.177,15.5805,
186.9,6.23832,9.82097,-75.4357,20.6044,3.70813,17.1366,-110.177,15.5805,
186.93,6.23832,9.82097,-75.4357,20.6044,3.70813,17.1366,-110.177,15.5805,
186.96,6.23832,9.82097,-75.4357,20.6044,3.70813,17.1366,-110.177,15.5805,
186.99,6.23832,9.82097,-75.4357,20.6044,3.96591,17.0248,-113.743,15.6871,
187.02,6.23832,9.82097,-75.4357,20.6044,3.96591,17.0248,-113.743,15.6871,
187.05,6.23832,9.82097,-75.4357,20.6044,3.77704,16.9937,-112.298,15.5659,
187.08,6.23832,9.82097,-75.4357,20.6044,3.77704,16.9937,-112.298,15.5659,
187.11,6.23832,9.82097,-75.4357,20.6044,3.77704,16.9937,-112.298,15.5659,
187.14,6.23832,9.82097,-75.4357,20.6044,3.77704,16.9937,-112.298,15.5659,
187.17,6.23832,9.82097,-75.4357,20.6044,3.48048,17.0061,-109.281,15.4554,
187.2,6.23832,9.82097,-75.4357,20.6044,2.77029,17.2031,-102.077,15.5625,
187.23,6.23832,9.82097,-75.4357,20.6044,2.77029,17.2031,-102.077,15.5625,
187.26,5.59247,9.61061,-65.6065,21.2772,2.77029,17.2031,-102.077,15.5625,
187.29,5.59247,9.61061,-65.6065,21.2772,2.77029,17.2031,-102.077,15.5625,
187.32,5.59247,9.61061,-65.6065,21.2772,2.77029,17.2031,-102.077,15.5625,
187.35,5.59247,9.61061,-65.6065,21.2772,2.77029,17.2031,-102.077,15.5625,
187.38,5.59247,9.61061,-65.6065,21.2772,2.77029,17.2031,-102.077,15.5625,
187.41,5.59247,9.61061,-65.6065,21.2772,2.77029,17.2031,-102.077,15.5625,
187.44,5.59247,9.61061,-65.6065,21.2772,2.77029,17.2031,-102.077,15.5625,
187.47,5.59247,9.61061,-65.6065,21.2772,2.77029,17.2031,-102.077,15.5625,
187.5,5.59247,9.61061,-65.6065,21.2772,2.77029,17.2031,-102.077,15.5625,
187.53,5.59247,9.61061,-65.6065,21.2772,2.77029,17.2031,-102.077,15.5625,
187.56,5.59247,9.61061,-65.6065,21.2772,2.77029,17.2031,-102.077,15.5625,
187.59,5.59247,9.61061,-65.6065,21.2772,2.77029,17.2031,-102.077,15.5625,
187.62,5.59247,9.61061,-65.6065,21.2772,2.77029,17.2031,-102.077,15.5625,
187.65,5.59247,9.61061,-65.6065,21.2772,2.77029,17.2031,-102.077,15.5625,
187.68,5.59247,9.61061,-65.6065,21.2772,2.77029,17.2031,-102.077,15.5625,
187.71,5.59247,9.61061,-65.6065,21.2772,2.77029,17.2031,-102.077,15.5625,
187.74,5.59247,9.61061,-65.6065,21.2772,2.77029,17.2031,-102.077,15.5625,
187.77,5.59247,9.61061,-65.6065,21.2772,2.77029,17.2031,-102.077,15.5625,
187.8,5.59247,9.61061,-65.6065,21.2772,2.77029,17.2031,-102.077,15.5625,
187.83,5.59247,9.61061,-65.6065,21.2772,2.77029,17.2031,-102.077,15.5625,
187.86,5.59247,9.61061,-65.6065,21.2772,2.77029,17.2031,-102.077,15.5625,
187.89,5.59247,9.61061,-65.6065,21.2772,2.77029,17.2031,-102.077,15.5625,
187.92,5.59247,9.61061,-65.6065,21.2772,2.77029,17.2031,-102.077,15.5625,
187.95,5.59247,9.61061,-65.6065,21.2772,2.77029,17.2031,-102.077,15.5625,
187.98,5.59247,9.61061,-65.6065,21.2772,2.77029,17.2031,-102.077,15.5625,
188.01,5.59247,9.61061,-65.6065,21.2772,2.77029,17.2031,-102.077,15.5625,
188.04,5.59247,9.61061,-65.6065,21.2772,2.77029,17.2031,-102.077,15.5625,
188.07,5.59247,9.61061,-65.6065,21.2772,2.77029,17.2031,-102.077,15.5625,
188.1,5.59247,9.61061,-65.6065,21.2772,2.77029,17.2031,-102.077,15.5625,
188.13,5.59247,9.61061,-65.6065,21.2772,2.77029,17.2031,-102.077,15.5625,
188.16,5.59247,9.61061,-65.6065,21.2772,2.77029,17.2031,-102.077,15.5625,
188.19,5.59247,9.61061,-65.6065,21.2772,2.77029,17.2031,-102.077,15.5625,
188.22,5.59247,9.61061,-65.6065,21.2772,2.77029,17.2031,-102.077,15.5625,
188.25,5.59247,9.61061,-65.6065,21.2772,2.77029,17.2031,-102.077,15.5625,
188.28,5.59247,9.61061,-65.6065,21.2772,2.77029,17.2031,-102.077,15.5625,
188.31,5.59247,9.61061,-65.6065,21.2772,2.77029,17.2031,-102.077,15.5625,
188.34,5.59247,9.61061,-65.6065,21.2772,2.77029,17.2031,-102.077,15.5625,
188.37,5.59247,9.61061,-65.6065,21.2772,2.77029,17.2031,-102.077,15.5625,
188.4,5.59247,9.61061,-65.6065,21.2772,2.77029,17.2031,-102.077,15.5625,
188.43,5.59247,9.61061,-65.6065,21.2772,2.77029,17.2031,-102.077,15.5625,
188.46,5.59247,9.61061,-65.6065,21.2772,2.77029,17.2031,-102.077,15.5625,
188.49,5.59247,9.61061,-65.6065,21.2772,2.77029,17.2031,-102.077,15.5625,
188.52,5.59247,9.61061,-65.6065,21.2772,2.77029,17.2031,-102.077,15.5625,
188.55,5.59247,9.61061,-65.6065,21.2772,2.77029,17.2031,-102.077,15.5625,
188.58,5.59247,9.61061,-65.6065,21.2772,2.77029,17.2031,-102.077,15.5625,
188.61,5.59247,9.61061,-65.6065,21.2772,2.77029,17.2031,-102.077,15.5625,
188.64,5.59247,9.61061,-65.6065,21.2772,2.77029,17.2031,-102.077,15.5625,
188.67,5.59247,9.61061,-65.6065,21.2772,2.77029,17.2031,-102.077,15.5625,
188.7,5.59247,9.61061,-65.6065,21.2772,2.77029,17.2031,-102.077,15.5625,
188.73,5.59247,9.61061,-65.6065,21.2772,2.77029,17.2031,-102.077,15.5625,
188.76,5.59247,9.61061,-65.6065,21.2772,2.77029,17.2031,-102.077,15.5625,
188.79,5.59247,9.61061,-65.6065,21.2772,2.77029,17.2031,-102.077,15.5625,
188.82,5.59247,9.61061,-65.6065,21.2772,2.77029,17.2031,-102.077,15.5625,
188.85,5.59247,9.61061,-65.6065,21.2772,2.77029,17.2031,-102.077,15.5625,
188.88,5.59247,9.61061,-65.6065,21.2772,2.77029,17.2031,-102.077,15.5625,
188.91,5.59247,9.61061,-65.6065,21.2772,2.77029,17.2031,-102.077,15.5625,
188.94,5.59247,9.61061,-65.6065,21.2772,2.77029,17.2031,-102.077,15.5625,
188.97,5.59247,9.61061,-65.6065,21.2772,2.77029,17.2031,-102.077,15.5625,
189,5.59247,9.61061,-65.6065,21.2772,2.77029,17.2031,-102.077,15.5625,
189.03,5.59247,9.61061,-65.6065,21.2772,2.77029,17.2031,-102.077,15.5625,
189.06,5.59247,9.61061,-65.6065,21.2772,2.77029,17.2031,-102.077,15.5625,
189.09,5.59247,9.61061,-65.6065,21.2772,2.77029,17.2031,-102.077,15.5625,
189.12,5.59247,9.61061,-65.6065,21.2772,2.77029,17.2031,-102.077,15.5625,
189.15,5.59247,9.61061,-65.6065,21.2772,2.77029,17.2031,-102.077,15.5625,
189.18,5.59247,9.61061,-65.6065,21.2772,2.77029,17.2031,-102.077,15.5625,
189.21,5.59247,9.61061,-65.6065,21.2772,2.77029,17.2031,-102.077,15.5625,
189.24,5.59247,9.61061,-65.6065,21.2772,2.77029,17.2031,-102.077,15.5625,
189.27,5.59247,9.61061,-65.6065,21.2772,2.77029,17.2031,-102.077,15.5625,
189.3,5.59247,9.61061,-65.6065,21.2772,2.77029,17.2031,-102.077,15.5625,
189.33,5.59247,9.61061,-65.6065,21.2772,2.77029,17.2031,-102.077,15.5625,
189.36,5.59247,9.61061,-65.6065,21.2772,2.77029,17.2031,-102.077,15.5625,
189.39,5.59247,9.61061,-65.6065,21.2772,2.77029,17.2031,-102.077,15.5625,
189.42,5.59247,9.61061,-65.6065,21.2772,2.77029,17.2031,-102.077,15.5625,
189.45,5.59247,9.61061,-65.6065,21.2772,2.77029,17.2031,-102.077,15.5625,
189.48,5.59247,9.61061,-65.6065,21.2772,2.77029,17.2031,-102.077,15.5625,
189.51,5.59247,9.61061,-65.6065,21.2772,2.77029,17.2031,-102.077,15.5625,
189.54,5.59247,9.61061,-65.6065,21.2772,2.77029,17.2031,-102.077,15.5625,
189.57,5.59247,9.61061,-65.6065,21.2772,2.77029,17.2031,-102.077,15.5625,
189.6,5.59247,9.61061,-65.6065,21.2772,2.77029,17.2031,-102.077,15.5625,
189.63,5.59247,9.61061,-65.6065,21.2772,2.77029,17.2031,-102.077,15.5625,
189.66,5.59247,9.61061,-65.6065,21.2772,2.77029,17.2031,-102.077,15.5625,
189.69,5.59247,9.61061,-65.6065,21.2772,2.77029,17.2031,-102.077,15.5625,
189.72,5.59247,9.61061,-65.6065,21.2772,2.77029,17.2031,-102.077,15.5625,
189.75,5.59247,9.61061,-65.6065,21.2772,2.77029,17.2031,-102.077,15.5625,
189.78,5.59247,9.61061,-65.6065,21.2772,2.77029,17.2031,-102.077,15.5625,
189.81,5.59247,9.61061,-65.6065,21.2772,2.77029,17.2031,-102.077,15.5625,
189.84,5.59247,9.61061,-65.6065,21.2772,2.77029,17.2031,-102.077,15.5625,
189.87,5.59247,9.61061,-65.6065,21.2772,2.77029,17.2031,-102.077,15.5625,
189.9,5.59247,9.61061,-65.6065,21.2772,2.77029,17.2031,-102.077,15.5625,
189.93,5.59247,9.61061,-65.6065,21.2772,2.77029,17.2031,-102.077,15.5625,
189.96,5.59247,9.61061,-65.6065,21.2772,2.77029,17.2031,-102.077,15.5625,
189.99,5.59247,9.61061,-65.6065,21.2772,2.77029,17.2031,-102.077,15.5625,
190.02,5.59247,9.61061,-65.6065,21.2772,2.77029,17.2031,-102.077,15.5625,
190.05,5.59247,9.61061,-65.6065,21.2772,2.77029,17.2031,-102.077,15.5625,
190.08,5.59247,9.61061,-65.6065,21.2772,2.77029,17.2031,-102.077,15.5625,
190.11,5.59247,9.61061,-65.6065,21.2772,2.77029,17.2031,-102.077,15.5625,
190.14,5.59247,9.61061,-65.6065,21.2772,2.77029,17.2031,-102.077,15.5625,
190.17,5.59247,9.61061,-65.6065,21.2772,2.77029,17.2031,-102.077,15.5625,
190.2,5.59247,9.61061,-65.6065,21.2772,2.77029,17.2031,-102.077,15.5625,
190.23,5.59247,9.61061,-65.6065,21.2772,2.77029,17.2031,-102.077,15.5625,
190.26,5.59247,9.61061,-65.6065,21.2772,2.77029,17.2031,-102.077,15.5625,
190.29,5.59247,9.61061,-65.6065,21.2772,2.77029,17.2031,-102.077,15.5625,
190.32,5.59247,9.61061,-65.6065,21.2772,2.77029,17.2031,-102.077,15.5625,
190.35,5.59247,9.61061,-65.6065,21.2772,2.77029,17.2031,-102.077,15.5625,
190.38,5.59247,9.61061,-65.6065,21.2772,2.77029,17.2031,-102.077,15.5625,
190.41,5.59247,9.61061,-65.6065,21.2772,2.77029,17.2031,-102.077,15.5625,
190.44,5.59247,9.61061,-65.6065,21.2772,2.77029,17.2031,-102.077,15.5625,
190.47,5.59247,9.61061,-65.6065,21.2772,2.77029,17.2031,-102.077,15.5625,
190.5,5.59247,9.61061,-65.6065,21.2772,2.77029,17.2031,-102.077,15.5625,
190.53,5.59247,9.61061,-65.6065,21.2772,2.77029,17.2031,-102.077,15.5625,
190.56,5.59247,9.61061,-65.6065,21.2772,2.77029,17.2031,-102.077,15.5625,
190.59,5.59247,9.61061,-65.6065,21.2772,2.77029,17.2031,-102.077,15.5625,
190.62,5.59247,9.61061,-65.6065,21.2772,2.77029,17.2031,-102.077,15.5625,
190.65,5.59247,9.61061,-65.6065,21.2772,2.77029,17.2031,-102.077,15.5625,
190.68,5.59247,9.61061,-65.6065,21.2772,2.77029,17.2031,-102.077,15.5625,
190.71,5.59247,9.61061,-65.6065,21.2772,2.77029,17.2031,-102.077,15.5625,
190.74,5.59247,9.61061,-65.6065,21.2772,2.77029,17.2031,-102.077,15.5625,
190.77,5.59247,9.61061,-65.6065,21.2772,2.77029,17.2031,-102.077,15.5625,
190.8,5.59247,9.61061,-65.6065,21.2772,2.77029,17.2031,-102.077,15.5625,
190.83,5.59247,9.61061,-65.6065,21.2772,2.77029,17.2031,-102.077,15.5625,
190.86,5.59247,9.61061,-65.6065,21.2772,2.77029,17.2031,-102.077,15.5625,
190.89,5.59247,9.61061,-65.6065,21.2772,2.77029,17.2031,-102.077,15.5625,
190.92,5.59247,9.61061,-65.6065,21.2772,2.77029,17.2031,-102.077,15.5625,
190.95,5.59247,9.61061,-65.6065,21.2772,2.77029,17.2031,-102.077,15.5625,
190.98,5.59247,9.61061,-65.6065,21.2772,2.77029,17.2031,-102.077,15.5625,
191.01,5.59247,9.61061,-65.6065,21.2772,2.77029,17.2031,-102.077,15.5625,
191.04,5.59247,9.61061,-65.6065,21.2772,2.77029,17.2031,-102.077,15.5625,
191.07,5.59247,9.61061,-65.6065,21.2772,2.77029,17.2031,-102.077,15.5625,
191.1,5.59247,9.61061,-65.6065,21.2772,2.77029,17.2031,-102.077,15.5625,
191.13,5.59247,9.61061,-65.6065,21.2772,2.77029,17.2031,-102.077,15.5625,
191.16,5.59247,9.61061,-65.6065,21.2772,2.77029,17.2031,-102.077,15.5625,
191.19,5.59247,9.61061,-65.6065,21.2772,2.77029,17.2031,-102.077,15.5625,
191.22,5.59247,9.61061,-65.6065,21.2772,2.77029,17.2031,-102.077,15.5625,
191.25,5.59247,9.61061,-65.6065,21.2772,2.77029,17.2031,-102.077,15.5625,
191.28,5.59247,9.61061,-65.6065,21.2772,2.77029,17.2031,-102.077,15.5625,
191.31,5.59247,9.61061,-65.6065,21.2772,2.77029,17.2031,-102.077,15.5625,
191.34,5.59247,9.61061,-65.6065,21.2772,2.77029,17.2031,-102.077,15.5625,
191.37,5.59247,9.61061,-65.6065,21.2772,2.77029,17.2031,-102.077,15.5625,
191.4,5.59247,9.61061,-65.6065,21.2772,2.77029,17.2031,-102.077,15.5625,
191.43,5.59247,9.61061,-65.6065,21.2772,2.77029,17.2031,-102.077,15.5625,
191.46,5.59247,9.61061,-65.6065,21.2772,2.77029,17.2031,-102.077,15.5625,
191.49,5.59247,9.61061,-65.6065,21.2772,2.77029,17.2031,-102.077,15.5625,
191.52,5.59247,9.61061,-65.6065,21.2772,2.77029,17.2031,-102.077,15.5625,
191.55,5.59247,9.61061,-65.6065,21.2772,2.77029,17.2031,-102.077,15.5625,
191.58,5.59247,9.61061,-65.6065,21.2772,2.77029,17.2031,-102.077,15.5625,
191.61,5.59247,9.61061,-65.6065,21.2772,2.77029,17.2031,-102.077,15.5625,
191.64,5.59247,9.61061,-65.6065,21.2772,2.77029,17.2031,-102.077,15.5625,
191.67,5.59247,9.61061,-65.6065,21.2772,2.77029,17.2031,-102.077,15.5625,
191.7,5.59247,9.61061,-65.6065,21.2772,2.77029,17.2031,-102.077,15.5625,
191.73,5.59247,9.61061,-65.6065,21.2772,2.77029,17.2031,-102.077,15.5625,
191.76,5.59247,9.61061,-65.6065,21.2772,2.77029,17.2031,-102.077,15.5625,
191.79,5.59247,9.61061,-65.6065,21.2772,2.77029,17.2031,-102.077,15.5625,
191.82,5.59247,9.61061,-65.6065,21.2772,2.77029,17.2031,-102.077,15.5625,
191.85,5.59247,9.61061,-65.6065,21.2772,2.77029,17.2031,-102.077,15.5625,
191.88,5.59247,9.61061,-65.6065,21.2772,2.77029,17.2031,-102.077,15.5625,
191.91,5.59247,9.61061,-65.6065,21.2772,2.77029,17.2031,-102.077,15.5625,
191.94,5.59247,9.61061,-65.6065,21.2772,2.77029,17.2031,-102.077,15.5625,
191.97,5.59247,9.61061,-65.6065,21.2772,2.77029,17.2031,-102.077,15.5625,
192,5.59247,9.61061,-65.6065,21.2772,2.77029,17.2031,-102.077,15.5625,
192.03,5.59247,9.61061,-65.6065,21.2772,2.77029,17.2031,-102.077,15.5625,
192.06,5.59247,9.61061,-65.6065,21.2772,2.77029,17.2031,-102.077,15.5625,
192.09,5.59247,9.61061,-65.6065,21.2772,2.77029,17.2031,-102.077,15.5625,
192.12,5.59247,9.61061,-65.6065,21.2772,2.77029,17.2031,-102.077,15.5625,
192.15,5.59247,9.61061,-65.6065,21.2772,2.77029,17.2031,-102.077,15.5625,
192.18,5.59247,9.61061,-65.6065,21.2772,2.77029,17.2031,-102.077,15.5625,
192.21,5.59247,9.61061,-65.6065,21.2772,2.77029,17.2031,-102.077,15.5625,
192.24,5.59247,9.61061,-65.6065,21.2772,2.77029,17.2031,-102.077,15.5625,
192.27,5.59247,9.61061,-65.6065,21.2772,2.77029,17.2031,-102.077,15.5625,
192.3,5.59247,9.61061,-65.6065,21.2772,2.77029,17.2031,-102.077,15.5625,
192.33,5.59247,9.61061,-65.6065,21.2772,2.77029,17.2031,-102.077,15.5625,
192.36,5.59247,9.61061,-65.6065,21.2772,2.77029,17.2031,-102.077,15.5625,
192.39,5.59247,9.61061,-65.6065,21.2772,2.77029,17.2031,-102.077,15.5625,
192.42,5.59247,9.61061,-65.6065,21.2772,2.77029,17.2031,-102.077,15.5625,
192.45,5.59247,9.61061,-65.6065,21.2772,2.77029,17.2031,-102.077,15.5625,
192.48,5.59247,9.61061,-65.6065,21.2772,2.77029,17.2031,-102.077,15.5625,
192.51,5.59247,9.61061,-65.6065,21.2772,2.77029,17.2031,-102.077,15.5625,
192.54,5.59247,9.61061,-65.6065,21.2772,2.77029,17.2031,-102.077,15.5625,
192.57,5.59247,9.61061,-65.6065,21.2772,2.77029,17.2031,-102.077,15.5625,
192.6,5.59247,9.61061,-65.6065,21.2772,2.77029,17.2031,-102.077,15.5625,
192.63,5.59247,9.61061,-65.6065,21.2772,2.77029,17.2031,-102.077,15.5625,
192.66,5.59247,9.61061,-65.6065,21.2772,2.77029,17.2031,-102.077,15.5625,
192.69,5.59247,9.61061,-65.6065,21.2772,2.77029,17.2031,-102.077,15.5625,
192.72,5.59247,9.61061,-65.6065,21.2772,2.77029,17.2031,-102.077,15.5625,
192.75,5.59247,9.61061,-65.6065,21.2772,2.77029,17.2031,-102.077,15.5625,
192.78,5.59247,9.61061,-65.6065,21.2772,2.77029,17.2031,-102.077,15.5625,
192.81,5.59247,9.61061,-65.6065,21.2772,2.77029,17.2031,-102.077,15.5625,
192.84,5.59247,9.61061,-65.6065,21.2772,2.77029,17.2031,-102.077,15.5625,
192.87,5.59247,9.61061,-65.6065,21.2772,2.77029,17.2031,-102.077,15.5625,
192.9,5.59247,9.61061,-65.6065,21.2772,2.77029,17.2031,-102.077,15.5625,
192.93,5.59247,9.61061,-65.6065,21.2772,2.77029,17.2031,-102.077,15.5625,
192.96,5.59247,9.61061,-65.6065,21.2772,2.77029,17.2031,-102.077,15.5625,
192.99,5.59247,9.61061,-65.6065,21.2772,2.77029,17.2031,-102.077,15.5625,
193.02,5.59247,9.61061,-65.6065,21.2772,2.77029,17.2031,-102.077,15.5625,
193.05,5.59247,9.61061,-65.6065,21.2772,2.77029,17.2031,-102.077,15.5625,
193.08,5.59247,9.61061,-65.6065,21.2772,2.77029,17.2031,-102.077,15.5625,
193.11,5.59247,9.61061,-65.6065,21.2772,2.77029,17.2031,-102.077,15.5625,
193.14,5.59247,9.61061,-65.6065,21.2772,2.77029,17.2031,-102.077,15.5625,
193.17,5.59247,9.61061,-65.6065,21.2772,2.77029,17.2031,-102.077,15.5625,
193.2,5.59247,9.61061,-65.6065,21.2772,2.77029,17.2031,-102.077,15.5625,
193.23,5.59247,9.61061,-65.6065,21.2772,2.77029,17.2031,-102.077,15.5625,
193.26,5.59247,9.61061,-65.6065,21.2772,2.77029,17.2031,-102.077,15.5625,
193.29,5.59247,9.61061,-65.6065,21.2772,2.77029,17.2031,-102.077,15.5625,
193.32,5.59247,9.61061,-65.6065,21.2772,2.77029,17.2031,-102.077,15.5625,
193.35,5.59247,9.61061,-65.6065,21.2772,2.77029,17.2031,-102.077,15.5625,
193.38,5.59247,9.61061,-65.6065,21.2772,2.77029,17.2031,-102.077,15.5625,
193.41,5.59247,9.61061,-65.6065,21.2772,2.77029,17.2031,-102.077,15.5625,
193.44,5.59247,9.61061,-65.6065,21.2772,2.77029,17.2031,-102.077,15.5625,
193.47,5.59247,9.61061,-65.6065,21.2772,2.77029,17.2031,-102.077,15.5625,
193.5,5.59247,9.61061,-65.6065,21.2772,2.77029,17.2031,-102.077,15.5625,
193.53,5.59247,9.61061,-65.6065,21.2772,2.77029,17.2031,-102.077,15.5625,
193.56,5.59247,9.61061,-65.6065,21.2772,2.77029,17.2031,-102.077,15.5625,
193.59,5.59247,9.61061,-65.6065,21.2772,2.77029,17.2031,-102.077,15.5625,
193.62,5.59247,9.61061,-65.6065,21.2772,2.77029,17.2031,-102.077,15.5625,
193.65,5.59247,9.61061,-65.6065,21.2772,2.77029,17.2031,-102.077,15.5625,
193.68,5.59247,9.61061,-65.6065,21.2772,2.77029,17.2031,-102.077,15.5625,
193.71,5.59247,9.61061,-65.6065,21.2772,2.77029,17.2031,-102.077,15.5625,
193.74,5.59247,9.61061,-65.6065,21.2772,2.77029,17.2031,-102.077,15.5625,
193.77,5.59247,9.61061,-65.6065,21.2772,2.77029,17.2031,-102.077,15.5625,
193.8,5.59247,9.61061,-65.6065,21.2772,2.77029,17.2031,-102.077,15.5625,
193.83,5.59247,9.61061,-65.6065,21.2772,2.77029,17.2031,-102.077,15.5625,
193.86,5.59247,9.61061,-65.6065,21.2772,2.77029,17.2031,-102.077,15.5625,
193.89,5.59247,9.61061,-65.6065,21.2772,2.77029,17.2031,-102.077,15.5625,
193.92,5.59247,9.61061,-65.6065,21.2772,2.77029,17.2031,-102.077,15.5625,
193.95,5.59247,9.61061,-65.6065,21.2772,2.77029,17.2031,-102.077,15.5625,
193.98,5.59247,9.61061,-65.6065,21.2772,2.77029,17.2031,-102.077,15.5625,
194.01,5.59247,9.61061,-65.6065,21.2772,2.77029,17.2031,-102.077,15.5625,
194.04,5.59247,9.61061,-65.6065,21.2772,2.77029,17.2031,-102.077,15.5625,
194.07,5.59247,9.61061,-65.6065,21.2772,2.77029,17.2031,-102.077,15.5625,
194.1,5.59247,9.61061,-65.6065,21.2772,2.77029,17.2031,-102.077,15.5625,
194.13,5.59247,9.61061,-65.6065,21.2772,2.77029,17.2031,-102.077,15.5625,
194.16,5.59247,9.61061,-65.6065,21.2772,2.77029,17.2031,-102.077,15.5625,
194.19,5.59247,9.61061,-65.6065,21.2772,2.77029,17.2031,-102.077,15.5625,
194.22,5.59247,9.61061,-65.6065,21.2772,2.77029,17.2031,-102.077,15.5625,
194.25,5.59247,9.61061,-65.6065,21.2772,2.77029,17.2031,-102.077,15.5625,
194.28,5.59247,9.61061,-65.6065,21.2772,2.77029,17.2031,-102.077,15.5625,
194.31,5.59247,9.61061,-65.6065,21.2772,2.77029,17.2031,-102.077,15.5625,
194.34,5.59247,9.61061,-65.6065,21.2772,2.77029,17.2031,-102.077,15.5625,
194.37,5.59247,9.61061,-65.6065,21.2772,2.77029,17.2031,-102.077,15.5625,
194.4,5.59247,9.61061,-65.6065,21.2772,2.77029,17.2031,-102.077,15.5625,
194.43,5.59247,9.61061,-65.6065,21.2772,2.77029,17.2031,-102.077,15.5625,
194.46,5.59247,9.61061,-65.6065,21.2772,2.77029,17.2031,-102.077,15.5625,
194.49,5.59247,9.61061,-65.6065,21.2772,2.77029,17.2031,-102.077,15.5625,
194.52,5.59247,9.61061,-65.6065,21.2772,2.77029,17.2031,-102.077,15.5625,
194.55,5.59247,9.61061,-65.6065,21.2772,2.77029,17.2031,-102.077,15.5625,
194.58,5.59247,9.61061,-65.6065,21.2772,2.77029,17.2031,-102.077,15.5625,
194.61,5.59247,9.61061,-65.6065,21.2772,2.77029,17.2031,-102.077,15.5625,
194.64,5.59247,9.61061,-65.6065,21.2772,2.77029,17.2031,-102.077,15.5625,
194.67,5.59247,9.61061,-65.6065,21.2772,2.77029,17.2031,-102.077,15.5625,
194.7,5.59247,9.61061,-65.6065,21.2772,2.77029,17.2031,-102.077,15.5625,
194.73,5.59247,9.61061,-65.6065,21.2772,2.77029,17.2031,-102.077,15.5625,
194.76,5.59247,9.61061,-65.6065,21.2772,2.77029,17.2031,-102.077,15.5625,
194.79,5.59247,9.61061,-65.6065,21.2772,2.77029,17.2031,-102.077,15.5625,
194.82,5.59247,9.61061,-65.6065,21.2772,2.77029,17.2031,-102.077,15.5625,
194.85,5.59247,9.61061,-65.6065,21.2772,2.77029,17.2031,-102.077,15.5625,
194.88,5.59247,9.61061,-65.6065,21.2772,2.77029,17.2031,-102.077,15.5625,
194.91,5.59247,9.61061,-65.6065,21.2772,2.77029,17.2031,-102.077,15.5625,
194.94,5.59247,9.61061,-65.6065,21.2772,2.77029,17.2031,-102.077,15.5625,
194.97,5.59247,9.61061,-65.6065,21.2772,2.77029,17.2031,-102.077,15.5625,
195,5.59247,9.61061,-65.6065,21.2772,2.77029,17.2031,-102.077,15.5625,
195.03,5.59247,9.61061,-65.6065,21.2772,2.77029,17.2031,-102.077,15.5625,
195.06,5.59247,9.61061,-65.6065,21.2772,2.77029,17.2031,-102.077,15.5625,
195.09,5.59247,9.61061,-65.6065,21.2772,2.77029,17.2031,-102.077,15.5625,
195.12,5.59247,9.61061,-65.6065,21.2772,2.77029,17.2031,-102.077,15.5625,
195.15,5.59247,9.61061,-65.6065,21.2772,2.77029,17.2031,-102.077,15.5625,
195.18,5.59247,9.61061,-65.6065,21.2772,2.77029,17.2031,-102.077,15.5625,
195.21,5.59247,9.61061,-65.6065,21.2772,2.77029,17.2031,-102.077,15.5625,
195.24,5.59247,9.61061,-65.6065,21.2772,2.77029,17.2031,-102.077,15.5625,
195.27,5.59247,9.61061,-65.6065,21.2772,2.77029,17.2031,-102.077,15.5625,
195.3,5.59247,9.61061,-65.6065,21.2772,2.77029,17.2031,-102.077,15.5625,
195.33,5.59247,9.61061,-65.6065,21.2772,2.77029,17.2031,-102.077,15.5625,
195.36,5.59247,9.61061,-65.6065,21.2772,2.77029,17.2031,-102.077,15.5625,
195.39,5.59247,9.61061,-65.6065,21.2772,2.77029,17.2031,-102.077,15.5625,
195.42,5.59247,9.61061,-65.6065,21.2772,2.77029,17.2031,-102.077,15.5625,
195.45,5.59247,9.61061,-65.6065,21.2772,2.77029,17.2031,-102.077,15.5625,
195.48,5.59247,9.61061,-65.6065,21.2772,2.77029,17.2031,-102.077,15.5625,
195.51,5.59247,9.61061,-65.6065,21.2772,2.77029,17.2031,-102.077,15.5625,
195.54,5.59247,9.61061,-65.6065,21.2772,2.77029,17.2031,-102.077,15.5625,
195.57,5.59247,9.61061,-65.6065,21.2772,2.77029,17.2031,-102.077,15.5625,
195.6,5.59247,9.61061,-65.6065,21.2772,2.77029,17.2031,-102.077,15.5625,
195.63,5.59247,9.61061,-65.6065,21.2772,2.77029,17.2031,-102.077,15.5625,
195.66,5.59247,9.61061,-65.6065,21.2772,2.77029,17.2031,-102.077,15.5625,
195.69,5.59247,9.61061,-65.6065,21.2772,2.77029,17.2031,-102.077,15.5625,
195.72,5.59247,9.61061,-65.6065,21.2772,2.77029,17.2031,-102.077,15.5625,
195.75,5.59247,9.61061,-65.6065,21.2772,2.77029,17.2031,-102.077,15.5625,
195.78,5.59247,9.61061,-65.6065,21.2772,2.77029,17.2031,-102.077,15.5625,
195.81,5.59247,9.61061,-65.6065,21.2772,2.77029,17.2031,-102.077,15.5625,
195.84,5.59247,9.61061,-65.6065,21.2772,2.77029,17.2031,-102.077,15.5625,
195.87,5.59247,9.61061,-65.6065,21.2772,2.77029,17.2031,-102.077,15.5625,
195.9,5.59247,9.61061,-65.6065,21.2772,2.77029,17.2031,-102.077,15.5625,
195.93,5.59247,9.61061,-65.6065,21.2772,2.77029,17.2031,-102.077,15.5625,
195.96,5.59247,9.61061,-65.6065,21.2772,2.77029,17.2031,-102.077,15.5625,
195.99,5.59247,9.61061,-65.6065,21.2772,2.77029,17.2031,-102.077,15.5625,
196.02,5.59247,9.61061,-65.6065,21.2772,2.77029,17.2031,-102.077,15.5625,
196.05,5.59247,9.61061,-65.6065,21.2772,2.77029,17.2031,-102.077,15.5625,
196.08,5.59247,9.61061,-65.6065,21.2772,2.77029,17.2031,-102.077,15.5625,
196.11,5.59247,9.61061,-65.6065,21.2772,2.77029,17.2031,-102.077,15.5625,
196.14,5.59247,9.61061,-65.6065,21.2772,2.77029,17.2031,-102.077,15.5625,
196.17,5.59247,9.61061,-65.6065,21.2772,2.77029,17.2031,-102.077,15.5625,
196.2,5.59247,9.61061,-65.6065,21.2772,2.77029,17.2031,-102.077,15.5625,
196.23,5.59247,9.61061,-65.6065,21.2772,2.77029,17.2031,-102.077,15.5625,
196.26,5.59247,9.61061,-65.6065,21.2772,2.77029,17.2031,-102.077,15.5625,
196.29,5.59247,9.61061,-65.6065,21.2772,2.77029,17.2031,-102.077,15.5625,
196.32,5.59247,9.61061,-65.6065,21.2772,2.77029,17.2031,-102.077,15.5625,
196.35,5.59247,9.61061,-65.6065,21.2772,2.77029,17.2031,-102.077,15.5625,
196.38,5.59247,9.61061,-65.6065,21.2772,2.77029,17.2031,-102.077,15.5625,
196.41,5.59247,9.61061,-65.6065,21.2772,2.77029,17.2031,-102.077,15.5625,
196.44,5.59247,9.61061,-65.6065,21.2772,2.77029,17.2031,-102.077,15.5625,
196.47,5.59247,9.61061,-65.6065,21.2772,2.77029,17.2031,-102.077,15.5625,
196.5,5.59247,9.61061,-65.6065,21.2772,2.77029,17.2031,-102.077,15.5625,
196.53,5.59247,9.61061,-65.6065,21.2772,2.77029,17.2031,-102.077,15.5625,
196.56,5.59247,9.61061,-65.6065,21.2772,2.77029,17.2031,-102.077,15.5625,
196.59,5.59247,9.61061,-65.6065,21.2772,2.77029,17.2031,-102.077,15.5625,
196.62,5.59247,9.61061,-65.6065,21.2772,2.77029,17.2031,-102.077,15.5625,
196.65,5.59247,9.61061,-65.6065,21.2772,2.77029,17.2031,-102.077,15.5625,
196.68,5.59247,9.61061,-65.6065,21.2772,2.77029,17.2031,-102.077,15.5625,
196.71,5.59247,9.61061,-65.6065,21.2772,2.77029,17.2031,-102.077,15.5625,
196.74,5.59247,9.61061,-65.6065,21.2772,2.77029,17.2031,-102.077,15.5625,
196.77,5.59247,9.61061,-65.6065,21.2772,2.77029,17.2031,-102.077,15.5625,
196.8,5.59247,9.61061,-65.6065,21.2772,2.77029,17.2031,-102.077,15.5625,
196.83,5.59247,9.61061,-65.6065,21.2772,2.77029,17.2031,-102.077,15.5625,
196.86,5.59247,9.61061,-65.6065,21.2772,2.77029,17.2031,-102.077,15.5625,
196.89,5.59247,9.61061,-65.6065,21.2772,2.77029,17.2031,-102.077,15.5625,
196.92,5.59247,9.61061,-65.6065,21.2772,2.77029,17.2031,-102.077,15.5625,
196.95,5.59247,9.61061,-65.6065,21.2772,2.77029,17.2031,-102.077,15.5625,
196.98,5.59247,9.61061,-65.6065,21.2772,2.77029,17.2031,-102.077,15.5625,
197.01,5.59247,9.61061,-65.6065,21.2772,2.77029,17.2031,-102.077,15.5625,
197.04,5.59247,9.61061,-65.6065,21.2772,2.77029,17.2031,-102.077,15.5625,
197.07,5.59247,9.61061,-65.6065,21.2772,2.77029,17.2031,-102.077,15.5625,
197.1,5.59247,9.61061,-65.6065,21.2772,2.77029,17.2031,-102.077,15.5625,
197.13,5.59247,9.61061,-65.6065,21.2772,2.77029,17.2031,-102.077,15.5625,
197.16,5.59247,9.61061,-65.6065,21.2772,2.77029,17.2031,-102.077,15.5625,
197.19,5.59247,9.61061,-65.6065,21.2772,2.77029,17.2031,-102.077,15.5625,
197.22,5.59247,9.61061,-65.6065,21.2772,2.77029,17.2031,-102.077,15.5625,
197.25,5.59247,9.61061,-65.6065,21.2772,2.77029,17.2031,-102.077,15.5625,
197.28,5.59247,9.61061,-65.6065,21.2772,2.77029,17.2031,-102.077,15.5625,
197.31,5.59247,9.61061,-65.6065,21.2772,2.77029,17.2031,-102.077,15.5625,
197.34,5.59247,9.61061,-65.6065,21.2772,2.77029,17.2031,-102.077,15.5625,
197.37,5.59247,9.61061,-65.6065,21.2772,2.77029,17.2031,-102.077,15.5625,
197.4,5.59247,9.61061,-65.6065,21.2772,2.77029,17.2031,-102.077,15.5625,
197.43,5.59247,9.61061,-65.6065,21.2772,2.77029,17.2031,-102.077,15.5625,
197.46,5.59247,9.61061,-65.6065,21.2772,2.77029,17.2031,-102.077,15.5625,
197.49,5.59247,9.61061,-65.6065,21.2772,2.77029,17.2031,-102.077,15.5625,
197.52,5.59247,9.61061,-65.6065,21.2772,2.77029,17.2031,-102.077,15.5625,
197.55,5.59247,9.61061,-65.6065,21.2772,2.77029,17.2031,-102.077,15.5625,
197.58,5.59247,9.61061,-65.6065,21.2772,2.77029,17.2031,-102.077,15.5625,
197.61,5.59247,9.61061,-65.6065,21.2772,2.77029,17.2031,-102.077,15.5625,
197.64,5.59247,9.61061,-65.6065,21.2772,2.77029,17.2031,-102.077,15.5625,
197.67,5.59247,9.61061,-65.6065,21.2772,2.77029,17.2031,-102.077,15.5625,
197.7,5.59247,9.61061,-65.6065,21.2772,2.77029,17.2031,-102.077,15.5625,
197.73,5.59247,9.61061,-65.6065,21.2772,2.77029,17.2031,-102.077,15.5625,
197.76,5.59247,9.61061,-65.6065,21.2772,2.77029,17.2031,-102.077,15.5625,
197.79,5.59247,9.61061,-65.6065,21.2772,2.77029,17.2031,-102.077,15.5625,
197.82,5.59247,9.61061,-65.6065,21.2772,2.77029,17.2031,-102.077,15.5625,
197.85,5.59247,9.61061,-65.6065,21.2772,2.77029,17.2031,-102.077,15.5625,
197.88,5.59247,9.61061,-65.6065,21.2772,2.77029,17.2031,-102.077,15.5625,
197.91,5.59247,9.61061,-65.6065,21.2772,2.77029,17.2031,-102.077,15.5625,
197.94,5.59247,9.61061,-65.6065,21.2772,2.77029,17.2031,-102.077,15.5625,
197.97,5.59247,9.61061,-65.6065,21.2772,2.77029,17.2031,-102.077,15.5625,
198,5.59247,9.61061,-65.6065,21.2772,2.77029,17.2031,-102.077,15.5625,
198.03,5.59247,9.61061,-65.6065,21.2772,2.77029,17.2031,-102.077,15.5625,
198.06,5.59247,9.61061,-65.6065,21.2772,2.77029,17.2031,-102.077,15.5625,
198.09,5.59247,9.61061,-65.6065,21.2772,2.77029,17.2031,-102.077,15.5625,
198.12,5.59247,9.61061,-65.6065,21.2772,2.77029,17.2031,-102.077,15.5625,
198.15,5.59247,9.61061,-65.6065,21.2772,2.77029,17.2031,-102.077,15.5625,
198.18,5.59247,9.61061,-65.6065,21.2772,2.77029,17.2031,-102.077,15.5625,
198.21,5.59247,9.61061,-65.6065,21.2772,2.77029,17.2031,-102.077,15.5625,
198.24,5.59247,9.61061,-65.6065,21.2772,2.77029,17.2031,-102.077,15.5625,
198.27,5.59247,9.61061,-65.6065,21.2772,2.77029,17.2031,-102.077,15.5625,
198.3,5.59247,9.61061,-65.6065,21.2772,2.77029,17.2031,-102.077,15.5625,
198.33,5.59247,9.61061,-65.6065,21.2772,2.77029,17.2031,-102.077,15.5625,
198.36,5.59247,9.61061,-65.6065,21.2772,2.77029,17.2031,-102.077,15.5625,
198.39,5.59247,9.61061,-65.6065,21.2772,2.77029,17.2031,-102.077,15.5625,
198.42,5.59247,9.61061,-65.6065,21.2772,2.77029,17.2031,-102.077,15.5625,
198.45,5.59247,9.61061,-65.6065,21.2772,2.77029,17.2031,-102.077,15.5625,
198.48,5.59247,9.61061,-65.6065,21.2772,2.77029,17.2031,-102.077,15.5625,
198.51,5.59247,9.61061,-65.6065,21.2772,2.77029,17.2031,-102.077,15.5625,
198.54,5.59247,9.61061,-65.6065,21.2772,2.77029,17.2031,-102.077,15.5625,
198.57,5.59247,9.61061,-65.6065,21.2772,2.77029,17.2031,-102.077,15.5625,
198.6,5.59247,9.61061,-65.6065,21.2772,2.77029,17.2031,-102.077,15.5625,
198.63,5.59247,9.61061,-65.6065,21.2772,2.77029,17.2031,-102.077,15.5625,
198.66,5.59247,9.61061,-65.6065,21.2772,2.77029,17.2031,-102.077,15.5625,
198.69,5.59247,9.61061,-65.6065,21.2772,2.77029,17.2031,-102.077,15.5625,
198.72,5.59247,9.61061,-65.6065,21.2772,2.77029,17.2031,-102.077,15.5625,
198.75,5.59247,9.61061,-65.6065,21.2772,2.77029,17.2031,-102.077,15.5625,
198.78,5.59247,9.61061,-65.6065,21.2772,2.77029,17.2031,-102.077,15.5625,
198.81,5.59247,9.61061,-65.6065,21.2772,2.77029,17.2031,-102.077,15.5625,
198.84,5.59247,9.61061,-65.6065,21.2772,2.77029,17.2031,-102.077,15.5625,
198.87,5.59247,9.61061,-65.6065,21.2772,2.77029,17.2031,-102.077,15.5625,
198.9,5.59247,9.61061,-65.6065,21.2772,2.77029,17.2031,-102.077,15.5625,
198.93,5.59247,9.61061,-65.6065,21.2772,2.77029,17.2031,-102.077,15.5625,
198.96,5.59247,9.61061,-65.6065,21.2772,2.77029,17.2031,-102.077,15.5625,
198.99,5.59247,9.61061,-65.6065,21.2772,2.77029,17.2031,-102.077,15.5625,
199.02,5.59247,9.61061,-65.6065,21.2772,2.77029,17.2031,-102.077,15.5625,
199.05,5.59247,9.61061,-65.6065,21.2772,2.77029,17.2031,-102.077,15.5625,
199.08,5.59247,9.61061,-65.6065,21.2772,2.77029,17.2031,-102.077,15.5625,
199.11,5.59247,9.61061,-65.6065,21.2772,2.77029,17.2031,-102.077,15.5625,
199.14,5.59247,9.61061,-65.6065,21.2772,2.77029,17.2031,-102.077,15.5625,
199.17,5.59247,9.61061,-65.6065,21.2772,2.77029,17.2031,-102.077,15.5625,
199.2,5.59247,9.61061,-65.6065,21.2772,2.77029,17.2031,-102.077,15.5625,
199.23,5.59247,9.61061,-65.6065,21.2772,2.77029,17.2031,-102.077,15.5625,
199.26,5.59247,9.61061,-65.6065,21.2772,2.77029,17.2031,-102.077,15.5625,
199.29,5.59247,9.61061,-65.6065,21.2772,2.77029,17.2031,-102.077,15.5625,
199.32,5.59247,9.61061,-65.6065,21.2772,2.77029,17.2031,-102.077,15.5625,
199.35,5.59247,9.61061,-65.6065,21.2772,2.77029,17.2031,-102.077,15.5625,
199.38,5.59247,9.61061,-65.6065,21.2772,2.77029,17.2031,-102.077,15.5625,
199.41,5.59247,9.61061,-65.6065,21.2772,2.77029,17.2031,-102.077,15.5625,
199.44,5.59247,9.61061,-65.6065,21.2772,2.77029,17.2031,-102.077,15.5625,
199.47,5.59247,9.61061,-65.6065,21.2772,2.77029,17.2031,-102.077,15.5625,
199.5,5.59247,9.61061,-65.6065,21.2772,2.77029,17.2031,-102.077,15.5625,
199.53,5.59247,9.61061,-65.6065,21.2772,2.77029,17.2031,-102.077,15.5625,
199.56,5.59247,9.61061,-65.6065,21.2772,2.77029,17.2031,-102.077,15.5625,
199.59,5.59247,9.61061,-65.6065,21.2772,2.77029,17.2031,-102.077,15.5625,
199.62,5.59247,9.61061,-65.6065,21.2772,2.77029,17.2031,-102.077,15.5625,
199.65,5.59247,9.61061,-65.6065,21.2772,2.77029,17.2031,-102.077,15.5625,
199.68,5.59247,9.61061,-65.6065,21.2772,2.77029,17.2031,-102.077,15.5625,
199.71,5.59247,9.61061,-65.6065,21.2772,2.77029,17.2031,-102.077,15.5625,
199.74,5.59247,9.61061,-65.6065,21.2772,2.77029,17.2031,-102.077,15.5625,
199.77,5.59247,9.61061,-65.6065,21.2772,2.77029,17.2031,-102.077,15.5625,
199.8,5.59247,9.61061,-65.6065,21.2772,2.77029,17.2031,-102.077,15.5625,
199.83,5.59247,9.61061,-65.6065,21.2772,2.77029,17.2031,-102.077,15.5625,
199.86,5.59247,9.61061,-65.6065,21.2772,2.77029,17.2031,-102.077,15.5625,
199.89,5.59247,9.61061,-65.6065,21.2772,2.77029,17.2031,-102.077,15.5625,
199.92,5.59247,9.61061,-65.6065,21.2772,2.77029,17.2031,-102.077,15.5625,
199.95,5.59247,9.61061,-65.6065,21.2772,2.77029,17.2031,-102.077,15.5625,
199.98,5.59247,9.61061,-65.6065,21.2772,2.77029,17.2031,-102.077,15.5625,
200.01,5.59247,9.61061,-65.6065,21.2772,2.77029,17.2031,-102.077,15.5625,
200.04,5.59247,9.61061,-65.6065,21.2772,2.77029,17.2031,-102.077,15.5625,
200.07,5.59247,9.61061,-65.6065,21.2772,2.77029,17.2031,-102.077,15.5625,
200.1,5.59247,9.61061,-65.6065,21.2772,2.77029,17.2031,-102.077,15.5625,
200.13,5.59247,9.61061,-65.6065,21.2772,2.77029,17.2031,-102.077,15.5625,
200.16,5.59247,9.61061,-65.6065,21.2772,2.77029,17.2031,-102.077,15.5625,
200.19,5.59247,9.61061,-65.6065,21.2772,2.77029,17.2031,-102.077,15.5625,
200.22,5.59247,9.61061,-65.6065,21.2772,2.77029,17.2031,-102.077,15.5625,
200.25,5.59247,9.61061,-65.6065,21.2772,2.77029,17.2031,-102.077,15.5625,
200.28,5.59247,9.61061,-65.6065,21.2772,2.77029,17.2031,-102.077,15.5625,
200.31,5.59247,9.61061,-65.6065,21.2772,2.77029,17.2031,-102.077,15.5625,
200.34,5.59247,9.61061,-65.6065,21.2772,2.77029,17.2031,-102.077,15.5625,
200.37,5.59247,9.61061,-65.6065,21.2772,2.77029,17.2031,-102.077,15.5625,
200.4,5.59247,9.61061,-65.6065,21.2772,2.77029,17.2031,-102.077,15.5625,
200.43,5.59247,9.61061,-65.6065,21.2772,2.77029,17.2031,-102.077,15.5625,
200.46,5.59247,9.61061,-65.6065,21.2772,2.77029,17.2031,-102.077,15.5625,
200.49,5.59247,9.61061,-65.6065,21.2772,2.77029,17.2031,-102.077,15.5625,
200.52,5.59247,9.61061,-65.6065,21.2772,2.77029,17.2031,-102.077,15.5625,
200.55,5.59247,9.61061,-65.6065,21.2772,2.77029,17.2031,-102.077,15.5625,
200.58,5.59247,9.61061,-65.6065,21.2772,2.77029,17.2031,-102.077,15.5625,
200.61,5.59247,9.61061,-65.6065,21.2772,2.77029,17.2031,-102.077,15.5625,
200.64,5.59247,9.61061,-65.6065,21.2772,2.77029,17.2031,-102.077,15.5625,
200.67,5.59247,9.61061,-65.6065,21.2772,2.77029,17.2031,-102.077,15.5625,
200.7,5.59247,9.61061,-65.6065,21.2772,2.77029,17.2031,-102.077,15.5625,
200.73,5.59247,9.61061,-65.6065,21.2772,2.77029,17.2031,-102.077,15.5625,
200.76,5.59247,9.61061,-65.6065,21.2772,2.77029,17.2031,-102.077,15.5625,
200.79,5.59247,9.61061,-65.6065,21.2772,2.77029,17.2031,-102.077,15.5625,
200.82,5.59247,9.61061,-65.6065,21.2772,2.77029,17.2031,-102.077,15.5625,
200.85,5.59247,9.61061,-65.6065,21.2772,2.77029,17.2031,-102.077,15.5625,
200.88,5.59247,9.61061,-65.6065,21.2772,2.77029,17.2031,-102.077,15.5625,
200.91,5.59247,9.61061,-65.6065,21.2772,2.77029,17.2031,-102.077,15.5625,
200.94,5.59247,9.61061,-65.6065,21.2772,2.77029,17.2031,-102.077,15.5625,
200.97,5.59247,9.61061,-65.6065,21.2772,2.77029,17.2031,-102.077,15.5625,
201,5.59247,9.61061,-65.6065,21.2772,2.77029,17.2031,-102.077,15.5625,
201.03,5.59247,9.61061,-65.6065,21.2772,2.77029,17.2031,-102.077,15.5625,
201.06,5.59247,9.61061,-65.6065,21.2772,2.77029,17.2031,-102.077,15.5625,
201.09,5.59247,9.61061,-65.6065,21.2772,2.77029,17.2031,-102.077,15.5625,
201.12,5.59247,9.61061,-65.6065,21.2772,2.77029,17.2031,-102.077,15.5625,
201.15,5.59247,9.61061,-65.6065,21.2772,2.77029,17.2031,-102.077,15.5625,
201.18,5.59247,9.61061,-65.6065,21.2772,2.77029,17.2031,-102.077,15.5625,
201.21,5.59247,9.61061,-65.6065,21.2772,2.77029,17.2031,-102.077,15.5625,
201.24,5.59247,9.61061,-65.6065,21.2772,2.77029,17.2031,-102.077,15.5625,
201.27,5.59247,9.61061,-65.6065,21.2772,2.77029,17.2031,-102.077,15.5625,
201.3,5.59247,9.61061,-65.6065,21.2772,2.77029,17.2031,-102.077,15.5625,
201.33,5.59247,9.61061,-65.6065,21.2772,2.77029,17.2031,-102.077,15.5625,
201.36,5.59247,9.61061,-65.6065,21.2772,2.77029,17.2031,-102.077,15.5625,
201.39,5.59247,9.61061,-65.6065,21.2772,2.77029,17.2031,-102.077,15.5625,
201.42,5.59247,9.61061,-65.6065,21.2772,2.77029,17.2031,-102.077,15.5625,
201.45,5.59247,9.61061,-65.6065,21.2772,2.77029,17.2031,-102.077,15.5625,
201.48,5.59247,9.61061,-65.6065,21.2772,2.77029,17.2031,-102.077,15.5625,
201.51,5.59247,9.61061,-65.6065,21.2772,2.77029,17.2031,-102.077,15.5625,
201.54,5.59247,9.61061,-65.6065,21.2772,2.77029,17.2031,-102.077,15.5625,
201.57,5.59247,9.61061,-65.6065,21.2772,2.77029,17.2031,-102.077,15.5625,
201.6,5.59247,9.61061,-65.6065,21.2772,2.77029,17.2031,-102.077,15.5625,
201.63,5.59247,9.61061,-65.6065,21.2772,2.77029,17.2031,-102.077,15.5625,
201.66,5.59247,9.61061,-65.6065,21.2772,2.77029,17.2031,-102.077,15.5625,
201.69,5.59247,9.61061,-65.6065,21.2772,2.77029,17.2031,-102.077,15.5625,
201.72,5.59247,9.61061,-65.6065,21.2772,2.77029,17.2031,-102.077,15.5625,
201.75,5.59247,9.61061,-65.6065,21.2772,2.77029,17.2031,-102.077,15.5625,
201.78,5.59247,9.61061,-65.6065,21.2772,2.77029,17.2031,-102.077,15.5625,
201.81,5.59247,9.61061,-65.6065,21.2772,2.77029,17.2031,-102.077,15.5625,
201.84,5.59247,9.61061,-65.6065,21.2772,2.77029,17.2031,-102.077,15.5625,
201.87,5.59247,9.61061,-65.6065,21.2772,2.77029,17.2031,-102.077,15.5625,
201.9,5.59247,9.61061,-65.6065,21.2772,2.77029,17.2031,-102.077,15.5625,
201.93,5.59247,9.61061,-65.6065,21.2772,2.77029,17.2031,-102.077,15.5625,
201.96,5.59247,9.61061,-65.6065,21.2772,2.77029,17.2031,-102.077,15.5625,
201.99,5.59247,9.61061,-65.6065,21.2772,2.77029,17.2031,-102.077,15.5625,
202.02,5.59247,9.61061,-65.6065,21.2772,2.77029,17.2031,-102.077,15.5625,
202.05,5.59247,9.61061,-65.6065,21.2772,2.77029,17.2031,-102.077,15.5625,
202.08,5.59247,9.61061,-65.6065,21.2772,2.77029,17.2031,-102.077,15.5625,
202.11,5.59247,9.61061,-65.6065,21.2772,2.77029,17.2031,-102.077,15.5625,
202.14,5.59247,9.61061,-65.6065,21.2772,2.77029,17.2031,-102.077,15.5625,
202.17,5.59247,9.61061,-65.6065,21.2772,2.77029,17.2031,-102.077,15.5625,
202.2,5.59247,9.61061,-65.6065,21.2772,2.77029,17.2031,-102.077,15.5625,
202.23,5.59247,9.61061,-65.6065,21.2772,2.77029,17.2031,-102.077,15.5625,
202.26,5.59247,9.61061,-65.6065,21.2772,2.77029,17.2031,-102.077,15.5625,
202.29,5.59247,9.61061,-65.6065,21.2772,2.77029,17.2031,-102.077,15.5625,
202.32,5.59247,9.61061,-65.6065,21.2772,2.77029,17.2031,-102.077,15.5625,
202.35,5.59247,9.61061,-65.6065,21.2772,2.77029,17.2031,-102.077,15.5625,
202.38,5.59247,9.61061,-65.6065,21.2772,2.77029,17.2031,-102.077,15.5625,
202.41,5.59247,9.61061,-65.6065,21.2772,2.77029,17.2031,-102.077,15.5625,
202.44,5.59247,9.61061,-65.6065,21.2772,2.77029,17.2031,-102.077,15.5625,
202.47,5.59247,9.61061,-65.6065,21.2772,2.77029,17.2031,-102.077,15.5625,
202.5,5.59247,9.61061,-65.6065,21.2772,2.77029,17.2031,-102.077,15.5625,
202.53,5.59247,9.61061,-65.6065,21.2772,2.77029,17.2031,-102.077,15.5625,
202.56,5.59247,9.61061,-65.6065,21.2772,2.77029,17.2031,-102.077,15.5625,
202.59,5.59247,9.61061,-65.6065,21.2772,2.77029,17.2031,-102.077,15.5625,
202.62,5.59247,9.61061,-65.6065,21.2772,2.77029,17.2031,-102.077,15.5625,
202.65,5.59247,9.61061,-65.6065,21.2772,2.77029,17.2031,-102.077,15.5625,
202.68,5.59247,9.61061,-65.6065,21.2772,2.77029,17.2031,-102.077,15.5625,
202.71,5.59247,9.61061,-65.6065,21.2772,2.77029,17.2031,-102.077,15.5625,
202.74,5.59247,9.61061,-65.6065,21.2772,2.77029,17.2031,-102.077,15.5625,
202.77,5.59247,9.61061,-65.6065,21.2772,2.77029,17.2031,-102.077,15.5625,
202.8,5.59247,9.61061,-65.6065,21.2772,2.77029,17.2031,-102.077,15.5625,
202.83,5.59247,9.61061,-65.6065,21.2772,2.77029,17.2031,-102.077,15.5625,
202.86,5.59247,9.61061,-65.6065,21.2772,2.77029,17.2031,-102.077,15.5625,
202.89,5.59247,9.61061,-65.6065,21.2772,2.77029,17.2031,-102.077,15.5625,
202.92,5.59247,9.61061,-65.6065,21.2772,2.77029,17.2031,-102.077,15.5625,
202.95,5.59247,9.61061,-65.6065,21.2772,2.77029,17.2031,-102.077,15.5625,
202.98,5.59247,9.61061,-65.6065,21.2772,2.77029,17.2031,-102.077,15.5625,
203.01,5.59247,9.61061,-65.6065,21.2772,2.77029,17.2031,-102.077,15.5625,
203.04,5.59247,9.61061,-65.6065,21.2772,2.77029,17.2031,-102.077,15.5625,
203.07,5.59247,9.61061,-65.6065,21.2772,2.77029,17.2031,-102.077,15.5625,
203.1,5.59247,9.61061,-65.6065,21.2772,2.77029,17.2031,-102.077,15.5625,
203.13,5.59247,9.61061,-65.6065,21.2772,2.77029,17.2031,-102.077,15.5625,
203.16,5.59247,9.61061,-65.6065,21.2772,2.77029,17.2031,-102.077,15.5625,
203.19,5.59247,9.61061,-65.6065,21.2772,2.77029,17.2031,-102.077,15.5625,
203.22,5.59247,9.61061,-65.6065,21.2772,2.77029,17.2031,-102.077,15.5625,
203.25,5.59247,9.61061,-65.6065,21.2772,2.77029,17.2031,-102.077,15.5625,
203.28,5.59247,9.61061,-65.6065,21.2772,2.77029,17.2031,-102.077,15.5625,
203.31,5.59247,9.61061,-65.6065,21.2772,2.77029,17.2031,-102.077,15.5625,
203.34,5.59247,9.61061,-65.6065,21.2772,2.77029,17.2031,-102.077,15.5625,
203.37,5.59247,9.61061,-65.6065,21.2772,2.77029,17.2031,-102.077,15.5625,
203.4,5.59247,9.61061,-65.6065,21.2772,2.77029,17.2031,-102.077,15.5625,
203.43,5.59247,9.61061,-65.6065,21.2772,2.77029,17.2031,-102.077,15.5625,
203.46,5.59247,9.61061,-65.6065,21.2772,2.77029,17.2031,-102.077,15.5625,
203.49,5.59247,9.61061,-65.6065,21.2772,2.77029,17.2031,-102.077,15.5625,
203.52,5.59247,9.61061,-65.6065,21.2772,2.77029,17.2031,-102.077,15.5625,
203.55,5.59247,9.61061,-65.6065,21.2772,2.77029,17.2031,-102.077,15.5625,
203.58,5.59247,9.61061,-65.6065,21.2772,2.77029,17.2031,-102.077,15.5625,
203.61,5.59247,9.61061,-65.6065,21.2772,2.77029,17.2031,-102.077,15.5625,
203.64,5.59247,9.61061,-65.6065,21.2772,2.77029,17.2031,-102.077,15.5625,
203.67,5.59247,9.61061,-65.6065,21.2772,2.77029,17.2031,-102.077,15.5625,
203.7,5.59247,9.61061,-65.6065,21.2772,2.77029,17.2031,-102.077,15.5625,
203.73,5.59247,9.61061,-65.6065,21.2772,2.77029,17.2031,-102.077,15.5625,
203.76,5.59247,9.61061,-65.6065,21.2772,2.77029,17.2031,-102.077,15.5625,
203.79,5.59247,9.61061,-65.6065,21.2772,2.77029,17.2031,-102.077,15.5625,
203.82,5.59247,9.61061,-65.6065,21.2772,2.77029,17.2031,-102.077,15.5625,
203.85,5.59247,9.61061,-65.6065,21.2772,2.77029,17.2031,-102.077,15.5625,
203.88,5.59247,9.61061,-65.6065,21.2772,2.77029,17.2031,-102.077,15.5625,
203.91,5.59247,9.61061,-65.6065,21.2772,2.77029,17.2031,-102.077,15.5625,
203.94,5.59247,9.61061,-65.6065,21.2772,2.77029,17.2031,-102.077,15.5625,
203.97,5.59247,9.61061,-65.6065,21.2772,2.77029,17.2031,-102.077,15.5625,
204,5.59247,9.61061,-65.6065,21.2772,2.77029,17.2031,-102.077,15.5625,
204.03,5.59247,9.61061,-65.6065,21.2772,2.77029,17.2031,-102.077,15.5625,
204.06,5.59247,9.61061,-65.6065,21.2772,2.77029,17.2031,-102.077,15.5625,
204.09,5.59247,9.61061,-65.6065,21.2772,2.77029,17.2031,-102.077,15.5625,
204.12,5.59247,9.61061,-65.6065,21.2772,2.77029,17.2031,-102.077,15.5625,
204.15,5.59247,9.61061,-65.6065,21.2772,2.77029,17.2031,-102.077,15.5625,
204.18,5.59247,9.61061,-65.6065,21.2772,2.77029,17.2031,-102.077,15.5625,
204.21,5.59247,9.61061,-65.6065,21.2772,2.77029,17.2031,-102.077,15.5625,
204.24,5.59247,9.61061,-65.6065,21.2772,2.77029,17.2031,-102.077,15.5625,
204.27,5.59247,9.61061,-65.6065,21.2772,2.77029,17.2031,-102.077,15.5625,
204.3,5.59247,9.61061,-65.6065,21.2772,2.77029,17.2031,-102.077,15.5625,
204.33,5.59247,9.61061,-65.6065,21.2772,2.77029,17.2031,-102.077,15.5625,
204.36,5.59247,9.61061,-65.6065,21.2772,2.77029,17.2031,-102.077,15.5625,
204.39,5.59247,9.61061,-65.6065,21.2772,2.77029,17.2031,-102.077,15.5625,
204.42,5.59247,9.61061,-65.6065,21.2772,2.77029,17.2031,-102.077,15.5625,
204.45,5.59247,9.61061,-65.6065,21.2772,2.77029,17.2031,-102.077,15.5625,
204.48,5.59247,9.61061,-65.6065,21.2772,2.77029,17.2031,-102.077,15.5625,
204.51,5.59247,9.61061,-65.6065,21.2772,2.77029,17.2031,-102.077,15.5625,
204.54,5.59247,9.61061,-65.6065,21.2772,2.77029,17.2031,-102.077,15.5625,
204.57,5.59247,9.61061,-65.6065,21.2772,2.77029,17.2031,-102.077,15.5625,
204.6,5.59247,9.61061,-65.6065,21.2772,2.77029,17.2031,-102.077,15.5625,
204.63,5.59247,9.61061,-65.6065,21.2772,2.77029,17.2031,-102.077,15.5625,
204.66,5.59247,9.61061,-65.6065,21.2772,2.77029,17.2031,-102.077,15.5625,
204.69,5.59247,9.61061,-65.6065,21.2772,2.77029,17.2031,-102.077,15.5625,
204.72,5.59247,9.61061,-65.6065,21.2772,2.77029,17.2031,-102.077,15.5625,
204.75,5.59247,9.61061,-65.6065,21.2772,2.77029,17.2031,-102.077,15.5625,
204.78,5.59247,9.61061,-65.6065,21.2772,2.77029,17.2031,-102.077,15.5625,
204.81,5.59247,9.61061,-65.6065,21.2772,2.77029,17.2031,-102.077,15.5625,
204.84,5.59247,9.61061,-65.6065,21.2772,2.77029,17.2031,-102.077,15.5625,
204.87,5.59247,9.61061,-65.6065,21.2772,2.77029,17.2031,-102.077,15.5625,
204.9,5.59247,9.61061,-65.6065,21.2772,2.77029,17.2031,-102.077,15.5625,
204.93,5.59247,9.61061,-65.6065,21.2772,2.77029,17.2031,-102.077,15.5625,
204.96,5.59247,9.61061,-65.6065,21.2772,2.77029,17.2031,-102.077,15.5625,
204.99,5.59247,9.61061,-65.6065,21.2772,2.77029,17.2031,-102.077,15.5625,
205.02,5.59247,9.61061,-65.6065,21.2772,2.77029,17.2031,-102.077,15.5625,
205.05,5.59247,9.61061,-65.6065,21.2772,2.77029,17.2031,-102.077,15.5625,
205.08,5.59247,9.61061,-65.6065,21.2772,2.77029,17.2031,-102.077,15.5625,
205.11,5.59247,9.61061,-65.6065,21.2772,2.77029,17.2031,-102.077,15.5625,
205.14,5.59247,9.61061,-65.6065,21.2772,2.77029,17.2031,-102.077,15.5625,
205.17,5.59247,9.61061,-65.6065,21.2772,2.77029,17.2031,-102.077,15.5625,
205.2,5.59247,9.61061,-65.6065,21.2772,2.77029,17.2031,-102.077,15.5625,
205.23,5.59247,9.61061,-65.6065,21.2772,2.77029,17.2031,-102.077,15.5625,
205.26,5.59247,9.61061,-65.6065,21.2772,2.77029,17.2031,-102.077,15.5625,
205.29,5.59247,9.61061,-65.6065,21.2772,2.77029,17.2031,-102.077,15.5625,
205.32,5.59247,9.61061,-65.6065,21.2772,2.77029,17.2031,-102.077,15.5625,
205.35,5.59247,9.61061,-65.6065,21.2772,2.77029,17.2031,-102.077,15.5625,
205.38,5.59247,9.61061,-65.6065,21.2772,2.77029,17.2031,-102.077,15.5625,
205.41,5.59247,9.61061,-65.6065,21.2772,2.77029,17.2031,-102.077,15.5625,
205.44,5.59247,9.61061,-65.6065,21.2772,2.77029,17.2031,-102.077,15.5625,
205.47,5.59247,9.61061,-65.6065,21.2772,2.77029,17.2031,-102.077,15.5625,
205.5,5.59247,9.61061,-65.6065,21.2772,2.77029,17.2031,-102.077,15.5625,
205.53,5.59247,9.61061,-65.6065,21.2772,2.77029,17.2031,-102.077,15.5625,
205.56,5.59247,9.61061,-65.6065,21.2772,2.77029,17.2031,-102.077,15.5625,
205.59,5.59247,9.61061,-65.6065,21.2772,2.77029,17.2031,-102.077,15.5625,
205.62,5.59247,9.61061,-65.6065,21.2772,2.77029,17.2031,-102.077,15.5625,
205.65,5.59247,9.61061,-65.6065,21.2772,2.77029,17.2031,-102.077,15.5625,
205.68,5.59247,9.61061,-65.6065,21.2772,2.77029,17.2031,-102.077,15.5625,
205.71,5.59247,9.61061,-65.6065,21.2772,2.77029,17.2031,-102.077,15.5625,
205.74,5.59247,9.61061,-65.6065,21.2772,2.77029,17.2031,-102.077,15.5625,
205.77,5.59247,9.61061,-65.6065,21.2772,2.77029,17.2031,-102.077,15.5625,
205.8,5.59247,9.61061,-65.6065,21.2772,2.77029,17.2031,-102.077,15.5625,
205.83,5.59247,9.61061,-65.6065,21.2772,2.77029,17.2031,-102.077,15.5625,
205.86,5.59247,9.61061,-65.6065,21.2772,2.77029,17.2031,-102.077,15.5625,
205.89,5.59247,9.61061,-65.6065,21.2772,2.77029,17.2031,-102.077,15.5625,
205.92,5.59247,9.61061,-65.6065,21.2772,2.77029,17.2031,-102.077,15.5625,
205.95,5.59247,9.61061,-65.6065,21.2772,2.77029,17.2031,-102.077,15.5625,
205.98,5.59247,9.61061,-65.6065,21.2772,2.77029,17.2031,-102.077,15.5625,
206.01,5.59247,9.61061,-65.6065,21.2772,2.77029,17.2031,-102.077,15.5625,
206.04,5.59247,9.61061,-65.6065,21.2772,2.77029,17.2031,-102.077,15.5625,
206.07,5.59247,9.61061,-65.6065,21.2772,2.77029,17.2031,-102.077,15.5625,
206.1,5.59247,9.61061,-65.6065,21.2772,2.77029,17.2031,-102.077,15.5625,
206.13,5.59247,9.61061,-65.6065,21.2772,2.77029,17.2031,-102.077,15.5625,
206.16,5.59247,9.61061,-65.6065,21.2772,2.77029,17.2031,-102.077,15.5625,
206.19,5.59247,9.61061,-65.6065,21.2772,2.77029,17.2031,-102.077,15.5625,
206.22,5.59247,9.61061,-65.6065,21.2772,2.77029,17.2031,-102.077,15.5625,
206.25,5.59247,9.61061,-65.6065,21.2772,2.77029,17.2031,-102.077,15.5625,
206.28,5.59247,9.61061,-65.6065,21.2772,2.77029,17.2031,-102.077,15.5625,
206.31,5.59247,9.61061,-65.6065,21.2772,2.77029,17.2031,-102.077,15.5625,
206.34,5.59247,9.61061,-65.6065,21.2772,2.77029,17.2031,-102.077,15.5625,
206.37,5.59247,9.61061,-65.6065,21.2772,2.77029,17.2031,-102.077,15.5625,
206.4,5.59247,9.61061,-65.6065,21.2772,2.77029,17.2031,-102.077,15.5625,
206.43,5.59247,9.61061,-65.6065,21.2772,2.77029,17.2031,-102.077,15.5625,
206.46,5.59247,9.61061,-65.6065,21.2772,2.77029,17.2031,-102.077,15.5625,
206.49,5.59247,9.61061,-65.6065,21.2772,2.77029,17.2031,-102.077,15.5625,
206.52,5.59247,9.61061,-65.6065,21.2772,2.77029,17.2031,-102.077,15.5625,
206.55,5.59247,9.61061,-65.6065,21.2772,2.77029,17.2031,-102.077,15.5625,
206.58,5.59247,9.61061,-65.6065,21.2772,2.77029,17.2031,-102.077,15.5625,
206.61,5.59247,9.61061,-65.6065,21.2772,2.77029,17.2031,-102.077,15.5625,
206.64,5.59247,9.61061,-65.6065,21.2772,2.77029,17.2031,-102.077,15.5625,
206.67,5.59247,9.61061,-65.6065,21.2772,2.77029,17.2031,-102.077,15.5625,
206.7,5.59247,9.61061,-65.6065,21.2772,2.77029,17.2031,-102.077,15.5625,
206.73,5.59247,9.61061,-65.6065,21.2772,2.77029,17.2031,-102.077,15.5625,
206.76,5.59247,9.61061,-65.6065,21.2772,2.77029,17.2031,-102.077,15.5625,
206.79,5.59247,9.61061,-65.6065,21.2772,2.77029,17.2031,-102.077,15.5625,
206.82,5.59247,9.61061,-65.6065,21.2772,2.77029,17.2031,-102.077,15.5625,
206.85,5.59247,9.61061,-65.6065,21.2772,2.77029,17.2031,-102.077,15.5625,
206.88,5.59247,9.61061,-65.6065,21.2772,2.77029,17.2031,-102.077,15.5625,
206.91,5.59247,9.61061,-65.6065,21.2772,2.77029,17.2031,-102.077,15.5625,
206.94,5.59247,9.61061,-65.6065,21.2772,2.77029,17.2031,-102.077,15.5625,
206.97,5.59247,9.61061,-65.6065,21.2772,2.77029,17.2031,-102.077,15.5625,
207,5.59247,9.61061,-65.6065,21.2772,2.77029,17.2031,-102.077,15.5625,
207.03,5.59247,9.61061,-65.6065,21.2772,2.77029,17.2031,-102.077,15.5625,
207.06,5.59247,9.61061,-65.6065,21.2772,2.77029,17.2031,-102.077,15.5625,
207.09,5.59247,9.61061,-65.6065,21.2772,2.77029,17.2031,-102.077,15.5625,
207.12,5.59247,9.61061,-65.6065,21.2772,2.77029,17.2031,-102.077,15.5625,
207.15,5.59247,9.61061,-65.6065,21.2772,2.77029,17.2031,-102.077,15.5625,
207.18,5.59247,9.61061,-65.6065,21.2772,2.77029,17.2031,-102.077,15.5625,
207.21,5.59247,9.61061,-65.6065,21.2772,2.77029,17.2031,-102.077,15.5625,
207.24,5.59247,9.61061,-65.6065,21.2772,2.77029,17.2031,-102.077,15.5625,
207.27,5.59247,9.61061,-65.6065,21.2772,2.77029,17.2031,-102.077,15.5625,
207.3,5.59247,9.61061,-65.6065,21.2772,2.77029,17.2031,-102.077,15.5625,
207.33,5.59247,9.61061,-65.6065,21.2772,2.77029,17.2031,-102.077,15.5625,
207.36,5.59247,9.61061,-65.6065,21.2772,2.77029,17.2031,-102.077,15.5625,
207.39,5.59247,9.61061,-65.6065,21.2772,2.77029,17.2031,-102.077,15.5625,
207.42,5.59247,9.61061,-65.6065,21.2772,2.77029,17.2031,-102.077,15.5625,
207.45,5.59247,9.61061,-65.6065,21.2772,2.77029,17.2031,-102.077,15.5625,
207.48,5.59247,9.61061,-65.6065,21.2772,2.77029,17.2031,-102.077,15.5625,
207.51,5.59247,9.61061,-65.6065,21.2772,2.77029,17.2031,-102.077,15.5625,
207.54,5.59247,9.61061,-65.6065,21.2772,2.77029,17.2031,-102.077,15.5625,
207.57,5.59247,9.61061,-65.6065,21.2772,2.77029,17.2031,-102.077,15.5625,
207.6,5.59247,9.61061,-65.6065,21.2772,2.77029,17.2031,-102.077,15.5625,
207.63,5.59247,9.61061,-65.6065,21.2772,2.77029,17.2031,-102.077,15.5625,
207.66,5.59247,9.61061,-65.6065,21.2772,2.77029,17.2031,-102.077,15.5625,
207.69,5.59247,9.61061,-65.6065,21.2772,2.77029,17.2031,-102.077,15.5625,
207.72,5.59247,9.61061,-65.6065,21.2772,2.77029,17.2031,-102.077,15.5625,
207.75,5.59247,9.61061,-65.6065,21.2772,2.77029,17.2031,-102.077,15.5625,
207.78,5.59247,9.61061,-65.6065,21.2772,2.77029,17.2031,-102.077,15.5625,
207.81,5.59247,9.61061,-65.6065,21.2772,2.77029,17.2031,-102.077,15.5625,
207.84,5.59247,9.61061,-65.6065,21.2772,2.77029,17.2031,-102.077,15.5625,
