0.03,0.00708008,-1.24487,-0.00878906,-0.0107422,0.0744629,2.86584,-0.0189209,-0.022583,
0.06,0.00708008,-1.24487,-0.00878906,-0.0107422,0.0744629,2.86584,-0.0189209,-0.022583,
0.09,0.00708008,-1.24487,-0.00878906,-0.0107422,0.0744629,2.86584,-0.0189209,-0.022583,
0.12,0.00708008,-1.24487,-0.00878906,-0.0107422,0.0744629,2.86584,-0.0189209,-0.022583,
0.15,0.00708008,-1.24487,-0.00878906,-0.0107422,0.0744629,2.86584,-0.0189209,-0.022583,
0.18,0.00708008,-1.24487,-0.00878906,-0.0107422,0.0744629,2.86584,-0.0189209,-0.022583,
0.21,0.00708008,-1.24487,-0.00878906,-0.0107422,0.0744629,2.86584,-0.0189209,-0.022583,
0.24,0.00708008,-1.24487,-0.00878906,-0.0107422,0.0744629,2.86584,-0.0189209,-0.022583,
0.27,0.00708008,-1.24487,-0.00878906,-0.0107422,0.0744629,2.86584,-0.0189209,-0.022583,
0.3,0.00708008,-1.24487,-0.00878906,-0.0107422,0.0744629,2.86584,-0.0189209,-0.022583,
0.33,0.00708008,-1.24487,-0.00878906,-0.0107422,0.0744629,2.86584,-0.0189209,-0.022583,
0.36,0.00708008,-1.24487,-0.00878906,-0.0107422,0.0744629,2.86584,-0.0189209,-0.022583,
0.39,0.00708008,-1.24487,-0.00878906,-0.0107422,0.0744629,2.86584,-0.0189209,-0.022583,
0.42,0.00708008,-1.24487,-0.00878906,-0.0107422,0.0744629,2.86584,-0.0189209,-0.022583,
0.45,0.00708008,-1.24487,-0.00878906,-0.0107422,0.0744629,2.86584,-0.0189209,-0.022583,
0.48,0.00708008,-1.24487,-0.00878906,-0.0107422,0.0744629,2.86584,-0.0189209,-0.022583,
0.51,0.00708008,-1.24487,-0.00878906,-0.0107422,0.0744629,2.86584,-0.0189209,-0.022583,
0.54,0.00708008,-1.24487,-0.00878906,-0.0107422,0.0744629,2.86584,-0.0189209,-0.022583,
0.57,0.00708008,-1.24487,-0.00878906,-0.0107422,0.0744629,2.86584,-0.0189209,-0.022583,
0.6,0.00708008,-1.24487,-0.00878906,-0.0107422,0.0744629,2.86584,-0.0189209,-0.022583,
0.63,0.00708008,-1.24487,-0.00878906,-0.0107422,0.0744629,2.86584,-0.0189209,-0.022583,
0.66,0.00708008,-1.24487,-0.00878906,-0.0107422,0.0744629,2.86584,-0.0189209,-0.022583,
0.69,0.00708008,-1.24487,-0.00878906,-0.0107422,0.0744629,2.86584,-0.0189209,-0.022583,
0.72,0.00708008,-1.24487,-0.00878906,-0.0107422,0.0744629,2.86584,-0.0189209,-0.022583,
0.75,0.00708008,-1.24487,-0.00878906,-0.0107422,0.0744629,2.86584,-0.0189209,-0.022583,
0.78,0.00708008,-1.24487,-0.00878906,-0.0107422,0.0744629,2.86584,-0.0189209,-0.022583,
0.81,0.00708008,-1.24487,-0.00878906,-0.0107422,0.0744629,2.86584,-0.0189209,-0.022583,
0.84,0.00708008,-1.24487,-0.00878906,-0.0107422,0.0744629,2.86584,-0.0189209,-0.022583,
0.87,0.00708008,-1.24487,-0.00878906,-0.0107422,0.0744629,2.86584,-0.0189209,-0.022583,
0.9,0.00708008,-1.24487,-0.00878906,-0.0107422,0.0744629,2.86584,-0.0189209,-0.022583,
0.93,0.00708008,-1.24487,-0.00878906,-0.0107422,0.0744629,2.86584,-0.0189209,-0.022583,
0.96,0.00708008,-1.24487,-0.00878906,-0.0107422,0.0744629,2.86584,-0.0189209,-0.022583,
0.99,0.00708008,-1.24487,-0.00878906,-0.0107422,0.0744629,2.86584,-0.0189209,-0.022583,
1.02,0.00708008,-1.24487,-0.00878906,-0.0107422,0.0744629,2.86584,-0.0189209,-0.022583,
1.05,0.00708008,-1.24487,-0.00878906,-0.0107422,0.0744629,2.86584,-0.0189209,-0.022583,
1.08,0.00708008,-1.24487,-0.00878906,-0.0107422,0.0744629,2.86584,-0.0189209,-0.022583,
1.11,0.00708008,-1.24487,-0.00878906,-0.0107422,0.0744629,2.86584,-0.0189209,-0.022583,
1.14,0.00708008,-1.24487,-0.00878906,-0.0107422,0.0744629,2.86584,-0.0189209,-0.022583,
1.17,0.00708008,-1.24487,-0.00878906,-0.0107422,0.0744629,2.86584,-0.0189209,-0.022583,
1.2,0.00708008,-1.24487,-0.00878906,-0.0107422,0.0744629,2.86584,-0.0189209,-0.022583,
1.23,0.00708008,-1.24487,-0.00878906,-0.0107422,0.0744629,2.86584,-0.0189209,-0.022583,
1.26,0.00708008,-1.24487,-0.00878906,-0.0107422,0.0744629,2.86584,-0.0189209,-0.022583,
1.29,0.00708008,-1.24487,-0.00878906,-0.0107422,0.0744629,2.86584,-0.0189209,-0.022583,
1.32,0.00708008,-1.24487,-0.00878906,-0.0107422,0.0744629,2.86584,-0.0189209,-0.022583,
1.35,0.00708008,-1.24487,-0.00878906,-0.0107422,0.0744629,2.86584,-0.0189209,-0.022583,
1.38,0.00708008,-1.24487,-0.00878906,-0.0107422,0.0744629,2.86584,-0.0189209,-0.022583,
1.41,0.00708008,-1.24487,-0.00878906,-0.0107422,0.0744629,2.86584,-0.0189209,-0.022583,
1.44,0.00708008,-1.24487,-0.00878906,-0.0107422,0.0744629,2.86584,-0.0189209,-0.022583,
1.47,0.00708008,-1.24487,-0.00878906,-0.0107422,0.0744629,2.86584,-0.0189209,-0.022583,
1.5,0.00708008,-1.24487,-0.00878906,-0.0107422,0.0744629,2.86584,-0.0189209,-0.022583,
1.53,0.00708008,-1.24487,-0.00878906,-0.0107422,0.0744629,2.86584,-0.0189209,-0.022583,
1.56,0.00708008,-1.24487,-0.00878906,-0.0107422,0.0744629,2.86584,-0.0189209,-0.022583,
1.59,0.00708008,-1.24487,-0.00878906,-0.0107422,0.0744629,2.86584,-0.0189209,-0.022583,
1.62,0.00708008,-1.24487,-0.00878906,-0.0107422,0.0744629,2.86584,-0.0189209,-0.022583,
1.65,0.00708008,-1.24487,-0.00878906,-0.0107422,0.0744629,2.86584,-0.0189209,-0.022583,
1.68,0.00708008,-1.24487,-0.00878906,-0.0107422,0.0744629,2.86584,-0.0189209,-0.022583,
1.71,0.00708008,-1.24487,-0.00878906,-0.0107422,0.0744629,2.86584,-0.0189209,-0.022583,
1.74,0.00708008,-1.24487,-0.00878906,-0.0107422,0.0744629,2.86584,-0.0189209,-0.022583,
1.77,0.00708008,-1.24487,-0.00878906,-0.0107422,0.0744629,2.86584,-0.0189209,-0.022583,
1.8,0.00708008,-1.24487,-0.00878906,-0.0107422,0.0744629,2.86584,-0.0189209,-0.022583,
1.83,0.00708008,-1.24487,-0.00878906,-0.0107422,0.0744629,2.86584,-0.0189209,-0.022583,
1.86,0.00708008,-1.24487,-0.00878906,-0.0107422,0.0744629,2.86584,-0.0189209,-0.022583,
1.89,0.00708008,-1.24487,-0.00878906,-0.0107422,0.0744629,2.86584,-0.0189209,-0.022583,
1.92,0.00708008,-1.24487,-0.00878906,-0.0107422,0.0744629,2.86584,-0.0189209,-0.022583,
1.95,0.00708008,-1.24487,-0.00878906,-0.0107422,0.0744629,2.86584,-0.0189209,-0.022583,
1.98,0.00708008,-1.24487,-0.00878906,-0.0107422,0.0744629,2.86584,-0.0189209,-0.022583,
2.01,0.00708008,-1.24487,-0.00878906,-0.0107422,0.0744629,2.86584,-0.0189209,-0.022583,
2.04,0.00708008,-1.24487,-0.00878906,-0.0107422,0.0744629,2.86584,-0.0189209,-0.022583,
2.07,0.00708008,-1.24487,-0.00878906,-0.0107422,0.0744629,2.86584,-0.0189209,-0.022583,
2.1,0.00708008,-1.24487,-0.00878906,-0.0107422,0.0744629,2.86584,-0.0189209,-0.022583,
2.13,0.00708008,-1.24487,-0.00878906,-0.0107422,0.0744629,2.86584,-0.0189209,-0.022583,
2.16,0.00708008,-1.24487,-0.00878906,-0.0107422,0.0744629,2.86584,-0.0189209,-0.022583,
2.19,0.00708008,-1.24487,-0.00878906,-0.0107422,0.0744629,2.86584,-0.0189209,-0.022583,
2.22,0.00708008,-1.24487,-0.00878906,-0.0107422,0.0744629,2.86584,-0.0189209,-0.022583,
2.25,0.00708008,-1.24487,-0.00878906,-0.0107422,0.0744629,2.86584,-0.0189209,-0.022583,
2.28,0.00708008,-1.24487,-0.00878906,-0.0107422,0.0744629,2.86584,-0.0189209,-0.022583,
2.31,0.00708008,-1.24487,-0.00878906,-0.0107422,0.0744629,2.86584,-0.0189209,-0.022583,
2.34,0.00708008,-1.24487,-0.00878906,-0.0107422,0.0744629,2.86584,-0.0189209,-0.022583,
2.37,0.00708008,-1.24487,-0.00878906,-0.0107422,0.0744629,2.86584,-0.0189209,-0.022583,
2.4,0.00708008,-1.24487,-0.00878906,-0.0107422,0.0744629,2.86584,-0.0189209,-0.022583,
2.43,0.00708008,-1.24487,-0.00878906,-0.0107422,0.0744629,2.86584,-0.0189209,-0.022583,
2.46,0.00708008,-1.24487,-0.00878906,-0.0107422,0.0744629,2.86584,-0.0189209,-0.022583,
2.49,0.00708008,-1.24487,-0.00878906,-0.0107422,0.0744629,2.86584,-0.0189209,-0.022583,
2.52,0.00708008,-1.24487,-0.00878906,-0.0107422,0.0744629,2.86584,-0.0189209,-0.022583,
2.55,0.00708008,-1.24487,-0.00878906,-0.0107422,0.0744629,2.86584,-0.0189209,-0.022583,
2.58,0.00708008,-1.24487,-0.00878906,-0.0107422,0.0744629,2.86584,-0.0189209,-0.022583,
2.61,0.00708008,-1.24487,-0.00878906,-0.0107422,0.0744629,2.86584,-0.0189209,-0.022583,
2.64,0.00708008,-1.24487,-0.00878906,-0.0107422,0.0744629,2.86584,-0.0189209,-0.022583,
2.67,0.00708008,-1.24487,-0.00878906,-0.0107422,0.0744629,2.86584,-0.0189209,-0.022583,
2.7,0.00708008,-1.24487,-0.00878906,-0.0107422,0.0744629,2.86584,-0.0189209,-0.022583,
2.73,0.00708008,-1.24487,-0.00878906,-0.0107422,0.0744629,2.86584,-0.0189209,-0.022583,
2.76,0.00708008,-1.24487,-0.00878906,-0.0107422,0.0744629,2.86584,-0.0189209,-0.022583,
2.79,0.00708008,-1.24487,-0.00878906,-0.0107422,0.0744629,2.86584,-0.0189209,-0.022583,
2.82,0.00708008,-1.24487,-0.00878906,-0.0107422,0.0744629,2.86584,-0.0189209,-0.022583,
2.85,0.00708008,-1.24487,-0.00878906,-0.0107422,0.0744629,2.86584,-0.0189209,-0.022583,
2.88,0.00708008,-1.24487,-0.00878906,-0.0107422,0.0744629,2.86584,-0.0189209,-0.022583,
2.91,0.00708008,-1.24487,-0.00878906,-0.0107422,0.0744629,2.86584,-0.0189209,-0.022583,
2.94,0.00708008,-1.24487,-0.00878906,-0.0107422,0.0744629,2.86584,-0.0189209,-0.022583,
2.97,0.00708008,-1.24487,-0.00878906,-0.0107422,0.0744629,2.86584,-0.0189209,-0.022583,
3,0.00708008,-1.24487,-0.00878906,-0.0107422,0.0744629,2.86584,-0.0189209,-0.022583,
3.03,0.00708008,-1.24487,-0.00878906,-0.0107422,0.0744629,2.86584,-0.0189209,-0.022583,
3.06,0.00708008,-1.24487,-0.00878906,-0.0107422,0.0744629,2.86584,-0.0189209,-0.022583,
3.09,0.00708008,-1.24487,-0.00878906,-0.0107422,0.0744629,2.86584,-0.0189209,-0.022583,
3.12,0.00708008,-1.24487,-0.00878906,-0.0107422,0.0744629,2.86584,-0.0189209,-0.022583,
3.15,0.00708008,-1.24487,-0.00878906,-0.0107422,0.0744629,2.86584,-0.0189209,-0.022583,
3.18,0.00708008,-1.24487,-0.00878906,-0.0107422,0.0744629,2.86584,-0.0189209,-0.022583,
3.21,0.00708008,-1.24487,-0.00878906,-0.0107422,0.0744629,2.86584,-0.0189209,-0.022583,
3.24,0.00708008,-1.24487,-0.00878906,-0.0107422,0.0744629,2.86584,-0.0189209,-0.022583,
3.27,0.00708008,-1.24487,-0.00878906,-0.0107422,0.0744629,2.86584,-0.0189209,-0.022583,
3.3,0.00708008,-1.24487,-0.00878906,-0.0107422,0.0744629,2.86584,-0.0189209,-0.022583,
3.33,0.00708008,-1.24487,-0.00878906,-0.0107422,0.0744629,2.86584,-0.0189209,-0.022583,
3.36,0.00708008,-1.24487,-0.00878906,-0.0107422,0.0744629,2.86584,-0.0189209,-0.022583,
3.39,0.00708008,-1.24487,-0.00878906,-0.0107422,0.0744629,2.86584,-0.0189209,-0.022583,
3.42,0.00708008,-1.24487,-0.00878906,-0.0107422,0.0744629,2.86584,-0.0189209,-0.022583,
3.45,0.00708008,-1.24487,-0.00878906,-0.0107422,0.0744629,2.86584,-0.0189209,-0.022583,
3.48,0.00708008,-1.24487,-0.00878906,-0.0107422,0.0744629,2.86584,-0.0189209,-0.022583,
3.51,0.00708008,-1.24487,-0.00878906,-0.0107422,0.0744629,2.86584,-0.0189209,-0.022583,
3.54,0.00708008,-1.24487,-0.00878906,-0.0107422,0.0744629,2.86584,-0.0189209,-0.022583,
3.57,0.00708008,-1.24487,-0.00878906,-0.0107422,0.0744629,2.86584,-0.0189209,-0.022583,
3.6,0.00708008,-1.24487,-0.00878906,-0.0107422,0.0744629,2.86584,-0.0189209,-0.022583,
3.63,0.00708008,-1.24487,-0.00878906,-0.0107422,0.0744629,2.86584,-0.0189209,-0.022583,
3.66,0.00708008,-1.24487,-0.00878906,-0.0107422,0.0744629,2.86584,-0.0189209,-0.022583,
3.69,0.00708008,-1.24487,-0.00878906,-0.0107422,0.0744629,2.86584,-0.0189209,-0.022583,
3.72,0.00708008,-1.24487,-0.00878906,-0.0107422,0.0744629,2.86584,-0.0189209,-0.022583,
3.75,0.00708008,-1.24487,-0.00878906,-0.0107422,0.0744629,2.86584,-0.0189209,-0.022583,
3.78,0.00708008,-1.24487,-0.00878906,-0.0107422,0.0744629,2.86584,-0.0189209,-0.022583,
3.81,0.00708008,-1.24487,-0.00878906,-0.0107422,0.0744629,2.86584,-0.0189209,-0.022583,
3.84,0.00708008,-1.24487,-0.00878906,-0.0107422,0.0744629,2.86584,-0.0189209,-0.022583,
3.87,0.00708008,-1.24487,-0.00878906,-0.0107422,0.0744629,2.86584,-0.0189209,-0.022583,
3.9,0.00708008,-1.24487,-0.00878906,-0.0107422,0.0744629,2.86584,-0.0189209,-0.022583,
3.93,0.00708008,-1.24487,-0.00878906,-0.0107422,0.0744629,2.86584,-0.0189209,-0.022583,
3.96,0.00708008,-1.24487,-0.00878906,-0.0107422,0.0744629,2.86584,-0.0189209,-0.022583,
3.99,0.00708008,-1.24487,-0.00878906,-0.0107422,0.0744629,2.86584,-0.0189209,-0.022583,
4.02,0.00708008,-1.24487,-0.00878906,-0.0107422,0.0744629,2.86584,-0.0189209,-0.022583,
4.05,0.00708008,-1.24487,-0.00878906,-0.0107422,0.0744629,2.86584,-0.0189209,-0.022583,
4.08,0.00708008,-1.24487,-0.00878906,-0.0107422,0.0744629,2.86584,-0.0189209,-0.022583,
4.11,0.00708008,-1.24487,-0.00878906,-0.0107422,0.0744629,2.86584,-0.0189209,-0.022583,
4.14,0.00708008,-1.24487,-0.00878906,-0.0107422,0.0744629,2.86584,-0.0189209,-0.022583,
4.17,0.00708008,-1.24487,-0.00878906,-0.0107422,0.0744629,2.86584,-0.0189209,-0.022583,
4.2,0.00708008,-1.24487,-0.00878906,-0.0107422,0.0744629,2.86584,-0.0189209,-0.022583,
4.23,0.00708008,-1.24487,-0.00878906,-0.0107422,0.0744629,2.86584,-0.0189209,-0.022583,
4.26,0.00708008,-1.24487,-0.00878906,-0.0107422,0.0744629,2.86584,-0.0189209,-0.022583,
4.29,0.00708008,-1.24487,-0.00878906,-0.0107422,0.0744629,2.86584,-0.0189209,-0.022583,
4.32,0.00708008,-1.24487,-0.00878906,-0.0107422,0.0744629,2.86584,-0.0189209,-0.022583,
4.35,0.00708008,-1.24487,-0.00878906,-0.0107422,0.0744629,2.86584,-0.0189209,-0.022583,
4.38,0.00708008,-1.24487,-0.00878906,-0.0107422,0.0744629,2.86584,-0.0189209,-0.022583,
4.41,0.00708008,-1.24487,-0.00878906,-0.0107422,0.0744629,2.86584,-0.0189209,-0.022583,
4.44,0.00708008,-1.24487,-0.00878906,-0.0107422,0.0744629,2.86584,-0.0189209,-0.022583,
4.47,0.00708008,-1.24487,-0.00878906,-0.0107422,0.0744629,2.86584,-0.0189209,-0.022583,
4.5,0.00708008,-1.24487,-0.00878906,-0.0107422,0.0744629,2.86584,-0.0189209,-0.022583,
4.53,0.00708008,-1.24487,-0.00878906,-0.0107422,0.0744629,2.86584,-0.0189209,-0.022583,
4.56,0.00708008,-1.24487,-0.00878906,-0.0107422,0.0744629,2.86584,-0.0189209,-0.022583,
4.59,0.00708008,-1.24487,-0.00878906,-0.0107422,0.0744629,2.86584,-0.0189209,-0.022583,
4.62,0.00708008,-1.24487,-0.00878906,-0.0107422,0.0744629,2.86584,-0.0189209,-0.022583,
4.65,0.00708008,-1.24487,-0.00878906,-0.0107422,0.0744629,2.86584,-0.0189209,-0.022583,
4.68,0.00708008,-1.24487,-0.00878906,-0.0107422,0.0744629,2.86584,-0.0189209,-0.022583,
4.71,0.00708008,-1.24487,-0.00878906,-0.0107422,0.0744629,2.86584,-0.0189209,-0.022583,
4.74,0.00708008,-1.24487,-0.00878906,-0.0107422,0.0744629,2.86584,-0.0189209,-0.022583,
4.77,0.00708008,-1.24487,-0.00878906,-0.0107422,0.0744629,2.86584,-0.0189209,-0.022583,
4.8,0.00708008,-1.24487,-0.00878906,-0.0107422,0.0744629,2.86584,-0.0189209,-0.022583,
4.83,0.00708008,-1.24487,-0.00878906,-0.0107422,0.0744629,2.86584,-0.0189209,-0.022583,
4.86,0.00708008,-1.24487,-0.00878906,-0.0107422,0.0744629,2.86584,-0.0189209,-0.022583,
4.89,0.00708008,-1.24487,-0.00878906,-0.0107422,0.0744629,2.86584,-0.0189209,-0.022583,
4.92,0.00708008,-1.24487,-0.00878906,-0.0107422,0.0744629,2.86584,-0.0189209,-0.022583,
4.95,0.00708008,-1.24487,-0.00878906,-0.0107422,0.0744629,2.86584,-0.0189209,-0.022583,
4.98,0.00708008,-1.24487,-0.00878906,-0.0107422,0.0744629,2.86584,-0.0189209,-0.022583,
5.01,0.00708008,-1.24487,-0.00878906,-0.0107422,0.0744629,2.86584,-0.0189209,-0.022583,
5.04,0.00708008,-1.24487,-0.00878906,-0.0107422,0.0744629,2.86584,-0.0189209,-0.022583,
5.07,0.00708008,-1.24487,-0.00878906,-0.0107422,0.0744629,2.86584,-0.0189209,-0.022583,
5.1,0.00708008,-1.24487,-0.00878906,-0.0107422,0.0744629,2.86584,-0.0189209,-0.022583,
5.13,0.00708008,-1.24487,-0.00878906,-0.0107422,0.0744629,2.86584,-0.0189209,-0.022583,
5.16,0.00708008,-1.24487,-0.00878906,-0.0107422,0.0744629,2.86584,-0.0189209,-0.022583,
5.19,0.00708008,-1.24487,-0.00878906,-0.0107422,0.0744629,2.86584,-0.0189209,-0.022583,
5.22,0.00708008,-1.24487,-0.00878906,-0.0107422,0.0744629,2.86584,-0.0189209,-0.022583,
5.25,0.00708008,-1.24487,-0.00878906,-0.0107422,0.0744629,2.86584,-0.0189209,-0.022583,
5.28,0.00708008,-1.24487,-0.00878906,-0.0107422,0.0744629,2.86584,-0.0189209,-0.022583,
5.31,0.00708008,-1.24487,-0.00878906,-0.0107422,0.0744629,2.86584,-0.0189209,-0.022583,
5.34,0.00708008,-1.24487,-0.00878906,-0.0107422,0.0744629,2.86584,-0.0189209,-0.022583,
5.37,0.00708008,-1.24487,-0.00878906,-0.0107422,0.0744629,2.86584,-0.0189209,-0.022583,
5.4,0.00708008,-1.24487,-0.00878906,-0.0107422,0.0744629,2.86584,-0.0189209,-0.022583,
5.43,0.00708008,-1.24487,-0.00878906,-0.0107422,0.0744629,2.86584,-0.0189209,-0.022583,
5.46,0.00708008,-1.24487,-0.00878906,-0.0107422,0.0744629,2.86584,-0.0189209,-0.022583,
5.49,0.00708008,-1.24487,-0.00878906,-0.0107422,0.0744629,2.86584,-0.0189209,-0.022583,
5.52,0.00708008,-1.24487,-0.00878906,-0.0107422,0.0744629,2.86584,-0.0189209,-0.022583,
5.55,0.00708008,-1.24487,-0.00878906,-0.0107422,0.0744629,2.86584,-0.0189209,-0.022583,
5.58,0.00708008,-1.24487,-0.00878906,-0.0107422,0.0744629,2.86584,-0.0189209,-0.022583,
5.61,0.00708008,-1.24487,-0.00878906,-0.0107422,0.0744629,2.86584,-0.0189209,-0.022583,
5.64,0.00708008,-1.24487,-0.00878906,-0.0107422,0.0744629,2.86584,-0.0189209,-0.022583,
5.67,0.00708008,-1.24487,-0.00878906,-0.0107422,0.0744629,2.86584,-0.0189209,-0.022583,
5.7,0.00708008,-1.24487,-0.00878906,-0.0107422,0.0744629,2.86584,-0.0189209,-0.022583,
5.73,0.00708008,-1.24487,-0.00878906,-0.0107422,0.0744629,2.86584,-0.0189209,-0.022583,
5.76,0.00708008,-1.24487,-0.00878906,-0.0107422,0.0744629,2.86584,-0.0189209,-0.022583,
5.79,0.00708008,-1.24487,-0.00878906,-0.0107422,0.0744629,2.86584,-0.0189209,-0.022583,
5.82,0.00708008,-1.24487,-0.00878906,-0.0107422,0.0744629,2.86584,-0.0189209,-0.022583,
5.85,0.00708008,-1.24487,-0.00878906,-0.0107422,0.0744629,2.86584,-0.0189209,-0.022583,
5.88,0.00708008,-1.24487,-0.00878906,-0.0107422,0.0744629,2.86584,-0.0189209,-0.022583,
5.91,0.00708008,-1.24487,-0.00878906,-0.0107422,0.0744629,2.86584,-0.0189209,-0.022583,
5.94,0.00708008,-1.24487,-0.00878906,-0.0107422,0.0744629,2.86584,-0.0189209,-0.022583,
5.97,0.00708008,-1.24487,-0.00878906,-0.0107422,0.0744629,2.86584,-0.0189209,-0.022583,
6,0.00708008,-1.24487,-0.00878906,-0.0107422,0.0744629,2.86584,-0.0189209,-0.022583,
6.03,0.00708008,-1.24487,-0.00878906,-0.0107422,0.0744629,2.86584,-0.0189209,-0.022583,
6.06,0.00708008,-1.24487,-0.00878906,-0.0107422,0.0744629,2.86584,-0.0189209,-0.022583,
6.09,0.00708008,-1.24487,-0.00878906,-0.0107422,0.0744629,2.86584,-0.0189209,-0.022583,
6.12,0.00708008,-1.24487,-0.00878906,-0.0107422,0.0744629,2.86584,-0.0189209,-0.022583,
6.15,0.00708008,-1.24487,-0.00878906,-0.0107422,0.0744629,2.86584,-0.0189209,-0.022583,
6.18,0.00708008,-1.24487,-0.00878906,-0.0107422,0.0744629,2.86584,-0.0189209,-0.022583,
6.21,0.00708008,-1.24487,-0.00878906,-0.0107422,0.0744629,2.86584,-0.0189209,-0.022583,
6.24,0.00708008,-1.24487,-0.00878906,-0.0107422,0.0744629,2.86584,-0.0189209,-0.022583,
6.27,0.00708008,-1.24487,-0.00878906,-0.0107422,0.0744629,2.86584,-0.0189209,-0.022583,
6.3,0.00708008,-1.24487,-0.00878906,-0.0107422,0.0744629,2.86584,-0.0189209,-0.022583,
6.33,0.00708008,-1.24487,-0.00878906,-0.0107422,0.0744629,2.86584,-0.0189209,-0.022583,
6.36,0.00708008,-1.24487,-0.00878906,-0.0107422,0.0744629,2.86584,-0.0189209,-0.022583,
6.39,0.00708008,-1.24487,-0.00878906,-0.0107422,0.0744629,2.86584,-0.0189209,-0.022583,
6.42,0.00708008,-1.24487,-0.00878906,-0.0107422,0.0744629,2.86584,-0.0189209,-0.022583,
6.45,0.00708008,-1.24487,-0.00878906,-0.0107422,0.0744629,2.86584,-0.0189209,-0.022583,
6.48,0.00708008,-1.24487,-0.00878906,-0.0107422,0.0744629,2.86584,-0.0189209,-0.022583,
6.51,0.00708008,-1.24487,-0.00878906,-0.0107422,0.0744629,2.86584,-0.0189209,-0.022583,
6.54,0.00708008,-1.24487,-0.00878906,-0.0107422,0.0744629,2.86584,-0.0189209,-0.022583,
6.57,0.00708008,-1.24487,-0.00878906,-0.0107422,0.0744629,2.86584,-0.0189209,-0.022583,
6.6,0.00708008,-1.24487,-0.00878906,-0.0107422,0.0744629,2.86584,-0.0189209,-0.022583,
6.63,0.00708008,-1.24487,-0.00878906,-0.0107422,0.0744629,2.86584,-0.0189209,-0.022583,
6.66,0.00708008,-1.24487,-0.00878906,-0.0107422,0.0744629,2.86584,-0.0189209,-0.022583,
6.69,0.00708008,-1.24487,-0.00878906,-0.0107422,0.0744629,2.86584,-0.0189209,-0.022583,
6.72,0.00708008,-1.24487,-0.00878906,-0.0107422,0.0744629,2.86584,-0.0189209,-0.022583,
6.75,0.00708008,-1.24487,-0.00878906,-0.0107422,0.0744629,2.86584,-0.0189209,-0.022583,
6.78,0.00708008,-1.24487,-0.00878906,-0.0107422,0.0744629,2.86584,-0.0189209,-0.022583,
6.81,0.00708008,-1.24487,-0.00878906,-0.0107422,0.0744629,2.86584,-0.0189209,-0.022583,
6.84,0.00708008,-1.24487,-0.00878906,-0.0107422,0.0744629,2.86584,-0.0189209,-0.022583,
6.87,0.00708008,-1.24487,-0.00878906,-0.0107422,0.0744629,2.86584,-0.0189209,-0.022583,
6.9,0.00708008,-1.24487,-0.00878906,-0.0107422,0.0744629,2.86584,-0.0189209,-0.022583,
6.93,0.00708008,-1.24487,-0.00878906,-0.0107422,0.0744629,2.86584,-0.0189209,-0.022583,
6.96,0.00708008,-1.24487,-0.00878906,-0.0107422,0.0744629,2.86584,-0.0189209,-0.022583,
6.99,0.00708008,-1.24487,-0.00878906,-0.0107422,0.0744629,2.86584,-0.0189209,-0.022583,
7.02,0.00708008,-1.24487,-0.00878906,-0.0107422,0.0744629,2.86584,-0.0189209,-0.022583,
7.05,0.00708008,-1.24487,-0.00878906,-0.0107422,0.0744629,2.86584,-0.0189209,-0.022583,
7.08,0.00708008,-1.24487,-0.00878906,-0.0107422,0.0744629,2.86584,-0.0189209,-0.022583,
7.11,0.00708008,-1.24487,-0.00878906,-0.0107422,0.0744629,2.86584,-0.0189209,-0.022583,
7.14,0.00708008,-1.24487,-0.00878906,-0.0107422,0.0744629,2.86584,-0.0189209,-0.022583,
7.17,0.00708008,-1.24487,-0.00878906,-0.0107422,0.0744629,2.86584,-0.0189209,-0.022583,
7.2,0.00708008,-1.24487,-0.00878906,-0.0107422,0.0744629,2.86584,-0.0189209,-0.022583,
7.23,0.00708008,-1.24487,-0.00878906,-0.0107422,0.0744629,2.86584,-0.0189209,-0.022583,
7.26,0.00708008,-1.24487,-0.00878906,-0.0107422,0.0744629,2.86584,-0.0189209,-0.022583,
7.29,0.00708008,-1.24487,-0.00878906,-0.0107422,0.0744629,2.86584,-0.0189209,-0.022583,
7.32,0.00708008,-1.24487,-0.00878906,-0.0107422,0.0744629,2.86584,-0.0189209,-0.022583,
7.35,0.00708008,-1.24487,-0.00878906,-0.0107422,0.0744629,2.86584,-0.0189209,-0.022583,
7.38,0.00708008,-1.24487,-0.00878906,-0.0107422,0.0744629,2.86584,-0.0189209,-0.022583,
7.41,0.00708008,-1.24487,-0.00878906,-0.0107422,0.0744629,2.86584,-0.0189209,-0.022583,
7.44,0.00708008,-1.24487,-0.00878906,-0.0107422,0.0744629,2.86584,-0.0189209,-0.022583,
7.47,0.00708008,-1.24487,-0.00878906,-0.0107422,0.0744629,2.86584,-0.0189209,-0.022583,
7.5,0.00708008,-1.24487,-0.00878906,-0.0107422,0.0744629,2.86584,-0.0189209,-0.022583,
7.53,0.00708008,-1.24487,-0.00878906,-0.0107422,0.0744629,2.86584,-0.0189209,-0.022583,
7.56,0.00708008,-1.24487,-0.00878906,-0.0107422,0.0744629,2.86584,-0.0189209,-0.022583,
7.59,0.00708008,-1.24487,-0.00878906,-0.0107422,0.0744629,2.86584,-0.0189209,-0.022583,
7.62,0.00708008,-1.24487,-0.00878906,-0.0107422,0.0744629,2.86584,-0.0189209,-0.022583,
7.65,0.00708008,-1.24487,-0.00878906,-0.0107422,0.0744629,2.86584,-0.0189209,-0.022583,
7.68,0.00708008,-1.24487,-0.00878906,-0.0107422,0.0744629,2.86584,-0.0189209,-0.022583,
7.71,0.00708008,-1.24487,-0.00878906,-0.0107422,0.0744629,2.86584,-0.0189209,-0.022583,
7.74,0.00708008,-1.24487,-0.00878906,-0.0107422,0.0744629,2.86584,-0.0189209,-0.022583,
7.77,0.00708008,-1.24487,-0.00878906,-0.0107422,0.0744629,2.86584,-0.0189209,-0.022583,
7.8,0.00708008,-1.24487,-0.00878906,-0.0107422,0.0744629,2.86584,-0.0189209,-0.022583,
7.83,0.00708008,-1.24487,-0.00878906,-0.0107422,0.0744629,2.86584,-0.0189209,-0.022583,
7.86,0.00708008,-1.24487,-0.00878906,-0.0107422,0.0744629,2.86584,-0.0189209,-0.022583,
7.89,0.00708008,-1.24487,-0.00878906,-0.0107422,0.0744629,2.86584,-0.0189209,-0.022583,
7.92,0.00708008,-1.24487,-0.00878906,-0.0107422,0.0744629,2.86584,-0.0189209,-0.022583,
7.95,0.00708008,-1.24487,-0.00878906,-0.0107422,0.0744629,2.86584,-0.0189209,-0.022583,
7.98,0.00708008,-1.24487,-0.00878906,-0.0107422,0.0744629,2.86584,-0.0189209,-0.022583,
8.01,0.00708008,-1.24487,-0.00878906,-0.0107422,0.0744629,2.86584,-0.0189209,-0.022583,
8.04,0.00708008,-1.24487,-0.00878906,-0.0107422,0.0744629,2.86584,-0.0189209,-0.022583,
8.07,0.00708008,-1.24487,-0.00878906,-0.0107422,0.0744629,2.86584,-0.0189209,-0.022583,
8.1,0.00708008,-1.24487,-0.00878906,-0.0107422,0.0744629,2.86584,-0.0189209,-0.022583,
8.13,0.00708008,-1.24487,-0.00878906,-0.0107422,0.0744629,2.86584,-0.0189209,-0.022583,
8.16,0.00708008,-1.24487,-0.00878906,-0.0107422,0.0744629,2.86584,-0.0189209,-0.022583,
8.19,0.00708008,-1.24487,-0.00878906,-0.0107422,0.0744629,2.86584,-0.0189209,-0.022583,
8.22,0.00708008,-1.24487,-0.00878906,-0.0107422,0.0744629,2.86584,-0.0189209,-0.022583,
8.25,0.00708008,-1.24487,-0.00878906,-0.0107422,0.0744629,2.86584,-0.0189209,-0.022583,
8.28,0.00708008,-1.24487,-0.00878906,-0.0107422,0.0744629,2.86584,-0.0189209,-0.022583,
8.31,0.00708008,-1.24487,-0.00878906,-0.0107422,0.0744629,2.86584,-0.0189209,-0.022583,
8.34,0.00708008,-1.24487,-0.00878906,-0.0107422,0.0744629,2.86584,-0.0189209,-0.022583,
8.37,0.00708008,-1.24487,-0.00878906,-0.0107422,0.0744629,2.86584,-0.0189209,-0.022583,
8.4,0.00708008,-1.24487,-0.00878906,-0.0107422,0.0744629,2.86584,-0.0189209,-0.022583,
8.43,0.00708008,-1.24487,-0.00878906,-0.0107422,0.0744629,2.86584,-0.0189209,-0.022583,
8.46,0.00708008,-1.24487,-0.00878906,-0.0107422,0.0744629,2.86584,-0.0189209,-0.022583,
8.49,0.00708008,-1.24487,-0.00878906,-0.0107422,0.0744629,2.86584,-0.0189209,-0.022583,
8.52,0.00708008,-1.24487,-0.00878906,-0.0107422,0.0744629,2.86584,-0.0189209,-0.022583,
8.55,0.00708008,-1.24487,-0.00878906,-0.0107422,0.0744629,2.86584,-0.0189209,-0.022583,
8.58,0.00708008,-1.24487,-0.00878906,-0.0107422,0.0744629,2.86584,-0.0189209,-0.022583,
8.61,0.00708008,-1.24487,-0.00878906,-0.0107422,0.0744629,2.86584,-0.0189209,-0.022583,
8.64,0.00708008,-1.24487,-0.00878906,-0.0107422,0.0744629,2.86584,-0.0189209,-0.022583,
8.67,0.00708008,-1.24487,-0.00878906,-0.0107422,0.0744629,2.86584,-0.0189209,-0.022583,
8.7,0.00708008,-1.24487,-0.00878906,-0.0107422,0.0744629,2.86584,-0.0189209,-0.022583,
8.73,0.00708008,-1.24487,-0.00878906,-0.0107422,0.0744629,2.86584,-0.0189209,-0.022583,
8.76,0.00708008,-1.24487,-0.00878906,-0.0107422,0.0744629,2.86584,-0.0189209,-0.022583,
8.79,0.00708008,-1.24487,-0.00878906,-0.0107422,0.0744629,2.86584,-0.0189209,-0.022583,
8.82,0.00708008,-1.24487,-0.00878906,-0.0107422,0.0744629,2.86584,-0.0189209,-0.022583,
8.85,0.00708008,-1.24487,-0.00878906,-0.0107422,0.0744629,2.86584,-0.0189209,-0.022583,
8.88,0.00708008,-1.24487,-0.00878906,-0.0107422,0.0744629,2.86584,-0.0189209,-0.022583,
8.91,0.00708008,-1.24487,-0.00878906,-0.0107422,0.0744629,2.86584,-0.0189209,-0.022583,
8.94,0.00708008,-1.24487,-0.00878906,-0.0107422,0.0744629,2.86584,-0.0189209,-0.022583,
8.97,0.00708008,-1.24487,-0.00878906,-0.0107422,0.0744629,2.86584,-0.0189209,-0.022583,
9,0.00708008,-1.24487,-0.00878906,-0.0107422,0.0744629,2.86584,-0.0189209,-0.022583,
9.03,0.00708008,-1.24487,-0.00878906,-0.0107422,0.0744629,2.86584,-0.0189209,-0.022583,
9.06,0.00708008,-1.24487,-0.00878906,-0.0107422,0.0744629,2.86584,-0.0189209,-0.022583,
9.09,0.00708008,-1.24487,-0.00878906,-0.0107422,0.0744629,2.86584,-0.0189209,-0.022583,
9.12,0.00708008,-1.24487,-0.00878906,-0.0107422,0.0744629,2.86584,-0.0189209,-0.022583,
9.15,0.00708008,-1.24487,-0.00878906,-0.0107422,0.0744629,2.86584,-0.0189209,-0.022583,
9.18,0.00708008,-1.24487,-0.00878906,-0.0107422,0.0744629,2.86584,-0.0189209,-0.022583,
9.21,0.00708008,-1.24487,-0.00878906,-0.0107422,0.0744629,2.86584,-0.0189209,-0.022583,
9.24,0.00708008,-1.24487,-0.00878906,-0.0107422,0.0744629,2.86584,-0.0189209,-0.022583,
9.27,0.00708008,-1.24487,-0.00878906,-0.0107422,0.0744629,2.86584,-0.0189209,-0.022583,
9.3,0.00708008,-1.24487,-0.00878906,-0.0107422,0.0744629,2.86584,-0.0189209,-0.022583,
9.33,0.00708008,-1.24487,-0.00878906,-0.0107422,0.0744629,2.86584,-0.0189209,-0.022583,
9.36,0.00708008,-1.24487,-0.00878906,-0.0107422,0.0744629,2.86584,-0.0189209,-0.022583,
9.39,0.00708008,-1.24487,-0.00878906,-0.0107422,0.0744629,2.86584,-0.0189209,-0.022583,
9.42,0.00708008,-1.24487,-0.00878906,-0.0107422,0.0744629,2.86584,-0.0189209,-0.022583,
9.45,0.00708008,-1.24487,-0.00878906,-0.0107422,0.0744629,2.86584,-0.0189209,-0.022583,
9.48,0.00708008,-1.24487,-0.00878906,-0.0107422,0.0744629,2.86584,-0.0189209,-0.022583,
9.51,0.00708008,-1.24487,-0.00878906,-0.0107422,0.0744629,2.86584,-0.0189209,-0.022583,
9.54,0.00708008,-1.24487,-0.00878906,-0.0107422,0.0744629,2.86584,-0.0189209,-0.022583,
9.57,0.00708008,-1.24487,-0.00878906,-0.0107422,0.0744629,2.86584,-0.0189209,-0.022583,
9.6,0.00708008,-1.24487,-0.00878906,-0.0107422,0.0744629,2.86584,-0.0189209,-0.022583,
9.63,0.00708008,-1.24487,-0.00878906,-0.0107422,0.0744629,2.86584,-0.0189209,-0.022583,
9.66,0.00708008,-1.24487,-0.00878906,-0.0107422,0.0744629,2.86584,-0.0189209,-0.022583,
9.69,0.00708008,-1.24487,-0.00878906,-0.0107422,0.0744629,2.86584,-0.0189209,-0.022583,
9.72,0.00708008,-1.24487,-0.00878906,-0.0107422,0.0744629,2.86584,-0.0189209,-0.022583,
9.75,0.00708008,-1.24487,-0.00878906,-0.0107422,0.0744629,2.86584,-0.0189209,-0.022583,
9.78,0.00708008,-1.24487,-0.00878906,-0.0107422,0.0744629,2.86584,-0.0189209,-0.022583,
9.81,0.00708008,-1.24487,-0.00878906,-0.0107422,0.0744629,2.86584,-0.0189209,-0.022583,
9.84,0.00708008,-1.24487,-0.00878906,-0.0107422,0.0744629,2.86584,-0.0189209,-0.022583,
9.87,0.00708008,-1.24487,-0.00878906,-0.0107422,0.0744629,2.86584,-0.0189209,-0.022583,
9.9,0.00708008,-1.24487,-0.00878906,-0.0107422,0.0744629,2.86584,-0.0189209,-0.022583,
9.93,0.00708008,-1.24487,-0.00878906,-0.0107422,0.0744629,2.86584,-0.0189209,-0.022583,
9.96,0.00708008,-1.24487,-0.00878906,-0.0107422,0.0744629,2.86584,-0.0189209,-0.022583,
9.99,0.00708008,-1.24487,-0.00878906,-0.0107422,0.0744629,2.86584,-0.0189209,-0.022583,
10.02,0.00708008,-1.24487,-0.00878906,-0.0107422,0.0744629,2.86584,-0.0189209,-0.022583,
10.05,0.00708008,-1.24487,-0.00878906,-0.0107422,0.0744629,2.86584,-0.0189209,-0.022583,
10.08,0.00708008,-1.24487,-0.00878906,-0.0107422,0.0744629,2.86584,-0.0189209,-0.022583,
10.11,0.00708008,-1.24487,-0.00878906,-0.0107422,0.0744629,2.86584,-0.0189209,-0.022583,
10.14,0.00708008,-1.24487,-0.00878906,-0.0107422,0.0744629,2.86584,-0.0189209,-0.022583,
10.17,0.00708008,-1.24487,-0.00878906,-0.0107422,0.0744629,2.86584,-0.0189209,-0.022583,
10.2,0.00708008,-1.24487,-0.00878906,-0.0107422,0.0744629,2.86584,-0.0189209,-0.022583,
10.23,0.00708008,-1.24487,-0.00878906,-0.0107422,0.0744629,2.86584,-0.0189209,-0.022583,
10.26,0.00708008,-1.24487,-0.00878906,-0.0107422,0.0744629,2.86584,-0.0189209,-0.022583,
10.29,0.00708008,-1.24487,-0.00878906,-0.0107422,0.0744629,2.86584,-0.0189209,-0.022583,
10.32,0.00708008,-1.24487,-0.00878906,-0.0107422,0.0744629,2.86584,-0.0189209,-0.022583,
10.35,0.00708008,-1.24487,-0.00878906,-0.0107422,0.0744629,2.86584,-0.0189209,-0.022583,
10.38,0.00708008,-1.24487,-0.00878906,-0.0107422,0.0744629,2.86584,-0.0189209,-0.022583,
10.41,0.00708008,-1.24487,-0.00878906,-0.0107422,0.0744629,2.86584,-0.0189209,-0.022583,
10.44,0.00708008,-1.24487,-0.00878906,-0.0107422,0.0744629,2.86584,-0.0189209,-0.022583,
10.47,0.00708008,-1.24487,-0.00878906,-0.0107422,0.0744629,2.86584,-0.0189209,-0.022583,
10.5,0.00708008,-1.24487,-0.00878906,-0.0107422,0.0744629,2.86584,-0.0189209,-0.022583,
10.53,0.00708008,-1.24487,-0.00878906,-0.0107422,0.0744629,2.86584,-0.0189209,-0.022583,
10.56,0.00708008,-1.24487,-0.00878906,-0.0107422,0.0744629,2.86584,-0.0189209,-0.022583,
10.59,0.00708008,-1.24487,-0.00878906,-0.0107422,0.0744629,2.86584,-0.0189209,-0.022583,
10.62,0.00708008,-1.24487,-0.00878906,-0.0107422,0.0744629,2.86584,-0.0189209,-0.022583,
10.65,0.00708008,-1.24487,-0.00878906,-0.0107422,0.0744629,2.86584,-0.0189209,-0.022583,
10.68,0.00708008,-1.24487,-0.00878906,-0.0107422,0.0744629,2.86584,-0.0189209,-0.022583,
10.71,0.00708008,-1.24487,-0.00878906,-0.0107422,0.0744629,2.86584,-0.0189209,-0.022583,
10.74,0.00708008,-1.24487,-0.00878906,-0.0107422,0.0744629,2.86584,-0.0189209,-0.022583,
10.77,0.00708008,-1.24487,-0.00878906,-0.0107422,0.0744629,2.86584,-0.0189209,-0.022583,
10.8,0.00708008,-1.24487,-0.00878906,-0.0107422,0.0744629,2.86584,-0.0189209,-0.022583,
10.83,0.00708008,-1.24487,-0.00878906,-0.0107422,0.0744629,2.86584,-0.0189209,-0.022583,
10.86,0.00708008,-1.24487,-0.00878906,-0.0107422,0.0744629,2.86584,-0.0189209,-0.022583,
10.89,0.00708008,-1.24487,-0.00878906,-0.0107422,0.0744629,2.86584,-0.0189209,-0.022583,
10.92,0.00708008,-1.24487,-0.00878906,-0.0107422,0.0744629,2.86584,-0.0189209,-0.022583,
10.95,0.00708008,-1.24487,-0.00878906,-0.0107422,0.0744629,2.86584,-0.0189209,-0.022583,
10.98,0.00708008,-1.24487,-0.00878906,-0.0107422,0.0744629,2.86584,-0.0189209,-0.022583,
11.01,0.00708008,-1.24487,-0.00878906,-0.0107422,0.0744629,2.86584,-0.0189209,-0.022583,
11.04,0.00708008,-1.24487,-0.00878906,-0.0107422,0.0744629,2.86584,-0.0189209,-0.022583,
11.07,0.00708008,-1.24487,-0.00878906,-0.0107422,0.0744629,2.86584,-0.0189209,-0.022583,
11.1,0.00708008,-1.24487,-0.00878906,-0.0107422,0.0744629,2.86584,-0.0189209,-0.022583,
11.13,0.00708008,-1.24487,-0.00878906,-0.0107422,0.0744629,2.86584,-0.0189209,-0.022583,
11.16,0.00708008,-1.24487,-0.00878906,-0.0107422,0.0744629,2.86584,-0.0189209,-0.022583,
11.19,0.00708008,-1.24487,-0.00878906,-0.0107422,0.0744629,2.86584,-0.0189209,-0.022583,
11.22,0.00708008,-1.24487,-0.00878906,-0.0107422,0.0744629,2.86584,-0.0189209,-0.022583,
11.25,0.00708008,-1.24487,-0.00878906,-0.0107422,0.0744629,2.86584,-0.0189209,-0.022583,
11.28,0.00708008,-1.24487,-0.00878906,-0.0107422,0.0744629,2.86584,-0.0189209,-0.022583,
11.31,0.00708008,-1.24487,-0.00878906,-0.0107422,0.0744629,2.86584,-0.0189209,-0.022583,
11.34,0.00708008,-1.24487,-0.00878906,-0.0107422,0.0744629,2.86584,-0.0189209,-0.022583,
11.37,0.00708008,-1.24487,-0.00878906,-0.0107422,0.0744629,2.86584,-0.0189209,-0.022583,
11.4,0.00708008,-1.24487,-0.00878906,-0.0107422,0.0744629,2.86584,-0.0189209,-0.022583,
11.43,0.00708008,-1.24487,-0.00878906,-0.0107422,0.0744629,2.86584,-0.0189209,-0.022583,
11.46,0.00708008,-1.24487,-0.00878906,-0.0107422,0.0744629,2.86584,-0.0189209,-0.022583,
11.49,0.00708008,-1.24487,-0.00878906,-0.0107422,0.0744629,2.86584,-0.0189209,-0.022583,
11.52,0.00708008,-1.24487,-0.00878906,-0.0107422,0.0744629,2.86584,-0.0189209,-0.022583,
11.55,0.00708008,-1.24487,-0.00878906,-0.0107422,0.0744629,2.86584,-0.0189209,-0.022583,
11.58,0.00708008,-1.24487,-0.00878906,-0.0107422,0.0744629,2.86584,-0.0189209,-0.022583,
11.61,0.00708008,-1.24487,-0.00878906,-0.0107422,0.0744629,2.86584,-0.0189209,-0.022583,
11.64,0.00708008,-1.24487,-0.00878906,-0.0107422,0.0744629,2.86584,-0.0189209,-0.022583,
11.67,0.00708008,-1.24487,-0.00878906,-0.0107422,0.0744629,2.86584,-0.0189209,-0.022583,
11.7,0.00708008,-1.24487,-0.00878906,-0.0107422,0.0744629,2.86584,-0.0189209,-0.022583,
11.73,0.00708008,-1.24487,-0.00878906,-0.0107422,0.0744629,2.86584,-0.0189209,-0.022583,
11.76,0.00708008,-1.24487,-0.00878906,-0.0107422,0.0744629,2.86584,-0.0189209,-0.022583,
11.79,0.00708008,-1.24487,-0.00878906,-0.0107422,0.0744629,2.86584,-0.0189209,-0.022583,
11.82,0.00708008,-1.24487,-0.00878906,-0.0107422,0.0744629,2.86584,-0.0189209,-0.022583,
11.85,0.00708008,-1.24487,-0.00878906,-0.0107422,0.0744629,2.86584,-0.0189209,-0.022583,
11.88,0.00708008,-1.24487,-0.00878906,-0.0107422,0.0744629,2.86584,-0.0189209,-0.022583,
11.91,0.00708008,-1.24487,-0.00878906,-0.0107422,0.0744629,2.86584,-0.0189209,-0.022583,
11.94,0.00708008,-1.24487,-0.00878906,-0.0107422,0.0744629,2.86584,-0.0189209,-0.022583,
11.97,0.00708008,-1.24487,-0.00878906,-0.0107422,0.0744629,2.86584,-0.0189209,-0.022583,
12,0.00708008,-1.24487,-0.00878906,-0.0107422,0.0744629,2.86584,-0.0189209,-0.022583,
12.03,0.00708008,-1.24487,-0.00878906,-0.0107422,0.0744629,2.86584,-0.0189209,-0.022583,
12.06,0.00708008,-1.24487,-0.00878906,-0.0107422,0.0744629,2.86584,-0.0189209,-0.022583,
12.09,0.00708008,-1.24487,-0.00878906,-0.0107422,0.0744629,2.86584,-0.0189209,-0.022583,
12.12,0.00708008,-1.24487,-0.00878906,-0.0107422,0.0744629,2.86584,-0.0189209,-0.022583,
12.15,0.00708008,-1.24487,-0.00878906,-0.0107422,0.0744629,2.86584,-0.0189209,-0.022583,
12.18,0.00708008,-1.24487,-0.00878906,-0.0107422,0.0744629,2.86584,-0.0189209,-0.022583,
12.21,0.00708008,-1.24487,-0.00878906,-0.0107422,0.0744629,2.86584,-0.0189209,-0.022583,
12.24,0.00708008,-1.24487,-0.00878906,-0.0107422,0.0744629,2.86584,-0.0189209,-0.022583,
12.27,0.00708008,-1.24487,-0.00878906,-0.0107422,0.0744629,2.86584,-0.0189209,-0.022583,
12.3,0.00708008,-1.24487,-0.00878906,-0.0107422,0.0744629,2.86584,-0.0189209,-0.022583,
12.33,0.00708008,-1.24487,-0.00878906,-0.0107422,0.0744629,2.86584,-0.0189209,-0.022583,
12.36,0.00708008,-1.24487,-0.00878906,-0.0107422,0.0744629,2.86584,-0.0189209,-0.022583,
12.39,0.00708008,-1.24487,-0.00878906,-0.0107422,0.0744629,2.86584,-0.0189209,-0.022583,
12.42,0.00708008,-1.24487,-0.00878906,-0.0107422,0.0744629,2.86584,-0.0189209,-0.022583,
12.45,0.00708008,-1.24487,-0.00878906,-0.0107422,0.0744629,2.86584,-0.0189209,-0.022583,
12.48,0.00708008,-1.24487,-0.00878906,-0.0107422,0.0744629,2.86584,-0.0189209,-0.022583,
12.51,0.00708008,-1.24487,-0.00878906,-0.0107422,0.0744629,2.86584,-0.0189209,-0.022583,
12.54,0.00708008,-1.24487,-0.00878906,-0.0107422,0.0744629,2.86584,-0.0189209,-0.022583,
12.57,0.00708008,-1.24487,-0.00878906,-0.0107422,0.0744629,2.86584,-0.0189209,-0.022583,
12.6,0.00708008,-1.24487,-0.00878906,-0.0107422,0.0744629,2.86584,-0.0189209,-0.022583,
12.63,0.00708008,-1.24487,-0.00878906,-0.0107422,0.0744629,2.86584,-0.0189209,-0.022583,
12.66,0.00708008,-1.24487,-0.00878906,-0.0107422,0.0744629,2.86584,-0.0189209,-0.022583,
12.69,0.00708008,-1.24487,-0.00878906,-0.0107422,0.0744629,2.86584,-0.0189209,-0.022583,
12.72,0.00708008,-1.24487,-0.00878906,-0.0107422,0.0744629,2.86584,-0.0189209,-0.022583,
12.75,0.00708008,-1.24487,-0.00878906,-0.0107422,0.0744629,2.86584,-0.0189209,-0.022583,
12.78,0.00708008,-1.24487,-0.00878906,-0.0107422,0.0744629,2.86584,-0.0189209,-0.022583,
12.81,0.00708008,-1.24487,-0.00878906,-0.0107422,0.0744629,2.86584,-0.0189209,-0.022583,
12.84,0.00708008,-1.24487,-0.00878906,-0.0107422,0.0744629,2.86584,-0.0189209,-0.022583,
12.87,0.00708008,-1.24487,-0.00878906,-0.0107422,0.0744629,2.86584,-0.0189209,-0.022583,
12.9,0.00708008,-1.24487,-0.00878906,-0.0107422,0.0744629,2.86584,-0.0189209,-0.022583,
12.93,0.00708008,-1.24487,-0.00878906,-0.0107422,0.0744629,2.86584,-0.0189209,-0.022583,
12.96,0.00708008,-1.24487,-0.00878906,-0.0107422,0.0744629,2.86584,-0.0189209,-0.022583,
12.99,0.00708008,-1.24487,-0.00878906,-0.0107422,0.0744629,2.86584,-0.0189209,-0.022583,
13.02,0.00708008,-1.24487,-0.00878906,-0.0107422,0.0744629,2.86584,-0.0189209,-0.022583,
13.05,0.00708008,-1.24487,-0.00878906,-0.0107422,0.0744629,2.86584,-0.0189209,-0.022583,
13.08,0.00708008,-1.24487,-0.00878906,-0.0107422,0.0744629,2.86584,-0.0189209,-0.022583,
13.11,0.00708008,-1.24487,-0.00878906,-0.0107422,0.0744629,2.86584,-0.0189209,-0.022583,
13.14,0.00708008,-1.24487,-0.00878906,-0.0107422,0.0744629,2.86584,-0.0189209,-0.022583,
13.17,0.00708008,-1.24487,-0.00878906,-0.0107422,0.0744629,2.86584,-0.0189209,-0.022583,
13.2,0.00708008,-1.24487,-0.00878906,-0.0107422,0.0744629,2.86584,-0.0189209,-0.022583,
13.23,0.00708008,-1.24487,-0.00878906,-0.0107422,0.0744629,2.86584,-0.0189209,-0.022583,
13.26,0.00708008,-1.24487,-0.00878906,-0.0107422,0.0744629,2.86584,-0.0189209,-0.022583,
13.29,0.00708008,-1.24487,-0.00878906,-0.0107422,0.0744629,2.86584,-0.0189209,-0.022583,
13.32,0.00708008,-1.24487,-0.00878906,-0.0107422,0.0744629,2.86584,-0.0189209,-0.022583,
13.35,0.00708008,-1.24487,-0.00878906,-0.0107422,0.0744629,2.86584,-0.0189209,-0.022583,
13.38,0.00708008,-1.24487,-0.00878906,-0.0107422,0.0744629,2.86584,-0.0189209,-0.022583,
13.41,0.00708008,-1.24487,-0.00878906,-0.0107422,0.0744629,2.86584,-0.0189209,-0.022583,
13.44,0.00708008,-1.24487,-0.00878906,-0.0107422,0.0744629,2.86584,-0.0189209,-0.022583,
13.47,0.00708008,-1.24487,-0.00878906,-0.0107422,0.0744629,2.86584,-0.0189209,-0.022583,
13.5,0.00708008,-1.24487,-0.00878906,-0.0107422,0.0744629,2.86584,-0.0189209,-0.022583,
13.53,0.00708008,-1.24487,-0.00878906,-0.0107422,0.0744629,2.86584,-0.0189209,-0.022583,
13.56,0.00708008,-1.24487,-0.00878906,-0.0107422,0.0744629,2.86584,-0.0189209,-0.022583,
13.59,0.00708008,-1.24487,-0.00878906,-0.0107422,0.0744629,2.86584,-0.0189209,-0.022583,
13.62,0.00708008,-1.24487,-0.00878906,-0.0107422,0.0744629,2.86584,-0.0189209,-0.022583,
13.65,0.00708008,-1.24487,-0.00878906,-0.0107422,0.0744629,2.86584,-0.0189209,-0.022583,
13.68,0.00708008,-1.24487,-0.00878906,-0.0107422,0.0744629,2.86584,-0.0189209,-0.022583,
13.71,0.00708008,-1.24487,-0.00878906,-0.0107422,0.0744629,2.86584,-0.0189209,-0.022583,
13.74,0.00708008,-1.24487,-0.00878906,-0.0107422,0.0744629,2.86584,-0.0189209,-0.022583,
13.77,0.00708008,-1.24487,-0.00878906,-0.0107422,0.0744629,2.86584,-0.0189209,-0.022583,
13.8,0.00708008,-1.24487,-0.00878906,-0.0107422,0.0744629,2.86584,-0.0189209,-0.022583,
13.83,0.00708008,-1.24487,-0.00878906,-0.0107422,0.0744629,2.86584,-0.0189209,-0.022583,
13.86,0.00708008,-1.24487,-0.00878906,-0.0107422,0.0744629,2.86584,-0.0189209,-0.022583,
13.89,0.00708008,-1.24487,-0.00878906,-0.0107422,0.0744629,2.86584,-0.0189209,-0.022583,
13.92,0.00708008,-1.24487,-0.00878906,-0.0107422,0.0744629,2.86584,-0.0189209,-0.022583,
13.95,0.00708008,-1.24487,-0.00878906,-0.0107422,0.0744629,2.86584,-0.0189209,-0.022583,
13.98,0.00708008,-1.24487,-0.00878906,-0.0107422,0.0744629,2.86584,-0.0189209,-0.022583,
14.01,0.00708008,-1.24487,-0.00878906,-0.0107422,0.0744629,2.86584,-0.0189209,-0.022583,
14.04,0.00708008,-1.24487,-0.00878906,-0.0107422,0.0744629,2.86584,-0.0189209,-0.022583,
14.07,0.00708008,-1.24487,-0.00878906,-0.0107422,0.0744629,2.86584,-0.0189209,-0.022583,
14.1,0.00708008,-1.24487,-0.00878906,-0.0107422,0.0744629,2.86584,-0.0189209,-0.022583,
14.13,0.00708008,-1.24487,-0.00878906,-0.0107422,0.0744629,2.86584,-0.0189209,-0.022583,
14.16,0.00708008,-1.24487,-0.00878906,-0.0107422,0.0744629,2.86584,-0.0189209,-0.022583,
14.19,0.00708008,-1.24487,-0.00878906,-0.0107422,0.0744629,2.86584,-0.0189209,-0.022583,
14.22,0.00708008,-1.24487,-0.00878906,-0.0107422,0.0744629,2.86584,-0.0189209,-0.022583,
14.25,0.00708008,-1.24487,-0.00878906,-0.0107422,0.0744629,2.86584,-0.0189209,-0.022583,
14.28,0.00708008,-1.24487,-0.00878906,-0.0107422,0.0744629,2.86584,-0.0189209,-0.022583,
14.31,0.00708008,-1.24487,-0.00878906,-0.0107422,0.0744629,2.86584,-0.0189209,-0.022583,
14.34,0.00708008,-1.24487,-0.00878906,-0.0107422,0.0744629,2.86584,-0.0189209,-0.022583,
14.37,0.00708008,-1.24487,-0.00878906,-0.0107422,0.0744629,2.86584,-0.0189209,-0.022583,
14.4,0.00708008,-1.24487,-0.00878906,-0.0107422,0.0744629,2.86584,-0.0189209,-0.022583,
14.43,0.00708008,-1.24487,-0.00878906,-0.0107422,0.0744629,2.86584,-0.0189209,-0.022583,
14.46,0.00708008,-1.24487,-0.00878906,-0.0107422,0.0744629,2.86584,-0.0189209,-0.022583,
14.49,0.00708008,-1.24487,-0.00878906,-0.0107422,0.0744629,2.86584,-0.0189209,-0.022583,
14.52,0.00708008,-1.24487,-0.00878906,-0.0107422,0.0744629,2.86584,-0.0189209,-0.022583,
14.55,0.00708008,-1.24487,-0.00878906,-0.0107422,0.0744629,2.86584,-0.0189209,-0.022583,
14.58,0.00708008,-1.24487,-0.00878906,-0.0107422,0.0744629,2.86584,-0.0189209,-0.022583,
14.61,0.00708008,-1.24487,-0.00878906,-0.0107422,0.0744629,2.86584,-0.0189209,-0.022583,
14.64,0.00708008,-1.24487,-0.00878906,-0.0107422,0.0744629,2.86584,-0.0189209,-0.022583,
14.67,0.00708008,-1.24487,-0.00878906,-0.0107422,0.0744629,2.86584,-0.0189209,-0.022583,
14.7,0.00708008,-1.24487,-0.00878906,-0.0107422,0.0744629,2.86584,-0.0189209,-0.022583,
14.73,0.00708008,-1.24487,-0.00878906,-0.0107422,0.0744629,2.86584,-0.0189209,-0.022583,
14.76,0.00708008,-1.24487,-0.00878906,-0.0107422,0.0744629,2.86584,-0.0189209,-0.022583,
14.79,0.00708008,-1.24487,-0.00878906,-0.0107422,0.0744629,2.86584,-0.0189209,-0.022583,
14.82,0.00708008,-1.24487,-0.00878906,-0.0107422,0.0744629,2.86584,-0.0189209,-0.022583,
14.85,0.00708008,-1.24487,-0.00878906,-0.0107422,0.0744629,2.86584,-0.0189209,-0.022583,
14.88,0.00708008,-1.24487,-0.00878906,-0.0107422,0.0744629,2.86584,-0.0189209,-0.022583,
14.91,0.00708008,-1.24487,-0.00878906,-0.0107422,0.0744629,2.86584,-0.0189209,-0.022583,
14.94,0.00708008,-1.24487,-0.00878906,-0.0107422,0.0744629,2.86584,-0.0189209,-0.022583,
14.97,0.00708008,-1.24487,-0.00878906,-0.0107422,0.0744629,2.86584,-0.0189209,-0.022583,
15,0.00708008,-1.24487,-0.00878906,-0.0107422,0.0744629,2.86584,-0.0189209,-0.022583,
15.03,0.00708008,-1.24487,-0.00878906,-0.0107422,0.0744629,2.86584,-0.0189209,-0.022583,
15.06,0.00708008,-1.24487,-0.00878906,-0.0107422,0.0744629,2.86584,-0.0189209,-0.022583,
15.09,0.00708008,-1.24487,-0.00878906,-0.0107422,0.0744629,2.86584,-0.0189209,-0.022583,
15.12,0.00708008,-1.24487,-0.00878906,-0.0107422,0.0744629,2.86584,-0.0189209,-0.022583,
15.15,0.00708008,-1.24487,-0.00878906,-0.0107422,0.0744629,2.86584,-0.0189209,-0.022583,
15.18,0.00708008,-1.24487,-0.00878906,-0.0107422,0.0744629,2.86584,-0.0189209,-0.022583,
15.21,0.00708008,-1.24487,-0.00878906,-0.0107422,0.0744629,2.86584,-0.0189209,-0.022583,
15.24,0.00708008,-1.24487,-0.00878906,-0.0107422,0.0744629,2.86584,-0.0189209,-0.022583,
15.27,0.00708008,-1.24487,-0.00878906,-0.0107422,0.0744629,2.86584,-0.0189209,-0.022583,
15.3,0.00708008,-1.24487,-0.00878906,-0.0107422,0.0744629,2.86584,-0.0189209,-0.022583,
15.33,0.00708008,-1.24487,-0.00878906,-0.0107422,0.0744629,2.86584,-0.0189209,-0.022583,
15.36,0.00708008,-1.24487,-0.00878906,-0.0107422,0.0744629,2.86584,-0.0189209,-0.022583,
15.39,0.00708008,-1.24487,-0.00878906,-0.0107422,0.0744629,2.86584,-0.0189209,-0.022583,
15.42,0.00708008,-1.24487,-0.00878906,-0.0107422,0.0744629,2.86584,-0.0189209,-0.022583,
15.45,0.00708008,-1.24487,-0.00878906,-0.0107422,0.0744629,2.86584,-0.0189209,-0.022583,
15.48,0.00708008,-1.24487,-0.00878906,-0.0107422,0.0744629,2.86584,-0.0189209,-0.022583,
15.51,0.00708008,-1.24487,-0.00878906,-0.0107422,0.0744629,2.86584,-0.0189209,-0.022583,
15.54,0.00708008,-1.24487,-0.00878906,-0.0107422,0.0744629,2.86584,-0.0189209,-0.022583,
15.57,0.00708008,-1.24487,-0.00878906,-0.0107422,0.0744629,2.86584,-0.0189209,-0.022583,
15.6,0.00708008,-1.24487,-0.00878906,-0.0107422,0.0744629,2.86584,-0.0189209,-0.022583,
15.63,0.00708008,-1.24487,-0.00878906,-0.0107422,0.0744629,2.86584,-0.0189209,-0.022583,
15.66,0.00708008,-1.24487,-0.00878906,-0.0107422,0.0744629,2.86584,-0.0189209,-0.022583,
15.69,0.00708008,-1.24487,-0.00878906,-0.0107422,0.0744629,2.86584,-0.0189209,-0.022583,
15.72,0.00708008,-1.24487,-0.00878906,-0.0107422,0.0744629,2.86584,-0.0189209,-0.022583,
15.75,0.00708008,-1.24487,-0.00878906,-0.0107422,0.0744629,2.86584,-0.0189209,-0.022583,
15.78,0.00708008,-1.24487,-0.00878906,-0.0107422,0.0744629,2.86584,-0.0189209,-0.022583,
15.81,0.00708008,-1.24487,-0.00878906,-0.0107422,0.0744629,2.86584,-0.0189209,-0.022583,
15.84,0.00708008,-1.24487,-0.00878906,-0.0107422,0.0744629,2.86584,-0.0189209,-0.022583,
15.87,0.00708008,-1.24487,-0.00878906,-0.0107422,0.0744629,2.86584,-0.0189209,-0.022583,
15.9,0.00708008,-1.24487,-0.00878906,-0.0107422,0.0744629,2.86584,-0.0189209,-0.022583,
15.93,0.00708008,-1.24487,-0.00878906,-0.0107422,0.0744629,2.86584,-0.0189209,-0.022583,
15.96,0.00708008,-1.24487,-0.00878906,-0.0107422,0.0744629,2.86584,-0.0189209,-0.022583,
15.99,0.00708008,-1.24487,-0.00878906,-0.0107422,0.0744629,2.86584,-0.0189209,-0.022583,
16.02,0.00708008,-1.24487,-0.00878906,-0.0107422,0.0744629,2.86584,-0.0189209,-0.022583,
16.05,0.00708008,-1.24487,-0.00878906,-0.0107422,0.0744629,2.86584,-0.0189209,-0.022583,
16.08,0.00708008,-1.24487,-0.00878906,-0.0107422,0.0744629,2.86584,-0.0189209,-0.022583,
16.11,0.00708008,-1.24487,-0.00878906,-0.0107422,0.0744629,2.86584,-0.0189209,-0.022583,
16.14,0.00708008,-1.24487,-0.00878906,-0.0107422,0.0744629,2.86584,-0.0189209,-0.022583,
16.17,0.00708008,-1.24487,-0.00878906,-0.0107422,0.0744629,2.86584,-0.0189209,-0.022583,
16.2,0.00708008,-1.24487,-0.00878906,-0.0107422,0.0744629,2.86584,-0.0189209,-0.022583,
16.23,0.00708008,-1.24487,-0.00878906,-0.0107422,0.0744629,2.86584,-0.0189209,-0.022583,
16.26,0.00708008,-1.24487,-0.00878906,-0.0107422,0.0744629,2.86584,-0.0189209,-0.022583,
16.29,0.00708008,-1.24487,-0.00878906,-0.0107422,0.0744629,2.86584,-0.0189209,-0.022583,
16.32,0.00708008,-1.24487,-0.00878906,-0.0107422,0.0744629,2.86584,-0.0189209,-0.022583,
16.35,0.00708008,-1.24487,-0.00878906,-0.0107422,0.0744629,2.86584,-0.0189209,-0.022583,
16.38,0.00708008,-1.24487,-0.00878906,-0.0107422,0.0744629,2.86584,-0.0189209,-0.022583,
16.41,0.00708008,-1.24487,-0.00878906,-0.0107422,0.0744629,2.86584,-0.0189209,-0.022583,
16.44,0.00708008,-1.24487,-0.00878906,-0.0107422,0.0744629,2.86584,-0.0189209,-0.022583,
16.47,0.00708008,-1.24487,-0.00878906,-0.0107422,0.0744629,2.86584,-0.0189209,-0.022583,
16.5,0.00708008,-1.24487,-0.00878906,-0.0107422,0.0744629,2.86584,-0.0189209,-0.022583,
16.53,0.00708008,-1.24487,-0.00878906,-0.0107422,0.0744629,2.86584,-0.0189209,-0.022583,
16.56,0.00708008,-1.24487,-0.00878906,-0.0107422,0.0744629,2.86584,-0.0189209,-0.022583,
16.59,0.00708008,-1.24487,-0.00878906,-0.0107422,0.0744629,2.86584,-0.0189209,-0.022583,
16.62,0.00708008,-1.24487,-0.00878906,-0.0107422,0.0744629,2.86584,-0.0189209,-0.022583,
16.65,0.00708008,-1.24487,-0.00878906,-0.0107422,0.0744629,2.86584,-0.0189209,-0.022583,
16.68,0.00708008,-1.24487,-0.00878906,-0.0107422,0.0744629,2.86584,-0.0189209,-0.022583,
16.71,0.00708008,-1.24487,-0.00878906,-0.0107422,0.0744629,2.86584,-0.0189209,-0.022583,
16.74,0.00708008,-1.24487,-0.00878906,-0.0107422,0.0744629,2.86584,-0.0189209,-0.022583,
16.77,0.00708008,-1.24487,-0.00878906,-0.0107422,0.0744629,2.86584,-0.0189209,-0.022583,
16.8,0.00708008,-1.24487,-0.00878906,-0.0107422,0.0744629,2.86584,-0.0189209,-0.022583,
16.83,0.00708008,-1.24487,-0.00878906,-0.0107422,0.0744629,2.86584,-0.0189209,-0.022583,
16.86,0.00708008,-1.24487,-0.00878906,-0.0107422,0.0744629,2.86584,-0.0189209,-0.022583,
16.89,0.00708008,-1.24487,-0.00878906,-0.0107422,0.0744629,2.86584,-0.0189209,-0.022583,
16.92,0.00708008,-1.24487,-0.00878906,-0.0107422,0.0744629,2.86584,-0.0189209,-0.022583,
16.95,0.00708008,-1.24487,-0.00878906,-0.0107422,0.0744629,2.86584,-0.0189209,-0.022583,
16.98,0.00708008,-1.24487,-0.00878906,-0.0107422,0.0744629,2.86584,-0.0189209,-0.022583,
17.01,0.00708008,-1.24487,-0.00878906,-0.0107422,0.0744629,2.86584,-0.0189209,-0.022583,
17.04,0.00708008,-1.24487,-0.00878906,-0.0107422,0.0744629,2.86584,-0.0189209,-0.022583,
17.07,0.00708008,-1.24487,-0.00878906,-0.0107422,0.0744629,2.86584,-0.0189209,-0.022583,
17.1,0.00708008,-1.24487,-0.00878906,-0.0107422,0.0744629,2.86584,-0.0189209,-0.022583,
17.13,0.00708008,-1.24487,-0.00878906,-0.0107422,0.0744629,2.86584,-0.0189209,-0.022583,
17.16,0.00708008,-1.24487,-0.00878906,-0.0107422,0.0744629,2.86584,-0.0189209,-0.022583,
17.19,0.00708008,-1.24487,-0.00878906,-0.0107422,0.0744629,2.86584,-0.0189209,-0.022583,
17.22,0.00708008,-1.24487,-0.00878906,-0.0107422,0.0744629,2.86584,-0.0189209,-0.022583,
17.25,0.00708008,-1.24487,-0.00878906,-0.0107422,0.0744629,2.86584,-0.0189209,-0.022583,
17.28,0.00708008,-1.24487,-0.00878906,-0.0107422,0.0744629,2.86584,-0.0189209,-0.022583,
17.31,0.00708008,-1.24487,-0.00878906,-0.0107422,0.0744629,2.86584,-0.0189209,-0.022583,
17.34,0.00708008,-1.24487,-0.00878906,-0.0107422,0.0744629,2.86584,-0.0189209,-0.022583,
17.37,0.00708008,-1.24487,-0.00878906,-0.0107422,0.0744629,2.86584,-0.0189209,-0.022583,
17.4,0.00708008,-1.24487,-0.00878906,-0.0107422,0.0744629,2.86584,-0.0189209,-0.022583,
17.43,0.00708008,-1.24487,-0.00878906,-0.0107422,0.0744629,2.86584,-0.0189209,-0.022583,
17.46,0.00708008,-1.24487,-0.00878906,-0.0107422,0.0744629,2.86584,-0.0189209,-0.022583,
17.49,0.00708008,-1.24487,-0.00878906,-0.0107422,0.0744629,2.86584,-0.0189209,-0.022583,
17.52,0.00708008,-1.24487,-0.00878906,-0.0107422,0.0744629,2.86584,-0.0189209,-0.022583,
17.55,0.00708008,-1.24487,-0.00878906,-0.0107422,0.0744629,2.86584,-0.0189209,-0.022583,
17.58,0.00708008,-1.24487,-0.00878906,-0.0107422,0.0744629,2.86584,-0.0189209,-0.022583,
17.61,0.00708008,-1.24487,-0.00878906,-0.0107422,0.0744629,2.86584,-0.0189209,-0.022583,
17.64,0.00708008,-1.24487,-0.00878906,-0.0107422,0.0744629,2.86584,-0.0189209,-0.022583,
17.67,0.00708008,-1.24487,-0.00878906,-0.0107422,0.0744629,2.86584,-0.0189209,-0.022583,
17.7,0.00708008,-1.24487,-0.00878906,-0.0107422,0.0744629,2.86584,-0.0189209,-0.022583,
17.73,0.00708008,-1.24487,-0.00878906,-0.0107422,0.0744629,2.86584,-0.0189209,-0.022583,
17.76,0.00708008,-1.24487,-0.00878906,-0.0107422,0.0744629,2.86584,-0.0189209,-0.022583,
17.79,0.00708008,-1.24487,-0.00878906,-0.0107422,0.0744629,2.86584,-0.0189209,-0.022583,
17.82,0.00708008,-1.24487,-0.00878906,-0.0107422,0.0744629,2.86584,-0.0189209,-0.022583,
17.85,0.00708008,-1.24487,-0.00878906,-0.0107422,0.0744629,2.86584,-0.0189209,-0.022583,
17.88,0.00708008,-1.24487,-0.00878906,-0.0107422,0.0744629,2.86584,-0.0189209,-0.022583,
17.91,0.00708008,-1.24487,-0.00878906,-0.0107422,0.0744629,2.86584,-0.0189209,-0.022583,
17.94,0.00708008,-1.24487,-0.00878906,-0.0107422,0.0744629,2.86584,-0.0189209,-0.022583,
17.97,0.00708008,-1.24487,-0.00878906,-0.0107422,0.0744629,2.86584,-0.0189209,-0.022583,
18,0.00708008,-1.24487,-0.00878906,-0.0107422,0.0744629,2.86584,-0.0189209,-0.022583,
18.03,0.00708008,-1.24487,-0.00878906,-0.0107422,0.0744629,2.86584,-0.0189209,-0.022583,
18.06,0.00708008,-1.24487,-0.00878906,-0.0107422,0.0744629,2.86584,-0.0189209,-0.022583,
18.09,0.00708008,-1.24487,-0.00878906,-0.0107422,0.0744629,2.86584,-0.0189209,-0.022583,
18.12,0.00708008,-1.24487,-0.00878906,-0.0107422,0.0744629,2.86584,-0.0189209,-0.022583,
18.15,0.00708008,-1.24487,-0.00878906,-0.0107422,0.0744629,2.86584,-0.0189209,-0.022583,
18.18,0.00708008,-1.24487,-0.00878906,-0.0107422,0.0744629,2.86584,-0.0189209,-0.022583,
18.21,0.00708008,-1.24487,-0.00878906,-0.0107422,0.0744629,2.86584,-0.0189209,-0.022583,
18.24,0.00708008,-1.24487,-0.00878906,-0.0107422,0.0744629,2.86584,-0.0189209,-0.022583,
18.27,0.00708008,-1.24487,-0.00878906,-0.0107422,0.0744629,2.86584,-0.0189209,-0.022583,
18.3,0.00708008,-1.24487,-0.00878906,-0.0107422,0.0744629,2.86584,-0.0189209,-0.022583,
18.33,0.00708008,-1.24487,-0.00878906,-0.0107422,0.0744629,2.86584,-0.0189209,-0.022583,
18.36,0.00708008,-1.24487,-0.00878906,-0.0107422,0.0744629,2.86584,-0.0189209,-0.022583,
18.39,0.00708008,-1.24487,-0.00878906,-0.0107422,0.0744629,2.86584,-0.0189209,-0.022583,
18.42,0.00708008,-1.24487,-0.00878906,-0.0107422,0.0744629,2.86584,-0.0189209,-0.022583,
18.45,0.00708008,-1.24487,-0.00878906,-0.0107422,0.0744629,2.86584,-0.0189209,-0.022583,
18.48,0.00708008,-1.24487,-0.00878906,-0.0107422,0.0744629,2.86584,-0.0189209,-0.022583,
18.51,0.00708008,-1.24487,-0.00878906,-0.0107422,0.0744629,2.86584,-0.0189209,-0.022583,
18.54,0.00708008,-1.24487,-0.00878906,-0.0107422,0.0744629,2.86584,-0.0189209,-0.022583,
18.57,0.00708008,-1.24487,-0.00878906,-0.0107422,0.0744629,2.86584,-0.0189209,-0.022583,
18.6,0.00708008,-1.24487,-0.00878906,-0.0107422,0.0744629,2.86584,-0.0189209,-0.022583,
18.63,0.00708008,-1.24487,-0.00878906,-0.0107422,0.0744629,2.86584,-0.0189209,-0.022583,
18.66,0.00708008,-1.24487,-0.00878906,-0.0107422,0.0744629,2.86584,-0.0189209,-0.022583,
18.69,0.00708008,-1.24487,-0.00878906,-0.0107422,0.0744629,2.86584,-0.0189209,-0.022583,
18.72,0.00708008,-1.24487,-0.00878906,-0.0107422,0.0744629,2.86584,-0.0189209,-0.022583,
18.75,0.00708008,-1.24487,-0.00878906,-0.0107422,0.0744629,2.86584,-0.0189209,-0.022583,
18.78,0.00708008,-1.24487,-0.00878906,-0.0107422,0.0744629,2.86584,-0.0189209,-0.022583,
18.81,0.00708008,-1.24487,-0.00878906,-0.0107422,0.0744629,2.86584,-0.0189209,-0.022583,
18.84,0.00708008,-1.24487,-0.00878906,-0.0107422,0.0744629,2.86584,-0.0189209,-0.022583,
18.87,0.00708008,-1.24487,-0.00878906,-0.0107422,0.0744629,2.86584,-0.0189209,-0.022583,
18.9,0.00708008,-1.24487,-0.00878906,-0.0107422,0.0744629,2.86584,-0.0189209,-0.022583,
18.93,0.00708008,-1.24487,-0.00878906,-0.0107422,0.0744629,2.86584,-0.0189209,-0.022583,
18.96,0.00708008,-1.24487,-0.00878906,-0.0107422,0.0744629,2.86584,-0.0189209,-0.022583,
18.99,0.00708008,-1.24487,-0.00878906,-0.0107422,0.0744629,2.86584,-0.0189209,-0.022583,
19.02,0.00708008,-1.24487,-0.00878906,-0.0107422,0.0744629,2.86584,-0.0189209,-0.022583,
19.05,0.00708008,-1.24487,-0.00878906,-0.0107422,0.0744629,2.86584,-0.0189209,-0.022583,
19.08,0.00708008,-1.24487,-0.00878906,-0.0107422,0.0744629,2.86584,-0.0189209,-0.022583,
19.11,0.00708008,-1.24487,-0.00878906,-0.0107422,0.0744629,2.86584,-0.0189209,-0.022583,
19.14,0.00708008,-1.24487,-0.00878906,-0.0107422,0.0744629,2.86584,-0.0189209,-0.022583,
19.17,0.00708008,-1.24487,-0.00878906,-0.0107422,0.0744629,2.86584,-0.0189209,-0.022583,
19.2,0.00708008,-1.24487,-0.00878906,-0.0107422,0.0744629,2.86584,-0.0189209,-0.022583,
19.23,0.00708008,-1.24487,-0.00878906,-0.0107422,0.0744629,2.86584,-0.0189209,-0.022583,
19.26,0.00708008,-1.24487,-0.00878906,-0.0107422,0.0744629,2.86584,-0.0189209,-0.022583,
19.29,0.00708008,-1.24487,-0.00878906,-0.0107422,0.0744629,2.86584,-0.0189209,-0.022583,
19.32,0.00708008,-1.24487,-0.00878906,-0.0107422,0.0744629,2.86584,-0.0189209,-0.022583,
19.35,0.00708008,-1.24487,-0.00878906,-0.0107422,0.0744629,2.86584,-0.0189209,-0.022583,
19.38,0.00708008,-1.24487,-0.00878906,-0.0107422,0.0744629,2.86584,-0.0189209,-0.022583,
19.41,0.00708008,-1.24487,-0.00878906,-0.0107422,0.0744629,2.86584,-0.0189209,-0.022583,
19.44,0.00708008,-1.24487,-0.00878906,-0.0107422,0.0744629,2.86584,-0.0189209,-0.022583,
19.47,0.00708008,-1.24487,-0.00878906,-0.0107422,0.0744629,2.86584,-0.0189209,-0.022583,
19.5,0.00708008,-1.24487,-0.00878906,-0.0107422,0.0744629,2.86584,-0.0189209,-0.022583,
19.53,0.00708008,-1.24487,-0.00878906,-0.0107422,0.0744629,2.86584,-0.0189209,-0.022583,
19.56,0.00708008,-1.24487,-0.00878906,-0.0107422,0.0744629,2.86584,-0.0189209,-0.022583,
19.59,0.00708008,-1.24487,-0.00878906,-0.0107422,0.0744629,2.86584,-0.0189209,-0.022583,
19.62,0.00708008,-1.24487,-0.00878906,-0.0107422,0.0744629,2.86584,-0.0189209,-0.022583,
19.65,0.00708008,-1.24487,-0.00878906,-0.0107422,0.0744629,2.86584,-0.0189209,-0.022583,
19.68,0.00708008,-1.24487,-0.00878906,-0.0107422,0.0744629,2.86584,-0.0189209,-0.022583,
19.71,0.00708008,-1.24487,-0.00878906,-0.0107422,0.0744629,2.86584,-0.0189209,-0.022583,
19.74,0.00708008,-1.24487,-0.00878906,-0.0107422,0.0744629,2.86584,-0.0189209,-0.022583,
19.77,0.00708008,-1.24487,-0.00878906,-0.0107422,0.0744629,2.86584,-0.0189209,-0.022583,
19.8,0.00708008,-1.24487,-0.00878906,-0.0107422,0.0744629,2.86584,-0.0189209,-0.022583,
19.83,0.00708008,-1.24487,-0.00878906,-0.0107422,0.0744629,2.86584,-0.0189209,-0.022583,
19.86,0.00708008,-1.24487,-0.00878906,-0.0107422,0.0744629,2.86584,-0.0189209,-0.022583,
19.89,0.00708008,-1.24487,-0.00878906,-0.0107422,0.0744629,2.86584,-0.0189209,-0.022583,
19.92,0.00708008,-1.24487,-0.00878906,-0.0107422,0.0744629,2.86584,-0.0189209,-0.022583,
19.95,0.00708008,-1.24487,-0.00878906,-0.0107422,0.0744629,2.86584,-0.0189209,-0.022583,
19.98,0.00708008,-1.24487,-0.00878906,-0.0107422,0.0744629,2.86584,-0.0189209,-0.022583,
20.01,0.00708008,-1.24487,-0.00878906,-0.0107422,0.0744629,2.86584,-0.0189209,-0.022583,
20.04,0.00708008,-1.24487,-0.00878906,-0.0107422,0.0744629,2.86584,-0.0189209,-0.022583,
20.07,0.00708008,-1.24487,-0.00878906,-0.0107422,0.0744629,2.86584,-0.0189209,-0.022583,
20.1,0.00708008,-1.24487,-0.00878906,-0.0107422,0.0744629,2.86584,-0.0189209,-0.022583,
20.13,0.00708008,-1.24487,-0.00878906,-0.0107422,0.0744629,2.86584,-0.0189209,-0.022583,
20.16,0.00708008,-1.24487,-0.00878906,-0.0107422,0.0744629,2.86584,-0.0189209,-0.022583,
20.19,0.00708008,-1.24487,-0.00878906,-0.0107422,0.0744629,2.86584,-0.0189209,-0.022583,
20.22,0.00708008,-1.24487,-0.00878906,-0.0107422,0.0744629,2.86584,-0.0189209,-0.022583,
20.25,0.00708008,-1.24487,-0.00878906,-0.0107422,0.0744629,2.86584,-0.0189209,-0.022583,
20.28,0.00708008,-1.24487,-0.00878906,-0.0107422,0.0744629,2.86584,-0.0189209,-0.022583,
20.31,0.00708008,-1.24487,-0.00878906,-0.0107422,0.0744629,2.86584,-0.0189209,-0.022583,
20.34,0.00708008,-1.24487,-0.00878906,-0.0107422,0.0744629,2.86584,-0.0189209,-0.022583,
20.37,0.00708008,-1.24487,-0.00878906,-0.0107422,0.0744629,2.86584,-0.0189209,-0.022583,
20.4,0.00708008,-1.24487,-0.00878906,-0.0107422,0.0744629,2.86584,-0.0189209,-0.022583,
20.43,0.00708008,-1.24487,-0.00878906,-0.0107422,0.0744629,2.86584,-0.0189209,-0.022583,
20.46,0.00708008,-1.24487,-0.00878906,-0.0107422,0.0744629,2.86584,-0.0189209,-0.022583,
20.49,0.00708008,-1.24487,-0.00878906,-0.0107422,0.0744629,2.86584,-0.0189209,-0.022583,
20.52,0.00708008,-1.24487,-0.00878906,-0.0107422,0.0744629,2.86584,-0.0189209,-0.022583,
20.55,0.00708008,-1.24487,-0.00878906,-0.0107422,0.0744629,2.86584,-0.0189209,-0.022583,
20.58,0.00708008,-1.24487,-0.00878906,-0.0107422,0.0744629,2.86584,-0.0189209,-0.022583,
20.61,0.00708008,-1.24487,-0.00878906,-0.0107422,0.0744629,2.86584,-0.0189209,-0.022583,
20.64,0.00708008,-1.24487,-0.00878906,-0.0107422,0.0744629,2.86584,-0.0189209,-0.022583,
20.67,0.00708008,-1.24487,-0.00878906,-0.0107422,0.0744629,2.86584,-0.0189209,-0.022583,
20.7,0.00708008,-1.24487,-0.00878906,-0.0107422,0.0744629,2.86584,-0.0189209,-0.022583,
20.73,0.00708008,-1.24487,-0.00878906,-0.0107422,0.0744629,2.86584,-0.0189209,-0.022583,
20.76,0.00708008,-1.24487,-0.00878906,-0.0107422,0.0744629,2.86584,-0.0189209,-0.022583,
20.79,0.00708008,-1.24487,-0.00878906,-0.0107422,0.0744629,2.86584,-0.0189209,-0.022583,
20.82,0.00708008,-1.24487,-0.00878906,-0.0107422,0.0744629,2.86584,-0.0189209,-0.022583,
20.85,0.00708008,-1.24487,-0.00878906,-0.0107422,0.0744629,2.86584,-0.0189209,-0.022583,
20.88,0.00708008,-1.24487,-0.00878906,-0.0107422,0.0744629,2.86584,-0.0189209,-0.022583,
20.91,0.00708008,-1.24487,-0.00878906,-0.0107422,0.0744629,2.86584,-0.0189209,-0.022583,
20.94,0.00708008,-1.24487,-0.00878906,-0.0107422,0.0744629,2.86584,-0.0189209,-0.022583,
20.97,0.00708008,-1.24487,-0.00878906,-0.0107422,0.0744629,2.86584,-0.0189209,-0.022583,
21,0.00708008,-1.24487,-0.00878906,-0.0107422,0.0744629,2.86584,-0.0189209,-0.022583,
21.03,0.00708008,-1.24487,-0.00878906,-0.0107422,0.0744629,2.86584,-0.0189209,-0.022583,
21.06,0.00708008,-1.24487,-0.00878906,-0.0107422,0.0744629,2.86584,-0.0189209,-0.022583,
21.09,0.00708008,-1.24487,-0.00878906,-0.0107422,0.0744629,2.86584,-0.0189209,-0.022583,
21.12,0.00708008,-1.24487,-0.00878906,-0.0107422,0.0744629,2.86584,-0.0189209,-0.022583,
21.15,0.00708008,-1.24487,-0.00878906,-0.0107422,0.0744629,2.86584,-0.0189209,-0.022583,
21.18,0.00708008,-1.24487,-0.00878906,-0.0107422,0.0744629,2.86584,-0.0189209,-0.022583,
21.21,0.00708008,-1.24487,-0.00878906,-0.0107422,0.0744629,2.86584,-0.0189209,-0.022583,
21.24,0.00708008,-1.24487,-0.00878906,-0.0107422,0.0744629,2.86584,-0.0189209,-0.022583,
21.27,0.00708008,-1.24487,-0.00878906,-0.0107422,0.0744629,2.86584,-0.0189209,-0.022583,
21.3,0.00708008,-1.24487,-0.00878906,-0.0107422,0.0744629,2.86584,-0.0189209,-0.022583,
21.33,0.00708008,-1.24487,-0.00878906,-0.0107422,0.0744629,2.86584,-0.0189209,-0.022583,
21.36,0.00708008,-1.24487,-0.00878906,-0.0107422,0.0744629,2.86584,-0.0189209,-0.022583,
21.39,0.00708008,-1.24487,-0.00878906,-0.0107422,0.0744629,2.86584,-0.0189209,-0.022583,
21.42,0.00708008,-1.24487,-0.00878906,-0.0107422,0.0744629,2.86584,-0.0189209,-0.022583,
21.45,0.00708008,-1.24487,-0.00878906,-0.0107422,0.0744629,2.86584,-0.0189209,-0.022583,
21.48,0.00708008,-1.24487,-0.00878906,-0.0107422,0.0744629,2.86584,-0.0189209,-0.022583,
21.51,0.00708008,-1.24487,-0.00878906,-0.0107422,0.0744629,2.86584,-0.0189209,-0.022583,
21.54,0.00708008,-1.24487,-0.00878906,-0.0107422,0.0744629,2.86584,-0.0189209,-0.022583,
21.57,0.00708008,-1.24487,-0.00878906,-0.0107422,0.0744629,2.86584,-0.0189209,-0.022583,
21.6,0.00708008,-1.24487,-0.00878906,-0.0107422,0.0744629,2.86584,-0.0189209,-0.022583,
21.63,0.00708008,-1.24487,-0.00878906,-0.0107422,0.0744629,2.86584,-0.0189209,-0.022583,
21.66,0.00708008,-1.24487,-0.00878906,-0.0107422,0.0744629,2.86584,-0.0189209,-0.022583,
21.69,0.00708008,-1.24487,-0.00878906,-0.0107422,0.0744629,2.86584,-0.0189209,-0.022583,
21.72,0.00708008,-1.24487,-0.00878906,-0.0107422,0.0744629,2.86584,-0.0189209,-0.022583,
21.75,0.00708008,-1.24487,-0.00878906,-0.0107422,0.0744629,2.86584,-0.0189209,-0.022583,
21.78,0.00708008,-1.24487,-0.00878906,-0.0107422,0.0744629,2.86584,-0.0189209,-0.022583,
21.81,0.00708008,-1.24487,-0.00878906,-0.0107422,0.0744629,2.86584,-0.0189209,-0.022583,
21.84,0.00708008,-1.24487,-0.00878906,-0.0107422,0.0744629,2.86584,-0.0189209,-0.022583,
21.87,0.00708008,-1.24487,-0.00878906,-0.0107422,0.0744629,2.86584,-0.0189209,-0.022583,
21.9,0.00708008,-1.24487,-0.00878906,-0.0107422,0.0744629,2.86584,-0.0189209,-0.022583,
21.93,0.00708008,-1.24487,-0.00878906,-0.0107422,0.0744629,2.86584,-0.0189209,-0.022583,
21.96,0.00708008,-1.24487,-0.00878906,-0.0107422,0.0744629,2.86584,-0.0189209,-0.022583,
21.99,0.00708008,-1.24487,-0.00878906,-0.0107422,0.0744629,2.86584,-0.0189209,-0.022583,
22.02,0.00708008,-1.24487,-0.00878906,-0.0107422,0.0744629,2.86584,-0.0189209,-0.022583,
22.05,0.00708008,-1.24487,-0.00878906,-0.0107422,0.0744629,2.86584,-0.0189209,-0.022583,
22.08,0.00708008,-1.24487,-0.00878906,-0.0107422,0.0744629,2.86584,-0.0189209,-0.022583,
22.11,0.00708008,-1.24487,-0.00878906,-0.0107422,0.0744629,2.86584,-0.0189209,-0.022583,
22.14,0.00708008,-1.24487,-0.00878906,-0.0107422,0.0744629,2.86584,-0.0189209,-0.022583,
22.17,0.00708008,-1.24487,-0.00878906,-0.0107422,0.0744629,2.86584,-0.0189209,-0.022583,
22.2,0.00708008,-1.24487,-0.00878906,-0.0107422,0.0744629,2.86584,-0.0189209,-0.022583,
22.23,0.00708008,-1.24487,-0.00878906,-0.0107422,0.0744629,2.86584,-0.0189209,-0.022583,
22.26,0.00708008,-1.24487,-0.00878906,-0.0107422,0.0744629,2.86584,-0.0189209,-0.022583,
22.29,0.00708008,-1.24487,-0.00878906,-0.0107422,0.0744629,2.86584,-0.0189209,-0.022583,
22.32,0.00708008,-1.24487,-0.00878906,-0.0107422,0.0744629,2.86584,-0.0189209,-0.022583,
22.35,0.00708008,-1.24487,-0.00878906,-0.0107422,0.0744629,2.86584,-0.0189209,-0.022583,
22.38,0.00708008,-1.24487,-0.00878906,-0.0107422,0.0744629,2.86584,-0.0189209,-0.022583,
22.41,0.00708008,-1.24487,-0.00878906,-0.0107422,0.0744629,2.86584,-0.0189209,-0.022583,
22.44,0.00708008,-1.24487,-0.00878906,-0.0107422,0.0744629,2.86584,-0.0189209,-0.022583,
22.47,0.00708008,-1.24487,-0.00878906,-0.0107422,0.0744629,2.86584,-0.0189209,-0.022583,
22.5,0.00708008,-1.24487,-0.00878906,-0.0107422,0.0744629,2.86584,-0.0189209,-0.022583,
22.53,0.00708008,-1.24487,-0.00878906,-0.0107422,0.0744629,2.86584,-0.0189209,-0.022583,
22.56,0.00708008,-1.24487,-0.00878906,-0.0107422,0.0744629,2.86584,-0.0189209,-0.022583,
22.59,0.00708008,-1.24487,-0.00878906,-0.0107422,0.0744629,2.86584,-0.0189209,-0.022583,
22.62,0.00708008,-1.24487,-0.00878906,-0.0107422,0.0744629,2.86584,-0.0189209,-0.022583,
22.65,0.00708008,-1.24487,-0.00878906,-0.0107422,0.0744629,2.86584,-0.0189209,-0.022583,
22.68,0.00708008,-1.24487,-0.00878906,-0.0107422,0.0744629,2.86584,-0.0189209,-0.022583,
22.71,0.00708008,-1.24487,-0.00878906,-0.0107422,0.0744629,2.86584,-0.0189209,-0.022583,
22.74,0.00708008,-1.24487,-0.00878906,-0.0107422,0.0744629,2.86584,-0.0189209,-0.022583,
22.77,0.00708008,-1.24487,-0.00878906,-0.0107422,0.0744629,2.86584,-0.0189209,-0.022583,
22.8,0.00708008,-1.24487,-0.00878906,-0.0107422,0.0744629,2.86584,-0.0189209,-0.022583,
22.83,0.00708008,-1.24487,-0.00878906,-0.0107422,0.0744629,2.86584,-0.0189209,-0.022583,
22.86,0.00708008,-1.24487,-0.00878906,-0.0107422,0.0744629,2.86584,-0.0189209,-0.022583,
22.89,0.00708008,-1.24487,-0.00878906,-0.0107422,0.0744629,2.86584,-0.0189209,-0.022583,
22.92,0.00708008,-1.24487,-0.00878906,-0.0107422,0.0744629,2.86584,-0.0189209,-0.022583,
22.95,0.00708008,-1.24487,-0.00878906,-0.0107422,0.0744629,2.86584,-0.0189209,-0.022583,
22.98,0.00708008,-1.24487,-0.00878906,-0.0107422,0.0744629,2.86584,-0.0189209,-0.022583,
23.01,0.00708008,-1.24487,-0.00878906,-0.0107422,0.0744629,2.86584,-0.0189209,-0.022583,
23.04,0.00708008,-1.24487,-0.00878906,-0.0107422,0.0744629,2.86584,-0.0189209,-0.022583,
23.07,0.00708008,-1.24487,-0.00878906,-0.0107422,0.0744629,2.86584,-0.0189209,-0.022583,
23.1,0.00708008,-1.24487,-0.00878906,-0.0107422,0.0744629,2.86584,-0.0189209,-0.022583,
23.13,0.00708008,-1.24487,-0.00878906,-0.0107422,0.0744629,2.86584,-0.0189209,-0.022583,
23.16,0.00708008,-1.24487,-0.00878906,-0.0107422,0.0744629,2.86584,-0.0189209,-0.022583,
23.19,0.00708008,-1.24487,-0.00878906,-0.0107422,0.0744629,2.86584,-0.0189209,-0.022583,
23.22,0.00708008,-1.24487,-0.00878906,-0.0107422,0.0744629,2.86584,-0.0189209,-0.022583,
23.25,0.00708008,-1.24487,-0.00878906,-0.0107422,0.0744629,2.86584,-0.0189209,-0.022583,
23.28,0.00708008,-1.24487,-0.00878906,-0.0107422,0.0744629,2.86584,-0.0189209,-0.022583,
23.31,0.00708008,-1.24487,-0.00878906,-0.0107422,0.0744629,2.86584,-0.0189209,-0.022583,
23.34,0.00708008,-1.24487,-0.00878906,-0.0107422,0.0744629,2.86584,-0.0189209,-0.022583,
23.37,0.00708008,-1.24487,-0.00878906,-0.0107422,0.0744629,2.86584,-0.0189209,-0.022583,
23.4,0.00708008,-1.24487,-0.00878906,-0.0107422,0.0744629,2.86584,-0.0189209,-0.022583,
23.43,0.00708008,-1.24487,-0.00878906,-0.0107422,0.0744629,2.86584,-0.0189209,-0.022583,
23.46,0.00708008,-1.24487,-0.00878906,-0.0107422,0.0744629,2.86584,-0.0189209,-0.022583,
23.49,0.00708008,-1.24487,-0.00878906,-0.0107422,0.0744629,2.86584,-0.0189209,-0.022583,
23.52,0.00708008,-1.24487,-0.00878906,-0.0107422,0.0744629,2.86584,-0.0189209,-0.022583,
23.55,0.00708008,-1.24487,-0.00878906,-0.0107422,0.0744629,2.86584,-0.0189209,-0.022583,
23.58,0.00708008,-1.24487,-0.00878906,-0.0107422,0.0744629,2.86584,-0.0189209,-0.022583,
23.61,0.00708008,-1.24487,-0.00878906,-0.0107422,0.0744629,2.86584,-0.0189209,-0.022583,
23.64,0.00708008,-1.24487,-0.00878906,-0.0107422,0.0744629,2.86584,-0.0189209,-0.022583,
23.67,0.00708008,-1.24487,-0.00878906,-0.0107422,0.0744629,2.86584,-0.0189209,-0.022583,
23.7,0.00708008,-1.24487,-0.00878906,-0.0107422,0.0744629,2.86584,-0.0189209,-0.022583,
23.73,0.00708008,-1.24487,-0.00878906,-0.0107422,0.0744629,2.86584,-0.0189209,-0.022583,
23.76,0.00708008,-1.24487,-0.00878906,-0.0107422,0.0744629,2.86584,-0.0189209,-0.022583,
23.79,0.00708008,-1.24487,-0.00878906,-0.0107422,0.0744629,2.86584,-0.0189209,-0.022583,
23.82,0.00708008,-1.24487,-0.00878906,-0.0107422,0.0744629,2.86584,-0.0189209,-0.022583,
23.85,0.00708008,-1.24487,-0.00878906,-0.0107422,0.0744629,2.86584,-0.0189209,-0.022583,
23.88,0.00708008,-1.24487,-0.00878906,-0.0107422,0.0744629,2.86584,-0.0189209,-0.022583,
23.91,0.00708008,-1.24487,-0.00878906,-0.0107422,0.0744629,2.86584,-0.0189209,-0.022583,
23.94,0.00708008,-1.24487,-0.00878906,-0.0107422,0.0744629,2.86584,-0.0189209,-0.022583,
23.97,0.00708008,-1.24487,-0.00878906,-0.0107422,0.0744629,2.86584,-0.0189209,-0.022583,
24,0.00708008,-1.24487,-0.00878906,-0.0107422,0.0744629,2.86584,-0.0189209,-0.022583,
24.03,0.00708008,-1.24487,-0.00878906,-0.0107422,0.0744629,2.86584,-0.0189209,-0.022583,
24.06,0.00708008,-1.24487,-0.00878906,-0.0107422,0.0744629,2.86584,-0.0189209,-0.022583,
24.09,0.00708008,-1.24487,-0.00878906,-0.0107422,0.0744629,2.86584,-0.0189209,-0.022583,
24.12,0.00708008,-1.24487,-0.00878906,-0.0107422,0.0744629,2.86584,-0.0189209,-0.022583,
24.15,0.00708008,-1.24487,-0.00878906,-0.0107422,0.0744629,2.86584,-0.0189209,-0.022583,
24.18,0.00708008,-1.24487,-0.00878906,-0.0107422,0.0744629,2.86584,-0.0189209,-0.022583,
24.21,0.00708008,-1.24487,-0.00878906,-0.0107422,0.0744629,2.86584,-0.0189209,-0.022583,
24.24,0.00708008,-1.24487,-0.00878906,-0.0107422,0.0744629,2.86584,-0.0189209,-0.022583,
24.27,0.00708008,-1.24487,-0.00878906,-0.0107422,0.0744629,2.86584,-0.0189209,-0.022583,
24.3,0.00708008,-1.24487,-0.00878906,-0.0107422,0.0744629,2.86584,-0.0189209,-0.022583,
24.33,0.00708008,-1.24487,-0.00878906,-0.0107422,0.0744629,2.86584,-0.0189209,-0.022583,
24.36,0.00708008,-1.24487,-0.00878906,-0.0107422,0.0744629,2.86584,-0.0189209,-0.022583,
24.39,0.00708008,-1.24487,-0.00878906,-0.0107422,0.0744629,2.86584,-0.0189209,-0.022583,
24.42,0.00708008,-1.24487,-0.00878906,-0.0107422,0.0744629,2.86584,-0.0189209,-0.022583,
24.45,0.00708008,-1.24487,-0.00878906,-0.0107422,0.0744629,2.86584,-0.0189209,-0.022583,
24.48,0.00708008,-1.24487,-0.00878906,-0.0107422,0.0744629,2.86584,-0.0189209,-0.022583,
24.51,0.00708008,-1.24487,-0.00878906,-0.0107422,0.0744629,2.86584,-0.0189209,-0.022583,
24.54,0.00708008,-1.24487,-0.00878906,-0.0107422,0.0744629,2.86584,-0.0189209,-0.022583,
24.57,0.00708008,-1.24487,-0.00878906,-0.0107422,0.0744629,2.86584,-0.0189209,-0.022583,
24.6,0.00708008,-1.24487,-0.00878906,-0.0107422,0.0744629,2.86584,-0.0189209,-0.022583,
24.63,0.00708008,-1.24487,-0.00878906,-0.0107422,0.0744629,2.86584,-0.0189209,-0.022583,
24.66,0.00708008,-1.24487,-0.00878906,-0.0107422,0.0744629,2.86584,-0.0189209,-0.022583,
24.69,0.00708008,-1.24487,-0.00878906,-0.0107422,0.0744629,2.86584,-0.0189209,-0.022583,
24.72,0.00708008,-1.24487,-0.00878906,-0.0107422,0.0744629,2.86584,-0.0189209,-0.022583,
24.75,0.00708008,-1.24487,-0.00878906,-0.0107422,0.0744629,2.86584,-0.0189209,-0.022583,
24.78,0.00708008,-1.24487,-0.00878906,-0.0107422,0.0744629,2.86584,-0.0189209,-0.022583,
24.81,0.00708008,-1.24487,-0.00878906,-0.0107422,0.0744629,2.86584,-0.0189209,-0.022583,
24.84,0.00708008,-1.24487,-0.00878906,-0.0107422,0.0744629,2.86584,-0.0189209,-0.022583,
24.87,0.00708008,-1.24487,-0.00878906,-0.0107422,0.0744629,2.86584,-0.0189209,-0.022583,
24.9,0.00708008,-1.24487,-0.00878906,-0.0107422,0.0744629,2.86584,-0.0189209,-0.022583,
24.93,0.00708008,-1.24487,-0.00878906,-0.0107422,0.0744629,2.86584,-0.0189209,-0.022583,
24.96,0.00708008,-1.24487,-0.00878906,-0.0107422,0.0744629,2.86584,-0.0189209,-0.022583,
24.99,0.00708008,-1.24487,-0.00878906,-0.0107422,0.0744629,2.86584,-0.0189209,-0.022583,
25.02,0.00708008,-1.24487,-0.00878906,-0.0107422,0.0744629,2.86584,-0.0189209,-0.022583,
25.05,0.00708008,-1.24487,-0.00878906,-0.0107422,0.0744629,2.86584,-0.0189209,-0.022583,
25.08,0.00708008,-1.24487,-0.00878906,-0.0107422,0.0744629,2.86584,-0.0189209,-0.022583,
25.11,0.00708008,-1.24487,-0.00878906,-0.0107422,0.0744629,2.86584,-0.0189209,-0.022583,
25.14,0.00708008,-1.24487,-0.00878906,-0.0107422,0.0744629,2.86584,-0.0189209,-0.022583,
25.17,0.00708008,-1.24487,-0.00878906,-0.0107422,0.0744629,2.86584,-0.0189209,-0.022583,
25.2,0.00708008,-1.24487,-0.00878906,-0.0107422,0.0744629,2.86584,-0.0189209,-0.022583,
25.23,0.00708008,-1.24487,-0.00878906,-0.0107422,0.0744629,2.86584,-0.0189209,-0.022583,
25.26,0.00708008,-1.24487,-0.00878906,-0.0107422,0.0744629,2.86584,-0.0189209,-0.022583,
25.29,0.00708008,-1.24487,-0.00878906,-0.0107422,0.0744629,2.86584,-0.0189209,-0.022583,
25.32,0.00708008,-1.24487,-0.00878906,-0.0107422,0.0744629,2.86584,-0.0189209,-0.022583,
25.35,0.00708008,-1.24487,-0.00878906,-0.0107422,0.0744629,2.86584,-0.0189209,-0.022583,
25.38,0.00708008,-1.24487,-0.00878906,-0.0107422,0.0744629,2.86584,-0.0189209,-0.022583,
25.41,0.00708008,-1.24487,-0.00878906,-0.0107422,0.0744629,2.86584,-0.0189209,-0.022583,
25.44,0.00708008,-1.24487,-0.00878906,-0.0107422,0.0744629,2.86584,-0.0189209,-0.022583,
25.47,0.00708008,-1.24487,-0.00878906,-0.0107422,0.0744629,2.86584,-0.0189209,-0.022583,
25.5,0.00708008,-1.24487,-0.00878906,-0.0107422,0.0744629,2.86584,-0.0189209,-0.022583,
25.53,0.00708008,-1.24487,-0.00878906,-0.0107422,0.0744629,2.86584,-0.0189209,-0.022583,
25.56,0.00708008,-1.24487,-0.00878906,-0.0107422,0.0744629,2.86584,-0.0189209,-0.022583,
25.59,0.00708008,-1.24487,-0.00878906,-0.0107422,0.0744629,2.86584,-0.0189209,-0.022583,
25.62,0.00708008,-1.24487,-0.00878906,-0.0107422,0.0744629,2.86584,-0.0189209,-0.022583,
25.65,0.00708008,-1.24487,-0.00878906,-0.0107422,0.0744629,2.86584,-0.0189209,-0.022583,
25.68,0.00708008,-1.24487,-0.00878906,-0.0107422,0.0744629,2.86584,-0.0189209,-0.022583,
25.71,0.00708008,-1.24487,-0.00878906,-0.0107422,0.0744629,2.86584,-0.0189209,-0.022583,
25.74,0.00708008,-1.24487,-0.00878906,-0.0107422,0.0744629,2.86584,-0.0189209,-0.022583,
25.77,0.00708008,-1.24487,-0.00878906,-0.0107422,0.0744629,2.86584,-0.0189209,-0.022583,
25.8,0.00708008,-1.24487,-0.00878906,-0.0107422,0.0744629,2.86584,-0.0189209,-0.022583,
25.83,0.00708008,-1.24487,-0.00878906,-0.0107422,0.0744629,2.86584,-0.0189209,-0.022583,
25.86,0.00708008,-1.24487,-0.00878906,-0.0107422,0.0744629,2.86584,-0.0189209,-0.022583,
25.89,0.00708008,-1.24487,-0.00878906,-0.0107422,0.0744629,2.86584,-0.0189209,-0.022583,
25.92,0.00708008,-1.24487,-0.00878906,-0.0107422,0.0744629,2.86584,-0.0189209,-0.022583,
25.95,0.00708008,-1.24487,-0.00878906,-0.0107422,0.0744629,2.86584,-0.0189209,-0.022583,
25.98,0.00708008,-1.24487,-0.00878906,-0.0107422,0.0744629,2.86584,-0.0189209,-0.022583,
26.01,0.00708008,-1.24487,-0.00878906,-0.0107422,0.0744629,2.86584,-0.0189209,-0.022583,
26.04,0.00708008,-1.24487,-0.00878906,-0.0107422,0.0744629,2.86584,-0.0189209,-0.022583,
26.07,0.00708008,-1.24487,-0.00878906,-0.0107422,0.0744629,2.86584,-0.0189209,-0.022583,
26.1,0.00708008,-1.24487,-0.00878906,-0.0107422,0.0744629,2.86584,-0.0189209,-0.022583,
26.13,0.00708008,-1.24487,-0.00878906,-0.0107422,0.0744629,2.86584,-0.0189209,-0.022583,
26.16,0.00708008,-1.24487,-0.00878906,-0.0107422,0.0744629,2.86584,-0.0189209,-0.022583,
26.19,0.00708008,-1.24487,-0.00878906,-0.0107422,0.0744629,2.86584,-0.0189209,-0.022583,
26.22,0.00708008,-1.24487,-0.00878906,-0.0107422,0.0744629,2.86584,-0.0189209,-0.022583,
26.25,0.00708008,-1.24487,-0.00878906,-0.0107422,0.0744629,2.86584,-0.0189209,-0.022583,
26.28,0.00708008,-1.24487,-0.00878906,-0.0107422,0.0744629,2.86584,-0.0189209,-0.022583,
26.31,0.00708008,-1.24487,-0.00878906,-0.0107422,0.0744629,2.86584,-0.0189209,-0.022583,
26.34,0.00708008,-1.24487,-0.00878906,-0.0107422,0.0744629,2.86584,-0.0189209,-0.022583,
26.37,0.00708008,-1.24487,-0.00878906,-0.0107422,0.0744629,2.86584,-0.0189209,-0.022583,
26.4,0.00708008,-1.24487,-0.00878906,-0.0107422,0.0744629,2.86584,-0.0189209,-0.022583,
26.43,0.00708008,-1.24487,-0.00878906,-0.0107422,0.0744629,2.86584,-0.0189209,-0.022583,
26.46,0.00708008,-1.24487,-0.00878906,-0.0107422,0.0744629,2.86584,-0.0189209,-0.022583,
26.49,0.00708008,-1.24487,-0.00878906,-0.0107422,0.0744629,2.86584,-0.0189209,-0.022583,
26.52,0.00708008,-1.24487,-0.00878906,-0.0107422,0.0744629,2.86584,-0.0189209,-0.022583,
26.55,0.00708008,-1.24487,-0.00878906,-0.0107422,0.0744629,2.86584,-0.0189209,-0.022583,
26.58,0.00708008,-1.24487,-0.00878906,-0.0107422,0.0744629,2.86584,-0.0189209,-0.022583,
26.61,0.00708008,-1.24487,-0.00878906,-0.0107422,0.0744629,2.86584,-0.0189209,-0.022583,
26.64,0.00708008,-1.24487,-0.00878906,-0.0107422,0.0744629,2.86584,-0.0189209,-0.022583,
26.67,0.00708008,-1.24487,-0.00878906,-0.0107422,0.0744629,2.86584,-0.0189209,-0.022583,
26.7,0.00708008,-1.24487,-0.00878906,-0.0107422,0.0744629,2.86584,-0.0189209,-0.022583,
26.73,0.00708008,-1.24487,-0.00878906,-0.0107422,0.0744629,2.86584,-0.0189209,-0.022583,
26.76,0.00708008,-1.24487,-0.00878906,-0.0107422,0.0744629,2.86584,-0.0189209,-0.022583,
26.79,0.00708008,-1.24487,-0.00878906,-0.0107422,0.0744629,2.86584,-0.0189209,-0.022583,
26.82,0.00708008,-1.24487,-0.00878906,-0.0107422,0.0744629,2.86584,-0.0189209,-0.022583,
26.85,0.00708008,-1.24487,-0.00878906,-0.0107422,0.0744629,2.86584,-0.0189209,-0.022583,
26.88,0.00708008,-1.24487,-0.00878906,-0.0107422,0.0744629,2.86584,-0.0189209,-0.022583,
26.91,0.00708008,-1.24487,-0.00878906,-0.0107422,0.0744629,2.86584,-0.0189209,-0.022583,
26.94,0.00708008,-1.24487,-0.00878906,-0.0107422,0.0744629,2.86584,-0.0189209,-0.022583,
26.97,0.00708008,-1.24487,-0.00878906,-0.0107422,0.0744629,2.86584,-0.0189209,-0.022583,
27,0.00708008,-1.24487,-0.00878906,-0.0107422,0.0744629,2.86584,-0.0189209,-0.022583,
27.03,0.00708008,-1.24487,-0.00878906,-0.0107422,0.0744629,2.86584,-0.0189209,-0.022583,
27.06,0.00708008,-1.24487,-0.00878906,-0.0107422,0.0744629,2.86584,-0.0189209,-0.022583,
27.09,0.00708008,-1.24487,-0.00878906,-0.0107422,0.0744629,2.86584,-0.0189209,-0.022583,
27.12,0.00708008,-1.24487,-0.00878906,-0.0107422,0.0744629,2.86584,-0.0189209,-0.022583,
27.15,0.00708008,-1.24487,-0.00878906,-0.0107422,0.0744629,2.86584,-0.0189209,-0.022583,
27.18,0.00708008,-1.24487,-0.00878906,-0.0107422,0.0744629,2.86584,-0.0189209,-0.022583,
27.21,0.00708008,-1.24487,-0.00878906,-0.0107422,0.0744629,2.86584,-0.0189209,-0.022583,
27.24,0.00708008,-1.24487,-0.00878906,-0.0107422,0.0744629,2.86584,-0.0189209,-0.022583,
27.27,0.00708008,-1.24487,-0.00878906,-0.0107422,0.0744629,2.86584,-0.0189209,-0.022583,
27.3,0.00708008,-1.24487,-0.00878906,-0.0107422,0.0744629,2.86584,-0.0189209,-0.022583,
27.33,0.00708008,-1.24487,-0.00878906,-0.0107422,0.0744629,2.86584,-0.0189209,-0.022583,
27.36,0.00708008,-1.24487,-0.00878906,-0.0107422,0.0744629,2.86584,-0.0189209,-0.022583,
27.39,0.00708008,-1.24487,-0.00878906,-0.0107422,0.0744629,2.86584,-0.0189209,-0.022583,
27.42,0.00708008,-1.24487,-0.00878906,-0.0107422,0.0744629,2.86584,-0.0189209,-0.022583,
27.45,0.00708008,-1.24487,-0.00878906,-0.0107422,0.0744629,2.86584,-0.0189209,-0.022583,
27.48,0.00708008,-1.24487,-0.00878906,-0.0107422,0.0744629,2.86584,-0.0189209,-0.022583,
27.51,0.00708008,-1.24487,-0.00878906,-0.0107422,0.0744629,2.86584,-0.0189209,-0.022583,
27.54,0.00708008,-1.24487,-0.00878906,-0.0107422,0.0744629,2.86584,-0.0189209,-0.022583,
27.57,0.00708008,-1.24487,-0.00878906,-0.0107422,0.0744629,2.86584,-0.0189209,-0.022583,
27.6,0.00708008,-1.24487,-0.00878906,-0.0107422,0.0744629,2.86584,-0.0189209,-0.022583,
27.63,0.00708008,-1.24487,-0.00878906,-0.0107422,0.0744629,2.86584,-0.0189209,-0.022583,
27.66,0.00708008,-1.24487,-0.00878906,-0.0107422,0.0744629,2.86584,-0.0189209,-0.022583,
27.69,0.00708008,-1.24487,-0.00878906,-0.0107422,0.0744629,2.86584,-0.0189209,-0.022583,
27.72,0.00708008,-1.24487,-0.00878906,-0.0107422,0.0744629,2.86584,-0.0189209,-0.022583,
27.75,0.00708008,-1.24487,-0.00878906,-0.0107422,0.0744629,2.86584,-0.0189209,-0.022583,
27.78,0.00708008,-1.24487,-0.00878906,-0.0107422,0.0744629,2.86584,-0.0189209,-0.022583,
27.81,0.00708008,-1.24487,-0.00878906,-0.0107422,0.0744629,2.86584,-0.0189209,-0.022583,
27.84,0.00708008,-1.24487,-0.00878906,-0.0107422,0.0744629,2.86584,-0.0189209,-0.022583,
27.87,0.00708008,-1.24487,-0.00878906,-0.0107422,0.0744629,2.86584,-0.0189209,-0.022583,
27.9,0.00708008,-1.24487,-0.00878906,-0.0107422,0.0744629,2.86584,-0.0189209,-0.022583,
27.93,0.00708008,-1.24487,-0.00878906,-0.0107422,0.0744629,2.86584,-0.0189209,-0.022583,
27.96,0.00708008,-1.24487,-0.00878906,-0.0107422,0.0744629,2.86584,-0.0189209,-0.022583,
27.99,0.00708008,-1.24487,-0.00878906,-0.0107422,0.0744629,2.86584,-0.0189209,-0.022583,
28.02,0.00708008,-1.24487,-0.00878906,-0.0107422,0.0744629,2.86584,-0.0189209,-0.022583,
28.05,0.00708008,-1.24487,-0.00878906,-0.0107422,0.0744629,2.86584,-0.0189209,-0.022583,
28.08,0.00708008,-1.24487,-0.00878906,-0.0107422,0.0744629,2.86584,-0.0189209,-0.022583,
28.11,0.00708008,-1.24487,-0.00878906,-0.0107422,0.0744629,2.86584,-0.0189209,-0.022583,
28.14,0.00708008,-1.24487,-0.00878906,-0.0107422,0.0744629,2.86584,-0.0189209,-0.022583,
28.17,0.00708008,-1.24487,-0.00878906,-0.0107422,0.0744629,2.86584,-0.0189209,-0.022583,
28.2,0.00708008,-1.24487,-0.00878906,-0.0107422,0.0744629,2.86584,-0.0189209,-0.022583,
28.23,0.00708008,-1.24487,-0.00878906,-0.0107422,0.0744629,2.86584,-0.0189209,-0.022583,
28.26,0.00708008,-1.24487,-0.00878906,-0.0107422,0.0744629,2.86584,-0.0189209,-0.022583,
28.29,0.00708008,-1.24487,-0.00878906,-0.0107422,0.0744629,2.86584,-0.0189209,-0.022583,
28.32,0.00708008,-1.24487,-0.00878906,-0.0107422,0.0744629,2.86584,-0.0189209,-0.022583,
28.35,0.00708008,-1.24487,-0.00878906,-0.0107422,0.0744629,2.86584,-0.0189209,-0.022583,
28.38,0.00708008,-1.24487,-0.00878906,-0.0107422,0.0744629,2.86584,-0.0189209,-0.022583,
28.41,0.00708008,-1.24487,-0.00878906,-0.0107422,0.0744629,2.86584,-0.0189209,-0.022583,
28.44,0.00708008,-1.24487,-0.00878906,-0.0107422,0.0744629,2.86584,-0.0189209,-0.022583,
28.47,0.00708008,-1.24487,-0.00878906,-0.0107422,0.0744629,2.86584,-0.0189209,-0.022583,
28.5,0.00708008,-1.24487,-0.00878906,-0.0107422,0.0744629,2.86584,-0.0189209,-0.022583,
28.53,0.00708008,-1.24487,-0.00878906,-0.0107422,0.0744629,2.86584,-0.0189209,-0.022583,
28.56,0.00708008,-1.24487,-0.00878906,-0.0107422,0.0744629,2.86584,-0.0189209,-0.022583,
28.59,0.00708008,-1.24487,-0.00878906,-0.0107422,0.0744629,2.86584,-0.0189209,-0.022583,
28.62,0.00708008,-1.24487,-0.00878906,-0.0107422,0.0744629,2.86584,-0.0189209,-0.022583,
28.65,0.00708008,-1.24487,-0.00878906,-0.0107422,0.0744629,2.86584,-0.0189209,-0.022583,
28.68,0.00708008,-1.24487,-0.00878906,-0.0107422,0.0744629,2.86584,-0.0189209,-0.022583,
28.71,0.00708008,-1.24487,-0.00878906,-0.0107422,0.0744629,2.86584,-0.0189209,-0.022583,
28.74,0.00708008,-1.24487,-0.00878906,-0.0107422,0.0744629,2.86584,-0.0189209,-0.022583,
28.77,0.00708008,-1.24487,-0.00878906,-0.0107422,0.0744629,2.86584,-0.0189209,-0.022583,
28.8,0.00708008,-1.24487,-0.00878906,-0.0107422,0.0744629,2.86584,-0.0189209,-0.022583,
28.83,0.00708008,-1.24487,-0.00878906,-0.0107422,0.0744629,2.86584,-0.0189209,-0.022583,
28.86,0.00708008,-1.24487,-0.00878906,-0.0107422,0.0744629,2.86584,-0.0189209,-0.022583,
28.89,0.00708008,-1.24487,-0.00878906,-0.0107422,0.0744629,2.86584,-0.0189209,-0.022583,
28.92,0.00708008,-1.24487,-0.00878906,-0.0107422,0.0744629,2.86584,-0.0189209,-0.022583,
28.95,0.00708008,-1.24487,-0.00878906,-0.0107422,0.0744629,2.86584,-0.0189209,-0.022583,
28.98,0.00708008,-1.24487,-0.00878906,-0.0107422,0.0744629,2.86584,-0.0189209,-0.022583,
29.01,0.00708008,-1.24487,-0.00878906,-0.0107422,0.0744629,2.86584,-0.0189209,-0.022583,
29.04,0.00708008,-1.24487,-0.00878906,-0.0107422,0.0744629,2.86584,-0.0189209,-0.022583,
29.07,0.00708008,-1.24487,-0.00878906,-0.0107422,0.0744629,2.86584,-0.0189209,-0.022583,
29.1,0.00708008,-1.24487,-0.00878906,-0.0107422,0.0744629,2.86584,-0.0189209,-0.022583,
29.13,0.00708008,-1.24487,-0.00878906,-0.0107422,0.0744629,2.86584,-0.0189209,-0.022583,
29.16,0.00708008,-1.24487,-0.00878906,-0.0107422,0.0744629,2.86584,-0.0189209,-0.022583,
29.19,0.00708008,-1.24487,-0.00878906,-0.0107422,0.0744629,2.86584,-0.0189209,-0.022583,
29.22,0.00708008,-1.24487,-0.00878906,-0.0107422,0.0744629,2.86584,-0.0189209,-0.022583,
29.25,0.00708008,-1.24487,-0.00878906,-0.0107422,0.0744629,2.86584,-0.0189209,-0.022583,
29.28,0.00708008,-1.24487,-0.00878906,-0.0107422,0.0744629,2.86584,-0.0189209,-0.022583,
29.31,0.00708008,-1.24487,-0.00878906,-0.0107422,0.0744629,2.86584,-0.0189209,-0.022583,
29.34,0.00708008,-1.24487,-0.00878906,-0.0107422,0.0744629,2.86584,-0.0189209,-0.022583,
29.37,0.00708008,-1.24487,-0.00878906,-0.0107422,0.0744629,2.86584,-0.0189209,-0.022583,
29.4,0.00708008,-1.24487,-0.00878906,-0.0107422,0.0744629,2.86584,-0.0189209,-0.022583,
29.43,0.00708008,-1.24487,-0.00878906,-0.0107422,0.0744629,2.86584,-0.0189209,-0.022583,
29.46,0.00708008,-1.24487,-0.00878906,-0.0107422,0.0744629,2.86584,-0.0189209,-0.022583,
29.49,0.00708008,-1.24487,-0.00878906,-0.0107422,0.0744629,2.86584,-0.0189209,-0.022583,
29.52,0.00708008,-1.24487,-0.00878906,-0.0107422,0.0744629,2.86584,-0.0189209,-0.022583,
29.55,0.00708008,-1.24487,-0.00878906,-0.0107422,0.0744629,2.86584,-0.0189209,-0.022583,
29.58,0.00708008,-1.24487,-0.00878906,-0.0107422,0.0744629,2.86584,-0.0189209,-0.022583,
29.61,0.00708008,-1.24487,-0.00878906,-0.0107422,0.0744629,2.86584,-0.0189209,-0.022583,
29.64,0.00708008,-1.24487,-0.00878906,-0.0107422,0.0744629,2.86584,-0.0189209,-0.022583,
29.67,0.00708008,-1.24487,-0.00878906,-0.0107422,0.0744629,2.86584,-0.0189209,-0.022583,
29.7,0.00708008,-1.24487,-0.00878906,-0.0107422,0.0744629,2.86584,-0.0189209,-0.022583,
29.73,0.00708008,-1.24487,-0.00878906,-0.0107422,0.0744629,2.86584,-0.0189209,-0.022583,
29.76,0.00708008,-1.24487,-0.00878906,-0.0107422,0.0744629,2.86584,-0.0189209,-0.022583,
29.79,0.00708008,-1.24487,-0.00878906,-0.0107422,0.0744629,2.86584,-0.0189209,-0.022583,
29.82,0.00708008,-1.24487,-0.00878906,-0.0107422,0.0744629,2.86584,-0.0189209,-0.022583,
29.85,0.00708008,-1.24487,-0.00878906,-0.0107422,0.0744629,2.86584,-0.0189209,-0.022583,
29.88,0.00708008,-1.24487,-0.00878906,-0.0107422,0.0744629,2.86584,-0.0189209,-0.022583,
29.91,0.00708008,-1.24487,-0.00878906,-0.0107422,0.0744629,2.86584,-0.0189209,-0.022583,
29.94,0.00708008,-1.24487,-0.00878906,-0.0107422,0.0744629,2.86584,-0.0189209,-0.022583,
29.97,0.00708008,-1.24487,-0.00878906,-0.0107422,0.0744629,2.86584,-0.0189209,-0.022583,
30,0.00708008,-1.24487,-0.00878906,-0.0107422,0.0744629,2.86584,-0.0189209,-0.022583,
30.03,0.00708008,-1.24487,-0.00878906,-0.0107422,0.0744629,2.86584,-0.0189209,-0.022583,
30.06,0.00708008,-1.24487,-0.00878906,-0.0107422,0.0744629,2.86584,-0.0189209,-0.022583,
30.09,0.00708008,-1.24487,-0.00878906,-0.0107422,0.0744629,2.86584,-0.0189209,-0.022583,
30.12,0.00708008,-1.24487,-0.00878906,-0.0107422,0.0744629,2.86584,-0.0189209,-0.022583,
30.15,0.00708008,-1.24487,-0.00878906,-0.0107422,0.0744629,2.86584,-0.0189209,-0.022583,
30.18,0.00708008,-1.24487,-0.00878906,-0.0107422,0.0744629,2.86584,-0.0189209,-0.022583,
30.21,0.00708008,-1.24487,-0.00878906,-0.0107422,0.0744629,2.86584,-0.0189209,-0.022583,
30.24,0.00708008,-1.24487,-0.00878906,-0.0107422,0.0744629,2.86584,-0.0189209,-0.022583,
30.27,0.00708008,-1.24487,-0.00878906,-0.0107422,0.0744629,2.86584,-0.0189209,-0.022583,
30.3,0.00708008,-1.24487,-0.00878906,-0.0107422,0.0744629,2.86584,-0.0189209,-0.022583,
30.33,0.00708008,-1.24487,-0.00878906,-0.0107422,0.0744629,2.86584,-0.0189209,-0.022583,
30.36,0.00708008,-1.24487,-0.00878906,-0.0107422,0.0744629,2.86584,-0.0189209,-0.022583,
30.39,0.00708008,-1.24487,-0.00878906,-0.0107422,0.0744629,2.86584,-0.0189209,-0.022583,
30.42,0.00708008,-1.24487,-0.00878906,-0.0107422,0.0744629,2.86584,-0.0189209,-0.022583,
30.45,0.00708008,-1.24487,-0.00878906,-0.0107422,0.0744629,2.86584,-0.0189209,-0.022583,
30.48,0.00708008,-1.24487,-0.00878906,-0.0107422,0.0744629,2.86584,-0.0189209,-0.022583,
30.51,0.00708008,-1.24487,-0.00878906,-0.0107422,0.0744629,2.86584,-0.0189209,-0.022583,
30.54,0.00708008,-1.24487,-0.00878906,-0.0107422,0.0744629,2.86584,-0.0189209,-0.022583,
30.57,0.00708008,-1.24487,-0.00878906,-0.0107422,0.0744629,2.86584,-0.0189209,-0.022583,
30.6,0.00708008,-1.24487,-0.00878906,-0.0107422,0.0744629,2.86584,-0.0189209,-0.022583,
30.63,0.00708008,-1.24487,-0.00878906,-0.0107422,0.0744629,2.86584,-0.0189209,-0.022583,
30.66,0.00708008,-1.24487,-0.00878906,-0.0107422,0.0744629,2.86584,-0.0189209,-0.022583,
30.69,0.00708008,-1.24487,-0.00878906,-0.0107422,0.0744629,2.86584,-0.0189209,-0.022583,
30.72,0.00708008,-1.24487,-0.00878906,-0.0107422,0.0744629,2.86584,-0.0189209,-0.022583,
30.75,0.00708008,-1.24487,-0.00878906,-0.0107422,0.0744629,2.86584,-0.0189209,-0.022583,
30.78,0.00708008,-1.24487,-0.00878906,-0.0107422,0.0744629,2.86584,-0.0189209,-0.022583,
30.81,0.00708008,-1.24487,-0.00878906,-0.0107422,0.0744629,2.86584,-0.0189209,-0.022583,
30.84,0.00708008,-1.24487,-0.00878906,-0.0107422,0.0744629,2.86584,-0.0189209,-0.022583,
30.87,0.00708008,-1.24487,-0.00878906,-0.0107422,0.0744629,2.86584,-0.0189209,-0.022583,
30.9,0.00708008,-1.24487,-0.00878906,-0.0107422,0.0744629,2.86584,-0.0189209,-0.022583,
30.93,0.00708008,-1.24487,-0.00878906,-0.0107422,0.0744629,2.86584,-0.0189209,-0.022583,
30.96,0.00708008,-1.24487,-0.00878906,-0.0107422,0.0744629,2.86584,-0.0189209,-0.022583,
30.99,0.00708008,-1.24487,-0.00878906,-0.0107422,0.0744629,2.86584,-0.0189209,-0.022583,
31.02,0.00708008,-1.24487,-0.00878906,-0.0107422,0.0744629,2.86584,-0.0189209,-0.022583,
31.05,0.00708008,-1.24487,-0.00878906,-0.0107422,0.0744629,2.86584,-0.0189209,-0.022583,
31.08,0.00708008,-1.24487,-0.00878906,-0.0107422,0.0744629,2.86584,-0.0189209,-0.022583,
31.11,0.00708008,-1.24487,-0.00878906,-0.0107422,0.0744629,2.86584,-0.0189209,-0.022583,
31.14,0.00708008,-1.24487,-0.00878906,-0.0107422,0.0744629,2.86584,-0.0189209,-0.022583,
31.17,0.00708008,-1.24487,-0.00878906,-0.0107422,0.0744629,2.86584,-0.0189209,-0.022583,
31.2,0.00708008,-1.24487,-0.00878906,-0.0107422,0.0744629,2.86584,-0.0189209,-0.022583,
31.23,0.00708008,-1.24487,-0.00878906,-0.0107422,0.0744629,2.86584,-0.0189209,-0.022583,
31.26,0.00708008,-1.24487,-0.00878906,-0.0107422,0.0744629,2.86584,-0.0189209,-0.022583,
31.29,0.00708008,-1.24487,-0.00878906,-0.0107422,0.0744629,2.86584,-0.0189209,-0.022583,
31.32,0.00708008,-1.24487,-0.00878906,-0.0107422,0.0744629,2.86584,-0.0189209,-0.022583,
31.35,0.00708008,-1.24487,-0.00878906,-0.0107422,0.0744629,2.86584,-0.0189209,-0.022583,
31.38,0.00708008,-1.24487,-0.00878906,-0.0107422,0.0744629,2.86584,-0.0189209,-0.022583,
31.41,0.00708008,-1.24487,-0.00878906,-0.0107422,0.0744629,2.86584,-0.0189209,-0.022583,
31.44,0.00708008,-1.24487,-0.00878906,-0.0107422,0.0744629,2.86584,-0.0189209,-0.022583,
31.47,0.00708008,-1.24487,-0.00878906,-0.0107422,0.0744629,2.86584,-0.0189209,-0.022583,
31.5,0.00708008,-1.24487,-0.00878906,-0.0107422,0.0744629,2.86584,-0.0189209,-0.022583,
31.53,0.00708008,-1.24487,-0.00878906,-0.0107422,0.0744629,2.86584,-0.0189209,-0.022583,
31.56,0.00708008,-1.24487,-0.00878906,-0.0107422,0.0744629,2.86584,-0.0189209,-0.022583,
31.59,0.00708008,-1.24487,-0.00878906,-0.0107422,0.0744629,2.86584,-0.0189209,-0.022583,
31.62,0.00708008,-1.24487,-0.00878906,-0.0107422,0.0744629,2.86584,-0.0189209,-0.022583,
31.65,0.00708008,-1.24487,-0.00878906,-0.0107422,0.0744629,2.86584,-0.0189209,-0.022583,
31.68,0.00708008,-1.24487,-0.00878906,-0.0107422,0.0744629,2.86584,-0.0189209,-0.022583,
31.71,0.00708008,-1.24487,-0.00878906,-0.0107422,0.0744629,2.86584,-0.0189209,-0.022583,
31.74,0.00708008,-1.24487,-0.00878906,-0.0107422,0.0744629,2.86584,-0.0189209,-0.022583,
31.77,0.00708008,-1.24487,-0.00878906,-0.0107422,0.0744629,2.86584,-0.0189209,-0.022583,
31.8,0.00708008,-1.24487,-0.00878906,-0.0107422,0.0744629,2.86584,-0.0189209,-0.022583,
31.83,0.00708008,-1.24487,-0.00878906,-0.0107422,0.0744629,2.86584,-0.0189209,-0.022583,
31.86,0.00708008,-1.24487,-0.00878906,-0.0107422,0.0744629,2.86584,-0.0189209,-0.022583,
31.89,0.00708008,-1.24487,-0.00878906,-0.0107422,0.0744629,2.86584,-0.0189209,-0.022583,
31.92,0.00708008,-1.24487,-0.00878906,-0.0107422,0.0744629,2.86584,-0.0189209,-0.022583,
31.95,0.00708008,-1.24487,-0.00878906,-0.0107422,0.0744629,2.86584,-0.0189209,-0.022583,
31.98,0.00708008,-1.24487,-0.00878906,-0.0107422,0.0744629,2.86584,-0.0189209,-0.022583,
32.01,0.00708008,-1.24487,-0.00878906,-0.0107422,0.0744629,2.86584,-0.0189209,-0.022583,
32.04,0.00708008,-1.24487,-0.00878906,-0.0107422,0.0744629,2.86584,-0.0189209,-0.022583,
32.07,0.00708008,-1.24487,-0.00878906,-0.0107422,0.0744629,2.86584,-0.0189209,-0.022583,
32.1,0.00708008,-1.24487,-0.00878906,-0.0107422,0.0744629,2.86584,-0.0189209,-0.022583,
32.13,0.00708008,-1.24487,-0.00878906,-0.0107422,0.0744629,2.86584,-0.0189209,-0.022583,
32.16,0.00708008,-1.24487,-0.00878906,-0.0107422,0.0744629,2.86584,-0.0189209,-0.022583,
32.19,0.00708008,-1.24487,-0.00878906,-0.0107422,0.0744629,2.86584,-0.0189209,-0.022583,
32.22,0.00708008,-1.24487,-0.00878906,-0.0107422,0.0744629,2.86584,-0.0189209,-0.022583,
32.25,0.00708008,-1.24487,-0.00878906,-0.0107422,0.0744629,2.86584,-0.0189209,-0.022583,
32.28,0.00708008,-1.24487,-0.00878906,-0.0107422,0.0744629,2.86584,-0.0189209,-0.022583,
32.31,0.00708008,-1.24487,-0.00878906,-0.0107422,0.0744629,2.86584,-0.0189209,-0.022583,
32.34,0.00708008,-1.24487,-0.00878906,-0.0107422,0.0744629,2.86584,-0.0189209,-0.022583,
32.37,0.00708008,-1.24487,-0.00878906,-0.0107422,0.0744629,2.86584,-0.0189209,-0.022583,
32.4,0.00708008,-1.24487,-0.00878906,-0.0107422,0.0744629,2.86584,-0.0189209,-0.022583,
32.43,0.00708008,-1.24487,-0.00878906,-0.0107422,0.0744629,2.86584,-0.0189209,-0.022583,
32.46,0.00708008,-1.24487,-0.00878906,-0.0107422,0.0744629,2.86584,-0.0189209,-0.022583,
32.49,0.00708008,-1.24487,-0.00878906,-0.0107422,0.0744629,2.86584,-0.0189209,-0.022583,
32.52,0.00708008,-1.24487,-0.00878906,-0.0107422,0.0744629,2.86584,-0.0189209,-0.022583,
32.55,0.00708008,-1.24487,-0.00878906,-0.0107422,0.0744629,2.86584,-0.0189209,-0.022583,
32.58,0.00708008,-1.24487,-0.00878906,-0.0107422,0.0744629,2.86584,-0.0189209,-0.022583,
32.61,0.00708008,-1.24487,-0.00878906,-0.0107422,0.0744629,2.86584,-0.0189209,-0.022583,
32.64,0.00708008,-1.24487,-0.00878906,-0.0107422,0.0744629,2.86584,-0.0189209,-0.022583,
32.67,0.00708008,-1.24487,-0.00878906,-0.0107422,0.0744629,2.86584,-0.0189209,-0.022583,
32.7,0.00708008,-1.24487,-0.00878906,-0.0107422,0.0744629,2.86584,-0.0189209,-0.022583,
32.73,0.00708008,-1.24487,-0.00878906,-0.0107422,0.0744629,2.86584,-0.0189209,-0.022583,
32.76,0.00708008,-1.24487,-0.00878906,-0.0107422,0.0744629,2.86584,-0.0189209,-0.022583,
32.79,0.00708008,-1.24487,-0.00878906,-0.0107422,0.0744629,2.86584,-0.0189209,-0.022583,
32.82,0.00708008,-1.24487,-0.00878906,-0.0107422,0.0744629,2.86584,-0.0189209,-0.022583,
32.85,0.00708008,-1.24487,-0.00878906,-0.0107422,0.0744629,2.86584,-0.0189209,-0.022583,
32.88,0.00708008,-1.24487,-0.00878906,-0.0107422,0.0744629,2.86584,-0.0189209,-0.022583,
32.91,0.00708008,-1.24487,-0.00878906,-0.0107422,0.0744629,2.86584,-0.0189209,-0.022583,
32.94,0.00708008,-1.24487,-0.00878906,-0.0107422,0.0744629,2.86584,-0.0189209,-0.022583,
32.97,0.00708008,-1.24487,-0.00878906,-0.0107422,0.0744629,2.86584,-0.0189209,-0.022583,
33,0.00708008,-1.24487,-0.00878906,-0.0107422,0.0744629,2.86584,-0.0189209,-0.022583,
33.03,0.00708008,-1.24487,-0.00878906,-0.0107422,0.0744629,2.86584,-0.0189209,-0.022583,
33.06,0.00708008,-1.24487,-0.00878906,-0.0107422,0.0744629,2.86584,-0.0189209,-0.022583,
33.09,0.00708008,-1.24487,-0.00878906,-0.0107422,0.0744629,2.86584,-0.0189209,-0.022583,
33.12,0.00708008,-1.24487,-0.00878906,-0.0107422,0.0744629,2.86584,-0.0189209,-0.022583,
33.15,0.00708008,-1.24487,-0.00878906,-0.0107422,0.0744629,2.86584,-0.0189209,-0.022583,
33.18,0.00708008,-1.24487,-0.00878906,-0.0107422,0.0744629,2.86584,-0.0189209,-0.022583,
33.21,0.00708008,-1.24487,-0.00878906,-0.0107422,0.0744629,2.86584,-0.0189209,-0.022583,
33.24,0.00708008,-1.24487,-0.00878906,-0.0107422,0.0744629,2.86584,-0.0189209,-0.022583,
33.27,0.00708008,-1.24487,-0.00878906,-0.0107422,0.0744629,2.86584,-0.0189209,-0.022583,
33.3,0.00708008,-1.24487,-0.00878906,-0.0107422,0.0744629,2.86584,-0.0189209,-0.022583,
33.33,0.00708008,-1.24487,-0.00878906,-0.0107422,0.0744629,2.86584,-0.0189209,-0.022583,
33.36,0.00708008,-1.24487,-0.00878906,-0.0107422,0.0744629,2.86584,-0.0189209,-0.022583,
33.39,0.00708008,-1.24487,-0.00878906,-0.0107422,0.0744629,2.86584,-0.0189209,-0.022583,
33.42,0.00708008,-1.24487,-0.00878906,-0.0107422,0.0744629,2.86584,-0.0189209,-0.022583,
33.45,0.00708008,-1.24487,-0.00878906,-0.0107422,0.0744629,2.86584,-0.0189209,-0.022583,
33.48,0.00708008,-1.24487,-0.00878906,-0.0107422,0.0744629,2.86584,-0.0189209,-0.022583,
33.51,0.00708008,-1.24487,-0.00878906,-0.0107422,0.0744629,2.86584,-0.0189209,-0.022583,
33.54,0.00708008,-1.24487,-0.00878906,-0.0107422,0.0744629,2.86584,-0.0189209,-0.022583,
33.57,0.00708008,-1.24487,-0.00878906,-0.0107422,0.0744629,2.86584,-0.0189209,-0.022583,
33.6,0.00708008,-1.24487,-0.00878906,-0.0107422,0.0744629,2.86584,-0.0189209,-0.022583,
33.63,0.00708008,-1.24487,-0.00878906,-0.0107422,0.0744629,2.86584,-0.0189209,-0.022583,
33.66,0.00708008,-1.24487,-0.00878906,-0.0107422,0.0744629,2.86584,-0.0189209,-0.022583,
33.69,0.00708008,-1.24487,-0.00878906,-0.0107422,0.0744629,2.86584,-0.0189209,-0.022583,
33.72,0.00708008,-1.24487,-0.00878906,-0.0107422,0.0744629,2.86584,-0.0189209,-0.022583,
33.75,0.00708008,-1.24487,-0.00878906,-0.0107422,0.0744629,2.86584,-0.0189209,-0.022583,
33.78,0.00708008,-1.24487,-0.00878906,-0.0107422,0.0744629,2.86584,-0.0189209,-0.022583,
33.81,0.00708008,-1.24487,-0.00878906,-0.0107422,0.0744629,2.86584,-0.0189209,-0.022583,
33.84,0.00708008,-1.24487,-0.00878906,-0.0107422,0.0744629,2.86584,-0.0189209,-0.022583,
33.87,0.00708008,-1.24487,-0.00878906,-0.0107422,0.0744629,2.86584,-0.0189209,-0.022583,
33.9,0.00708008,-1.24487,-0.00878906,-0.0107422,0.0744629,2.86584,-0.0189209,-0.022583,
33.93,0.00708008,-1.24487,-0.00878906,-0.0107422,0.0744629,2.86584,-0.0189209,-0.022583,
33.96,0.00708008,-1.24487,-0.00878906,-0.0107422,0.0744629,2.86584,-0.0189209,-0.022583,
33.99,0.00708008,-1.24487,-0.00878906,-0.0107422,0.0744629,2.86584,-0.0189209,-0.022583,
34.02,0.00708008,-1.24487,-0.00878906,-0.0107422,0.0744629,2.86584,-0.0189209,-0.022583,
34.05,0.00708008,-1.24487,-0.00878906,-0.0107422,0.0744629,2.86584,-0.0189209,-0.022583,
34.08,0.00708008,-1.24487,-0.00878906,-0.0107422,0.0744629,2.86584,-0.0189209,-0.022583,
34.11,0.00708008,-1.24487,-0.00878906,-0.0107422,0.0744629,2.86584,-0.0189209,-0.022583,
34.14,0.00708008,-1.24487,-0.00878906,-0.0107422,0.0744629,2.86584,-0.0189209,-0.022583,
34.17,0.00708008,-1.24487,-0.00878906,-0.0107422,0.0744629,2.86584,-0.0189209,-0.022583,
34.2,0.00708008,-1.24487,-0.00878906,-0.0107422,0.0744629,2.86584,-0.0189209,-0.022583,
34.23,0.00708008,-1.24487,-0.00878906,-0.0107422,0.0744629,2.86584,-0.0189209,-0.022583,
34.26,0.00708008,-1.24487,-0.00878906,-0.0107422,0.0744629,2.86584,-0.0189209,-0.022583,
34.29,0.00708008,-1.24487,-0.00878906,-0.0107422,0.0744629,2.86584,-0.0189209,-0.022583,
34.32,0.00708008,-1.24487,-0.00878906,-0.0107422,0.0744629,2.86584,-0.0189209,-0.022583,
34.35,0.00708008,-1.24487,-0.00878906,-0.0107422,0.0744629,2.86584,-0.0189209,-0.022583,
34.38,0.00708008,-1.24487,-0.00878906,-0.0107422,0.0744629,2.86584,-0.0189209,-0.022583,
34.41,0.00708008,-1.24487,-0.00878906,-0.0107422,0.0744629,2.86584,-0.0189209,-0.022583,
34.44,0.00708008,-1.24487,-0.00878906,-0.0107422,0.0744629,2.86584,-0.0189209,-0.022583,
34.47,0.00708008,-1.24487,-0.00878906,-0.0107422,0.0744629,2.86584,-0.0189209,-0.022583,
34.5,0.00708008,-1.24487,-0.00878906,-0.0107422,0.0744629,2.86584,-0.0189209,-0.022583,
34.53,0.00708008,-1.24487,-0.00878906,-0.0107422,0.0744629,2.86584,-0.0189209,-0.022583,
34.56,0.00708008,-1.24487,-0.00878906,-0.0107422,0.0744629,2.86584,-0.0189209,-0.022583,
34.59,0.00708008,-1.24487,-0.00878906,-0.0107422,0.0744629,2.86584,-0.0189209,-0.022583,
34.62,0.00708008,-1.24487,-0.00878906,-0.0107422,0.0744629,2.86584,-0.0189209,-0.022583,
34.65,0.00708008,-1.24487,-0.00878906,-0.0107422,0.0744629,2.86584,-0.0189209,-0.022583,
34.68,0.00708008,-1.24487,-0.00878906,-0.0107422,0.0744629,2.86584,-0.0189209,-0.022583,
34.71,0.00708008,-1.24487,-0.00878906,-0.0107422,0.0744629,2.86584,-0.0189209,-0.022583,
34.74,0.00708008,-1.24487,-0.00878906,-0.0107422,0.0744629,2.86584,-0.0189209,-0.022583,
34.77,0.00708008,-1.24487,-0.00878906,-0.0107422,0.0744629,2.86584,-0.0189209,-0.022583,
34.8,0.00708008,-1.24487,-0.00878906,-0.0107422,0.0744629,2.86584,-0.0189209,-0.022583,
34.83,0.00708008,-1.24487,-0.00878906,-0.0107422,0.0744629,2.86584,-0.0189209,-0.022583,
34.86,0.00708008,-1.24487,-0.00878906,-0.0107422,0.0744629,2.86584,-0.0189209,-0.022583,
34.89,0.00708008,-1.24487,-0.00878906,-0.0107422,0.0744629,2.86584,-0.0189209,-0.022583,
34.92,0.00708008,-1.24487,-0.00878906,-0.0107422,0.0744629,2.86584,-0.0189209,-0.022583,
34.95,0.00708008,-1.24487,-0.00878906,-0.0107422,0.0744629,2.86584,-0.0189209,-0.022583,
34.98,0.00708008,-1.24487,-0.00878906,-0.0107422,0.0744629,2.86584,-0.0189209,-0.022583,
35.01,0.00708008,-1.24487,-0.00878906,-0.0107422,0.0744629,2.86584,-0.0189209,-0.022583,
35.04,0.00708008,-1.24487,-0.00878906,-0.0107422,0.0744629,2.86584,-0.0189209,-0.022583,
35.07,0.00708008,-1.24487,-0.00878906,-0.0107422,0.0744629,2.86584,-0.0189209,-0.022583,
35.1,0.00708008,-1.24487,-0.00878906,-0.0107422,0.0744629,2.86584,-0.0189209,-0.022583,
35.13,0.00708008,-1.24487,-0.00878906,-0.0107422,0.0744629,2.86584,-0.0189209,-0.022583,
35.16,0.00708008,-1.24487,-0.00878906,-0.0107422,0.0744629,2.86584,-0.0189209,-0.022583,
35.19,0.00708008,-1.24487,-0.00878906,-0.0107422,0.0744629,2.86584,-0.0189209,-0.022583,
35.22,0.00708008,-1.24487,-0.00878906,-0.0107422,0.0744629,2.86584,-0.0189209,-0.022583,
35.25,0.00708008,-1.24487,-0.00878906,-0.0107422,0.0744629,2.86584,-0.0189209,-0.022583,
35.28,0.00708008,-1.24487,-0.00878906,-0.0107422,0.0744629,2.86584,-0.0189209,-0.022583,
35.31,0.00708008,-1.24487,-0.00878906,-0.0107422,0.0744629,2.86584,-0.0189209,-0.022583,
35.34,0.00708008,-1.24487,-0.00878906,-0.0107422,0.0744629,2.86584,-0.0189209,-0.022583,
35.37,0.00708008,-1.24487,-0.00878906,-0.0107422,0.0744629,2.86584,-0.0189209,-0.022583,
35.4,0.00708008,-1.24487,-0.00878906,-0.0107422,0.0744629,2.86584,-0.0189209,-0.022583,
35.43,0.00708008,-1.24487,-0.00878906,-0.0107422,0.0744629,2.86584,-0.0189209,-0.022583,
35.46,0.00708008,-1.24487,-0.00878906,-0.0107422,0.0744629,2.86584,-0.0189209,-0.022583,
35.49,0.00708008,-1.24487,-0.00878906,-0.0107422,0.0744629,2.86584,-0.0189209,-0.022583,
35.52,0.00708008,-1.24487,-0.00878906,-0.0107422,0.0744629,2.86584,-0.0189209,-0.022583,
35.55,0.00708008,-1.24487,-0.00878906,-0.0107422,0.0744629,2.86584,-0.0189209,-0.022583,
35.58,0.00708008,-1.24487,-0.00878906,-0.0107422,0.0744629,2.86584,-0.0189209,-0.022583,
35.61,0.00708008,-1.24487,-0.00878906,-0.0107422,0.0744629,2.86584,-0.0189209,-0.022583,
35.64,0.00708008,-1.24487,-0.00878906,-0.0107422,0.0744629,2.86584,-0.0189209,-0.022583,
35.67,0.00708008,-1.24487,-0.00878906,-0.0107422,0.0744629,2.86584,-0.0189209,-0.022583,
35.7,0.00708008,-1.24487,-0.00878906,-0.0107422,0.0744629,2.86584,-0.0189209,-0.022583,
35.73,0.00708008,-1.24487,-0.00878906,-0.0107422,0.0744629,2.86584,-0.0189209,-0.022583,
35.76,0.00708008,-1.24487,-0.00878906,-0.0107422,0.0744629,2.86584,-0.0189209,-0.022583,
35.79,0.00708008,-1.24487,-0.00878906,-0.0107422,0.0744629,2.86584,-0.0189209,-0.022583,
35.82,0.00708008,-1.24487,-0.00878906,-0.0107422,0.0744629,2.86584,-0.0189209,-0.022583,
35.85,0.00708008,-1.24487,-0.00878906,-0.0107422,0.0744629,2.86584,-0.0189209,-0.022583,
35.88,0.00708008,-1.24487,-0.00878906,-0.0107422,0.0744629,2.86584,-0.0189209,-0.022583,
35.91,0.00708008,-1.24487,-0.00878906,-0.0107422,0.0744629,2.86584,-0.0189209,-0.022583,
35.94,0.00708008,-1.24487,-0.00878906,-0.0107422,0.0744629,2.86584,-0.0189209,-0.022583,
35.97,0.00708008,-1.24487,-0.00878906,-0.0107422,0.0744629,2.86584,-0.0189209,-0.022583,
36,0.00708008,-1.24487,-0.00878906,-0.0107422,0.0744629,2.86584,-0.0189209,-0.022583,
36.03,0.00708008,-1.24487,-0.00878906,-0.0107422,0.0744629,2.86584,-0.0189209,-0.022583,
36.06,0.00708008,-1.24487,-0.00878906,-0.0107422,0.0744629,2.86584,-0.0189209,-0.022583,
36.09,0.00708008,-1.24487,-0.00878906,-0.0107422,0.0744629,2.86584,-0.0189209,-0.022583,
36.12,0.00708008,-1.24487,-0.00878906,-0.0107422,0.0744629,2.86584,-0.0189209,-0.022583,
36.15,0.00708008,-1.24487,-0.00878906,-0.0107422,0.0744629,2.86584,-0.0189209,-0.022583,
36.18,0.00708008,-1.24487,-0.00878906,-0.0107422,0.0744629,2.86584,-0.0189209,-0.022583,
36.21,0.00708008,-1.24487,-0.00878906,-0.0107422,0.0744629,2.86584,-0.0189209,-0.022583,
36.24,0.00708008,-1.24487,-0.00878906,-0.0107422,0.0744629,2.86584,-0.0189209,-0.022583,
36.27,0.00708008,-1.24487,-0.00878906,-0.0107422,0.0744629,2.86584,-0.0189209,-0.022583,
36.3,0.00708008,-1.24487,-0.00878906,-0.0107422,0.0744629,2.86584,-0.0189209,-0.022583,
36.33,0.00708008,-1.24487,-0.00878906,-0.0107422,0.0744629,2.86584,-0.0189209,-0.022583,
36.36,0.00708008,-1.24487,-0.00878906,-0.0107422,0.0744629,2.86584,-0.0189209,-0.022583,
36.39,0.00708008,-1.24487,-0.00878906,-0.0107422,0.0744629,2.86584,-0.0189209,-0.022583,
36.42,0.00708008,-1.24487,-0.00878906,-0.0107422,0.0744629,2.86584,-0.0189209,-0.022583,
36.45,0.00708008,-1.24487,-0.00878906,-0.0107422,0.0744629,2.86584,-0.0189209,-0.022583,
36.48,0.00708008,-1.24487,-0.00878906,-0.0107422,0.0744629,2.86584,-0.0189209,-0.022583,
36.51,0.00708008,-1.24487,-0.00878906,-0.0107422,0.0744629,2.86584,-0.0189209,-0.022583,
36.54,0.00708008,-1.24487,-0.00878906,-0.0107422,0.0744629,2.86584,-0.0189209,-0.022583,
36.57,0.00708008,-1.24487,-0.00878906,-0.0107422,0.0744629,2.86584,-0.0189209,-0.022583,
36.6,0.00708008,-1.24487,-0.00878906,-0.0107422,0.0744629,2.86584,-0.0189209,-0.022583,
36.63,0.00708008,-1.24487,-0.00878906,-0.0107422,0.0744629,2.86584,-0.0189209,-0.022583,
36.66,0.00708008,-1.24487,-0.00878906,-0.0107422,0.0744629,2.86584,-0.0189209,-0.022583,
36.69,0.00708008,-1.24487,-0.00878906,-0.0107422,0.0744629,2.86584,-0.0189209,-0.022583,
36.72,0.00708008,-1.24487,-0.00878906,-0.0107422,0.0744629,2.86584,-0.0189209,-0.022583,
36.75,0.00708008,-1.24487,-0.00878906,-0.0107422,0.0744629,2.86584,-0.0189209,-0.022583,
36.78,0.00708008,-1.24487,-0.00878906,-0.0107422,0.0744629,2.86584,-0.0189209,-0.022583,
36.81,0.00708008,-1.24487,-0.00878906,-0.0107422,0.0744629,2.86584,-0.0189209,-0.022583,
36.84,0.00708008,-1.24487,-0.00878906,-0.0107422,0.0744629,2.86584,-0.0189209,-0.022583,
36.87,0.00708008,-1.24487,-0.00878906,-0.0107422,0.0744629,2.86584,-0.0189209,-0.022583,
36.9,0.00708008,-1.24487,-0.00878906,-0.0107422,0.0744629,2.86584,-0.0189209,-0.022583,
36.93,0.00708008,-1.24487,-0.00878906,-0.0107422,0.0744629,2.86584,-0.0189209,-0.022583,
36.96,0.00708008,-1.24487,-0.00878906,-0.0107422,0.0744629,2.86584,-0.0189209,-0.022583,
36.99,0.00708008,-1.24487,-0.00878906,-0.0107422,0.0744629,2.86584,-0.0189209,-0.022583,
37.02,0.00708008,-1.24487,-0.00878906,-0.0107422,0.0744629,2.86584,-0.0189209,-0.022583,
37.05,0.00708008,-1.24487,-0.00878906,-0.0107422,0.0744629,2.86584,-0.0189209,-0.022583,
37.08,0.00708008,-1.24487,-0.00878906,-0.0107422,0.0744629,2.86584,-0.0189209,-0.022583,
37.11,-0.00939941,-1.23938,-0.0197754,-0.00524902,0.0744629,2.84937,-0.0189209,-0.022583,
37.14,-0.00939941,-1.23938,-0.0197754,-0.00524902,0.0909424,2.84937,-0.0189209,-0.0170898,
37.17,-0.00939941,-1.23938,-0.0197754,-0.00524902,0.0909424,2.84937,-0.0189209,-0.0170898,
37.2,-0.00939941,-1.23938,-0.0197754,-0.00524902,0.0909424,2.84937,-0.0189209,-0.0170898,
37.23,-0.00939941,-1.23938,-0.0197754,-0.00524902,0.0854492,2.84937,-0.0189209,-0.0170898,
37.26,-0.00939941,-1.23938,-0.0197754,-0.00524902,0.0854492,2.84937,-0.0189209,-0.0170898,
37.29,-0.00939941,-1.23938,-0.0197754,-0.00524902,0.0909424,2.84937,-0.0189209,-0.0170898,
37.32,-0.00939941,-1.23938,-0.0197754,-0.00524902,0.0854492,2.84937,-0.0189209,-0.0170898,
37.35,-0.00939941,-1.23938,-0.0197754,-0.00524902,0.0854492,2.84937,-0.0189209,-0.0170898,
37.38,-0.00939941,-1.23938,-0.0197754,-0.00524902,0.0854492,2.84937,-0.0189209,-0.0170898,
37.41,-0.00939941,-1.23938,-0.0197754,-0.0107422,0.0854492,2.84937,-0.0189209,-0.0170898,
37.44,-0.00939941,-1.23938,-0.0142822,-0.0107422,0.0854492,2.84937,-0.0189209,-0.0170898,
37.47,-0.00939941,-1.23938,-0.0142822,-0.0107422,0.0854492,2.84937,-0.0189209,-0.0170898,
37.5,-0.00939941,-1.23938,-0.0142822,-0.0107422,0.0854492,2.84937,-0.0189209,-0.0170898,
37.53,-0.00939941,-1.23938,-0.0142822,-0.0107422,0.0854492,2.84937,-0.0189209,-0.0170898,
37.56,-0.00939941,-1.24487,-0.0142822,-0.0107422,0.0854492,2.84937,-0.0189209,-0.0170898,
37.59,-0.00939941,-1.24487,-0.0142822,-0.0107422,0.0854492,2.85486,-0.0189209,-0.0170898,
37.62,-0.00939941,-1.24487,-0.0142822,-0.0107422,0.0854492,2.85486,-0.0189209,-0.0170898,
37.65,-0.00939941,-1.24487,-0.0142822,-0.0107422,0.0854492,2.85486,-0.0189209,-0.0170898,
37.68,-0.00939941,-1.24487,-0.0142822,-0.0107422,0.0854492,2.85486,-0.0189209,-0.0170898,
37.71,-0.00939941,-1.24487,-0.0142822,-0.0107422,0.0799561,2.85486,-0.0189209,-0.022583,
37.74,-0.00939941,-1.24487,-0.0142822,-0.0107422,0.0799561,2.85486,-0.0189209,-0.022583,
37.77,-0.00939941,-1.24487,-0.0142822,-0.0107422,0.0799561,2.85486,-0.0189209,-0.022583,
37.8,-0.00939941,-1.24487,-0.0142822,-0.0107422,0.0799561,2.85486,-0.0189209,-0.022583,
37.83,-0.00939941,-1.24487,-0.0142822,-0.0107422,0.0799561,2.85486,-0.0189209,-0.022583,
37.86,-0.00939941,-1.24487,-0.0142822,-0.0107422,0.0799561,2.85486,-0.0189209,-0.022583,
37.89,-0.00939941,-1.24487,-0.0142822,-0.0107422,0.0799561,2.85486,-0.0189209,-0.022583,
37.92,-0.00939941,-1.24487,-0.0142822,-0.0107422,0.0799561,2.85486,-0.0189209,-0.022583,
37.95,-0.00939941,-1.24487,-0.0142822,-0.0107422,0.0799561,2.85486,-0.0189209,-0.022583,
37.98,-0.00939941,-1.24487,-0.0142822,-0.0107422,0.0799561,2.85486,-0.0189209,-0.022583,
38.01,-0.00939941,-1.24487,-0.0142822,-0.0107422,0.0799561,2.85486,-0.0189209,-0.022583,
38.04,-0.00390625,-1.24487,-0.0142822,-0.0107422,0.0799561,2.86035,-0.0189209,-0.022583,
38.07,-0.00390625,-1.24487,-0.0142822,-0.0107422,0.0799561,2.86035,-0.0189209,-0.022583,
38.1,-0.00390625,-1.24487,-0.0142822,-0.0107422,0.0799561,2.86035,-0.0189209,-0.022583,
38.13,-0.00390625,-1.24487,-0.0142822,-0.0107422,0.0799561,2.86035,-0.0189209,-0.022583,
38.16,-0.00390625,-1.24487,-0.0142822,-0.0107422,0.0744629,2.86035,-0.0189209,-0.022583,
38.19,-0.00390625,-1.24487,-0.00878906,-0.0107422,0.0744629,2.86035,-0.0189209,-0.022583,
38.22,-0.00390625,-1.24487,-0.00878906,-0.0107422,0.0744629,2.86035,-0.0189209,-0.022583,
38.25,-0.00390625,-1.24487,-0.00878906,-0.0107422,0.0744629,2.86035,-0.0189209,-0.022583,
38.28,-0.00390625,-1.24487,-0.00878906,-0.0107422,0.0744629,2.86035,-0.0189209,-0.022583,
38.31,-0.00390625,-1.24487,-0.00878906,-0.0107422,0.0744629,2.86035,-0.0189209,-0.022583,
38.34,-0.00390625,-1.24487,-0.00878906,-0.0107422,0.0744629,2.86035,-0.0189209,-0.022583,
38.37,-0.00390625,-1.24487,-0.00878906,-0.0107422,0.0744629,2.86035,-0.0189209,-0.022583,
38.4,-0.00390625,-1.24487,-0.00878906,-0.0107422,0.0744629,2.86035,-0.0189209,-0.022583,
38.43,-0.00390625,-1.24487,-0.00878906,-0.0107422,0.0744629,2.86035,-0.0189209,-0.022583,
38.46,-0.00390625,-1.24487,-0.00878906,-0.0107422,0.0744629,2.86035,-0.0189209,-0.022583,
38.49,-0.00390625,-1.24487,-0.00878906,-0.0107422,0.0744629,2.86584,-0.0189209,-0.022583,
38.52,-0.00390625,-1.24487,-0.00878906,-0.0107422,0.0744629,2.86584,-0.0189209,-0.022583,
38.55,-0.00390625,-1.24487,-0.00878906,-0.0107422,0.0744629,2.86584,-0.0189209,-0.022583,
38.58,-0.00390625,-1.24487,-0.00878906,-0.0107422,0.0744629,2.86584,-0.0189209,-0.022583,
38.61,-0.00390625,-1.32178,-0.00878906,-0.109619,0.0744629,2.87683,-0.139771,-0.154419,
38.64,0.00708008,-1.3877,-0.00878906,-0.219482,0.0689697,3.00317,-0.266113,-0.154419,
38.67,0.00708008,-1.45911,-0.00878906,-0.318359,0.0415039,3.00317,-0.266113,-0.275269,
38.7,0.00708008,-1.45361,-0.00878906,-0.400757,0.0415039,3.15149,-0.375977,-0.390625,
38.73,0.00708008,-1.40417,-0.00878906,-0.466675,0.0250244,3.3053,-0.46936,-0.484009,
38.76,0.00708008,-1.22839,-0.00878906,-0.532593,0.0250244,3.53052,-0.546265,-0.544434,
38.79,0.00708008,-1.02515,-0.0032959,-0.593018,0.0305176,3.84912,-0.612183,-0.615845,
38.82,0.00708008,-0.783447,0.00219727,-0.642456,0.0250244,4.28308,-0.672607,-0.670776,
38.85,0.00708008,-0.442871,0.00219727,-0.697388,0.0140381,4.73901,-0.722046,-0.731201,
38.88,0.00708008,-0.0308838,0.00219727,-0.774292,0.00305176,5.21692,-0.722046,-0.731201,
38.91,0.00708008,0.436035,0.00219727,-0.796265,0.00854492,5.21692,-0.765991,-0.76416,
38.94,0.00708008,0.957886,0.00219727,-0.82373,0.00854492,5.7168,-0.793457,-0.791626,
38.97,0.00708008,1.54565,0.00769043,-0.845703,0.0140381,6.354,-0.820923,-0.824585,
39,0.00708008,2.21582,0.00769043,-0.873169,0.00854492,7.19446,-0.848389,-0.863037,
39.03,0.00708008,2.91345,0.00769043,-0.889648,-0.00244141,8.25464,-0.875854,-0.874023,
39.06,0.00708008,3.63306,0.00769043,-0.900635,-0.00244141,9.23242,-0.897827,-0.88501,
39.09,0.00708008,4.37463,0.00769043,-0.911621,-0.00244141,10.1003,-0.914307,-0.906982,
39.12,0.00708008,5.14368,0.00769043,-0.922607,0.00305176,10.8804,-0.914307,-0.906982,
39.15,0.00708008,5.86877,0.00769043,-0.933594,-0.00244141,10.8804,-0.925293,-0.923462,
39.18,0.00708008,6.5719,0.00769043,-0.94458,-0.00244141,11.6494,-0.936279,-0.945435,
39.21,0.00708008,7.87927,0.00769043,-0.955566,-0.00793457,12.4844,-0.941772,-0.956421,
39.24,0.00708008,8.51648,0.00769043,-0.96106,-0.00244141,13.3688,-0.958252,-0.956421,
39.27,0.00708008,9.08228,0.00769043,-0.96106,-0.00244141,14.0719,-0.963745,-0.961914,
39.3,0.00708008,9.56567,0.00769043,-0.966553,-0.00244141,14.6212,-0.969238,-0.961914,
39.33,0.00708008,9.96667,0.00769043,-0.983032,-0.00244141,15.0497,-0.974731,-0.961914,
39.36,0.00708008,10.3073,0.00769043,-0.983032,-0.00793457,15.4781,-0.974731,-0.978394,
39.39,0.00708008,10.6259,0.00769043,-0.983032,-0.00793457,15.4781,-0.980225,-0.983887,
39.42,0.00708008,10.9335,0.00769043,-0.983032,-0.00244141,15.8901,-0.980225,-0.983887,
39.45,0.00708008,11.2026,0.00769043,-0.988525,-0.00244141,16.2252,-0.985718,-0.983887,
39.48,0.00708008,11.4224,0.00769043,-0.994019,-0.00244141,16.4504,-0.985718,-0.983887,
39.51,0.00708008,11.5157,0.00769043,-0.994019,-0.00793457,16.5493,-0.991211,-0.994873,
39.54,0.00708008,11.5542,0.00769043,-0.999512,-0.00244141,16.5383,-0.991211,-0.98938,
39.57,0.00708008,11.5322,0.00769043,-0.994019,-0.00244141,16.3461,-0.996704,-0.98938,
39.6,0.00708008,11.4828,0.00769043,-0.999512,-0.00244141,16.3461,-0.996704,-0.98938,
39.63,0.00708008,11.4059,0.00769043,-1.005,-0.00244141,16.1044,-0.996704,-0.98938,
39.66,0.00708008,11.2795,0.00769043,-1.005,-0.00244141,15.8077,-0.996704,-0.994873,
39.69,0.00708008,10.7522,0.00769043,-1.005,-0.00244141,15.4727,-1.0022,-0.994873,
39.72,0.00708008,10.4006,0.00769043,-1.005,-0.00244141,14.9783,-1.0022,-0.994873,
39.75,0.00708008,10.0326,0.00769043,-1.005,-0.00244141,14.2751,-1.0022,-0.994873,
39.78,0.00708008,9.64807,0.00769043,-1.005,-0.00244141,13.4512,-1.00769,-0.994873,
39.81,0.00708008,9.2196,0.00769043,-1.0105,-0.00244141,12.6602,-1.00769,-0.994873,
39.84,0.00708008,8.81311,0.00769043,-1.0105,-0.00793457,12.6602,-1.00769,-1.00586,
39.87,0.00708008,8.37915,0.00769043,-1.005,-0.00793457,11.8746,-1.00769,-1.00586,
39.9,0.00708008,7.95618,0.00769043,-1.0105,-0.00244141,11.166,-1.00769,-1.00037,
39.93,0.00708008,7.57166,0.00769043,-1.0105,-0.00244141,10.4299,-1.00769,-1.00037,
39.96,0.00708008,7.25305,0.00769043,-1.005,-0.00793457,9.75977,-1.00769,-1.00586,
39.99,0.00708008,7.00037,0.00769043,-1.005,-0.00793457,9.22144,-1.00769,-1.00037,
40.02,0.00708008,6.76416,0.00769043,-0.928101,-0.00793457,8.79297,-0.90332,-0.895996,
40.05,0.00708008,6.54993,0.00769043,-0.818237,-0.00793457,8.38647,-0.90332,-0.895996,
40.08,0.00708008,6.35767,0.00769043,-0.708374,-0.101318,8.38647,-0.771484,-0.769653,
40.11,0.00708008,6.11047,0.00219727,-0.620483,-0.101318,7.91956,-0.765991,-0.637817,
40.14,0.00708008,5.85779,0.00219727,-0.444702,-0.227661,7.46912,-0.79895,-0.549927,
40.17,0.00708008,5.6051,0.00769043,-0.175537,-0.38147,7.09009,-0.831909,-0.209351,
40.2,-0.0148926,5.23157,0.00769043,0.0991211,-0.518799,6.79346,-0.853882,0.230103,
40.23,-0.196167,5.10522,0.00769043,0.46167,-0.661621,6.55725,-0.881348,0.933228,
40.26,-0.492798,4.98438,0.00219727,1.00549,-0.947266,6.33203,-0.897827,0.933228,
40.29,-0.959717,4.84705,0.00219727,1.68665,-1.39771,6.13977,-0.897827,1.81213,
40.32,-1.43213,4.7262,0.00219727,3.8894,-1.97998,6.13977,-0.908813,2.82837,
40.35,-2.08582,4.64929,0.00219727,5.43848,-1.97998,5.97498,-0.930786,4.08081,
40.38,-2.87683,4.58887,0.00219727,7.17981,-2.58972,5.79919,-0.936279,5.65735,
40.41,-3.7832,4.51746,0.00219727,9.12988,-3.19397,5.70581,-0.947266,8.11829,
40.44,-4.78845,4.37463,-0.0856934,11.5359,-3.94653,5.51355,-1.09558,10.8813,
40.47,-5.84314,4.20984,-0.195557,14.1012,-4.92432,5.28833,-1.22192,13.7872,
40.5,-7.05713,4.01208,-0.299927,17.1279,-6.07239,5.05212,-1.33728,13.7872,
40.53,-8.45239,3.8418,-0.387817,20.4073,-7.43469,4.87085,-1.33728,16.8744,
40.56,-9.974,3.75391,-0.470215,23.6483,-7.43469,4.87085,-1.44714,19.989,
40.59,-11.5176,3.69897,-0.541626,27.3342,-8.72559,4.76099,-1.52954,23.3673,
40.62,-13.0831,3.52869,-0.711914,31.0037,-9.90662,4.69507,-1.58447,27.4048,
40.65,-14.6707,3.33643,-0.871216,34.728,-11.1316,4.49182,-1.78223,31.6455,
40.68,-16.3076,3.09473,-1.03052,38.4744,-12.406,4.2666,-1.95801,35.8148,
40.71,-17.9556,2.88599,-1.17883,42.2097,-13.9001,4.06885,-2.1283,39.726,
40.74,-19.6584,2.83105,-1.26672,45.8792,-15.4492,3.82715,-2.27661,39.726,
40.77,-21.257,2.7926,-1.33264,49.4497,-16.861,3.82715,-2.27661,43.4283,
40.8,-22.7786,2.68823,-1.42053,52.85,-16.861,3.73376,-2.3645,47.1967,
40.83,-24.1573,2.56189,-1.51941,55.9921,-17.998,3.70081,-2.44141,50.6464,
40.86,-25.4318,2.45752,-1.59082,59.0463,-19.1022,3.61841,-2.51831,54.0082,
40.89,-26.6348,2.43555,-1.61829,61.8917,-20.2448,3.49756,-2.59521,57.0953,
40.92,-27.7389,2.39709,-1.65674,64.5175,-21.3379,3.39868,-2.67761,59.8584,
40.95,-28.7222,2.33118,-1.72815,66.7806,-22.1454,3.31628,-2.72705,62.215,
40.98,-29.4857,2.25977,-1.75562,68.7582,-22.7936,3.31079,-2.74902,62.215,
41.01,-30.1614,2.25427,-1.77209,70.4775,-23.4308,3.31079,-2.74902,64.2365,
41.04,-30.8041,2.24329,-1.79407,71.9387,-23.4308,3.28333,-2.78198,65.9229,
41.07,-31.3918,2.19385,-1.83801,73.2021,-24.0295,3.25586,-2.81494,67.4005,
41.1,-31.8313,2.13892,-1.86548,74.3612,-24.4415,3.20093,-2.85339,68.6584,
41.13,-32.1829,2.12793,-1.87646,75.3665,-24.7601,3.15698,-2.88635,69.7296,
41.16,-32.5454,2.13342,-1.87646,76.1959,-25.0787,3.1405,-2.89734,70.658,
41.19,-32.9244,2.12793,-1.89294,76.9375,-25.4083,3.1405,-2.90283,71.4325,
41.22,-33.1881,2.10046,-1.92041,77.5857,-25.6226,3.11853,-2.90283,71.4325,
41.25,-33.3749,2.0675,-1.93689,78.1844,-25.7983,3.11853,-2.91931,72.0972,
41.28,-33.5616,2.05652,-1.94238,78.6678,-25.7983,3.09106,-2.93579,72.6794,
41.31,-33.7759,2.05103,-1.95337,79.0798,-26.0016,3.08008,-2.94678,73.1519,
41.34,-33.9462,2.05103,-1.95337,79.4479,-26.1938,3.07458,-2.95227,73.5529,
41.37,-34.0011,2.05103,-1.95337,79.783,-26.2872,3.05261,-2.96326,73.9209,
41.4,-34.1165,2.04004,-1.95886,80.1016,-26.3312,3.04163,-2.97424,74.245,
41.43,-34.2867,2.02356,-1.96985,80.3048,-26.452,3.04163,-2.97424,74.245,
41.46,-34.4351,2.02356,-1.96985,80.5245,-26.5839,3.04163,-2.97424,74.4977,
41.49,-34.479,2.02356,-1.96985,80.7278,-26.6223,3.04163,-2.97424,74.6954,
41.52,-34.512,2.01807,-1.97534,80.8981,-26.6223,3.04163,-2.97974,74.9042,
41.55,-34.5999,2.01257,-1.97534,81.0244,-26.6388,3.02515,-2.98523,75.08,
41.58,-34.6548,2.01257,-1.97534,81.1343,-26.7322,3.02515,-2.99072,75.1788,
41.61,-34.6768,2.01257,-1.97534,81.2771,-26.7981,3.02515,-2.99072,75.2997,
41.64,-34.6932,2.00708,-1.98083,81.354,-26.8036,3.02515,-2.99072,75.4205,
41.67,-34.7317,2.00159,-1.98083,81.4364,-26.8256,3.02515,-2.99072,75.4205,
41.7,-34.7811,2.00159,-1.98083,81.5133,-26.886,3.01965,-2.99072,75.4974,
41.73,-34.7921,2.00159,-1.98083,81.5737,-26.886,3.01965,-2.99622,75.5579,
41.76,-34.8086,2.00159,-1.98083,81.6232,-26.8915,3.01416,-2.99622,75.6348,
41.79,-34.847,2.00159,-1.98633,81.6781,-26.8915,3.00867,-2.99622,75.6897,
41.82,-34.8745,2.00159,-1.98633,81.7166,-26.9135,3.01416,-2.99622,75.7281,
41.85,-34.8855,1.99609,-1.98633,81.755,-26.9244,3.00867,-3.00171,75.7721,
41.88,-34.8965,1.99609,-1.98633,81.7825,-26.9244,3.00867,-3.00171,75.7996,
41.91,-34.902,1.99609,-1.98633,81.8044,-26.9464,3.00867,-3.00171,75.7996,
41.94,-34.913,1.99609,-1.98633,81.8264,-26.9629,3.00867,-3.00171,75.8325,
41.97,-34.924,1.99609,-1.98633,81.8539,-26.9629,3.00867,-3.00171,75.86,
42,-34.9294,1.99609,-1.99182,81.8813,-26.9629,3.00867,-3.00171,75.8765,
42.03,-34.9294,1.99609,-1.99182,81.8978,-26.9684,3.00867,-3.00171,75.8875,
42.06,-34.9404,1.99609,-1.99182,81.9033,-26.9739,3.00867,-3.00171,75.8984,
42.09,-34.9569,1.99609,-1.99182,81.9143,-26.9739,3.00867,-3.0072,75.9149,
42.12,-34.9624,1.99609,-1.99182,81.9253,-26.9794,3.00867,-3.0072,75.9259,
42.15,-34.9734,1.99609,-1.99182,81.9308,-26.9794,3.00867,-3.0072,75.9259,
42.18,-34.9844,1.99609,-1.99182,81.9363,-26.9794,3.00867,-3.0072,75.9424,
42.21,-34.9954,1.9906,-1.99182,81.9418,-26.9794,3.00867,-3.0072,75.9479,
42.24,-35.0009,1.9906,-1.99182,81.9528,-26.9849,3.00867,-3.0072,75.9534,
42.27,-35.0063,1.9906,-1.99182,81.9583,-26.9904,3.00867,-3.0072,75.9644,
42.3,-35.0063,1.9906,-1.99182,81.9637,-26.9958,3.00867,-3.0072,75.9644,
42.33,-35.0063,1.9906,-1.99182,81.9692,-27.0013,3.00867,-3.0072,75.9698,
42.36,-35.0063,1.9906,-1.99182,81.9747,-27.0013,3.00867,-3.0072,75.9753,
42.39,-35.0063,1.9906,-1.99182,81.9747,-27.0013,3.00867,-3.0072,75.9753,
42.42,-35.0063,1.9906,-1.99182,81.9747,-27.0013,3.00867,-3.0072,75.9753,
42.45,-35.0063,1.9906,-1.99182,81.9802,-27.0013,3.00867,-3.0072,75.9808,
42.48,-35.0063,1.9906,-1.99182,81.9802,-27.0013,3.00867,-3.0072,75.9863,
42.51,-35.0063,1.9906,-1.99182,81.9802,-27.0013,3.00867,-3.0072,75.9863,
42.54,-35.0063,1.9906,-1.99182,81.9802,-27.0013,3.00867,-3.0072,75.9863,
42.57,-35.0063,1.9906,-1.99731,81.9857,-27.0013,3.00867,-3.0072,75.9863,
42.6,-35.0063,1.9906,-1.99182,81.9857,-27.0013,3.00867,-3.0072,75.9863,
42.63,-35.0063,1.9906,-1.99182,81.9143,-27.0013,3.00867,-3.0072,75.9863,
42.66,-35.0009,1.9906,-1.99731,81.7825,-27.0068,3.00867,-3.0072,75.8929,
42.69,-34.9954,1.9906,-1.99182,81.5737,-27.0068,3.00867,-3.0072,75.7501,
42.72,-34.8635,1.9906,-1.99182,81.2332,-27.0123,3.00317,-3.0072,75.5139,
42.75,-34.6383,1.9906,-1.99182,80.8431,-26.9574,3.00317,-3.0072,75.0031,
42.78,-34.4351,1.9906,-1.99731,80.2664,-26.8146,3.00317,-3.0072,74.4427,
42.81,-34.1549,1.98511,-1.99731,79.5358,-26.5619,3.00317,-3.0072,73.6682,
42.84,-33.7649,1.9906,-1.99182,78.7448,-26.2268,3.00317,-3.0072,73.6682,
42.87,-33.309,2.05103,-1.99731,77.7999,-25.8423,3.07458,-3.0072,72.8278,
42.9,-32.9299,2.17188,-2.00281,76.6628,-25.8423,3.07458,-3.0127,71.8829,
42.93,-32.4905,2.30371,-1.99731,75.3939,-25.4688,3.21191,-3.0127,70.7623,
42.96,-31.9082,2.39709,-1.99731,74.0151,-25.0183,3.34924,-3.0072,69.2792,
42.99,-31.1172,2.53442,-2.0083,72.4606,-24.5404,3.44263,-3.00171,67.5269,
43.02,-30.3481,2.72668,-2.00281,70.7797,-24.0405,3.64587,-3.0127,65.7141,
43.05,-29.5406,2.93542,-1.99182,68.89,-23.3978,3.80518,-3.0127,63.6926,
43.08,-28.7441,3.06726,-1.89844,66.863,-22.6178,4.0249,-2.90833,61.7041,
43.11,-27.8652,3.23755,-1.81055,64.7262,-21.7609,4.28857,-2.90833,61.7041,
43.14,-26.871,3.47375,-1.6842,62.4685,-20.9808,4.28857,-2.76001,59.5947,
43.17,-25.8657,3.73193,-1.56885,60.1339,-20.9808,4.54126,-2.66113,57.3041,
43.2,-24.811,3.98462,-1.50293,57.6565,-20.1129,4.77197,-2.56775,54.9805,
43.23,-23.7069,4.19885,-1.45898,55.1846,-19.2065,5.05762,-2.48535,52.113,
43.26,-22.5149,4.45154,-1.38757,52.6248,-18.2837,5.33228,-2.41394,49.2401,
43.29,-21.3284,4.68225,-1.33264,49.9716,-17.3279,5.59045,-2.35352,46.2134,
43.32,-20.1858,4.92944,-1.29419,47.2964,-16.2897,5.93103,-2.29858,46.2134,
43.35,-19.0157,5.17664,-1.14587,44.5883,-15.1855,6.24963,-2.29858,43.4668,
43.38,-17.7798,5.45129,-0.986572,41.8472,-14.1089,6.24963,-2.10632,40.7092,
43.41,-16.6317,5.67102,-0.854736,39.0786,-14.1089,6.50232,-1.9635,37.9132,
43.44,-15.4672,5.90173,-0.761353,36.3375,-13.1201,6.71106,-1.82068,35.0952,
43.47,-14.3246,6.15442,-0.667969,33.6129,-12.1313,7.00769,-1.71082,32.0795,
43.5,-13.0886,6.42908,-0.558105,30.9982,-11.2085,7.30432,-1.59546,29.1626,
43.53,-11.9131,6.65979,-0.486694,28.4438,-10.1483,7.58447,-1.50208,26.3666,
43.56,-10.8914,6.8905,-0.431763,25.9664,-9.25842,7.91956,-1.44165,26.3666,
43.59,-9.90259,7.11572,-0.376831,23.5165,-8.3905,8.18872,-1.44165,23.6859,
43.62,-8.9248,7.40686,-0.316406,21.2643,-8.3905,8.18872,-1.38123,21.2689,
43.65,-7.97449,7.67053,-0.272461,19.089,-7.62146,8.46338,-1.3208,18.9343,
43.68,-7.05713,7.82983,-0.234009,17.0126,-6.79749,8.71606,-1.27136,16.5887,
43.71,-6.28259,7.91772,-0.212036,15.0955,-6.05591,8.90833,-1.22742,14.5013,
43.74,-5.53003,8.02209,-0.190063,13.2113,-5.35828,9.03467,-1.20544,12.5403,
43.77,-4.81592,8.18689,-0.162598,11.7007,-4.74854,9.15002,-1.17798,10.8319,
43.8,-4.1842,8.3407,-0.129639,10.212,-4.16077,9.29834,-1.14502,10.8319,
43.83,-3.64038,8.41211,-0.113159,8.89917,-3.68286,9.29834,-1.14502,9.28833,
43.86,-3.18994,8.43958,-0.107666,7.73462,-3.68286,9.42468,-1.11755,7.90955,
43.89,-2.81641,8.5,-0.0966797,6.74036,-3.30383,9.49609,-1.10107,6.75598,
43.92,-2.42639,8.58789,-0.0802002,5.86694,-2.97974,9.55103,-1.09558,5.77271,
43.95,-2.11877,8.74719,-0.0692139,5.11438,-2.68311,9.60596,-0.936279,4.93774,
43.98,-1.83313,8.901,-0.0582275,4.44971,-2.30408,9.69385,-0.804443,4.20166,
44.01,-1.60242,8.9834,-0.041748,3.88391,-1.96899,9.73779,-0.689087,3.6084,
44.04,-1.38818,8.99988,-0.041748,3.37854,-1.67236,9.75977,-0.59021,3.6084,
44.07,-1.22339,8.96692,-0.0362549,2.94458,-1.44165,9.75977,-0.59021,3.06458,
44.1,-1.04211,8.94495,-0.0362549,2.56555,-1.44165,9.77075,-0.502319,2.60315,
44.13,-0.915771,8.96692,-0.0252686,2.22498,-1.2384,9.82568,-0.430908,2.23511,
44.16,-0.816895,8.9834,-0.0197754,1.92834,-1.05164,9.86414,-0.36499,1.91101,
44.19,-0.734497,8.9834,-0.0142822,1.67566,-0.886841,9.88611,-0.315552,1.64734,
44.22,-0.63562,8.97791,-0.0142822,1.45593,-0.749512,9.88062,-0.271606,1.39465,
44.25,-0.547729,8.97791,-0.00878906,1.28015,-0.650635,9.88611,-0.233154,1.19141,
44.28,-0.465332,8.97791,-0.00878906,1.10986,-0.557251,9.93005,-0.194702,1.19141,
44.31,-0.404907,8.97791,-0.0032959,0.961548,-0.474854,9.93005,-0.194702,1.01562,
44.34,-0.349976,8.97791,-0.0032959,0.840698,-0.474854,9.95752,-0.167236,0.861816,
44.37,-0.273071,8.9834,-0.0032959,0.730835,-0.414429,9.95752,-0.145264,0.735474,
44.4,-0.245605,8.9834,0.00219727,0.648438,-0.359497,9.95752,-0.128784,0.62561,
44.43,-0.21814,8.9834,0.00219727,0.555054,-0.310059,9.95752,-0.112305,0.532227,
44.46,-0.20166,8.93396,0.00219727,0.478149,-0.26062,9.91907,-0.090332,0.455322,
44.49,-0.174194,8.8241,0.00219727,0.417725,-0.227661,9.79272,-0.0738525,0.389404,
44.52,-0.157715,8.66479,0.00769043,0.362793,-0.189209,9.64441,-0.0738525,0.389404,
44.55,-0.141235,8.54395,0.00769043,0.313354,-0.15625,9.64441,-0.0683594,0.334473,
44.58,-0.119263,8.5,0.00769043,0.274902,-0.15625,9.51807,-0.0628662,0.290527,
44.61,-0.102783,8.47803,0.00769043,0.230957,-0.128784,9.46863,-0.0518799,0.246582,
44.64,-0.0917969,8.3407,0.00769043,0.197998,-0.117798,9.43567,-0.0408936,0.20813,
44.67,-0.0808105,8.12646,0.00769043,0.170532,-0.106812,9.26538,-0.0354004,0.169678,
44.7,-0.0643311,7.90125,0.00769043,0.154053,-0.0958252,9.04565,-0.0354004,0.142212,
44.73,-0.0368652,7.7804,0.00769043,0.143066,-0.0683594,8.83691,-0.0299072,0.142212,
44.76,-0.0258789,7.74744,0.00769043,0.126587,-0.0628662,8.72156,-0.0299072,0.120239,
44.79,-0.0258789,7.60461,0.00769043,0.0936279,-0.0628662,8.72156,-0.0244141,0.10376,
44.82,-0.0258789,7.3739,0.00769043,0.0716553,-0.0628662,8.56775,-0.0189209,0.0817871,
44.85,-0.0258789,7.09924,0.00769043,0.0716553,-0.0628662,8.34802,-0.0189209,0.0708008,
44.88,-0.0258789,6.92346,0.0131836,0.0716553,-0.0463867,8.10632,-0.0134277,0.0653076,
44.91,-0.0148926,6.87402,0.0131836,0.0606689,-0.0189209,7.85913,-0.0134277,0.0653076,
44.94,-0.0148926,6.8136,0.0131836,0.0332031,-0.0134277,7.77673,-0.0134277,0.0488281,
44.97,-0.0148926,6.62134,0.00769043,0.02771,-0.0189209,7.62842,-0.0134277,0.0488281,
45,-0.0148926,6.35767,0.00769043,0.0332031,-0.0189209,7.39771,-0.0134277,0.0268555,
45.03,-0.0148926,6.11047,0.00769043,0.0332031,-0.0189209,7.39771,-0.0134277,0.0213623,
45.06,-0.0148926,5.98413,0.00769043,0.02771,-0.0134277,7.12305,-0.00793457,0.0268555,
45.09,-0.00939941,5.91821,0.00769043,0.0167236,0.00854492,6.89783,-0.00793457,0.0213623,
45.12,-0.00939941,5.83032,0.00769043,0.0112305,-0.00244141,6.79346,-0.00793457,0.00488281,
45.15,-0.00939941,5.6875,0.00769043,0.0112305,-0.0134277,6.7605,-0.00793457,0.00488281,
45.18,-0.00939941,5.55566,0.00769043,0.0112305,-0.0134277,6.65613,-0.00793457,0.00488281,
45.21,-0.00390625,5.50073,0.00769043,0.0112305,-0.00793457,6.52429,-0.00793457,0.00488281,
45.24,-0.00390625,5.46777,0.00769043,0.0057373,0.00854492,6.52429,-0.00793457,0.010376,
45.27,-0.00390625,5.41284,0.00769043,0.000244141,0.00854492,6.40344,-0.00793457,0.010376,
45.3,-0.00390625,5.33594,0.00769043,0.000244141,-0.00244141,6.354,-0.00793457,-0.000610352,
45.33,-0.00390625,5.27002,0.00769043,0.000244141,-0.00793457,6.34851,-0.00793457,-0.000610352,
45.36,-0.00390625,5.24805,0.00769043,0.000244141,-0.00793457,6.31006,-0.00793457,0.00488281,
45.39,-0.00390625,5.24255,0.00769043,0.000244141,-0.00244141,6.24963,-0.00244141,0.00488281,
45.42,-0.00390625,5.20959,0.00769043,0.000244141,0.00305176,6.18921,-0.00244141,0.00488281,
45.45,-0.00390625,5.15466,0.00769043,0.000244141,-0.00244141,6.05737,-0.00244141,0.00488281,
45.48,0.00158691,5.11621,0.00769043,0.000244141,-0.00793457,6.05737,-0.00244141,-0.000610352,
45.51,0.00158691,5.11621,0.00769043,-0.00524902,-0.00793457,5.90906,-0.00244141,-0.000610352,
45.54,0.00158691,5.1217,0.00769043,-0.00524902,-0.00793457,5.75525,-0.00244141,-0.000610352,
45.57,0.00158691,5.10522,0.00769043,-0.00524902,-0.00244141,5.62341,-0.00244141,-0.000610352,
45.6,0.00158691,5.07227,0.00769043,-0.00524902,-0.00244141,5.53552,-0.00244141,-0.000610352,
45.63,0.00158691,5.05579,0.00769043,-0.00524902,-0.00793457,5.49158,-0.00244141,-0.000610352,
45.66,0.00158691,5.05579,0.00769043,-0.00524902,-0.00793457,5.42566,-0.00244141,-0.000610352,
45.69,0.00158691,5.05579,0.00769043,-0.0107422,-0.00244141,5.35974,-0.00244141,-0.000610352,
45.72,0.00158691,5.05029,0.00769043,-0.0107422,-0.00793457,5.35974,-0.00244141,-0.000610352,
45.75,0.00158691,5.03931,0.00769043,-0.00524902,-0.00793457,5.29382,-0.00244141,-0.000610352,
45.78,0.00158691,5.03381,0.00769043,-0.00524902,-0.00793457,5.2334,-0.00244141,-0.000610352,
45.81,0.00158691,5.03381,0.00769043,-0.00524902,-0.00244141,5.21692,-0.00244141,-0.000610352,
45.84,0.00708008,5.02832,0.00769043,-0.00524902,-0.00244141,5.20044,-0.00244141,-0.000610352,
45.87,0.00708008,5.02283,0.00769043,-0.00524902,-0.00244141,5.17297,-0.00244141,-0.000610352,
45.9,0.00708008,5.02283,0.00769043,-0.00524902,-0.00244141,5.14001,-0.00244141,-0.000610352,
45.93,0.00708008,5.01733,0.00769043,-0.0107422,-0.00244141,5.14001,-0.00244141,-0.000610352,
45.96,0.00708008,5.01733,0.00769043,-0.0107422,-0.00244141,5.10706,-0.00244141,-0.000610352,
45.99,0.00708008,5.00635,0.00769043,-0.0107422,-0.00244141,5.09607,-0.00244141,-0.000610352,
46.02,0.00708008,5.00635,0.00769043,-0.0107422,-0.00244141,5.09058,-0.00244141,-0.000610352,
46.05,0.00708008,5.00085,0.00769043,-0.0107422,-0.00793457,5.07959,-0.00244141,-0.000610352,
46.08,0.00708008,5.00085,0.00769043,-0.0107422,-0.00793457,5.06311,-0.00244141,-0.000610352,
46.11,0.00708008,5.00085,0.00769043,-0.0107422,-0.00793457,5.05212,-0.00793457,-0.000610352,
46.14,0.00708008,4.99536,0.00769043,-0.0107422,-0.00793457,5.05212,-0.00793457,-0.000610352,
46.17,0.00708008,4.99536,0.00769043,-0.0107422,-0.00793457,5.05212,-0.00793457,-0.000610352,
46.2,0.00708008,4.99536,0.00769043,-0.0107422,-0.00793457,5.05212,-0.00793457,-0.000610352,
46.23,0.00708008,4.99536,0.00769043,-0.0107422,-0.00244141,5.04114,-0.00793457,-0.000610352,
46.26,0.00708008,4.99536,0.00769043,-0.0107422,-0.00244141,5.03015,-0.00793457,-0.000610352,
46.29,0.00708008,4.99536,0.00769043,-0.0107422,-0.00244141,5.02466,-0.00793457,-0.000610352,
46.32,0.00708008,4.99536,0.00769043,-0.0107422,-0.00244141,5.01917,-0.00793457,-0.000610352,
46.35,0.00708008,4.99536,0.00769043,-0.0107422,-0.00244141,5.01917,-0.00793457,-0.000610352,
46.38,0.00708008,4.99536,0.00769043,-0.0107422,-0.00793457,5.01917,-0.00793457,-0.000610352,
46.41,0.00708008,4.98987,0.00769043,-0.0107422,-0.00793457,5.01917,-0.00793457,-0.00610352,
46.44,0.00708008,4.98987,0.00769043,-0.0107422,-0.00793457,5.01367,-0.00793457,-0.00610352,
46.47,0.00708008,4.98987,0.00769043,-0.00524902,-0.00793457,5.01367,-0.00793457,-0.00610352,
46.5,0.00708008,4.98987,0.00769043,-0.00524902,-0.00793457,5.01367,-0.00793457,-0.00610352,
46.53,0.00708008,4.98987,0.00769043,-0.0107422,-0.00793457,5.01367,-0.00793457,-0.00610352,
46.56,0.00708008,4.98987,0.00769043,-0.0107422,-0.00244141,5.01367,-0.00793457,-0.00610352,
46.59,0.00708008,4.98987,0.00769043,-0.0107422,-0.00244141,5.00818,-0.00793457,-0.00610352,
46.62,0.00708008,4.98987,0.00769043,-0.0107422,-0.00244141,5.00818,-0.00793457,-0.00610352,
46.65,0.00708008,4.98987,0.00769043,-0.0107422,-0.00244141,5.00818,-0.00793457,-0.00610352,
46.68,0.00708008,4.98987,0.00769043,-0.0107422,-0.00244141,5.00818,-0.00793457,-0.00610352,
46.71,0.00708008,4.98987,0.00769043,-0.0107422,-0.00793457,5.00818,-0.00793457,-0.00610352,
46.74,0.00708008,4.98987,0.00769043,-0.0107422,-0.00793457,5.00818,-0.00793457,-0.00610352,
46.77,0.00708008,4.98987,0.00769043,-0.0107422,-0.00793457,5.00818,-0.00793457,-0.00610352,
46.8,0.00708008,4.98987,0.00769043,-0.0107422,-0.00793457,5.00269,-0.00793457,-0.00610352,
46.83,0.00708008,4.98987,0.00769043,-0.0107422,-0.00793457,5.00269,-0.00793457,-0.00610352,
46.86,0.00708008,4.98987,0.00769043,-0.0107422,-0.00793457,5.00269,-0.00793457,-0.00610352,
46.89,0.00708008,4.98987,0.00769043,-0.0107422,-0.00793457,5.00269,-0.00793457,-0.00610352,
46.92,0.00708008,4.98987,0.00769043,-0.0107422,-0.00793457,5.00269,-0.00793457,-0.00610352,
46.95,0.00708008,4.98987,0.00769043,-0.0107422,-0.00244141,5.00269,-0.00793457,-0.00610352,
46.98,0.00708008,4.98987,0.00769043,-0.0107422,-0.00244141,5.00269,-0.00793457,-0.00610352,
47.01,0.00708008,4.98987,0.00769043,-0.0107422,-0.00244141,5.00269,-0.00793457,-0.00610352,
47.04,0.00708008,4.98987,0.00769043,-0.0107422,-0.00793457,5.00269,-0.00793457,-0.00610352,
47.07,0.00708008,4.98987,0.00769043,-0.0107422,-0.00793457,5.00269,-0.00793457,-0.00610352,
47.1,0.00708008,4.98987,0.00769043,-0.0107422,-0.00793457,5.00269,-0.00793457,-0.00610352,
47.13,0.00708008,4.98987,0.00769043,-0.0107422,-0.00793457,5.00269,-0.00793457,-0.00610352,
47.16,0.00708008,4.98987,0.00769043,-0.0107422,-0.00793457,5.00269,-0.00793457,-0.00610352,
47.19,0.00708008,4.98987,0.00769043,-0.0107422,-0.00793457,5.00269,-0.00793457,-0.00610352,
47.22,0.00708008,4.98987,0.00769043,-0.0107422,-0.00793457,5.00269,-0.00793457,-0.00610352,
47.25,0.00708008,4.98987,0.00769043,-0.0107422,-0.00793457,5.00269,-0.00793457,-0.00610352,
47.28,0.00708008,4.98987,0.00769043,-0.0107422,-0.00793457,5.00269,-0.00793457,-0.00610352,
47.31,0.00708008,4.98987,0.00769043,-0.0107422,-0.00244141,5.00269,-0.00793457,-0.00610352,
47.34,0.00708008,4.98987,0.00769043,-0.0107422,-0.00244141,5.00269,-0.00793457,-0.00610352,
47.37,0.00708008,4.98987,0.00769043,-0.0107422,-0.00244141,5.00269,-0.00793457,-0.00610352,
47.4,0.00708008,4.98987,0.00769043,-0.0107422,-0.00793457,5.00269,-0.00793457,-0.00610352,
47.43,0.00708008,4.98987,0.00769043,-0.0107422,-0.00793457,5.00269,-0.00793457,-0.00610352,
47.46,0.00708008,4.98987,0.00769043,-0.0107422,-0.00793457,5.00269,-0.00793457,-0.00610352,
47.49,0.00708008,4.98987,0.00769043,-0.0107422,-0.00793457,5.00269,-0.00793457,-0.00610352,
47.52,0.00708008,4.98987,0.00769043,-0.0107422,-0.00793457,5.00269,-0.00793457,-0.00610352,
47.55,0.00708008,4.98987,0.00769043,-0.0107422,-0.00793457,5.00269,-0.00793457,-0.00610352,
47.58,0.00708008,4.98987,0.00769043,-0.0107422,-0.00793457,5.00269,-0.00793457,-0.00610352,
47.61,0.00708008,4.98987,0.00769043,-0.0107422,-0.00793457,5.00269,-0.00793457,-0.00610352,
47.64,0.00708008,4.98987,0.00769043,-0.0107422,-0.00793457,5.00269,-0.00793457,-0.00610352,
47.67,0.00708008,4.98987,0.00769043,-0.0107422,-0.00793457,5.00269,-0.00793457,-0.00610352,
47.7,0.00708008,4.98987,0.00769043,-0.0107422,-0.00793457,5.00269,-0.00793457,-0.00610352,
47.73,0.00708008,4.98987,0.00769043,-0.0107422,-0.00793457,5.00269,-0.00793457,-0.00610352,
47.76,0.00708008,4.98987,0.00769043,-0.0107422,-0.00793457,5.00269,-0.00793457,-0.00610352,
47.79,0.00708008,4.98987,0.00769043,-0.0107422,-0.00793457,5.00269,-0.00793457,-0.00610352,
47.82,0.00708008,4.98987,0.00769043,-0.0107422,-0.00793457,5.00269,-0.00793457,-0.00610352,
47.85,0.00708008,4.98987,0.00769043,-0.0107422,-0.00793457,5.00269,-0.00793457,-0.00610352,
47.88,0.00708008,4.98987,0.00769043,-0.0107422,-0.00793457,5.00269,-0.00793457,-0.00610352,
47.91,0.00708008,4.98987,0.00769043,-0.0107422,-0.00793457,5.00269,-0.00793457,-0.00610352,
47.94,0.00708008,4.98987,0.00769043,-0.0107422,-0.00793457,5.00269,-0.00793457,-0.00610352,
47.97,0.00708008,4.98987,0.00769043,-0.0107422,-0.00793457,5.00269,-0.00793457,-0.00610352,
48,0.00708008,4.98987,0.00769043,-0.0107422,-0.00793457,5.00269,-0.00793457,-0.00610352,
48.03,0.00708008,4.98987,0.00769043,-0.0107422,-0.00793457,5.00269,-0.00793457,-0.00610352,
48.06,0.00708008,4.98987,0.00769043,-0.0107422,-0.00793457,5.00269,-0.00793457,-0.00610352,
48.09,0.00708008,4.98987,0.00769043,-0.0107422,-0.00793457,5.00269,-0.00793457,-0.00610352,
48.12,0.00708008,4.98987,0.00769043,-0.0107422,-0.00793457,5.00269,-0.00793457,-0.00610352,
48.15,0.00708008,4.98987,0.00769043,-0.0107422,-0.00793457,5.00269,-0.00793457,-0.00610352,
48.18,0.00708008,4.98987,0.00769043,-0.0107422,-0.00793457,5.00269,-0.00793457,-0.00610352,
48.21,0.00708008,4.98987,0.00769043,-0.0107422,-0.00793457,5.00269,-0.00793457,-0.00610352,
48.24,0.00708008,4.98987,0.00769043,-0.0107422,-0.00793457,5.00269,-0.00793457,-0.00610352,
48.27,0.00708008,4.98987,0.00769043,-0.0107422,-0.00793457,5.00269,-0.00793457,-0.00610352,
48.3,0.00708008,4.98987,0.00769043,-0.0107422,-0.00793457,5.00269,-0.00793457,-0.00610352,
48.33,0.00708008,4.98987,0.00769043,-0.0107422,-0.00793457,5.00269,-0.00793457,-0.00610352,
48.36,0.00708008,4.98987,0.00769043,-0.0107422,-0.00793457,5.00269,-0.00793457,-0.00610352,
48.39,0.00708008,4.98987,0.00769043,-0.0107422,-0.00793457,5.00818,-0.00793457,-0.00610352,
48.42,0.00708008,4.98987,0.00769043,-0.0107422,-0.00793457,5.00818,-0.00793457,-0.00610352,
48.45,0.00708008,4.98987,0.00769043,-0.0107422,-0.00793457,5.00818,-0.00793457,-0.00610352,
48.48,0.00708008,4.98987,0.00769043,-0.0107422,-0.00793457,5.00818,-0.00793457,-0.00610352,
48.51,0.00708008,4.98987,0.00769043,-0.0107422,-0.00793457,5.00818,-0.00793457,-0.00610352,
48.54,0.00708008,4.98987,0.00769043,-0.0107422,-0.00793457,5.00818,-0.00793457,-0.00610352,
48.57,0.00708008,4.98987,0.00769043,-0.0107422,-0.00793457,5.00818,-0.00793457,-0.00610352,
48.6,0.00708008,4.98987,0.00769043,-0.0107422,-0.00793457,5.00818,-0.00793457,-0.00610352,
48.63,0.00708008,4.98987,0.00769043,-0.0107422,-0.00793457,5.00818,-0.00793457,-0.00610352,
48.66,0.00708008,4.98987,0.00769043,-0.0107422,-0.00793457,5.00818,-0.00793457,-0.00610352,
48.69,0.00708008,4.98987,0.00769043,-0.0107422,-0.00793457,5.00818,-0.00793457,-0.00610352,
48.72,0.00708008,4.98987,0.00769043,-0.0107422,-0.00793457,5.00818,-0.00793457,-0.00610352,
48.75,0.00708008,4.98987,0.00769043,-0.0107422,-0.00793457,5.00818,-0.00793457,-0.00610352,
48.78,0.00708008,4.98987,0.00769043,-0.0107422,-0.00793457,5.00818,-0.00793457,-0.00610352,
48.81,0.00708008,4.98987,0.00769043,-0.0107422,-0.00793457,5.00818,-0.00793457,-0.00610352,
48.84,0.00708008,4.98987,0.00769043,-0.0107422,-0.00793457,5.00818,-0.00793457,-0.00610352,
48.87,0.00708008,4.98987,0.00769043,-0.0107422,-0.00793457,5.00818,-0.00793457,-0.00610352,
48.9,0.00708008,4.98987,0.00769043,-0.0107422,-0.00793457,5.00818,-0.00793457,-0.00610352,
48.93,0.00708008,4.98987,0.00769043,-0.0107422,-0.00793457,5.00818,-0.00793457,-0.00610352,
48.96,0.00708008,4.98987,0.00769043,-0.0107422,-0.00793457,5.00818,-0.00793457,-0.00610352,
48.99,0.00708008,4.98987,0.00769043,-0.0107422,-0.00793457,5.00818,-0.00793457,-0.00610352,
49.02,0.00708008,4.98987,0.00769043,-0.0107422,-0.00793457,5.00818,-0.00793457,-0.00610352,
49.05,0.00708008,4.98987,0.00769043,-0.0107422,-0.00793457,5.00818,-0.00793457,-0.00610352,
49.08,0.00708008,4.98987,0.00769043,-0.0107422,-0.00793457,5.00818,-0.00793457,-0.00610352,
49.11,0.00708008,4.98987,0.00769043,-0.0107422,-0.00793457,5.00818,-0.00793457,-0.00610352,
49.14,0.00708008,4.98987,0.00769043,-0.0107422,-0.00793457,5.00818,-0.00793457,-0.00610352,
49.17,0.00708008,4.98987,0.00769043,-0.0107422,-0.00793457,5.00818,-0.00793457,-0.00610352,
49.2,0.00708008,4.98987,0.00769043,-0.0107422,-0.00793457,5.00818,-0.00793457,-0.00610352,
49.23,0.00708008,4.98987,0.00769043,-0.0107422,-0.00793457,5.00818,-0.00793457,-0.00610352,
49.26,0.00708008,4.98987,0.00769043,-0.0107422,-0.00793457,5.00818,-0.00793457,-0.00610352,
49.29,0.00708008,4.98987,0.00769043,-0.0107422,-0.00793457,5.00818,-0.00793457,-0.00610352,
49.32,0.00708008,4.98987,0.00769043,-0.0107422,-0.00793457,5.00818,-0.00793457,-0.00610352,
49.35,0.00708008,4.98987,0.00769043,-0.0107422,-0.00793457,5.00818,-0.00793457,-0.00610352,
49.38,0.00708008,4.98987,0.00769043,-0.0107422,-0.00793457,5.00818,-0.00793457,-0.00610352,
49.41,0.00708008,4.98987,0.00769043,-0.0107422,-0.00793457,5.00818,-0.00793457,-0.00610352,
49.44,0.00708008,4.98987,0.00769043,-0.0107422,-0.00793457,5.00818,-0.00793457,-0.00610352,
49.47,0.00708008,4.98987,0.00769043,-0.0107422,-0.00793457,5.00818,-0.00793457,-0.00610352,
49.5,0.00708008,4.98987,0.00769043,-0.0107422,-0.00793457,5.00818,-0.00793457,-0.00610352,
49.53,0.00708008,4.98987,0.00769043,-0.0107422,-0.00793457,5.00818,-0.00793457,-0.00610352,
49.56,0.00708008,4.98987,0.00769043,-0.0107422,-0.00793457,5.00818,-0.00793457,-0.00610352,
49.59,0.00708008,4.98987,0.00769043,-0.0107422,-0.00793457,5.00818,-0.00793457,-0.00610352,
49.62,0.00708008,4.98987,0.00769043,-0.0107422,-0.00793457,5.00818,-0.00793457,-0.00610352,
49.65,0.00708008,4.98987,0.00769043,-0.0107422,-0.00793457,5.00818,-0.00793457,-0.00610352,
49.68,0.00708008,4.98987,0.00769043,-0.0107422,-0.00793457,5.00818,-0.00793457,-0.00610352,
49.71,0.00708008,4.98987,0.00769043,-0.0107422,-0.00793457,5.00818,-0.00793457,-0.00610352,
49.74,0.00708008,4.98987,0.00769043,-0.0107422,-0.00793457,5.00818,-0.00793457,-0.00610352,
49.77,0.00708008,4.98987,0.00769043,-0.0107422,-0.00793457,5.00818,-0.00793457,-0.00610352,
49.8,0.00708008,4.98987,0.00769043,-0.0107422,-0.00793457,5.00818,-0.00793457,-0.00610352,
49.83,0.00708008,4.98987,0.00769043,-0.0107422,-0.00793457,5.00818,-0.00793457,-0.00610352,
49.86,0.00708008,4.98987,0.00769043,-0.0107422,-0.00793457,5.00818,-0.00793457,-0.00610352,
49.89,0.00708008,4.98987,0.00769043,-0.0107422,-0.00793457,5.00818,-0.00793457,-0.00610352,
49.92,0.00708008,4.98987,0.00769043,-0.0107422,-0.00793457,5.00818,-0.00793457,-0.00610352,
49.95,0.00708008,4.98987,0.00769043,-0.0107422,-0.00793457,5.00818,-0.00793457,-0.00610352,
49.98,0.00708008,4.98987,0.00769043,-0.0107422,-0.00793457,5.00818,-0.00793457,-0.00610352,
50.01,0.00708008,4.98987,0.00769043,-0.0107422,-0.00793457,5.00818,-0.00793457,-0.00610352,
50.04,0.00708008,4.98987,0.00769043,-0.0107422,-0.00793457,5.00818,-0.00793457,-0.00610352,
50.07,0.00708008,4.98987,0.00769043,-0.0107422,-0.00793457,5.00818,-0.00793457,-0.00610352,
50.1,0.00708008,4.98987,0.00769043,-0.0107422,-0.00793457,5.00818,-0.00793457,-0.00610352,
50.13,0.00708008,4.98987,0.00769043,-0.0107422,-0.00793457,5.00818,-0.00793457,-0.00610352,
50.16,0.00708008,4.98987,0.00769043,-0.0107422,-0.00793457,5.00818,-0.00793457,-0.00610352,
50.19,0.00708008,4.98987,0.00769043,-0.0107422,-0.00793457,5.00818,-0.00793457,-0.00610352,
50.22,0.00708008,4.98987,0.00769043,-0.0107422,-0.00793457,5.00818,-0.00793457,-0.00610352,
50.25,0.00708008,4.98987,0.00769043,-0.0107422,-0.00793457,5.00818,-0.00793457,-0.00610352,
50.28,0.00708008,4.98987,0.00769043,-0.0107422,-0.00793457,5.00818,-0.00793457,-0.00610352,
50.31,0.00708008,4.98987,0.00769043,-0.0107422,-0.00793457,5.00818,-0.00793457,-0.00610352,
50.34,0.00708008,4.98987,0.00769043,-0.0107422,-0.00793457,5.00818,-0.00793457,-0.00610352,
50.37,0.00708008,4.98987,0.00769043,-0.0107422,-0.00793457,5.00818,-0.00793457,-0.00610352,
50.4,0.00708008,4.98987,0.00769043,-0.0107422,-0.00793457,5.00818,-0.00793457,-0.00610352,
50.43,0.00708008,4.98987,0.00769043,-0.0107422,-0.00793457,5.00818,-0.00793457,-0.00610352,
50.46,0.00708008,4.98987,0.00769043,-0.0107422,-0.00793457,5.00818,-0.00793457,-0.00610352,
50.49,0.00708008,4.98987,0.00769043,-0.0107422,-0.00793457,5.00818,-0.00793457,-0.00610352,
50.52,0.00708008,4.98987,0.00769043,-0.0107422,-0.00793457,5.00818,-0.00793457,-0.00610352,
50.55,0.00708008,4.98987,0.00769043,-0.0107422,-0.00793457,5.00818,-0.00793457,-0.00610352,
50.58,0.00708008,4.98987,0.00769043,-0.0107422,-0.00793457,5.00818,-0.00793457,-0.00610352,
50.61,0.00708008,4.98987,0.00769043,-0.0107422,-0.00793457,5.00818,-0.00793457,-0.00610352,
50.64,0.00708008,4.98987,0.00769043,-0.0107422,-0.00793457,5.00818,-0.00793457,-0.00610352,
50.67,0.00708008,4.98987,0.00769043,-0.0107422,-0.00793457,5.00818,-0.00793457,-0.00610352,
50.7,0.00708008,4.98987,0.00769043,-0.0107422,-0.00793457,5.00818,-0.00793457,-0.00610352,
50.73,0.00708008,4.98987,0.00769043,-0.0107422,-0.00793457,5.00818,-0.00793457,-0.00610352,
50.76,0.00708008,4.98987,0.00769043,-0.0107422,-0.00793457,5.00818,-0.00793457,-0.00610352,
50.79,0.00708008,4.98987,0.00769043,-0.0107422,-0.00793457,5.00818,-0.00793457,-0.00610352,
50.82,0.00708008,4.98987,0.00769043,-0.0107422,-0.00793457,5.00818,-0.00793457,-0.00610352,
50.85,0.00708008,4.98987,0.00769043,-0.0107422,-0.00793457,5.00818,-0.00793457,-0.00610352,
50.88,0.00708008,4.98987,0.00769043,-0.0107422,-0.00793457,5.00818,-0.00793457,-0.00610352,
50.91,0.00708008,4.98987,0.00769043,-0.0107422,-0.00793457,5.00818,-0.00793457,-0.00610352,
50.94,0.00708008,4.98987,0.00769043,-0.0107422,-0.00793457,5.00818,-0.00793457,-0.00610352,
50.97,0.00708008,4.98987,0.00769043,-0.0107422,-0.00793457,5.00818,-0.00793457,-0.00610352,
51,0.00708008,4.98987,0.00769043,-0.0107422,-0.00793457,5.00818,-0.00793457,-0.00610352,
51.03,0.00708008,4.98987,0.00769043,-0.0107422,-0.00793457,5.00818,-0.00793457,-0.00610352,
51.06,0.00708008,4.98987,0.00769043,-0.0107422,-0.00793457,5.00818,-0.00793457,-0.00610352,
51.09,0.00708008,4.98987,0.00769043,-0.0107422,-0.00793457,5.00818,-0.00793457,-0.00610352,
51.12,0.00708008,4.98987,0.00769043,-0.0107422,-0.00793457,5.00818,-0.00793457,-0.00610352,
51.15,0.00708008,4.98987,0.00769043,-0.0107422,-0.00793457,5.00818,-0.00793457,-0.00610352,
51.18,0.00708008,4.98987,0.00769043,-0.0107422,-0.00793457,5.00818,-0.00793457,-0.00610352,
51.21,0.00708008,4.98987,0.00769043,-0.0107422,-0.00793457,5.00818,-0.00793457,-0.00610352,
51.24,0.00708008,4.98987,0.00769043,-0.0107422,-0.00793457,5.00818,-0.00793457,-0.00610352,
51.27,0.00708008,4.98987,0.00769043,-0.0107422,-0.00793457,5.00818,-0.00793457,-0.00610352,
51.3,0.00708008,4.98987,0.00769043,-0.0107422,-0.00793457,5.00818,-0.00793457,-0.00610352,
51.33,0.00708008,4.98987,0.00769043,-0.0107422,-0.00793457,5.00818,-0.00793457,-0.00610352,
51.36,0.00708008,4.98987,0.00769043,-0.0107422,-0.00793457,5.00818,-0.00793457,-0.00610352,
51.39,0.00708008,4.98987,0.00769043,-0.0107422,-0.00793457,5.00818,-0.00793457,-0.00610352,
51.42,0.00708008,4.98987,0.00769043,-0.0107422,-0.00793457,5.00818,-0.00793457,-0.00610352,
51.45,0.00708008,4.98987,0.00769043,-0.0107422,-0.00793457,5.00818,-0.00793457,-0.00610352,
51.48,0.00708008,4.98987,0.00769043,-0.0107422,-0.00793457,5.00818,-0.00793457,-0.00610352,
51.51,0.00708008,4.98987,0.00769043,-0.0107422,-0.00793457,5.00818,-0.00793457,-0.00610352,
51.54,0.00708008,4.98987,0.00769043,-0.0107422,-0.00793457,5.00818,-0.00793457,-0.00610352,
51.57,0.00708008,4.98987,0.00769043,-0.0107422,-0.00793457,5.00818,-0.00793457,-0.00610352,
51.6,0.00708008,4.98987,0.00769043,-0.0107422,-0.00793457,5.00818,-0.00793457,-0.00610352,
51.63,0.00708008,4.98987,0.00769043,-0.0107422,-0.00793457,5.00818,-0.00793457,-0.00610352,
51.66,0.00708008,4.98987,0.00769043,-0.0107422,-0.00793457,5.00818,-0.00793457,-0.00610352,
51.69,0.00708008,4.98987,0.00769043,-0.0107422,-0.00793457,5.00818,-0.00793457,-0.00610352,
51.72,0.00708008,4.98987,0.00769043,-0.0107422,-0.00793457,5.00818,-0.00793457,-0.00610352,
51.75,0.00708008,4.98987,0.00769043,-0.0107422,-0.00793457,5.00818,-0.00793457,-0.00610352,
51.78,0.00708008,4.98987,0.00769043,-0.0107422,-0.00793457,5.00818,-0.00793457,-0.00610352,
51.81,0.00708008,4.98987,0.00769043,-0.0107422,-0.00793457,5.00818,-0.00793457,-0.00610352,
51.84,0.00708008,4.98987,0.00769043,-0.0107422,-0.00793457,5.00818,-0.00793457,-0.00610352,
51.87,0.00708008,4.98987,0.00769043,-0.0107422,-0.00793457,5.00818,-0.00793457,-0.00610352,
51.9,0.00708008,4.98987,0.00769043,-0.0107422,-0.00793457,5.00818,-0.00793457,-0.00610352,
51.93,0.00708008,4.98987,0.00769043,-0.0107422,-0.00793457,5.00818,-0.00793457,-0.00610352,
51.96,0.00708008,4.98987,0.00769043,-0.0107422,-0.00793457,5.00818,-0.00793457,-0.00610352,
51.99,0.00708008,4.98987,0.00769043,-0.0107422,-0.00793457,5.00818,-0.00793457,-0.00610352,
52.02,0.00708008,4.98987,0.00769043,-0.0107422,-0.00793457,5.00818,-0.00793457,-0.00610352,
52.05,0.00708008,4.98987,0.00769043,-0.0107422,-0.00793457,5.00818,-0.00793457,-0.00610352,
52.08,0.00708008,4.98987,0.00769043,-0.0107422,-0.00793457,5.00818,-0.00793457,-0.00610352,
52.11,0.00708008,4.98987,0.00769043,-0.0107422,-0.00793457,5.00818,-0.00793457,-0.00610352,
52.14,0.00708008,4.98987,0.00769043,-0.0107422,-0.00793457,5.00818,-0.00793457,-0.00610352,
52.17,0.00708008,4.98987,0.00769043,-0.0107422,-0.00793457,5.00818,-0.00793457,-0.00610352,
52.2,0.00708008,4.98987,0.00769043,-0.0107422,-0.00793457,5.00818,-0.00793457,-0.00610352,
52.23,0.00708008,4.98987,0.00769043,-0.0107422,-0.00793457,5.00818,-0.00793457,-0.00610352,
52.26,0.00708008,4.98987,0.00769043,-0.0107422,-0.00793457,5.00818,-0.00793457,-0.00610352,
52.29,0.00708008,4.98987,0.00769043,-0.0107422,-0.00793457,5.00818,-0.00793457,-0.00610352,
52.32,0.00708008,4.98987,0.00769043,-0.0107422,-0.00793457,5.00818,-0.00793457,-0.00610352,
52.35,0.00708008,4.98987,0.00769043,-0.0107422,-0.00793457,5.00818,-0.00793457,-0.00610352,
52.38,0.00708008,4.98987,0.00769043,-0.0107422,-0.00793457,5.00818,-0.00793457,-0.00610352,
52.41,0.00708008,4.98987,0.00769043,-0.0107422,-0.00793457,5.00818,-0.00793457,-0.00610352,
52.44,0.00708008,4.98987,0.00769043,-0.0107422,-0.00793457,5.00818,-0.00793457,-0.00610352,
52.47,0.00708008,4.98987,0.00769043,-0.0107422,-0.00793457,5.00818,-0.00793457,-0.00610352,
52.5,0.00708008,4.98987,0.00769043,-0.0107422,-0.00793457,5.00818,-0.00793457,-0.00610352,
52.53,0.00708008,4.98987,0.00769043,-0.0107422,-0.00793457,5.00818,-0.00793457,-0.00610352,
52.56,0.00708008,4.98987,0.00769043,-0.0107422,-0.00793457,5.00818,-0.00793457,-0.00610352,
52.59,0.00708008,4.98987,0.00769043,-0.0107422,-0.00793457,5.00818,-0.00793457,-0.00610352,
52.62,0.00708008,4.98987,0.00769043,-0.0107422,-0.00793457,5.00818,-0.00793457,-0.00610352,
52.65,0.00708008,4.98987,0.00769043,-0.0107422,-0.00793457,5.00818,-0.00793457,-0.00610352,
52.68,0.00708008,4.98987,0.00769043,-0.0107422,-0.00793457,5.00818,-0.00793457,-0.00610352,
52.71,0.00708008,4.98987,0.00769043,-0.0107422,-0.00793457,5.00818,-0.00793457,-0.00610352,
52.74,0.00708008,4.98987,0.00769043,-0.0107422,-0.00793457,5.00818,-0.00793457,-0.00610352,
52.77,0.00708008,4.98987,0.00769043,-0.0107422,-0.00793457,5.00818,-0.00793457,-0.00610352,
52.8,0.00708008,4.98987,0.00769043,-0.0107422,-0.00793457,5.00818,-0.00793457,-0.00610352,
52.83,0.00708008,4.98987,0.00769043,-0.0107422,-0.00793457,5.00818,-0.00793457,-0.00610352,
52.86,0.00708008,4.98987,0.00769043,-0.0107422,-0.00793457,5.00818,-0.00793457,-0.00610352,
52.89,0.00708008,4.98987,0.00769043,-0.0107422,-0.00793457,5.00818,-0.00793457,-0.00610352,
52.92,0.00708008,4.98987,0.00769043,-0.0107422,-0.00793457,5.00818,-0.00793457,-0.00610352,
52.95,0.00708008,4.98987,0.00769043,-0.0107422,-0.00793457,5.00818,-0.00793457,-0.00610352,
52.98,0.00708008,4.98987,0.00769043,-0.0107422,-0.00793457,5.00818,-0.00793457,-0.00610352,
53.01,0.00708008,4.98987,0.00769043,-0.0107422,-0.00793457,5.00818,-0.00793457,-0.00610352,
53.04,0.00708008,4.98987,0.00769043,-0.0107422,-0.00793457,5.00818,-0.00793457,-0.00610352,
53.07,0.00708008,4.98987,0.00769043,-0.0107422,-0.00793457,5.00818,-0.00793457,-0.00610352,
53.1,0.00708008,4.98987,0.00769043,-0.0107422,-0.00793457,5.00818,-0.00793457,-0.00610352,
53.13,0.00708008,4.98987,0.00769043,-0.0107422,-0.00793457,5.00818,-0.00793457,-0.00610352,
53.16,0.00708008,4.98987,0.00769043,-0.0107422,-0.00793457,5.00818,-0.00793457,-0.00610352,
53.19,0.00708008,4.98987,0.00769043,-0.0107422,-0.00793457,5.00818,-0.00793457,-0.00610352,
53.22,0.00708008,4.98987,0.00769043,-0.0107422,-0.00793457,5.00818,-0.00793457,-0.00610352,
53.25,0.00708008,4.98987,0.00769043,-0.0107422,-0.00793457,5.00818,-0.00793457,-0.00610352,
53.28,0.00708008,4.98987,0.00769043,-0.0107422,-0.00793457,5.00818,-0.00793457,-0.00610352,
53.31,0.00708008,4.98987,0.00769043,-0.0107422,-0.00793457,5.00818,-0.00793457,-0.00610352,
53.34,0.00708008,4.98987,0.00769043,-0.0107422,-0.00793457,5.00818,-0.00793457,-0.00610352,
53.37,0.00708008,4.98987,0.00769043,-0.0107422,-0.00793457,5.00818,-0.00793457,-0.00610352,
53.4,0.00708008,4.98987,0.00769043,-0.0107422,-0.00793457,5.00818,-0.00793457,-0.00610352,
53.43,0.00708008,4.98987,0.00769043,-0.0107422,-0.00793457,5.00818,-0.00793457,-0.00610352,
53.46,0.00708008,4.98987,0.00769043,-0.0107422,-0.00793457,5.00818,-0.00793457,-0.00610352,
53.49,0.00708008,4.98987,0.00769043,-0.0107422,-0.00793457,5.00818,-0.00793457,-0.00610352,
53.52,0.00708008,4.98987,0.00769043,-0.0107422,-0.00793457,5.00818,-0.00793457,-0.00610352,
53.55,0.00708008,4.98987,0.00769043,-0.0107422,-0.00793457,5.00818,-0.00793457,-0.00610352,
53.58,0.00708008,4.98987,0.00769043,-0.0107422,-0.00793457,5.00818,-0.00793457,-0.00610352,
53.61,0.00708008,4.98987,0.00769043,-0.0107422,-0.00793457,5.00818,-0.00793457,-0.00610352,
53.64,0.00708008,4.98987,0.00769043,-0.0107422,-0.00793457,5.00818,-0.00793457,-0.00610352,
53.67,0.00708008,4.98987,0.00769043,-0.0107422,-0.00793457,5.00818,-0.00793457,-0.00610352,
53.7,0.00708008,4.98987,0.00769043,-0.0107422,-0.00793457,5.00818,-0.00793457,-0.00610352,
53.73,0.00708008,4.98987,0.00769043,-0.0107422,-0.00793457,5.00818,-0.00793457,-0.00610352,
53.76,0.00708008,4.98987,0.00769043,-0.0107422,-0.00793457,5.00818,-0.00793457,-0.00610352,
53.79,0.00708008,4.98987,0.00769043,-0.0107422,-0.00793457,5.00818,-0.00793457,-0.00610352,
53.82,0.00708008,4.98987,0.00769043,-0.0107422,-0.00793457,5.00818,-0.00793457,-0.00610352,
53.85,0.00708008,4.98987,0.00769043,-0.0107422,-0.00793457,5.00818,-0.00793457,-0.00610352,
53.88,0.00708008,4.98987,0.00769043,-0.0107422,-0.00793457,5.00818,-0.00793457,-0.00610352,
53.91,0.00708008,4.98987,0.00769043,-0.0107422,-0.00793457,5.00818,-0.00793457,-0.00610352,
53.94,0.00708008,4.98987,0.00769043,-0.0107422,-0.00793457,5.00818,-0.00793457,-0.00610352,
53.97,0.00708008,4.98987,0.00769043,-0.0107422,-0.00793457,5.00818,-0.00793457,-0.00610352,
54,0.00708008,4.98987,0.00769043,-0.0107422,-0.00793457,5.00818,-0.00793457,-0.00610352,
54.03,0.00708008,4.98987,0.00769043,-0.0107422,-0.00793457,5.00818,-0.00793457,-0.00610352,
54.06,0.00708008,4.98987,0.00769043,-0.0107422,-0.00793457,5.00818,-0.00793457,-0.00610352,
54.09,0.00708008,4.98987,0.00769043,-0.0107422,-0.00793457,5.00818,-0.00793457,-0.00610352,
54.12,0.00708008,4.98987,0.00769043,-0.0107422,-0.00793457,5.00818,-0.00793457,-0.00610352,
54.15,0.00708008,4.98987,0.00769043,-0.0107422,-0.00793457,5.00818,-0.00793457,-0.00610352,
54.18,0.00708008,4.98987,0.00769043,-0.0107422,-0.00793457,5.00818,-0.00793457,-0.00610352,
54.21,0.00708008,4.98987,0.00769043,-0.0107422,-0.00793457,5.00818,-0.00793457,-0.00610352,
54.24,0.00708008,4.98987,0.00769043,-0.0107422,-0.00793457,5.00818,-0.00793457,-0.00610352,
54.27,0.00708008,4.98987,0.00769043,-0.0107422,-0.00793457,5.00818,-0.00793457,-0.00610352,
54.3,0.00708008,4.98987,0.00769043,-0.0107422,-0.00793457,5.00818,-0.00793457,-0.00610352,
54.33,0.00708008,4.98987,0.00769043,-0.0107422,-0.00793457,5.00818,-0.00793457,-0.00610352,
54.36,0.00708008,4.98987,0.00769043,-0.0107422,-0.00793457,5.00818,-0.00793457,-0.00610352,
54.39,0.00708008,4.98987,0.00769043,-0.0107422,-0.00793457,5.00818,-0.00793457,-0.00610352,
54.42,0.00708008,4.98987,0.00769043,-0.0107422,-0.00793457,5.00818,-0.00793457,-0.00610352,
54.45,0.00708008,4.98987,0.00769043,-0.0107422,-0.00793457,5.00818,-0.00793457,-0.00610352,
54.48,0.00708008,4.98987,0.00769043,-0.0107422,-0.00793457,5.00818,-0.00793457,-0.00610352,
54.51,0.00708008,4.98987,0.00769043,-0.0107422,-0.00793457,5.00818,-0.00793457,-0.00610352,
54.54,0.00708008,4.98987,0.00769043,-0.0107422,-0.00793457,5.00818,-0.00793457,-0.00610352,
54.57,0.00708008,4.98987,0.00769043,-0.0107422,-0.00793457,5.00818,-0.00793457,-0.00610352,
54.6,0.00708008,4.98987,0.00769043,-0.0107422,-0.00793457,5.00818,-0.00793457,-0.00610352,
54.63,0.00708008,4.98987,0.00769043,-0.0107422,-0.00793457,5.00818,-0.00793457,-0.00610352,
54.66,0.00708008,4.98987,0.00769043,-0.0107422,-0.00793457,5.00818,-0.00793457,-0.00610352,
54.69,0.00708008,4.98987,0.00769043,-0.0107422,-0.00793457,5.00818,-0.00793457,-0.00610352,
54.72,0.00708008,4.98987,0.00769043,-0.0107422,-0.00793457,5.00818,-0.00793457,-0.00610352,
54.75,0.00708008,4.98987,0.00769043,-0.0107422,-0.00793457,5.00818,-0.00793457,-0.00610352,
54.78,0.00708008,4.98987,0.00769043,-0.0107422,-0.00793457,5.00818,-0.00793457,-0.00610352,
54.81,0.00708008,4.98987,0.00769043,-0.0107422,-0.00793457,5.00818,-0.00793457,-0.00610352,
54.84,0.00708008,4.98987,0.00769043,-0.0107422,-0.00793457,5.00818,-0.00793457,-0.00610352,
54.87,0.00708008,4.98987,0.00769043,-0.0107422,-0.00793457,5.00818,-0.00793457,-0.00610352,
54.9,0.00708008,4.98987,0.00769043,-0.0107422,-0.00793457,5.00818,-0.00793457,-0.00610352,
54.93,0.00708008,4.98987,0.00769043,-0.0107422,-0.00793457,5.00818,-0.00793457,-0.00610352,
54.96,0.00708008,4.98987,0.00769043,-0.0107422,-0.00793457,5.00818,-0.00793457,-0.00610352,
54.99,0.00708008,4.98987,0.00769043,-0.0107422,-0.00793457,5.00818,-0.00793457,-0.00610352,
55.02,0.00708008,4.98987,0.00769043,-0.0107422,-0.00793457,5.00818,-0.00793457,-0.00610352,
55.05,0.00708008,4.98987,0.00769043,-0.0107422,-0.00793457,5.00818,-0.00793457,-0.00610352,
55.08,0.00708008,4.98987,0.00769043,-0.0107422,-0.00793457,5.00818,-0.00793457,-0.00610352,
55.11,0.00708008,4.98987,0.00769043,-0.0107422,-0.00793457,5.00818,-0.00793457,-0.00610352,
55.14,0.00708008,4.98987,0.00769043,-0.0107422,-0.00793457,5.00818,-0.00793457,-0.00610352,
55.17,0.00708008,4.98987,0.00769043,-0.0107422,-0.00793457,5.00818,-0.00793457,-0.00610352,
55.2,0.00708008,4.98987,0.00769043,-0.0107422,-0.00793457,5.00818,-0.00793457,-0.00610352,
55.23,0.00708008,4.98987,0.00769043,-0.0107422,-0.00793457,5.00818,-0.00793457,-0.00610352,
55.26,0.00708008,4.98987,0.00769043,-0.0107422,-0.00793457,5.00818,-0.00793457,-0.00610352,
55.29,0.00708008,4.98987,0.00769043,-0.0107422,-0.00793457,5.00818,-0.00793457,-0.00610352,
55.32,0.00708008,4.98987,0.00769043,-0.0107422,-0.00793457,5.00818,-0.00793457,-0.00610352,
55.35,0.00708008,4.98987,0.00769043,-0.0107422,-0.00793457,5.00818,-0.00793457,-0.00610352,
55.38,0.00708008,4.98987,0.00769043,-0.0107422,-0.00793457,5.00818,-0.00793457,-0.00610352,
55.41,0.00708008,4.98987,0.00769043,-0.0107422,-0.00793457,5.00818,-0.00793457,-0.00610352,
55.44,0.00708008,4.98987,0.00769043,-0.0107422,-0.00793457,5.00818,-0.00793457,-0.00610352,
55.47,0.00708008,4.98987,0.00769043,-0.0107422,-0.00793457,5.00818,-0.00793457,-0.00610352,
55.5,0.00708008,4.98987,0.00769043,-0.0107422,-0.00793457,5.00818,-0.00793457,-0.00610352,
55.53,0.00708008,4.98987,0.00769043,-0.0107422,-0.00793457,5.00818,-0.00793457,-0.00610352,
55.56,0.00708008,4.98987,0.00769043,-0.0107422,-0.00793457,5.00818,-0.00793457,-0.00610352,
55.59,0.00708008,4.98987,0.00769043,-0.0107422,-0.00793457,5.00818,-0.00793457,-0.00610352,
55.62,0.00708008,4.98987,0.00769043,-0.0107422,-0.00793457,5.00818,-0.00793457,-0.00610352,
55.65,0.00708008,4.98987,0.00769043,-0.0107422,-0.00793457,5.00818,-0.00793457,-0.00610352,
55.68,0.00708008,4.98987,0.00769043,-0.0107422,-0.00793457,5.00818,-0.00793457,-0.00610352,
55.71,0.00708008,4.98987,0.00769043,-0.0107422,-0.00793457,5.00818,-0.00793457,-0.00610352,
55.74,0.00708008,4.98987,0.00769043,-0.0107422,-0.00793457,5.00818,-0.00793457,-0.00610352,
55.77,0.00708008,4.98987,0.00769043,-0.0107422,-0.00793457,5.00818,-0.00793457,-0.00610352,
55.8,0.00708008,4.98987,0.00769043,-0.0107422,-0.00793457,5.00818,-0.00793457,-0.00610352,
55.83,0.00708008,4.98987,0.00769043,-0.0107422,-0.00793457,5.00818,-0.00793457,-0.00610352,
55.86,0.00708008,4.98987,0.00769043,-0.0107422,-0.00793457,5.00818,-0.00793457,-0.00610352,
55.89,0.00708008,4.98987,0.00769043,-0.0107422,-0.00793457,5.00818,-0.00793457,-0.00610352,
55.92,0.00708008,4.98987,0.00769043,-0.0107422,-0.00793457,5.00818,-0.00793457,-0.00610352,
55.95,0.00708008,4.98987,0.00769043,-0.0107422,-0.00793457,5.00818,-0.00793457,-0.00610352,
55.98,0.00708008,4.98987,0.00769043,-0.0107422,-0.00793457,5.00818,-0.00793457,-0.00610352,
56.01,0.00708008,4.98987,0.00769043,-0.0107422,-0.00793457,5.00818,-0.00793457,-0.00610352,
56.04,0.00708008,4.98987,0.00769043,-0.0107422,-0.00793457,5.00818,-0.00793457,-0.00610352,
56.07,0.00708008,4.98987,0.00769043,-0.0107422,-0.00793457,5.00818,-0.00793457,-0.00610352,
56.1,0.00708008,4.98987,0.00769043,-0.0107422,-0.00793457,5.00818,-0.00793457,-0.00610352,
56.13,0.00708008,4.98987,0.00769043,-0.0107422,-0.00793457,5.00818,-0.00793457,-0.00610352,
56.16,0.00708008,4.98987,0.00769043,-0.0107422,-0.00793457,5.00818,-0.00793457,-0.00610352,
56.19,0.00708008,4.98987,0.00769043,-0.0107422,-0.00793457,5.00818,-0.00793457,-0.00610352,
56.22,0.00708008,4.98987,0.00769043,-0.0107422,-0.00793457,5.00818,-0.00793457,-0.00610352,
56.25,0.00708008,4.98987,0.00769043,-0.0107422,-0.00793457,5.00818,-0.00793457,-0.00610352,
56.28,0.00708008,4.98987,0.00769043,-0.0107422,-0.00793457,5.00818,-0.00793457,-0.00610352,
56.31,0.00708008,4.98987,0.00769043,-0.0107422,-0.00793457,5.00818,-0.00793457,-0.00610352,
56.34,0.00708008,4.98987,0.00769043,-0.0107422,-0.00793457,5.00818,-0.00793457,-0.00610352,
56.37,0.00708008,4.98987,0.00769043,-0.0107422,-0.00793457,5.00818,-0.00793457,-0.00610352,
56.4,0.00708008,4.98987,0.00769043,-0.0107422,-0.00793457,5.00818,-0.00793457,-0.00610352,
56.43,0.00708008,4.98987,0.00769043,-0.0107422,-0.00793457,5.00818,-0.00793457,-0.00610352,
56.46,0.00708008,4.98987,0.00769043,-0.0107422,-0.00793457,5.00818,-0.00793457,-0.00610352,
56.49,0.00708008,4.98987,0.00769043,-0.0107422,-0.00793457,5.00818,-0.00793457,-0.00610352,
56.52,0.00708008,4.98987,0.00769043,-0.0107422,-0.00793457,5.00818,-0.00793457,-0.00610352,
56.55,0.00708008,4.98987,0.00769043,-0.0107422,-0.00793457,5.00818,-0.00793457,-0.00610352,
56.58,0.00708008,4.98987,0.00769043,-0.0107422,-0.00793457,5.00818,-0.00793457,-0.00610352,
56.61,0.00708008,4.98987,0.00769043,-0.0107422,-0.00793457,5.00818,-0.00793457,-0.00610352,
56.64,0.00708008,4.98987,0.00769043,-0.0107422,-0.00793457,5.00818,-0.00793457,-0.00610352,
56.67,0.00708008,4.98987,0.00769043,-0.0107422,-0.00793457,5.00818,-0.00793457,-0.00610352,
56.7,0.00708008,4.98987,0.00769043,-0.0107422,-0.00793457,5.00818,-0.00793457,-0.00610352,
56.73,0.00708008,4.98987,0.00769043,-0.0107422,-0.00793457,5.00818,-0.00793457,-0.00610352,
56.76,0.00708008,4.98987,0.00769043,-0.0107422,-0.00793457,5.00818,-0.00793457,-0.00610352,
56.79,0.00708008,4.98987,0.00769043,-0.0107422,-0.00793457,5.00818,-0.00793457,-0.00610352,
56.82,0.00708008,4.98987,0.00769043,-0.0107422,-0.00793457,5.00818,-0.00793457,-0.00610352,
56.85,0.00708008,4.98987,0.00769043,-0.0107422,-0.00793457,5.00818,-0.00793457,-0.00610352,
56.88,0.00708008,4.98987,0.00769043,-0.0107422,-0.00793457,5.00818,-0.00793457,-0.00610352,
56.91,0.00708008,4.98987,0.00769043,-0.0107422,-0.00793457,5.00818,-0.00793457,-0.00610352,
56.94,0.00708008,4.98987,0.00769043,-0.0107422,-0.00793457,5.00818,-0.00793457,-0.00610352,
56.97,0.00708008,4.98987,0.00769043,-0.0107422,-0.00793457,5.00818,-0.00793457,-0.00610352,
57,0.00708008,4.98987,0.00769043,-0.0107422,-0.00793457,5.00818,-0.00793457,-0.00610352,
57.03,0.00708008,4.98987,0.00769043,-0.0107422,-0.00793457,5.00818,-0.00793457,-0.00610352,
57.06,0.00708008,4.98987,0.00769043,-0.0107422,-0.00793457,5.00818,-0.00793457,-0.00610352,
57.09,0.00708008,4.98987,0.00769043,-0.0107422,-0.00793457,5.00818,-0.00793457,-0.00610352,
57.12,0.00708008,4.98987,0.00769043,-0.0107422,-0.00793457,5.00818,-0.00793457,-0.00610352,
57.15,0.00708008,4.98987,0.00769043,-0.0107422,-0.00793457,5.00818,-0.00793457,-0.00610352,
57.18,0.00708008,4.98987,0.00769043,-0.0107422,-0.00793457,5.00818,-0.00793457,-0.00610352,
57.21,0.00708008,4.98987,0.00769043,-0.0107422,-0.00793457,5.00818,-0.00793457,-0.00610352,
57.24,0.00708008,4.98987,0.00769043,-0.0107422,-0.00793457,5.00818,-0.00793457,-0.00610352,
57.27,0.00708008,4.98987,0.00769043,-0.0107422,-0.00793457,5.00818,-0.00793457,-0.00610352,
57.3,0.00708008,4.98987,0.00769043,-0.0107422,-0.00793457,5.00818,-0.00793457,-0.00610352,
57.33,0.00708008,4.98987,0.00769043,-0.0107422,-0.00793457,5.00818,-0.00793457,-0.00610352,
57.36,0.00708008,4.98987,0.00769043,-0.0107422,-0.00793457,5.00818,-0.00793457,-0.00610352,
57.39,0.00708008,4.98987,0.00769043,-0.0107422,-0.00793457,5.00818,-0.00793457,-0.00610352,
57.42,0.00708008,4.98987,0.00769043,-0.0107422,-0.00793457,5.00818,-0.00793457,-0.00610352,
57.45,0.00708008,4.98987,0.00769043,-0.0107422,-0.00793457,5.00818,-0.00793457,-0.00610352,
57.48,0.00708008,4.98987,0.00769043,-0.0107422,-0.00793457,5.00818,-0.00793457,-0.00610352,
57.51,0.00708008,4.98987,0.00769043,-0.0107422,-0.00793457,5.00818,-0.00793457,-0.00610352,
57.54,0.00708008,4.98987,0.00769043,-0.0107422,-0.00793457,5.00818,-0.00793457,-0.00610352,
57.57,0.00708008,4.98987,0.00769043,-0.0107422,-0.00793457,5.00818,-0.00793457,-0.00610352,
57.6,0.00708008,4.98987,0.00769043,-0.0107422,-0.00793457,5.00818,-0.00793457,-0.00610352,
57.63,0.00708008,4.98987,0.00769043,-0.0107422,-0.00793457,5.00818,-0.00793457,-0.00610352,
57.66,0.00708008,4.98987,0.00769043,-0.0107422,-0.00793457,5.00818,-0.00793457,-0.00610352,
57.69,0.00708008,4.98987,0.00769043,-0.0107422,-0.00793457,5.00818,-0.00793457,-0.00610352,
57.72,0.00708008,4.98987,0.00769043,-0.0107422,-0.00793457,5.00818,-0.00793457,-0.00610352,
57.75,0.00708008,4.98987,0.00769043,-0.0107422,-0.00793457,5.00818,-0.00793457,-0.00610352,
57.78,0.00708008,4.98987,0.00769043,-0.0107422,-0.00793457,5.00818,-0.00793457,-0.00610352,
57.81,0.00708008,4.98987,0.00769043,-0.0107422,-0.00793457,5.00818,-0.00793457,-0.00610352,
57.84,0.00708008,4.98987,0.00769043,-0.0107422,-0.00793457,5.00818,-0.00793457,-0.00610352,
57.87,0.00708008,4.98987,0.00769043,-0.0107422,-0.00793457,5.00818,-0.00793457,-0.00610352,
57.9,0.00708008,4.98987,0.00769043,-0.0107422,-0.00793457,5.00818,-0.00793457,-0.00610352,
57.93,0.00708008,4.98987,0.00769043,-0.0107422,-0.00793457,5.00818,-0.00793457,-0.00610352,
57.96,0.00708008,4.98987,0.00769043,-0.0107422,-0.00793457,5.00818,-0.00793457,-0.00610352,
57.99,0.00708008,4.98987,0.00769043,-0.0107422,-0.00793457,5.00818,-0.00793457,-0.00610352,
58.02,0.00708008,4.98987,0.00769043,-0.0107422,-0.00793457,5.00818,-0.00793457,-0.00610352,
58.05,0.00708008,4.98987,0.00769043,-0.0107422,-0.00793457,5.00818,-0.00793457,-0.00610352,
58.08,0.00708008,4.98987,0.00769043,-0.0107422,-0.00793457,5.00818,-0.00793457,-0.00610352,
58.11,0.00708008,4.98987,0.00769043,-0.0107422,-0.00793457,5.00818,-0.00793457,-0.00610352,
58.14,0.00708008,4.98987,0.00769043,-0.0107422,-0.00793457,5.00818,-0.00793457,-0.00610352,
58.17,0.00708008,4.98987,0.00769043,-0.0107422,-0.00793457,5.00818,-0.00793457,-0.00610352,
58.2,0.00708008,4.98987,0.00769043,-0.0107422,-0.00793457,5.00818,-0.00793457,-0.00610352,
58.23,0.00708008,4.98987,0.00769043,-0.0107422,-0.00793457,5.00818,-0.00793457,-0.00610352,
58.26,0.00708008,4.98987,0.00769043,-0.0107422,-0.00793457,5.00818,-0.00793457,-0.00610352,
58.29,0.00708008,4.98987,0.00769043,-0.0107422,-0.00793457,5.00818,-0.00793457,-0.00610352,
58.32,0.00708008,4.98987,0.00769043,-0.0107422,-0.00793457,5.00818,-0.00793457,-0.00610352,
58.35,0.00708008,4.98987,0.00769043,-0.0107422,-0.00793457,5.00818,-0.00793457,-0.00610352,
58.38,0.00708008,4.98987,0.00769043,-0.0107422,-0.00793457,5.00818,-0.00793457,-0.00610352,
58.41,0.00708008,4.98987,0.00769043,-0.0107422,-0.00793457,5.00818,-0.00793457,-0.00610352,
58.44,0.00708008,4.98987,0.00769043,-0.0107422,-0.00793457,5.00818,-0.00793457,-0.00610352,
58.47,0.00708008,4.98987,0.00769043,-0.0107422,-0.00793457,5.00818,-0.00793457,-0.00610352,
58.5,0.00708008,4.98987,0.00769043,-0.0107422,-0.00793457,5.00818,-0.00793457,-0.00610352,
58.53,0.00708008,4.98987,0.00769043,-0.0107422,-0.00793457,5.00818,-0.00793457,-0.00610352,
58.56,0.00708008,4.98987,0.00769043,-0.0107422,-0.00793457,5.00818,-0.00793457,-0.00610352,
58.59,0.00708008,4.98987,0.00769043,-0.0107422,-0.00793457,5.00818,-0.00793457,-0.00610352,
58.62,0.00708008,4.98987,0.00769043,-0.0107422,-0.00793457,5.00818,-0.00793457,-0.00610352,
58.65,0.00708008,4.98987,0.00769043,-0.0107422,-0.00793457,5.00818,-0.00793457,-0.00610352,
58.68,0.00708008,4.98987,0.00769043,-0.0107422,-0.00793457,5.00818,-0.00793457,-0.00610352,
58.71,0.00708008,4.98987,0.00769043,-0.0107422,-0.00793457,5.00818,-0.00793457,-0.00610352,
58.74,0.00708008,4.98987,0.00769043,-0.0107422,-0.00793457,5.00818,-0.00793457,-0.00610352,
58.77,0.00708008,4.98987,0.00769043,-0.0107422,-0.00793457,5.00818,-0.00793457,-0.00610352,
58.8,0.00708008,4.98987,0.00769043,-0.0107422,-0.00793457,5.00818,-0.00793457,-0.00610352,
58.83,0.00708008,4.98987,0.00769043,-0.0107422,-0.00793457,5.00818,-0.00793457,-0.00610352,
58.86,0.00708008,4.98987,0.00769043,-0.0107422,-0.00793457,5.00818,-0.00793457,-0.00610352,
58.89,0.00708008,4.98987,0.00769043,-0.0107422,-0.00793457,5.00818,-0.00793457,-0.00610352,
58.92,0.00708008,4.98987,0.00769043,-0.0107422,-0.00793457,5.00818,-0.00793457,-0.00610352,
58.95,0.00708008,4.98987,0.00769043,-0.0107422,-0.00793457,5.00818,-0.00793457,-0.00610352,
58.98,0.00708008,4.98987,0.00769043,-0.0107422,-0.00793457,5.00818,-0.00793457,-0.00610352,
59.01,0.00708008,4.98987,0.00769043,-0.0107422,-0.00793457,5.00818,-0.00793457,-0.00610352,
59.04,0.00708008,4.98987,0.00769043,-0.0107422,-0.00793457,5.00818,-0.00793457,-0.00610352,
59.07,0.00708008,4.98987,0.00769043,-0.0107422,-0.00793457,5.00818,-0.00793457,-0.00610352,
59.1,0.00708008,4.98987,0.00769043,-0.0107422,-0.00793457,5.00818,-0.00793457,-0.00610352,
59.13,0.00708008,4.98987,0.00769043,-0.0107422,-0.00793457,5.00818,-0.00793457,-0.00610352,
59.16,0.00708008,4.98987,0.00769043,-0.0107422,-0.00793457,5.00818,-0.00793457,-0.00610352,
59.19,0.00708008,4.98987,0.00769043,-0.0107422,-0.00793457,5.00818,-0.00793457,-0.00610352,
59.22,0.00708008,4.98987,0.00769043,-0.0107422,-0.00793457,5.00818,-0.00793457,-0.00610352,
59.25,0.00708008,4.98987,0.00769043,-0.0107422,-0.00793457,5.00818,-0.00793457,-0.00610352,
59.28,0.00708008,4.98987,0.00769043,-0.0107422,-0.00793457,5.00818,-0.00793457,-0.00610352,
59.31,0.00708008,4.98987,0.00769043,-0.0107422,-0.00793457,5.00818,-0.00793457,-0.00610352,
59.34,0.00708008,4.98987,0.00769043,-0.0107422,-0.00793457,5.00818,-0.00793457,-0.00610352,
59.37,0.00708008,4.98987,0.00769043,-0.0107422,-0.00793457,5.00818,-0.00793457,-0.00610352,
59.4,0.00708008,4.98987,0.00769043,-0.0107422,-0.00793457,5.00818,-0.00793457,-0.00610352,
59.43,0.00708008,4.98987,0.00769043,-0.0107422,-0.00793457,5.00818,-0.00793457,-0.00610352,
59.46,0.00708008,4.98987,0.00769043,-0.0107422,-0.00793457,5.00818,-0.00793457,-0.00610352,
59.49,0.00708008,4.98987,0.00769043,-0.0107422,-0.00793457,5.00818,-0.00793457,-0.00610352,
59.52,0.00708008,4.98987,0.00769043,-0.0107422,-0.00793457,5.00818,-0.00793457,-0.00610352,
59.55,0.00708008,4.98987,0.00769043,-0.0107422,-0.00793457,5.00818,-0.00793457,-0.00610352,
59.58,0.00708008,4.98987,0.00769043,-0.0107422,-0.00793457,5.00818,-0.00793457,-0.00610352,
59.61,0.00708008,4.98987,0.00769043,-0.0107422,-0.00793457,5.00818,-0.00793457,-0.00610352,
59.64,0.00708008,4.98987,0.00769043,-0.0107422,-0.00793457,5.00818,-0.00793457,-0.00610352,
59.67,0.00708008,4.98987,0.00769043,-0.0107422,-0.00793457,5.00818,-0.00793457,-0.00610352,
59.7,0.00708008,4.98987,0.00769043,-0.0107422,-0.00793457,5.00818,-0.00793457,-0.00610352,
59.73,0.00708008,4.98987,0.00769043,-0.0107422,-0.00793457,5.00818,-0.00793457,-0.00610352,
59.76,0.00708008,4.98987,0.00769043,-0.0107422,-0.00793457,5.00818,-0.00793457,-0.00610352,
59.79,0.00708008,4.98987,0.00769043,-0.0107422,-0.00793457,5.00818,-0.00793457,-0.00610352,
59.82,0.00708008,4.98987,0.00769043,-0.0107422,-0.00793457,5.00818,-0.00793457,-0.00610352,
59.85,0.00708008,4.98987,0.00769043,-0.0107422,-0.00793457,5.00818,-0.00793457,-0.00610352,
59.88,0.00708008,4.98987,0.00769043,-0.0107422,-0.00793457,5.00818,-0.00793457,-0.00610352,
59.91,0.00708008,4.98987,0.00769043,-0.0107422,-0.00793457,5.00818,-0.00793457,-0.00610352,
59.94,0.00708008,4.98987,0.00769043,-0.0107422,-0.00793457,5.00818,-0.00793457,-0.00610352,
59.97,0.00708008,4.98987,0.00769043,-0.0107422,-0.00793457,5.00818,-0.00793457,-0.00610352,
60,0.00708008,4.98987,0.00769043,-0.0107422,-0.00793457,5.00818,-0.00793457,-0.00610352,
60.03,0.00708008,4.98987,0.00769043,-0.0107422,-0.00793457,5.00818,-0.00793457,-0.00610352,
60.06,0.00708008,4.98987,0.00769043,-0.0107422,-0.00793457,5.00818,-0.00793457,-0.00610352,
60.09,0.00708008,4.98987,0.00769043,-0.0107422,-0.00793457,5.00818,-0.00793457,-0.00610352,
60.12,0.00708008,4.98987,0.00769043,-0.0107422,-0.00793457,5.00818,-0.00793457,-0.00610352,
60.15,0.00708008,4.98987,0.00769043,-0.0107422,-0.00793457,5.00818,-0.00793457,-0.00610352,
60.18,0.00708008,4.98987,0.00769043,-0.0107422,-0.00793457,5.00818,-0.00793457,-0.00610352,
60.21,0.00708008,4.98987,0.00769043,-0.0107422,-0.00793457,5.00818,-0.00793457,-0.00610352,
60.24,0.00708008,4.98987,0.00769043,-0.0107422,-0.00793457,5.00818,-0.00793457,-0.00610352,
60.27,0.00708008,4.98987,0.00769043,-0.0107422,-0.00793457,5.00818,-0.00793457,-0.00610352,
60.3,0.00708008,4.98987,0.00769043,-0.0107422,-0.00793457,5.00818,-0.00793457,-0.00610352,
60.33,0.00708008,4.98987,0.00769043,-0.0107422,-0.00793457,5.00818,-0.00793457,-0.00610352,
60.36,0.00708008,4.98987,0.00769043,-0.0107422,-0.00793457,5.00818,-0.00793457,-0.00610352,
60.39,0.00708008,4.98987,0.00769043,-0.0107422,-0.00793457,5.00818,-0.00793457,-0.00610352,
60.42,0.00708008,4.98987,0.00769043,-0.0107422,-0.00793457,5.00818,-0.00793457,-0.00610352,
60.45,0.00708008,4.98987,0.00769043,-0.0107422,-0.00793457,5.00818,-0.00793457,-0.00610352,
60.48,0.00708008,4.98987,0.00769043,-0.0107422,-0.00793457,5.00818,-0.00793457,-0.00610352,
60.51,0.00708008,4.98987,0.00769043,-0.0107422,-0.00793457,5.00818,-0.00793457,-0.00610352,
60.54,0.00708008,4.98987,0.00769043,-0.0107422,-0.00793457,5.00818,-0.00793457,-0.00610352,
60.57,0.00708008,4.98987,0.00769043,-0.0107422,-0.00793457,5.00818,-0.00793457,-0.00610352,
60.6,0.00708008,4.98987,0.00769043,-0.0107422,-0.00793457,5.00818,-0.00793457,-0.00610352,
60.63,0.00708008,4.98987,0.00769043,-0.0107422,-0.00793457,5.00818,-0.00793457,-0.00610352,
60.66,0.00708008,4.98987,0.00769043,-0.0107422,-0.00793457,5.00818,-0.00793457,-0.00610352,
60.69,0.00708008,4.98987,0.00769043,-0.0107422,-0.00793457,5.00818,-0.00793457,-0.00610352,
60.72,0.00708008,4.98987,0.00769043,-0.0107422,-0.00793457,5.00818,-0.00793457,-0.00610352,
60.75,0.00708008,4.98987,0.00769043,-0.0107422,-0.00793457,5.00818,-0.00793457,-0.00610352,
60.78,0.00708008,4.98987,0.00769043,-0.0107422,-0.00793457,5.00818,-0.00793457,-0.00610352,
60.81,0.00708008,4.98987,0.00769043,-0.0107422,-0.00793457,5.00818,-0.00793457,-0.00610352,
60.84,0.00708008,4.98987,0.00769043,-0.0107422,-0.00793457,5.00818,-0.00793457,-0.00610352,
60.87,0.00708008,4.98987,0.00769043,-0.0107422,-0.00793457,5.00818,-0.00793457,-0.00610352,
60.9,0.00708008,4.98987,0.00769043,-0.0107422,-0.00793457,5.00818,-0.00793457,-0.00610352,
60.93,0.00708008,4.98987,0.00769043,-0.0107422,-0.00793457,5.00818,-0.00793457,-0.00610352,
60.96,0.00708008,4.98987,0.00769043,-0.0107422,-0.00793457,5.00818,-0.00793457,-0.00610352,
60.99,0.00708008,4.98987,0.00769043,-0.0107422,-0.00793457,5.00818,-0.00793457,-0.00610352,
61.02,0.00708008,4.98987,0.00769043,-0.0107422,-0.00793457,5.00818,-0.00793457,-0.00610352,
61.05,0.00708008,4.98987,0.00769043,-0.0107422,-0.00793457,5.00818,-0.00793457,-0.00610352,
61.08,0.00708008,4.98987,0.00769043,-0.0107422,-0.00793457,5.00818,-0.00793457,-0.00610352,
61.11,0.00708008,4.98987,0.00769043,-0.0107422,-0.00793457,5.00818,-0.00793457,-0.00610352,
61.14,0.00708008,4.98987,0.00769043,-0.0107422,-0.00793457,5.00818,-0.00793457,-0.00610352,
61.17,0.00708008,4.98987,0.00769043,-0.0107422,-0.00793457,5.00818,-0.00793457,-0.00610352,
61.2,0.00708008,4.98987,0.00769043,-0.0107422,-0.00793457,5.00818,-0.00793457,-0.00610352,
61.23,0.00708008,4.98987,0.00769043,-0.0107422,-0.00793457,5.00818,-0.00793457,-0.00610352,
61.26,0.00708008,4.98987,0.00769043,-0.0107422,-0.00793457,5.00818,-0.00793457,-0.00610352,
61.29,0.00708008,4.98987,0.00769043,-0.0107422,-0.00793457,5.00818,-0.00793457,-0.00610352,
61.32,0.00708008,4.98987,0.00769043,-0.0107422,-0.00793457,5.00818,-0.00793457,-0.00610352,
61.35,0.00708008,4.98987,0.00769043,-0.0107422,-0.00793457,5.00818,-0.00793457,-0.00610352,
61.38,0.00708008,4.98987,0.00769043,-0.0107422,-0.00793457,5.00818,-0.00793457,-0.00610352,
61.41,0.00708008,4.98987,0.00769043,-0.0107422,-0.00793457,5.00818,-0.00793457,-0.00610352,
61.44,0.00708008,4.98987,0.00769043,-0.0107422,-0.00793457,5.00818,-0.00793457,-0.00610352,
61.47,0.00708008,4.98987,0.00769043,-0.0107422,-0.00793457,5.00818,-0.00793457,-0.00610352,
61.5,0.00708008,4.98987,0.00769043,-0.0107422,-0.00793457,5.00818,-0.00793457,-0.00610352,
61.53,0.00708008,4.98987,0.00769043,-0.0107422,-0.00793457,5.00818,-0.00793457,-0.00610352,
61.56,0.00708008,4.98987,0.00769043,-0.0107422,-0.00793457,5.00818,-0.00793457,-0.00610352,
61.59,0.00708008,4.98987,0.00769043,-0.0107422,-0.00793457,5.00818,-0.00793457,-0.00610352,
61.62,0.00708008,4.98987,0.00769043,-0.0107422,-0.00793457,5.00818,-0.00793457,-0.00610352,
61.65,0.00708008,4.98987,0.00769043,-0.0107422,-0.00793457,5.00818,-0.00793457,-0.00610352,
61.68,0.00708008,4.98987,0.00769043,-0.0107422,-0.00793457,5.00818,-0.00793457,-0.00610352,
61.71,0.00708008,4.98987,0.00769043,-0.0107422,-0.00793457,5.00818,-0.00793457,-0.00610352,
61.74,0.00708008,4.98987,0.00769043,-0.0107422,-0.00793457,5.00818,-0.00793457,-0.00610352,
61.77,0.00708008,4.98987,0.00769043,-0.0107422,-0.00793457,5.00818,-0.00793457,-0.00610352,
61.8,0.00708008,4.98987,0.00769043,-0.0107422,-0.00793457,5.00818,-0.00793457,-0.00610352,
61.83,0.00708008,4.98987,0.00769043,-0.0107422,-0.00793457,5.00818,-0.00793457,-0.00610352,
61.86,0.00708008,4.98987,0.00769043,-0.0107422,-0.00793457,5.00818,-0.00793457,-0.00610352,
61.89,0.00708008,4.98987,0.00769043,-0.0107422,-0.00793457,5.00818,-0.00793457,-0.00610352,
61.92,0.00708008,4.98987,0.00769043,-0.0107422,-0.00793457,5.00818,-0.00793457,-0.00610352,
61.95,0.00708008,4.98987,0.00769043,-0.0107422,-0.00793457,5.00818,-0.00793457,-0.00610352,
61.98,0.00708008,4.98987,0.00769043,-0.0107422,-0.00793457,5.00818,-0.00793457,-0.00610352,
62.01,0.00708008,4.98987,0.00769043,-0.0107422,-0.00793457,5.00818,-0.00793457,-0.00610352,
62.04,0.00708008,4.98987,0.00769043,-0.0107422,-0.00793457,5.00818,-0.00793457,-0.00610352,
62.07,0.00708008,4.98987,0.00769043,-0.0107422,-0.00793457,5.00818,-0.00793457,-0.00610352,
62.1,0.00708008,4.98987,0.00769043,-0.0107422,-0.00793457,5.00818,-0.00793457,-0.00610352,
62.13,0.00708008,4.98987,0.00769043,-0.0107422,-0.00793457,5.00818,-0.00793457,-0.00610352,
62.16,0.00708008,4.98987,0.00769043,-0.0107422,-0.00793457,5.00818,-0.00793457,-0.00610352,
62.19,0.00708008,4.98987,0.00769043,-0.0107422,-0.00793457,5.00818,-0.00793457,-0.00610352,
62.22,0.00708008,4.98987,0.00769043,-0.0107422,-0.00793457,5.00818,-0.00793457,-0.00610352,
62.25,0.00708008,4.98987,0.00769043,-0.0107422,-0.00793457,5.00818,-0.00793457,-0.00610352,
62.28,0.00708008,4.98987,0.00769043,-0.0107422,-0.00793457,5.00818,-0.00793457,-0.00610352,
62.31,0.00708008,4.98987,0.00769043,-0.0107422,-0.00793457,5.00818,-0.00793457,-0.00610352,
62.34,0.00708008,4.98987,0.00769043,-0.0107422,-0.00793457,5.00818,-0.00793457,-0.00610352,
62.37,0.00708008,4.98987,0.00769043,-0.0107422,-0.00793457,5.00818,-0.00793457,-0.00610352,
62.4,0.00708008,4.98987,0.00769043,-0.0107422,-0.00793457,5.00818,-0.00793457,-0.00610352,
62.43,0.00708008,4.98987,0.00769043,-0.0107422,-0.00793457,5.00818,-0.00793457,-0.00610352,
62.46,0.00708008,4.98987,0.00769043,-0.0107422,-0.00793457,5.00818,-0.00793457,-0.00610352,
62.49,0.00708008,4.98987,0.00769043,-0.0107422,-0.00793457,5.00818,-0.00793457,-0.00610352,
62.52,0.00708008,4.98987,0.00769043,-0.0107422,-0.00793457,5.00818,-0.00793457,-0.00610352,
62.55,0.00708008,4.98987,0.00769043,-0.0107422,-0.00793457,5.00818,-0.00793457,-0.00610352,
62.58,0.00708008,4.98987,0.00769043,-0.0107422,-0.00793457,5.00818,-0.00793457,-0.00610352,
62.61,0.00708008,4.98987,0.00769043,-0.0107422,-0.00793457,5.00818,-0.00793457,-0.00610352,
62.64,0.00708008,4.98987,0.00769043,-0.0107422,-0.00793457,5.00818,-0.00793457,-0.00610352,
62.67,0.00708008,4.98987,0.00769043,-0.0107422,-0.00793457,5.00818,-0.00793457,-0.00610352,
62.7,0.00708008,4.98987,0.00769043,-0.0107422,-0.00793457,5.00818,-0.00793457,-0.00610352,
62.73,0.00708008,4.98987,0.00769043,-0.0107422,-0.00793457,5.00818,-0.00793457,-0.00610352,
62.76,0.00708008,4.98987,0.00769043,-0.0107422,-0.00793457,5.00818,-0.00793457,-0.00610352,
62.79,0.00708008,4.98987,0.00769043,-0.0107422,-0.00793457,5.00818,-0.00793457,-0.00610352,
62.82,0.00708008,4.98987,0.00769043,-0.0107422,-0.00793457,5.00818,-0.00793457,-0.00610352,
62.85,0.00708008,4.98987,0.00769043,-0.0107422,-0.00793457,5.00818,-0.00793457,-0.00610352,
62.88,0.00708008,4.98987,0.00769043,-0.0107422,-0.00793457,5.00818,-0.00793457,-0.00610352,
62.91,0.00708008,4.98987,0.00769043,-0.0107422,-0.00793457,5.00818,-0.00793457,-0.00610352,
62.94,0.00708008,4.98987,0.00769043,-0.0107422,-0.00793457,5.00818,-0.00793457,-0.00610352,
62.97,0.00708008,4.98987,0.00769043,-0.0107422,-0.00793457,5.00818,-0.00793457,-0.00610352,
63,0.00708008,4.98987,0.00769043,-0.0107422,-0.00793457,5.00818,-0.00793457,-0.00610352,
63.03,0.00708008,4.98987,0.00769043,-0.0107422,-0.00793457,5.00818,-0.00793457,-0.00610352,
63.06,0.00708008,4.98987,0.00769043,-0.0107422,-0.00793457,5.00818,-0.00793457,-0.00610352,
63.09,0.00708008,4.98987,0.00769043,-0.0107422,-0.00793457,5.00818,-0.00793457,-0.00610352,
63.12,0.00708008,4.98987,0.00769043,-0.0107422,-0.00793457,5.00818,-0.00793457,-0.00610352,
63.15,0.00708008,4.98987,0.00769043,-0.0107422,-0.00793457,5.00818,-0.00793457,-0.00610352,
63.18,0.00708008,4.98987,0.00769043,-0.0107422,-0.00793457,5.00818,-0.00793457,-0.00610352,
63.21,0.00708008,4.98987,0.00769043,-0.0107422,-0.00793457,5.00818,-0.00793457,-0.00610352,
63.24,0.00708008,4.98987,0.00769043,-0.0107422,-0.00793457,5.00818,-0.00793457,-0.00610352,
63.27,0.00708008,4.98987,0.00769043,-0.0107422,-0.00793457,5.00818,-0.00793457,-0.00610352,
63.3,0.00708008,4.98987,0.00769043,-0.0107422,-0.00793457,5.00818,-0.00793457,-0.00610352,
63.33,0.00708008,4.98987,0.00769043,-0.0107422,-0.00793457,5.00818,-0.00793457,-0.00610352,
63.36,0.00708008,4.98987,0.00769043,-0.0107422,-0.00793457,5.00818,-0.00793457,-0.00610352,
63.39,0.00708008,4.98987,0.00769043,-0.0107422,-0.00793457,5.00818,-0.00793457,-0.00610352,
63.42,0.00708008,4.98987,0.00769043,-0.0107422,-0.00793457,5.00818,-0.00793457,-0.00610352,
63.45,0.00708008,4.98987,0.00769043,-0.0107422,-0.00793457,5.00818,-0.00793457,-0.00610352,
63.48,0.00708008,4.98987,0.00769043,-0.0107422,-0.00793457,5.00818,-0.00793457,-0.00610352,
63.51,0.00708008,4.98987,0.00769043,-0.0107422,-0.00793457,5.00818,-0.00793457,-0.00610352,
63.54,0.00708008,4.98987,0.00769043,-0.0107422,-0.00793457,5.00818,-0.00793457,-0.00610352,
63.57,0.00708008,4.98987,0.00769043,-0.0107422,-0.00793457,5.00818,-0.00793457,-0.00610352,
63.6,0.00708008,4.98987,0.00769043,-0.0107422,-0.00793457,5.00818,-0.00793457,-0.00610352,
63.63,0.00708008,4.98987,0.00769043,-0.0107422,-0.00793457,5.00818,-0.00793457,-0.00610352,
63.66,0.00708008,4.98987,0.00769043,-0.0107422,-0.00793457,5.00818,-0.00793457,-0.00610352,
63.69,0.00708008,4.98987,0.00769043,-0.0107422,-0.00793457,5.00818,-0.00793457,-0.00610352,
63.72,0.00708008,4.98987,0.00769043,-0.0107422,-0.00793457,5.00818,-0.00793457,-0.00610352,
63.75,0.00708008,4.98987,0.00769043,-0.0107422,-0.00793457,5.00818,-0.00793457,-0.00610352,
63.78,0.00708008,4.98987,0.00769043,-0.0107422,-0.00793457,5.00818,-0.00793457,-0.00610352,
63.81,0.00708008,4.98987,0.00769043,-0.0107422,-0.00793457,5.00818,-0.00793457,-0.00610352,
63.84,0.00708008,4.98987,0.00769043,-0.0107422,-0.00793457,5.00818,-0.00793457,-0.00610352,
63.87,0.00708008,4.98987,0.00769043,-0.0107422,-0.00793457,5.00818,-0.00793457,-0.00610352,
63.9,0.00708008,4.98987,0.00769043,-0.0107422,-0.00793457,5.00818,-0.00793457,-0.00610352,
63.93,0.00708008,4.98987,0.00769043,-0.0107422,-0.00793457,5.00818,-0.00793457,-0.00610352,
63.96,0.00708008,4.98987,0.00769043,-0.0107422,-0.00793457,5.00818,-0.00793457,-0.00610352,
63.99,0.00708008,4.98987,0.00769043,-0.0107422,-0.00793457,5.00818,-0.00793457,-0.00610352,
64.02,0.00708008,4.98987,0.00769043,-0.0107422,-0.00793457,5.00818,-0.00793457,-0.00610352,
64.05,0.00708008,4.98987,0.00769043,-0.0107422,-0.00793457,5.00818,-0.00793457,-0.00610352,
64.08,0.00708008,4.98987,0.00769043,-0.0107422,-0.00793457,5.00818,-0.00793457,-0.00610352,
64.11,0.00708008,4.98987,0.00769043,-0.0107422,-0.00793457,5.00818,-0.00793457,-0.00610352,
64.14,0.00708008,4.98987,0.00769043,-0.0107422,-0.00793457,5.00818,-0.00793457,-0.00610352,
64.17,0.00708008,4.98987,0.00769043,-0.0107422,-0.00793457,5.00818,-0.00793457,-0.00610352,
64.2,0.00708008,4.98987,0.00769043,-0.0107422,-0.00793457,5.00818,-0.00793457,-0.00610352,
64.23,0.00708008,4.98987,0.00769043,-0.0107422,-0.00793457,5.00818,-0.00793457,-0.00610352,
64.26,0.00708008,4.98987,0.00769043,-0.0107422,-0.00793457,5.00818,-0.00793457,-0.00610352,
64.29,0.00708008,4.98987,0.00769043,-0.0107422,-0.00793457,5.00818,-0.00793457,-0.00610352,
64.32,0.00708008,4.98987,0.00769043,-0.0107422,-0.00793457,5.00818,-0.00793457,-0.00610352,
64.35,0.00708008,4.98987,0.00769043,-0.0107422,-0.00793457,5.00818,-0.00793457,-0.00610352,
64.38,0.00708008,4.98987,0.00769043,-0.0107422,-0.00793457,5.00818,-0.00793457,-0.00610352,
64.41,0.00708008,4.98987,0.00769043,-0.0107422,-0.00793457,5.00818,-0.00793457,-0.00610352,
64.44,0.00708008,4.98987,0.00769043,-0.0107422,-0.00793457,5.00818,-0.00793457,-0.00610352,
64.47,0.00708008,4.98987,0.00769043,-0.0107422,-0.00793457,5.00818,-0.00793457,-0.00610352,
64.5,0.00708008,4.98987,0.00769043,-0.0107422,-0.00793457,5.00818,-0.00793457,-0.00610352,
64.53,0.00708008,4.98987,0.00769043,-0.0107422,-0.00793457,5.00818,-0.00793457,-0.00610352,
64.56,0.00708008,4.98987,0.00769043,-0.0107422,-0.00793457,5.00818,-0.00793457,-0.00610352,
64.59,0.00708008,4.98987,0.00769043,-0.0107422,-0.00793457,5.00818,-0.00793457,-0.00610352,
64.62,0.00708008,4.98987,0.00769043,-0.0107422,-0.00793457,5.00818,-0.00793457,-0.00610352,
64.65,0.00708008,4.98987,0.00769043,-0.0107422,-0.00793457,5.00818,-0.00793457,-0.00610352,
64.68,0.00708008,4.98987,0.00769043,-0.0107422,-0.00793457,5.00818,-0.00793457,-0.00610352,
64.71,0.00708008,4.98987,0.00769043,-0.0107422,-0.00793457,5.00818,-0.00793457,-0.00610352,
64.74,0.00708008,4.98987,0.00769043,-0.0107422,-0.00793457,5.00818,-0.00793457,-0.00610352,
64.77,0.00708008,4.98987,0.00769043,-0.0107422,-0.00793457,5.00818,-0.00793457,-0.00610352,
64.8,0.00708008,4.98987,0.00769043,-0.0107422,-0.00793457,5.00818,-0.00793457,-0.00610352,
64.83,0.00708008,4.98987,0.00769043,-0.0107422,-0.00793457,5.00818,-0.00793457,-0.00610352,
64.86,0.00708008,4.98987,0.00769043,-0.0107422,-0.00793457,5.00818,-0.00793457,-0.00610352,
64.89,0.00708008,4.98987,0.00769043,-0.0107422,-0.00793457,5.00818,-0.00793457,-0.00610352,
64.92,0.00708008,4.98987,0.00769043,-0.0107422,-0.00793457,5.00818,-0.00793457,-0.00610352,
64.95,0.00708008,4.98987,0.00769043,-0.0107422,-0.00793457,5.00818,-0.00793457,-0.00610352,
64.98,0.00708008,4.98987,0.00769043,-0.0107422,-0.00793457,5.00818,-0.00793457,-0.00610352,
65.01,0.00708008,4.98987,0.00769043,-0.0107422,-0.00793457,5.00818,-0.00793457,-0.00610352,
65.04,0.00708008,4.98987,0.00769043,-0.0107422,-0.00793457,5.00818,-0.00793457,-0.00610352,
65.07,0.00708008,4.98987,0.00769043,-0.0107422,-0.00793457,5.00818,-0.00793457,-0.00610352,
65.1,0.00708008,4.98987,0.00769043,-0.0107422,-0.00793457,5.00818,-0.00793457,-0.00610352,
65.13,0.00708008,4.98987,0.00769043,-0.0107422,-0.00793457,5.00818,-0.00793457,-0.00610352,
65.16,0.00708008,4.98987,0.00769043,-0.0107422,-0.00793457,5.00818,-0.00793457,-0.00610352,
65.19,0.00708008,4.98987,0.00769043,-0.0107422,-0.00793457,5.00818,-0.00793457,-0.00610352,
65.22,0.00708008,4.98987,0.00769043,-0.0107422,-0.00793457,5.00818,-0.00793457,-0.00610352,
65.25,0.00708008,4.98987,0.00769043,-0.0107422,-0.00793457,5.00818,-0.00793457,-0.00610352,
65.28,0.00708008,4.98987,0.00769043,-0.0107422,-0.00793457,5.00818,-0.00793457,-0.00610352,
65.31,0.00708008,4.98987,0.00769043,-0.0107422,-0.00793457,5.00818,-0.00793457,-0.00610352,
65.34,0.00708008,4.98987,0.00769043,-0.0107422,-0.00793457,5.00818,-0.00793457,-0.00610352,
65.37,0.00708008,4.98987,0.00769043,-0.0107422,-0.00793457,5.00818,-0.00793457,-0.00610352,
65.4,0.00708008,4.98987,0.00769043,-0.0107422,-0.00793457,5.00818,-0.00793457,-0.00610352,
65.43,0.00708008,4.98987,0.00769043,-0.0107422,-0.00793457,5.00818,-0.00793457,-0.00610352,
65.46,0.00708008,4.98987,0.00769043,-0.0107422,-0.00793457,5.00818,-0.00793457,-0.00610352,
65.49,0.00708008,4.98987,0.00769043,-0.0107422,-0.00793457,5.00818,-0.00793457,-0.00610352,
65.52,0.00708008,4.98987,0.00769043,-0.0107422,-0.00793457,5.00818,-0.00793457,-0.00610352,
65.55,0.00708008,4.98987,0.00769043,-0.0107422,-0.00793457,5.00818,-0.00793457,-0.00610352,
65.58,0.00708008,4.98987,0.00769043,-0.0107422,-0.00793457,5.00818,-0.00793457,-0.00610352,
65.61,0.00708008,4.98987,0.00769043,-0.0107422,-0.00793457,5.00818,-0.00793457,-0.00610352,
65.64,0.00708008,4.98987,0.00769043,-0.0107422,-0.00793457,5.00818,-0.00793457,-0.00610352,
65.67,0.00708008,4.98987,0.00769043,-0.0107422,-0.00793457,5.00818,-0.00793457,-0.00610352,
65.7,0.00708008,4.98987,0.00769043,-0.0107422,-0.00793457,5.00818,-0.00793457,-0.00610352,
65.73,0.00708008,4.98987,0.00769043,-0.0107422,-0.00793457,5.00818,-0.00793457,-0.00610352,
65.76,0.00708008,4.98987,0.00769043,-0.0107422,-0.00793457,5.00818,-0.00793457,-0.00610352,
65.79,0.00708008,4.98987,0.00769043,-0.0107422,-0.00793457,5.00818,-0.00793457,-0.00610352,
65.82,0.00708008,4.98987,0.00769043,-0.0107422,-0.00793457,5.00818,-0.00793457,-0.00610352,
65.85,0.00708008,4.98987,0.00769043,-0.0107422,-0.00793457,5.00818,-0.00793457,-0.00610352,
65.88,0.00708008,4.98987,0.00769043,-0.0107422,-0.00793457,5.00818,-0.00793457,-0.00610352,
65.91,0.00708008,4.98987,0.00769043,-0.0107422,-0.00793457,5.00818,-0.00793457,-0.00610352,
65.94,0.00708008,4.98987,0.00769043,-0.0107422,-0.00793457,5.00818,-0.00793457,-0.00610352,
65.97,0.00708008,4.98987,0.00769043,-0.0107422,-0.00793457,5.00818,-0.00793457,-0.00610352,
66,0.00708008,4.98987,0.00769043,-0.0107422,-0.00793457,5.00818,-0.00793457,-0.00610352,
66.03,0.00708008,4.98987,0.00769043,-0.0107422,-0.00793457,5.00818,-0.00793457,-0.00610352,
66.06,0.00708008,4.98987,0.00769043,-0.0107422,-0.00793457,5.00818,-0.00793457,-0.00610352,
66.09,0.00708008,4.98987,0.00769043,-0.0107422,-0.00793457,5.00818,-0.00793457,-0.00610352,
66.12,0.00708008,4.98987,0.00769043,-0.0107422,-0.00793457,5.00818,-0.00793457,-0.00610352,
66.15,0.00708008,4.98987,0.00769043,-0.0107422,-0.00793457,5.00818,-0.00793457,-0.00610352,
66.18,0.00708008,4.98987,0.00769043,-0.0107422,-0.00793457,5.00818,-0.00793457,-0.00610352,
66.21,0.00708008,4.98987,0.00769043,-0.0107422,-0.00793457,5.00818,-0.00793457,-0.00610352,
66.24,0.00708008,4.98987,0.00769043,-0.0107422,-0.00793457,5.00818,-0.00793457,-0.00610352,
66.27,0.00708008,4.98987,0.00769043,-0.0107422,-0.00793457,5.00818,-0.00793457,-0.00610352,
66.3,0.00708008,4.98987,0.00769043,-0.0107422,-0.00793457,5.00818,-0.00793457,-0.00610352,
66.33,0.00708008,4.98987,0.00769043,-0.0107422,-0.00793457,5.00818,-0.00793457,-0.00610352,
66.36,0.00708008,4.98987,0.00769043,-0.0107422,-0.00793457,5.00818,-0.00793457,-0.00610352,
66.39,0.00708008,4.98987,0.00769043,-0.0107422,-0.00793457,5.00818,-0.00793457,-0.00610352,
66.42,0.00708008,4.98987,0.00769043,-0.0107422,-0.00793457,5.00818,-0.00793457,-0.00610352,
66.45,0.00708008,4.98987,0.00769043,-0.0107422,-0.00793457,5.00818,-0.00793457,-0.00610352,
66.48,0.00708008,4.98987,0.00769043,-0.0107422,-0.00793457,5.00818,-0.00793457,-0.00610352,
66.51,0.00708008,4.98987,0.00769043,-0.0107422,-0.00793457,5.00818,-0.00793457,-0.00610352,
66.54,0.00708008,4.98987,0.00769043,-0.0107422,-0.00793457,5.00818,-0.00793457,-0.00610352,
66.57,0.00708008,4.98987,0.00769043,-0.0107422,-0.00793457,5.00818,-0.00793457,-0.00610352,
66.6,0.00708008,4.98987,0.00769043,-0.0107422,-0.00793457,5.00818,-0.00793457,-0.00610352,
66.63,0.00708008,4.98987,0.00769043,-0.0107422,-0.00793457,5.00818,-0.00793457,-0.00610352,
66.66,0.00708008,4.98987,0.00769043,-0.0107422,-0.00793457,5.00818,-0.00793457,-0.00610352,
66.69,0.00708008,4.98987,0.00769043,-0.0107422,-0.00793457,5.00818,-0.00793457,-0.00610352,
66.72,0.00708008,4.98987,0.00769043,-0.0107422,-0.00793457,5.00818,-0.00793457,-0.00610352,
66.75,0.00708008,4.98987,0.00769043,-0.0107422,-0.00793457,5.00818,-0.00793457,-0.00610352,
66.78,0.00708008,4.98987,0.00769043,-0.0107422,-0.00793457,5.00818,-0.00793457,-0.00610352,
66.81,0.00708008,4.98987,0.00769043,-0.0107422,-0.00793457,5.00818,-0.00793457,-0.00610352,
66.84,0.00708008,4.98987,0.00769043,-0.0107422,-0.00793457,5.00818,-0.00793457,-0.00610352,
66.87,0.00708008,4.98987,0.00769043,-0.0107422,-0.00793457,5.00818,-0.00793457,-0.00610352,
66.9,0.00708008,4.98987,0.00769043,-0.0107422,-0.00793457,5.00818,-0.00793457,-0.00610352,
66.93,0.00708008,4.98987,0.00769043,-0.0107422,-0.00793457,5.00818,-0.00793457,-0.00610352,
66.96,0.00708008,4.98987,0.00769043,-0.0107422,-0.00793457,5.00818,-0.00793457,-0.00610352,
66.99,0.00708008,4.98987,0.00769043,-0.0107422,-0.00793457,5.00818,-0.00793457,-0.00610352,
67.02,0.00708008,4.98987,0.00769043,-0.0107422,-0.00793457,5.00818,-0.00793457,-0.00610352,
67.05,0.00708008,4.98987,0.00769043,-0.0107422,-0.00793457,5.00818,-0.00793457,-0.00610352,
67.08,0.00708008,4.98987,0.00769043,-0.0107422,-0.00793457,5.00818,-0.00793457,-0.00610352,
67.11,0.00708008,4.98987,0.00769043,-0.0107422,-0.00793457,5.00818,-0.00793457,-0.00610352,
67.14,0.00708008,4.98987,0.00769043,-0.0107422,-0.00793457,5.00818,-0.00793457,-0.00610352,
67.17,0.00708008,4.98987,0.00769043,-0.0107422,-0.00793457,5.00818,-0.00793457,-0.00610352,
67.2,0.00708008,4.98987,0.00769043,-0.0107422,-0.00793457,5.00818,-0.00793457,-0.00610352,
67.23,0.00708008,4.98987,0.00769043,-0.0107422,-0.00793457,5.00818,-0.00793457,-0.00610352,
67.26,0.00708008,4.98987,0.00769043,-0.0107422,-0.00793457,5.00818,-0.00793457,-0.00610352,
67.29,0.00708008,4.98987,0.00769043,-0.0107422,-0.00793457,5.00818,-0.00793457,-0.00610352,
67.32,0.00708008,4.98987,0.00769043,-0.0107422,-0.00793457,5.00818,-0.00793457,-0.00610352,
67.35,0.00708008,4.98987,0.00769043,-0.0107422,-0.00793457,5.00818,-0.00793457,-0.00610352,
67.38,0.00708008,4.98987,0.00769043,-0.0107422,-0.00793457,5.00818,-0.00793457,-0.00610352,
67.41,0.00708008,4.98987,0.00769043,-0.0107422,-0.00793457,5.00818,-0.00793457,-0.00610352,
67.44,0.00708008,4.98987,0.00769043,-0.0107422,-0.00793457,5.00818,-0.00793457,-0.00610352,
67.47,0.00708008,4.98987,0.00769043,-0.0107422,-0.00793457,5.00818,-0.00793457,-0.00610352,
67.5,0.00708008,4.98987,0.00769043,-0.0107422,-0.00793457,5.00818,-0.00793457,-0.00610352,
67.53,0.00708008,4.98987,0.00769043,-0.0107422,-0.00793457,5.00818,-0.00793457,-0.00610352,
67.56,0.00708008,4.98987,0.00769043,-0.0107422,-0.00793457,5.00818,-0.00793457,-0.00610352,
67.59,0.00708008,4.98987,0.00769043,-0.0107422,-0.00793457,5.00818,-0.00793457,-0.00610352,
67.62,0.00708008,4.98987,0.00769043,-0.0107422,-0.00793457,5.00818,-0.00793457,-0.00610352,
67.65,0.00708008,4.98987,0.00769043,-0.0107422,-0.00793457,5.00818,-0.00793457,-0.00610352,
67.68,0.00708008,4.98987,0.00769043,-0.0107422,-0.00793457,5.00818,-0.00793457,-0.00610352,
67.71,0.00708008,4.98987,0.00769043,-0.0107422,-0.00793457,5.00818,-0.00793457,-0.00610352,
67.74,0.00708008,4.98987,0.00769043,-0.0107422,-0.00793457,5.00818,-0.00793457,-0.00610352,
67.77,0.00708008,4.98987,0.00769043,-0.0107422,-0.00793457,5.00818,-0.00793457,-0.00610352,
67.8,0.00708008,4.98987,0.00769043,-0.0107422,-0.00793457,5.00818,-0.00793457,-0.00610352,
67.83,0.00708008,4.98987,0.00769043,-0.0107422,-0.00793457,5.00818,-0.00793457,-0.00610352,
67.86,0.00708008,4.98987,0.00769043,-0.0107422,-0.00793457,5.00818,-0.00793457,-0.00610352,
67.89,0.00708008,4.98987,0.00769043,-0.0107422,-0.00793457,5.00818,-0.00793457,-0.00610352,
67.92,0.00708008,4.98987,0.00769043,-0.0107422,-0.00793457,5.00818,-0.00793457,-0.00610352,
67.95,0.00708008,4.98987,0.00769043,-0.0107422,-0.00793457,5.00818,-0.00793457,-0.00610352,
67.98,0.00708008,4.98987,0.00769043,-0.0107422,-0.00793457,5.00818,-0.00793457,-0.00610352,
68.01,0.00708008,4.98987,0.00769043,-0.0107422,-0.00793457,5.00818,-0.00793457,-0.00610352,
68.04,0.00708008,4.98987,0.00769043,-0.0107422,-0.00793457,5.00818,-0.00793457,-0.00610352,
68.07,0.00708008,4.98987,0.00769043,-0.0107422,-0.00793457,5.00818,-0.00793457,-0.00610352,
68.1,0.00708008,4.98987,0.00769043,-0.0107422,-0.00793457,5.00818,-0.00793457,-0.00610352,
68.13,0.00708008,4.98987,0.00769043,-0.0107422,-0.00793457,5.00818,-0.00793457,-0.00610352,
68.16,0.00708008,4.98987,0.00769043,-0.0107422,-0.00793457,5.00818,-0.00793457,-0.00610352,
68.19,0.00708008,4.98987,0.00769043,-0.0107422,-0.00793457,5.00818,-0.00793457,-0.00610352,
68.22,0.00708008,4.98987,0.00769043,-0.0107422,-0.00793457,5.00818,-0.00793457,-0.00610352,
68.25,0.00708008,4.98987,0.00769043,-0.0107422,-0.00793457,5.00818,-0.00793457,-0.00610352,
68.28,0.00708008,4.98987,0.00769043,-0.0107422,-0.00793457,5.00818,-0.00793457,-0.00610352,
68.31,0.00708008,4.98987,0.00769043,-0.0107422,-0.00793457,5.00818,-0.00793457,-0.00610352,
68.34,0.00708008,4.98987,0.00769043,-0.0107422,-0.00793457,5.00818,-0.00793457,-0.00610352,
68.37,0.00708008,4.98987,0.00769043,-0.0107422,-0.00793457,5.00818,-0.00793457,-0.00610352,
68.4,0.00708008,4.98987,0.00769043,-0.0107422,-0.00793457,5.00818,-0.00793457,-0.00610352,
68.43,0.00708008,4.98987,0.00769043,-0.0107422,-0.00793457,5.00818,-0.00793457,-0.00610352,
68.46,0.00708008,4.98987,0.00769043,-0.0107422,-0.00793457,5.00818,-0.00793457,-0.00610352,
68.49,0.00708008,4.98987,0.00769043,-0.0107422,-0.00793457,5.00818,-0.00793457,-0.00610352,
68.52,0.00708008,4.98987,0.00769043,-0.0107422,-0.00793457,5.00818,-0.00793457,-0.00610352,
68.55,0.00708008,4.98987,0.00769043,-0.0107422,-0.00793457,5.00818,-0.00793457,-0.00610352,
68.58,0.00708008,4.98987,0.00769043,-0.0107422,-0.00793457,5.00818,-0.00793457,-0.00610352,
68.61,0.00708008,4.98987,0.00769043,-0.0107422,-0.00793457,5.00818,-0.00793457,-0.00610352,
68.64,0.00708008,4.98987,0.00769043,-0.0107422,-0.00793457,5.00818,-0.00793457,-0.00610352,
68.67,0.00708008,4.98987,0.00769043,-0.0107422,-0.00793457,5.00818,-0.00793457,-0.00610352,
68.7,0.00708008,4.98987,0.00769043,-0.0107422,-0.00793457,5.00818,-0.00793457,-0.00610352,
68.73,0.00708008,4.98987,0.00769043,-0.0107422,-0.00793457,5.00818,-0.00793457,-0.00610352,
68.76,0.00708008,4.98987,0.00769043,-0.0107422,-0.00793457,5.00818,-0.00793457,-0.00610352,
68.79,0.00708008,4.98987,0.00769043,-0.0107422,-0.00793457,5.00818,-0.00793457,-0.00610352,
68.82,0.00708008,4.98987,0.00769043,-0.0107422,-0.00793457,5.00818,-0.00793457,-0.00610352,
68.85,0.00708008,4.98987,0.00769043,-0.0107422,-0.00793457,5.00818,-0.00793457,-0.00610352,
68.88,0.00708008,4.98987,0.00769043,-0.0107422,-0.00793457,5.00818,-0.00793457,-0.00610352,
68.91,0.00708008,4.98987,0.00769043,-0.0107422,-0.00793457,5.00818,-0.00793457,-0.00610352,
68.94,0.00708008,4.98987,0.00769043,-0.0107422,-0.00793457,5.00818,-0.00793457,-0.00610352,
68.97,0.00708008,4.98987,0.00769043,-0.0107422,-0.00793457,5.00818,-0.00793457,-0.00610352,
69,0.00708008,4.98987,0.00769043,-0.0107422,-0.00793457,5.00818,-0.00793457,-0.00610352,
69.03,0.00708008,4.98987,0.00769043,-0.0107422,-0.00793457,5.00818,-0.00793457,-0.00610352,
69.06,0.00708008,4.98987,0.00769043,-0.0107422,-0.00793457,5.00818,-0.00793457,-0.00610352,
69.09,0.00708008,4.98987,0.00769043,-0.0107422,-0.00793457,5.00818,-0.00793457,-0.00610352,
69.12,0.00708008,4.98987,0.00769043,-0.0107422,-0.00793457,5.00818,-0.00793457,-0.00610352,
69.15,0.00708008,4.98987,0.00769043,-0.0107422,-0.00793457,5.00818,-0.00793457,-0.00610352,
69.18,0.00708008,4.98987,0.00769043,-0.0107422,-0.00793457,5.00818,-0.00793457,-0.00610352,
69.21,0.00708008,4.98987,0.00769043,-0.0107422,-0.00793457,5.00818,-0.00793457,-0.00610352,
69.24,0.00708008,4.98987,0.00769043,-0.0107422,-0.00793457,5.00818,-0.00793457,-0.00610352,
69.27,0.00708008,4.98987,0.00769043,-0.0107422,-0.00793457,5.00818,-0.00793457,-0.00610352,
69.3,0.00708008,4.98987,0.00769043,-0.0107422,-0.00793457,5.00818,-0.00793457,-0.00610352,
69.33,0.00708008,4.98987,0.00769043,-0.0107422,-0.00793457,5.00818,-0.00793457,-0.00610352,
69.36,0.00708008,4.98987,0.00769043,-0.0107422,-0.00793457,5.00818,-0.00793457,-0.00610352,
69.39,0.00708008,4.98987,0.00769043,-0.0107422,-0.00793457,5.00818,-0.00793457,-0.00610352,
69.42,0.00708008,4.98987,0.00769043,-0.0107422,-0.00793457,5.00818,-0.00793457,-0.00610352,
69.45,0.00708008,4.98987,0.00769043,-0.0107422,-0.00793457,5.00818,-0.00793457,-0.00610352,
69.48,0.00708008,4.98987,0.00769043,-0.0107422,-0.00793457,5.00818,-0.00793457,-0.00610352,
69.51,0.00708008,4.98987,0.00769043,-0.0107422,-0.00793457,5.00818,-0.00793457,-0.00610352,
69.54,0.00708008,4.98987,0.00769043,-0.0107422,-0.00793457,5.00818,-0.00793457,-0.00610352,
69.57,0.00708008,4.98987,0.00769043,-0.0107422,-0.00793457,5.00818,-0.00793457,-0.00610352,
69.6,0.00708008,4.98987,0.00769043,-0.0107422,-0.00793457,5.00818,-0.00793457,-0.00610352,
69.63,0.00708008,4.98987,0.00769043,-0.0107422,-0.00793457,5.00818,-0.00793457,-0.00610352,
69.66,0.00708008,4.98987,0.00769043,-0.0107422,-0.00793457,5.00818,-0.00793457,-0.00610352,
69.69,0.00708008,4.98987,0.00769043,-0.0107422,-0.00793457,5.00818,-0.00793457,-0.00610352,
69.72,0.00708008,4.98987,0.00769043,-0.0107422,-0.00793457,5.00818,-0.00793457,-0.00610352,
69.75,0.00708008,4.98987,0.00769043,-0.0107422,-0.00793457,5.00818,-0.00793457,-0.00610352,
69.78,0.00708008,4.98987,0.00769043,-0.0107422,-0.00793457,5.00818,-0.00793457,-0.00610352,
69.81,0.00708008,4.98987,0.00769043,-0.0107422,-0.00793457,5.00818,-0.00793457,-0.00610352,
69.84,0.00708008,4.98987,0.00769043,-0.0107422,-0.00793457,5.00818,-0.00793457,-0.00610352,
69.87,0.00708008,4.98987,0.00769043,-0.0107422,-0.00793457,5.00818,-0.00793457,-0.00610352,
69.9,0.00708008,4.98987,0.00769043,-0.0107422,-0.00793457,5.00818,-0.00793457,-0.00610352,
69.93,0.00708008,4.98987,0.00769043,-0.0107422,-0.00793457,5.00818,-0.00793457,-0.00610352,
69.96,0.00708008,4.98987,0.00769043,-0.0107422,-0.00793457,5.00818,-0.00793457,-0.00610352,
69.99,0.00708008,4.98987,0.00769043,-0.0107422,-0.00793457,5.00818,-0.00793457,-0.00610352,
70.02,0.00708008,4.98987,0.00769043,-0.0107422,-0.00793457,5.00818,-0.00793457,-0.00610352,
70.05,0.00708008,4.98987,0.00769043,-0.0107422,-0.00793457,5.00818,-0.00793457,-0.00610352,
70.08,0.00708008,4.98987,0.00769043,-0.0107422,-0.00793457,5.00818,-0.00793457,-0.00610352,
70.11,0.00708008,4.98987,0.00769043,-0.0107422,-0.00793457,5.00818,-0.00793457,-0.00610352,
70.14,0.00708008,4.98987,0.00769043,-0.0107422,-0.00793457,5.00818,-0.00793457,-0.00610352,
70.17,0.00708008,4.98987,0.00769043,-0.0107422,-0.00793457,5.00818,-0.00793457,-0.00610352,
70.2,0.00708008,4.98987,0.00769043,-0.0107422,-0.00793457,5.00818,-0.00793457,-0.00610352,
70.23,0.00708008,4.98987,0.00769043,-0.0107422,-0.00793457,5.00818,-0.00793457,-0.00610352,
70.26,0.00708008,4.98987,0.00769043,-0.0107422,-0.00793457,5.00818,-0.00793457,-0.00610352,
70.29,0.00708008,4.98987,0.00769043,-0.0107422,-0.00793457,5.00818,-0.00793457,-0.00610352,
70.32,0.00708008,4.98987,0.00769043,-0.0107422,-0.00793457,5.00818,-0.00793457,-0.00610352,
70.35,0.00708008,4.98987,0.00769043,-0.0107422,-0.00793457,5.00818,-0.00793457,-0.00610352,
70.38,0.00708008,4.98987,0.00769043,-0.0107422,-0.00793457,5.00818,-0.00793457,-0.00610352,
70.41,0.00708008,4.98987,0.00769043,-0.0107422,-0.00793457,5.00818,-0.00793457,-0.00610352,
70.44,0.00708008,4.98987,0.00769043,-0.0107422,-0.00793457,5.00818,-0.00793457,-0.00610352,
70.47,0.00708008,4.98987,0.00769043,-0.0107422,-0.00793457,5.00818,-0.00793457,-0.00610352,
70.5,0.00708008,4.98987,0.00769043,-0.0107422,-0.00793457,5.00818,-0.00793457,-0.00610352,
70.53,0.00708008,4.98987,0.00769043,-0.0107422,-0.00793457,5.00818,-0.00793457,-0.00610352,
70.56,0.00708008,4.98987,0.00769043,-0.0107422,-0.00793457,5.00818,-0.00793457,-0.00610352,
70.59,0.00708008,4.98987,0.00769043,-0.0107422,-0.00793457,5.00818,-0.00793457,-0.00610352,
70.62,0.00708008,4.98987,0.00769043,-0.0107422,-0.00793457,5.00818,-0.00793457,-0.00610352,
70.65,0.00708008,4.98987,0.00769043,-0.0107422,-0.00793457,5.00818,-0.00793457,-0.00610352,
70.68,0.00708008,4.98987,0.00769043,-0.0107422,-0.00793457,5.00818,-0.00793457,-0.00610352,
70.71,0.00708008,4.98987,0.00769043,-0.0107422,-0.00793457,5.00818,-0.00793457,-0.00610352,
70.74,0.00708008,4.98987,0.00769043,-0.0107422,-0.00793457,5.00818,-0.00793457,-0.00610352,
70.77,0.00708008,4.98987,0.00769043,-0.0107422,-0.00793457,5.00818,-0.00793457,-0.00610352,
70.8,0.00708008,4.98987,0.00769043,-0.0107422,-0.00793457,5.00818,-0.00793457,-0.00610352,
70.83,0.00708008,4.98987,0.00769043,-0.0107422,-0.00793457,5.00818,-0.00793457,-0.00610352,
70.86,0.00708008,4.98987,0.00769043,-0.0107422,-0.00793457,5.00818,-0.00793457,-0.00610352,
70.89,0.00708008,4.98987,0.00769043,-0.0107422,-0.00793457,5.00818,-0.00793457,-0.00610352,
70.92,0.00708008,4.98987,0.00769043,-0.0107422,-0.00793457,5.00818,-0.00793457,-0.00610352,
70.95,0.00708008,4.98987,0.00769043,-0.0107422,-0.00793457,5.00818,-0.00793457,-0.00610352,
70.98,0.00708008,4.98987,0.00769043,-0.0107422,-0.00793457,5.00818,-0.00793457,-0.00610352,
71.01,0.00708008,4.98987,0.00769043,-0.0107422,-0.00793457,5.00818,-0.00793457,-0.00610352,
71.04,0.00708008,4.98987,0.00769043,-0.0107422,-0.00793457,5.00818,-0.00793457,-0.00610352,
71.07,0.00708008,4.98987,0.00769043,-0.0107422,-0.00793457,5.00818,-0.00793457,-0.00610352,
71.1,0.00708008,4.98987,0.00769043,-0.0107422,-0.00793457,5.00818,-0.00793457,-0.00610352,
71.13,0.00708008,4.98987,0.00769043,-0.0107422,-0.00793457,5.00818,-0.00793457,-0.00610352,
71.16,0.00708008,4.98987,0.00769043,-0.0107422,-0.00793457,5.00818,-0.00793457,-0.00610352,
71.19,0.00708008,4.98987,0.00769043,-0.0107422,-0.00793457,5.00818,-0.00793457,-0.00610352,
71.22,0.00708008,4.98987,0.00769043,-0.0107422,-0.00793457,5.00818,-0.00793457,-0.00610352,
71.25,0.00708008,4.98987,0.00769043,-0.0107422,-0.00793457,5.00818,-0.00793457,-0.00610352,
71.28,0.00708008,4.98987,0.00769043,-0.0107422,-0.00793457,5.00818,-0.00793457,-0.00610352,
71.31,0.00708008,4.98987,0.00769043,-0.0107422,-0.00793457,5.00818,-0.00793457,-0.00610352,
71.34,0.00708008,4.98987,0.00769043,-0.0107422,-0.00793457,5.00818,-0.00793457,-0.00610352,
71.37,0.00708008,4.98987,0.00769043,-0.0107422,-0.00793457,5.00818,-0.00793457,-0.00610352,
71.4,0.00708008,4.98987,0.00769043,-0.0107422,-0.00793457,5.00818,-0.00793457,-0.00610352,
71.43,0.00708008,4.98987,0.00769043,-0.0107422,-0.00793457,5.00818,-0.00793457,-0.00610352,
71.46,0.00708008,4.98987,0.00769043,-0.0107422,-0.00793457,5.00818,-0.00793457,-0.00610352,
71.49,0.00708008,4.98987,0.00769043,-0.0107422,-0.00793457,5.00818,-0.00793457,-0.00610352,
71.52,0.00708008,4.98987,0.00769043,-0.0107422,-0.00793457,5.00818,-0.00793457,-0.00610352,
71.55,0.00708008,4.98987,0.00769043,-0.0107422,-0.00793457,5.00818,-0.00793457,-0.00610352,
71.58,0.00708008,4.98987,0.00769043,-0.0107422,-0.00793457,5.00818,-0.00793457,-0.00610352,
71.61,0.00708008,4.98987,0.00769043,-0.0107422,-0.00793457,5.00818,-0.00793457,-0.00610352,
71.64,0.00708008,4.98987,0.00769043,-0.0107422,-0.00793457,5.00818,-0.00793457,-0.00610352,
71.67,0.00708008,4.98987,0.00769043,-0.0107422,-0.00793457,5.00818,-0.00793457,-0.00610352,
71.7,0.00708008,4.98987,0.00769043,-0.0107422,-0.00793457,5.00818,-0.00793457,-0.00610352,
71.73,0.00708008,4.98987,0.00769043,-0.0107422,-0.00793457,5.00818,-0.00793457,-0.00610352,
71.76,0.00708008,4.98987,0.00769043,-0.0107422,-0.00793457,5.00818,-0.00793457,-0.00610352,
71.79,0.00708008,4.98987,0.00769043,-0.0107422,-0.00793457,5.00818,-0.00793457,-0.00610352,
71.82,0.00708008,4.98987,0.00769043,-0.0107422,-0.00793457,5.00818,-0.00793457,-0.00610352,
71.85,0.00708008,4.98987,0.00769043,-0.0107422,-0.00793457,5.00818,-0.00793457,-0.00610352,
71.88,0.00708008,4.98987,0.00769043,-0.0107422,-0.00793457,5.00818,-0.00793457,-0.00610352,
71.91,0.00708008,4.98987,0.00769043,-0.0107422,-0.00793457,5.00818,-0.00793457,-0.00610352,
71.94,0.00708008,4.98987,0.00769043,-0.0107422,-0.00793457,5.00818,-0.00793457,-0.00610352,
71.97,0.00708008,4.98987,0.00769043,-0.0107422,-0.00793457,5.00818,-0.00793457,-0.00610352,
72,0.00708008,4.98987,0.00769043,-0.0107422,-0.00793457,5.00818,-0.00793457,-0.00610352,
72.03,0.00708008,4.98987,0.00769043,-0.0107422,-0.00793457,5.00818,-0.00793457,-0.00610352,
72.06,0.00708008,4.98987,0.00769043,-0.0107422,-0.00793457,5.00818,-0.00793457,-0.00610352,
72.09,0.00708008,4.98987,0.00769043,-0.0107422,-0.00793457,5.00818,-0.00793457,-0.00610352,
72.12,0.00708008,4.98987,0.00769043,-0.0107422,-0.00793457,5.00818,-0.00793457,-0.00610352,
72.15,0.00708008,4.98987,0.00769043,-0.0107422,-0.00793457,5.00818,-0.00793457,-0.00610352,
72.18,0.00708008,4.98987,0.00769043,-0.0107422,-0.00793457,5.00818,-0.00793457,-0.00610352,
72.21,0.00708008,4.98987,0.00769043,-0.0107422,-0.00793457,5.00818,-0.00793457,-0.00610352,
72.24,0.00708008,4.98987,0.00769043,-0.0107422,-0.00793457,5.00818,-0.00793457,-0.00610352,
72.27,0.00708008,4.98987,0.00769043,-0.0107422,-0.00793457,5.00818,-0.00793457,-0.00610352,
72.3,0.00708008,4.98987,0.00769043,-0.0107422,-0.00793457,5.00818,-0.00793457,-0.00610352,
72.33,0.00708008,4.98987,0.00769043,-0.0107422,-0.00793457,5.00818,-0.00793457,-0.00610352,
72.36,0.00708008,4.98987,0.00769043,-0.0107422,-0.00793457,5.00818,-0.00793457,-0.00610352,
72.39,0.00708008,4.98987,0.00769043,-0.0107422,-0.00793457,5.00818,-0.00793457,-0.00610352,
72.42,0.00708008,4.98987,0.00769043,-0.0107422,-0.00793457,5.00818,-0.00793457,-0.00610352,
72.45,0.00708008,4.98987,0.00769043,-0.0107422,-0.00793457,5.00818,-0.00793457,-0.00610352,
72.48,0.00708008,4.98987,0.00769043,-0.0107422,-0.00793457,5.00818,-0.00793457,-0.00610352,
72.51,0.00708008,4.98987,0.00769043,-0.0107422,-0.00793457,5.00818,-0.00793457,-0.00610352,
72.54,0.00708008,4.98987,0.00769043,-0.0107422,-0.00793457,5.00818,-0.00793457,-0.00610352,
72.57,0.00708008,4.98987,0.00769043,-0.0107422,-0.00793457,5.00818,-0.00793457,-0.00610352,
72.6,0.00708008,4.98987,0.00769043,-0.0107422,-0.00793457,5.00818,-0.00793457,-0.00610352,
72.63,0.00708008,4.98987,0.00769043,-0.0107422,-0.00793457,5.00818,-0.00793457,-0.00610352,
72.66,0.00708008,4.98987,0.00769043,-0.0107422,-0.00793457,5.00818,-0.00793457,-0.00610352,
72.69,0.00708008,4.98987,0.00769043,-0.0107422,-0.00793457,5.00818,-0.00793457,-0.00610352,
72.72,0.00708008,4.98987,0.00769043,-0.0107422,-0.00793457,5.00818,-0.00793457,-0.00610352,
72.75,0.00708008,4.98987,0.00769043,-0.0107422,-0.00793457,5.00818,-0.00793457,-0.00610352,
72.78,0.00708008,4.98987,0.00769043,-0.0107422,-0.00793457,5.00818,-0.00793457,-0.00610352,
72.81,0.00708008,4.98987,0.00769043,-0.0107422,-0.00793457,5.00818,-0.00793457,-0.00610352,
72.84,0.00708008,4.98987,0.00769043,-0.0107422,-0.00793457,5.00818,-0.00793457,-0.00610352,
72.87,0.00708008,4.98987,0.00769043,-0.0107422,-0.00793457,5.00818,-0.00793457,-0.00610352,
72.9,0.00708008,4.98987,0.00769043,-0.0107422,-0.00793457,5.00818,-0.00793457,-0.00610352,
72.93,0.00708008,4.98987,0.00769043,-0.0107422,-0.00793457,5.00818,-0.00793457,-0.00610352,
72.96,0.00708008,4.98987,0.00769043,-0.0107422,-0.00793457,5.00818,-0.00793457,-0.00610352,
72.99,0.00708008,4.98987,0.00769043,-0.0107422,-0.00793457,5.00818,-0.00793457,-0.00610352,
73.02,0.00708008,4.98987,0.00769043,-0.0107422,-0.00793457,5.00818,-0.00793457,-0.00610352,
73.05,0.00708008,4.98987,0.00769043,-0.0107422,-0.00793457,5.00818,-0.00793457,-0.00610352,
73.08,0.00708008,4.98987,0.00769043,-0.0107422,-0.00793457,5.00818,-0.00793457,-0.00610352,
73.11,0.00708008,4.98987,0.00769043,-0.0107422,-0.00793457,5.00818,-0.00793457,-0.00610352,
73.14,0.00708008,4.98987,0.00769043,-0.0107422,-0.00793457,5.00818,-0.00793457,-0.00610352,
73.17,0.00708008,4.98987,0.00769043,-0.0107422,-0.00793457,5.00818,-0.00793457,-0.00610352,
73.2,0.00708008,4.98987,0.00769043,-0.0107422,-0.00793457,5.00818,-0.00793457,-0.00610352,
73.23,0.00708008,4.98987,0.00769043,-0.0107422,-0.00793457,5.00818,-0.00793457,-0.00610352,
73.26,0.00708008,4.98987,0.00769043,-0.0107422,-0.00793457,5.00818,-0.00793457,-0.00610352,
73.29,0.00708008,4.98987,0.00769043,-0.0107422,-0.00793457,5.00818,-0.00793457,-0.00610352,
73.32,0.00708008,4.98987,0.00769043,-0.0107422,-0.00793457,5.00818,-0.00793457,-0.00610352,
73.35,0.00708008,4.98987,0.00769043,-0.0107422,-0.00793457,5.00818,-0.00793457,-0.00610352,
73.38,0.00708008,4.98987,0.00769043,-0.0107422,-0.00793457,5.00818,-0.00793457,-0.00610352,
73.41,0.00708008,4.98987,0.00769043,-0.0107422,-0.00793457,5.00818,-0.00793457,-0.00610352,
73.44,0.00708008,4.98987,0.00769043,-0.0107422,-0.00793457,5.00818,-0.00793457,-0.00610352,
73.47,0.00708008,4.98987,0.00769043,-0.0107422,-0.00793457,5.00818,-0.00793457,-0.00610352,
73.5,0.00708008,4.98987,0.00769043,-0.0107422,-0.00793457,5.00818,-0.00793457,-0.00610352,
73.53,0.00708008,4.98987,0.00769043,-0.0107422,-0.00793457,5.00818,-0.00793457,-0.00610352,
73.56,0.00708008,4.98987,0.00769043,-0.0107422,-0.00793457,5.00818,-0.00793457,-0.00610352,
73.59,0.00708008,4.98987,0.00769043,-0.0107422,-0.00793457,5.00818,-0.00793457,-0.00610352,
73.62,0.00708008,4.98987,0.00769043,-0.0107422,-0.00793457,5.00818,-0.00793457,-0.00610352,
73.65,0.00708008,4.98987,0.00769043,-0.0107422,-0.00793457,5.00818,-0.00793457,-0.00610352,
73.68,0.00708008,4.98987,0.00769043,-0.0107422,-0.00793457,5.00818,-0.00793457,-0.00610352,
73.71,0.00708008,4.98987,0.00769043,-0.0107422,-0.00793457,5.00818,-0.00793457,-0.00610352,
73.74,0.00708008,4.98987,0.00769043,-0.0107422,-0.00793457,5.00818,-0.00793457,-0.00610352,
73.77,0.00708008,4.98987,0.00769043,-0.0107422,-0.00793457,5.00818,-0.00793457,-0.00610352,
73.8,0.00708008,4.98987,0.00769043,-0.0107422,-0.00793457,5.00818,-0.00793457,-0.00610352,
73.83,0.00708008,4.98987,0.00769043,-0.0107422,-0.00793457,5.00818,-0.00793457,-0.00610352,
73.86,0.00708008,4.98987,0.00769043,-0.0107422,-0.00793457,5.00818,-0.00793457,-0.00610352,
73.89,0.00708008,4.98987,0.00769043,-0.0107422,-0.00793457,5.00818,-0.00793457,-0.00610352,
73.92,0.00708008,4.98987,0.00769043,-0.0107422,-0.00793457,5.00818,-0.00793457,-0.00610352,
73.95,0.00708008,4.98987,0.00769043,-0.0107422,-0.00793457,5.00818,-0.00793457,-0.00610352,
73.98,0.00708008,4.98987,0.00769043,-0.0107422,-0.00793457,5.00818,-0.00793457,-0.00610352,
74.01,0.00708008,4.98987,0.00769043,-0.0107422,-0.00793457,5.00818,-0.00793457,-0.00610352,
74.04,0.00708008,4.98987,0.00769043,-0.0107422,-0.00793457,5.00818,-0.00793457,-0.00610352,
74.07,0.00708008,4.98987,0.00769043,-0.0107422,-0.00793457,5.00818,-0.00793457,-0.00610352,
74.1,0.00708008,4.98987,0.00769043,-0.0107422,-0.00793457,5.00818,-0.00793457,-0.00610352,
74.13,0.00708008,4.98987,0.00769043,-0.0107422,-0.00793457,5.00818,-0.00793457,-0.00610352,
74.16,0.00708008,4.98987,0.00769043,-0.0107422,-0.00793457,5.00818,-0.00793457,-0.00610352,
74.19,0.00708008,4.98987,0.00769043,-0.0107422,-0.00793457,5.00818,-0.00793457,-0.00610352,
74.22,0.00708008,4.98987,0.00769043,-0.0107422,-0.00793457,5.00818,-0.00793457,-0.00610352,
74.25,0.00708008,4.98987,0.00769043,-0.0107422,-0.00793457,5.00818,-0.00793457,-0.00610352,
74.28,0.00708008,4.98987,0.00769043,-0.0107422,-0.00793457,5.00818,-0.00793457,-0.00610352,
74.31,0.00708008,4.98987,0.00769043,-0.0107422,-0.00793457,5.00818,-0.00793457,-0.00610352,
74.34,0.00708008,4.98987,0.00769043,-0.0107422,-0.00793457,5.00818,-0.00793457,-0.00610352,
74.37,0.00708008,4.98987,0.00769043,-0.0107422,-0.00793457,5.00818,-0.00793457,-0.00610352,
74.4,0.00708008,4.98987,0.00769043,-0.0107422,-0.00793457,5.00818,-0.00793457,-0.00610352,
74.43,0.00708008,4.98987,0.00769043,-0.0107422,-0.00793457,5.00818,-0.00793457,-0.00610352,
74.46,0.00708008,4.98987,0.00769043,-0.0107422,-0.00793457,5.00818,-0.00793457,-0.00610352,
74.49,0.00708008,4.98987,0.00769043,-0.0107422,-0.00793457,5.00818,-0.00793457,-0.00610352,
74.52,0.00708008,4.98987,0.00769043,-0.0107422,-0.00793457,5.00818,-0.00793457,-0.00610352,
74.55,0.00708008,4.98987,0.00769043,-0.0107422,-0.00793457,5.00818,-0.00793457,-0.00610352,
74.58,0.00708008,4.98987,0.00769043,-0.0107422,-0.00793457,5.00818,-0.00793457,-0.00610352,
74.61,0.00708008,4.98987,0.00769043,-0.0107422,-0.00793457,5.00818,-0.00793457,-0.00610352,
74.64,0.00708008,4.98987,0.00769043,-0.0107422,-0.00793457,5.00818,-0.00793457,-0.00610352,
74.67,0.00708008,4.98987,0.00769043,-0.0107422,-0.00793457,5.00818,-0.00793457,-0.00610352,
74.7,0.00708008,4.98987,0.00769043,-0.0107422,-0.00793457,5.00818,-0.00793457,-0.00610352,
74.73,0.00708008,4.98987,0.00769043,-0.0107422,-0.00793457,5.00818,-0.00793457,-0.00610352,
74.76,0.00708008,4.98987,0.00769043,-0.0107422,-0.00793457,5.00818,-0.00793457,-0.00610352,
74.79,0.00708008,4.98987,0.00769043,-0.0107422,-0.00793457,5.00818,-0.00793457,-0.00610352,
74.82,0.00708008,4.98987,0.00769043,-0.0107422,-0.00793457,5.00818,-0.00793457,-0.00610352,
74.85,0.00708008,4.98987,0.00769043,-0.0107422,-0.00793457,5.00818,-0.00793457,-0.00610352,
74.88,0.00708008,4.98987,0.00769043,-0.0107422,-0.00793457,5.00818,-0.00793457,-0.00610352,
74.91,0.00708008,4.98987,0.00769043,-0.0107422,-0.00793457,5.00818,-0.00793457,-0.00610352,
74.94,0.00708008,4.98987,0.00769043,-0.0107422,-0.00793457,5.00818,-0.00793457,-0.00610352,
74.97,0.00708008,4.98987,0.00769043,-0.0107422,-0.00793457,5.00818,-0.00793457,-0.00610352,
75,0.00708008,4.98987,0.00769043,-0.0107422,-0.00793457,5.00818,-0.00793457,-0.00610352,
75.03,0.00708008,4.98987,0.00769043,-0.0107422,-0.00793457,5.00818,-0.00793457,-0.00610352,
75.06,0.00708008,4.98987,0.00769043,-0.0107422,-0.00793457,5.00818,-0.00793457,-0.00610352,
75.09,0.00708008,4.98987,0.00769043,-0.0107422,-0.00793457,5.00818,-0.00793457,-0.00610352,
75.12,0.00708008,4.98987,0.00769043,-0.0107422,-0.00793457,5.00818,-0.00793457,-0.00610352,
75.15,0.00708008,4.98987,0.00769043,-0.0107422,-0.00793457,5.00818,-0.00793457,-0.00610352,
75.18,0.00708008,4.98987,0.00769043,-0.0107422,-0.00793457,5.00818,-0.00793457,-0.00610352,
75.21,0.00708008,4.98987,0.00769043,-0.0107422,-0.00793457,5.00818,-0.00793457,-0.00610352,
75.24,0.00708008,4.98987,0.00769043,-0.0107422,-0.00793457,5.00818,-0.00793457,-0.00610352,
75.27,0.00708008,4.98987,0.00769043,-0.0107422,-0.00793457,5.00818,-0.00793457,-0.00610352,
75.3,0.00708008,4.98987,0.00769043,-0.0107422,-0.00793457,5.00818,-0.00793457,-0.00610352,
75.33,0.00708008,4.98987,0.00769043,-0.0107422,-0.00793457,5.00818,-0.00793457,-0.00610352,
75.36,0.00708008,4.98987,0.00769043,-0.0107422,-0.00793457,5.00818,-0.00793457,-0.00610352,
75.39,0.00708008,4.98987,0.00769043,-0.0107422,-0.00793457,5.00818,-0.00793457,-0.00610352,
75.42,0.00708008,4.98987,0.00769043,-0.0107422,-0.00793457,5.00818,-0.00793457,-0.00610352,
75.45,0.00708008,4.98987,0.00769043,-0.0107422,-0.00793457,5.00818,-0.00793457,-0.00610352,
75.48,0.00708008,4.98987,0.00769043,-0.0107422,-0.00793457,5.00818,-0.00793457,-0.00610352,
75.51,0.00708008,4.98987,0.00769043,-0.0107422,-0.00793457,5.00818,-0.00793457,-0.00610352,
75.54,0.00708008,4.98987,0.00769043,-0.0107422,-0.00793457,5.00818,-0.00793457,-0.00610352,
75.57,0.00708008,4.98987,0.00769043,-0.0107422,-0.00793457,5.00818,-0.00793457,-0.00610352,
75.6,0.00708008,4.98987,0.00769043,-0.0107422,-0.00793457,5.00818,-0.00793457,-0.00610352,
75.63,0.00708008,4.98987,0.00769043,-0.0107422,-0.00793457,5.00818,-0.00793457,-0.00610352,
75.66,0.00708008,4.98987,0.00769043,-0.0107422,-0.00793457,5.00818,-0.00793457,-0.00610352,
75.69,0.00708008,4.98987,0.00769043,-0.0107422,-0.00793457,5.00818,-0.00793457,-0.00610352,
75.72,0.00708008,4.98987,0.00769043,-0.0107422,-0.00793457,5.00818,-0.00793457,-0.00610352,
75.75,0.00708008,4.98987,0.00769043,-0.0107422,-0.00793457,5.00818,-0.00793457,-0.00610352,
75.78,0.00708008,4.98987,0.00769043,-0.0107422,-0.00793457,5.00818,-0.00793457,-0.00610352,
75.81,0.00708008,4.98987,0.00769043,-0.0107422,-0.00793457,5.00818,-0.00793457,-0.00610352,
75.84,0.00708008,4.98987,0.00769043,-0.0107422,-0.00793457,5.00818,-0.00793457,-0.00610352,
75.87,0.00708008,4.98987,0.00769043,-0.0107422,-0.00793457,5.00818,-0.00793457,-0.00610352,
75.9,0.00708008,4.98987,0.00769043,-0.0107422,-0.00793457,5.00818,-0.00793457,-0.00610352,
75.93,0.00708008,4.98987,0.00769043,-0.0107422,-0.00793457,5.00818,-0.00793457,-0.00610352,
75.96,0.00708008,4.98987,0.00769043,-0.0107422,-0.00793457,5.00818,-0.00793457,-0.00610352,
75.99,0.00708008,4.98987,0.00769043,-0.0107422,-0.00793457,5.00818,-0.00793457,-0.00610352,
76.02,0.00708008,4.98987,0.00769043,-0.0107422,-0.00793457,5.00818,-0.00793457,-0.00610352,
76.05,0.00708008,4.98987,0.00769043,-0.0107422,-0.00793457,5.00818,-0.00793457,-0.00610352,
76.08,0.00708008,4.98987,0.00769043,-0.0107422,-0.00793457,5.00818,-0.00793457,-0.00610352,
76.11,0.00708008,4.98987,0.00769043,-0.0107422,-0.00793457,5.00818,-0.00793457,-0.00610352,
76.14,0.00708008,4.98987,0.00769043,-0.0107422,-0.00793457,5.00818,-0.00793457,-0.00610352,
76.17,0.00708008,4.98987,0.00769043,-0.0107422,-0.00793457,5.00818,-0.00793457,-0.00610352,
76.2,0.00708008,4.98987,0.00769043,-0.0107422,-0.00793457,5.00818,-0.00793457,-0.00610352,
76.23,0.00708008,4.98987,0.00769043,-0.0107422,-0.00793457,5.00818,-0.00793457,-0.00610352,
76.26,0.00708008,4.98987,0.00769043,-0.0107422,-0.00793457,5.00818,-0.00793457,-0.00610352,
76.29,0.00708008,4.98987,0.00769043,-0.0107422,-0.00793457,5.00818,-0.00793457,-0.00610352,
76.32,0.00708008,4.98987,0.00769043,-0.0107422,-0.00793457,5.00818,-0.00793457,-0.00610352,
76.35,0.00708008,4.98987,0.00769043,-0.0107422,-0.00793457,5.00818,-0.00793457,-0.00610352,
76.38,0.00708008,4.98987,0.00769043,-0.0107422,-0.00793457,5.00818,-0.00793457,-0.00610352,
76.41,0.00708008,4.98987,0.00769043,-0.0107422,-0.00793457,5.00818,-0.00793457,-0.00610352,
76.44,0.00708008,4.98987,0.00769043,-0.0107422,-0.00793457,5.00818,-0.00793457,-0.00610352,
76.47,0.00708008,4.98987,0.00769043,-0.0107422,-0.00793457,5.00818,-0.00793457,-0.00610352,
76.5,0.00708008,4.98987,0.00769043,-0.0107422,-0.00793457,5.00818,-0.00793457,-0.00610352,
76.53,0.00708008,4.98987,0.00769043,-0.0107422,-0.00793457,5.00818,-0.00793457,-0.00610352,
76.56,0.00708008,4.98987,0.00769043,-0.0107422,-0.00793457,5.00818,-0.00793457,-0.00610352,
76.59,0.00708008,4.98987,0.00769043,-0.0107422,-0.00793457,5.00818,-0.00793457,-0.00610352,
76.62,0.00708008,4.98987,0.00769043,-0.0107422,-0.00793457,5.00818,-0.00793457,-0.00610352,
76.65,0.00708008,4.98987,0.00769043,-0.0107422,-0.00793457,5.00818,-0.00793457,-0.00610352,
76.68,0.00708008,4.98987,0.00769043,-0.0107422,-0.00793457,5.00818,-0.00793457,-0.00610352,
76.71,0.00708008,4.98987,0.00769043,-0.0107422,-0.00793457,5.00818,-0.00793457,-0.00610352,
76.74,0.00708008,4.98987,0.00769043,-0.0107422,-0.00793457,5.00818,-0.00793457,-0.00610352,
76.77,0.00708008,4.98987,0.00769043,-0.0107422,-0.00793457,5.00818,-0.00793457,-0.00610352,
76.8,0.00708008,4.98987,0.00769043,-0.0107422,-0.00793457,5.00818,-0.00793457,-0.00610352,
76.83,0.00708008,4.98987,0.00769043,-0.0107422,-0.00793457,5.00818,-0.00793457,-0.00610352,
76.86,0.00708008,4.98987,0.00769043,-0.0107422,-0.00793457,5.00818,-0.00793457,-0.00610352,
76.89,0.00708008,4.98987,0.00769043,-0.0107422,-0.00793457,5.00818,-0.00793457,-0.00610352,
76.92,0.00708008,4.98987,0.00769043,-0.0107422,-0.00793457,5.00818,-0.00793457,-0.00610352,
76.95,0.00708008,4.98987,0.00769043,-0.0107422,-0.00793457,5.00818,-0.00793457,-0.00610352,
76.98,0.00708008,4.98987,0.00769043,-0.0107422,-0.00793457,5.00818,-0.00793457,-0.00610352,
77.01,0.00708008,4.98987,0.00769043,-0.0107422,-0.00793457,5.00818,-0.00793457,-0.00610352,
77.04,0.00708008,4.98987,0.00769043,-0.0107422,-0.00793457,5.00818,-0.00793457,-0.00610352,
77.07,0.00708008,4.98987,0.00769043,-0.0107422,-0.00793457,5.00818,-0.00793457,-0.00610352,
77.1,0.00708008,4.98987,0.00769043,-0.0107422,-0.00793457,5.00818,-0.00793457,-0.00610352,
77.13,0.00708008,4.98987,0.00769043,-0.0107422,-0.00793457,5.00818,-0.00793457,-0.00610352,
77.16,0.00708008,4.98987,0.00769043,-0.0107422,-0.00793457,5.00818,-0.00793457,-0.00610352,
77.19,0.00708008,4.98987,0.00769043,-0.0107422,-0.00793457,5.00818,-0.00793457,-0.00610352,
77.22,0.00708008,4.98987,0.00769043,-0.0107422,-0.00793457,5.00818,-0.00793457,-0.00610352,
77.25,0.00708008,4.98987,0.00769043,-0.0107422,-0.00793457,5.00818,-0.00793457,-0.00610352,
77.28,0.00708008,4.98987,0.00769043,-0.0107422,-0.00793457,5.00818,-0.00793457,-0.00610352,
77.31,0.00708008,4.98987,0.00769043,-0.0107422,-0.00793457,5.00818,-0.00793457,-0.00610352,
77.34,0.00708008,4.98987,0.00769043,-0.0107422,-0.00793457,5.00818,-0.00793457,-0.00610352,
77.37,0.00708008,4.98987,0.00769043,-0.0107422,-0.00793457,5.00818,-0.00793457,-0.00610352,
77.4,0.00708008,4.98987,0.00769043,-0.0107422,-0.00793457,5.00818,-0.00793457,-0.00610352,
77.43,0.00708008,4.98987,0.00769043,-0.0107422,-0.00793457,5.00818,-0.00793457,-0.00610352,
77.46,0.00708008,4.98987,0.00769043,-0.0107422,-0.00793457,5.00818,-0.00793457,-0.00610352,
77.49,0.00708008,4.98987,0.00769043,-0.0107422,-0.00793457,5.00818,-0.00793457,-0.00610352,
77.52,0.00708008,4.98987,0.00769043,-0.0107422,-0.00793457,5.00818,-0.00793457,-0.00610352,
77.55,0.00708008,4.98987,0.00769043,-0.0107422,-0.00793457,5.00818,-0.00793457,-0.00610352,
77.58,0.00708008,4.98987,0.00769043,-0.0107422,-0.00793457,5.00818,-0.00793457,-0.00610352,
77.61,0.00708008,4.98987,0.00769043,-0.0107422,-0.00793457,5.00818,-0.00793457,-0.00610352,
77.64,0.00708008,4.98987,0.00769043,-0.0107422,-0.00793457,5.00818,-0.00793457,-0.00610352,
77.67,0.00708008,4.98987,0.00769043,-0.0107422,-0.00793457,5.00818,-0.00793457,-0.00610352,
77.7,0.00708008,4.98987,0.00769043,-0.0107422,-0.00793457,5.00818,-0.00793457,-0.00610352,
77.73,0.00708008,4.98987,0.00769043,-0.0107422,-0.00793457,5.00818,-0.00793457,-0.00610352,
77.76,0.00708008,4.98987,0.00769043,-0.0107422,-0.00793457,5.00818,-0.00793457,-0.00610352,
77.79,0.00708008,4.98987,0.00769043,-0.0107422,-0.00793457,5.00818,-0.00793457,-0.00610352,
77.82,0.00708008,4.98987,0.00769043,-0.0107422,-0.00793457,5.00818,-0.00793457,-0.00610352,
77.85,0.00708008,4.98987,0.00769043,-0.0107422,-0.00793457,5.00818,-0.00793457,-0.00610352,
77.88,0.00708008,4.98987,0.00769043,-0.0107422,-0.00793457,5.00818,-0.00793457,-0.00610352,
77.91,0.00708008,4.98987,0.00769043,-0.0107422,-0.00793457,5.00818,-0.00793457,-0.00610352,
77.94,0.00708008,4.98987,0.00769043,-0.0107422,-0.00793457,5.00818,-0.00793457,-0.00610352,
77.97,0.00708008,4.98987,0.00769043,-0.0107422,-0.00793457,5.00818,-0.00793457,-0.00610352,
78,0.00708008,4.98987,0.00769043,-0.0107422,-0.00793457,5.00818,-0.00793457,-0.00610352,
78.03,0.00708008,4.98987,0.00769043,-0.0107422,-0.00793457,5.00818,-0.00793457,-0.00610352,
78.06,0.00708008,4.98987,0.00769043,-0.0107422,-0.00793457,5.00818,-0.00793457,-0.00610352,
78.09,0.00708008,4.98987,0.00769043,-0.0107422,-0.00793457,5.00818,-0.00793457,-0.00610352,
78.12,0.00708008,4.98987,0.00769043,-0.0107422,-0.00793457,5.00818,-0.00793457,-0.00610352,
78.15,0.00708008,4.98987,0.00769043,-0.0107422,-0.00793457,5.00818,-0.00793457,-0.00610352,
78.18,0.00708008,4.98987,0.00769043,-0.0107422,-0.00793457,5.00818,-0.00793457,-0.00610352,
78.21,0.00708008,4.98987,0.00769043,-0.0107422,-0.00793457,5.00818,-0.00793457,-0.00610352,
78.24,0.00708008,4.98987,0.00769043,-0.0107422,-0.00793457,5.00818,-0.00793457,-0.00610352,
78.27,0.00708008,4.98987,0.00769043,-0.0107422,-0.00793457,5.00818,-0.00793457,-0.00610352,
78.3,0.00708008,4.98987,0.00769043,-0.0107422,-0.00793457,5.00818,-0.00793457,-0.00610352,
78.33,0.00708008,4.98987,0.00769043,-0.0107422,-0.00793457,5.00818,-0.00793457,-0.00610352,
78.36,0.00708008,4.98987,0.00769043,-0.0107422,-0.00793457,5.00818,-0.00793457,-0.00610352,
78.39,0.00708008,4.98987,0.00769043,-0.0107422,-0.00793457,5.00818,-0.00793457,-0.00610352,
78.42,0.00708008,4.98987,0.00769043,-0.0107422,-0.00793457,5.00818,-0.00793457,-0.00610352,
78.45,0.00708008,4.98987,0.00769043,-0.0107422,-0.00793457,5.00818,-0.00793457,-0.00610352,
78.48,0.00708008,4.98987,0.00769043,-0.0107422,-0.00793457,5.00818,-0.00793457,-0.00610352,
78.51,0.00708008,4.98987,0.00769043,-0.0107422,-0.00793457,5.00818,-0.00793457,-0.00610352,
78.54,0.00708008,4.98987,0.00769043,-0.0107422,-0.00793457,5.00818,-0.00793457,-0.00610352,
78.57,0.00708008,4.98987,0.00769043,-0.0107422,-0.00793457,5.00818,-0.00793457,-0.00610352,
78.6,0.00708008,4.98987,0.00769043,-0.0107422,-0.00793457,5.00818,-0.00793457,-0.00610352,
78.63,0.00708008,4.98987,0.00769043,-0.0107422,-0.00793457,5.00818,-0.00793457,-0.00610352,
78.66,0.00708008,4.98987,0.00769043,-0.0107422,-0.00793457,5.00818,-0.00793457,-0.00610352,
78.69,0.00708008,4.98987,0.00769043,-0.0107422,-0.00793457,5.00818,-0.00793457,-0.00610352,
78.72,0.00708008,4.98987,0.00769043,-0.0107422,-0.00793457,5.00818,-0.00793457,-0.00610352,
78.75,0.00708008,4.98987,0.00769043,-0.0107422,-0.00793457,5.00818,-0.00793457,-0.00610352,
78.78,0.00708008,4.98987,0.00769043,-0.0107422,-0.00793457,5.00818,-0.00793457,-0.00610352,
78.81,0.00708008,4.98987,0.00769043,-0.0107422,-0.00793457,5.00818,-0.00793457,-0.00610352,
78.84,0.00708008,4.98987,0.00769043,-0.0107422,-0.00793457,5.00818,-0.00793457,-0.00610352,
78.87,0.00708008,4.98987,0.00769043,-0.0107422,-0.00793457,5.00818,-0.00793457,-0.00610352,
78.9,0.00708008,4.98987,0.00769043,-0.0107422,-0.00793457,5.00818,-0.00793457,-0.00610352,
78.93,0.00708008,4.98987,0.00769043,-0.0107422,-0.00793457,5.00818,-0.00793457,-0.00610352,
78.96,0.00708008,4.98987,0.00769043,-0.0107422,-0.00793457,5.00818,-0.00793457,-0.00610352,
78.99,0.00708008,4.98987,0.00769043,-0.0107422,-0.00793457,5.00818,-0.00793457,-0.00610352,
79.02,0.00708008,4.98987,0.00769043,-0.0107422,-0.00793457,5.00818,-0.00793457,-0.00610352,
79.05,0.00708008,4.98987,0.00769043,-0.0107422,-0.00793457,5.00818,-0.00793457,-0.00610352,
79.08,0.00708008,4.98987,0.00769043,-0.0107422,-0.00793457,5.00818,-0.00793457,-0.00610352,
79.11,0.00708008,4.98987,0.00769043,-0.0107422,-0.00793457,5.00818,-0.00793457,-0.00610352,
79.14,0.00708008,4.98987,0.00769043,-0.0107422,-0.00793457,5.00818,-0.00793457,-0.00610352,
79.17,0.00708008,4.98987,0.00769043,-0.0107422,-0.00793457,5.00818,-0.00793457,-0.00610352,
79.2,0.00708008,4.98987,0.00769043,-0.0107422,-0.00793457,5.00818,-0.00793457,-0.00610352,
79.23,0.00708008,4.98987,0.00769043,-0.0107422,-0.00793457,5.00818,-0.00793457,-0.00610352,
79.26,0.00708008,4.98987,0.00769043,-0.0107422,-0.00793457,5.00818,-0.00793457,-0.00610352,
79.29,0.00708008,4.98987,0.00769043,-0.0107422,-0.00793457,5.00818,-0.00793457,-0.00610352,
79.32,0.00708008,4.98987,0.00769043,-0.0107422,-0.00793457,5.00818,-0.00793457,-0.00610352,
79.35,0.00708008,4.98987,0.00769043,-0.0107422,-0.00793457,5.00818,-0.00793457,-0.00610352,
79.38,0.00708008,4.98987,0.00769043,-0.0107422,-0.00793457,5.00818,-0.00793457,-0.00610352,
79.41,0.00708008,4.98987,0.00769043,-0.0107422,-0.00793457,5.00818,-0.00793457,-0.00610352,
79.44,0.00708008,4.98987,0.00769043,-0.0107422,-0.00793457,5.00818,-0.00793457,-0.00610352,
79.47,0.00708008,4.98987,0.00769043,-0.0107422,-0.00793457,5.00818,-0.00793457,-0.00610352,
79.5,0.00708008,4.98987,0.00769043,-0.0107422,-0.00793457,5.00818,-0.00793457,-0.00610352,
79.53,0.00708008,4.98987,0.00769043,-0.0107422,-0.00793457,5.00818,-0.00793457,-0.00610352,
79.56,0.00708008,4.98987,0.00769043,-0.0107422,-0.00793457,5.00818,-0.00793457,-0.00610352,
79.59,0.00708008,4.98987,0.00769043,-0.0107422,-0.00793457,5.00818,-0.00793457,-0.00610352,
79.62,0.00708008,4.98987,0.00769043,-0.0107422,-0.00793457,5.00818,-0.00793457,-0.00610352,
79.65,0.00708008,4.98987,0.00769043,-0.0107422,-0.00793457,5.00818,-0.00793457,-0.00610352,
79.68,0.00708008,4.98987,0.00769043,-0.0107422,-0.00793457,5.00818,-0.00793457,-0.00610352,
79.71,0.00708008,4.98987,0.00769043,-0.0107422,-0.00793457,5.00818,-0.00793457,-0.00610352,
79.74,0.00708008,4.98987,0.00769043,-0.0107422,-0.00793457,5.00818,-0.00793457,-0.00610352,
79.77,0.00708008,4.98987,0.00769043,-0.0107422,-0.00793457,5.00818,-0.00793457,-0.00610352,
79.8,0.00708008,4.98987,0.00769043,-0.0107422,-0.00793457,5.00818,-0.00793457,-0.00610352,
79.83,0.00708008,4.98987,0.00769043,-0.0107422,-0.00793457,5.00818,-0.00793457,-0.00610352,
79.86,0.00708008,4.98987,0.00769043,-0.0107422,-0.00793457,5.00818,-0.00793457,-0.00610352,
79.89,0.00708008,4.98987,0.00769043,-0.0107422,-0.00793457,5.00818,-0.00793457,-0.00610352,
79.92,0.00708008,4.98987,0.00769043,-0.0107422,-0.00793457,5.00818,-0.00793457,-0.00610352,
79.95,0.00708008,4.98987,0.00769043,-0.0107422,-0.00793457,5.00818,-0.00793457,-0.00610352,
79.98,0.00708008,4.98987,0.00769043,-0.0107422,-0.00793457,5.00818,-0.00793457,-0.00610352,
80.01,0.00708008,4.98987,0.00769043,-0.0107422,-0.00793457,5.00818,-0.00793457,-0.00610352,
80.04,0.00708008,4.98987,0.00769043,-0.0107422,-0.00793457,5.00818,-0.00793457,-0.00610352,
80.07,0.00708008,4.98987,0.00769043,-0.0107422,-0.00793457,5.00818,-0.00793457,-0.00610352,
80.1,0.00708008,4.98987,0.00769043,-0.0107422,-0.00793457,5.00818,-0.00793457,-0.00610352,
80.13,0.00708008,4.98987,0.00769043,-0.0107422,-0.00793457,5.00818,-0.00793457,-0.00610352,
80.16,0.00708008,4.98987,0.00769043,-0.0107422,-0.00793457,5.00818,-0.00793457,-0.00610352,
80.19,0.00708008,4.98987,0.00769043,-0.0107422,-0.00793457,5.00818,-0.00793457,-0.00610352,
80.22,0.00708008,4.98987,0.00769043,-0.0107422,-0.00793457,5.00818,-0.00793457,-0.00610352,
80.25,0.00708008,4.98987,0.00769043,-0.0107422,-0.00793457,5.00818,-0.00793457,-0.00610352,
80.28,0.00708008,4.98987,0.00769043,-0.0107422,-0.00793457,5.00818,-0.00793457,-0.00610352,
80.31,0.00708008,4.98987,0.00769043,-0.0107422,-0.00793457,5.00818,-0.00793457,-0.00610352,
80.34,0.00708008,4.98987,0.00769043,-0.0107422,-0.00793457,5.00818,-0.00793457,-0.00610352,
80.37,0.00708008,4.98987,0.00769043,-0.0107422,-0.00793457,5.00818,-0.00793457,-0.00610352,
80.4,0.00708008,4.98987,0.00769043,-0.0107422,-0.00793457,5.00818,-0.00793457,-0.00610352,
80.43,0.00708008,4.98987,0.00769043,-0.0107422,-0.00793457,5.00818,-0.00793457,-0.00610352,
80.46,0.00708008,4.98987,0.00769043,-0.0107422,-0.00793457,5.00818,-0.00793457,-0.00610352,
80.49,0.00708008,4.98987,0.00769043,-0.0107422,-0.00793457,5.00818,-0.00793457,-0.00610352,
80.52,0.00708008,4.98987,0.00769043,-0.0107422,-0.00793457,5.00818,-0.00793457,-0.00610352,
80.55,0.00708008,4.98987,0.00769043,-0.0107422,-0.00793457,5.00818,-0.00793457,-0.00610352,
80.58,0.00708008,4.98987,0.00769043,-0.0107422,-0.00793457,5.00818,-0.00793457,-0.00610352,
80.61,0.00708008,4.98987,0.00769043,-0.0107422,-0.00793457,5.00818,-0.00793457,-0.00610352,
80.64,0.00708008,4.98987,0.00769043,-0.0107422,-0.00793457,5.00818,-0.00793457,-0.00610352,
80.67,0.00708008,4.98987,0.00769043,-0.0107422,-0.00793457,5.00818,-0.00793457,-0.00610352,
80.7,0.00708008,4.98987,0.00769043,-0.0107422,-0.00793457,5.00818,-0.00793457,-0.00610352,
80.73,0.00708008,4.98987,0.00769043,-0.0107422,-0.00793457,5.00818,-0.00793457,-0.00610352,
80.76,0.00708008,4.98987,0.00769043,-0.0107422,-0.00793457,5.00818,-0.00793457,-0.00610352,
80.79,0.00708008,4.98987,0.00769043,-0.0107422,-0.00793457,5.00818,-0.00793457,-0.00610352,
80.82,0.00708008,4.98987,0.00769043,-0.0107422,-0.00793457,5.00818,-0.00793457,-0.00610352,
80.85,0.00708008,4.98987,0.00769043,-0.0107422,-0.00793457,5.00818,-0.00793457,-0.00610352,
80.88,0.00708008,4.98987,0.00769043,-0.0107422,-0.00793457,5.00818,-0.00793457,-0.00610352,
80.91,0.00708008,4.98987,0.00769043,-0.0107422,-0.00793457,5.00818,-0.00793457,-0.00610352,
80.94,0.00708008,4.98987,0.00769043,-0.0107422,-0.00793457,5.00818,-0.00793457,-0.00610352,
80.97,0.00708008,4.98987,0.00769043,-0.0107422,-0.00793457,5.00818,-0.00793457,-0.00610352,
81,0.00708008,4.98987,0.00769043,-0.0107422,-0.00793457,5.00818,-0.00793457,-0.00610352,
81.03,0.00708008,4.98987,0.00769043,-0.0107422,-0.00793457,5.00818,-0.00793457,-0.00610352,
81.06,0.00708008,4.98987,0.00769043,-0.0107422,-0.00793457,5.00818,-0.00793457,-0.00610352,
81.09,0.00708008,4.98987,0.00769043,-0.0107422,-0.00793457,5.00818,-0.00793457,-0.00610352,
81.12,0.00708008,4.98987,0.00769043,-0.0107422,-0.00793457,5.00818,-0.00793457,-0.00610352,
81.15,0.00708008,4.98987,0.00769043,-0.0107422,-0.00793457,5.00818,-0.00793457,-0.00610352,
81.18,0.00708008,4.98987,0.00769043,-0.0107422,-0.00793457,5.00818,-0.00793457,-0.00610352,
81.21,0.00708008,4.98987,0.00769043,-0.0107422,-0.00793457,5.00818,-0.00793457,-0.00610352,
81.24,0.00708008,4.98987,0.00769043,-0.0107422,-0.00793457,5.00818,-0.00793457,-0.00610352,
81.27,0.00708008,4.98987,0.00769043,-0.0107422,-0.00793457,5.00818,-0.00793457,-0.00610352,
81.3,0.00708008,4.98987,0.00769043,-0.0107422,-0.00793457,5.00818,-0.00793457,-0.00610352,
81.33,0.00708008,4.98987,0.00769043,-0.0107422,-0.00793457,5.00818,-0.00793457,-0.00610352,
81.36,0.00708008,4.98987,0.00769043,-0.0107422,-0.00793457,5.00818,-0.00793457,-0.00610352,
81.39,0.00708008,4.98987,0.00769043,-0.0107422,-0.00793457,5.00818,-0.00793457,-0.00610352,
81.42,0.00708008,4.98987,0.00769043,-0.0107422,-0.00793457,5.00818,-0.00793457,-0.00610352,
81.45,0.00708008,4.98987,0.00769043,-0.0107422,-0.00793457,5.00818,-0.00793457,-0.00610352,
81.48,0.00708008,4.98987,0.00769043,-0.0107422,-0.00793457,5.00818,-0.00793457,-0.00610352,
81.51,0.00708008,4.98987,0.00769043,-0.0107422,-0.00793457,5.00818,-0.00793457,-0.00610352,
81.54,0.00708008,4.98987,0.00769043,-0.0107422,-0.00793457,5.00818,-0.00793457,-0.00610352,
81.57,0.00708008,4.98987,0.00769043,-0.0107422,-0.00793457,5.00818,-0.00793457,-0.00610352,
81.6,0.00708008,4.98987,0.00769043,-0.0107422,-0.00793457,5.00818,-0.00793457,-0.00610352,
81.63,0.00708008,4.98987,0.00769043,-0.0107422,-0.00793457,5.00818,-0.00793457,-0.00610352,
81.66,0.00708008,4.98987,0.00769043,-0.0107422,-0.00793457,5.00818,-0.00793457,-0.00610352,
81.69,0.00708008,4.98987,0.00769043,-0.0107422,-0.00793457,5.00818,-0.00793457,-0.00610352,
81.72,0.00708008,4.98987,0.00769043,-0.0107422,-0.00793457,5.00818,-0.00793457,-0.00610352,
81.75,0.00708008,4.98987,0.00769043,-0.0107422,-0.00793457,5.00818,-0.00793457,-0.00610352,
81.78,0.00708008,4.98987,0.00769043,-0.0107422,-0.00793457,5.00818,-0.00793457,-0.00610352,
81.81,0.00708008,4.98987,0.00769043,-0.0107422,-0.00793457,5.00818,-0.00793457,-0.00610352,
81.84,0.00708008,4.98987,0.00769043,-0.0107422,-0.00793457,5.00818,-0.00793457,-0.00610352,
81.87,0.00708008,4.98987,0.00769043,-0.0107422,-0.00793457,5.00818,-0.00793457,-0.00610352,
81.9,0.00708008,4.98987,0.00769043,-0.0107422,-0.00793457,5.00818,-0.00793457,-0.00610352,
81.93,0.00708008,4.98987,0.00769043,-0.0107422,-0.00793457,5.00818,-0.00793457,-0.00610352,
81.96,0.00708008,4.98987,0.00769043,-0.0107422,-0.00793457,5.00818,-0.00793457,-0.00610352,
81.99,0.00708008,4.98987,0.00769043,-0.0107422,-0.00793457,5.00818,-0.00793457,-0.00610352,
82.02,0.00708008,4.98987,0.00769043,-0.0107422,-0.00793457,5.00818,-0.00793457,-0.00610352,
82.05,0.00708008,4.98987,0.00769043,-0.0107422,-0.00793457,5.00818,-0.00793457,-0.00610352,
82.08,0.00708008,4.98987,0.00769043,-0.0107422,-0.00793457,5.00818,-0.00793457,-0.00610352,
82.11,0.00708008,4.98987,0.00769043,-0.0107422,-0.00793457,5.00818,-0.00793457,-0.00610352,
82.14,0.00708008,4.98987,0.00769043,-0.0107422,-0.00793457,5.00818,-0.00793457,-0.00610352,
82.17,0.00708008,4.98987,0.00769043,-0.0107422,-0.00793457,5.00818,-0.00793457,-0.00610352,
82.2,0.00708008,4.98987,0.00769043,-0.0107422,-0.00793457,5.00818,-0.00793457,-0.00610352,
82.23,0.00708008,4.98987,0.00769043,-0.0107422,-0.00793457,5.00818,-0.00793457,-0.00610352,
82.26,0.00708008,4.98987,0.00769043,-0.0107422,-0.00793457,5.00818,-0.00793457,-0.00610352,
82.29,0.00708008,4.98987,0.00769043,-0.0107422,-0.00793457,5.00818,-0.00793457,-0.00610352,
82.32,0.00708008,4.98987,0.00769043,-0.0107422,-0.00793457,5.00818,-0.00793457,-0.00610352,
82.35,0.00708008,4.98987,0.00769043,-0.0107422,-0.00793457,5.00818,-0.00793457,-0.00610352,
82.38,0.00708008,4.98987,0.00769043,-0.0107422,-0.00793457,5.00818,-0.00793457,-0.00610352,
82.41,0.00708008,4.98987,0.00769043,-0.0107422,-0.00793457,5.00818,-0.00793457,-0.00610352,
82.44,0.00708008,4.98987,0.00769043,-0.0107422,-0.00793457,5.00818,-0.00793457,-0.00610352,
82.47,0.00708008,4.98987,0.00769043,-0.0107422,-0.00793457,5.00818,-0.00793457,-0.00610352,
82.5,0.00708008,4.98987,0.00769043,-0.0107422,-0.00793457,5.00818,-0.00793457,-0.00610352,
82.53,0.00708008,4.98987,0.00769043,-0.0107422,-0.00793457,5.00818,-0.00793457,-0.00610352,
82.56,0.00708008,4.98987,0.00769043,-0.0107422,-0.00793457,5.00818,-0.00793457,-0.00610352,
82.59,0.00708008,4.98987,0.00769043,-0.0107422,-0.00793457,5.00818,-0.00793457,-0.00610352,
82.62,0.00708008,4.98987,0.00769043,-0.0107422,-0.00793457,5.00818,-0.00793457,-0.00610352,
82.65,0.00708008,4.98987,0.00769043,-0.0107422,-0.00793457,5.00818,-0.00793457,-0.00610352,
82.68,0.00708008,4.98987,0.00769043,-0.0107422,-0.00793457,5.00818,-0.00793457,-0.00610352,
82.71,0.00708008,4.98987,0.00769043,-0.0107422,-0.00793457,5.00818,-0.00793457,-0.00610352,
82.74,0.00708008,4.98987,0.00769043,-0.0107422,-0.00793457,5.00818,-0.00793457,-0.00610352,
82.77,0.00708008,4.98987,0.00769043,-0.0107422,-0.00793457,5.00818,-0.00793457,-0.00610352,
82.8,0.00708008,4.98987,0.00769043,-0.0107422,-0.00793457,5.00818,-0.00793457,-0.00610352,
82.83,0.00708008,4.98987,0.00769043,-0.0107422,-0.00793457,5.00818,-0.00793457,-0.00610352,
82.86,0.00708008,4.98987,0.00769043,-0.0107422,-0.00793457,5.00818,-0.00793457,-0.00610352,
82.89,0.00708008,4.98987,0.00769043,-0.0107422,-0.00793457,5.00818,-0.00793457,-0.00610352,
82.92,0.00708008,4.98987,0.00769043,-0.0107422,-0.00793457,5.00818,-0.00793457,-0.00610352,
82.95,0.00708008,4.98987,0.00769043,-0.0107422,-0.00793457,5.00818,-0.00793457,-0.00610352,
82.98,0.00708008,4.98987,0.00769043,-0.0107422,-0.00793457,5.00818,-0.00793457,-0.00610352,
83.01,0.00708008,4.98987,0.00769043,-0.0107422,-0.00793457,5.00818,-0.00793457,-0.00610352,
83.04,0.00708008,4.98987,0.00769043,-0.0107422,-0.00793457,5.00818,-0.00793457,-0.00610352,
83.07,0.00708008,4.98987,0.00769043,-0.0107422,-0.00793457,5.00818,-0.00793457,-0.00610352,
83.1,0.00708008,4.98987,0.00769043,-0.0107422,-0.00793457,5.00818,-0.00793457,-0.00610352,
83.13,0.00708008,4.98987,0.00769043,-0.0107422,-0.00793457,5.00818,-0.00793457,-0.00610352,
83.16,0.00708008,4.98987,0.00769043,-0.0107422,-0.00793457,5.00818,-0.00793457,-0.00610352,
83.19,0.00708008,4.98987,0.00769043,-0.0107422,-0.00793457,5.00818,-0.00793457,-0.00610352,
83.22,0.00708008,4.98987,0.00769043,-0.0107422,-0.00793457,5.00818,-0.00793457,-0.00610352,
83.25,0.00708008,4.98987,0.00769043,-0.0107422,-0.00793457,5.00818,-0.00793457,-0.00610352,
83.28,0.00708008,4.98987,0.00769043,-0.0107422,-0.00793457,5.00818,-0.00793457,-0.00610352,
83.31,0.00708008,4.98987,0.00769043,-0.0107422,-0.00793457,5.00818,-0.00793457,-0.00610352,
83.34,0.00708008,4.98987,0.00769043,-0.0107422,-0.00793457,5.00818,-0.00793457,-0.00610352,
83.37,0.00708008,4.98987,0.00769043,-0.0107422,-0.00793457,5.00818,-0.00793457,-0.00610352,
83.4,0.00708008,4.98987,0.00769043,-0.0107422,-0.00793457,5.00818,-0.00793457,-0.00610352,
83.43,0.00708008,4.98987,0.00769043,-0.0107422,-0.00793457,5.00818,-0.00793457,-0.00610352,
83.46,0.00708008,4.98987,0.00769043,-0.0107422,-0.00793457,5.00818,-0.00793457,-0.00610352,
83.49,0.00708008,4.98987,0.00769043,-0.0107422,-0.00793457,5.00818,-0.00793457,-0.00610352,
83.52,0.00708008,4.98987,0.00769043,-0.0107422,-0.00793457,5.00818,-0.00793457,-0.00610352,
83.55,0.00708008,4.98987,0.00769043,-0.0107422,-0.00793457,5.00818,-0.00793457,-0.00610352,
83.58,0.00708008,4.98987,0.00769043,-0.0107422,-0.00793457,5.00818,-0.00793457,-0.00610352,
83.61,0.00708008,4.98987,0.00769043,-0.0107422,-0.00793457,5.00818,-0.00793457,-0.00610352,
83.64,0.00708008,4.98987,0.00769043,-0.0107422,-0.00793457,5.00818,-0.00793457,-0.00610352,
83.67,0.00708008,4.98987,0.00769043,-0.0107422,-0.00793457,5.00818,-0.00793457,-0.00610352,
83.7,0.00708008,4.98987,0.00769043,-0.0107422,-0.00793457,5.00818,-0.00793457,-0.00610352,
83.73,0.00708008,4.98987,0.00769043,-0.0107422,-0.00793457,5.00818,-0.00793457,-0.00610352,
83.76,0.00708008,4.98987,0.00769043,-0.0107422,-0.00793457,5.00818,-0.00793457,-0.00610352,
83.79,0.00708008,4.98987,0.00769043,-0.0107422,-0.00793457,5.00818,-0.00793457,-0.00610352,
83.82,0.00708008,4.98987,0.00769043,-0.0107422,-0.00793457,5.00818,-0.00793457,-0.00610352,
83.85,0.00708008,4.98987,0.00769043,-0.0107422,-0.00793457,5.00818,-0.00793457,-0.00610352,
83.88,0.00708008,4.98987,0.00769043,-0.0107422,-0.00793457,5.00818,-0.00793457,-0.00610352,
83.91,0.00708008,4.98987,0.00769043,-0.0107422,-0.00793457,5.00818,-0.00793457,-0.00610352,
83.94,0.00708008,4.98987,0.00769043,-0.0107422,-0.00793457,5.00818,-0.00793457,-0.00610352,
83.97,0.00708008,4.98987,0.00769043,-0.0107422,-0.00793457,5.00818,-0.00793457,-0.00610352,
84,0.00708008,4.98987,0.00769043,-0.0107422,-0.00793457,5.00818,-0.00793457,-0.00610352,
84.03,0.00708008,4.98987,0.00769043,-0.0107422,-0.00793457,5.00818,-0.00793457,-0.00610352,
84.06,0.00708008,4.98987,0.00769043,-0.0107422,-0.00793457,5.00818,-0.00793457,-0.00610352,
84.09,0.00708008,4.98987,0.00769043,-0.0107422,-0.00793457,5.00818,-0.00793457,-0.00610352,
84.12,0.00708008,4.98987,0.00769043,-0.0107422,-0.00793457,5.00818,-0.00793457,-0.00610352,
84.15,0.00708008,4.98987,0.00769043,-0.0107422,-0.00793457,5.00818,-0.00793457,-0.00610352,
84.18,0.00708008,4.98987,0.00769043,-0.0107422,-0.00793457,5.00818,-0.00793457,-0.00610352,
84.21,0.00708008,4.98987,0.00769043,-0.0107422,-0.00793457,5.00818,-0.00793457,-0.00610352,
84.24,0.00708008,4.98987,0.00769043,-0.0107422,-0.00793457,5.00818,-0.00793457,-0.00610352,
84.27,0.00708008,4.98987,0.00769043,-0.0107422,-0.00793457,5.00818,-0.00793457,-0.00610352,
84.3,0.00708008,4.98987,0.00769043,-0.0107422,-0.00793457,5.00818,-0.00793457,-0.00610352,
84.33,0.00708008,4.98987,0.00769043,-0.0107422,-0.00793457,5.00818,-0.00793457,-0.00610352,
84.36,0.00708008,4.98987,0.00769043,-0.0107422,-0.00793457,5.00818,-0.00793457,-0.00610352,
84.39,0.00708008,4.98987,0.00769043,-0.0107422,-0.00793457,5.00818,-0.00793457,-0.00610352,
84.42,0.00708008,4.98987,0.00769043,-0.0107422,-0.00793457,5.00818,-0.00793457,-0.00610352,
84.45,0.00708008,4.98987,0.00769043,-0.0107422,-0.00793457,5.00818,-0.00793457,-0.00610352,
84.48,0.00708008,4.98987,0.00769043,-0.0107422,-0.00793457,5.00818,-0.00793457,-0.00610352,
84.51,0.00708008,4.98987,0.00769043,-0.0107422,-0.00793457,5.00818,-0.00793457,-0.00610352,
84.54,0.00708008,4.98987,0.00769043,-0.0107422,-0.00793457,5.00818,-0.00793457,-0.00610352,
84.57,0.00708008,4.98987,0.00769043,-0.0107422,-0.00793457,5.00818,-0.00793457,-0.00610352,
84.6,0.00708008,4.98987,0.00769043,-0.0107422,-0.00793457,5.00818,-0.00793457,-0.00610352,
84.63,0.00708008,4.98987,0.00769043,-0.0107422,-0.00793457,5.00818,-0.00793457,-0.00610352,
84.66,0.00708008,4.98987,0.00769043,-0.0107422,-0.00793457,5.00818,-0.00793457,-0.00610352,
84.69,0.00708008,4.98987,0.00769043,-0.0107422,-0.00793457,5.00818,-0.00793457,-0.00610352,
84.72,0.00708008,4.98987,0.00769043,-0.0107422,-0.00793457,5.00818,-0.00793457,-0.00610352,
84.75,0.00708008,4.98987,0.00769043,-0.0107422,-0.00793457,5.00818,-0.00793457,-0.00610352,
84.78,0.00708008,4.98987,0.00769043,-0.0107422,-0.00793457,5.00818,-0.00793457,-0.00610352,
84.81,0.00708008,4.98987,0.00769043,-0.0107422,-0.00793457,5.00818,-0.00793457,-0.00610352,
84.84,0.00708008,4.98987,0.00769043,-0.0107422,-0.00793457,5.00818,-0.00793457,-0.00610352,
84.87,0.00708008,4.98987,0.00769043,-0.0107422,-0.00793457,5.00818,-0.00793457,-0.00610352,
84.9,0.00708008,4.98987,0.00769043,-0.0107422,-0.00793457,5.00818,-0.00793457,-0.00610352,
84.93,0.00708008,4.98987,0.00769043,-0.0107422,-0.00793457,5.00818,-0.00793457,-0.00610352,
84.96,0.00708008,4.98987,0.00769043,-0.0107422,-0.00793457,5.00818,-0.00793457,-0.00610352,
84.99,0.00708008,4.98987,0.00769043,-0.0107422,-0.00793457,5.00818,-0.00793457,-0.00610352,
85.02,0.00708008,4.98987,0.00769043,-0.0107422,-0.00793457,5.00818,-0.00793457,-0.00610352,
85.05,0.00708008,4.98987,0.00769043,-0.0107422,-0.00793457,5.00818,-0.00793457,-0.00610352,
85.08,0.00708008,4.98987,0.00769043,-0.0107422,-0.00793457,5.00818,-0.00793457,-0.00610352,
85.11,0.00708008,4.98987,0.00769043,-0.0107422,-0.00793457,5.00818,-0.00793457,-0.00610352,
85.14,0.00708008,4.98987,0.00769043,-0.0107422,-0.00793457,5.00818,-0.00793457,-0.00610352,
85.17,0.00708008,4.98987,0.00769043,-0.0107422,-0.00793457,5.00818,-0.00793457,-0.00610352,
85.2,0.00708008,4.98987,0.00769043,-0.0107422,-0.00793457,5.00818,-0.00793457,-0.00610352,
85.23,0.00708008,4.98987,0.00769043,-0.0107422,-0.00793457,5.00818,-0.00793457,-0.00610352,
85.26,0.00708008,4.98987,0.00769043,-0.0107422,-0.00793457,5.00818,-0.00793457,-0.00610352,
85.29,0.00708008,4.98987,0.00769043,-0.0107422,-0.00793457,5.00818,-0.00793457,-0.00610352,
85.32,0.00708008,4.98987,0.00769043,-0.0107422,-0.00793457,5.00818,-0.00793457,-0.00610352,
85.35,0.00708008,4.98987,0.00769043,-0.0107422,-0.00793457,5.00818,-0.00793457,-0.00610352,
85.38,0.00708008,4.98987,0.00769043,-0.0107422,-0.00793457,5.00818,-0.00793457,-0.00610352,
85.41,0.00708008,4.98987,0.00769043,-0.0107422,-0.00793457,5.00818,-0.00793457,-0.00610352,
85.44,0.00708008,4.98987,0.00769043,-0.0107422,-0.00793457,5.00818,-0.00793457,-0.00610352,
85.47,0.00708008,4.98987,0.00769043,-0.0107422,-0.00793457,5.00818,-0.00793457,-0.00610352,
85.5,0.00708008,4.98987,0.00769043,-0.0107422,-0.00793457,5.00818,-0.00793457,-0.00610352,
85.53,0.00708008,4.98987,0.00769043,-0.0107422,-0.00793457,5.00818,-0.00793457,-0.00610352,
85.56,0.00708008,4.98987,0.00769043,-0.0107422,-0.00793457,5.00818,-0.00793457,-0.00610352,
85.59,0.00708008,4.98987,0.00769043,-0.0107422,-0.00793457,5.00818,-0.00793457,-0.00610352,
85.62,0.00708008,4.98987,0.00769043,-0.0107422,-0.00793457,5.00818,-0.00793457,-0.00610352,
85.65,0.00708008,4.98987,0.00769043,-0.0107422,-0.00793457,5.00818,-0.00793457,-0.00610352,
85.68,0.00708008,4.98987,0.00769043,-0.0107422,-0.00793457,5.00818,-0.00793457,-0.00610352,
85.71,0.00708008,4.98987,0.00769043,-0.0107422,-0.00793457,5.00818,-0.00793457,-0.00610352,
85.74,0.00708008,4.98987,0.00769043,-0.0107422,-0.00793457,5.00818,-0.00793457,-0.00610352,
85.77,0.00708008,4.98987,0.00769043,-0.0107422,-0.00793457,5.00818,-0.00793457,-0.00610352,
85.8,0.00708008,4.98987,0.00769043,-0.0107422,-0.00793457,5.00818,-0.00793457,-0.00610352,
85.83,0.00708008,4.98987,0.00769043,-0.0107422,-0.00793457,5.00818,-0.00793457,-0.00610352,
85.86,0.00708008,4.98987,0.00769043,-0.0107422,-0.00793457,5.00818,-0.00793457,-0.00610352,
85.89,0.00708008,4.98987,0.00769043,-0.0107422,-0.00793457,5.00818,-0.00793457,-0.00610352,
85.92,0.00708008,4.98987,0.00769043,-0.0107422,-0.00793457,5.00818,-0.00793457,-0.00610352,
85.95,0.00708008,4.98987,0.00769043,-0.0107422,-0.00793457,5.00818,-0.00793457,-0.00610352,
85.98,0.00708008,4.98987,0.00769043,-0.0107422,-0.00793457,5.00818,-0.00793457,-0.00610352,
86.01,0.00708008,4.98987,0.00769043,-0.0107422,-0.00793457,5.00818,-0.00793457,-0.00610352,
86.04,0.00708008,4.98987,0.00769043,-0.0107422,-0.00793457,5.00818,-0.00793457,-0.00610352,
86.07,0.00708008,4.98987,0.00769043,-0.0107422,-0.00793457,5.00818,-0.00793457,-0.00610352,
86.1,0.00708008,4.98987,0.00769043,-0.0107422,-0.00793457,5.00818,-0.00793457,-0.00610352,
86.13,0.00708008,4.98987,0.00769043,-0.0107422,-0.00793457,5.00818,-0.00793457,-0.00610352,
86.16,0.00708008,4.98987,0.00769043,-0.0107422,-0.00793457,5.00818,-0.00793457,-0.00610352,
86.19,0.00708008,4.98987,0.00769043,-0.0107422,-0.00793457,5.00818,-0.00793457,-0.00610352,
86.22,0.00708008,4.98987,0.00769043,-0.0107422,-0.00793457,5.00818,-0.00793457,-0.00610352,
86.25,0.00708008,4.98987,0.00769043,-0.0107422,-0.00793457,5.00818,-0.00793457,-0.00610352,
86.28,0.00708008,4.98987,0.00769043,-0.0107422,-0.00793457,5.00818,-0.00793457,-0.00610352,
86.31,0.00708008,4.98987,0.00769043,-0.0107422,-0.00793457,5.00818,-0.00793457,-0.00610352,
86.34,0.00708008,4.98987,0.00769043,-0.0107422,-0.00793457,5.00818,-0.00793457,-0.00610352,
86.37,0.00708008,4.98987,0.00769043,-0.0107422,-0.00793457,5.00818,-0.00793457,-0.00610352,
86.4,0.00708008,4.98987,0.00769043,-0.0107422,-0.00793457,5.00818,-0.00793457,-0.00610352,
86.43,0.00708008,4.98987,0.00769043,-0.0107422,-0.00793457,5.00818,-0.00793457,-0.00610352,
86.46,0.00708008,4.98987,0.00769043,-0.0107422,-0.00793457,5.00818,-0.00793457,-0.00610352,
86.49,0.00708008,4.98987,0.00769043,-0.0107422,-0.00793457,5.00818,-0.00793457,-0.00610352,
86.52,0.00708008,4.98987,0.00769043,-0.0107422,-0.00793457,5.00818,-0.00793457,-0.00610352,
86.55,0.00708008,4.98987,0.00769043,-0.0107422,-0.00793457,5.00818,-0.00793457,-0.00610352,
86.58,0.00708008,4.98987,0.00769043,-0.0107422,-0.00793457,5.00818,-0.00793457,-0.00610352,
86.61,0.00708008,4.98987,0.00769043,-0.0107422,-0.00793457,5.00818,-0.00793457,-0.00610352,
86.64,0.00708008,4.98987,0.00769043,-0.0107422,-0.00793457,5.00818,-0.00793457,-0.00610352,
86.67,0.00708008,4.98987,0.00769043,-0.0107422,-0.00793457,5.00818,-0.00793457,-0.00610352,
86.7,0.00708008,4.98987,0.00769043,-0.0107422,-0.00793457,5.00818,-0.00793457,-0.00610352,
86.73,0.00708008,4.98987,0.00769043,-0.0107422,-0.00793457,5.00818,-0.00793457,-0.00610352,
86.76,0.00708008,4.98987,0.00769043,-0.0107422,-0.00793457,5.00818,-0.00793457,-0.00610352,
86.79,0.00708008,4.98987,0.00769043,-0.0107422,-0.00793457,5.00818,-0.00793457,-0.00610352,
86.82,0.00708008,4.98987,0.00769043,-0.0107422,-0.00793457,5.00818,-0.00793457,-0.00610352,
86.85,0.00708008,4.98987,0.00769043,-0.0107422,-0.00793457,5.00818,-0.00793457,-0.00610352,
86.88,0.00708008,4.98987,0.00769043,-0.0107422,-0.00793457,5.00818,-0.00793457,-0.00610352,
86.91,0.00708008,4.98987,0.00769043,-0.0107422,-0.00793457,5.00818,-0.00793457,-0.00610352,
86.94,0.00708008,4.98987,0.00769043,-0.0107422,-0.00793457,5.00818,-0.00793457,-0.00610352,
86.97,0.00708008,4.98987,0.00769043,-0.0107422,-0.00793457,5.00818,-0.00793457,-0.00610352,
87,0.00708008,4.98987,0.00769043,-0.0107422,-0.00793457,5.00818,-0.00793457,-0.00610352,
87.03,0.00708008,4.98987,0.00769043,-0.0107422,-0.00793457,5.00818,-0.00793457,-0.00610352,
87.06,0.00708008,4.98987,0.00769043,-0.0107422,-0.00793457,5.00818,-0.00793457,-0.00610352,
87.09,0.00708008,4.98987,0.00769043,-0.0107422,-0.00793457,5.00818,-0.00793457,-0.00610352,
87.12,0.00708008,4.98987,0.00769043,-0.0107422,-0.00793457,5.00818,-0.00793457,-0.00610352,
87.15,0.00708008,4.98987,0.00769043,-0.0107422,-0.00793457,5.00818,-0.00793457,-0.00610352,
87.18,0.00708008,4.98987,0.00769043,-0.0107422,-0.00793457,5.00818,-0.00793457,-0.00610352,
87.21,0.00708008,4.98987,0.00769043,-0.0107422,-0.00793457,5.00818,-0.00793457,-0.00610352,
87.24,0.00708008,4.98987,0.00769043,-0.0107422,-0.00793457,5.00818,-0.00793457,-0.00610352,
87.27,0.00708008,4.98987,0.00769043,-0.0107422,-0.00793457,5.00818,-0.00793457,-0.00610352,
87.3,0.00708008,4.98987,0.00769043,-0.0107422,-0.00793457,5.00818,-0.00793457,-0.00610352,
87.33,0.00708008,4.98987,0.00769043,-0.0107422,-0.00793457,5.00818,-0.00793457,-0.00610352,
87.36,0.00708008,4.98987,0.00769043,-0.0107422,-0.00793457,5.00818,-0.00793457,-0.00610352,
87.39,0.00708008,4.98987,0.00769043,-0.0107422,-0.00793457,5.00818,-0.00793457,-0.00610352,
87.42,0.00708008,4.98987,0.00769043,-0.0107422,-0.00793457,5.00818,-0.00793457,-0.00610352,
87.45,0.00708008,4.98987,0.00769043,-0.0107422,-0.00793457,5.00818,-0.00793457,-0.00610352,
87.48,0.00708008,4.98987,0.00769043,-0.0107422,-0.00793457,5.00818,-0.00793457,-0.00610352,
87.51,0.00708008,4.98987,0.00769043,-0.0107422,-0.00793457,5.00818,-0.00793457,-0.00610352,
87.54,0.00708008,4.98987,0.00769043,-0.0107422,-0.00793457,5.00818,-0.00793457,-0.00610352,
87.57,0.00708008,4.98987,0.00769043,-0.0107422,-0.00793457,5.00818,-0.00793457,-0.00610352,
87.6,0.00708008,4.98987,0.00769043,-0.0107422,-0.00793457,5.00818,-0.00793457,-0.00610352,
87.63,0.00708008,4.98987,0.00769043,-0.0107422,-0.00793457,5.00818,-0.00793457,-0.00610352,
87.66,0.00708008,4.98987,0.00769043,-0.0107422,-0.00793457,5.00818,-0.00793457,-0.00610352,
87.69,0.00708008,4.98987,0.00769043,-0.0107422,-0.00793457,5.00818,-0.00793457,-0.00610352,
87.72,0.00708008,4.98987,0.00769043,-0.0107422,-0.00793457,5.00818,-0.00793457,-0.00610352,
87.75,0.00708008,4.98987,0.00769043,-0.0107422,-0.00793457,5.00818,-0.00793457,-0.00610352,
87.78,0.00708008,4.98987,0.00769043,-0.0107422,-0.00793457,5.00818,-0.00793457,-0.00610352,
87.81,0.00708008,4.98987,0.00769043,-0.0107422,-0.00793457,5.00818,-0.00793457,-0.00610352,
87.84,0.00708008,4.98987,0.00769043,-0.0107422,-0.00793457,5.00818,-0.00793457,-0.00610352,
87.87,0.00708008,4.98987,0.00769043,-0.0107422,-0.00793457,5.00818,-0.00793457,-0.00610352,
87.9,0.00708008,4.98987,0.00769043,-0.0107422,-0.00793457,5.00818,-0.00793457,-0.00610352,
87.93,0.00708008,4.98987,0.00769043,-0.0107422,-0.00793457,5.00818,-0.00793457,-0.00610352,
87.96,0.00708008,4.98987,0.00769043,-0.0107422,-0.00793457,5.00818,-0.00793457,-0.00610352,
87.99,0.00708008,4.98987,0.00769043,-0.0107422,-0.00793457,5.00818,-0.00793457,-0.00610352,
88.02,0.00708008,4.98987,0.00769043,-0.0107422,-0.00793457,5.00818,-0.00793457,-0.00610352,
88.05,0.00708008,4.98987,0.00769043,-0.0107422,-0.00793457,5.00818,-0.00793457,-0.00610352,
88.08,0.00708008,4.98987,0.00769043,-0.0107422,-0.00793457,5.00818,-0.00793457,-0.00610352,
88.11,0.00708008,4.98987,0.00769043,-0.0107422,-0.00793457,5.00818,-0.00793457,-0.00610352,
88.14,0.00708008,4.98987,0.00769043,-0.0107422,-0.00793457,5.00818,-0.00793457,-0.00610352,
88.17,0.00708008,4.98987,0.00769043,-0.0107422,-0.00793457,5.00818,-0.00793457,-0.00610352,
88.2,0.00708008,4.98987,0.00769043,-0.0107422,-0.00793457,5.00818,-0.00793457,-0.00610352,
88.23,0.00708008,4.98987,0.00769043,-0.0107422,-0.00793457,5.00818,-0.00793457,-0.00610352,
88.26,0.00708008,4.98987,0.00769043,-0.0107422,-0.00793457,5.00818,-0.00793457,-0.00610352,
88.29,0.00708008,4.98987,0.00769043,-0.0107422,-0.00793457,5.00818,-0.00793457,-0.00610352,
88.32,0.00708008,4.98987,0.00769043,-0.0107422,-0.00793457,5.00818,-0.00793457,-0.00610352,
88.35,0.00708008,4.98987,0.00769043,-0.0107422,-0.00793457,5.00818,-0.00793457,-0.00610352,
88.38,0.00708008,4.98987,0.00769043,-0.0107422,-0.00793457,5.00818,-0.00793457,-0.00610352,
88.41,0.00708008,4.98987,0.00769043,-0.0107422,-0.00793457,5.00818,-0.00793457,-0.00610352,
88.44,0.00708008,4.98987,0.00769043,-0.0107422,-0.00793457,5.00818,-0.00793457,-0.00610352,
88.47,0.00708008,4.98987,0.00769043,-0.0107422,-0.00793457,5.00818,-0.00793457,-0.00610352,
88.5,0.00708008,4.98987,0.00769043,-0.0107422,-0.00793457,5.00818,-0.00793457,-0.00610352,
88.53,0.00708008,4.98987,0.00769043,-0.0107422,-0.00793457,5.00818,-0.00793457,-0.00610352,
88.56,0.00708008,4.98987,0.00769043,-0.0107422,-0.00793457,5.00818,-0.00793457,-0.00610352,
88.59,0.00708008,4.98987,0.00769043,-0.0107422,-0.00793457,5.00818,-0.00793457,-0.00610352,
88.62,0.00708008,4.98987,0.00769043,-0.0107422,-0.00793457,5.00818,-0.00793457,-0.00610352,
88.65,0.00708008,4.98987,0.00769043,-0.0107422,-0.00793457,5.00818,-0.00793457,-0.00610352,
88.68,0.00708008,4.98987,0.00769043,-0.0107422,-0.00793457,5.00818,-0.00793457,-0.00610352,
88.71,0.00708008,4.98987,0.00769043,-0.0107422,-0.00793457,5.00818,-0.00793457,-0.00610352,
88.74,0.00708008,4.98987,0.00769043,-0.0107422,-0.00793457,5.00818,-0.00793457,-0.00610352,
88.77,0.00708008,4.98987,0.00769043,-0.0107422,-0.00793457,5.00818,-0.00793457,-0.00610352,
88.8,0.00708008,4.98987,0.00769043,-0.0107422,-0.00793457,5.00818,-0.00793457,-0.00610352,
88.83,0.00708008,4.98987,0.00769043,-0.0107422,-0.00793457,5.00818,-0.00793457,-0.00610352,
88.86,0.00708008,4.98987,0.00769043,-0.0107422,-0.00793457,5.00818,-0.00793457,-0.00610352,
88.89,0.00708008,4.98987,0.00769043,-0.0107422,-0.00793457,5.00818,-0.00793457,-0.00610352,
88.92,0.00708008,4.98987,0.00769043,-0.0107422,-0.00793457,5.00818,-0.00793457,-0.00610352,
88.95,0.00708008,4.98987,0.00769043,-0.0107422,-0.00793457,5.00818,-0.00793457,-0.00610352,
88.98,0.00708008,4.98987,0.00769043,-0.0107422,-0.00793457,5.00818,-0.00793457,-0.00610352,
89.01,0.00708008,4.98987,0.00769043,-0.0107422,-0.00793457,5.00818,-0.00793457,-0.00610352,
89.04,0.00708008,4.98987,0.00769043,-0.0107422,-0.00793457,5.00818,-0.00793457,-0.00610352,
89.07,0.00708008,4.98987,0.00769043,-0.0107422,-0.00793457,5.00818,-0.00793457,-0.00610352,
89.1,0.00708008,4.98987,0.00769043,-0.0107422,-0.00793457,5.00818,-0.00793457,-0.00610352,
89.13,0.00708008,4.98987,0.00769043,-0.0107422,-0.00793457,5.00818,-0.00793457,-0.00610352,
89.16,0.00708008,4.98987,0.00769043,-0.0107422,-0.00793457,5.00818,-0.00793457,-0.00610352,
89.19,0.00708008,4.98987,0.00769043,-0.0107422,-0.00793457,5.00818,-0.00793457,-0.00610352,
89.22,0.00708008,4.98987,0.00769043,-0.0107422,-0.00793457,5.00818,-0.00793457,-0.00610352,
89.25,0.00708008,4.98987,0.00769043,-0.0107422,-0.00793457,5.00818,-0.00793457,-0.00610352,
89.28,0.00708008,4.98987,0.00769043,-0.0107422,-0.00793457,5.00818,-0.00793457,-0.00610352,
89.31,0.00708008,4.98987,0.00769043,-0.0107422,-0.00793457,5.00818,-0.00793457,-0.00610352,
89.34,0.00708008,4.98987,0.00769043,-0.0107422,-0.00793457,5.00818,-0.00793457,-0.00610352,
89.37,0.00708008,4.98987,0.00769043,-0.0107422,-0.00793457,5.00818,-0.00793457,-0.00610352,
89.4,0.00708008,4.98987,0.00769043,-0.0107422,-0.00793457,5.00818,-0.00793457,-0.00610352,
89.43,0.00708008,4.98987,0.00769043,-0.0107422,-0.00793457,5.00818,-0.00793457,-0.00610352,
89.46,0.00708008,4.98987,0.00769043,-0.0107422,-0.00793457,5.00818,-0.00793457,-0.00610352,
89.49,0.00708008,4.98987,0.00769043,-0.0107422,-0.00793457,5.00818,-0.00793457,-0.00610352,
89.52,0.00708008,4.98987,0.00769043,-0.0107422,-0.00793457,5.00818,-0.00793457,-0.00610352,
89.55,0.00708008,4.98987,0.00769043,-0.0107422,-0.00793457,5.00818,-0.00793457,-0.00610352,
89.58,0.00708008,4.98987,0.00769043,-0.0107422,-0.00793457,5.00818,-0.00793457,-0.00610352,
89.61,0.00708008,4.98987,0.00769043,-0.0107422,-0.00793457,5.00818,-0.00793457,-0.00610352,
89.64,0.00708008,4.98987,0.00769043,-0.0107422,-0.00793457,5.00818,-0.00793457,-0.00610352,
89.67,0.00708008,4.98987,0.00769043,-0.0107422,-0.00793457,5.00818,-0.00793457,-0.00610352,
89.7,0.00708008,4.98987,0.00769043,-0.0107422,-0.00793457,5.00818,-0.00793457,-0.00610352,
89.73,0.00708008,4.98987,0.00769043,-0.0107422,-0.00793457,5.00818,-0.00793457,-0.00610352,
89.76,0.00708008,4.98987,0.00769043,-0.0107422,-0.00793457,5.00818,-0.00793457,-0.00610352,
89.79,0.00708008,4.98987,0.00769043,-0.0107422,-0.00793457,5.00818,-0.00793457,-0.00610352,
89.82,0.00708008,4.98987,0.00769043,-0.0107422,-0.00793457,5.00818,-0.00793457,-0.00610352,
89.85,0.00708008,4.98987,0.00769043,-0.0107422,-0.00793457,5.00818,-0.00793457,-0.00610352,
89.88,0.00708008,4.98987,0.00769043,-0.0107422,-0.00793457,5.00818,-0.00793457,-0.00610352,
89.91,0.00708008,4.98987,0.00769043,-0.0107422,-0.00793457,5.00818,-0.00793457,-0.00610352,
89.94,0.00708008,4.98987,0.00769043,-0.0107422,-0.00793457,5.00818,-0.00793457,-0.00610352,
89.97,0.00708008,4.98987,0.00769043,-0.0107422,-0.00793457,5.00818,-0.00793457,-0.00610352,
90,0.00708008,4.98987,0.00769043,-0.0107422,-0.00793457,5.00818,-0.00793457,-0.00610352,
90.03,0.00708008,4.98987,0.00769043,-0.0107422,-0.00793457,5.00818,-0.00793457,-0.00610352,
90.06,0.00708008,4.98987,0.00769043,-0.0107422,-0.00793457,5.00818,-0.00793457,-0.00610352,
90.09,0.00708008,4.98987,0.00769043,-0.0107422,-0.00793457,5.00818,-0.00793457,-0.00610352,
90.12,0.00708008,4.98987,0.00769043,-0.0107422,-0.00793457,5.00818,-0.00793457,-0.00610352,
90.15,0.00708008,4.98987,0.00769043,-0.0107422,-0.00793457,5.00818,-0.00793457,-0.00610352,
90.18,0.00708008,4.98987,0.00769043,-0.0107422,-0.00793457,5.00818,-0.00793457,-0.00610352,
90.21,0.00708008,4.98987,0.00769043,-0.0107422,-0.00793457,5.00818,-0.00793457,-0.00610352,
90.24,0.00708008,4.98987,0.00769043,-0.0107422,-0.00793457,5.00818,-0.00793457,-0.00610352,
90.27,0.00708008,4.98987,0.00769043,-0.0107422,-0.00793457,5.00818,-0.00793457,-0.00610352,
90.3,0.00708008,4.98987,0.00769043,-0.0107422,-0.00793457,5.00818,-0.00793457,-0.00610352,
90.33,0.00708008,4.98987,0.00769043,-0.0107422,-0.00793457,5.00818,-0.00793457,-0.00610352,
90.36,0.00708008,4.98987,0.00769043,-0.0107422,-0.00793457,5.00818,-0.00793457,-0.00610352,
90.39,0.00708008,4.98987,0.00769043,-0.0107422,-0.00793457,5.00818,-0.00793457,-0.00610352,
90.42,0.00708008,4.98987,0.00769043,-0.0107422,-0.00793457,5.00818,-0.00793457,-0.00610352,
90.45,0.00708008,4.98987,0.00769043,-0.0107422,-0.00793457,5.00818,-0.00793457,-0.00610352,
90.48,0.00708008,4.98987,0.00769043,-0.0107422,-0.00793457,5.00818,-0.00793457,-0.00610352,
90.51,0.00708008,4.98987,0.00769043,-0.0107422,-0.00793457,5.00818,-0.00793457,-0.00610352,
90.54,0.00708008,4.98987,0.00769043,-0.0107422,-0.00793457,5.00818,-0.00793457,-0.00610352,
90.57,0.00708008,4.98987,0.00769043,-0.0107422,-0.00793457,5.00818,-0.00793457,-0.00610352,
90.6,0.00708008,4.98987,0.00769043,-0.0107422,-0.00793457,5.00818,-0.00793457,-0.00610352,
90.63,0.00708008,4.98987,0.00769043,-0.0107422,-0.00793457,5.00818,-0.00793457,-0.00610352,
90.66,0.00708008,4.98987,0.00769043,-0.0107422,-0.00793457,5.00818,-0.00793457,-0.00610352,
90.69,0.00708008,4.98987,0.00769043,-0.0107422,-0.00793457,5.00818,-0.00793457,-0.00610352,
90.72,0.00708008,4.98987,0.00769043,-0.0107422,-0.00793457,5.00818,-0.00793457,-0.00610352,
90.75,0.00708008,4.98987,0.00769043,-0.0107422,-0.00793457,5.00818,-0.00793457,-0.00610352,
90.78,0.00708008,4.98987,0.00769043,-0.0107422,-0.00793457,5.00818,-0.00793457,-0.00610352,
90.81,0.00708008,4.98987,0.00769043,-0.0107422,-0.00793457,5.00818,-0.00793457,-0.00610352,
90.84,0.00708008,4.98987,0.00769043,-0.0107422,-0.00793457,5.00818,-0.00793457,-0.00610352,
90.87,0.00708008,4.98987,0.00769043,-0.0107422,-0.00793457,5.00818,-0.00793457,-0.00610352,
90.9,0.00708008,4.98987,0.00769043,-0.0107422,-0.00793457,5.00818,-0.00793457,-0.00610352,
90.93,0.00708008,4.98987,0.00769043,-0.0107422,-0.00793457,5.00818,-0.00793457,-0.00610352,
90.96,0.00708008,4.98987,0.00769043,-0.0107422,-0.00793457,5.00818,-0.00793457,-0.00610352,
90.99,0.00708008,4.98987,0.00769043,-0.0107422,-0.00793457,5.00818,-0.00793457,-0.00610352,
91.02,0.00708008,4.98987,0.00769043,-0.0107422,-0.00793457,5.00818,-0.00793457,-0.00610352,
91.05,0.00708008,4.98987,0.00769043,-0.0107422,-0.00793457,5.00818,-0.00793457,-0.00610352,
91.08,0.00708008,4.98987,0.00769043,-0.0107422,-0.00793457,5.00818,-0.00793457,-0.00610352,
91.11,0.00708008,4.98987,0.00769043,-0.0107422,-0.00793457,5.00818,-0.00793457,-0.00610352,
91.14,0.00708008,4.98987,0.00769043,-0.0107422,-0.00793457,5.00818,-0.00793457,-0.00610352,
91.17,0.00708008,4.98987,0.00769043,-0.0107422,-0.00793457,5.00818,-0.00793457,-0.00610352,
91.2,0.00708008,4.98987,0.00769043,-0.0107422,-0.00793457,5.00818,-0.00793457,-0.00610352,
91.23,0.00708008,4.98987,0.00769043,-0.0107422,-0.00793457,5.00818,-0.00793457,-0.00610352,
91.26,0.00708008,4.98987,0.00769043,-0.0107422,-0.00793457,5.00818,-0.00793457,-0.00610352,
91.29,0.00708008,4.98987,0.00769043,-0.0107422,-0.00793457,5.00818,-0.00793457,-0.00610352,
91.32,0.00708008,4.98987,0.00769043,-0.0107422,-0.00793457,5.00818,-0.00793457,-0.00610352,
91.35,0.00708008,4.98987,0.00769043,-0.0107422,-0.00793457,5.00818,-0.00793457,-0.00610352,
91.38,0.00708008,4.98987,0.00769043,-0.0107422,-0.00793457,5.00818,-0.00793457,-0.00610352,
91.41,0.00708008,4.98987,0.00769043,-0.0107422,-0.00793457,5.00818,-0.00793457,-0.00610352,
91.44,0.00708008,4.98987,0.00769043,-0.0107422,-0.00793457,5.00818,-0.00793457,-0.00610352,
91.47,0.00708008,4.98987,0.00769043,-0.0107422,-0.00793457,5.00818,-0.00793457,-0.00610352,
91.5,0.00708008,4.98987,0.00769043,-0.0107422,-0.00793457,5.00818,-0.00793457,-0.00610352,
91.53,0.00708008,4.98987,0.00769043,-0.0107422,-0.00793457,5.00818,-0.00793457,-0.00610352,
91.56,0.00708008,4.98987,0.00769043,-0.0107422,-0.00793457,5.00818,-0.00793457,-0.00610352,
91.59,0.00708008,4.98987,0.00769043,-0.0107422,-0.00793457,5.00818,-0.00793457,-0.00610352,
91.62,0.00708008,4.98987,0.00769043,-0.0107422,-0.00793457,5.00818,-0.00793457,-0.00610352,
91.65,0.00708008,4.98987,0.00769043,-0.0107422,-0.00793457,5.00818,-0.00793457,-0.00610352,
91.68,0.00708008,4.98987,0.00769043,-0.0107422,-0.00793457,5.00818,-0.00793457,-0.00610352,
91.71,0.00708008,4.98987,0.00769043,-0.0107422,-0.00793457,5.00818,-0.00793457,-0.00610352,
91.74,0.00708008,4.98987,0.00769043,-0.0107422,-0.00793457,5.00818,-0.00793457,-0.00610352,
91.77,0.00708008,4.98987,0.00769043,-0.0107422,-0.00793457,5.00818,-0.00793457,-0.00610352,
91.8,0.00708008,4.98987,0.00769043,-0.0107422,-0.00793457,5.00818,-0.00793457,-0.00610352,
91.83,0.00708008,4.98987,0.00769043,-0.0107422,-0.00793457,5.00818,-0.00793457,-0.00610352,
91.86,0.00708008,4.98987,0.00769043,-0.0107422,-0.00793457,5.00818,-0.00793457,-0.00610352,
91.89,0.00708008,4.98987,0.00769043,-0.0107422,-0.00793457,5.00818,-0.00793457,-0.00610352,
91.92,0.00708008,4.98987,0.00769043,-0.0107422,-0.00793457,5.00818,-0.00793457,-0.00610352,
91.95,0.00708008,4.98987,0.00769043,-0.0107422,-0.00793457,5.00818,-0.00793457,-0.00610352,
91.98,0.00708008,4.98987,0.00769043,-0.0107422,-0.00793457,5.00818,-0.00793457,-0.00610352,
92.01,0.00708008,4.98987,0.00769043,-0.0107422,-0.00793457,5.00818,-0.00793457,-0.00610352,
92.04,0.00708008,4.98987,0.00769043,-0.0107422,-0.00793457,5.00818,-0.00793457,-0.00610352,
92.07,0.00708008,4.98987,0.00769043,-0.0107422,-0.00793457,5.00818,-0.00793457,-0.00610352,
92.1,0.00708008,4.98987,0.00769043,-0.0107422,-0.00793457,5.00818,-0.00793457,-0.00610352,
92.13,0.00708008,4.98987,0.00769043,-0.0107422,-0.00793457,5.00818,-0.00793457,-0.00610352,
92.16,0.00708008,4.98987,0.00769043,-0.0107422,-0.00793457,5.00818,-0.00793457,-0.00610352,
92.19,0.00708008,4.98987,0.00769043,-0.0107422,-0.00793457,5.00818,-0.00793457,-0.00610352,
92.22,0.00708008,4.98987,0.00769043,-0.0107422,-0.00793457,5.00818,-0.00793457,-0.00610352,
92.25,0.00708008,4.98987,0.00769043,-0.0107422,-0.00793457,5.00818,-0.00793457,-0.00610352,
92.28,0.00708008,4.98987,0.00769043,-0.0107422,-0.00793457,5.00818,-0.00793457,-0.00610352,
92.31,0.00708008,4.98987,0.00769043,-0.0107422,-0.00793457,5.00818,-0.00793457,-0.00610352,
92.34,0.00708008,4.98987,0.00769043,-0.0107422,-0.00793457,5.00818,-0.00793457,-0.00610352,
92.37,0.00708008,4.98987,0.00769043,-0.0107422,-0.00793457,5.00818,-0.00793457,-0.00610352,
92.4,0.00708008,4.98987,0.00769043,-0.0107422,-0.00793457,5.00818,-0.00793457,-0.00610352,
92.43,0.00708008,4.98987,0.00769043,-0.0107422,-0.00793457,5.00818,-0.00793457,-0.00610352,
92.46,0.00708008,4.98987,0.00769043,-0.0107422,-0.00793457,5.00818,-0.00793457,-0.00610352,
92.49,0.00708008,4.98987,0.00769043,-0.0107422,-0.00793457,5.00818,-0.00793457,-0.00610352,
92.52,0.00708008,4.98987,0.00769043,-0.0107422,-0.00793457,5.00818,-0.00793457,-0.00610352,
92.55,0.00708008,4.98987,0.00769043,-0.0107422,-0.00793457,5.00818,-0.00793457,-0.00610352,
92.58,0.00708008,4.98987,0.00769043,-0.0107422,-0.00793457,5.00818,-0.00793457,-0.00610352,
92.61,0.00708008,4.98987,0.00769043,-0.0107422,-0.00793457,5.00818,-0.00793457,-0.00610352,
92.64,0.00708008,4.98987,0.00769043,-0.0107422,-0.00793457,5.00818,-0.00793457,-0.00610352,
92.67,0.00708008,4.98987,0.00769043,-0.0107422,-0.00793457,5.00818,-0.00793457,-0.00610352,
92.7,0.00708008,4.98987,0.00769043,-0.0107422,-0.00793457,5.00818,-0.00793457,-0.00610352,
92.73,0.00708008,4.98987,0.00769043,-0.0107422,-0.00793457,5.00818,-0.00793457,-0.00610352,
92.76,0.00708008,4.98987,0.00769043,-0.0107422,-0.00793457,5.00818,-0.00793457,-0.00610352,
92.79,0.00708008,4.98987,0.00769043,-0.0107422,-0.00793457,5.00818,-0.00793457,-0.00610352,
92.82,0.00708008,4.98987,0.00769043,-0.0107422,-0.00793457,5.00818,-0.00793457,-0.00610352,
92.85,0.00708008,4.98987,0.00769043,-0.0107422,-0.00793457,5.00818,-0.00793457,-0.00610352,
92.88,0.00708008,4.98987,0.00769043,-0.0107422,-0.00793457,5.00818,-0.00793457,-0.00610352,
92.91,0.00708008,4.98987,0.00769043,-0.0107422,-0.00793457,5.00818,-0.00793457,-0.00610352,
92.94,0.00708008,4.98987,0.00769043,-0.0107422,-0.00793457,5.00818,-0.00793457,-0.00610352,
92.97,0.00708008,4.98987,0.00769043,-0.0107422,-0.00793457,5.00818,-0.00793457,-0.00610352,
93,0.00708008,4.98987,0.00769043,-0.0107422,-0.00793457,5.00818,-0.00793457,-0.00610352,
93.03,0.00708008,4.98987,0.00769043,-0.0107422,-0.00793457,5.00818,-0.00793457,-0.00610352,
93.06,0.00708008,4.98987,0.00769043,-0.0107422,-0.00793457,5.00818,-0.00793457,-0.00610352,
93.09,0.00708008,4.98987,0.00769043,-0.0107422,-0.00793457,5.00818,-0.00793457,-0.00610352,
93.12,0.00708008,4.98987,0.00769043,-0.0107422,-0.00793457,5.00818,-0.00793457,-0.00610352,
93.15,0.00708008,4.98987,0.00769043,-0.0107422,-0.00793457,5.00818,-0.00793457,-0.00610352,
93.18,0.00708008,4.98987,0.00769043,-0.0107422,-0.00793457,5.00818,-0.00793457,-0.00610352,
93.21,0.00708008,4.98987,0.00769043,-0.0107422,-0.00793457,5.00818,-0.00793457,-0.00610352,
93.24,0.00708008,4.98987,0.00769043,-0.0107422,-0.00793457,5.00818,-0.00793457,-0.00610352,
93.27,0.00708008,4.98987,0.00769043,-0.0107422,-0.00793457,5.00818,-0.00793457,-0.00610352,
93.3,0.00708008,4.98987,0.00769043,-0.0107422,-0.00793457,5.00818,-0.00793457,-0.00610352,
93.33,0.00708008,4.98987,0.00769043,-0.0107422,-0.00793457,5.00818,-0.00793457,-0.00610352,
93.36,0.00708008,4.98987,0.00769043,-0.0107422,-0.00793457,5.00818,-0.00793457,-0.00610352,
93.39,0.00708008,4.98987,0.00769043,-0.0107422,-0.00793457,5.00818,-0.00793457,-0.00610352,
93.42,0.00708008,4.98987,0.00769043,-0.0107422,-0.00793457,5.00818,-0.00793457,-0.00610352,
93.45,0.00708008,4.98987,0.00769043,-0.0107422,-0.00793457,5.00818,-0.00793457,-0.00610352,
93.48,0.00708008,4.98987,0.00769043,-0.0107422,-0.00793457,5.00818,-0.00793457,-0.00610352,
93.51,0.00708008,4.98987,0.00769043,-0.0107422,-0.00793457,5.00818,-0.00793457,-0.00610352,
93.54,0.00708008,4.98987,0.00769043,-0.0107422,-0.00793457,5.00818,-0.00793457,-0.00610352,
93.57,0.00708008,4.98987,0.00769043,-0.0107422,-0.00793457,5.00818,-0.00793457,-0.00610352,
93.6,0.00708008,4.98987,0.00769043,-0.0107422,-0.00793457,5.00818,-0.00793457,-0.00610352,
93.63,0.00708008,4.98987,0.00769043,-0.0107422,-0.00793457,5.00818,-0.00793457,-0.00610352,
93.66,0.00708008,4.98987,0.00769043,-0.0107422,-0.00793457,5.00818,-0.00793457,-0.00610352,
93.69,0.00708008,4.98987,0.00769043,-0.0107422,-0.00793457,5.00818,-0.00793457,-0.00610352,
93.72,0.00708008,4.98987,0.00769043,-0.0107422,-0.00793457,5.00818,-0.00793457,-0.00610352,
93.75,0.00708008,4.98987,0.00769043,-0.0107422,-0.00793457,5.00818,-0.00793457,-0.00610352,
93.78,0.00708008,4.98987,0.00769043,-0.0107422,-0.00793457,5.00818,-0.00793457,-0.00610352,
93.81,0.00708008,4.98987,0.00769043,-0.0107422,-0.00793457,5.00818,-0.00793457,-0.00610352,
93.84,0.00708008,4.98987,0.00769043,-0.0107422,-0.00793457,5.00818,-0.00793457,-0.00610352,
93.87,0.00708008,4.98987,0.00769043,-0.0107422,-0.00793457,5.00818,-0.00793457,-0.00610352,
93.9,0.00708008,4.98987,0.00769043,-0.0107422,-0.00793457,5.00818,-0.00793457,-0.00610352,
93.93,0.00708008,4.98987,0.00769043,-0.0107422,-0.00793457,5.00818,-0.00793457,-0.00610352,
93.96,0.00708008,4.98987,0.00769043,-0.0107422,-0.00793457,5.00818,-0.00793457,-0.00610352,
93.99,0.00708008,4.98987,0.00769043,-0.0107422,-0.00793457,5.00818,-0.00793457,-0.00610352,
94.02,0.00708008,4.98987,0.00769043,-0.0107422,-0.00793457,5.00818,-0.00793457,-0.00610352,
94.05,0.00708008,4.98987,0.00769043,-0.0107422,-0.00793457,5.00818,-0.00793457,-0.00610352,
94.08,0.00708008,4.98987,0.00769043,-0.0107422,-0.00793457,5.00818,-0.00793457,-0.00610352,
94.11,0.00708008,4.98987,0.00769043,-0.0107422,-0.00793457,5.00818,-0.00793457,-0.00610352,
94.14,0.00708008,4.98987,0.00769043,-0.0107422,-0.00793457,5.00818,-0.00793457,-0.00610352,
94.17,0.00708008,4.98987,0.00769043,-0.0107422,-0.00793457,5.00818,-0.00793457,-0.00610352,
94.2,0.00708008,4.98987,0.00769043,-0.0107422,-0.00793457,5.00818,-0.00793457,-0.00610352,
94.23,0.00708008,4.98987,0.00769043,-0.0107422,-0.00793457,5.00818,-0.00793457,-0.00610352,
94.26,0.00708008,4.98987,0.00769043,-0.0107422,-0.00793457,5.00818,-0.00793457,-0.00610352,
94.29,0.00708008,4.98987,0.00769043,-0.0107422,-0.00793457,5.00818,-0.00793457,-0.00610352,
94.32,0.00708008,4.98987,0.00769043,-0.0107422,-0.00793457,5.00818,-0.00793457,-0.00610352,
94.35,0.00708008,4.98987,0.00769043,-0.0107422,-0.00793457,5.00818,-0.00793457,-0.00610352,
94.38,0.00708008,4.98987,0.00769043,-0.0107422,-0.00793457,5.00818,-0.00793457,-0.00610352,
94.41,0.00708008,4.98987,0.00769043,-0.0107422,-0.00793457,5.00818,-0.00793457,-0.00610352,
94.44,0.00708008,4.98987,0.00769043,-0.0107422,-0.00793457,5.00818,-0.00793457,-0.00610352,
94.47,0.00708008,4.98987,0.00769043,-0.0107422,-0.00793457,5.00818,-0.00793457,-0.00610352,
94.5,0.00708008,4.98987,0.00769043,-0.0107422,-0.00793457,5.00818,-0.00793457,-0.00610352,
94.53,0.00708008,4.98987,0.00769043,-0.0107422,-0.00793457,5.00818,-0.00793457,-0.00610352,
94.56,0.00708008,4.98987,0.00769043,-0.0107422,-0.00793457,5.00818,-0.00793457,-0.00610352,
94.59,0.00708008,4.98987,0.00769043,-0.0107422,-0.00793457,5.00818,-0.00793457,-0.00610352,
94.62,0.00708008,4.98987,0.00769043,-0.0107422,-0.00793457,5.00818,-0.00793457,-0.00610352,
94.65,0.00708008,4.98987,0.00769043,-0.0107422,-0.00793457,5.00818,-0.00793457,-0.00610352,
94.68,0.00708008,4.98987,0.00769043,-0.0107422,-0.00793457,5.00818,-0.00793457,-0.00610352,
94.71,0.00708008,4.98987,0.00769043,-0.0107422,-0.00793457,5.00818,-0.00793457,-0.00610352,
94.74,0.00708008,4.98987,0.00769043,-0.0107422,-0.00793457,5.00818,-0.00793457,-0.00610352,
94.77,0.00708008,4.98987,0.00769043,-0.0107422,-0.00793457,5.00818,-0.00793457,-0.00610352,
94.8,0.00708008,4.98987,0.00769043,-0.0107422,-0.00793457,5.00818,-0.00793457,-0.00610352,
94.83,0.00708008,4.98987,0.00769043,-0.0107422,-0.00793457,5.00818,-0.00793457,-0.00610352,
94.86,0.00708008,4.98987,0.00769043,-0.0107422,-0.00793457,5.00818,-0.00793457,-0.00610352,
94.89,0.00708008,4.98987,0.00769043,-0.0107422,-0.00793457,5.00818,-0.00793457,-0.00610352,
94.92,0.00708008,4.98987,0.00769043,-0.0107422,-0.00793457,5.00818,-0.00793457,-0.00610352,
94.95,0.00708008,4.98987,0.00769043,-0.0107422,-0.00793457,5.00818,-0.00793457,-0.00610352,
94.98,0.00708008,4.98987,0.00769043,-0.0107422,-0.00793457,5.00818,-0.00793457,-0.00610352,
95.01,0.00708008,4.98987,0.00769043,-0.0107422,-0.00793457,5.00818,-0.00793457,-0.00610352,
95.04,0.00708008,4.98987,0.00769043,-0.0107422,-0.00793457,5.00818,-0.00793457,-0.00610352,
95.07,0.00708008,4.98987,0.00769043,-0.0107422,-0.00793457,5.00818,-0.00793457,-0.00610352,
95.1,0.00708008,4.98987,0.00769043,-0.0107422,-0.00793457,5.00818,-0.00793457,-0.00610352,
95.13,0.00708008,4.98987,0.00769043,-0.0107422,-0.00793457,5.00818,-0.00793457,-0.00610352,
95.16,0.00708008,4.98987,0.00769043,-0.0107422,-0.00793457,5.00818,-0.00793457,-0.00610352,
95.19,0.00708008,4.98987,0.00769043,-0.0107422,-0.00793457,5.00818,-0.00793457,-0.00610352,
95.22,0.00708008,4.98987,0.00769043,-0.0107422,-0.00793457,5.00818,-0.00793457,-0.00610352,
95.25,0.00708008,4.98987,0.00769043,-0.0107422,-0.00793457,5.00818,-0.00793457,-0.00610352,
95.28,0.00708008,4.98987,0.00769043,-0.0107422,-0.00793457,5.00818,-0.00793457,-0.00610352,
95.31,0.00708008,4.98987,0.00769043,-0.0107422,-0.00793457,5.00818,-0.00793457,-0.00610352,
95.34,0.00708008,4.98987,0.00769043,-0.0107422,-0.00793457,5.00818,-0.00793457,-0.00610352,
95.37,0.00708008,4.98987,0.00769043,-0.0107422,-0.00793457,5.00818,-0.00793457,-0.00610352,
95.4,0.00708008,4.98987,0.00769043,-0.0107422,-0.00793457,5.00818,-0.00793457,-0.00610352,
95.43,0.00708008,4.98987,0.00769043,-0.0107422,-0.00793457,5.00818,-0.00793457,-0.00610352,
95.46,0.00708008,4.98987,0.00769043,-0.0107422,-0.00793457,5.00818,-0.00793457,-0.00610352,
95.49,0.00708008,4.98987,0.00769043,-0.0107422,-0.00793457,5.00818,-0.00793457,-0.00610352,
95.52,0.00708008,4.98987,0.00769043,-0.0107422,-0.00793457,5.00818,-0.00793457,-0.00610352,
95.55,0.00708008,4.98987,0.00769043,-0.0107422,-0.00793457,5.00818,-0.00793457,-0.00610352,
95.58,0.00708008,4.98987,0.00769043,-0.0107422,-0.00793457,5.00818,-0.00793457,-0.00610352,
95.61,0.00708008,4.98987,0.00769043,-0.0107422,-0.00793457,5.00818,-0.00793457,-0.00610352,
95.64,0.00708008,4.98987,0.00769043,-0.0107422,-0.00793457,5.00818,-0.00793457,-0.00610352,
95.67,0.00708008,4.98987,0.00769043,-0.0107422,-0.00793457,5.00818,-0.00793457,-0.00610352,
95.7,0.00708008,4.98987,0.00769043,-0.0107422,-0.00793457,5.00818,-0.00793457,-0.00610352,
95.73,0.00708008,4.98987,0.00769043,-0.0107422,-0.00793457,5.00818,-0.00793457,-0.00610352,
95.76,0.00708008,4.98987,0.00769043,-0.0107422,-0.00793457,5.00818,-0.00793457,-0.00610352,
95.79,0.00708008,4.98987,0.00769043,-0.0107422,-0.00793457,5.00818,-0.00793457,-0.00610352,
95.82,0.00708008,4.98987,0.00769043,-0.0107422,-0.00793457,5.00818,-0.00793457,-0.00610352,
95.85,0.00708008,4.98987,0.00769043,-0.0107422,-0.00793457,5.00818,-0.00793457,-0.00610352,
95.88,0.00708008,4.98987,0.00769043,-0.0107422,-0.00793457,5.00818,-0.00793457,-0.00610352,
95.91,0.00708008,4.98987,0.00769043,-0.0107422,-0.00793457,5.00818,-0.00793457,-0.00610352,
95.94,0.00708008,4.98987,0.00769043,-0.0107422,-0.00793457,5.00818,-0.00793457,-0.00610352,
95.97,0.00708008,4.98987,0.00769043,-0.0107422,-0.00793457,5.00818,-0.00793457,-0.00610352,
96,0.00708008,4.98987,0.00769043,-0.0107422,-0.00793457,5.00818,-0.00793457,-0.00610352,
96.03,0.00708008,4.98987,0.00769043,-0.0107422,-0.00793457,5.00818,-0.00793457,-0.00610352,
96.06,0.00708008,4.98987,0.00769043,-0.0107422,-0.00793457,5.00818,-0.00793457,-0.00610352,
96.09,0.00708008,4.98987,0.00769043,-0.0107422,-0.00793457,5.00818,-0.00793457,-0.00610352,
96.12,0.00708008,4.98987,0.00769043,-0.0107422,-0.00793457,5.00818,-0.00793457,-0.00610352,
96.15,0.00708008,4.98987,0.00769043,-0.0107422,-0.00793457,5.00818,-0.00793457,-0.00610352,
96.18,0.00708008,4.98987,0.00769043,-0.0107422,-0.00793457,5.00818,-0.00793457,-0.00610352,
96.21,0.00708008,4.98987,0.00769043,-0.0107422,-0.00793457,5.00818,-0.00793457,-0.00610352,
96.24,0.00708008,4.98987,0.00769043,-0.0107422,-0.00793457,5.00818,-0.00793457,-0.00610352,
96.27,0.00708008,4.98987,0.00769043,-0.0107422,-0.00793457,5.00818,-0.00793457,-0.00610352,
96.3,0.00708008,4.98987,0.00769043,-0.0107422,-0.00793457,5.00818,-0.00793457,-0.00610352,
96.33,0.00708008,4.98987,0.00769043,-0.0107422,-0.00793457,5.00818,-0.00793457,-0.00610352,
96.36,0.00708008,4.98987,0.00769043,-0.0107422,-0.00793457,5.00818,-0.00793457,-0.00610352,
96.39,0.00708008,4.98987,0.00769043,-0.0107422,-0.00793457,5.00818,-0.00793457,-0.00610352,
96.42,0.00708008,4.98987,0.00769043,-0.0107422,-0.00793457,5.00818,-0.00793457,-0.00610352,
96.45,0.00708008,4.98987,0.00769043,-0.0107422,-0.00793457,5.00818,-0.00793457,-0.00610352,
96.48,0.00708008,4.98987,0.00769043,-0.0107422,-0.00793457,5.00818,-0.00793457,-0.00610352,
96.51,0.00708008,4.98987,0.00769043,-0.0107422,-0.00793457,5.00818,-0.00793457,-0.00610352,
96.54,0.00708008,4.98987,0.00769043,-0.0107422,-0.00793457,5.00818,-0.00793457,-0.00610352,
96.57,0.00708008,4.98987,0.00769043,-0.0107422,-0.00793457,5.00818,-0.00793457,-0.00610352,
96.6,0.00708008,4.98987,0.00769043,-0.0107422,-0.00793457,5.00818,-0.00793457,-0.00610352,
96.63,0.00708008,4.98987,0.00769043,-0.0107422,-0.00793457,5.00818,-0.00793457,-0.00610352,
96.66,0.00708008,4.98987,0.00769043,-0.0107422,-0.00793457,5.00818,-0.00793457,-0.00610352,
96.69,0.00708008,4.98987,0.00769043,-0.0107422,-0.00793457,5.00818,-0.00793457,-0.00610352,
96.72,0.00708008,4.98987,0.00769043,-0.0107422,-0.00793457,5.00818,-0.00793457,-0.00610352,
96.75,0.00708008,4.98987,0.00769043,-0.0107422,-0.00793457,5.00818,-0.00793457,-0.00610352,
96.78,0.00708008,4.98987,0.00769043,-0.0107422,-0.00793457,5.00818,-0.00793457,-0.00610352,
96.81,0.00708008,4.98987,0.00769043,-0.0107422,-0.00793457,5.00818,-0.00793457,-0.00610352,
96.84,0.00708008,4.98987,0.00769043,-0.0107422,-0.00793457,5.00818,-0.00793457,-0.00610352,
96.87,0.00708008,4.98987,0.00769043,-0.0107422,-0.00793457,5.00818,-0.00793457,-0.00610352,
96.9,0.00708008,4.98987,0.00769043,-0.0107422,-0.00793457,5.00818,-0.00793457,-0.00610352,
96.93,0.00708008,4.98987,0.00769043,-0.0107422,-0.00793457,5.00818,-0.00793457,-0.00610352,
96.96,0.00708008,4.98987,0.00769043,-0.0107422,-0.00793457,5.00818,-0.00793457,-0.00610352,
96.99,0.00708008,4.98987,0.00769043,-0.0107422,-0.00793457,5.00818,-0.00793457,-0.00610352,
97.02,0.00708008,4.98987,0.00769043,-0.0107422,-0.00793457,5.00818,-0.00793457,-0.00610352,
97.05,0.00708008,4.98987,0.00769043,-0.0107422,-0.00793457,5.00818,-0.00793457,-0.00610352,
97.08,0.00708008,4.98987,0.00769043,-0.0107422,-0.00793457,5.00818,-0.00793457,-0.00610352,
97.11,0.00708008,4.98987,0.00769043,-0.0107422,-0.00793457,5.00818,-0.00793457,-0.00610352,
97.14,0.00708008,4.98987,0.00769043,-0.0107422,-0.00793457,5.00818,-0.00793457,-0.00610352,
97.17,0.00708008,4.98987,0.00769043,-0.0107422,-0.00793457,5.00818,-0.00793457,-0.00610352,
97.2,0.00708008,4.98987,0.00769043,-0.0107422,-0.00793457,5.00818,-0.00793457,-0.00610352,
97.23,0.00708008,4.98987,0.00769043,-0.0107422,-0.00793457,5.00818,-0.00793457,-0.00610352,
97.26,0.00708008,4.98987,0.00769043,-0.0107422,-0.00793457,5.00818,-0.00793457,-0.00610352,
97.29,0.00708008,4.98987,0.00769043,-0.0107422,-0.00793457,5.00818,-0.00793457,-0.00610352,
97.32,0.00708008,4.98987,0.00769043,-0.0107422,-0.00793457,5.00818,-0.00793457,-0.00610352,
97.35,0.00708008,4.98987,0.00769043,-0.0107422,-0.00793457,5.00818,-0.00793457,-0.00610352,
97.38,0.00708008,4.98987,0.00769043,-0.0107422,-0.00793457,5.00818,-0.00793457,-0.00610352,
97.41,0.00708008,4.98987,0.00769043,-0.0107422,-0.00793457,5.00818,-0.00793457,-0.00610352,
97.44,0.00708008,4.98987,0.00769043,-0.0107422,-0.00793457,5.00818,-0.00793457,-0.00610352,
97.47,0.00708008,4.98987,0.00769043,-0.0107422,-0.00793457,5.00818,-0.00793457,-0.00610352,
97.5,0.00708008,4.98987,0.00769043,-0.0107422,-0.00793457,5.00818,-0.00793457,-0.00610352,
97.53,0.00708008,4.98987,0.00769043,-0.0107422,-0.00793457,5.00818,-0.00793457,-0.00610352,
97.56,0.00708008,4.98987,0.00769043,-0.0107422,-0.00793457,5.00818,-0.00793457,-0.00610352,
97.59,0.00708008,4.98987,0.00769043,-0.0107422,-0.00793457,5.00818,-0.00793457,-0.00610352,
97.62,0.00708008,4.98987,0.00769043,-0.0107422,-0.00793457,5.00818,-0.00793457,-0.00610352,
97.65,0.00708008,4.98987,0.00769043,-0.0107422,-0.00793457,5.00818,-0.00793457,-0.00610352,
97.68,0.00708008,4.98987,0.00769043,-0.0107422,-0.00793457,5.00818,-0.00793457,-0.00610352,
97.71,0.00708008,4.98987,0.00769043,-0.0107422,-0.00793457,5.00818,-0.00793457,-0.00610352,
97.74,0.00708008,4.98987,0.00769043,-0.0107422,-0.00793457,5.00818,-0.00793457,-0.00610352,
97.77,0.00708008,4.98987,0.00769043,-0.0107422,-0.00793457,5.00818,-0.00793457,-0.00610352,
97.8,0.00708008,4.98987,0.00769043,-0.0107422,-0.00793457,5.00818,-0.00793457,-0.00610352,
97.83,0.00708008,4.98987,0.00769043,-0.0107422,-0.00793457,5.00818,-0.00793457,-0.00610352,
97.86,0.00708008,4.98987,0.00769043,-0.0107422,-0.00793457,5.00818,-0.00793457,-0.00610352,
97.89,0.00708008,4.98987,0.00769043,-0.0107422,-0.00793457,5.00818,-0.00793457,-0.00610352,
97.92,0.00708008,4.98987,0.00769043,-0.0107422,-0.00793457,5.00818,-0.00793457,-0.00610352,
97.95,0.00708008,4.98987,0.00769043,-0.0107422,-0.00793457,5.00818,-0.00793457,-0.00610352,
97.98,0.00708008,4.98987,0.00769043,-0.0107422,-0.00793457,5.00818,-0.00793457,-0.00610352,
98.01,0.00708008,4.98987,0.00769043,-0.0107422,-0.00793457,5.00818,-0.00793457,-0.00610352,
98.04,0.00708008,4.98987,0.00769043,-0.0107422,-0.00793457,5.00818,-0.00793457,-0.00610352,
98.07,0.00708008,4.98987,0.00769043,-0.0107422,-0.00793457,5.00818,-0.00793457,-0.00610352,
98.1,0.00708008,4.98987,0.00769043,-0.0107422,-0.00793457,5.00818,-0.00793457,-0.00610352,
98.13,0.00708008,4.98987,0.00769043,-0.0107422,-0.00793457,5.00818,-0.00793457,-0.00610352,
98.16,0.00708008,4.98987,0.00769043,-0.0107422,-0.00793457,5.00818,-0.00793457,-0.00610352,
98.19,0.00708008,4.98987,0.00769043,-0.0107422,-0.00793457,5.00818,-0.00793457,-0.00610352,
98.22,0.00708008,4.98987,0.00769043,-0.0107422,-0.00793457,5.00818,-0.00793457,-0.00610352,
98.25,0.00708008,4.98987,0.00769043,-0.0107422,-0.00793457,5.00818,-0.00793457,-0.00610352,
98.28,0.00708008,4.98987,0.00769043,-0.0107422,-0.00793457,5.00818,-0.00793457,-0.00610352,
98.31,0.00708008,4.98987,0.00769043,-0.0107422,-0.00793457,5.00818,-0.00793457,-0.00610352,
98.34,0.00708008,4.98987,0.00769043,-0.0107422,-0.00793457,5.00818,-0.00793457,-0.00610352,
98.37,0.00708008,4.98987,0.00769043,-0.0107422,-0.00793457,5.00818,-0.00793457,-0.00610352,
98.4,0.00708008,4.98987,0.00769043,-0.0107422,-0.00793457,5.00818,-0.00793457,-0.00610352,
98.43,0.00708008,4.98987,0.00769043,-0.0107422,-0.00793457,5.00818,-0.00793457,-0.00610352,
98.46,0.00708008,4.98987,0.00769043,-0.0107422,-0.00793457,5.00818,-0.00793457,-0.00610352,
98.49,0.00708008,4.98987,0.00769043,-0.0107422,-0.00793457,5.00818,-0.00793457,-0.00610352,
98.52,0.00708008,4.98987,0.00769043,-0.0107422,-0.00793457,5.00818,-0.00793457,-0.00610352,
98.55,0.00708008,4.98987,0.00769043,-0.0107422,-0.00793457,5.00818,-0.00793457,-0.00610352,
98.58,0.00708008,4.98987,0.00769043,-0.0107422,-0.00793457,5.00818,-0.00793457,-0.00610352,
98.61,0.00708008,4.98987,0.00769043,-0.0107422,-0.00793457,5.00818,-0.00793457,-0.00610352,
98.64,0.00708008,4.98987,0.00769043,-0.0107422,-0.00793457,5.00818,-0.00793457,-0.00610352,
98.67,0.00708008,4.98987,0.00769043,-0.0107422,-0.00793457,5.00818,-0.00793457,-0.00610352,
98.7,0.00708008,4.98987,0.00769043,-0.0107422,-0.00793457,5.00818,-0.00793457,-0.00610352,
98.73,0.00708008,4.98987,0.00769043,-0.0107422,-0.00793457,5.00818,-0.00793457,-0.00610352,
98.76,0.00708008,4.98987,0.00769043,-0.0107422,-0.00793457,5.00818,-0.00793457,-0.00610352,
98.79,0.00708008,4.98987,0.00769043,-0.0107422,-0.00793457,5.00818,-0.00793457,-0.00610352,
98.82,0.00708008,4.98987,0.00769043,-0.0107422,-0.00793457,5.00818,-0.00793457,-0.00610352,
98.85,0.00708008,4.98987,0.00769043,-0.0107422,-0.00793457,5.00818,-0.00793457,-0.00610352,
98.88,0.00708008,4.98987,0.00769043,-0.0107422,-0.00793457,5.00818,-0.00793457,-0.00610352,
98.91,0.00708008,4.98987,0.00769043,-0.0107422,-0.00793457,5.00818,-0.00793457,-0.00610352,
98.94,0.00708008,4.98987,0.00769043,-0.0107422,-0.00793457,5.00818,-0.00793457,-0.00610352,
98.97,0.00708008,4.98987,0.00769043,-0.0107422,-0.00793457,5.00818,-0.00793457,-0.00610352,
99,0.00708008,4.98987,0.00769043,-0.0107422,-0.00793457,5.00818,-0.00793457,-0.00610352,
99.03,0.00708008,4.98987,0.00769043,-0.0107422,-0.00793457,5.00818,-0.00793457,-0.00610352,
99.06,0.00708008,4.98987,0.00769043,-0.0107422,-0.00793457,5.00818,-0.00793457,-0.00610352,
99.09,0.00708008,4.98987,0.00769043,-0.0107422,-0.00793457,5.00818,-0.00793457,-0.00610352,
99.12,0.00708008,4.98987,0.00769043,-0.0107422,-0.00793457,5.00818,-0.00793457,-0.00610352,
99.15,0.00708008,4.98987,0.00769043,-0.0107422,-0.00793457,5.00818,-0.00793457,-0.00610352,
99.18,0.00708008,4.98987,0.00769043,-0.0107422,-0.00793457,5.00818,-0.00793457,-0.00610352,
99.21,0.00708008,4.98987,0.00769043,-0.0107422,-0.00793457,5.00818,-0.00793457,-0.00610352,
99.24,0.00708008,4.98987,0.00769043,-0.0107422,-0.00793457,5.00818,-0.00793457,-0.00610352,
99.27,0.00708008,4.98987,0.00769043,-0.0107422,-0.00793457,5.00818,-0.00793457,-0.00610352,
99.3,0.00708008,4.98987,0.00769043,-0.0107422,-0.00793457,5.00818,-0.00793457,-0.00610352,
99.33,0.00708008,4.98987,0.00769043,-0.0107422,-0.00793457,5.00818,-0.00793457,-0.00610352,
99.36,0.00708008,4.98987,0.00769043,-0.0107422,-0.00793457,5.00818,-0.00793457,-0.00610352,
99.39,0.00708008,4.98987,0.00769043,-0.0107422,-0.00793457,5.00818,-0.00793457,-0.00610352,
99.42,0.00708008,4.98987,0.00769043,-0.0107422,-0.00793457,5.00818,-0.00793457,-0.00610352,
99.45,0.00708008,4.98987,0.00769043,-0.0107422,-0.00793457,5.00818,-0.00793457,-0.00610352,
99.48,0.00708008,4.98987,0.00769043,-0.0107422,-0.00793457,5.00818,-0.00793457,-0.00610352,
99.51,0.00708008,4.98987,0.00769043,-0.0107422,-0.00793457,5.00818,-0.00793457,-0.00610352,
99.54,0.00708008,4.98987,0.00769043,-0.0107422,-0.00793457,5.00818,-0.00793457,-0.00610352,
99.57,0.00708008,4.98987,0.00769043,-0.0107422,-0.00793457,5.00818,-0.00793457,-0.00610352,
99.6,0.00708008,4.98987,0.00769043,-0.0107422,-0.00793457,5.00818,-0.00793457,-0.00610352,
99.63,0.00708008,4.98987,0.00769043,-0.0107422,-0.00793457,5.00818,-0.00793457,-0.00610352,
99.66,0.00708008,4.98987,0.00769043,-0.0107422,-0.00793457,5.00818,-0.00793457,-0.00610352,
99.69,0.00708008,4.98987,0.00769043,-0.0107422,-0.00793457,5.00818,-0.00793457,-0.00610352,
99.72,0.00708008,4.98987,0.00769043,-0.0107422,-0.00793457,5.00818,-0.00793457,-0.00610352,
99.75,0.00708008,4.98987,0.00769043,-0.0107422,-0.00793457,5.00818,-0.00793457,-0.00610352,
99.78,0.00708008,4.98987,0.00769043,-0.0107422,-0.00793457,5.00269,-0.00793457,-0.00610352,
99.81,0.00708008,4.98987,0.00769043,-0.0107422,-0.00793457,5.00269,-0.00793457,-0.00610352,
99.84,0.00708008,4.98987,0.00769043,-0.0107422,-0.00793457,5.00818,-0.00793457,-0.00610352,
99.87,0.00708008,4.98987,0.00769043,-0.0107422,-0.00793457,5.00818,-0.00793457,-0.00610352,
99.9,0.00708008,4.98987,0.00769043,-0.0107422,-0.00793457,5.00818,-0.00793457,-0.00610352,
99.93,0.00708008,4.98987,0.00769043,-0.0107422,-0.00793457,5.00269,-0.00793457,-0.00610352,
99.96,0.00708008,4.98987,0.00769043,-0.0107422,-0.00793457,5.00818,-0.00793457,-0.00610352,
99.99,0.00708008,4.98987,0.00769043,-0.0107422,-0.00793457,5.00818,-0.00793457,-0.00610352,
100.02,0.00708008,4.98987,0.00769043,-0.0107422,-0.00793457,5.00269,-0.00793457,-0.00610352,
100.05,0.00708008,4.98987,0.00769043,-0.0107422,-0.00793457,5.00269,-0.00793457,-0.00610352,
100.08,0.00708008,4.98987,0.00769043,-0.0107422,-0.00793457,5.00818,-0.00793457,-0.00610352,
100.11,0.00708008,4.98987,0.00769043,-0.0107422,-0.00793457,5.00818,-0.00793457,-0.00610352,
100.14,0.00708008,4.98987,0.00769043,-0.0107422,-0.00793457,5.00269,-0.00793457,-0.00610352,
100.17,0.00708008,4.98987,0.00769043,-0.0107422,-0.00793457,5.00269,-0.00793457,-0.00610352,
100.2,0.00708008,4.98987,0.00769043,-0.0107422,-0.00793457,5.00818,-0.00793457,-0.00610352,
100.23,0.00708008,4.98987,0.00769043,-0.0107422,-0.00793457,5.00818,-0.00793457,-0.00610352,
100.26,0.00708008,4.98987,0.00769043,-0.0107422,-0.00793457,5.00269,-0.00793457,-0.000610352,
100.29,0.00708008,4.98987,0.00769043,-0.0107422,-0.00793457,5.00269,-0.00793457,-0.000610352,
100.32,0.00708008,4.98987,0.00769043,-0.0107422,-0.00793457,5.00269,-0.00793457,-0.00610352,
100.35,0.00708008,4.98987,0.00769043,-0.0107422,-0.00793457,5.00818,-0.00793457,-0.00610352,
100.38,0.00708008,4.98987,0.00769043,-0.0107422,-0.00793457,5.00818,-0.00793457,-0.00610352,
100.41,0.00708008,4.98987,0.00769043,-0.0107422,-0.00793457,5.00269,-0.00793457,-0.00610352,
100.44,0.00708008,4.98987,0.00769043,-0.0107422,-0.00793457,5.00818,-0.00793457,-0.00610352,
100.47,0.00708008,4.98987,0.00769043,-0.0107422,-0.00793457,5.00818,-0.00793457,-0.00610352,
100.5,0.00708008,4.98987,0.00769043,-0.0107422,-0.00793457,5.00818,-0.00793457,-0.00610352,
100.53,0.00708008,4.98987,0.00769043,-0.0107422,-0.00793457,5.00269,-0.00793457,-0.00610352,
100.56,0.00708008,4.98987,0.00769043,-0.0107422,-0.00793457,5.00269,-0.00793457,-0.00610352,
100.59,0.00708008,4.98987,0.00769043,-0.0107422,-0.00793457,5.00818,-0.00793457,-0.00610352,
100.62,0.00708008,4.98987,0.00769043,-0.0107422,-0.00793457,5.00818,-0.00793457,-0.00610352,
100.65,0.00708008,4.98987,0.00769043,-0.0107422,-0.00793457,5.00818,-0.00793457,-0.00610352,
100.68,0.00708008,4.98987,0.00769043,-0.0107422,-0.00793457,5.00818,-0.00793457,-0.00610352,
100.71,0.00708008,4.98987,0.00769043,-0.0107422,-0.00793457,5.00818,-0.00793457,-0.00610352,
100.74,0.00708008,4.98987,0.00769043,-0.0107422,-0.00793457,5.00818,-0.00793457,-0.00610352,
100.77,0.00708008,4.98987,0.00769043,-0.0107422,-0.00793457,5.00818,-0.00793457,-0.00610352,
100.8,0.00708008,4.98987,0.00769043,-0.0107422,-0.00793457,5.00818,-0.00793457,-0.00610352,
100.83,0.00708008,4.98987,0.00769043,-0.0107422,-0.00793457,5.00818,-0.00793457,-0.00610352,
100.86,0.00708008,4.98987,0.00769043,-0.0107422,-0.00793457,5.00818,-0.00793457,-0.00610352,
100.89,0.00708008,4.98987,0.00769043,-0.0107422,-0.00793457,5.00818,-0.00793457,-0.00610352,
100.92,0.00708008,4.98987,0.00769043,-0.0107422,-0.00793457,5.00818,-0.00793457,-0.00610352,
100.95,0.00708008,4.98987,0.00769043,-0.0107422,-0.00793457,5.00818,-0.00793457,-0.00610352,
100.98,0.00708008,4.98987,0.00769043,-0.0107422,-0.00793457,5.00818,-0.00793457,-0.00610352,
101.01,0.00708008,4.98987,0.00769043,-0.0107422,-0.00793457,5.00818,-0.00793457,-0.00610352,
101.04,0.00708008,4.98987,0.00769043,-0.0107422,-0.00793457,5.00818,-0.00793457,-0.00610352,
101.07,0.00708008,4.98987,0.00769043,-0.0107422,-0.00793457,5.00818,-0.00793457,-0.00610352,
101.1,0.00708008,4.98987,0.00769043,-0.0107422,-0.00793457,5.00818,-0.00793457,-0.00610352,
101.13,0.00708008,4.98987,0.00769043,-0.0107422,-0.00793457,5.00818,-0.00793457,-0.00610352,
101.16,0.00708008,4.98987,0.00769043,-0.0107422,-0.00793457,5.00818,-0.00793457,-0.00610352,
101.19,0.00708008,4.98987,0.00769043,-0.0107422,-0.00793457,5.00818,-0.00793457,-0.00610352,
101.22,0.00708008,4.98987,0.00769043,-0.0107422,-0.00793457,5.00818,-0.00793457,-0.00610352,
101.25,0.00708008,4.98987,0.00769043,-0.0107422,-0.00793457,5.00818,-0.00793457,-0.00610352,
101.28,0.00708008,4.98987,0.00769043,-0.0107422,-0.00793457,5.00818,-0.00793457,-0.00610352,
101.31,0.00708008,4.98987,0.00769043,-0.0107422,-0.00793457,5.00818,-0.00793457,-0.00610352,
101.34,0.00708008,4.98987,0.00769043,-0.0107422,-0.00793457,5.00818,-0.00793457,-0.00610352,
101.37,0.00708008,4.98987,0.00769043,-0.0107422,-0.00793457,5.00818,-0.00793457,-0.00610352,
101.4,0.00708008,4.98987,0.00769043,-0.0107422,-0.00793457,5.00818,-0.00793457,-0.00610352,
101.43,0.00708008,4.98987,0.00769043,-0.0107422,-0.00793457,5.00818,-0.00793457,-0.00610352,
101.46,0.00708008,4.98987,0.00769043,-0.0107422,-0.00793457,5.00818,-0.00793457,-0.00610352,
101.49,0.00708008,4.98987,0.00769043,-0.0107422,-0.00793457,5.00818,-0.00793457,-0.00610352,
101.52,0.00708008,4.98987,0.00769043,-0.0107422,-0.00793457,5.00818,-0.00793457,-0.00610352,
101.55,0.00708008,4.98987,0.00769043,-0.0107422,-0.00793457,5.00818,-0.00793457,-0.00610352,
101.58,0.00708008,4.98987,0.00769043,-0.0107422,-0.00793457,5.00818,-0.00793457,-0.00610352,
101.61,0.00708008,4.98987,0.00769043,-0.0107422,-0.00793457,5.00818,-0.00793457,-0.00610352,
101.64,0.00708008,4.98987,0.00769043,-0.0107422,-0.00793457,5.00818,-0.00793457,-0.00610352,
101.67,0.00708008,4.98987,0.00769043,-0.0107422,-0.00793457,5.00818,-0.00793457,-0.00610352,
101.7,0.00708008,4.98987,0.00769043,-0.0107422,-0.00793457,5.00818,-0.00793457,-0.00610352,
101.73,0.00708008,4.98987,0.00769043,-0.0107422,-0.00793457,5.00818,-0.00793457,-0.00610352,
101.76,0.00708008,4.98987,0.00769043,-0.0107422,-0.00793457,5.00818,-0.00793457,-0.00610352,
101.79,0.00708008,4.98987,0.00769043,-0.0107422,-0.00793457,5.00818,-0.00793457,-0.00610352,
101.82,0.00708008,4.98987,0.00769043,-0.0107422,-0.00793457,5.00818,-0.00793457,-0.00610352,
101.85,0.00708008,4.98987,0.00769043,-0.0107422,-0.00793457,5.00818,-0.00793457,-0.00610352,
101.88,0.00708008,4.98987,0.00769043,-0.0107422,-0.00793457,5.00818,-0.00793457,-0.00610352,
101.91,0.00708008,4.98987,0.00769043,-0.0107422,-0.00793457,5.00818,-0.00793457,-0.00610352,
101.94,0.00708008,4.98987,0.00769043,-0.0107422,-0.00793457,5.00818,-0.00793457,-0.00610352,
101.97,0.00708008,4.98987,0.00769043,-0.0107422,-0.00793457,5.00818,-0.00793457,-0.00610352,
102,0.00708008,4.98987,0.00769043,-0.0107422,-0.00793457,5.00818,-0.00793457,-0.00610352,
102.03,0.00708008,4.98987,0.00769043,-0.0107422,-0.00793457,5.00818,-0.00793457,-0.00610352,
102.06,0.00708008,4.98987,0.00769043,-0.0107422,-0.00793457,5.00818,-0.00793457,-0.00610352,
102.09,0.00708008,4.98987,0.00769043,-0.0107422,-0.00793457,5.00818,-0.00793457,-0.00610352,
102.12,0.00708008,4.98987,0.00769043,-0.0107422,-0.00793457,5.00818,-0.00793457,-0.00610352,
102.15,0.00708008,4.98987,0.00769043,-0.0107422,-0.00793457,5.00818,-0.00793457,-0.00610352,
102.18,0.00708008,4.98987,0.00769043,-0.0107422,-0.00793457,5.00818,-0.00793457,-0.00610352,
102.21,0.00708008,4.98987,0.00769043,-0.0107422,-0.00793457,5.00818,-0.00793457,-0.00610352,
102.24,0.00708008,4.98987,0.00769043,-0.0107422,-0.00793457,5.00818,-0.00793457,-0.00610352,
102.27,0.00708008,4.98987,0.00769043,-0.0107422,-0.00793457,5.00818,-0.00793457,-0.00610352,
102.3,0.00708008,4.98987,0.00769043,-0.0107422,-0.00793457,5.00818,-0.00793457,-0.00610352,
102.33,0.00708008,4.98987,0.00769043,-0.0107422,-0.00793457,5.00818,-0.00793457,-0.00610352,
102.36,0.00708008,4.98987,0.00769043,-0.0107422,-0.00793457,5.00818,-0.00793457,-0.00610352,
102.39,0.00708008,4.98987,0.00769043,-0.0107422,-0.00793457,5.00818,-0.00793457,-0.00610352,
102.42,0.00708008,4.98987,0.00769043,-0.0107422,-0.00793457,5.00818,-0.00793457,-0.00610352,
102.45,0.00708008,4.98987,0.00769043,-0.0107422,-0.00793457,5.00818,-0.00793457,-0.00610352,
102.48,0.00708008,4.98987,0.00769043,-0.0107422,-0.00793457,5.00818,-0.00793457,-0.00610352,
102.51,0.00708008,4.98987,0.00769043,-0.0107422,-0.00793457,5.00818,-0.00793457,-0.00610352,
102.54,0.00708008,4.98987,0.00769043,-0.0107422,-0.00793457,5.00818,-0.00793457,-0.00610352,
102.57,0.00708008,4.98987,0.00769043,-0.0107422,-0.00793457,5.00818,-0.00793457,-0.00610352,
102.6,0.00708008,4.98987,0.00769043,-0.0107422,-0.00793457,5.00818,-0.00793457,-0.00610352,
102.63,0.00708008,4.98987,0.00769043,-0.0107422,-0.00793457,5.00818,-0.00793457,-0.00610352,
102.66,0.00708008,4.98987,0.00769043,-0.0107422,-0.00793457,5.00818,-0.00793457,-0.00610352,
102.69,0.00708008,4.98987,0.00769043,-0.0107422,-0.00793457,5.00818,-0.00793457,-0.00610352,
102.72,0.00708008,4.98987,0.00769043,-0.0107422,-0.00793457,5.00818,-0.00793457,-0.00610352,
102.75,0.00708008,4.98987,0.00769043,-0.0107422,-0.00793457,5.00818,-0.00793457,-0.00610352,
102.78,0.00708008,4.98987,0.00769043,-0.0107422,-0.00793457,5.00818,-0.00793457,-0.00610352,
102.81,0.00708008,4.98987,0.00769043,-0.0107422,-0.00793457,5.00818,-0.00793457,-0.00610352,
102.84,0.00708008,4.98987,0.00769043,-0.0107422,-0.00793457,5.00818,-0.00793457,-0.00610352,
102.87,0.00708008,4.98987,0.00769043,-0.0107422,-0.00793457,5.00818,-0.00793457,-0.00610352,
102.9,0.00708008,4.98987,0.00769043,-0.0107422,-0.00793457,5.00818,-0.00793457,-0.00610352,
102.93,0.00708008,4.98987,0.00769043,-0.0107422,-0.00793457,5.00818,-0.00793457,-0.00610352,
102.96,0.00708008,4.98987,0.00769043,-0.0107422,-0.00793457,5.00818,-0.00793457,-0.00610352,
102.99,0.00708008,4.98987,0.00769043,-0.0107422,-0.00793457,5.00818,-0.00793457,-0.00610352,
103.02,0.00708008,4.98987,0.00769043,-0.0107422,-0.00793457,5.00818,-0.00793457,-0.00610352,
103.05,0.00708008,4.98987,0.00769043,-0.0107422,-0.00793457,5.00818,-0.00793457,-0.00610352,
103.08,0.00708008,4.98987,0.00769043,-0.0107422,-0.00793457,5.00818,-0.00793457,-0.00610352,
103.11,0.00708008,4.98987,0.00769043,-0.0107422,-0.00793457,5.00818,-0.00793457,-0.00610352,
103.14,0.00708008,4.98987,0.00769043,-0.0107422,-0.00793457,5.00818,-0.00793457,-0.00610352,
103.17,0.00708008,4.98987,0.00769043,-0.0107422,-0.00793457,5.00818,-0.00793457,-0.00610352,
103.2,0.00708008,4.98987,0.00769043,-0.0107422,-0.00793457,5.00818,-0.00793457,-0.00610352,
103.23,0.00708008,4.98987,0.00769043,-0.0107422,-0.00793457,5.00818,-0.00793457,-0.00610352,
103.26,0.00708008,4.98987,0.00769043,-0.0107422,-0.00793457,5.00818,-0.00793457,-0.00610352,
103.29,0.00708008,4.98987,0.00769043,-0.0107422,-0.00793457,5.00818,-0.00793457,-0.00610352,
103.32,0.00708008,4.98987,0.00769043,-0.0107422,-0.090332,5.08508,-0.00793457,-0.00610352,
103.35,0.00708008,4.98987,-0.0966797,0.0826416,-0.238647,5.08508,-0.117798,0.00488281,
103.38,0.00708008,4.98987,-0.448242,0.307861,-0.238647,5.22241,-0.535278,-0.000610352,
103.41,0.00158691,4.98987,-1.00854,0.752808,-0.370483,5.36523,-1.45264,0.10376,
103.44,0.00158691,4.98987,-1.86548,1.39551,-0.491333,5.4696,-2.80396,0.488281,
103.47,0.00158691,4.98987,-3.11792,2.32935,-0.557251,5.65637,-5.75928,1.00464,
103.5,0.00158691,4.98987,-4.60657,3.54333,-0.700073,5.92554,-9.39026,1.61438,
103.53,0.00158691,4.99536,-6.41382,4.98804,-0.886841,6.39795,-13.4662,2.36694,
103.56,0.00708008,4.99536,-8.49023,6.61951,-1.10107,6.8429,-13.4662,2.36694,
103.59,-0.0258789,4.99536,-10.6985,8.41028,-1.25488,6.8429,-18.075,3.14148,
103.62,-0.146729,5.00635,-13.0276,10.267,-1.25488,7.31531,-23.0133,3.99292,
103.65,-0.240112,5.00635,-15.3127,12.1401,-1.43616,7.67786,-27.9846,4.87183,
103.68,-0.30603,4.98987,-17.5704,13.9144,-1.66138,8.11182,-32.9834,5.90454,
103.71,-0.371948,4.98987,-19.6743,15.6008,-1.84814,8.51282,-37.7405,6.79443,
103.74,-0.459839,4.98438,-21.509,17.0675,-2.04041,8.90833,-41.9373,7.53052,
103.77,-0.564209,4.98987,-23.1185,18.3364,-2.18872,9.22693,-45.4364,7.53052,
103.8,-0.63562,4.98987,-24.5248,19.4406,-2.32056,9.50159,-45.4364,8.1897,
103.83,-0.685059,4.99536,-25.6234,20.4128,-2.32056,9.50159,-48.4302,8.73901,
103.86,-0.712524,4.99536,-26.5957,21.2753,-2.41943,9.69934,-51.0394,9.22791,
103.89,-0.745483,4.98987,-27.4087,21.907,-2.49634,9.86414,-53.3466,9.63989,
103.92,-0.800415,4.98987,-28.0239,22.4178,-2.47986,10.0015,-55.6592,9.84863,
103.95,-0.855347,4.99536,-28.5403,22.9727,-2.42493,10.1663,-57.8619,10.0134,
103.98,-0.877319,5.01184,-28.9633,23.5055,-2.37,10.3201,-60.0427,10.1453,
104.01,-0.877319,5.00635,-29.3698,23.9669,-2.30408,10.4354,-62.3828,10.1453,
104.04,-0.877319,4.98438,-29.6938,24.3514,-2.13379,10.5123,-62.3828,10.2661,
104.07,-0.904785,5.05579,-30.007,24.692,-2.13379,10.5123,-64.624,10.376,
104.1,-0.915771,5.19861,-30.2487,25.0875,-1.9635,10.5398,-66.8268,10.4749,
104.13,-0.926758,5.34692,-30.4794,25.4611,-1.81519,10.5782,-69.0625,10.5627,
104.16,-0.926758,5.42932,-30.6771,25.7906,-1.68884,10.6716,-71.2598,10.6232,
104.19,-0.926758,5.46228,-30.8529,26.0873,-1.59546,10.7595,-73.2373,10.6616,
104.22,-0.94873,5.50073,-30.9902,26.34,-1.52405,10.798,-74.9347,10.7001,
104.25,-0.954224,5.58862,-31.1221,26.5487,-1.44714,10.8035,-76.3959,10.7001,
104.28,-0.954224,5.67651,-31.2209,26.7245,-1.38123,10.8035,-76.3959,10.755,
104.31,-0.959717,5.72046,-31.3253,26.8783,-1.38123,10.809,-77.6758,10.7935,
104.34,-0.96521,5.73145,-31.4187,27.0431,-1.31531,10.8199,-78.703,10.8319,
104.37,-0.970703,5.74243,-31.5011,27.1804,-1.28235,10.8639,-79.6423,10.8484,
104.4,-0.970703,5.72046,-31.5505,27.2683,-1.24939,10.9133,-80.73,10.8649,
104.43,-0.976196,5.65454,-31.6165,27.2683,-1.20544,10.9298,-81.7682,10.8759,
104.46,-0.976196,5.53918,-31.6549,27.2408,-1.17249,10.9463,-82.8339,10.8978,
104.49,-0.981689,5.43481,-31.7208,27.2134,-1.14502,10.9408,-83.8611,10.8978,
104.52,-0.981689,5.39087,-31.7428,27.1804,-1.12305,10.9408,-83.8611,10.9143,
104.55,-0.970703,5.37439,-31.7648,27.153,-1.12305,10.9408,-84.9103,10.9363,
104.58,-0.893799,5.33594,-31.8032,27.12,-1.10657,10.9463,-85.932,10.9418,
104.61,-0.767456,5.27551,-31.8362,27.0101,-1.10107,10.9792,-86.9702,10.9418,
104.64,-0.641113,5.2041,-31.8527,26.8948,-1.0791,10.9957,-87.981,10.9473,
104.67,-0.580688,5.18213,-31.8636,26.7684,-1.06262,11.0012,-88.8434,10.9528,
104.7,-0.53125,5.18213,-31.8801,26.6531,-1.05713,11.0012,-89.6179,10.9637,
104.73,-0.448853,5.17664,-31.8911,26.5652,-1.06262,10.9957,-89.6179,10.9637,
104.76,-0.366455,5.13818,-31.9131,26.5103,-1.05713,10.9957,-90.2551,10.9747,
104.79,-0.289551,5.09424,-31.9296,26.4443,-1.05713,11.0012,-90.7935,10.9747,
104.82,-0.262085,5.07776,-31.9406,26.3894,-1.02417,11.0012,-91.3922,10.9747,
104.85,-0.240112,5.08325,-32.0504,26.3235,-1.01318,11.0012,-92.2217,10.9747,
104.88,-0.223633,5.08875,-32.1603,26.2795,-1.01318,11.0012,-93.194,10.9802,
104.91,-0.196167,5.06677,-32.2811,26.1422,-0.930786,11.0012,-94.3365,10.9857,
104.94,-0.157715,5.03931,-32.3635,25.9994,-0.771484,11.0012,-95.5725,10.9857,
104.97,-0.146729,5.03931,-32.4569,25.8621,-0.617676,11.0012,-95.5725,10.9857,
105,-0.124756,5.0448,-32.6382,25.7467,-0.617676,11.0012,-96.9019,10.9857,
105.03,-0.09729,5.03381,-32.803,25.5435,-0.540771,11.0012,-98.3521,11.1176,
105.06,-0.00939941,5.00635,-32.9733,25.3292,-0.392456,11.0067,-99.9176,11.2494,
105.09,0.0949707,5.01184,-33.0996,25.1534,-0.194702,11.0067,-101.642,11.3593,
105.12,0.265259,5.02283,-33.204,25.0106,0.0195312,11.0067,-103.307,11.4526,
105.15,0.408081,5.02283,-33.3193,24.8953,0.200806,11.0067,-104.697,11.5295,
105.18,0.490479,5.00635,-33.4127,24.7799,0.288696,11.0067,-105.911,11.5295,
105.21,0.512451,4.99536,-33.4731,24.6646,0.354614,11.0067,-105.911,11.59,
105.24,0.54541,5.00635,-33.5446,24.5712,0.354614,11.0067,-106.971,11.6394,
105.27,0.611328,5.08875,-33.6105,24.5217,0.453491,11.0067,-107.844,11.7108,
105.3,0.704712,5.18762,-33.6544,24.4558,0.563354,11.0067,-108.586,11.7438,
105.33,0.820068,5.29749,-33.6984,24.3789,0.640259,11.0067,-109.086,11.7877,
105.36,0.97937,5.41284,-33.7423,24.324,0.673218,11.0067,-109.393,11.8152,
105.39,1.21558,5.48975,-33.7698,24.269,0.684204,11.0067,-109.492,11.8372,
105.42,1.47925,5.54468,-33.7863,24.2581,0.750122,11.0067,-109.465,11.8372,
105.45,1.78687,5.57214,-33.8192,24.0988,0.810547,11.0067,-109.465,11.8536,
105.48,2.08899,5.70947,-33.8577,23.9834,0.810547,11.0067,-109.399,11.7767,
105.51,2.44055,5.90173,-33.8687,23.8241,0.843506,11.0012,-109.201,11.6669,
105.54,2.78662,6.11047,-33.8741,23.7252,0.843506,11.0067,-108.904,11.5625,
105.57,3.16565,6.22034,-33.8906,23.6044,0.848999,11.0067,-108.63,11.4691,
105.6,3.55017,6.28076,-33.9016,23.5549,0.881958,11.0067,-108.24,11.3977,
105.63,3.90173,6.3302,-33.9126,23.5,0.914917,11.0067,-107.921,11.3483,
105.66,4.14893,6.42358,-33.9236,23.4231,0.942383,11.0067,-107.646,11.3483,
105.69,4.36316,6.52795,-33.9346,23.3407,0.942383,11.0067,-107.646,11.2988,
105.72,4.5719,6.61035,-33.9456,23.2913,0.942383,11.0067,-107.405,11.2549,
105.75,4.74768,6.6543,-33.951,23.2693,0.93689,11.0067,-107.202,11.2164,
105.78,4.97839,6.6543,-33.973,23.2253,0.942383,11.0067,-107.02,11.1725,
105.81,5.35742,6.68176,-33.9785,23.1869,0.898438,11.0067,-106.729,11.1505,
105.84,5.73645,6.76965,-33.973,23.1924,0.761108,11.0067,-106.345,11.134,
105.87,6.14844,6.88501,-33.9785,23.2363,0.623779,11.0067,-105.861,11.1121,
105.9,6.52747,7.03333,-34.0774,23.3077,0.497437,11.0067,-105.861,11.1121,
105.93,7.09326,7.17615,-34.1982,23.4121,0.437012,11.0067,-105.323,11.0956,
105.96,7.8678,7.28601,-34.2971,23.478,0.437012,11.0067,-104.708,11.0791,
105.99,8.69177,7.36292,-34.3905,23.5714,0.39856,11.0067,-104.016,11.0626,
106.02,9.41138,7.42334,-34.4784,23.6318,0.354614,11.0067,-103.301,11.0516,
106.05,10.0651,7.48376,-34.5388,23.6593,0.288696,11.0067,-102.527,11.0406,
106.08,10.6748,7.57166,-34.5992,23.6868,0.217285,11.0067,-101.857,11.0352,
106.11,11.345,7.72546,-34.6487,23.7307,0.184326,11.0067,-101.302,11.0352,
106.14,12.0096,7.90125,-34.7036,23.7911,0.178833,11.0067,-101.302,11.0297,
106.17,12.559,8.06604,-34.7256,23.8186,0.178833,11.0067,-100.824,11.0242,
106.2,12.9545,8.1759,-34.7585,23.8241,0.17334,11.0067,-100.401,11.0187,
106.23,13.295,8.26379,-34.9124,23.8296,0.123901,11.0067,-100.06,11.0187,
106.26,13.7125,8.35168,-35.0662,23.8516,0.0744629,11.0067,-99.7638,11.0132,
106.29,14.2673,8.45056,-35.176,23.8735,0.0689697,11.0067,-99.3573,11.0132,
106.32,14.8716,8.54395,-35.4012,23.89,0.0744629,11.0067,-99.0057,11.0077,
106.35,15.5088,8.58789,-35.7253,23.8241,0.0744629,11.0067,-98.7366,11.0077,
106.38,16.2668,8.60986,-36.1483,23.7087,0.0524902,11.0067,-98.7366,11.0077,
106.41,17.1128,8.65381,-36.5109,23.6154,0.0524902,11.0067,-98.4674,11.0077,
106.44,18.151,8.72522,-36.9503,23.4176,0.0305176,11.0067,-98.2587,11.0022,
106.47,19.1947,8.85706,-37.4612,23.2638,0.0360107,11.0067,-97.9401,11.0022,
106.5,20.1725,8.99988,-37.9061,23.0825,0.0415039,11.0067,-97.6489,11.0022,
106.53,21.1118,9.14819,-38.4445,22.9287,0.0195312,11.0067,-97.4182,11.0022,
106.56,22.1171,9.25806,-38.8839,22.8024,-0.00793457,11.0067,-97.204,11.0022,
106.59,23.0948,9.36792,-39.2794,22.7365,-0.00244141,11.0067,-97.0337,11.0022,
106.62,23.8694,9.43384,-39.6365,22.6321,0.0140381,11.0067,-97.0337,11.0022,
106.65,24.4352,9.49426,-39.9441,22.5277,0.0140381,11.0067,-96.748,10.9967,
106.68,24.9296,9.54919,-40.2023,22.4618,0.00854492,11.0067,-96.5063,10.9967,
106.71,25.5009,9.62061,-40.455,22.4014,-0.00793457,11.0067,-96.4185,10.9967,
106.74,26.1051,9.69751,-40.6417,22.33,-0.00793457,11.0067,-96.5668,10.9967,
106.77,26.5995,9.74146,-40.8175,22.308,0.0140381,11.0067,-96.9238,11.0956,
106.8,27.0939,9.82935,-40.9548,22.3629,0.101929,11.0067,-97.5336,11.2329,
106.83,27.7091,9.98865,-41.2515,22.4069,0.211792,11.0067,-98.4509,11.2329,
106.86,28.4177,10.1754,-41.4437,22.4783,0.338135,11.0067,-98.4509,11.3483,
106.89,29.0879,10.3896,-41.625,22.7035,0.338135,11.0067,-99.5111,11.4471,
106.92,29.6647,10.5599,-41.8282,22.8408,0.458984,11.0012,-100.851,11.524,
106.95,30.2415,10.7357,-42.004,22.9946,0.640259,11.0067,-102.335,11.7108,
106.98,30.983,10.9225,-42.1139,23.2308,0.827026,11.0067,-104.153,11.8976,
107.01,31.7411,11.1807,-42.2238,23.5055,1.01929,11.0067,-106.021,12.0679,
107.04,32.4277,11.4059,-42.3116,23.6758,1.18958,11.0562,-107.778,12.2162,
107.07,32.9661,11.6146,-42.3831,23.8351,1.29395,11.177,-107.778,12.2162,
107.1,33.455,11.8014,-42.4819,23.9724,1.35986,11.177,-109.256,12.326,
107.13,33.9164,11.9607,-42.5643,24.1152,1.35986,11.3583,-110.53,12.4194,
107.16,34.3284,12.1035,-42.6028,24.2251,1.46423,11.4736,-111.64,12.4744,
107.19,34.6525,12.2134,-42.6742,24.3295,1.55762,11.5505,-112.42,12.5568,
107.22,35.015,12.2848,-42.7126,24.4009,1.63452,11.578,-112.936,12.6447,
107.25,35.405,12.3837,-42.8719,24.6096,1.69495,11.6055,-113.271,12.7051,
107.28,35.8665,12.5649,-42.9983,24.7909,1.70593,11.6659,-113.381,12.7051,
107.31,36.3608,12.7737,-43.1246,24.9227,1.74988,11.7703,-113.381,12.7435,
107.34,36.9156,12.955,-43.229,25.0656,1.74988,11.7703,-113.25,12.7655,
107.37,37.5803,13.1637,-43.4872,25.3127,1.78833,11.8307,-112.794,12.793,
107.4,38.2944,13.3889,-43.6685,25.527,1.8158,11.8472,-112.112,12.7161,
107.43,39.014,13.6306,-43.8168,25.7137,1.84875,11.8472,-111.107,12.6227,
107.46,39.7666,13.8998,-44.1079,26.0049,1.88721,11.8472,-110.102,12.5403,
107.49,40.4697,14.1635,-44.3386,26.2631,1.82129,11.8636,-109.058,12.4414,
107.52,41.1619,14.4161,-44.5583,26.4828,1.69495,11.8966,-108.026,12.4414,
107.55,41.7936,14.6359,-44.7341,26.675,1.5741,11.946,-108.026,12.3755,
107.58,42.3594,14.8116,-44.8934,26.8453,1.5741,11.946,-107.158,12.3206,
107.61,42.8428,14.9545,-45.0527,26.9991,1.48071,11.946,-106.268,12.2821,
107.64,43.1998,15.0753,-45.1626,27.12,1.43127,11.946,-105.51,12.2382,
107.67,43.5459,15.1962,-45.267,27.2299,1.38733,11.946,-105.12,12.2052,
107.7,43.9579,15.295,-45.4812,27.3397,1.29944,11.9515,-104.949,12.1722,
107.73,44.3809,15.3994,-45.6844,27.4221,1.31592,11.968,-104.927,12.1503,
107.76,44.8093,15.4873,-45.9701,27.488,1.42029,11.9351,-105.197,12.1503,
107.79,45.3916,15.5312,-46.3656,27.532,1.64001,11.8142,-105.197,12.1118,
107.82,46.1387,15.5807,-46.7996,27.6199,1.64001,11.8142,-105.867,12.1997,
107.85,46.9407,15.729,-47.3379,27.6858,1.85425,11.6769,-106.746,12.326,
107.88,47.7921,15.9268,-47.9257,27.7023,2.06848,11.5231,-107.905,12.4304,
107.91,48.682,16.0916,-48.5574,27.7297,2.28271,11.4517,-109.492,12.5348,
107.94,49.6378,16.1959,-49.244,27.7792,2.48596,11.4297,-111.124,12.7161,
107.97,50.6046,16.2893,-49.9636,27.7352,2.74963,11.3912,-112.684,12.8699,
108,51.467,16.3717,-50.6063,27.6364,3.07373,11.3473,-114.167,12.8699,
108.03,52.1866,16.4651,-51.1721,27.5485,3.35388,11.2429,-114.167,13.0457,
108.06,52.7964,16.5255,-51.6775,27.488,3.5791,11.2429,-115.612,13.1995,
108.09,53.3182,16.5585,-52.1005,27.4276,3.5791,11.1935,-116.782,13.3258,
108.12,53.8016,16.6299,-52.5894,27.3727,3.75488,11.155,-117.842,13.4082,
108.15,54.2795,16.6903,-53.0288,27.2958,3.93616,11.155,-118.737,13.4741,
108.18,54.7355,16.7288,-53.4188,27.2848,4.10645,11.155,-119.523,13.551,
108.21,55.2848,16.6903,-53.8638,27.12,4.23279,11.1331,-120.314,13.6224,
108.24,55.8011,16.6244,-54.3746,26.8673,4.34814,11.0946,-120.984,13.6224,
108.27,56.29,16.4376,-54.9679,26.4938,4.44702,11.0726,-120.984,13.6829,
108.3,56.8778,16.2234,-55.6161,26.1697,4.52942,11.0726,-121.725,13.7268,
108.33,57.6798,15.9707,-56.2972,25.7852,4.52942,11.0726,-122.484,13.8916,
108.36,58.6136,15.6411,-56.9839,25.3127,4.60083,11.0726,-123.148,14.0454,
108.39,59.4431,15.295,-57.7584,24.7854,4.65027,11.0671,-123.708,14.1992,
108.42,60.1627,14.9435,-58.5604,24.1812,4.69971,11.0342,-124.186,14.3201,
108.45,60.8823,14.5919,-59.2581,23.6208,4.85901,11.0342,-124.604,14.4244,
108.48,61.6898,14.2733,-59.9777,23.0551,5.01831,11.0342,-124.939,14.4244,
108.51,62.4808,13.9547,-60.6094,22.5552,5.1886,11.0342,-124.939,14.5013,
108.54,63.0961,13.6965,-61.1587,22.0938,5.1886,11.0342,-125.263,14.5618,
108.57,63.53,13.4768,-61.675,21.6708,5.30396,11.0342,-125.505,14.6332,
108.6,63.92,13.29,-62.131,21.3302,5.37537,11.0232,-125.735,14.6936,
108.63,64.332,13.1417,-62.4551,21.0336,5.45227,11.0232,-125.917,14.7375,
108.66,64.7056,13.0154,-62.7957,20.7699,5.56213,11.0232,-126.049,14.7595,
108.69,65.0736,12.7957,-63.0923,20.3964,5.64453,11.0232,-126.164,14.7925,
108.72,65.4197,12.543,-63.323,20.1162,5.68848,11.0232,-126.257,14.7925,
108.75,65.8427,12.3342,-63.5482,19.8306,5.73242,11.0177,-126.257,14.8309,
108.78,66.3645,12.0925,-63.7405,19.4515,5.73242,11.0177,-126.356,14.8529,
108.81,66.9248,11.8234,-63.8833,19.1604,5.78186,11.0177,-126.433,14.8639,
108.84,67.4412,11.4608,-64.0316,18.7539,5.80933,11.0177,-126.51,14.8859,
108.87,67.9355,11.1038,-64.1635,18.4133,5.8313,11.0177,-126.576,14.9078,
108.9,68.4739,10.8126,-64.2733,17.9904,5.85327,11.0122,-126.625,14.9188,
108.93,69.0616,10.505,-64.3722,17.5784,5.86426,11.0122,-126.675,14.9353,
108.96,69.589,10.1864,-64.4491,17.2543,5.86426,11.0177,-126.719,14.9353,
108.99,70.0284,9.85132,-64.504,16.9906,5.88623,11.0177,-126.719,15.0781,
109.02,70.38,9.59863,-64.5864,16.7214,5.88623,11.0177,-126.757,15.2045,
109.05,70.6986,9.42834,-64.6139,16.4852,5.91919,11.0122,-126.785,15.3253,
109.08,71.0337,9.25806,-64.6084,16.2875,5.92468,11.0012,-126.812,15.4297,
109.11,71.3193,9.09326,-64.548,16.1282,5.92468,11.0067,-126.84,15.5066,
109.14,71.4951,8.95044,-64.3447,15.9799,5.95215,11.0067,-126.851,15.5615,
109.17,71.6489,8.83508,-63.9492,15.8315,5.98511,11.0067,-126.867,15.6329,
109.2,71.8302,8.73621,-63.3285,15.8206,5.97961,11.0067,-126.884,15.6329,
109.23,72.0499,8.64832,-62.5265,15.848,5.97961,11.0067,-126.884,15.6934,
109.26,72.1323,8.55493,-61.4608,15.87,5.97961,11.0067,-126.9,15.7373,
109.29,72.1158,8.46704,-60.2798,15.9854,5.98511,11.0067,-126.911,15.7648,
109.32,72.0774,8.40112,-58.8406,16.1062,6.07849,11.0067,-126.922,15.8087,
109.35,72.0774,8.35718,-57.3409,16.3534,6.20483,11.0067,-126.933,15.8362,
109.38,72.0774,8.19788,-55.7809,16.5457,6.33667,11.0067,-126.938,15.8527,
109.41,72.0774,8.00562,-54.2867,16.7544,6.44104,11.0067,-126.944,15.8746,
109.44,72.0719,7.85181,-52.8311,16.9137,6.51245,11.0067,-126.955,15.8746,
109.47,72.0774,7.7749,-51.4468,17.0345,6.58386,11.0067,-126.955,15.8911,
109.5,72.0719,7.698,-50.2328,17.1334,6.58386,11.0067,-126.96,15.9076,
109.53,72.0719,7.59912,-49.1671,17.2543,6.62781,11.0067,-126.966,15.9186,
109.56,72.0499,7.50574,-48.2443,17.4685,6.69373,11.0067,-126.971,15.9241,
109.59,72.0225,7.44531,-47.3159,17.6608,6.75415,11.0012,-126.971,15.8307,
109.62,71.962,7.40137,-46.4974,17.8365,6.78711,11.0012,-126.977,15.7098,
109.65,71.8357,7.35193,-45.5581,18.0892,6.81458,11.0067,-126.988,15.5945,
109.68,71.583,7.36841,-44.476,18.4518,6.78162,11.0067,-126.988,15.5945,
109.71,71.2644,7.43433,-43.2784,19.0176,6.66077,11.0067,-126.988,15.5011,
109.74,70.9623,7.52771,-41.9875,19.6218,6.66077,11.0012,-126.993,15.4407,
109.77,70.6437,7.59912,-40.4659,20.3195,6.51245,11.0012,-126.999,15.3857,
109.8,70.1987,7.63757,-38.8894,21.1434,6.42456,11.0067,-126.999,15.188,
109.83,69.6659,7.65955,-37.2579,22.0114,6.28723,11.0067,-126.999,14.9902,
109.86,69.155,7.67603,-35.5935,22.8738,6.10596,11.0067,-126.927,14.8529,
109.89,68.6716,7.74194,-33.8522,23.8076,5.89172,11.0067,-126.829,14.743,
109.92,68.2212,7.81335,-32.2042,24.5876,5.73792,11.0067,-126.829,14.743,
109.95,67.7762,7.84082,-30.7705,25.2798,5.6665,11.0067,-126.62,14.6332,
109.98,67.3698,7.83533,-29.5126,25.9994,5.6665,11.0067,-126.422,14.5288,
110.01,67.0676,7.84082,-28.4084,26.6366,5.60059,11.0067,-126.235,14.4464,
110.04,66.8369,7.87378,-27.4471,27.2134,5.49622,11.0067,-126.082,14.386,
110.07,66.6062,7.90674,-26.6122,27.7078,5.40833,11.0067,-125.944,14.3365,
110.1,66.3096,7.91772,-25.8816,28.1307,5.3479,11.0067,-125.812,14.2761,
110.13,65.947,7.91772,-25.2609,28.5867,5.31494,11.0067,-125.554,14.2761,
110.16,65.6504,7.91772,-24.5907,29.0261,5.271,11.0067,-125.554,14.2322,
110.19,65.4252,8.0166,-23.9974,29.559,5.271,11.0067,-125.334,14.1992,
110.22,65.1285,8.14294,-23.3602,30.0918,5.1062,11.0012,-124.994,14.1663,
110.25,64.722,8.28577,-22.8054,30.718,4.92493,11.0012,-124.576,14.0125,
110.28,64.2222,8.37366,-22.1957,31.3717,4.73816,11.0067,-124.066,13.8806,
110.31,63.7607,8.43408,-21.5475,31.9705,4.65027,11.0067,-123.483,13.7378,
110.34,63.3542,8.51099,-20.9597,32.6187,4.58984,11.0067,-122.835,13.6169,
110.37,62.9258,8.5769,-20.4324,33.2998,4.51843,11.0012,-122.286,13.6169,
110.4,62.5193,8.61536,-19.8995,33.8766,4.41956,11.0012,-122.286,13.5345,
110.43,62.1622,8.67029,-19.3942,34.4204,4.41956,11.0012,-121.676,13.4631,
110.46,61.937,8.73071,-18.9327,34.8873,4.33716,11.0012,-121.138,13.3917,
110.49,61.7228,8.78015,-18.5592,35.2938,4.3042,11.0067,-120.671,13.3203,
110.52,61.4591,8.78564,-18.2296,35.6399,4.27673,11.0067,-120.281,13.2819,
110.55,61.2449,8.79114,-17.9604,35.92,4.24377,11.0012,-120.089,13.2434,
110.58,61.113,8.83508,-17.6968,36.3156,4.18335,11.0012,-119.924,13.205,
110.61,60.9482,8.87903,-17.4606,36.7001,4.1394,11.0067,-119.907,13.205,
110.64,60.6736,8.87903,-17.1639,36.9912,4.12842,11.0067,-119.907,13.172,
110.67,60.3879,8.87903,-16.9113,37.2769,4.12842,11.0067,-119.918,13.1445,
110.7,60.1682,8.90649,-16.6531,37.6779,4.11743,11.0012,-120.056,13.1226,
110.73,60.0144,8.90649,-16.307,38.1393,4.08997,11.0012,-120.33,13.1061,
110.76,59.7672,8.91748,-16.0159,38.4854,4.06799,11.0067,-120.709,13.0896,
110.79,59.4761,8.93396,-15.6478,38.8864,4.0625,11.0067,-121.187,13.1775,
110.82,59.1355,8.94495,-15.3018,39.2928,4.05701,11.0067,-121.588,13.2928,
110.85,58.9268,8.94495,-15.0106,39.7543,4.05151,11.0012,-122.072,13.2928,
110.88,58.6906,8.96692,-14.6151,40.1992,4.04602,11.0012,-122.072,13.4082,
110.91,58.4653,8.97241,-14.291,40.5508,4.04602,11.0012,-122.495,13.4906,
110.94,58.2346,8.97241,-13.9999,40.8309,4.04602,11.0067,-122.868,13.551,
110.97,58.0863,8.97241,-13.7307,41.1276,4.03503,11.0067,-123.187,13.6169,
111,58.0149,8.9834,-13.511,41.3967,4.02405,11.0067,-123.445,13.6829,
111.03,57.8666,8.9834,-13.3132,41.5945,4.01855,11.0012,-123.681,13.7268,
111.06,57.6798,8.9834,-13.1375,41.7593,4.01855,11.0012,-123.873,13.7268,
111.09,57.5864,8.9834,-13.0001,41.8911,4.00757,11.0067,-123.873,13.7598,
111.12,57.5645,8.9834,-12.8628,42.1987,4.00757,11.0067,-124.181,13.7927,
111.15,57.4601,8.97791,-12.6211,42.4459,3.99658,11.0067,-124.445,13.8257,
111.18,57.2294,8.9834,-12.4124,42.6217,3.99658,11.0012,-124.807,13.8586,
111.21,56.9602,8.9834,-12.2476,42.759,4.00208,11.0012,-125.137,13.8751,
111.24,56.8174,8.97791,-11.9729,43.0447,3.99658,11.0067,-125.411,13.8916,
111.27,56.7844,8.98889,-11.6873,43.3193,3.99658,11.0067,-125.637,13.9026,
111.3,56.757,8.99988,-11.462,43.55,4.00208,11.0067,-125.84,13.9026,
111.33,56.5592,8.99988,-11.2863,43.8577,4.00757,11.0067,-125.84,14.0399,
111.36,56.2571,8.99438,-11.1379,44.0774,4.00757,11.0012,-125.983,14.1937,
111.39,56.0538,8.99438,-10.9731,44.3356,3.99658,11.0012,-126.12,14.3146,
111.42,56.0044,9.00537,-10.8468,44.5828,3.9856,11.0067,-126.219,14.408,
111.45,55.9604,8.99988,-10.7369,44.775,3.99109,11.0067,-126.323,14.4904,
111.48,55.7847,8.99988,-10.6381,44.9233,3.99658,11.0012,-126.406,14.5673,
111.51,55.6693,8.99438,-10.5831,45.0057,3.99109,11.0012,-126.483,14.6387,
111.54,55.6858,8.99438,-10.4897,45.0771,3.9801,11.0012,-126.483,14.6387,
111.57,55.8011,8.99438,-10.4183,45.0881,3.9856,11.0012,-126.554,14.5837,
111.6,55.8835,8.99438,-10.4403,45.0607,3.9856,11.0012,-126.603,14.4849,
111.63,56.0428,8.99438,-10.5227,44.9288,3.99109,11.0067,-126.576,14.408,
111.66,56.4274,9.0658,-10.693,44.819,3.9801,11.0067,-126.29,14.3585,
111.69,56.8448,9.2251,-10.8413,44.7585,3.88123,11.0067,-125.62,14.1553,
111.72,57.2513,9.34595,-11.105,44.5278,3.77136,11.0012,-124.664,13.996,
111.75,57.6578,9.39539,-11.3522,44.3026,3.65051,11.0012,-123.692,13.8641,
111.78,58.0424,9.56018,-11.7092,44.1378,3.53516,11.0067,-123.692,13.8641,
111.81,58.5697,9.79639,-11.9839,44.0005,3.3429,11.0067,-122.593,13.7213,
111.84,59.1025,9.97766,-12.2311,43.7917,3.3429,11.0067,-121.506,13.606,
111.87,59.509,10.082,-12.5826,43.572,3.13965,11.0067,-120.55,13.5291,
111.9,59.7288,10.1699,-12.9012,43.3029,2.94739,11.0012,-119.611,13.4521,
111.93,59.9375,10.2908,-13.1814,43.1326,2.80457,11.0067,-118.781,13.3807,
111.96,60.2726,10.3842,-13.4176,43.0172,2.68921,11.0067,-118.232,13.3203,
111.99,60.5857,10.4501,-13.6044,42.9073,2.60132,11.0067,-117.737,13.3203,
112.02,60.8109,10.5215,-13.7966,42.7426,2.51343,11.0012,-117.737,13.2819,
112.05,61.0361,10.5929,-13.9504,42.6382,2.51343,11.0012,-117.347,13.2434,
112.08,61.3328,10.6533,-14.0713,42.5723,2.50793,11.0067,-117.139,13.205,
112.11,61.6843,10.7906,-14.3295,42.5118,2.57385,11.0067,-117.095,13.172,
112.14,62.0194,10.9664,-14.5272,42.4404,2.66724,11.0067,-117.32,13.139,
112.17,62.371,11.1202,-14.8458,42.369,2.73865,11.0067,-117.71,13.2214,
112.2,62.772,11.1971,-15.126,42.3141,2.73865,11.0067,-118.193,13.3368,
112.23,63.2279,11.3235,-15.4775,42.2976,2.75513,11.0067,-118.594,13.3368,
112.26,63.7223,11.5267,-15.7906,42.2592,2.91992,11.0067,-118.594,13.4357,
112.29,64.1562,11.741,-16.0708,42.2262,2.91992,11.0012,-119.083,13.5291,
112.32,64.4968,11.8893,-16.3345,42.1768,3.11218,11.0012,-119.644,13.5785,
112.35,64.8044,12.0046,-16.6696,42.1658,3.24951,11.0067,-120.127,13.6334,
112.38,65.0901,12.142,-16.9607,42.1438,3.33191,11.0067,-120.55,13.6938,
112.41,65.3647,12.2793,-17.2134,42.1273,3.40881,11.0067,-120.918,13.7488,
112.44,65.5515,12.3507,-17.3397,42.1108,3.4967,11.0012,-121.226,13.7872,
112.47,65.6998,12.4166,-17.4331,42.1658,3.59009,11.0067,-121.226,13.7872,
112.5,65.8536,12.51,-17.4935,42.2592,3.66699,11.0067,-121.346,13.8037,
112.53,66.0624,12.5924,-17.5814,42.4789,3.66699,11.0067,-121.445,13.8257,
112.56,66.2601,12.7023,-17.5594,42.7865,3.69995,11.0067,-121.418,13.8641,
112.59,66.4744,12.911,-17.4716,43.1875,3.7384,11.0012,-121.226,13.8861,
112.62,66.7271,13.0813,-17.4166,43.6434,3.69995,11.0616,-120.627,13.8971,
112.65,66.9083,13.2461,-17.2628,44.2367,3.60657,11.188,-119.836,13.9191,
112.68,67.0237,13.4878,-17.087,44.819,3.50769,11.3308,-119.012,13.8147,
112.71,67.172,13.8119,-16.8398,45.4342,3.40881,11.4352,-119.012,13.8147,
112.74,67.4357,14.0975,-16.6091,46.1428,3.3429,11.4352,-118.001,13.6884,
112.77,67.7433,14.3447,-16.3839,46.9393,3.3429,11.5176,-116.974,13.584,
112.8,67.952,14.5425,-16.1971,47.6095,3.30444,11.578,-116.117,13.5071,
112.83,68.0399,14.7238,-16.0598,48.2412,3.27698,11.6219,-115.238,13.4302,
112.86,68.0784,14.8831,-15.8181,48.8345,3.23303,11.6824,-114.485,13.3752,
112.89,68.2212,15.0369,-15.5709,49.4113,3.18359,11.7483,-113.832,13.3093,
112.92,68.408,15.1797,-15.3457,49.8947,3.15063,11.8032,-113.25,13.3093,
112.95,68.4849,15.2896,-15.1809,50.2792,3.13965,11.8362,-113.25,13.2654,
112.98,68.4849,15.3555,-15.0491,50.7076,3.13416,11.8362,-112.783,13.2214,
113.01,68.4904,15.4324,-14.7909,51.2625,3.13416,11.8417,-112.513,13.194,
113.04,68.5892,15.5917,-14.4613,51.8777,3.11768,11.8472,-112.426,13.172,
113.07,68.6771,15.8169,-14.0054,52.6248,3.09021,11.8691,-112.475,13.2434,
113.1,68.6991,15.9817,-13.511,53.4268,3.06274,11.9076,-112.81,13.3533,
113.13,68.7046,16.0806,-12.9507,54.3716,3.11768,11.9186,-113.282,13.4521,
113.16,68.7705,16.1849,-12.3245,55.3494,3.23853,11.9186,-113.799,13.4521,
113.19,68.8584,16.3168,-11.6323,56.4535,3.37585,11.9296,-113.799,13.5345,
113.22,68.8694,16.3937,-10.9292,57.5302,3.37585,11.9296,-114.398,13.595,
113.25,68.8694,16.4376,-10.1986,58.6068,3.48572,11.946,-114.925,13.6499,
113.28,68.8804,16.553,-9.50098,59.6835,3.54614,11.968,-115.535,13.6938,
113.31,68.9133,16.6189,-8.79785,60.6393,3.59009,11.9735,-116.024,13.7488,
113.34,68.9243,16.7343,-8.20459,61.4523,3.65051,11.9735,-116.584,13.7872,
113.37,68.9243,16.932,-7.62781,62.1554,3.72742,11.9735,-117.095,13.8092,
113.4,68.9298,17.0968,-7.16089,62.7761,3.77136,11.9735,-117.529,13.8092,
113.43,68.9353,17.1792,-6.76538,63.4463,3.78784,11.9735,-117.529,13.8367,
113.46,68.9518,17.2781,-6.40283,64.0396,3.78784,11.99,-117.886,13.8641,
113.49,68.9902,17.3824,-5.97986,64.6548,3.80981,11.99,-118.204,13.8806,
113.52,68.9683,17.4648,-5.58435,65.325,3.84827,11.99,-118.463,13.8971,
113.55,68.8694,17.5143,-5.16138,66.061,3.87024,11.99,-118.688,13.9136,
113.58,68.7705,17.5637,-4.63403,66.9015,3.88672,11.99,-118.885,13.9246,
113.61,68.6497,17.6406,-4.04626,67.8188,3.89221,11.9955,-119.05,13.9246,
113.64,68.5947,17.6736,-3.40906,68.8351,3.89771,11.9955,-119.05,13.9301,
113.67,68.5343,17.712,-2.72791,69.8953,3.91418,11.9955,-119.193,13.941,
113.7,68.4904,17.767,-2.10168,70.9225,3.91418,11.9955,-119.303,13.952,
113.73,68.4244,17.7944,-1.46997,71.9387,3.93616,11.9955,-119.545,13.9575,
113.76,68.3475,17.8219,-0.887695,72.9659,3.94714,12.001,-119.759,13.9575,
113.79,68.3256,17.8604,-0.365845,73.8888,3.95264,12.001,-119.94,13.9575,
113.82,68.3036,17.8658,0.0571289,74.6798,3.95264,12.001,-120.089,13.9685,
113.85,68.2377,17.8823,0.447144,75.361,3.96912,12.001,-120.22,13.974,
113.88,68.1718,17.9043,0.77124,75.9487,3.9801,12.001,-120.22,13.974,
113.91,68.1498,17.9043,1.16675,76.4816,3.9801,12.001,-120.341,13.974,
113.94,68.1498,17.9263,1.54578,77.0419,3.9801,12.0065,-120.325,13.974,
113.97,68.1333,17.9373,1.86438,77.5582,3.9801,12.0065,-120.286,13.9795,
114,68.0509,18.0197,2.12256,78.1295,3.9801,12.0065,-120.11,13.985,
114.03,67.8751,18.1515,2.37524,78.6129,3.90869,12.0065,-119.808,13.985,
114.06,67.7433,18.2614,2.69934,79.1512,3.77136,12.0065,-119.407,13.985,
114.09,67.6499,18.3602,2.99048,79.761,3.62305,12.0065,-118.935,13.9905,
114.12,67.606,18.4481,3.36951,80.3433,3.52417,12.0065,-118.935,13.9905,
114.15,67.5345,18.5305,3.72107,80.9091,3.46375,12.0065,-118.358,13.996,
114.18,67.4027,18.5909,4.0177,81.5463,3.46375,12.0065,-117.732,13.996,
114.21,67.3588,18.6129,4.36377,82.1395,3.4198,12.0065,-117.04,13.8916,
114.24,67.3588,18.7777,4.72083,82.6504,3.36487,12.0065,-116.469,13.7543,
114.27,67.3258,18.981,5.03943,83.1667,3.29346,12.0065,-115.815,13.6389,
114.3,67.2214,19.0963,5.27563,83.6666,3.23303,12.0175,-115.266,13.5455,
114.33,67.205,19.1787,5.48438,84.1061,3.20007,12.012,-114.788,13.5455,
114.36,67.205,19.316,5.69861,84.4796,3.19458,12.012,-114.788,13.4631,
114.39,67.1775,19.4039,5.8634,84.7982,3.19458,12.012,-114.387,13.3972,
114.42,67.0786,19.4644,6.00073,85.1003,3.15613,12.012,-114.03,13.3368,
114.45,66.8973,19.5248,6.24243,85.3311,3.11768,12.012,-113.733,13.2874,
114.48,66.7655,19.6017,6.47864,85.6332,3.1012,12.012,-113.332,13.2434,
114.51,66.6611,19.6511,6.78076,85.9847,3.08472,12.012,-113.008,13.2104,
114.54,66.6282,19.6786,7.18726,86.3583,2.97485,12.012,-112.706,13.172,
114.57,66.5183,19.7335,7.67615,86.6879,2.81006,12.012,-112.316,13.172,
114.6,66.4414,19.7665,8.12109,86.979,2.65625,12.012,-112.316,13.15,
114.63,66.4084,19.7939,8.599,87.2427,2.65625,12.012,-111.992,13.1281,
114.66,66.381,19.8214,9.15381,87.4789,2.56287,12.012,-111.563,13.1061,
114.69,66.3315,19.8544,9.67017,87.6602,2.50793,12.012,-111.184,13.0896,
114.72,66.2546,19.8654,10.0876,87.8195,2.453,12.012,-110.876,13.0786,
114.75,66.2272,19.8654,10.5601,87.9897,2.36511,12.012,-110.602,13.0676,
114.78,66.2217,19.9038,11.0435,88.1326,2.28821,12.012,-110.366,13.0511,
114.81,66.1942,19.9258,11.4225,88.2314,2.24426,12.012,-110.168,13.0511,
114.84,66.1448,19.9203,11.7301,88.3193,2.22229,12.012,-110.168,13.0402,
114.87,66.1228,19.9258,12.0432,88.4127,2.22229,12.012,-109.855,13.0347,
114.9,66.1118,19.9313,12.2904,88.4841,2.20032,12.012,-109.591,13.0347,
114.93,66.0184,20.0356,12.4937,88.572,2.16187,12.012,-109.212,13.0237,
114.96,65.8536,20.1785,12.8232,88.6105,2.12891,12.012,-108.619,13.0182,
114.99,65.7273,20.2773,13.1254,88.6379,2.00256,12.012,-107.949,13.0127,
115.02,65.6449,20.3542,13.444,88.7039,1.85974,12.012,-107.103,13.0127,
115.05,65.601,20.4421,13.9109,88.7533,1.60156,12.012,-107.103,13.0127,
115.08,65.5295,20.541,14.3339,88.7698,1.3324,12.012,-106.235,13.0127,
115.11,65.4417,20.5795,14.7788,88.7972,1.3324,12.012,-105.186,13.0072,
115.14,65.3812,20.6289,15.2018,88.8357,1.12366,12.012,-104.158,13.0072,
115.17,65.3483,20.6948,15.6742,88.8467,0.964355,12.012,-103.137,13.0017,
115.2,65.3043,20.7058,16.1082,88.8632,0.755615,12.0065,-101.939,13.0017,
115.23,65.2659,20.7498,16.4707,88.8796,0.469971,12.0065,-100.923,13.0017,
115.26,65.2439,20.7937,16.8113,88.8961,0.195312,12.0065,-100.066,13.0017,
115.29,65.2274,20.8322,17.0969,88.9126,0.0250244,12.0065,-100.066,13.0017,
115.32,65.1945,20.8431,17.3441,88.9181,-0.101318,12.0065,-99.3353,12.9962,
115.35,65.1285,20.8541,17.5529,88.9236,-0.101318,12.0065,-98.7091,12.9907,
115.38,65.1011,20.8541,17.7231,88.9346,-0.194702,12.0065,-98.1488,12.9962,
115.41,65.1011,20.8871,18.0088,88.951,-0.315552,12.0065,-97.8522,12.9962,
115.44,65.1011,20.9146,18.2889,88.9565,-0.458374,12.0065,-97.7039,12.9962,
115.47,65.0791,20.92,18.624,88.9565,-0.458374,12.0065,-97.5995,12.9962,
115.5,65.0736,20.92,19.025,88.962,-0.392456,12.0065,-97.5006,12.9962,
115.53,65.0736,20.9365,19.4315,88.9675,-0.299072,12.0065,-97.5006,12.9907,
115.56,65.0626,20.942,19.8765,88.9675,-0.249634,12.0065,-97.5281,12.9907,
115.59,65.0571,20.942,20.3654,88.973,-0.249634,12.0065,-97.5885,12.9962,
115.62,65.0571,20.9585,20.8652,88.9785,-0.244141,12.0065,-97.7917,12.9962,
115.65,65.0406,21.0629,21.3816,88.9785,-0.227661,12.0065,-97.9675,12.9907,
115.68,65.0406,21.1947,21.854,88.984,-0.183716,12.0065,-98.1268,12.9907,
115.71,65.0406,21.2936,22.2715,88.984,-0.139771,12.0065,-98.385,12.9907,
115.74,65.0297,21.387,22.6121,88.984,-0.117798,12.0065,-98.6157,12.9907,
115.77,65.0297,21.4639,22.9252,88.984,-0.117798,12.0065,-98.6157,12.9962,
115.8,65.0297,21.5463,23.1998,88.984,-0.117798,12.0065,-98.8245,12.9962,
115.83,64.9418,21.6012,23.4305,88.995,-0.106812,12.0065,-98.8739,12.9907,
115.86,64.8099,21.5682,23.6338,88.995,-0.0793457,12.0065,-98.7915,12.9907,
115.89,64.5847,21.4968,23.8096,89.0005,-0.0628662,12.0065,-98.2422,13.0951,
115.92,64.2661,21.4254,23.9634,88.995,-0.0628662,12.0779,-97.4951,13.2434,
115.95,63.8596,21.376,24.1007,88.995,0.0469971,12.3086,-96.4404,13.5181,
115.98,63.3103,21.3375,24.2161,89.0005,0.195312,12.7151,-95.0671,13.5181,
116.01,62.6072,21.2661,24.3094,88.995,0.447998,12.7151,-95.0671,13.7158,
116.04,61.8711,21.2222,24.3973,88.9895,0.447998,13.1326,-93.4906,14.0179,
116.07,61.0746,21.2002,24.4742,89.0005,0.69519,13.5775,-91.6669,14.4299,
116.1,60.1737,21.1617,24.5457,88.9895,0.876465,14.028,-89.8596,14.9628,
116.13,59.2838,21.1233,24.6061,88.9785,1.14014,14.4235,-87.6953,15.4242,
116.16,58.5477,21.1178,24.6665,88.984,1.42578,14.8794,-85.7343,15.8197,
116.19,57.8391,21.1068,24.6995,88.984,1.70593,15.3738,-83.8501,16.0999,
116.22,57.1744,21.0793,24.7379,88.9785,1.90918,15.8242,-82.2845,16.0999,
116.25,56.6471,21.0739,24.7764,88.984,2.04102,15.8242,-82.2845,16.3635,
116.28,56.1967,21.0739,24.8148,88.9895,2.04102,16.1758,-80.9387,16.6052,
116.31,55.7902,21.0574,24.8368,88.984,2.15637,16.401,-79.7577,16.8195,
116.34,55.4056,21.0574,24.7764,88.984,2.27173,16.5878,-78.9282,17.0062,
116.37,55.131,21.0409,24.5731,88.984,2.38708,16.78,-78.2086,17.1655,
116.4,54.8234,21.0409,24.1337,88.984,2.60132,16.9833,-77.7252,17.2699,
116.43,54.5762,21.0244,23.502,88.984,2.79907,17.1646,-77.4451,17.4786,
116.46,54.4388,20.9255,22.7,88.984,2.96387,17.3293,-77.4451,17.4786,
116.49,54.1477,20.8047,21.8265,89.006,3.22754,17.3293,-77.2308,17.6984,
116.52,53.7961,20.6783,20.8433,88.9785,3.22754,17.3788,-77.0605,17.9126,
116.55,53.5654,20.574,19.7446,88.9785,3.50769,17.4447,-77.0276,18.0829,
116.58,53.4281,20.5245,18.6075,88.9895,3.86475,17.5051,-77.0276,18.2147,
116.61,53.2249,20.4366,17.5144,88.984,4.19434,17.6095,-77.1429,18.3246,
116.64,53.0216,20.3872,16.4377,88.984,4.44702,17.6919,-77.2638,18.4125,
116.67,52.8403,20.3378,15.46,89.0005,4.68323,17.7468,-77.3737,18.4125,
116.7,52.5986,20.2883,14.5261,88.9895,4.85352,17.7633,-77.3737,18.4839,
116.73,52.324,20.2609,13.6802,88.984,4.85352,17.7633,-77.4725,18.5773,
116.76,52.2471,20.2059,12.9331,88.984,5.01831,17.7798,-77.5494,18.6432,
116.79,52.2526,20.2004,12.3124,88.9895,5.17761,17.8127,-77.6099,18.6926,
116.82,52.2306,20.1785,11.7576,88.984,5.28748,17.8567,-78.0933,18.7366,
116.85,52.2471,20.1455,11.2577,88.9895,5.39185,17.8787,-78.7854,18.7695,
116.88,52.4229,20.0302,10.7468,88.984,5.46326,17.8402,-79.8456,18.786,
116.91,52.7634,19.8928,10.1371,88.9895,5.64453,17.7303,-81.2903,18.786,
116.94,53.1754,19.783,9.49438,88.9895,5.86975,17.7303,-81.2903,18.8135,
116.97,53.6588,19.6841,8.91211,88.9895,5.86975,17.5875,-83.0756,18.8684,
117,54.2081,19.4753,8.29688,88.9895,6.07849,17.4777,-85.2344,18.797,
117.03,54.7739,19.2666,7.60474,88.995,6.21582,17.2799,-87.4866,18.6487,
117.06,55.4386,19.1073,6.9071,88.9895,6.30371,17.1371,-90.3979,18.5498,
117.09,56.0758,18.9919,6.2644,88.995,6.39709,16.9833,-93.183,18.4674,
117.12,56.6526,18.7502,5.61621,88.9895,6.474,16.7196,-95.8197,18.385,
117.15,57.2019,18.5031,4.99548,88.995,6.54541,16.4504,-98.0884,18.385,
117.18,57.7347,18.2998,4.48462,89.0005,6.6333,16.2087,-98.0884,18.3466,
117.21,58.1742,18.157,4.03967,89.0005,6.68823,16.2087,-100.093,18.3081,
117.24,58.4928,17.9812,3.63867,88.995,6.68823,16.011,-101.813,18.2697,
117.27,58.8224,17.9427,3.17725,88.995,6.71021,15.9011,-103.307,18.2147,
117.3,59.1355,17.9702,2.79272,89.0005,6.73767,15.7803,-104.598,18.0444,
117.33,59.3717,17.9812,2.19397,88.995,6.77063,15.6869,-105.532,17.8851,
117.36,59.531,17.9757,1.51282,88.995,6.82007,15.588,-106.35,17.7588,
117.39,59.7397,17.9867,0.710815,88.995,6.86401,15.4781,-107.037,17.7588,
117.42,59.9979,18.0746,-0.272461,88.995,6.89697,15.3958,-107.037,17.6489,
117.45,60.2781,18.2064,-1.3656,89.0005,6.89697,15.3958,-107.471,17.5555,
117.48,60.5308,18.3163,-2.54663,89.0005,6.85303,15.3408,-107.855,17.4677,
117.51,60.6901,18.3987,-3.91992,88.995,6.7157,15.187,-108.168,17.2424,
117.54,60.8219,18.4756,-5.2218,88.995,6.60034,15.0277,-108.438,17.0721,
117.57,61.0691,18.6294,-6.60059,88.9895,6.49048,14.8519,-108.668,16.9183,
117.6,61.3877,18.8326,-7.80908,89.0005,6.42456,14.7146,-108.86,16.792,
117.63,61.6294,18.9645,-8.97363,89.0005,6.36963,14.5992,-109.025,16.792,
117.66,61.7557,19.0853,-10.0338,89.0005,6.29272,14.5992,-109.025,16.6766,
117.69,61.926,19.1952,-10.9402,88.995,6.29272,14.5388,-109.174,16.5723,
117.72,62.0963,19.327,-11.6927,89.0005,6.23779,14.4564,-109.294,16.4789,
117.75,62.2172,19.4094,-12.3959,89.0005,6.21033,14.418,-109.404,16.4075,
117.78,62.2281,19.4918,-13.088,89.0005,6.18286,14.3466,-109.382,16.347,
117.81,62.2007,19.6731,-13.868,88.995,6.04004,14.2861,-109.185,16.1658,
117.84,62.1787,19.8489,-14.6206,88.995,5.9082,14.2202,-108.734,15.9955,
117.87,62.1732,20.1235,-15.4391,89.0005,5.75439,14.2037,-108.734,15.9955,
117.9,62.1622,20.4751,-16.3839,88.995,5.62805,14.2037,-108.218,15.8527,
117.93,62.1293,20.9365,-17.3782,88.995,5.62805,14.0774,-107.46,15.6989,
117.96,62.0469,21.4309,-18.4384,88.995,5.55115,13.9456,-106.735,15.4846,
117.99,61.915,21.9033,-19.5699,88.9895,5.38635,13.7588,-105.834,15.2924,
118.02,61.7667,22.3647,-20.6136,88.995,5.18311,13.6324,-104.752,15.1166,
118.05,61.6624,22.8756,-21.7013,88.9895,4.9469,13.5336,-103.51,14.9573,
118.08,61.5909,23.3865,-22.7725,88.9895,4.80957,13.4841,-102.411,14.6771,
118.11,61.4921,23.8369,-23.7118,88.995,4.71069,13.4237,-101.302,14.4244,
118.14,61.4316,24.2599,-24.5248,88.995,4.63379,13.3907,-100.39,14.4244,
118.17,61.3877,24.606,-25.2279,88.995,4.52393,13.3907,-100.39,14.2047,
118.2,61.3383,24.9136,-25.8431,88.995,4.52393,13.3138,-99.6155,14.0289,
118.23,61.2943,25.1992,-26.376,88.995,4.43604,13.2479,-98.9343,13.8971,
118.26,61.2668,25.4354,-26.8374,88.995,4.37561,13.2095,-98.5004,13.7598,
118.29,61.1899,25.7321,-27.3593,88.995,4.35913,13.182,-98.3905,13.6389,
118.32,60.9922,26.0287,-27.8207,88.995,4.20532,13.1655,-98.418,13.54,
118.35,60.8219,26.3967,-28.37,88.9895,3.99109,13.16,-98.6597,13.4576,
118.38,60.7285,26.8362,-28.9358,88.9895,3.79883,13.0172,-98.6597,13.4576,
118.41,60.5692,27.369,-29.4576,88.995,3.67798,13.0172,-99.0112,13.3752,
118.44,60.366,27.9458,-30.0454,88.9895,3.67798,12.8634,-99.5715,13.3368,
118.47,60.1737,28.4786,-30.6606,88.9895,3.60107,12.6931,-100.203,13.2928,
118.5,59.9045,29.0115,-31.2319,89.0005,3.51868,12.5668,-100.89,13.2654,
118.53,59.6519,29.5388,-31.8417,88.984,3.42529,12.5009,-101.758,13.2159,
118.56,59.4376,30.1321,-32.369,88.995,3.34839,12.4624,-102.659,13.172,
118.59,59.2563,30.621,-32.8304,88.9895,3.30994,12.4185,-103.45,13.139,
118.62,59.0806,31.0769,-33.2424,88.9895,3.27148,12.347,-103.45,13.139,
118.65,58.9707,31.4559,-33.605,88.9895,3.24951,12.347,-104.125,13.1171,
118.68,58.8828,31.78,-33.8851,88.9895,3.24951,12.2701,-104.68,13.1061,
118.71,58.762,31.9778,-34.1708,88.9895,3.23303,12.2042,-105.158,13.1006,
118.74,58.6796,32.0712,-34.4454,88.9895,3.19458,12.1823,-105.856,13.0786,
118.77,58.6851,32.1096,-34.6047,88.9895,3.15613,12.1823,-106.751,13.161,
118.8,58.7235,32.0327,-34.786,88.9895,3.20007,12.1823,-107.784,13.2764,
118.83,58.8334,31.8459,-35.0936,88.9895,3.30444,12.1493,-108.976,13.2764,
118.86,59.1025,31.6372,-35.3298,88.9895,3.52966,12.0999,-108.976,13.3917,
118.89,59.3992,31.3296,-35.5056,88.9895,3.52966,12.0999,-110.393,13.6224,
118.92,59.6738,30.8846,-35.7363,88.9895,3.77136,12.0889,-112.068,13.8202,
118.95,59.9869,30.3793,-35.9066,88.995,4.06799,12.0724,-113.92,14.1278,
118.98,60.3495,29.8574,-36.1373,88.9895,4.32617,12.0779,-115.793,14.3805,
119.01,60.7065,29.3521,-36.379,89.0005,4.67773,12.0724,-117.408,14.6332,
119.04,61.0142,28.8027,-36.5933,88.995,5.05127,12.0724,-118.798,14.8145,
119.07,61.2723,28.3138,-36.78,88.995,5.36987,12.0614,-120.023,14.8145,
119.1,61.4811,27.8634,-36.9283,88.995,5.62805,12.0339,-120.023,14.9847,
119.13,61.6788,27.4954,-37.0657,88.995,5.62805,12.0339,-121.061,15.1385,
119.16,61.8711,27.2042,-37.1755,88.995,5.79834,12.0284,-121.923,15.2649,
119.19,62.0359,26.9076,-37.203,88.995,5.94666,12.0284,-122.659,15.3748,
119.22,62.1293,26.6439,-37.1261,88.995,6.11145,12.0284,-123.297,15.4572,
119.25,62.2227,26.3418,-36.8295,88.9895,6.25427,12.0284,-123.846,15.5396,
119.28,62.4314,26.0232,-36.4065,88.995,6.26526,12.0065,-124.164,15.5011,
119.31,62.6676,25.6442,-35.7089,88.995,6.10596,11.9955,-124.06,15.5011,
119.34,62.8654,25.2322,-34.8519,88.995,5.9082,11.9955,-124.06,15.4242,
119.37,62.9862,24.6884,-33.8741,88.9895,5.9082,12.001,-123.637,15.3638,
119.4,63.1895,24.0951,-32.781,88.995,5.63904,12.001,-122.857,15.1715,
119.43,63.4696,23.5568,-31.5176,88.995,5.40283,12.001,-121.725,15.0067,
119.46,63.7168,23.0129,-30.2816,88.995,5.10071,11.9955,-120.198,14.7211,
119.49,63.8651,22.3757,-29.1116,88.995,4.80408,11.9955,-118.754,14.4794,
119.52,63.942,21.7715,-27.98,88.995,4.50195,12.001,-117.32,14.2487,
119.55,64.0848,21.3156,-26.9198,88.9895,4.17236,12.001,-115.974,14.2487,
119.58,64.2277,20.8926,-25.8981,88.995,3.85925,12.001,-115.974,14.0564,
119.61,64.343,20.4916,-25.0137,88.995,3.85925,12.001,-114.799,13.9136,
119.64,64.4144,20.1785,-24.2281,88.9895,3.57361,11.9955,-113.81,13.7817,
119.67,64.4913,19.9093,-23.5635,88.9895,3.32642,11.9955,-112.975,13.6609,
119.7,64.5737,19.6511,-22.9592,88.995,3.12866,12.001,-112.233,13.5565,
119.73,64.6232,19.4369,-22.4484,88.995,2.98035,12.001,-111.613,13.4741,
119.76,64.6287,19.2391,-21.91,88.9895,2.84851,12.001,-110.953,13.4082,
119.79,64.6561,19.0798,-21.2838,88.995,2.71118,12.001,-110.953,13.4082,
119.82,64.744,18.9535,-20.6082,88.995,2.59583,12.001,-110.234,13.3533,
119.85,64.7935,18.8271,-19.8831,88.995,2.59583,12.001,-109.635,13.3038,
119.88,64.799,18.7118,-19.158,88.995,2.50244,12.001,-108.948,13.2544,
119.91,64.8044,18.6129,-18.3615,88.9895,2.44751,12.001,-108.24,13.2104,
119.94,64.8539,18.5415,-17.6583,88.9895,2.39807,12.001,-107.476,13.183,
119.97,64.8759,18.4646,-16.9442,88.995,2.32666,12.001,-106.696,13.1555,
120,64.8868,18.4097,-16.296,88.9895,2.27722,12.001,-106.026,13.1555,
120.03,64.8868,18.3602,-15.6313,88.9895,2.22778,12.001,-106.026,13.1335,
120.06,64.9088,18.3053,-15.0161,88.9895,2.22778,12.001,-105.427,13.1061,
120.09,64.9418,18.2778,-14.4943,88.9895,2.20032,12.001,-104.905,13.0896,
120.12,64.9473,18.2394,-14.0493,88.9895,2.17285,12.001,-104.493,13.0786,
120.15,64.9308,18.2064,-13.6483,88.9895,2.1344,12.001,-103.999,13.0621,
120.18,64.8539,18.179,-13.3077,88.995,2.11792,12.001,-103.554,13.0511,
120.21,64.6396,18.1515,-12.9946,88.995,2.17285,12.001,-103.049,13.0457,
120.24,64.2771,18.124,-12.6431,88.995,2.28821,12.0889,-102.483,13.0457,
120.27,63.8596,18.1021,-12.286,88.9895,2.50793,12.2262,-102.483,13.15,
120.3,63.4147,18.0856,-11.885,88.9895,2.50793,12.2262,-101.686,13.2764,
120.33,62.8708,18.0691,-11.4895,88.995,2.84851,12.4569,-100.884,13.3917,
120.36,62.2281,18.0581,-11.0775,88.9895,3.18359,12.7041,-100.016,13.595,
120.39,61.5635,18.0416,-10.6655,88.984,3.59558,13.0667,-98.8794,13.941,
120.42,60.8768,18.0416,-10.2151,88.984,4.03503,13.3523,-97.7368,14.2267,
120.45,60.1572,18.0416,-9.77563,88.984,4.58984,13.7039,-96.6272,14.5013,
120.48,59.4486,18.0361,-9.43506,88.984,5.12268,14.0225,-95.5341,14.5013,
120.51,58.7894,18.0251,-9.11646,88.984,5.60608,14.0225,-95.5341,14.7156,
120.54,58.1687,18.0197,-8.8363,88.984,5.60608,14.3356,-94.5892,14.8969,
120.57,57.6139,18.0197,-8.58362,88.984,5.93567,14.5773,-93.7543,15.0562,
120.6,57.147,18.0251,-8.37488,88.984,6.18286,14.8135,-93.0511,15.3143,
120.63,56.6855,18.0251,-8.39136,88.984,6.42456,14.9838,-92.1832,15.567,
120.66,56.0868,18.0251,-8.80334,88.9895,6.78162,15.0936,-91.167,15.7867,
120.69,55.4276,18.0197,-9.70422,88.984,7.1167,15.3353,-89.8541,16.1108,
120.72,54.6531,18.0032,-11.105,88.9895,7.51221,15.5935,-88.1897,16.1108,
120.75,53.7083,17.9153,-12.9727,88.984,7.86926,15.5935,-88.1897,16.5063,
120.78,52.6206,17.7725,-15.3732,88.984,7.86926,15.9451,-86.1243,17.0172,
120.81,51.3352,17.6681,-18.2241,88.8082,8.28125,16.2966,-83.6359,17.5446,
120.84,49.896,17.5692,-21.5035,87.9678,8.81958,16.6592,-80.9662,18.3246,
120.87,48.3744,17.3824,-24.9917,86.6824,9.31396,16.9613,-77.4121,19.1705,
120.9,46.7869,17.2177,-28.6941,85.1937,9.90173,17.3623,-73.7372,20.0165,
120.93,45.2323,17.0144,-32.3416,83.5183,10.5664,17.8842,-70.1666,20.8899,
120.96,43.7986,16.8716,-35.8737,81.788,11.1267,18.406,-70.1666,20.8899,
120.99,42.4473,16.7947,-39.1091,80.1455,11.5277,18.406,-66.8762,21.637,
121.02,41.1619,16.6903,-41.9546,78.6898,11.5277,18.8345,-64.0088,22.3785,
121.05,40.0852,16.6079,-44.4155,77.4264,11.8188,19.1421,-61.3556,23.0487,
121.08,39.2393,16.553,-46.5249,76.3662,12.132,19.3344,-59.0869,23.6694,
121.11,38.4647,16.4596,-48.2882,75.4269,12.4835,19.5431,-57.2742,24.1638,
121.14,37.7506,16.3772,-49.7054,74.4821,12.7032,19.8123,-55.769,24.4385,
121.17,37.1409,16.3607,-50.7601,73.6251,12.8461,20.01,-54.4727,24.4385,
121.2,36.619,16.3497,-51.5621,72.6858,12.8571,20.01,-54.4727,24.6362,
121.23,36.1301,16.2838,-52.1499,71.7025,12.8571,20.1528,-53.396,24.8395,
121.26,35.7291,16.2179,-52.5289,70.6313,12.89,20.3451,-52.4786,25.0427,
121.29,35.3995,16.163,-52.7212,69.4119,12.9065,20.5703,-51.6766,25.1746,
121.32,35.1139,16.1685,-52.7816,68.0825,12.8625,20.8505,-50.8362,25.3943,
121.35,34.7349,16.1685,-52.7047,66.7916,12.7307,21.0647,-50.1166,25.6085,
121.38,34.3668,16.1355,-52.6553,65.4293,12.5,21.1471,-49.5178,25.8392,
121.41,34.0372,16.0751,-52.441,64.1165,12.2308,21.1801,-48.9081,25.8392,
121.44,33.8065,16.0806,-52.2433,62.7981,12.0496,21.1801,-48.9081,26.0205,
121.47,33.6143,16.108,-52.062,61.6665,12.0496,21.3174,-48.3423,26.1633,
121.5,33.389,16.097,-51.9412,60.6722,11.9562,21.5096,-47.8259,26.2732,
121.53,33.1638,16.0696,-51.8313,59.8263,11.8134,21.5975,-47.3975,26.3666,
121.56,33.0155,16.0641,-51.7104,59.0573,11.6595,21.603,-47.0844,26.4874,
121.59,32.9331,16.0696,-51.6006,58.2992,11.5497,21.6689,-46.7932,26.5753,
121.62,32.7463,16.0531,-51.6006,57.629,11.5112,21.9601,-46.6339,26.6193,
121.65,32.4442,16.0311,-51.65,56.9039,11.4453,22.2018,-46.5295,26.6193,
121.68,32.208,16.0146,-51.8258,56.1459,11.2201,22.2018,-46.5295,26.6302,
121.71,32.0487,16.0201,-52.1609,55.278,11.2201,22.3281,-46.5515,26.7017,
121.74,31.8235,16.0092,-52.6443,54.2452,11.0059,22.3336,-46.6229,26.6742,
121.77,31.4884,15.9762,-53.2266,53.1741,10.863,22.3776,-46.7987,26.5698,
121.8,31.1918,15.8938,-53.8033,52.0205,10.7422,22.5808,-47.1008,26.46,
121.83,30.9501,15.7894,-54.446,50.8834,10.528,22.6962,-47.5348,26.3831,
121.86,30.6809,15.6686,-55.1656,49.6365,10.2808,22.7017,-47.8864,26.3501,
121.89,30.3568,15.5642,-55.7754,48.417,10.0775,22.6797,-47.8864,26.3501,
121.92,30.0162,15.5148,-56.451,47.2964,9.96216,22.6797,-48.194,26.3226,
121.95,29.7416,15.4653,-57.0333,46.2472,9.96216,22.7346,-48.6005,26.2567,
121.98,29.5493,15.3939,-57.5277,45.3298,9.81934,22.839,-48.9465,26.2073,
122.01,29.368,15.3555,-57.9781,44.4949,9.6875,22.839,-49.2322,26.1853,
122.04,29.1978,15.3115,-58.3737,43.7917,9.58862,22.8335,-49.5233,26.1798,
122.07,29.0549,15.2511,-58.7032,43.2919,9.49524,22.8445,-49.7321,26.1359,
122.1,28.9341,15.2126,-58.9944,42.9843,9.40735,22.9214,-49.9078,26.1084,
122.13,28.8792,15.1907,-59.1592,42.825,9.35791,22.9379,-49.9078,26.1084,
122.16,28.8737,15.1632,-59.2581,42.825,9.30847,22.9379,-50.2155,26.0864,
122.19,28.8846,15.1412,-59.3514,43.0557,9.30847,22.9379,-50.5945,25.9546,
122.22,28.9176,15.0424,-59.3569,43.5116,9.24805,22.9379,-50.968,25.8118,
122.25,29.0769,14.8776,-59.335,44.1049,9.10522,22.9653,-51.5283,25.6744,
122.28,29.2472,14.7292,-59.269,44.8519,8.9624,22.9818,-52.1655,25.4547,
122.31,29.3131,14.6743,-59.2416,45.599,8.80859,22.8884,-52.8796,25.257,
122.34,29.423,14.6029,-59.1207,46.4065,8.67126,22.7621,-53.6157,25.257,
122.37,29.6702,14.515,-58.9669,47.2469,8.5614,22.6467,-53.6157,25.0482,
122.4,29.9393,14.4491,-58.8186,48.1204,8.5614,22.6467,-54.2694,24.8944,
122.43,30.0712,14.3887,-58.7197,48.8784,8.51196,22.5479,-54.8242,24.7791,
122.46,30.1261,14.3118,-58.6428,49.5431,8.43506,22.46,-55.4285,24.6637,
122.49,30.236,14.2513,-58.5769,50.1034,8.3197,22.4215,-55.9338,24.5483,
122.52,30.3788,14.2513,-58.4615,50.7186,8.27026,22.3721,-56.3953,24.4659,
122.55,30.4282,14.2404,-58.2748,51.3778,8.25928,22.3007,-56.9336,24.2847,
122.58,30.3788,14.1799,-58.0331,52.2128,8.22632,22.2183,-57.5104,24.2847,
122.61,30.192,14.2019,-57.5387,53.3004,8.18237,22.2183,-57.5104,24.0979,
122.64,29.9283,14.3612,-56.8575,54.7177,8.18237,22.2018,-58.2959,23.9276,
122.67,29.5878,14.5919,-55.9841,56.6073,8.17139,22.0864,-59.2352,23.642,
122.7,29.1593,14.8776,-54.8855,58.9254,8.1604,21.9216,-60.5096,23.2684,
122.73,28.5441,15.1907,-53.5122,61.6335,8.15491,21.6415,-62.4213,22.8125,
122.76,27.83,15.5807,-52.0455,64.5504,8.13293,21.257,-64.4812,22.2797,
122.79,27.0719,16.0311,-50.4141,67.6705,8.05603,20.9109,-66.7554,21.8073,
122.82,26.3413,16.4486,-48.6947,70.4775,8.03955,20.6307,-68.9471,21.8073,
122.85,25.6162,16.899,-47.0303,72.8616,8.04504,20.6307,-68.9471,21.2469,
122.88,24.8472,17.3715,-45.5251,74.8831,8.04504,20.3231,-71.0895,20.7635,
122.91,24.0726,17.701,-44.031,76.7233,8.02307,20.01,-73.1494,20.3516,
122.94,23.4574,18.0416,-42.7566,78.3438,7.97913,19.6475,-75.061,19.8737,
122.97,22.8751,18.4591,-41.603,79.6896,8.0011,19.3948,-76.6321,19.4891,
123,22.4302,18.7502,-40.6472,80.8376,8.00659,19.197,-77.9944,19.1101,
123.03,22.1226,18.8656,-39.7628,81.9363,8.0011,19.0652,-79.3237,18.7915,
123.06,21.9852,18.9755,-39.1476,82.8481,8.01758,18.9443,-79.3237,18.7915,
123.09,21.9578,19.0688,-38.7136,83.5897,8.03406,18.9443,-80.4279,18.5168,
123.12,22.0072,19.0743,-38.4719,84.3148,8.03406,18.785,-81.5155,18.2971,
123.15,22.2983,18.9095,-38.428,84.9081,7.95715,18.5323,-82.6196,18.1104,
123.18,22.7927,18.7777,-38.3895,85.4684,7.81433,18.2852,-83.6853,17.951,
123.21,23.4409,18.6184,-38.3895,85.6661,7.67151,18.0874,-85.0092,17.8192,
123.24,24.1495,18.3877,-38.5433,85.6552,7.56165,17.8182,-86.322,17.5391,
123.27,24.9406,18.0966,-38.8949,85.3201,7.45728,17.5656,-87.7448,17.5391,
123.3,25.8304,17.7889,-39.1641,84.9136,7.276,17.3513,-87.7448,17.3138,
123.33,26.8192,17.4868,-39.4827,84.4027,7.276,17.3513,-89.0631,17.1161,
123.36,27.6707,17.1517,-39.8068,83.8809,7.08374,17.1316,-90.3815,16.9678,
123.39,28.3903,16.8331,-40.1364,83.2382,6.89148,16.9503,-91.4801,16.8304,
123.42,29.0989,16.6299,-40.3616,82.6724,6.78162,16.8075,-92.5897,16.6986,
123.45,29.7855,16.4541,-40.5483,82.2109,6.67725,16.7031,-93.5126,16.5833,
123.48,30.2524,16.2399,-40.8285,81.8209,6.58936,16.6097,-94.1882,16.5009,
123.51,30.5491,16.0696,-41.1636,81.3375,6.50146,16.5273,-94.7595,16.5009,
123.54,30.7523,15.9487,-41.4712,80.7772,6.43005,16.5273,-94.7595,16.424,
123.57,30.8457,15.8499,-41.8997,79.9752,6.43005,16.4449,-95.0836,16.3635,
123.6,30.8182,15.707,-42.5314,78.959,6.36963,16.3735,-95.2319,16.3141,
123.63,30.5381,15.5258,-43.3059,77.6187,6.3147,16.3186,-95.2484,16.3745,
123.66,30.0822,15.306,-44.2947,76.0256,6.25977,16.3461,-94.9408,16.4789,
123.69,29.434,15.1248,-45.4043,74.136,6.20483,16.434,-94.397,16.5503,
123.72,28.6869,14.9764,-46.5908,72.109,6.18286,16.6372,-93.7543,16.6162,
123.75,27.808,14.7842,-47.7883,69.9172,6.1499,16.8679,-93.7543,16.6162,
123.78,26.9071,14.526,-49.0957,67.665,6.13342,16.8679,-93.0731,16.6492,
123.81,26.0447,14.3008,-50.3481,65.4238,6.13342,17.0547,-92.3315,16.6931,
123.84,25.1768,14.1635,-51.5676,63.1936,6.10046,17.3184,-91.568,16.8909,
123.87,24.3473,14.0371,-52.6608,61.1996,6.09497,17.5491,-90.9143,17.0447,
123.9,23.6222,13.8998,-53.6276,59.3978,6.08398,17.7633,-90.1892,17.193,
123.93,23.0729,13.7515,-54.4296,57.8323,6.07849,17.9391,-89.5905,17.3083,
123.96,22.573,13.6636,-55.1547,56.4041,6.07849,18.1039,-89.0796,17.4017,
123.99,22.0841,13.6086,-55.7864,55.1461,6.073,18.2302,-88.6346,17.4017,
124.02,21.6831,13.5153,-56.3412,54.1134,6.05103,18.2302,-88.6346,17.4786,
124.05,21.2711,13.4164,-56.6763,53.218,6.05103,18.3456,-88.3984,17.561,
124.08,20.7548,13.356,-56.9729,52.3116,6.03455,18.439,-88.1842,17.5171,
124.11,20.2384,13.323,-57.2585,51.4547,6.02905,18.5049,-88.1403,17.4457,
124.14,19.7111,13.2955,-57.4618,50.6582,6.00708,18.5049,-88.2281,17.3743,
124.17,19.1727,13.2241,-57.5442,49.8452,5.99609,18.4554,-88.3435,17.3083,
124.2,18.5081,13.1857,-57.5936,48.9718,5.97961,18.384,-88.4424,17.2699,
124.23,17.7885,13.1088,-57.6595,48.0544,5.98511,18.3126,-88.6621,17.2699,
124.26,17.1622,12.9604,-57.709,47.1591,5.98511,18.3126,-88.6621,17.2314,
124.29,16.5854,12.7847,-57.731,46.2747,5.98511,18.2522,-88.8599,17.204,
124.32,15.9757,12.6803,-57.7694,45.4507,5.9906,18.2083,-89.0137,17.0392,
124.35,15.3275,12.6473,-57.8079,44.7201,5.99609,18.1973,-89.1565,16.8854,
124.38,14.7397,12.5759,-57.8188,44.1433,6.00159,18.1863,-89.4366,16.748,
124.41,14.2783,12.4606,-57.8408,43.6105,6.00159,18.1643,-89.6619,16.6327,
124.44,13.8499,12.3672,-57.7969,43.16,5.99609,18.1423,-89.8486,16.5448,
124.47,13.5038,12.3342,-57.6705,42.7426,5.99609,18.1149,-89.8486,16.5448,
124.5,13.1962,12.3287,-57.4728,42.4844,5.99609,18.1149,-90.0244,16.4679,
124.53,12.9215,12.2848,-57.1707,42.3086,5.99609,18.0874,-90.3101,16.402,
124.56,12.5974,12.2024,-56.7532,42.2701,5.89172,18.0764,-90.6781,16.3361,
124.59,12.1525,12.1639,-56.1709,42.2427,5.7489,17.972,-91.1615,16.2701,
124.62,11.6636,12.1584,-55.4348,42.2701,5.62256,17.8292,-91.8701,16.2427,
124.65,11.2186,12.1639,-54.479,42.4624,5.5072,17.5656,-92.738,16.0614,
124.68,10.7572,12.142,-53.4023,42.6876,5.45776,17.3184,-93.6169,15.9241,
124.71,10.1804,12.1035,-52.3312,42.9678,5.30945,17.1041,-93.6169,15.9241,
124.74,9.55969,12.087,-51.1831,43.3138,5.11719,17.1041,-94.5288,15.7922,
124.77,8.99939,12.0815,-50.0131,43.6709,5.11719,16.8405,-95.5011,15.6549,
124.8,8.53796,12.076,-48.9529,43.9785,4.90845,16.5768,-96.4514,15.556,
124.83,8.07104,12.0706,-47.9476,44.2257,4.76013,16.3571,-97.3798,15.4846,
124.86,7.64258,12.0596,-47.0413,44.4454,4.68872,16.1318,-98.1818,15.4132,
124.89,7.31848,12.0376,-46.2722,44.6652,4.61182,15.9725,-98.8684,15.3583,
124.92,7.0658,12.0266,-45.5801,44.8519,4.48547,15.8187,-99.4946,15.3583,
124.95,6.79114,12.0266,-44.9923,44.9728,4.3866,15.7308,-99.4946,15.3033,
124.98,6.51648,12.0266,-44.4869,45.0057,4.33716,15.7308,-100.159,15.2539,
125.01,6.32971,12.0101,-44.031,44.9233,4.33716,15.621,-100.873,15.2045,
125.04,6.20337,11.9277,-43.6245,44.786,4.29321,15.5386,-101.62,15.1715,
125.07,5.96167,11.8179,-43.2784,44.4894,4.27124,15.4507,-102.955,15.144,
125.1,5.64856,11.6476,-43.0093,44.0444,4.30969,15.2694,-104.373,15.2264,
125.13,5.35193,11.5542,-42.6522,43.5171,4.39209,15.0717,-106.064,15.3418,
125.16,5.23657,11.4498,-42.2677,42.9348,4.49097,14.9069,-107.91,15.3418,
125.19,5.0553,11.2795,-41.9436,42.358,4.59534,14.7585,-107.91,15.4462,
125.22,4.76416,11.0653,-41.7129,41.6659,4.59534,14.7585,-109.772,15.5286,
125.25,4.4126,10.8566,-41.4108,41.0452,4.65576,14.5443,-111.711,15.578,
125.28,4.23682,10.7687,-41.1031,40.4189,4.67773,14.3466,-113.535,15.7812,
125.31,4.18738,10.6478,-40.7681,39.8477,4.69971,14.1268,-115.326,15.957,
125.34,4.05005,10.4501,-40.5483,39.3478,4.74365,13.951,-116.853,16.1163,
125.37,3.84131,10.2249,-40.3726,38.8973,4.80957,13.7917,-118.221,16.2482,
125.4,3.71497,9.9502,-40.2352,38.5732,4.82605,13.6819,-119.347,16.2482,
125.43,3.68201,9.84033,-40.0485,38.2382,4.84253,13.6819,-119.347,16.358,
125.46,3.62158,9.83484,-39.8782,37.9196,4.84253,13.594,-120.319,16.4459,
125.49,3.42932,9.74695,-39.6475,37.6724,4.88098,13.5226,-121.165,16.5118,
125.52,3.22607,9.61511,-39.4497,37.3373,4.89197,13.4567,-121.885,16.4789,
125.55,3.0448,9.44482,-39.1531,37.0626,4.89746,13.3633,-122.484,16.4185,
125.58,2.82507,9.40088,-38.7686,36.7935,4.93042,13.2974,-123,16.347,
125.61,2.61084,9.40637,-38.2742,36.4144,4.95789,13.2699,-123.423,16.2921,
125.64,2.29773,9.39539,-37.8457,36.1233,4.88647,13.2589,-123.813,16.2921,
125.67,1.95166,9.302,-37.3733,35.8267,4.73267,13.2589,-123.813,16.2372,
125.7,1.67151,9.21411,-36.8405,35.4916,4.73267,13.2205,-124.131,16.2152,
125.73,1.39685,9.19763,-36.3241,35.184,4.60632,13.0612,-124.417,16.1768,
125.76,1.11121,9.20862,-35.7803,34.8708,4.52393,12.8909,-124.648,16.1493,
125.79,0.759644,9.19763,-35.2914,34.6237,4.4635,12.7261,-124.988,16.1383,
125.82,0.534424,9.13721,-34.8794,34.4259,4.3811,12.6217,-125.28,16.1218,
125.85,0.413574,9.10425,-34.4949,34.2556,4.29871,12.5448,-125.527,16.1218,
125.88,0.248779,9.10425,-34.1653,34.0963,4.27124,12.4899,-125.527,16.0999,
125.91,0.0455322,9.10425,-33.8906,33.926,4.25476,12.4899,-125.609,16.0669,
125.94,-0.141235,9.09326,-33.6544,33.8052,4.25476,12.424,-125.675,16.0504,
125.97,-0.21814,8.9834,-33.4237,33.5964,4.20532,12.3361,-125.719,16.0504,
126,-0.273071,8.84607,-33.2424,33.4042,4.15588,12.2646,-125.664,15.9186,
126.03,-0.366455,8.69775,-33.0886,33.2064,4.1449,12.2207,-125.565,15.7812,
126.06,-0.575195,8.60986,-32.8195,33.0691,4.1449,12.2097,-125.345,15.6494,
126.09,-0.761963,8.53296,-32.5833,32.7889,4.00757,12.2042,-125.016,15.6494,
126.12,-0.937744,8.48352,-32.3745,32.5582,3.8208,12.1713,-125.016,15.5396,
126.15,-1.04761,8.4231,-32.2042,32.344,3.8208,12.1713,-124.73,15.4791,
126.18,-1.24536,8.36267,-31.9241,32.0968,3.6615,12.1273,-124.34,15.4242,
126.21,-1.49255,8.28577,-31.6824,31.8112,3.5791,12.0999,-124.011,15.2264,
126.24,-1.75073,8.2583,-31.4736,31.5475,3.53516,12.0834,-123.571,15.0342,
126.27,-1.88257,8.24731,-31.2704,31.3662,3.44177,12.0889,-123.198,14.8694,
126.3,-1.95947,8.22534,-31.1056,31.2069,3.35938,12.0889,-122.874,14.7485,
126.33,-2.11877,8.1759,-30.9628,31.0421,3.30994,12.0834,-122.61,14.7485,
126.36,-2.30005,8.12097,-30.8584,30.8993,3.28796,12.0834,-122.61,14.6387,
126.39,-2.39343,8.11548,-30.7375,30.762,3.28796,12.0614,-122.363,14.5508,
126.42,-2.4209,8.12097,-30.6277,30.6906,3.255,12.0394,-122.165,14.4739,
126.45,-2.48682,8.10449,-30.4354,30.696,3.20007,12.0394,-122.121,14.3915,
126.48,-2.64612,8.07703,-30.2487,30.74,3.16711,12.0394,-122.11,14.3311,
126.51,-2.85486,8.06055,-29.974,30.8718,3.14514,12.0394,-122.209,14.3915,
126.54,-3.13501,8.06055,-29.7213,31.0256,3.11768,12.0339,-122.319,14.4904,
126.57,-3.35474,8.04407,-29.3807,31.2563,3.07922,12.0229,-122.319,14.4904,
126.6,-3.67883,8.04407,-29.0676,31.5035,3.13416,12.0229,-122.423,14.5673,
126.63,-3.99744,8.03308,-28.6886,31.8057,3.13416,12.0229,-122.648,14.6332,
126.66,-4.38196,8.02759,-28.3425,32.0913,3.27148,12.0229,-122.846,14.6661,
126.69,-4.71155,8.02209,-27.9196,32.333,3.40332,12.0229,-123.005,14.7101,
126.72,-5.00818,8.0166,-27.546,32.6516,3.5022,12.0175,-123.291,14.7595,
126.75,-5.27734,8.0166,-27.2164,32.9427,3.55164,12.012,-123.544,14.7925,
126.78,-5.50806,8.0166,-26.9308,33.2284,3.61755,12.012,-123.758,14.8199,
126.81,-5.67834,8.01111,-26.6726,33.4646,3.68896,12.012,-123.758,14.8199,
126.84,-5.84863,8.01111,-26.4474,33.6569,3.7384,12.012,-123.939,14.8419,
126.87,-5.99146,8.00562,-26.2606,33.8271,3.7384,12.012,-124.088,14.8639,
126.9,-6.13428,8.00562,-26.1068,33.981,3.76038,12.0065,-124.23,14.8859,
126.93,-6.21667,8.00012,-25.9585,34.1073,3.77136,12.0065,-124.346,14.9078,
126.96,-6.29907,8.00012,-25.8376,34.2281,3.73291,12.0065,-124.439,14.9133,
126.99,-6.38696,8.00012,-25.7223,34.327,3.63953,12.0065,-124.516,14.9243,
127.02,-6.48035,7.99463,-25.6289,34.4094,3.52966,12.001,-124.593,14.9243,
127.05,-6.56274,7.99463,-25.541,34.4753,3.42529,12.001,-124.593,14.9463,
127.08,-6.62317,7.99463,-25.4806,34.5468,3.39233,12.001,-124.653,14.9518,
127.11,-6.66162,7.99463,-25.4147,34.6072,3.39233,12.001,-124.703,14.9518,
127.14,-6.68909,7.99463,-25.3597,34.6621,3.35388,12.001,-124.747,14.8474,
127.17,-6.73303,7.99463,-25.3103,34.7006,3.29346,11.9955,-124.785,14.7321,
127.2,-6.77148,7.99463,-25.2773,34.7335,3.12317,11.9955,-124.818,14.6057,
127.23,-6.79895,7.99463,-25.2334,34.772,2.94189,11.9955,-124.846,14.5233,
127.26,-6.81543,7.99463,-25.2004,34.8049,2.7771,11.9955,-124.873,14.5233,
127.29,-6.8429,7.99463,-25.1785,34.8269,2.67822,11.9955,-124.873,14.4629,
127.32,-6.87585,7.99463,-25.1565,34.8434,2.67822,11.9955,-124.89,14.386,
127.35,-6.88684,7.99463,-25.1345,34.8654,2.59583,11.9955,-124.911,14.3201,
127.38,-6.88684,7.99463,-25.1071,34.8873,2.50244,11.9955,-124.928,14.2761,
127.41,-6.90332,7.99463,-25.0961,34.8928,2.41455,11.9955,-124.939,14.2377,
127.44,-7.01868,7.99463,-25.0796,34.9203,2.35962,11.9955,-124.84,14.1937,
127.47,-7.1615,7.98914,-24.9642,35.0192,2.32117,11.9955,-124.719,14.1663,
127.5,-7.29333,7.98914,-24.8379,35.14,2.26624,11.9955,-124.62,14.1663,
127.53,-7.35376,7.99463,-24.728,35.2773,2.2113,11.9955,-124.62,14.1443,
127.56,-7.40869,7.98914,-24.6292,35.3652,2.2113,11.9955,-124.532,14.1278,
127.59,-7.59546,7.98914,-24.5468,35.574,2.18933,11.9955,-124.45,14.1058,
127.62,-7.82068,7.98364,-24.3655,35.7278,2.17834,11.9955,-124.384,14.0784,
127.65,-7.98547,7.97815,-24.1897,35.9091,2.13989,11.9955,-124.192,14.0729,
127.68,-8.07336,7.98914,-24.0194,36.0574,2.09595,11.9955,-124.033,14.0619,
127.71,-8.17773,7.98914,-23.8931,36.1782,2.09595,11.9955,-123.873,14.0454,
127.74,-8.32605,7.98364,-23.7887,36.2771,2.09595,11.9955,-123.747,14.0454,
127.77,-8.43042,7.98364,-23.6898,36.354,2.07397,11.9955,-123.747,14.0344,
127.8,-8.49084,7.98914,-23.5964,36.4419,2.07397,11.9955,-123.643,14.0344,
127.83,-8.54578,7.98914,-23.514,36.5243,2.04651,11.9955,-123.549,14.0344,
127.86,-8.59521,7.98914,-23.4481,36.5792,2.04651,11.9955,-123.577,14.0234,
127.89,-8.65015,7.98914,-23.3932,36.6342,2.04651,11.9955,-123.637,14.0179,
127.92,-8.68311,7.99463,-23.4207,36.5957,2.04102,11.9955,-123.829,14.0179,
127.95,-8.67212,7.98914,-23.4976,36.5188,2.01904,11.9955,-123.983,14.0125,
127.98,-8.61169,7.98914,-23.5525,36.332,2.09045,12.001,-124.28,14.0125,
128.01,-8.49634,7.92322,-23.6074,36.1672,2.23877,12.001,-124.28,14.1223,
128.04,-8.42493,7.80786,-23.6569,35.8981,2.23877,12.001,-124.527,14.2377,
128.07,-8.37549,7.64856,-23.7063,35.6619,2.3761,12.001,-124.873,14.353,
128.1,-8.34802,7.5387,-23.7557,35.4366,2.453,12.001,-125.181,14.4464,
128.13,-8.21069,7.50574,-23.8876,35.118,2.50793,12.001,-125.455,14.5343,
128.16,-8.02393,7.47827,-24.0249,34.8654,2.56836,12.001,-125.675,14.5947,
128.19,-7.8811,7.40686,-24.1512,34.6182,2.7771,12.001,-125.867,14.6497,
128.22,-7.77673,7.31348,-24.2721,34.4149,2.98584,12.001,-125.999,14.6497,
128.25,-7.68335,7.24756,-24.3655,34.2336,3.12317,12.001,-125.999,14.6991,
128.28,-7.57898,7.24756,-24.4314,34.0743,3.12317,12.001,-126.131,14.7485,
128.31,-7.4856,7.24207,-24.4973,33.9205,3.21655,12.001,-126.241,14.7815,
128.34,-7.44714,7.19812,-24.4863,33.8052,3.3374,12.001,-126.34,14.8035,
128.37,-7.45813,7.14868,-24.4369,33.8107,3.45825,12.001,-126.417,14.8364,
128.4,-7.49658,7.12671,-24.3655,33.8271,3.54065,12.001,-126.488,14.8639,
128.43,-7.56799,7.12671,-24.327,33.8436,3.59558,12.001,-126.559,15.0067,
128.46,-7.65039,7.11572,-24.2776,33.8436,3.76038,12.0065,-126.62,15.0067,
128.49,-7.71631,7.09924,-24.2446,33.9755,3.94714,12.0065,-126.62,15.1605,
128.52,-7.73828,7.08276,-24.2172,34.1183,3.94714,12.0065,-126.664,15.2759,
128.55,-7.80969,7.0553,-24.0524,34.2611,4.1449,12.001,-126.702,15.3802,
128.58,-7.97449,7.03882,-23.937,34.3435,4.25476,12.001,-126.741,15.4681,
128.61,-8.16125,7.03333,-23.8217,34.3984,4.41956,12.0065,-126.79,15.5615,
128.64,-8.30957,7.04431,-23.7063,34.4644,4.65027,12.0065,-126.812,15.6165,
128.67,-8.3645,7.04431,-23.6129,34.6731,4.90295,12.0065,-126.829,15.6604,
128.7,-8.39746,7.02234,-23.525,34.8708,5.08972,12.001,-126.845,15.6604,
128.73,-8.46338,7.00586,-23.4701,35.0137,5.1886,12.001,-126.845,15.7153,
128.76,-8.57324,7.00586,-23.4042,35.1125,5.1886,12.001,-126.867,15.7593,
128.79,-8.66663,7.02234,-23.3547,35.2059,5.28748,12.0065,-126.884,15.7867,
128.82,-8.69409,7.02783,-23.2943,35.3268,5.40283,12.0065,-126.895,15.8142,
128.85,-8.69409,7.01135,-23.2668,35.4366,5.5072,12.0065,-126.906,15.8472,
128.88,-8.71606,6.98938,-23.2284,35.5081,5.57312,12.0065,-126.917,15.8691,
128.91,-8.7655,6.99487,-23.1844,35.552,5.53467,12.0065,-126.927,15.8801,
128.94,-8.80945,7.01135,-23.168,35.6014,5.44128,12.0065,-126.938,15.8801,
128.97,-8.82593,7.00586,-23.1515,35.6619,5.36438,12.0065,-126.938,15.9021,
129,-8.83691,6.99487,-23.135,35.7168,5.36438,12.0065,-126.944,15.9186,
129.03,-8.8479,6.99487,-23.113,35.7443,5.33142,12.0065,-126.949,15.9241,
129.06,-8.86987,7.00037,-23.0856,35.7662,5.29297,12.0065,-126.955,15.9296,
129.09,-8.90283,7.00037,-23.0746,35.7992,5.23254,12.0065,-126.966,15.8417,
129.12,-8.9248,6.99487,-23.0746,35.8267,5.08972,12.0065,-126.966,15.7043,
129.15,-8.9248,6.99487,-23.0636,35.7717,4.94141,12.0065,-126.977,15.5945,
129.18,-8.9248,6.99487,-23.0526,35.6674,4.77661,12.0065,-126.977,15.5945,
129.21,-8.95227,6.99487,-23.0471,35.5685,4.65576,12.0065,-126.982,15.5176,
129.24,-8.96875,7.00037,-23.0416,35.4971,4.65576,12.0065,-126.982,15.4462,
129.27,-8.9248,6.99487,-23.0416,35.4312,4.56787,12.0065,-126.988,15.3748,
129.3,-8.78198,6.99487,-23.0361,35.2664,4.55688,12.0065,-126.993,15.3253,
129.33,-8.65015,6.99487,-23.0197,35.1125,4.61182,12.0065,-126.818,15.2704,
129.36,-8.57874,6.99487,-23.0197,34.9587,4.68323,12.0065,-126.384,15.2264,
129.39,-8.53479,6.99487,-23.0197,34.8324,4.80957,12.0999,-125.582,15.2264,
129.42,-8.38647,6.98938,-23.0197,34.7061,4.98535,12.2262,-125.582,15.21,
129.45,-8.16125,6.99487,-23.0087,34.5248,4.98535,12.2262,-124.329,15.177,
129.48,-7.94702,6.99487,-23.0032,34.338,5.18311,12.3416,-122.868,15.1331,
129.51,-7.85364,6.98938,-23.0032,34.1512,5.44678,12.4789,-121.143,15.1056,
129.54,-7.79321,6.98938,-23.0032,33.9865,5.65002,12.6602,-118.935,15.0946,
129.57,-7.69434,6.99487,-23.0032,33.8546,5.83679,12.8469,-116.798,15.0891,
129.6,-7.57349,6.99487,-22.9977,33.7612,6.13342,13.0392,-114.832,15.0836,
129.63,-7.47461,6.98938,-22.9977,33.6678,6.41907,13.182,-112.931,15.0836,
129.66,-7.42517,6.98389,-22.9977,33.5745,6.68274,13.182,-112.931,15.0562,
129.69,-7.36475,6.99487,-22.9977,33.4976,6.68274,13.3138,-111.349,15.0397,
129.72,-7.3208,6.99487,-22.9977,33.4371,6.86401,13.4127,-109.959,15.0397,
129.75,-7.28784,6.98938,-22.9977,33.3822,6.97937,13.605,-108.668,15.1605,
129.78,-7.26038,6.98389,-22.9977,33.3273,7.1167,13.8247,-107.108,15.4132,
129.81,-7.23291,6.99487,-22.9977,33.2778,7.37488,14.1268,-105.268,15.7867,
129.84,-7.19995,6.99487,-22.9977,33.2394,7.63306,14.4125,-103.043,16.2152,
129.87,-7.1615,6.98938,-22.9977,33.2174,7.96814,14.7915,-103.043,16.2152,
129.9,-7.12854,6.98938,-22.9977,33.1954,8.34717,14.7915,-100.467,16.9183,
129.93,-7.11755,6.98938,-22.9977,33.1625,8.34717,15.2145,-97.5006,17.8027,
129.96,-7.11206,6.98938,-22.9977,33.135,8.84155,15.7638,-94.1608,18.83,
129.99,-7.09558,6.98938,-22.9977,33.124,9.34692,16.3516,-90.5408,20.1099,
130.02,-7.05713,6.98938,-22.9977,33.113,9.85779,17.0162,-86.0693,21.3788,
130.05,-7.04614,6.98938,-22.9977,33.0911,10.4236,17.7249,-81.8011,22.6147,
130.08,-7.04614,6.98938,-22.9977,33.0691,11.0223,18.384,-77.7911,23.8397,
130.11,-7.04614,6.98938,-22.9922,33.0636,11.5771,18.9279,-77.7911,23.8397,
130.14,-7.04065,6.98938,-22.9922,33.0581,12.0551,18.9279,-74.1107,24.8615,
130.17,-7.04065,6.98938,-22.9922,33.0416,12.0551,19.3893,-70.9082,25.9161,
130.2,-7.04065,6.98938,-22.9922,33.0306,12.4835,19.7299,-68.1177,26.8115,
130.23,-7.03516,6.99487,-22.9922,33.0306,12.8406,20.0375,-65.9149,27.5751,
130.26,-7.02417,6.98938,-22.9922,33.0306,13.1757,20.3286,-63.9923,28.2013,
130.29,-7.01868,6.98938,-22.9922,33.0306,13.4888,20.7021,-62.4213,28.7506,
130.32,-7.01868,6.98938,-22.9922,33.0142,13.8788,21.0702,-61.0425,28.7506,
130.35,-7.01868,6.99487,-22.9922,33.0142,14.3127,21.3723,-61.0425,29.3439,
130.38,-7.01318,6.98938,-22.8823,33.1021,14.8236,21.3723,-59.8395,30.0031,
130.41,-7.00769,6.91248,-22.767,33.2229,14.8236,21.5811,-58.7244,30.7336,
130.44,-7.03516,6.79163,-22.6626,33.3273,15.4114,21.8557,-57.7795,31.3873,
130.47,-7.15601,6.64331,-22.5747,33.4261,16.087,22.1963,-56.7633,32.1619,
130.5,-7.29883,6.53345,-22.5308,33.58,16.7847,22.6467,-55.7635,32.9913,
130.53,-7.42517,6.50598,-22.4374,33.7557,17.5592,23.0148,-54.9341,33.7329,
130.56,-7.47461,6.48401,-22.2561,33.926,18.2074,23.2839,-54.22,33.7329,
130.59,-7.50208,6.4071,-22.1023,34.0743,18.7402,23.5037,-54.22,34.5074,
130.62,-7.58997,6.30823,-21.965,34.3051,18.7402,23.5037,-53.4619,35.1611,
130.65,-7.67786,6.26428,-21.8496,34.5083,19.2236,23.7234,-52.8302,35.7269,
130.68,-7.70532,6.26428,-21.7178,34.7061,19.6356,23.9431,-52.2589,36.1884,
130.71,-7.71082,6.2478,-21.6134,34.8818,19.9817,24.1189,-51.7755,36.7267,
130.74,-7.73828,6.19287,-21.553,35.0192,20.2234,24.3221,-51.2427,37.3529,
130.77,-7.79321,6.13794,-21.4871,35.1455,20.4541,24.5748,-50.5066,38.1329,
130.8,-7.81519,6.13245,-21.4211,35.2554,20.8002,24.8385,-49.7211,38.1329,
130.83,-7.83167,6.13794,-21.3552,35.3433,21.1682,24.8385,-49.7211,39.0997,
130.86,-7.83716,6.12695,-21.3058,35.4366,21.1682,25.1241,-48.7378,40.2917,
130.89,-7.85913,6.0885,-21.2673,35.5135,21.4044,25.3933,-47.5293,41.6486,
130.92,-7.8866,6.06104,-21.2399,35.574,21.5747,25.7668,-46.167,43.5547,
130.95,-7.93054,6.06653,-21.2069,35.6124,21.8109,26.0854,-44.4202,45.5981,
130.98,-7.93604,6.07202,-21.1685,35.6564,22.0801,26.4755,-42.6129,47.7625,
131.01,-7.93604,6.05554,-21.152,35.7278,22.2174,26.86,-40.932,49.6411,
131.04,-7.93604,6.02808,-21.141,35.7498,22.3547,27.2115,-40.932,49.6411,
131.07,-7.9635,6.02808,-21.1245,35.7662,22.6404,27.2115,-39.3335,51.3879,
131.1,-7.97449,6.03906,-21.1025,35.7937,22.6404,27.4368,-37.9767,53.1403,
131.13,-7.9635,6.03357,-21.0861,35.8486,22.9041,27.651,-36.6748,54.5795,
131.16,-7.95801,6.0061,-21.0751,35.8651,23.0194,27.8927,-35.5432,55.799,
131.19,-7.96899,5.99512,-21.0696,35.8706,23.0304,28.0685,-34.5874,56.9635,
131.22,-7.97449,6.0116,-21.0476,35.8761,22.981,28.2717,-33.67,58.1445,
131.25,-7.96899,6.01709,-21.0366,35.9091,22.7063,28.5793,-32.6813,58.1445,
131.28,-7.96899,5.99512,-21.0366,35.9255,22.2064,28.8101,-32.6813,59.5398,
131.31,-7.97998,5.99512,-21.0366,35.9255,21.4539,28.8101,-31.5442,61.0394,
131.34,-7.97998,6.0061,-21.0256,35.9365,21.4539,29.0518,-30.3796,62.8632,
131.37,-7.97998,6.0061,-21.0201,35.9475,20.509,29.3539,-29.0283,64.9066,
131.4,-7.97998,5.98962,-21.0201,35.953,19.4214,29.7109,-27.1661,67.6422,
131.43,-7.98547,5.99512,-21.0201,35.953,18.2678,30.1559,-25.2985,70.4382,
131.46,-7.97998,6.00061,-21.0092,35.964,16.9275,30.6063,-23.3264,72.8717,
131.49,-7.97998,5.99512,-21.0146,35.9695,15.351,30.9634,-21.5466,72.8717,
131.52,-7.99097,5.99512,-21.0146,35.8706,13.9612,31.293,-21.5466,74.8492,
131.55,-7.99097,6.00061,-21.0092,35.7552,13.9612,31.293,-19.9316,76.6785,
131.58,-7.98547,6.00061,-21.0037,35.6674,12.8625,31.7379,-18.3221,78.1671,
131.61,-7.98547,5.99512,-21.0092,35.574,11.7859,32.1664,-16.9104,79.4525,
131.64,-7.99097,5.99512,-21.0037,35.3817,10.7367,32.3696,-15.7843,80.5566,
131.67,-7.93604,5.99512,-21.0037,35.1949,9.83582,32.5454,-14.845,81.4905,
131.7,-7.81519,6.00061,-21.0806,35.0411,9.15466,32.8365,-13.9496,82.287,
131.73,-7.68884,6.00061,-21.1959,34.9258,8.58337,33.0288,-13.0707,82.287,
131.76,-7.58997,5.99512,-21.3003,34.8049,7.90222,33.2321,-13.0707,83.0121,
131.79,-7.51306,5.98413,-21.3992,34.6951,7.90222,33.2321,-12.2357,83.5999,
131.82,-7.46362,5.99512,-21.4761,34.4863,7.29797,33.5122,-11.3239,84.0503,
131.85,-7.4032,5.99512,-21.5255,34.2831,6.75964,33.7814,-10.368,84.5392,
131.88,-7.35376,5.99512,-21.6024,34.1238,6.17188,34.0066,-9.24744,84.8798,
131.91,-7.29883,5.98413,-21.6409,33.9865,5.45227,34.3472,-8.03345,85.1874,
131.94,-7.25488,5.98962,-21.7013,33.8436,4.79858,34.7152,-6.85791,85.4456,
131.97,-7.2439,5.99512,-21.7343,33.7338,4.1449,35.0833,-5.80872,85.4456,
132,-7.21643,5.99512,-21.7562,33.6404,3.48022,35.0833,-5.80872,85.6982,
132.03,-7.16699,5.98962,-21.7947,33.5635,3.48022,35.3304,-4.86389,85.8521,
132.06,-7.13953,5.98962,-21.8331,33.4976,2.95837,35.5612,-4.00696,86.0278,
132.09,-7.12305,5.98962,-21.8496,33.4316,2.54089,35.8083,-3.25439,86.1761,
132.12,-7.11755,5.99512,-21.8606,33.4536,2.17834,35.9896,-2.62268,86.297,
132.15,-7.10657,5.99512,-21.8771,33.514,1.94214,36.0885,-2.11731,86.3739,
132.18,-7.0791,5.98962,-21.8936,33.5909,1.93665,36.2423,-1.66687,86.5002,
132.21,-7.04614,5.98962,-21.9155,33.6404,2.07397,36.484,-1.66687,86.5002,
132.24,-7.04614,5.98962,-21.932,33.6843,2.42554,36.484,-1.26587,86.5552,
132.27,-7.04614,5.98962,-21.8496,33.8217,2.42554,36.7147,-0.930786,86.5991,
132.3,-7.05164,5.99512,-21.7288,33.981,2.96936,37.0059,-0.661621,86.676,
132.33,-7.06812,5.99512,-21.6409,34.1293,3.67249,37.3245,-0.403442,86.7145,
132.36,-7.18896,5.98962,-21.5695,34.338,4.56238,37.6815,-0.222168,86.7749,
132.39,-7.35376,5.98962,-21.4871,34.5358,5.80383,38.0111,-0.0408936,86.7749,
132.42,-7.43616,5.99512,-21.4266,34.7225,7.24854,38.467,0.134888,86.7749,
132.45,-7.45813,5.99512,-21.3607,34.9258,8.51746,38.8735,0.134888,86.8463,
132.48,-7.50208,5.98413,-21.3223,35.0631,9.6875,38.8735,0.27771,86.8518,
132.51,-7.61194,5.98413,-21.2728,35.162,9.6875,39.1372,0.332642,86.8573,
132.54,-7.68335,5.99512,-21.2399,35.2609,10.8575,39.3899,0.447998,86.8683,
132.57,-7.7218,6.00061,-21.2069,35.3542,11.9727,39.681,0.574341,86.9287,
132.6,-7.73279,5.98962,-21.1794,35.4586,12.8351,39.8623,0.612793,86.9397,
132.63,-7.74927,5.98413,-21.1575,35.519,13.5217,39.9777,0.645752,86.9397,
132.66,-7.79321,5.98962,-21.141,35.574,14.1919,40.2468,0.684204,86.9397,
132.69,-7.83167,5.99512,-21.1245,35.6179,14.7961,40.5599,0.684204,86.9397,
132.72,-7.85364,5.99512,-21.1135,35.6729,14.7961,40.5599,0.777588,86.9507,
132.75,-7.85364,5.98962,-21.097,35.7278,15.285,40.7742,0.799561,86.9672,
132.78,-7.85913,5.98962,-21.0751,35.7552,15.7245,40.8676,0.805054,86.9672,
132.81,-7.8866,5.98962,-21.0586,35.7827,16.2299,41.0598,0.953369,86.9672,
132.84,-7.91406,5.98962,-21.0476,35.8102,16.7847,41.3564,1.11267,86.9672,
132.87,-7.93054,5.98962,-21.0421,35.8322,17.356,41.6036,1.25549,86.9672,
132.9,-7.93604,5.98962,-21.0366,35.8596,17.8998,41.7959,1.37085,86.9836,
132.93,-7.93604,5.98962,-21.0311,35.8816,18.3173,42.0815,1.37085,86.9836,
132.96,-7.94153,5.98962,-21.0311,35.8926,18.3173,42.0815,1.44226,86.9781,
132.99,-7.95801,5.98962,-21.0256,35.8981,18.8281,42.3782,1.54114,86.9781,
133.02,-7.9635,5.99512,-21.0201,35.9146,19.35,42.6473,1.61255,86.9836,
133.05,-7.9635,5.98962,-21.0201,35.931,19.718,42.8341,1.64551,86.9836,
133.08,-7.9635,5.98962,-21.0201,35.942,20.0476,42.9989,1.69495,86.9891,
133.11,-7.9635,5.98962,-21.0146,35.9475,20.3333,43.1637,1.74438,86.9891,
133.14,-7.96899,5.99512,-21.0146,35.9475,20.6134,43.2516,1.76636,86.9891,
133.17,-7.97449,5.98962,-21.0092,35.9585,20.7727,43.2516,1.76636,86.9891,
133.2,-7.97449,5.98962,-21.0092,35.964,20.7727,43.3999,1.79932,86.9891,
133.23,-7.97998,5.98962,-21.0092,35.964,21.0638,43.4548,1.82678,86.9891,
133.26,-7.97998,5.99512,-21.0037,35.9695,21.3824,43.5537,1.85974,86.9891,
133.29,-7.97998,5.98962,-21.0037,35.975,21.5912,43.6581,1.88721,86.9891,
133.32,-7.98547,5.98962,-21.0037,35.9695,21.8658,43.757,1.99707,86.9891,
133.35,-7.98547,5.98962,-20.9982,35.9805,22.3438,43.9767,2.20032,86.9891,
133.38,-7.98547,5.98962,-20.9982,35.975,22.8162,44.2074,2.32666,86.9891,
133.41,-7.99097,5.98962,-20.9982,35.9805,23.0853,44.2074,2.32666,87.0056,
133.44,-7.99097,5.98962,-20.9982,35.986,23.0853,44.2788,2.40356,87.0056,
133.47,-7.99097,5.98962,-20.9982,35.986,23.2996,44.3557,2.4585,86.9946,
133.5,-7.99097,5.98962,-20.9982,35.986,23.6346,44.4546,2.56287,87.0001,
133.53,-7.99097,5.99512,-20.9982,35.986,23.8379,44.5974,2.62878,87.0056,
133.56,-7.99097,5.99512,-20.9982,35.986,24.0851,44.6029,2.65625,86.9946,
133.59,-7.99097,5.98962,-20.9982,35.986,24.4092,44.6249,2.72217,86.9946,
133.62,-7.99097,5.98962,-20.9927,35.9915,24.6289,44.8556,2.72217,86.9946,
133.65,-7.99097,5.98962,-20.9982,35.9915,24.8212,44.8556,2.88696,87.0001,
133.68,-7.99646,5.99512,-20.9982,35.8981,24.8212,45.0259,3.20007,87.0001,
133.71,-7.94153,5.98962,-20.9982,35.7717,25.0134,45.1687,3.58459,87.0001,
133.74,-7.83167,5.99512,-21.0751,35.6783,25.2496,45.2731,4.08447,86.9891,
133.77,-7.68884,5.99512,-21.1904,35.4861,25.4803,45.5148,4.76562,86.9946,
133.8,-7.57898,5.98962,-21.3003,35.2993,25.8649,45.7455,5.64453,86.9891,
133.83,-7.52954,5.98413,-21.3992,35.1016,26.189,45.9652,6.60034,87.0001,
133.86,-7.49109,5.99512,-21.4706,34.9697,26.59,46.0806,6.60034,87.0001,
133.89,-7.40869,6.00061,-21.5255,34.8434,26.9305,46.0806,7.51221,86.9891,
133.92,-7.3208,5.99512,-21.6024,34.7555,26.9305,46.2454,8.30872,87.0001,
133.95,-7.26587,5.97864,-21.6354,34.6456,27.2217,46.3223,9.13818,86.9946,
133.98,-7.26038,5.98413,-21.7013,34.5522,27.5018,46.4321,9.84131,86.9946,
134.01,-7.24939,6.00061,-21.7288,34.4698,27.7271,46.542,10.4675,86.9946,
134.04,-7.22192,5.99512,-21.7562,34.4149,27.9138,46.5859,10.9619,86.9946,
134.07,-7.17798,5.98413,-21.7947,34.371,28.0457,46.7343,11.5167,86.9946,
134.1,-7.13403,5.98962,-21.8276,34.327,28.2214,46.976,11.5167,86.9946,
134.13,-7.13403,5.98962,-21.8441,34.2721,28.3203,46.976,12.0715,86.9946,
134.16,-7.13403,5.99512,-21.8606,34.2336,28.3203,47.1298,12.6318,86.9946,
134.19,-7.10657,5.98962,-21.8771,34.2117,28.3698,47.2177,13.3789,86.9891,
134.22,-7.06262,5.98962,-21.8936,34.1897,28.4686,47.333,14.4556,86.9946,
134.25,-7.04614,5.98962,-21.9155,34.1622,28.5675,47.5802,15.7135,86.9891,
134.28,-7.05164,5.98962,-21.932,34.1293,28.584,47.8054,16.9165,86.9946,
134.31,-7.05164,5.99512,-21.9375,34.1128,28.5455,47.9647,18.1909,86.9946,
134.34,-7.03516,5.98962,-21.9485,34.1073,28.4796,48.1185,18.1909,86.9891,
134.37,-7.03516,5.98962,-21.954,34.0908,28.4796,48.1185,19.4928,86.9891,
134.4,-7.03516,5.98962,-21.954,33.9645,28.4521,48.3602,20.7178,86.9946,
134.43,-7.02417,5.99512,-21.9595,33.8271,28.3917,48.6294,21.9427,86.9946,
134.46,-7.02417,5.99512,-22.0748,33.7173,28.3038,48.8271,23.0963,86.9946,
134.49,-7.02417,5.99512,-22.1957,33.6294,28.2599,48.981,24.129,86.9946,
134.52,-6.95276,5.98413,-22.3055,33.536,28.2214,49.1512,24.8486,86.9946,
134.55,-6.81543,5.99512,-22.4868,33.4811,28.2269,49.2501,25.4474,86.9946,
134.58,-6.64514,6.00061,-22.6791,33.4316,28.2544,49.2501,25.4474,86.9946,
134.61,-6.55725,5.98962,-22.8658,33.2614,28.2544,49.4698,25.9363,86.9891,
134.64,-6.50232,5.97314,-23.0087,33.0911,28.5236,49.8159,26.4032,86.9891,
134.67,-6.46936,5.98962,-23.2449,32.9263,28.7872,50.3378,26.8042,86.9946,
134.7,-6.41443,6.0116,-23.4811,32.8054,29.0674,50.7937,27.1008,86.9946,
134.73,-6.34851,6.00061,-23.6843,32.723,29.5563,51.5682,27.337,86.9727,
134.76,-6.2771,5.97864,-23.8271,32.6296,30.2319,52.6229,27.6337,86.9891,
134.79,-6.26062,5.98413,-23.9974,32.5417,30.957,53.7161,27.8259,86.9891,
134.82,-6.24963,5.98962,-24.1238,32.4539,31.5997,53.7161,27.8259,87.0111,
134.85,-6.21118,6.0116,-24.3545,32.3934,31.5997,54.7268,27.9962,87.0056,
134.88,-6.09583,6.00061,-24.6786,32.2341,32.3029,55.6497,28.15,87.0056,
134.91,-5.90906,5.98962,-25.2279,32.0913,32.973,56.556,28.2764,87.0001,
134.94,-5.70581,6.06104,-25.9475,31.8331,33.5992,57.3965,28.3972,87.0056,
134.97,-5.45862,6.18738,-26.8209,31.4816,34.1101,58.0667,28.4686,87.0056,
135,-5.17297,6.32471,-27.9635,31.0421,34.5825,58.7313,28.4412,86.9836,
135.03,-4.79944,6.42908,-29.3478,30.5258,35.2802,59.4125,28.1445,86.9836,
135.06,-4.44238,6.47852,-30.9298,30.0863,36.0712,59.4125,28.1445,87.0001,
135.09,-4.00842,6.51697,-32.5997,29.5754,36.0712,60.0662,27.5513,87.0056,
135.12,-3.61292,6.56641,-34.3026,29.0151,37.2247,60.7089,26.4966,86.9836,
135.15,-3.17346,6.70923,-36.0494,28.4823,38.8947,61.4669,24.9915,86.9946,
135.18,-2.77795,6.91248,-37.6864,27.9165,40.8777,62.6919,22.2284,86.9781,
135.21,-2.4209,7.09375,-39.1476,27.3892,44.1077,63.9883,18.894,87.0001,
135.24,-2.07483,7.20911,-40.4055,26.9717,47.7606,65.5868,15.4279,86.9946,
135.27,-1.80017,7.28052,-41.5151,26.5981,51.3751,67.0919,15.4279,86.9946,
135.3,-1.6134,7.34094,-42.4929,26.2576,55.072,67.0919,11.5662,87.0441,
135.33,-1.41565,7.43433,-43.4487,25.9609,55.072,68.4927,7.70996,87.0331,
135.36,-1.2124,7.54968,-44.2782,25.7083,58.67,70.0088,4.04053,87.0166,
135.39,-1.03662,7.60461,-45.0253,25.4885,62.1857,71.3546,0.343628,87.0331,
135.42,-0.926758,7.63208,-45.7833,25.2963,65.1135,72.6125,-3.04565,87.0276,
135.45,-0.816895,7.65955,-46.5798,25.137,67.9041,73.7277,-5.83069,87.0166,
135.48,-0.619141,7.70349,-47.3983,24.9777,70.1562,74.7219,-8.02246,87.0166,
135.51,-0.388428,7.76941,-48.2278,24.8458,71.8591,75.4965,-8.02246,87.0221,
135.54,-0.174194,7.80786,-49.0792,24.6371,73.2214,75.4965,-9.83521,87.0221,
135.57,-0.00390625,7.81335,-49.9526,24.4283,73.2214,76.0183,-11.1755,87.0056,
135.6,0.0949707,7.82434,-50.859,24.2416,74.2212,76.4742,-12.0599,87.0111,
135.63,0.188354,7.84082,-51.639,24.0768,74.787,76.8368,-12.1698,87.0056,
135.66,0.292725,7.86829,-52.4575,23.934,75.0342,77.073,-11.8237,87.0056,
135.69,0.495972,7.89575,-53.1661,23.7911,74.8694,77.1609,-11.1865,87.0056,
135.72,0.721191,7.91772,-53.7869,23.7142,74.3036,77.1719,-10.3241,87.0056,
135.75,0.891479,7.91772,-54.3252,23.6263,73.6609,77.1499,-10.3241,87.0056,
135.78,0.951904,7.91772,-54.7976,23.5494,72.8754,77.1499,-9.29688,87.0001,
135.81,0.951904,7.92322,-55.2151,23.4615,72.8754,77.1169,-8.10486,87.0056,
135.84,0.951904,7.9342,-55.4568,23.3901,72.1558,77.095,-6.95679,86.9891,
135.87,0.951904,7.96167,-55.649,23.3517,71.4252,77.0785,-5.64392,86.9946,
135.9,0.962891,7.96167,-55.693,23.3022,70.7935,77.0675,-4.52881,86.9946,
135.93,0.962891,7.96167,-55.7534,23.2583,70.2112,77.062,-3.56201,86.9891,
135.96,0.962891,7.96167,-55.6985,23.2253,69.7882,77.0565,-2.87537,86.9891,
135.99,0.962891,7.96716,-55.6106,23.2034,69.4916,77.0565,-2.87537,86.9891,
136.02,0.973877,7.97266,-55.4019,23.1759,69.4916,77.0565,-2.46338,86.9891,
136.05,0.973877,7.96716,-55.2261,23.1539,69.3982,77.04,-2.22717,86.9891,
136.08,0.97937,7.97266,-54.9514,23.1265,69.574,77.04,-2.27112,86.9891,
136.11,0.97937,7.97266,-54.6987,23.11,70.2057,77.051,-3.17749,86.9891,
136.14,0.97937,7.98364,-54.4735,23.0935,70.9802,77.0455,-4.43542,86.9891,
136.17,0.973877,7.98364,-54.2867,23.088,72.4689,76.9906,-6.01196,86.9836,
136.2,0.907959,7.97815,-54.111,23.0825,74.3475,77.0291,-7.65442,86.9836,
136.23,0.75415,7.97815,-53.9736,23.066,76.2372,77.0345,-7.65442,86.9891,
136.26,0.671753,7.97815,-53.8583,23.0276,76.2372,77.0345,-9.50012,86.9946,
136.29,0.682739,7.99463,-53.7264,23.0331,78.2587,77.1115,-11.4392,86.9836,
136.32,0.759644,8.00012,-53.7319,23.0331,80.2087,77.2598,-13.2355,86.9946,
136.35,0.776123,8.00012,-53.8638,23.0331,82.0599,77.3696,-15.1141,87.0001,
136.38,0.776123,7.99463,-54.1494,23.0221,83.6694,77.474,-16.7017,86.9946,
136.41,0.787109,7.99463,-54.6218,23.0221,85.0208,77.5784,-18.0804,86.9946,
136.44,0.836548,8.00012,-55.1766,23.0166,86.2073,77.6498,-19.234,86.9946,
136.47,0.957397,7.99463,-55.9182,23.0111,87.0642,77.6498,-19.234,86.9946,
136.5,1.10022,7.98914,-56.6818,22.9012,87.0642,77.7267,-20.0525,86.9946,
136.53,1.276,7.98364,-57.5991,22.7859,87.7893,77.7651,-20.6622,86.9946,
136.56,1.36938,7.99463,-58.533,22.6815,88.1683,77.8201,-20.9973,86.9946,
136.59,1.41882,7.99463,-59.5052,22.5826,88.2397,77.8475,-21.0577,86.9891,
136.62,1.53967,7.98914,-60.3402,22.5057,88.0914,77.8805,-20.7776,86.9946,
136.65,1.7594,7.98914,-61.0653,22.4453,87.5531,77.9025,-20.3931,86.9946,
136.68,2.00659,7.99463,-61.8124,22.3904,86.7346,77.886,-19.8163,86.9946,
136.71,2.15491,8.00012,-62.4771,22.3464,85.8942,77.886,-19.8163,86.9946,
136.74,2.20984,7.99463,-62.944,22.2915,85.8942,77.886,-19.1187,86.9891,
136.77,2.2428,7.98914,-63.345,22.2531,85.0647,77.9135,-18.3606,86.9946,
136.8,2.27576,7.98914,-63.5592,22.2201,84.1748,77.908,-17.597,86.9946,
136.83,2.28125,7.99463,-63.6416,22.1871,83.2465,77.908,-16.795,86.9946,
136.86,2.27576,7.99463,-63.6086,22.1597,82.4884,77.9244,-16.0919,86.9891,
136.89,2.24829,7.98914,-63.3999,22.1432,81.8237,77.9354,-15.4987,86.9946,
136.92,2.2373,7.98914,-63.0978,22.1267,81.1371,77.9519,-14.9603,86.9946,
136.95,2.22083,7.99463,-62.7078,22.1102,80.401,77.9519,-14.9603,86.9946,
136.98,2.20435,7.99463,-62.2408,22.0938,80.401,77.9519,-14.422,86.9891,
137.01,2.09998,7.98914,-61.6915,22.0883,79.5825,77.9574,-13.6365,86.9891,
137.04,1.94067,7.99463,-61.1038,22.1487,78.5498,77.9849,-12.6752,86.9946,
137.07,1.78137,7.99463,-60.4611,22.2421,77.1271,77.9684,-11.1206,86.9891,
137.1,1.70996,7.99463,-59.8843,22.3629,75.0671,77.9904,-8.99475,86.9891,
137.13,1.63855,7.98914,-59.3789,22.4343,72.4963,77.9629,-6.79199,86.9946,
137.16,1.52869,7.98914,-58.9449,22.5112,69.8322,78.0123,-6.79199,86.9946,
137.19,1.44629,7.98914,-58.5659,22.5662,67.1735,78.0123,-4.21021,86.9891,
137.22,1.37488,7.99463,-58.1045,22.6266,67.1735,78.1936,-1.58997,86.9836,
137.25,1.32544,7.98914,-57.72,22.665,64.3665,78.2815,1.12915,86.9891,
137.28,1.29797,7.98914,-57.2366,22.7145,61.5485,78.3474,3.93616,86.9836,
137.31,1.22107,7.98914,-56.6927,22.7584,59.0601,78.4463,6.63879,86.9836,
137.34,1.05078,7.99463,-55.9786,22.8848,56.709,78.5287,8.86902,86.9891,
137.37,0.836548,7.99463,-55.2426,23.0221,54.6436,78.5946,10.7642,86.9891,
137.4,0.616821,7.91772,-54.3142,23.2638,52.8473,78.5671,10.7642,86.9836,
137.43,0.45752,7.80237,-53.276,23.5989,52.8473,78.5671,12.5769,86.9836,
137.46,0.182861,7.66504,-52.0895,23.9449,50.8533,78.4902,14.527,86.9891,
137.49,-0.124756,7.5387,-50.8315,24.3185,48.5516,78.2925,16.7407,86.9891,
137.52,-0.492798,7.47827,-49.4637,24.6481,45.4645,77.897,20.7507,86.9946,
137.55,-0.811401,7.45081,-48.1179,24.9502,42.0422,77.4136,25.777,86.9727,
137.58,-1.09155,7.42334,-46.8325,25.2908,37.038,76.6885,30.9845,87.0111,
137.61,-1.39917,7.36841,-45.6954,25.6478,31.781,75.6448,35.9723,87.0111,
137.64,-1.57495,7.27502,-44.6957,25.9884,26.59,74.5406,35.9723,87.0111,
137.67,-1.67932,7.22009,-43.8278,26.2686,26.59,74.5406,41.1633,86.9452,
137.7,-1.82764,7.20361,-43.0752,26.4608,21.5857,73.5409,46.3269,86.9672,
137.73,-2.06934,7.19812,-42.427,26.6311,16.4606,72.4862,51.5344,86.9946,
137.76,-2.21765,7.18713,-41.8557,26.8124,11.2091,71.3162,56.6541,86.9617,
137.79,-2.28357,7.15967,-41.3503,26.9772,6.08948,70.1901,61.8726,86.9562,
137.82,-2.34949,7.11572,-40.9274,27.12,0.870972,69.3606,66.8439,86.9617,
137.85,-2.45386,7.08276,-40.4275,27.2189,-4.16626,68.608,71.1066,86.9617,
137.88,-2.53076,7.08276,-40.0045,27.3068,-9.41223,68.608,71.1066,86.9727,
137.91,-2.64612,7.08826,-39.4662,27.4276,-9.41223,67.9159,74.6826,86.9672,
137.94,-2.80542,7.07727,-39.0267,27.499,-14.6637,67.2567,77.9071,86.9617,
137.97,-3.04163,7.03333,-38.5323,27.5485,-19.6185,66.8667,80.5658,86.9727,
138,-3.21191,7.02234,-37.9666,27.5979,-23.7494,66.4492,82.8345,86.9836,
138.03,-3.23938,7.04431,-37.4337,27.7792,-27.0728,66.0592,84.7571,86.9672,
138.06,-3.27783,7.0498,-36.8789,27.933,-29.8303,65.6857,86.3721,86.9836,
138.09,-3.39319,7.03333,-36.379,28.0813,-32.0276,65.3066,86.3721,86.9836,
138.12,-3.547,6.98938,-35.8242,28.1912,-33.9722,65.3066,87.7948,86.9891,
138.15,-3.6239,6.99487,-35.3298,28.2681,-33.9722,64.8507,88.9978,86.9891,
138.18,-3.64038,7.02783,-34.8904,28.3779,-35.5817,64.4222,90.014,86.9836,
138.21,-3.65686,7.03333,-34.5114,28.4603,-36.8396,64.0927,90.8655,86.9891,
138.24,-3.71179,7.00586,-34.1982,28.5317,-37.8723,63.7301,91.6455,87.0056,
138.27,-3.79419,6.98389,-33.9181,28.5922,-38.7952,63.2797,92.2717,87.0056,
138.3,-3.82166,6.99487,-33.6654,28.6306,-39.5477,62.8951,92.821,87.0056,
138.33,-3.83264,7.01685,-33.4402,28.6801,-40.152,62.6644,92.821,86.9891,
138.36,-3.84363,7.01135,-33.2589,28.7295,-40.7288,62.6644,93.2935,86.9946,
138.39,-3.85461,6.90149,-32.9678,28.7679,-40.7288,62.4282,93.6835,86.9946,
138.42,-3.9425,6.78064,-32.7261,28.8174,-41.2177,62.1646,94.0076,86.9891,
138.45,-4.07983,6.6488,-32.3745,28.8174,-41.6461,61.9943,94.3317,86.9891,
138.48,-4.23914,6.5719,-32.0834,28.8394,-41.8219,61.769,94.5569,87.0056,
138.51,-4.34351,6.51697,-31.8032,28.8558,-41.8768,61.4504,94.7711,86.9836,
138.54,-4.42041,6.45654,-31.4407,28.8778,-41.8768,61.2252,94.9634,86.9836,
138.57,-4.49182,6.40161,-31.1331,29.0042,-41.8713,61.0879,94.9634,86.9836,
138.6,-4.57971,6.34119,-30.8584,29.136,-41.8713,61.0879,95.1172,87.0001,
138.63,-4.61816,6.28625,-30.6277,29.2513,-41.6132,60.8297,95.2051,86.9946,
138.66,-4.65662,6.2478,-30.4244,29.3392,-41.3989,60.5221,95.3314,86.9836,
138.69,-4.70056,6.22583,-30.2322,29.4161,-41.0638,60.3243,95.4028,86.9891,
138.72,-4.73352,6.20935,-30.0674,29.493,-40.7397,60.0497,95.5402,87.0056,
138.75,-4.75549,6.1709,-29.9301,29.5645,-40.4102,59.7091,95.5841,86.9946,
138.78,-4.77747,6.13794,-29.8147,29.6194,-40.0092,59.418,95.65,86.9946,
138.81,-4.81042,6.12146,-29.584,29.6633,-39.7675,59.418,95.65,86.9891,
138.84,-4.93677,6.12695,-29.3807,29.8391,-39.7675,59.2422,95.7104,86.9891,
138.87,-5.11255,6.11597,-29.1995,29.9655,-39.6246,59.0609,95.7654,86.9946,
138.9,-5.24988,6.06653,-28.9358,30.1083,-39.5093,58.8687,95.8038,86.9891,
138.93,-5.42566,6.05554,-28.6831,30.361,-39.4214,58.7368,95.8258,86.9836,
138.96,-5.59595,6.05005,-28.3315,30.5642,-39.5203,58.5226,95.8643,86.9891,
138.99,-5.80469,6.05554,-28.0349,30.8553,-39.707,58.171,95.8752,86.9891,
139.02,-5.98596,6.05005,-27.7822,31.119,-40.0092,57.792,95.8862,86.9891,
139.05,-6.12878,6.03357,-27.4252,31.3772,-40.4816,57.792,95.8862,86.9781,
139.08,-6.2771,6.09399,-27.1121,31.6134,-40.4816,57.4459,95.8862,86.9891,
139.11,-6.49133,6.20386,-26.8374,31.8936,-41.0034,56.99,95.9137,87.0001,
139.14,-6.72754,6.3302,-26.6012,32.1407,-41.5472,56.5011,95.9082,86.9836,
139.17,-6.92529,6.44006,-26.3925,32.377,-42.0581,56.0342,95.9137,86.9946,
139.2,-7.04614,6.50049,-26.2057,32.5912,-42.6569,55.6057,95.9302,86.9891,
139.23,-7.13403,6.53894,-26.0574,32.7944,-43.1458,55.2102,95.9302,86.9891,
139.26,-7.23291,6.57739,-25.92,32.9427,-43.6731,54.8751,95.9302,86.9946,
139.29,-7.36475,6.64331,-25.8047,33.0636,-43.6731,54.8751,95.9302,86.9891,
139.32,-7.46912,6.70923,-25.6893,33.179,-44.151,54.5895,95.9357,86.9836,
139.35,-7.51855,6.75317,-25.6014,33.2833,-44.6069,54.2599,95.9576,86.9891,
139.38,-7.55151,6.76416,-25.5245,33.3987,-44.9146,53.8809,95.9576,86.9891,
139.41,-7.61194,6.78064,-25.4586,33.4701,-45.354,53.4963,94.8096,86.9891,
139.44,-7.71082,6.80811,-25.4092,33.5085,-45.8868,53.0514,90.1733,87.0111,
139.47,-7.77673,6.86304,-25.3488,33.5525,-47.0349,52.5131,84.6307,87.0111,
139.5,-7.7218,6.88501,-25.2938,33.6733,-47.804,51.6067,84.6307,87.0331,
139.53,-7.69983,6.87952,-25.2499,33.7448,-47.804,51.6067,79.6539,86.9232,
139.56,-7.78772,6.87952,-25.2279,33.7228,-48.7817,51.1782,74.5947,86.9946,
139.59,-7.87012,6.88501,-25.2059,33.7448,-50.0177,50.4641,69.4421,87.0605,
139.62,-7.87012,6.92346,-25.1675,33.8052,-51.1603,49.6237,64.1687,86.9397,
139.65,-7.87012,6.94543,-25.14,33.8052,-52.4017,48.7448,59.082,87.0331,
139.68,-7.90308,6.94543,-25.129,33.8326,-53.6487,47.8274,53.8525,87.0386,
139.71,-7.93054,6.93994,-25.1071,33.8546,-54.7363,46.9265,48.7384,87.0386,
139.74,-7.95801,6.94543,-25.0961,33.8601,-55.6427,46.9265,48.7384,86.9781,
139.77,-7.95801,6.96191,-25.0796,33.8766,-55.6427,46.2069,43.4924,87.0056,
139.8,-7.94702,6.96191,-25.0686,33.915,-56.4227,45.6082,38.4277,86.9891,
139.83,-7.94702,6.96191,-25.0631,33.9205,-57.1094,45.0369,33.3246,86.9891,
139.86,-7.94702,6.96191,-25.0576,33.926,-57.6862,44.7018,28.0566,86.9781,
139.89,-7.94153,6.9729,-25.0466,33.9425,-58.0487,44.4656,22.9974,86.9727,
139.92,-7.94153,6.96741,-25.0411,33.9535,-58.208,44.3502,17.724,86.9781,
139.95,-7.94702,6.96741,-25.0411,33.9535,-58.219,44.3392,17.724,86.9781,
139.98,-7.94702,6.9729,-25.0302,33.9645,-58.1421,44.3392,12.6593,86.9836,
140.01,-7.94702,6.9729,-25.0247,33.9645,-58.1421,44.3392,8.06702,86.9836,
140.04,-7.99097,6.9729,-25.0247,33.959,-57.9059,44.3942,6.30371,87.0001,
140.07,-8.02393,6.97839,-25.0247,33.9535,-57.4609,44.7732,8.12195,86.9891,
140.1,-7.99097,6.92346,-25.0027,33.97,-56.9501,45.0094,13.9337,86.9836,
140.13,-7.97449,6.79163,-24.9972,33.8986,-56.203,45.6906,19.8059,86.9507,
140.16,-7.87561,6.6488,-25.0027,33.7722,-55.824,46.1135,24.9969,86.9507,
140.19,-7.73828,6.56091,-25.0027,33.7063,-55.4395,46.097,24.9969,87.0221,
140.22,-7.68335,6.50598,-25.0027,33.5854,-55.0604,46.097,29.9463,87.0001,
140.25,-7.65588,6.48401,-25.0027,33.3547,-55.0604,46.4486,35.2527,86.9836,
140.28,-7.5625,6.42358,-24.9972,33.2064,-54.7144,46.8606,40.5756,87.0056,
140.31,-7.42517,6.34119,-24.9972,33.0801,-54.4012,46.9045,45.5029,87.0166,
140.34,-7.29883,6.25879,-25.0027,32.7889,-53.9014,47.1517,50.661,86.9727,
140.37,-7.1615,6.23682,-25.0027,32.5472,-52.9181,47.5143,55.9619,87.0001,
140.4,-6.98022,6.24231,-24.9917,32.3605,-51.5503,47.7395,61.12,87.0001,
140.43,-6.81543,6.22034,-24.9862,32.2067,-49.754,48.2064,61.12,86.9781,
140.46,-6.68909,6.16541,-24.9862,31.9265,-49.754,48.2064,66.2067,86.9672,
140.49,-6.60669,6.11597,-24.9972,31.6848,-47.6556,48.7997,70.6836,86.9891,
140.52,-6.53528,6.11597,-24.9917,31.4596,-45.2222,49.327,73.54,86.9617,
140.55,-6.49133,6.12146,-24.9917,31.2563,-42.6239,49.9752,74.3805,86.9727,
140.58,-6.4364,6.12146,-24.9917,31.0806,-39.4543,50.7552,74.3365,86.9727,
140.61,-6.32104,6.08301,-24.9917,30.9817,-36.2354,51.4694,73.974,86.9617,
140.64,-6.26062,6.05554,-24.9917,30.8663,-33.313,52.3757,73.974,86.9617,
140.67,-6.26062,6.04456,-24.9917,30.718,-30.6323,52.3757,73.2544,86.9781,
140.7,-6.26062,6.05005,-24.9917,30.6246,-30.6323,53.0953,72.4689,86.9946,
140.73,-6.22766,6.05554,-24.9917,30.6301,-28.3362,53.5897,71.6779,86.9727,
140.76,-6.2002,6.04456,-24.9917,30.6741,-26.463,54.1226,70.9637,86.9781,
140.79,-6.17822,6.03357,-24.9917,30.718,-24.7052,54.606,70.5133,87.0111,
140.82,-6.15076,6.02258,-24.9917,30.751,-23.1616,54.974,70.0464,87.0056,
140.85,-6.18921,6.02258,-24.8818,30.9103,-21.7224,55.1827,69.5575,86.9891,
140.88,-6.28809,6.02258,-24.772,31.0421,-20.1459,55.3256,69.5575,86.9891,
140.91,-6.39246,6.01709,-24.6731,31.163,-18.5199,55.3256,69.0796,86.9891,
140.94,-6.45288,6.0061,-24.5797,31.2728,-18.5199,55.4519,68.5083,86.9891,
140.97,-6.49683,6.0061,-24.5028,31.4871,-16.861,55.4849,67.8601,86.9781,
141,-6.55725,6.0061,-24.4479,31.6903,-15.1306,55.5343,67.0471,86.9727,
141.03,-6.62866,6.00061,-24.382,31.8551,-13.2959,55.6167,66.0089,86.9836,
141.06,-6.67261,5.98962,-24.338,32.0034,-11.203,55.6552,65.0146,86.9781,
141.09,-6.70557,5.99512,-24.2831,32.1298,-9.14307,55.6826,64.1138,86.9781,
141.12,-6.74951,5.99512,-24.2446,32.2396,-7.17102,55.6826,64.1138,86.9781,
141.15,-6.79346,5.99512,-24.2227,32.333,-7.17102,55.776,63.2788,86.9781,
141.18,-6.82642,5.99512,-24.1952,32.4209,-5.56702,55.8309,62.4658,86.9946,
141.21,-6.8429,5.99512,-24.1622,32.4978,-4.17175,55.8364,61.7902,86.9836,
141.24,-6.86487,5.99512,-24.1348,32.5527,-2.95776,55.8364,61.2354,86.9891,
141.27,-6.88684,5.99512,-24.1238,32.6187,-1.81519,55.8749,60.741,86.9836,
141.3,-6.89233,5.99512,-24.1073,32.6626,-0.809937,55.9023,60.34,86.9891,
141.33,-6.90332,5.99512,-24.0963,32.7065,0.0360107,55.8694,59.9994,86.9891,
141.36,-6.91431,5.99512,-24.0798,32.745,0.892944,55.8694,59.9994,86.9946,
141.39,-6.92529,5.99512,-24.0688,32.767,0.892944,55.754,59.7137,86.9891,
141.42,-6.94177,5.99512,-24.0579,32.7944,1.77185,55.6167,59.4501,86.9891,
141.45,-6.95825,5.99512,-24.0469,32.8164,2.67273,55.4135,59.2633,86.9946,
141.48,-6.95825,5.99512,-24.0414,32.8494,3.56262,55.1827,58.9557,86.9781,
141.51,-6.96375,5.99512,-24.0304,32.8658,4.74915,54.8696,58.6536,86.9891,
141.54,-6.96375,5.99512,-24.0249,32.8933,5.80383,54.6279,58.4613,86.9836,
141.57,-6.96375,5.98413,-23.9205,32.8988,6.875,54.3752,58.4613,86.9836,
141.6,-7.04065,5.98962,-23.7942,33.0526,7.86926,54.3752,58.2196,86.9836,
141.63,-7.16699,5.99512,-23.6953,33.1625,7.86926,54.1885,58.0548,86.9781,
141.66,-7.28784,5.98962,-23.6129,33.3822,8.79211,54.0237,57.89,86.9836,
141.69,-7.4032,5.98413,-23.525,33.5745,9.53918,53.8534,57.7527,86.9891,
141.72,-7.45813,5.98962,-23.4536,33.7887,10.1819,53.7325,57.6373,86.9836,
141.75,-7.51855,5.98962,-23.3987,34.0414,10.7642,53.6282,57.5275,86.9891,
141.78,-7.62292,5.98962,-23.3492,34.2886,11.2421,53.5458,57.4615,86.9891,
141.81,-7.68335,5.98413,-23.2998,34.5083,11.7749,53.337,57.4615,86.9891,
141.84,-7.71631,5.99512,-23.2668,34.6951,11.7749,53.337,57.3682,86.9946,
141.87,-7.82068,5.99512,-23.2009,34.8928,12.2253,53.1228,57.1924,86.9891,
141.9,-7.97998,5.98962,-23.1844,35.0137,12.7637,52.9196,57.0001,86.9891,
141.93,-8.15027,5.98413,-23.1735,35.1345,13.2526,52.8536,56.8903,86.9891,
141.96,-8.26562,5.99512,-23.1515,35.2389,13.7744,52.6174,56.7529,87.0001,
141.99,-8.33704,5.99512,-23.1295,35.3542,14.3512,52.2878,56.6595,86.9836,
142.02,-8.38647,5.98962,-23.1075,35.4531,14.9005,52.1285,56.5552,86.9836,
142.05,-8.46338,5.98413,-23.0911,35.5135,15.4883,52.0132,56.5552,86.9836,
142.08,-8.55676,5.98962,-23.0801,35.563,15.4883,52.0132,56.4838,86.9891,
142.11,-8.62817,5.99512,-23.0636,35.6179,15.9991,51.8539,56.4178,86.9891,
142.14,-8.66113,5.99512,-23.0581,35.6674,16.4221,51.7166,56.3354,86.9891,
142.17,-8.6886,5.98962,-23.0526,35.7223,16.8176,51.6012,56.2805,86.9891,
142.2,-8.73254,5.98962,-23.0471,35.7443,17.1143,51.5408,56.2476,86.9891,
142.23,-8.78748,5.99512,-23.0416,35.7662,17.3999,51.4584,56.0663,86.9891,
142.26,-8.82043,5.99512,-23.0361,35.7992,17.6746,51.2661,55.7806,86.9891,
142.29,-8.83142,5.99512,-23.0306,35.8322,17.9163,51.2661,55.7806,87.0001,
142.32,-8.83142,5.98962,-23.0306,35.8651,17.9163,51.0299,55.4895,86.9891,
142.35,-8.8479,5.98962,-23.0251,35.8761,18.2678,50.8926,55.05,86.9836,
142.38,-8.88086,5.99512,-23.0197,35.8816,18.537,50.7223,54.4513,87.0111,
142.41,-8.90283,5.99512,-23.0197,35.9091,18.7128,50.4037,53.5559,86.9781,
142.44,-8.90833,5.99512,-23.0142,35.9146,19.0424,50.0576,52.4408,86.9836,
142.47,-8.90833,5.99512,-23.0087,35.942,19.3225,49.6786,51.4081,86.9946,
142.5,-8.91382,5.98962,-23.0087,35.942,19.5477,49.2391,50.3424,86.9946,
142.53,-8.94128,5.98962,-23.0087,35.942,19.9158,49.2391,50.3424,86.9891,
142.56,-8.95227,5.99512,-23.0032,35.9475,19.9158,48.7887,49.2767,86.9891,
142.59,-8.95227,5.99512,-22.9977,35.9585,20.2014,48.4097,48.2275,86.9836,
142.62,-8.96326,5.98962,-22.9977,35.9585,20.4706,48.0142,47.2498,86.9891,
142.65,-8.96326,5.98962,-22.9977,35.9695,20.6958,47.723,46.5192,86.9891,
142.68,-8.96875,5.99512,-22.9977,35.964,20.8606,47.4923,45.8545,86.9891,
142.71,-8.97974,5.98962,-22.9977,35.9695,21.0034,47.2616,45.2777,86.9891,
142.74,-8.98523,5.98962,-22.9977,35.9695,21.1792,47.0858,44.668,86.9891,
142.77,-8.98523,5.99512,-22.9977,35.9695,21.344,47.0858,44.668,86.9891,
142.8,-8.98523,5.99512,-22.9977,35.975,21.344,46.8441,43.9978,87.0001,
142.83,-8.98523,5.98962,-22.9977,35.9805,21.3879,46.5145,43.2727,86.9836,
142.86,-8.98523,5.98962,-22.9977,35.9805,21.4703,46.1794,42.5092,86.9891,
142.89,-8.98523,5.98962,-22.9977,35.9805,21.5527,45.7839,41.3556,86.9946,
142.92,-9.00171,5.98962,-22.9977,35.986,21.5967,45.2456,40.1251,86.9946,
142.95,-8.99622,5.98962,-22.9977,35.9969,21.6077,44.6963,38.8892,86.9781,
142.98,-8.99622,5.98962,-22.9977,35.9969,21.8054,44.2513,37.6038,86.9781,
143.01,-8.99622,5.98962,-22.9977,35.9915,22.0471,43.8009,37.6038,86.9891,
143.04,-8.99622,5.98962,-22.9977,35.9969,22.0471,43.8009,36.3733,86.9891,
143.07,-8.99622,5.98962,-22.9977,35.9915,22.1405,43.3505,35.2802,86.9891,
143.1,-8.99622,5.98962,-22.9977,35.9915,22.2504,42.889,34.2529,86.9891,
143.13,-8.99622,5.98962,-22.9977,35.9915,22.3328,42.4551,33.2916,86.9891,
143.16,-8.99622,5.98962,-22.9977,35.9915,22.4207,42.076,32.5061,86.9836,
143.19,-8.99622,5.98962,-22.9977,35.9915,22.5195,41.7904,31.8469,86.9891,
143.22,-8.99622,5.98962,-22.9922,35.9915,22.536,41.5267,31.2756,86.9891,
143.25,-8.99622,5.98962,-22.9922,35.9915,22.525,41.5267,31.2756,86.9891,
143.28,-9.00171,5.98962,-22.9922,35.9915,22.525,41.3125,30.6714,86.9891,
143.31,-9.00171,5.99512,-22.9922,35.9915,22.5085,41.0159,30.0287,86.9946,
143.34,-9.00171,5.98962,-22.9922,35.9915,22.4261,40.7192,29.2761,86.7529,
143.37,-9.00171,5.98962,-22.9922,35.9915,22.3547,40.3512,28.4302,86.2311,
143.4,-9.00171,5.99512,-22.9922,35.9915,22.1515,39.9008,27.4634,85.6378,
143.43,-8.99622,5.98962,-22.9922,35.9969,21.9702,39.3954,26.5186,84.7809,
143.46,-8.99072,5.98962,-22.9922,35.9969,21.8274,39.0713,25.6122,84.7809,
143.49,-8.99072,5.98962,-22.9922,35.9969,21.6132,39.0713,25.6122,83.9624,
143.52,-8.99072,5.99512,-22.9922,35.9915,21.6132,38.7032,24.7827,83.0066,
143.55,-8.99072,5.98962,-22.9922,35.9969,21.3,38.2583,23.9478,82.0618,
143.58,-8.99622,5.98962,-22.9922,35.9915,21.0968,37.8518,23.1787,81.2213,
143.61,-8.99072,5.98962,-22.9922,35.9969,20.9924,37.6595,22.6074,80.4688,
143.64,-8.99622,5.98962,-22.9922,35.9915,20.8716,37.4233,22.0636,79.8151,
143.67,-9.00171,5.99512,-22.9922,36.0903,20.6903,37.1816,21.5912,79.1119,
143.7,-9.00171,5.99512,-22.9922,36.2277,20.575,36.9949,21.2396,79.1119,
143.73,-9.00171,5.98962,-22.9922,36.3265,20.4321,36.9949,21.2396,78.3594,
143.76,-9.00171,5.98413,-22.9922,36.387,20.4321,36.8026,20.7782,77.5024,
143.79,-9.00171,6.00061,-22.9922,36.5957,20.1904,36.5005,20.3937,76.4093,
143.82,-8.99622,6.00061,-22.9922,36.7825,19.8279,36.2643,20.0092,74.7833,
143.85,-8.99622,5.98413,-22.9922,36.9528,19.5752,35.9731,19.6411,72.9376,
143.88,-8.99622,5.98413,-22.9977,37.178,19.2346,35.5941,19.0808,71.004,
143.91,-9.05664,6.00061,-22.8713,37.4471,18.7622,35.1327,18.6359,68.7628,
143.94,-9.15002,5.99512,-22.7725,37.6449,18.2733,34.6823,18.6359,68.7628,
143.97,-9.30383,5.98413,-22.6736,37.9031,17.8998,34.6823,18.136,66.637,
144,-9.41919,5.98962,-22.5802,38.1722,17.8998,34.3032,17.6471,64.577,
144.03,-9.44666,6.00061,-22.5088,38.4304,17.4548,33.9956,17.3065,62.5226,
144.06,-9.49609,5.99512,-22.4374,38.6172,17.1143,33.655,16.9055,60.7648,
144.09,-9.5675,5.98962,-22.377,38.8149,16.7627,33.3969,16.6418,59.1553,
144.12,-9.6554,5.98962,-22.333,38.9358,16.5375,33.2156,16.3947,57.8314,
144.15,-9.7323,6.00061,-22.2946,39.0731,16.3562,33.0782,16.0706,56.7053,
144.18,-9.74878,5.99512,-22.2451,39.205,16.098,32.897,16.0706,56.7053,
144.21,-9.76526,5.98962,-22.2231,39.3093,15.9552,32.897,15.7629,55.5518,
144.24,-9.79822,5.98962,-22.1957,39.3917,15.9552,32.6278,15.3894,54.3433,
144.27,-9.83118,5.99512,-22.1682,39.5785,15.7025,32.4355,14.8895,52.9919,
144.3,-9.93005,6.00061,-22.1298,39.7708,15.4224,32.2213,14.2139,51.1462,
144.33,-10.0619,5.98413,-22.0089,39.9301,15.1807,31.8862,13.4503,49.1962,
144.36,-10.1937,5.98413,-21.8881,40.0564,15.0488,31.4688,12.6593,47.1967,
144.39,-10.2926,5.99512,-21.7507,40.2926,14.7632,31.1282,11.8298,47.1967,
144.42,-10.364,6.08301,-21.6738,40.5343,14.4611,30.7711,11.8298,45.1697,
144.45,-10.4574,6.17639,-21.5804,40.7211,14.4611,30.7711,11.1267,43.0493,
144.48,-10.6277,6.30823,-21.4816,40.8914,14.3073,30.502,10.3796,41.0883,
144.51,-10.809,6.4126,-21.4321,41.0067,14.1425,30.2163,9.75891,39.0283,
144.54,-10.9847,6.47302,-21.3717,41.1221,13.9062,29.8977,9.07227,37.265,
144.57,-11.1166,6.53345,-21.3387,41.2429,13.7799,29.5187,8.46802,35.7709,
144.6,-11.1935,6.58289,-21.2728,41.3583,13.6975,29.3209,7.97363,34.48,
144.63,-11.2814,6.63782,-21.2399,41.4517,13.6206,29.233,7.39136,34.48,
144.66,-11.4187,6.68176,-21.2234,41.4956,13.5327,29.0627,7.39136,33.4033,
144.69,-11.5231,6.7312,-21.1904,41.556,13.5327,29.0627,6.90796,32.3431,
144.72,-11.5396,6.77515,-21.152,41.6165,13.4064,28.854,6.21582,31.2445,
144.75,-11.5505,6.79712,-21.141,41.6934,13.2196,28.7222,5.30396,30.0745,
144.78,-11.6055,6.80261,-21.13,41.7263,13.0658,28.5519,3.99658,28.7891,
144.81,-11.7043,6.82458,-21.119,41.7373,12.9175,28.2058,2.55188,27.3499,
144.84,-11.7593,6.86853,-21.097,41.7648,12.7582,27.7883,0.986328,25.9985,
144.87,-11.7703,6.896,-21.0696,41.8087,12.6483,27.4752,0.986328,25.9985,
144.9,-11.7703,6.8905,-21.0586,41.8417,12.5769,27.4752,-0.606689,24.5483,
144.93,-11.7977,6.8905,-21.0586,41.8527,12.5769,27.3434,-2.21069,23.186,
144.96,-11.8527,6.91797,-21.0421,41.8582,12.3792,27.1072,-3.79272,21.8512,
144.99,-11.8801,6.93994,-21.0366,41.8746,12.1539,26.7117,-5.28137,20.423,
145.02,-11.8856,6.93994,-21.0311,41.9076,11.9397,26.3436,-6.72607,19.1705,
145.05,-11.8856,6.92896,-21.0311,41.9241,11.8188,26.2283,-7.9071,18.1378,
145.08,-11.8911,6.93994,-21.0256,41.9241,11.72,26.1514,-8.9563,18.1378,
145.11,-11.8856,6.90149,-21.0146,41.9241,11.5771,25.9811,-8.9563,17.226,
145.14,-11.8252,6.78613,-21.0146,41.9241,11.4618,25.9811,-9.86267,16.4459,
145.17,-11.6879,6.63232,-21.0146,41.8691,11.4618,25.7449,-10.7471,15.7867,
145.2,-11.545,6.52246,-21.0146,41.7758,11.4398,25.613,-11.6425,15.2649,
145.23,-11.4846,6.48401,-21.0146,41.6714,11.297,25.5306,-12.9883,14.787,
145.26,-11.4572,6.45654,-21.0037,41.4407,11.0608,25.2944,-14.4165,14.353,
145.29,-11.3693,6.40161,-21.0092,41.2209,10.7477,24.8989,-15.9656,13.8916,
145.32,-11.1825,6.33569,-21.0092,40.9847,10.517,24.5748,-17.5531,13.8916,
145.35,-10.9133,6.26428,-21.0037,40.7595,10.2313,24.3112,-17.5531,13.4906,
145.38,-10.776,6.23132,-21.0037,40.5288,10.2313,24.3112,-19.1736,13.1445,
145.41,-10.7375,6.21484,-21.0037,40.1937,9.90173,23.9816,-20.7611,12.6776,
145.44,-10.6167,6.19836,-21.0861,39.8641,9.54468,23.6135,-22.2443,12.2711,
145.47,-10.3915,6.18738,-21.1959,39.6444,9.29199,23.3663,-23.8318,11.9305,
145.5,-10.0948,6.14343,-21.2948,39.4851,9.16565,23.2455,-25.1447,11.6724,
145.53,-9.91907,6.11047,-21.3937,39.2983,9.00635,23.0807,-26.2762,11.4307,
145.56,-9.83667,6.0885,-21.4706,39.1061,8.79211,22.8719,-27.287,11.4307,
145.59,-9.80371,6.0885,-21.531,38.9303,8.64929,22.8719,-27.287,11.189,
145.62,-9.71033,6.09949,-21.6024,38.8149,8.64929,22.7291,-28.2593,11.0132,
145.65,-9.54553,6.07751,-21.6354,38.7435,8.61633,22.5808,-29.3799,10.8759,
145.68,-9.43018,6.05005,-21.6903,38.6556,8.44604,22.3391,-30.6104,10.6342,
145.71,-9.4082,6.03357,-21.7343,38.5513,8.22083,22.037,-32.4945,10.4034,
145.74,-9.4082,6.03357,-21.7617,38.4469,7.99011,21.7788,-34.7467,10.1837,
145.77,-9.39172,6.05005,-21.7837,38.3975,7.87476,21.5756,-37.0593,9.8761,
145.8,-9.28735,6.03906,-21.8276,38.359,7.78687,21.2515,-39.7015,9.8761,
145.83,-9.21594,6.01709,-21.8496,38.326,7.65503,21.2515,-39.7015,9.60144,
145.86,-9.19397,6.00061,-21.8661,38.2711,7.65503,20.8724,-42.3108,9.38171,
145.89,-9.19397,6.0061,-21.8771,38.2217,7.52319,20.4879,-44.986,9.0686,
145.92,-9.1665,6.0116,-21.8881,38.2052,7.31995,20.3561,-47.6337,8.75,
145.95,-9.11157,6.0061,-21.9155,38.1887,7.12219,20.1418,-50.2814,8.44238,
145.98,-9.09509,6.00061,-21.932,38.1613,6.90247,19.8232,-52.5446,8.23914,
146.01,-9.10059,6.0061,-21.943,38.1173,6.77612,19.4387,-54.5386,8.09631,
146.04,-9.09509,6.0061,-21.9485,38.1118,6.71021,19.175,-54.5386,8.09631,
146.07,-9.06213,6.00061,-21.954,38.1118,6.63879,19.175,-56.2524,7.96997,
146.1,-9.04565,5.98962,-21.9595,38.0953,6.63879,19.1036,-57.8125,7.79419,
146.13,-9.05115,5.99512,-21.9595,38.0624,6.52344,18.9938,-59.2792,7.64587,
146.16,-9.05664,6.0061,-21.965,38.0459,6.41907,18.8455,-60.9985,7.55798,
146.19,-9.05664,6.00061,-21.965,38.0459,6.38611,18.5818,-63.2782,7.49207,
146.22,-9.02917,5.98962,-21.9705,38.0459,6.24329,18.2797,-65.6567,7.4646,
146.25,-9.0127,5.98962,-21.976,38.0459,6.05652,17.983,-68.3429,7.36572,
146.28,-9.0072,5.99512,-21.976,38.0349,5.71594,17.7358,-68.3429,7.36572,
146.31,-9.01819,5.99512,-21.976,38.0239,5.4303,17.7358,-71.1554,7.29431,
146.34,-9.01819,5.99512,-21.9814,38.0239,5.4303,17.4667,-74.0778,7.25037,
146.37,-9.0127,5.99512,-21.9814,38.0239,5.23804,17.1426,-76.9232,7.20642,
146.4,-9.0072,5.98962,-21.9814,38.0239,5.07874,16.802,-79.939,7.19543,
146.43,-9.0072,5.98962,-21.9814,38.0184,4.80408,16.5054,-82.6581,7.17896,
146.46,-9.0072,5.98962,-21.9814,38.0184,4.51294,16.2966,-85.0311,7.146,
146.49,-9.0072,5.98962,-21.9869,38.0074,4.27124,16.1428,-87.1075,7.146,
146.52,-9.0072,5.99512,-21.9869,38.002,4.11743,16.0055,-87.1075,7.10754,
146.55,-9.0072,5.99512,-21.9869,38.0074,4.11743,16.0055,-88.8818,7.08008,
146.58,-9.00171,5.98962,-21.9869,38.0074,3.97461,15.8407,-90.2002,7.07458,
146.61,-9.00171,5.98962,-21.9869,38.0074,3.84827,15.6814,-91.2274,7.08008,
146.64,-9.00171,5.98962,-21.9869,38.002,3.70544,15.5825,-91.7987,7.06909,
146.67,-9.00171,5.99512,-21.9869,38.002,3.59009,15.4232,-92.1283,7.02515,
146.7,-9.00171,5.99512,-21.9869,38.002,3.38684,15.2255,-92.2656,7.01965,
146.73,-9.00171,5.98962,-21.9924,38.002,3.1781,15.0057,-92.1613,7.01965,
146.76,-9.00171,5.98962,-21.9924,37.9965,2.98035,14.808,-92.1613,7.03064,
146.79,-9.00171,5.98962,-21.9924,37.9965,2.98035,14.808,-91.8427,7.04163,
146.82,-9.00171,5.98962,-21.9924,37.9965,2.83752,14.7146,-91.4581,7.03064,
146.85,-8.99622,5.98962,-21.9924,37.9965,2.72217,14.5608,-90.9363,6.99219,
146.88,-8.99622,5.98962,-21.9924,37.9965,2.50793,14.3246,-90.3815,6.98669,
146.91,-8.99622,5.98962,-21.9924,37.9965,2.27173,14.0884,-89.9036,7.00317,
146.94,-8.99622,5.98962,-21.9924,37.9965,2.06299,13.8577,-89.4696,7.03064,
146.97,-8.99072,5.98962,-21.9924,37.8811,1.94763,13.7643,-89.129,7.03064,
147,-8.97974,5.98962,-21.9924,37.7603,1.8158,13.7643,-89.129,7.01416,
147.03,-8.97974,5.99512,-21.9924,37.6559,1.8158,13.7258,-88.7885,6.98669,
147.06,-8.91382,5.99512,-21.9924,37.4471,1.68396,13.616,-88.6731,6.98669,
147.09,-8.771,5.98962,-21.9924,37.2769,1.56311,13.5116,-88.6786,6.99219,
147.12,-8.65564,5.98962,-21.9924,37.1066,1.47522,13.3962,-89.129,7.12952,
147.15,-8.56775,5.98962,-21.9924,36.9637,1.43677,13.3413,-89.8212,7.25037,
147.18,-8.51282,5.98962,-21.9979,36.8319,1.44775,13.3193,-90.7166,7.34924,
147.21,-8.4469,5.98962,-21.9924,36.722,1.48621,13.2864,-90.7166,7.34924,
147.24,-8.38098,5.99512,-21.9924,36.6342,1.5686,13.2864,-91.7548,7.43713,
147.27,-8.31506,5.98962,-21.9924,36.5573,1.5686,13.2424,-92.9578,7.53052,
147.3,-8.27112,5.98962,-21.9924,36.4913,1.651,13.0941,-94.2487,7.58545,
147.33,-8.23267,5.98962,-21.9924,36.4199,1.71692,12.9073,-95.8087,7.65137,
147.36,-8.2052,5.99512,-21.9924,36.3595,1.73889,12.7426,-97.1271,7.71179,
147.39,-8.18872,5.98962,-21.9924,36.3156,1.76086,12.6382,-98.4125,7.75574,
147.42,-8.17773,5.98962,-21.9979,36.2716,1.82129,12.5723,-99.5386,7.75574,
147.45,-8.13928,5.99512,-21.9924,36.2332,1.86523,12.5063,-99.5386,7.77222,
147.48,-8.09534,5.99512,-21.9924,36.2112,1.87622,12.5063,-100.472,7.79968,
147.51,-8.08435,5.98962,-21.9924,36.1837,1.87622,12.424,-101.296,7.83813,
147.54,-8.08435,5.98962,-21.9924,36.1453,1.87622,12.3306,-102.115,7.87109,
147.57,-8.07886,5.99512,-21.9924,36.1233,1.88171,12.2811,-103.126,7.88757,
147.6,-8.05688,5.99512,-21.9924,36.1178,1.89819,12.2482,-104.246,7.89307,
147.63,-8.04041,5.98962,-21.9924,36.1013,1.92017,12.2317,-105.526,8.03589,
147.66,-8.04041,5.98962,-21.9924,36.0848,2.04102,12.1987,-106.883,8.03589,
147.69,-8.04041,5.99512,-21.9924,36.0684,2.18933,12.1548,-106.883,8.1842,
147.72,-8.03491,5.99512,-21.9924,36.0629,2.18933,12.1548,-108.476,8.30505,
147.75,-8.01843,5.98962,-21.9924,36.0574,2.34863,12.1163,-110.151,8.40393,
147.78,-8.01294,5.98962,-21.9924,36.0519,2.44751,12.1163,-111.838,8.61816,
147.81,-8.01294,5.99512,-21.9924,36.0354,2.51343,12.1053,-113.909,8.81042,
147.84,-8.01294,5.99512,-21.9924,36.0299,2.56836,12.0999,-115.776,8.99719,
147.87,-8.01294,5.98962,-21.9924,36.0244,2.62878,12.0834,-117.391,9.151,
147.9,-8.01294,5.98962,-21.9924,36.0244,2.81006,12.0724,-118.831,9.151,
147.93,-8.01294,5.98962,-21.9924,36.0189,2.98035,12.0669,-118.831,9.27185,
147.96,-8.00745,5.99512,-21.9924,36.0189,2.98035,12.0669,-119.984,9.37073,
147.99,-7.99646,5.98962,-21.9924,36.0189,3.12866,12.0669,-121.006,9.44763,
148.02,-7.99097,5.98962,-21.9924,36.0134,3.23853,12.0614,-121.896,9.54102,
148.05,-7.99646,5.98962,-21.9924,36.0024,3.34839,12.0449,-122.659,9.61243,
148.08,-7.99646,5.99512,-21.9924,36.0024,3.46375,12.0339,-123.291,9.65637,
148.11,-7.99646,5.98962,-21.9924,36.0024,3.55713,12.0339,-123.835,9.70581,
148.14,-7.99646,5.98962,-21.9924,36.0024,3.62305,12.0284,-124.285,9.70581,
148.17,-7.99646,5.98962,-21.9924,36.0024,3.78784,12.0284,-124.285,9.74976,
148.2,-8.05139,5.99512,-21.9924,36.0024,3.78784,12.0284,-124.692,9.78271,
148.23,-8.17773,5.98962,-21.9924,36.0958,3.96912,12.0229,-125.027,9.81567,
148.26,-8.32605,5.98962,-21.9979,36.2057,4.1394,12.0065,-125.312,9.97498,
148.29,-8.39197,5.98962,-21.9924,36.321,4.24377,12.0065,-125.56,10.1288,
148.32,-8.53479,5.99512,-21.9924,36.5408,4.32068,12.0065,-125.779,10.2606,
148.35,-8.75452,5.98962,-21.9979,36.7001,4.53491,12.001,-125.944,10.3815,
148.38,-8.96875,6.04456,-22.0034,36.8594,4.77661,11.9955,-126.071,10.3815,
148.41,-9.09509,6.18188,-22.0034,37.0187,4.98535,11.9955,-126.071,10.4474,
148.44,-9.16101,6.33569,-21.9924,37.145,4.98535,11.9955,-126.18,10.5243,
148.47,-9.28186,6.41809,-21.9924,37.2439,5.12268,11.9955,-126.285,10.5902,
148.5,-9.4137,6.45105,-21.9979,37.3373,5.23804,11.9955,-126.378,10.6506,
148.53,-9.47412,6.50598,-22.0034,37.4252,5.3479,11.9955,-126.45,10.6012,
148.56,-9.48511,6.59387,-21.9979,37.5186,5.36438,11.99,-126.521,10.5078,
148.59,-9.53455,6.66528,-21.9924,37.579,5.32593,11.99,-126.587,10.4309,
148.62,-9.62793,6.68726,-21.9979,37.6174,5.26001,12.001,-126.642,10.4309,
148.65,-9.71033,6.70923,-21.9979,37.6614,5.20508,12.001,-126.642,10.365,
148.68,-9.72681,6.75317,-21.9979,37.6284,5.20508,11.9955,-126.686,10.321,
148.71,-9.69385,6.79712,-21.9979,37.546,5.18311,11.9955,-126.647,10.2826,
148.74,-9.63342,6.75867,-21.9924,37.3483,5.15015,11.99,-126.477,10.1068,
148.77,-9.54553,6.6543,-22.1023,37.178,5.11719,11.9955,-126.175,9.93652,
148.8,-9.39172,6.53345,-22.2396,36.8978,5.1062,11.9955,-125.889,9.78271,
148.83,-9.19946,6.45105,-22.3385,36.6726,5.1062,12.001,-125.626,9.67834,
148.86,-9.0127,6.41809,-22.3879,36.4529,5.1062,11.9955,-125.378,9.67834,
148.89,-8.87537,6.39612,-22.4758,36.1398,5.07324,11.9955,-125.378,9.58496,
148.92,-8.7655,6.32471,-22.5582,35.8596,5.07324,11.9955,-125.181,9.50256,
148.95,-8.6886,6.26428,-22.6022,35.6289,5.05127,11.9955,-125.016,9.40918,
148.98,-8.58423,6.23132,-22.6626,35.4202,5.04578,11.9955,-124.725,9.35425,
149.01,-8.47986,6.22034,-22.6956,35.2389,5.04578,11.9955,-124.478,9.29382,
149.04,-8.41943,6.18738,-22.7285,35.0686,5.04578,11.9955,-124.126,9.26086,
149.07,-8.39197,6.14893,-22.7834,34.9368,5.01831,11.9955,-123.807,9.22791,
149.1,-8.34802,6.13245,-22.8109,34.8104,5.00732,11.9955,-123.807,9.22791,
149.13,-8.29858,6.12695,-22.8219,34.7061,5.00732,11.9955,-123.417,9.18396,
149.16,-8.24365,6.11597,-22.8384,34.6072,5.00732,12.0834,-123.06,9.16748,
149.19,-8.22168,6.15442,-22.8658,34.5358,5.00732,12.2042,-122.626,9.14001,
149.22,-8.19971,6.23682,-22.8878,34.5522,4.90845,12.369,-122.088,9.11255,
149.25,-8.17224,6.37964,-22.8988,34.6017,4.75464,12.4789,-121.511,9.09058,
149.28,-8.1283,6.47852,-22.9098,34.761,4.63928,12.5503,-121.011,9.0686,
149.31,-8.11731,6.52795,-22.8274,34.9258,4.5459,12.5942,-120.561,9.0686,
149.34,-8.07886,6.54993,-22.7395,35.0851,4.47998,12.6272,-120.561,9.06311,
149.37,-8.06787,6.59937,-22.6406,35.3048,4.47998,12.6272,-120.193,9.06311,
149.4,-8.06787,6.68726,-22.5472,35.519,4.39758,12.6876,-119.874,9.04663,
149.43,-8.06238,6.81909,-22.3605,35.7113,4.33167,12.7645,-119.594,9.03564,
149.46,-8.05139,6.96191,-22.1957,36.0024,4.27673,12.814,-119.226,9.02466,
149.49,-8.0459,7.1377,-22.0254,36.2496,4.24377,12.825,-118.759,9.02466,
149.52,-8.03491,7.25854,-21.9045,36.4639,4.21082,12.825,-118.364,9.02466,
149.55,-8.03491,7.31897,-21.7892,36.6561,4.16687,12.8359,-117.875,9.02466,
149.58,-8.03491,7.37939,-21.6958,36.8374,4.1394,12.8359,-117.875,9.02466,
149.61,-8.02942,7.46729,-21.5859,36.9912,4.1394,12.9019,-117.188,9.01917,
149.64,-8.01843,7.56067,-21.5035,37.1066,4.00757,12.9293,-116.452,9.00269,
149.67,-7.94702,7.62109,-21.4596,37.3208,3.86475,12.9348,-115.65,9.00269,
149.7,-7.82068,7.65405,-21.3882,37.6669,3.71094,12.9403,-114.683,9.00818,
149.73,-7.67786,7.76392,-21.2344,38.1008,3.59558,12.9403,-113.727,9.01367,
149.76,-7.57898,7.9342,-21.0806,38.5787,3.54065,12.9403,-112.903,9.00818,
149.79,-7.51306,8.13196,-20.9213,39.1171,3.48572,12.9623,-112.903,9.00818,
149.82,-7.38123,8.33521,-20.707,39.8202,3.37585,12.9623,-112.173,8.99719,
149.85,-7.17798,8.52197,-20.4873,40.6442,3.37585,12.9843,-111.563,8.99719,
149.88,-6.98022,8.79114,-20.1797,41.4626,3.28796,12.9843,-111.058,9.00269,
149.91,-6.85938,9.11523,-19.894,42.2646,3.27148,12.9843,-110.613,9.00269,
149.94,-6.78796,9.41736,-19.6414,43.0831,3.26599,12.9843,-110.212,8.99719,
149.97,-6.6781,9.60962,-19.4271,43.984,3.18359,12.9843,-109.893,8.99719,
150,-6.55176,9.73047,-19.2568,44.786,3.13965,12.9897,-109.761,8.99719,
150.03,-6.48035,9.8678,-19.0975,45.4562,3.13416,12.9897,-109.761,8.99719,
150.06,-6.44739,10.0546,-18.9492,46.0165,3.13965,12.9897,-109.641,8.99719,
150.09,-6.32104,10.2139,-18.8229,46.5109,3.13965,12.9897,-109.553,8.99719,
150.12,-6.1123,10.2908,-18.713,46.9888,3.1012,12.9897,-109.47,8.99719,
150.15,-5.94202,10.4281,-18.6471,47.4008,3.07922,12.9952,-109.509,8.99719,
150.18,-5.85962,10.6313,-18.4438,47.7084,3.08472,13.0007,-109.58,8.9917,
150.21,-5.67834,10.8895,-18.2516,48.0654,3.07373,13.0007,-109.635,8.99719,
150.24,-5.42566,11.0763,-18.0648,48.4829,3.02979,13.0007,-109.701,8.99719,
150.27,-5.10156,11.1312,-17.944,48.8235,3.02429,13.0062,-109.701,8.99719,
150.3,-4.85986,11.274,-17.8726,49.219,3.02429,13.0062,-109.734,8.9917,
150.33,-4.55225,11.5322,-17.7352,49.5486,3.02979,13.0062,-109.767,8.9917,
150.36,-4.1842,11.8179,-17.4825,49.9935,3.02979,13.0007,-109.805,8.99719,
150.39,-3.7832,11.9607,-17.2903,50.3781,3.00232,13.0062,-109.838,8.99719,
150.42,-3.44263,12.0211,-17.1584,50.845,3.00232,13.0117,-109.86,8.9917,
150.45,-3.12952,12.1145,-17.0101,51.257,3.01331,13.0117,-110.031,8.9917,
150.48,-2.75598,12.2793,-16.8728,51.5811,3.01331,13.0062,-110.162,8.9917,
150.51,-2.37695,12.4166,-16.7245,51.9052,3.00781,13.0117,-110.162,8.99719,
150.54,-2.05286,12.4771,-16.6531,52.1798,3.00781,13.0117,-110.289,8.9917,
150.57,-1.81116,12.4825,-16.5927,52.4105,3.00781,13.0117,-110.388,8.98621,
150.6,-1.59692,12.5594,-16.4993,52.6138,3.01331,13.0117,-110.613,8.9917,
150.63,-1.38269,12.7462,-16.4498,52.7841,3.00781,13.0062,-110.822,8.99719,
150.66,-1.22888,12.922,-16.3674,53.0477,3.00232,13.0062,-111.14,8.99719,
150.69,-0.981689,13.0538,-16.2191,53.2839,2.99683,13.0117,-111.398,8.9917,
150.72,-0.674072,13.1527,-16.0543,53.5586,2.99683,13.0117,-111.635,8.9917,
150.75,-0.432373,13.2791,-15.906,53.8442,3.00232,13.0117,-111.635,8.9917,
150.78,-0.20166,13.3834,-15.8126,54.0804,3.00232,13.0062,-111.832,8.9917,
150.81,0.072998,13.4329,-15.5819,54.476,2.99683,13.0062,-111.992,8.99719,
150.84,0.463013,13.4988,-15.3842,54.7891,2.99133,13.0062,-112.145,8.9917,
150.87,0.825562,13.5922,-15.1754,55.2175,3.00232,13.0117,-112.277,8.9917,
150.9,1.20459,13.6526,-15.0436,55.5361,3.00232,13.0062,-112.393,8.9917,
150.93,1.56165,13.6746,-14.9117,55.8877,3.00232,13.0062,-112.48,8.99719,
150.96,1.91321,13.702,-14.7909,56.1569,2.99683,13.0062,-112.48,8.99719,
150.99,2.18237,13.7679,-14.681,56.3876,2.99683,13.0062,-112.557,8.9917,
151.02,2.4021,13.8009,-14.5876,56.5853,2.99683,13.0062,-112.75,8.9917,
151.05,2.59985,13.8064,-14.5272,56.7776,2.99683,13.0062,-112.931,8.9917,
151.08,2.79211,13.8174,-14.4613,56.9369,2.99133,13.0062,-113.09,8.99719,
151.11,2.92395,13.8503,-14.28,57.1731,2.88147,13.0062,-113.228,8.9917,
151.14,3.06128,13.8888,-14.1097,57.4203,2.74963,13.0062,-113.337,8.9917,
151.17,3.29199,13.8943,-13.9724,57.6071,2.62329,13.0062,-113.431,8.9917,
151.2,3.52271,13.9108,-13.8351,57.9092,2.52991,13.0062,-113.431,8.9917,
151.23,3.73145,13.9327,-13.7252,58.1948,2.52991,13.0062,-113.513,8.9917,
151.26,3.97314,13.9382,-13.6373,58.4146,2.48047,13.0062,-113.579,8.9917,
151.29,4.21484,13.9327,-13.4561,58.7277,2.42554,13.0062,-113.645,8.9917,
151.32,4.58838,13.9437,-13.2638,59.0133,2.33765,13.0062,-113.865,8.9917,
151.35,4.92896,13.9712,-13.0605,59.4198,2.26624,13.0062,-114.019,8.9917,
151.38,5.20911,13.9767,-12.9342,59.7219,2.23328,13.0062,-114.288,8.9917,
151.41,5.41235,13.9712,-12.8353,60.035,2.2113,13.0062,-114.705,8.9917,
151.44,5.67603,13.9657,-12.731,60.2603,2.24426,13.0062,-114.705,8.9917,
151.47,6.02209,13.9767,-12.6211,60.4965,2.24426,13.0062,-115.156,9.10706,
151.5,6.30774,13.9822,-12.5277,60.7272,2.33215,13.0062,-115.848,9.23889,
151.53,6.48352,13.9767,-12.4563,60.859,2.4585,13.0062,-116.589,9.34875,
151.56,6.65381,13.9767,-12.4233,60.9799,2.57385,13.0007,-117.798,9.43115,
151.59,6.86804,13.9822,-12.3354,61.2545,2.72217,13.0007,-118.962,9.53003,
151.62,7.01086,13.9932,-12.1871,61.4797,2.89795,13.0062,-120.143,9.72229,
151.65,7.09326,13.9932,-12.0553,61.6555,3.0957,13.0062,-121.132,9.72229,
151.68,7.28003,13.9877,-11.9235,61.9247,3.24402,13.0062,-121.132,9.89807,
151.71,7.59863,13.9053,-11.6543,62.3477,3.24402,13.0007,-122,10.0684,
151.74,7.91724,13.8009,-11.451,62.6992,3.32642,13.0062,-122.731,10.2112,
151.77,8.16443,13.6801,-11.1599,63.0782,3.40332,13.0062,-123.368,10.332,
151.8,8.36218,13.5977,-10.8853,63.5671,3.50769,13.0007,-123.901,10.4199,
151.83,8.68628,13.5098,-10.6326,64.0231,3.58459,13.0007,-124.362,10.5023,
151.86,9.06531,13.4438,-10.4183,64.5504,3.63403,13.0062,-124.357,10.5737,
151.89,9.28503,13.3944,-10.1217,64.9899,3.67249,13.0062,-124.357,10.5737,
151.92,9.4718,13.334,-9.85254,65.3524,3.71094,13.0062,-123.758,10.6342,
151.95,9.68054,13.29,-9.61084,65.693,3.71094,13.0941,-122.533,10.7056,
151.98,9.88928,13.2516,-9.39661,66.0226,3.68896,13.215,-120.731,10.733,
152.01,10.0101,13.2241,-9.20984,66.2698,3.60107,13.3798,-117.518,10.766,
152.04,10.076,13.2021,-9.06702,66.5664,3.4967,13.594,-113.936,10.799,
152.07,10.1859,13.1637,-8.94067,66.8905,3.40881,13.8082,-109.992,10.8374,
152.1,10.3782,13.1362,-8.79236,67.3025,3.27148,13.9675,-106.015,10.8374,
152.13,10.4661,13.1362,-8.68799,67.8628,3.1012,14.2202,-106.015,10.8594,
152.16,10.4935,13.1088,-8.61658,68.511,3.1012,14.2202,-102.296,10.8978,
152.19,10.5375,13.0868,-8.52869,69.3295,2.88147,14.5004,-98.6761,10.9033,
152.22,10.5979,13.0923,-8.44629,70.2853,2.72766,14.764,-95.3088,10.9033,
152.25,10.6638,13.0813,-8.40234,71.4004,2.65625,14.9508,-92.5238,10.9033,
152.28,10.7242,13.0538,-8.36389,72.51,2.56836,15.0936,-90.2057,10.9253,
152.31,10.7407,13.0428,-8.30896,73.691,2.48596,15.1925,-88.4259,10.9637,
152.34,10.7517,13.0428,-8.27051,74.8831,2.38159,15.2859,-87.3273,10.9637,
152.37,10.8066,13.0374,-8.23206,76.0476,2.39807,15.4232,-87.3273,10.9637,
152.4,10.8451,13.0374,-8.18262,77.0803,2.39807,15.4232,-86.7999,10.9637,
152.43,10.8781,13.0374,-8.16614,77.9702,2.49146,15.4397,-86.8988,10.9473,
152.46,10.889,13.0264,-8.15515,78.7338,2.59583,15.4122,-87.5909,10.9528,
152.49,10.9,13.0264,-8.13318,79.4149,2.78259,15.3024,-89.4916,10.9747,
152.52,10.922,13.0209,-8.11121,80.0082,2.94739,15.2035,-91.6669,10.9967,
152.55,10.922,13.0099,-7.99036,80.6289,3.10669,15.1815,-94.1278,10.9912,
152.58,10.9385,13.0154,-7.84753,81.2002,3.3429,15.198,-96.748,10.9912,
152.61,10.9714,13.0154,-7.73767,81.799,3.59558,15.198,-96.748,10.9802,
152.64,11.0209,13.0044,-7.56738,82.4362,3.59558,15.187,-99.2969,10.9802,
152.67,11.2076,12.9989,-7.32568,83.1503,3.80432,15.1705,-101.692,10.9802,
152.7,11.345,13.0044,-7.03455,83.9193,3.99658,15.0112,-103.961,10.9802,
152.73,11.4054,13.0044,-6.79285,84.551,4.12842,14.8354,-105.834,10.9967,
152.76,11.4438,12.9989,-6.43579,85.1168,4.22729,14.6981,-107.317,10.9967,
152.79,11.6086,13.0044,-6.11719,85.6002,4.32617,14.6212,-108.448,10.9912,
152.82,11.8723,12.9989,-5.72717,86.0891,4.45801,14.5608,-108.448,10.9912,
152.85,12.0481,13.0044,-5.35364,86.4572,4.55688,14.5608,-109.146,10.9857,
152.88,12.1195,13.0044,-5.05701,86.7593,4.55688,14.4619,-109.443,10.9857,
152.91,12.1909,12.9989,-4.80981,87.0449,4.60632,14.385,-109.294,10.8813,
152.94,12.3173,12.9989,-4.55713,87.3031,4.57336,14.3136,-108.729,10.7605,
152.97,12.4381,12.9989,-4.34839,87.5338,4.49646,14.2861,-107.245,10.6396,
153,12.515,12.9989,-4.18359,87.7041,4.41956,14.2697,-105.383,10.5353,
153.03,12.5645,12.9989,-4.02429,87.8579,4.35364,14.2202,-103.29,10.4584,
153.06,12.6359,12.9934,-3.79907,88.0282,4.3042,14.1653,-101.241,10.4584,
153.09,12.6963,12.9934,-3.54089,88.1545,4.26575,14.1653,-101.241,10.2771,
153.12,12.7292,12.9934,-3.34863,88.2479,4.26575,14.1104,-99.1595,10.0903,
153.15,12.7347,12.9769,-3.07947,88.3413,4.10645,14.1104,-97.2205,9.91455,
153.18,12.7677,12.9879,-2.77185,88.4292,3.93066,14.1158,-95.4572,9.76624,
153.21,12.8885,12.9879,-2.44226,88.4841,3.76587,14.1158,-93.9136,9.66187,
153.24,13.0479,12.9934,-2.11267,88.572,3.6615,14.0939,-92.7271,9.57397,
153.27,13.1907,12.9879,-1.72815,88.627,3.67249,14.0664,-91.8921,9.57397,
153.3,13.3115,12.9879,-1.37659,88.6654,3.72742,14.0554,-91.8921,9.49158,
153.33,13.4104,12.9879,-1.06897,88.7258,3.72742,14.0554,-91.3043,9.40918,
153.36,13.4818,13.0538,-0.821777,88.7533,3.75488,14.0554,-91.0901,9.34326,
153.39,13.5148,13.2021,-0.563599,88.7753,3.77136,14.0554,-91.2988,9.28833,
153.42,13.5862,13.3175,-0.354858,88.8082,3.80432,14.0444,-92.3865,9.24988,
153.45,13.6466,13.3779,-0.195557,88.8467,3.83728,14.0225,-93.7543,9.21692,
153.48,13.6796,13.4493,-0.041748,88.8522,3.87024,14.017,-95.3583,9.17847,
153.51,13.707,13.5317,0.216431,88.8687,3.88123,14.0225,-97.149,9.17847,
153.54,13.8553,13.5922,0.452637,88.8741,3.99658,14.0225,-97.149,9.25537,
153.57,14.0256,13.6581,0.655884,88.9126,3.99658,14.0225,-99.0387,9.36523,
153.6,14.2454,13.6746,0.936035,88.9181,4.15588,14.017,-100.945,9.45312,
153.63,14.4706,13.724,1.21069,88.9181,4.31519,14.006,-102.67,9.54102,
153.66,14.7672,13.7625,1.54578,88.9291,4.41406,14.0005,-104.164,9.60693,
153.69,15.0858,13.7844,2.00171,88.9565,4.4635,14.006,-105.482,9.65637,
153.72,15.4154,13.8339,2.39172,88.951,4.52393,14.006,-106.575,9.7113,
153.75,15.778,13.8394,2.82568,88.962,4.61182,14.006,-107.509,9.7113,
153.78,16.0801,13.8613,3.25415,88.9675,4.69971,14.006,-107.509,9.74976,
153.81,16.4042,13.9657,3.57825,88.9565,4.69971,14.0005,-108.322,9.78271,
153.84,16.7612,14.114,3.91333,88.9785,4.72717,14.006,-109.009,9.81567,
153.87,17.1018,14.2568,4.20447,88.9785,4.73267,14.006,-109.608,9.73328,
153.9,17.3215,14.3392,4.41321,88.9785,4.72168,14.006,-110.25,9.61792,
153.93,17.5193,14.3832,4.60547,88.9785,4.65576,14.006,-110.772,9.53003,
153.96,17.728,14.493,4.80872,88.9785,4.53491,13.9236,-111.382,9.45312,
153.99,17.9203,14.5754,4.97351,88.984,4.41956,13.7698,-111.382,9.45312,
154.02,18.0302,14.6139,5.08337,88.984,4.36462,13.7698,-111.915,9.38721,
154.05,18.1455,14.6304,5.30859,88.9895,4.36462,13.6434,-112.519,9.33777,
154.08,18.2773,14.7018,5.5448,88.984,4.34265,13.5171,-112.991,9.28284,
154.11,18.3762,14.7457,5.73157,88.9895,4.29321,13.4567,-113.436,9.24438,
154.14,18.4421,14.7567,5.87988,88.984,4.2218,13.4182,-113.832,9.19495,
154.17,18.5081,14.7897,6.03918,88.984,4.16687,13.3743,-114.145,9.16748,
154.2,18.5959,14.8171,6.27539,88.9895,4.16138,13.2974,-114.409,9.16748,
154.23,18.6454,14.8446,6.49512,88.9895,4.16138,13.2479,-114.409,9.14551,
154.26,18.6674,14.8666,6.68738,88.9895,4.13391,13.2479,-114.793,9.13452,
154.29,18.7003,14.8721,6.86865,88.9895,4.13391,13.1875,-115.101,9.11255,
154.32,18.8322,14.894,7.00598,88.984,4.10095,13.1875,-115.54,9.08508,
154.35,19.0299,14.927,7.14331,89.0005,4.08447,13.1765,-116.183,9.17297,
154.38,19.1727,14.938,7.25867,89.0005,4.08447,13.1545,-116.996,9.28833,
154.41,19.2332,14.9325,7.34106,88.995,4.08447,13.1271,-117.869,9.39819,
154.44,19.343,14.9325,7.42896,88.995,4.05701,13.0886,-118.891,9.39819,
154.47,19.4364,15.0369,7.50037,89.0005,4.08997,13.0667,-118.891,9.50256,
154.5,19.4913,15.1907,7.58276,88.9895,4.08997,13.0667,-119.935,9.57947,
154.53,19.5792,15.2786,7.6322,88.995,4.22729,13.0667,-120.951,9.62341,
154.56,19.6451,15.3555,7.66516,88.995,4.37012,13.0667,-121.819,9.79919,
154.59,19.6616,15.4489,7.81348,88.995,4.47998,13.0667,-122.593,9.97498,
154.62,19.7275,15.5148,7.97827,88.995,4.52942,13.0502,-123.253,10.1288,
154.65,19.766,15.5972,8.11011,88.995,4.56238,13.0282,-123.802,10.2716,
154.68,19.8484,15.6356,8.23096,88.984,4.65027,13.0227,-124.263,10.2716,
154.71,20.0461,15.6851,8.32983,88.995,4.73816,13.0227,-124.263,10.3705,
154.74,20.2109,15.74,8.4342,89.0005,4.73816,13.0227,-124.664,10.4474,
154.77,20.2659,15.7729,8.50012,88.995,4.7876,13.0282,-125.01,10.5243,
154.8,20.3373,15.7784,8.54956,88.995,4.79309,13.0227,-125.307,10.6012,
154.83,20.4691,15.8169,8.61548,88.995,4.73267,13.0227,-125.543,10.6616,
154.86,20.5515,15.8499,8.66492,89.0005,4.64478,13.0172,-125.768,10.7166,
154.89,20.579,15.8553,8.69788,88.995,4.52942,13.0172,-125.939,10.755,
154.92,20.6229,15.8663,8.74731,88.995,4.41956,13.0172,-125.939,10.755,
154.95,20.6998,15.8883,8.77478,88.995,4.36462,13.0172,-126.076,10.788,
154.98,20.7383,15.8938,8.90662,89.0005,4.36462,13.0172,-126.18,10.8154,
155.01,20.7603,15.9103,9.06592,88.995,4.34265,13.0117,-126.279,10.8429,
155.04,20.7932,15.9213,9.19226,88.995,4.28772,13.0117,-126.373,10.8649,
155.07,20.8097,16.0146,9.28564,88.995,4.22729,13.0117,-126.45,10.8868,
155.1,20.7932,16.1794,9.50537,88.995,4.20532,13.0117,-126.526,10.8978,
155.13,20.7383,16.2893,9.7196,88.995,4.18884,13.0117,-126.587,10.8978,
155.16,20.6284,16.3662,9.86243,88.995,4.15588,13.0117,-126.587,10.9088,
155.19,20.557,16.4321,10.0107,88.995,4.15588,13.0117,-126.636,10.9253,
155.22,20.524,16.531,10.1536,88.995,4.12292,13.0117,-126.686,10.9363,
155.25,20.4746,16.5804,10.2579,88.995,4.11194,13.0117,-126.719,10.9418,
155.28,20.4087,16.6134,10.3403,88.995,4.10095,13.0117,-126.763,10.9528,
155.31,20.3373,16.6683,10.4392,88.995,4.06799,13.0117,-126.79,10.9583,
155.34,20.2878,16.7123,10.5161,88.995,4.11194,13.0117,-126.823,10.9747,
155.37,20.2494,16.7452,10.571,88.995,4.24927,13.0117,-126.84,10.9747,
155.4,20.2109,16.7837,10.6315,88.995,4.39758,13.0062,-126.84,11.1011,
155.43,20.178,16.8002,10.6699,88.995,4.39758,13.0062,-126.856,11.2219,
155.46,20.145,16.8331,10.7249,88.995,4.57336,13.0117,-126.873,11.3538,
155.49,20.1285,16.8606,10.7633,88.995,4.76562,13.0007,-126.889,11.4526,
155.52,20.123,16.8716,10.7853,88.995,4.99634,12.9952,-126.9,11.5186,
155.55,20.1011,16.8771,10.8182,88.995,5.16113,12.9952,-126.911,11.579,
155.58,20.0901,16.9045,10.8512,88.995,5.25452,13.0007,-126.922,11.6339,
155.61,20.0846,16.921,10.8732,88.995,5.34241,13.0007,-126.933,11.6339,
155.64,20.0736,16.9265,10.8787,88.995,5.45776,13.0007,-126.933,11.7053,
155.67,20.0626,16.9265,10.8896,88.995,5.45776,12.9952,-126.938,11.7438,
155.7,20.0626,16.9375,10.9061,88.995,5.54565,12.9952,-126.944,11.7822,
155.73,20.0571,16.9485,10.9226,88.995,5.5896,12.9952,-126.955,11.8152,
155.76,20.0461,16.9485,10.9281,88.995,5.55664,13.0886,-126.307,11.8427,
155.79,20.0406,16.954,10.9446,88.995,5.46326,13.2314,-124.785,11.7603,
155.82,20.0352,16.9595,10.9556,88.995,5.28198,13.3413,-122.407,11.6394,
155.85,20.0352,16.965,10.9611,88.995,5.10071,13.4402,-122.407,11.6394,
155.88,20.0297,16.9705,10.972,88.995,4.93042,13.4402,-119.457,11.5515,
155.91,20.0242,16.976,10.9775,88.995,4.93042,13.5281,-115.991,11.4691,
155.94,20.0187,16.9814,10.9775,88.995,4.66675,13.6984,-112.079,11.2714,
155.97,20.0187,16.9814,10.983,88.995,4.43054,13.8851,-107.646,11.0846,
156,20.0187,16.9814,10.9885,88.995,4.21082,14.0884,-103.29,10.9088,
156.03,20.0132,16.9869,10.9885,88.995,4.03503,14.2422,-99.5001,10.766,
156.06,20.0132,16.9869,10.9885,88.995,3.78235,14.3521,-96.0065,10.766,
156.09,20.0132,16.9869,10.9885,88.995,3.50769,14.4125,-96.0065,10.6561,
156.12,20.0132,16.9869,10.994,88.995,3.50769,14.4125,-93.0511,10.5737,
156.15,20.0077,16.9924,10.9995,88.995,3.34839,14.4784,-90.5847,10.5023,
156.18,20.0077,16.9869,11.0984,88.995,3.30994,14.5992,-88.3215,10.6506,
156.21,20.0352,16.9924,11.2412,88.9895,3.29346,14.6816,-85.4871,10.9692,
156.24,20.1395,16.9924,11.3346,88.9895,3.42529,14.8464,-82.4384,11.557,
156.27,20.2659,16.9979,11.417,88.995,3.71094,14.9618,-78.9832,12.3151,
156.3,20.3538,16.9979,11.4994,88.9895,4.1394,15.2529,-75.0171,12.3151,
156.33,20.5295,16.976,11.5378,88.984,4.55139,15.2529,-75.0171,13.4357,
156.36,20.7603,16.9979,11.6147,88.9895,4.55139,15.6375,-70.7599,14.6606,
156.39,20.9305,16.943,11.6917,88.995,5.00732,15.9945,-66.2225,15.9955,
156.42,21.1118,16.7837,11.7136,88.984,5.5072,16.3625,-61.5204,17.6544,
156.45,21.381,16.6903,11.7466,88.9895,6.22681,16.6921,-56.3953,19.3463,
156.48,21.6776,16.6079,11.796,88.995,6.96289,16.9723,-51.4679,20.9229,
156.51,21.8204,16.5255,11.818,88.9895,7.57263,17.2579,-46.9525,22.2742,
156.54,21.9413,16.4321,11.829,88.9895,8.04504,17.6809,-46.9525,22.2742,
156.57,22.1006,16.3992,11.8564,88.9895,8.4021,17.6809,-43.0579,23.5046,
156.6,22.2214,16.3772,11.9114,88.9895,8.4021,18.0819,-39.6136,24.5374,
156.63,22.3148,16.3168,11.9169,88.9895,8.8031,18.3785,-36.7682,25.5096,
156.66,22.4082,16.2344,11.9938,88.9895,9.16016,18.5653,-34.4226,26.4655,
156.69,22.4741,16.2124,12.1476,88.9895,9.40186,18.7081,-32.3462,27.4158,
156.72,22.5181,16.2069,12.2684,88.9895,9.65454,18.9388,-30.5774,28.4265,
156.75,22.6005,16.174,12.3618,88.9895,10.127,19.1641,-28.847,28.4265,
156.78,22.6169,16.1575,12.4332,88.9895,10.6708,19.2794,-28.847,29.679,
156.81,22.5895,16.1135,12.4827,88.9895,11.0938,19.2794,-27.2705,31.0632,
156.84,22.4961,16.1025,12.5706,88.9895,11.0938,19.3948,-25.661,32.442,
156.87,22.3917,16.163,12.7408,88.995,11.5167,19.6475,-24.1394,34.0735,
156.9,22.2654,16.2783,12.9276,88.995,12.1155,19.9441,-22.464,35.9576,
156.93,22.0841,16.3827,13.0485,88.9895,12.7472,20.2078,-20.9698,37.8802,
156.96,21.9578,16.4266,13.1583,88.9895,13.1976,20.411,-19.5636,39.5941,
156.99,21.8644,16.5255,13.2957,88.9895,13.5547,20.6362,-18.2947,39.5941,
157.02,21.7161,16.6024,13.4,88.9895,13.9557,20.8779,-18.2947,41.1432,
157.05,21.5787,16.6299,13.4604,88.9895,13.9557,20.8779,-17.218,42.4341,
157.08,21.5183,16.6738,13.5319,88.9895,14.2743,21.0537,-16.2897,43.5712,
157.11,21.4744,16.7343,13.6033,88.9895,14.505,21.1306,-15.5261,44.6204,
157.14,21.4084,16.7562,13.6472,88.9895,14.6643,21.2185,-14.7461,45.6805,
157.17,21.359,16.7782,13.6857,88.9895,14.8676,21.3998,-14.043,46.8671,
157.2,21.326,16.8112,13.7406,88.9895,15.0543,21.5206,-13.2959,48.2019,
157.23,21.326,16.8276,13.7571,88.9895,15.1477,21.658,-12.5818,48.2019,
157.26,21.4084,16.7727,13.7845,88.9895,15.2301,21.658,-12.5818,49.5917,
157.29,21.4963,16.6793,13.8285,88.995,15.2301,21.8557,-11.7853,51.2231,
157.32,21.5513,16.5859,13.7791,88.9895,15.307,22.0974,-10.9064,52.948,
157.35,21.6831,16.498,13.6637,88.9895,15.274,22.2402,-10.0385,55.0354,
157.38,21.8864,16.4541,13.5923,88.9895,15.2026,22.3611,-9.09912,57.381,
157.41,22.0731,16.3827,13.5044,88.995,15.2081,22.6412,-8.19275,59.5398,
157.44,22.161,16.3333,13.4604,88.9895,15.2081,22.9489,-7.24243,61.4844,
157.47,22.3258,16.3168,13.411,88.984,15.1862,23.0972,-7.24243,61.4844,
157.5,22.595,16.2728,13.3616,88.995,15.1807,23.0972,-6.50085,63.2861,
157.53,22.8092,16.2069,13.2902,88.995,15.1807,23.1356,-5.86914,64.9121,
157.56,22.9081,16.1849,13.2627,88.9895,15.1532,23.2784,-5.29236,66.1975,
157.59,23.0564,16.1794,13.2517,88.9895,15.1038,23.4707,-4.79248,67.4774,
157.62,23.1992,16.152,13.2133,88.995,15.0928,23.6135,-4.27612,68.7244,
157.65,23.2761,16.1135,13.1528,88.995,14.9554,23.8223,-3.77625,70.0317,
157.68,23.353,16.1025,13.1473,88.9895,14.6423,24.0585,-3.23242,70.0317,
157.71,23.4464,16.108,13.1473,88.9895,14.3842,24.1519,-3.23242,71.4709,
157.74,23.5343,16.0916,13.1199,88.995,14.3842,24.1519,-2.64465,73.1244,
157.77,23.6057,16.0531,13.1034,88.995,14.0765,24.3661,-2.00745,75.014,
157.8,23.6332,16.0586,13.0924,88.995,13.67,24.6847,-1.22742,76.7444,
157.83,23.6716,16.0641,12.9825,88.9895,13.2416,24.8715,-0.332031,78.233,
157.86,23.7375,16.0366,12.8177,88.995,12.6923,25.1077,0.519409,79.5679,
157.89,23.7925,16.0256,12.7408,88.995,12.11,25.4043,1.35437,80.5951,
157.92,23.798,16.0586,12.5706,88.9895,11.6431,25.6735,2.13989,80.5951,
157.95,23.8199,16.0366,12.3069,88.9895,11.33,25.8328,2.13989,81.5289,
157.98,23.8364,16.0092,12.1311,88.9895,10.8466,25.8328,2.82654,82.3145,
158.01,23.8474,16.0201,11.9114,88.9895,10.8466,25.9976,3.43628,83.0121,
158.04,23.8529,16.0201,11.6422,88.995,10.3687,26.1569,3.9856,83.5559,
158.07,23.8639,16.0696,11.417,88.9895,10.0555,26.2722,4.39758,84.0997,
158.1,23.8859,16.2014,11.2357,88.9895,9.73694,26.481,4.89746,84.5062,
158.13,23.9188,16.3168,11.0929,88.995,9.4458,26.7556,5.52368,84.8578,
158.16,23.9188,16.4156,10.9556,88.9895,9.17664,26.9534,6.02356,84.8578,
158.19,23.9298,16.4596,10.8237,88.9895,8.81958,27.1456,6.02356,85.2094,
158.22,23.9298,16.531,10.7084,88.9895,8.41858,27.1456,6.67175,85.4181,
158.25,23.9353,16.6189,10.6425,88.9895,8.41858,27.4587,7.46826,85.6598,
158.28,23.9353,16.6628,10.5491,88.9895,7.98462,27.7334,8.29773,85.9015,
158.31,23.9408,16.6848,10.4777,88.9895,7.50122,27.9751,9.18213,86.0004,
158.34,23.9518,16.7343,10.4172,88.9895,6.99036,28.2717,10.1984,86.1652,
158.37,23.9518,16.7892,10.3843,88.9895,6.47949,28.7167,11.2201,86.319,
158.4,23.9573,16.8057,10.3293,88.9895,5.94116,29.0408,12.066,86.319,
158.43,23.9573,16.8331,10.2854,88.9895,5.49072,29.2935,12.066,86.3794,
158.46,23.9628,16.8386,10.2415,88.9895,5.49072,29.2935,12.7472,86.4838,
158.49,23.9738,16.8496,10.203,88.9895,5.12817,29.5352,13.5272,86.5607,
158.52,23.9738,16.8826,10.1865,88.9895,4.82605,29.7878,14.2029,86.6101,
158.55,23.9847,16.899,10.1646,88.9895,4.55139,29.9417,14.7467,86.6595,
158.58,24.0012,16.8936,10.1261,88.995,4.17236,30.0735,15.3235,86.731,
158.61,24.0012,16.91,10.1206,88.9895,3.85376,30.2218,15.9113,86.7419,
158.64,24.0012,16.9375,10.1151,88.995,3.47473,30.3427,16.6034,86.7419,
158.67,24.0122,16.9375,10.0876,88.995,3.11218,30.3427,16.6034,86.8188,
158.7,24.0122,16.943,10.0876,88.9895,3.11218,30.4086,17.3615,86.8134,
158.73,24.0122,16.954,10.0767,88.995,2.65076,30.5953,18.2898,86.8353,
158.76,24.0122,16.965,10.0712,88.9895,2.17285,30.87,19.3005,86.8738,
158.79,24.0122,16.9814,10.0712,88.9895,1.70593,31.0018,20.498,86.8903,
158.82,24.0122,16.976,10.0492,88.995,1.1676,31.238,21.734,86.9012,
158.85,24.0122,16.976,10.0437,88.9895,0.579834,31.5457,22.9865,86.9287,
158.88,24.0122,16.9814,10.0437,88.995,0.0524902,31.7709,22.9865,86.9287,
158.91,24.0122,16.9814,10.0382,88.995,-0.397949,31.7709,24.1345,86.9342,
158.94,24.0012,16.976,10.0931,88.995,-0.397949,31.9137,25.1508,86.9397,
158.97,23.9243,16.9814,10.2195,88.995,-0.782471,32.0675,26.0022,86.9452,
159,23.8035,16.9814,10.3184,88.9895,-1.11755,32.2213,26.7383,86.9507,
159.03,23.6991,16.976,10.4062,88.995,-1.38123,32.3422,27.3535,86.9617,
159.06,23.5343,16.976,10.5985,89.0005,-1.63391,32.4355,27.8754,86.9672,
159.09,23.3036,16.9814,10.7908,88.9895,-1.84265,32.5015,28.4851,86.9672,
159.12,23.0948,16.9814,10.9391,88.9895,-1.99097,32.6113,28.4851,86.9672,
159.15,22.963,16.9814,11.0819,88.995,-2.11182,32.6113,29.007,86.9727,
159.18,22.8531,16.9869,11.2083,88.995,-2.11182,32.6498,29.5398,86.9891,
159.21,22.7323,16.9924,11.3181,88.9895,-2.27112,32.6827,30.0616,86.9836,
159.24,22.6664,16.9924,11.4005,88.995,-2.3645,32.7212,30.7428,86.9891,
159.27,22.5895,16.9979,11.4884,88.995,-2.3645,32.908,31.3745,86.9781,
159.3,22.4741,17.0089,11.5653,88.9895,-2.30408,33.1057,32.0557,87.0001,
159.33,22.3917,16.9924,11.5983,88.9895,-2.27112,33.254,32.6544,87.0001,
159.36,22.3698,17.0034,11.6587,88.9895,-2.24915,33.3035,32.6544,86.9946,
159.39,22.3423,16.9979,11.6971,88.995,-2.24915,33.3035,33.2367,86.9946,
159.42,22.2654,16.9979,11.7356,88.9895,-2.22168,33.4298,33.8025,86.9891,
159.45,22.2214,16.9924,11.7686,88.9895,-2.18323,33.5287,34.3024,86.9946,
159.48,22.2214,16.9924,11.8125,88.995,-2.17224,33.5781,34.6704,86.9891,
159.51,22.205,16.9924,11.8235,88.995,-2.23267,33.6221,35.2637,86.9891,
159.54,22.161,16.9869,11.8345,88.9895,-2.47986,33.7209,36.1041,86.9946,
159.57,22.1335,17.0693,11.8619,88.9895,-2.80396,33.7429,37.0654,86.9946,
159.6,22.1335,17.2177,11.8894,88.995,-3.39172,33.7649,37.0654,86.9946,
159.63,22.0457,17.322,11.9279,89.0005,-3.39172,33.7649,38.4607,86.9946,
159.66,21.8644,17.3879,11.9279,88.9895,-4.18274,33.7979,40.2515,86.9946,
159.69,21.7161,17.4594,12.0212,88.9895,-5.16602,33.8638,42.4927,86.9946,
159.72,21.6556,17.6241,12.1586,88.9895,-6.29761,33.8528,45.6348,86.9946,
159.75,21.5732,17.8658,12.2959,88.995,-7.75879,33.8583,49.068,87.0001,
159.78,21.3865,18.0251,12.4113,88.9895,-9.41223,33.7319,52.3199,87.0056,
159.81,21.1942,18.1021,12.4332,88.9895,-10.9558,33.5507,55.6213,87.0056,
159.84,21.0679,18.2009,12.5266,88.995,-12.373,33.5507,55.6213,86.9836,
159.87,20.9141,18.3438,12.6035,88.9895,-12.373,33.5122,58.692,86.9891,
159.9,20.7603,18.3877,12.6365,88.9895,-13.7958,33.4738,61.3452,86.9946,
159.93,20.6998,18.4591,12.6749,88.9895,-15.0043,33.3364,63.7238,86.9891,
159.96,20.6339,18.5525,12.7189,88.995,-15.9985,33.276,65.7397,86.9836,
159.99,20.5405,18.6678,12.7518,88.9895,-16.8829,33.265,67.2229,86.9891,
160.02,20.4252,18.8711,12.7903,88.995,-17.63,33.2211,68.4973,86.9891,
160.05,20.1176,19.0524,12.9386,89.0115,-18.3936,33.1826,68.4973,86.9891,
160.08,19.6616,19.2172,13.0649,88.9785,-19.1901,33.1826,69.3323,86.9891,
160.11,19.0793,19.5577,13.2682,88.995,-19.1901,33.1552,69.8761,86.9946,
160.14,18.4806,20.0302,13.5648,88.995,-20.0305,33.1497,70.0574,86.9946,
160.17,17.6731,20.552,13.8505,88.995,-20.882,33.1442,70.0793,86.9946,
160.2,16.7063,21.0739,14.1086,88.9895,-21.7389,33.0233,69.7003,87.0111,
160.23,15.6956,21.5902,14.4657,88.9785,-22.7881,32.853,69.1235,87.0001,
160.26,14.7288,22.1176,14.7953,88.995,-23.8428,32.6992,68.5577,87.0001,
160.29,13.7455,22.6998,15.1249,88.9895,-24.8865,32.6608,68.5577,87.0001,
160.32,12.7402,23.1558,15.438,88.984,-25.7544,32.6608,67.9041,87.0056,
160.35,11.8339,23.6501,15.7731,88.984,-25.7544,32.5509,67.3108,87.0056,
160.38,11.1362,24.139,16.0862,88.9895,-26.6608,32.441,66.7999,86.9946,
160.41,10.4716,24.5071,16.3279,88.9895,-27.4408,32.3861,66.3165,87.0001,
160.44,9.88928,24.7653,16.3938,88.984,-28.1494,32.3477,65.8057,87.0001,
160.47,9.38391,25.0619,16.3883,88.995,-28.5559,32.2598,65.1465,86.9891,
160.5,9.08728,25.3311,16.2675,88.984,-28.7921,32.2158,64.2566,86.9891,
160.53,8.96094,25.5508,15.7346,88.995,-28.891,32.2378,64.2566,86.9891,
160.56,8.9115,25.7211,15.0315,88.9895,-28.891,32.2378,62.9822,86.9891,
160.59,8.96094,25.8969,13.9274,88.9895,-28.8251,32.3641,61.2189,86.9891,
160.62,9.18616,26.0232,12.5376,88.9895,-28.5944,32.463,59.093,86.9891,
160.65,9.62012,26.155,10.8622,88.9785,-28.1659,32.7212,55.5719,86.9891,
160.68,10.2024,26.2869,8.93958,88.995,-27.5067,33.0123,51.4905,86.9891,
160.71,10.8506,26.3583,6.88513,89.0115,-26.7267,33.276,47.3871,86.9946,
160.74,11.4603,26.4352,4.74829,88.984,-25.8807,33.5836,43.3771,86.9946,
160.77,12.1195,26.5231,2.58398,88.9895,-25.0128,33.9297,43.3771,86.9946,
160.8,12.8336,26.5725,0.595459,89.006,-25.0128,33.9297,39.3011,86.9946,
160.83,13.3884,26.6604,-1.26672,89.0005,-24.1504,34.2043,35.5273,87.0001,
160.86,13.7784,26.6714,-2.93115,88.995,-23.4033,34.49,32.0667,87.0001,
160.89,14.1849,26.6989,-4.36487,88.995,-22.7936,34.7042,29.1278,87.0001,
160.92,14.5859,26.7812,-5.57886,89.0005,-22.2552,34.8965,26.6559,86.9891,
160.95,14.9705,26.8087,-6.68848,88.9895,-21.7883,35.0613,24.4806,86.9946,
160.98,15.366,26.8142,-7.75964,88.995,-21.3599,35.1986,22.6898,86.9946,
161.01,15.8219,26.8582,-8.78687,88.995,-20.9204,35.1986,22.6898,86.9946,
161.04,16.3492,26.8197,-9.83057,88.9895,-20.9204,35.3359,20.943,86.9891,
161.07,17.0249,26.6604,-10.9127,88.9895,-20.47,35.4019,19.5203,86.9946,
161.1,17.8489,26.6,-12.0333,88.995,-19.9756,35.5282,18.114,86.9836,
161.13,18.6619,26.4736,-13.2528,88.995,-19.5197,35.7479,16.5375,86.9946,
161.16,19.4968,26.2264,-14.5712,88.995,-18.9374,35.8853,15.0269,86.9836,
161.19,20.4636,26.0452,-15.8895,88.995,-18.3002,36.083,13.5162,87.0001,
161.22,21.4963,25.8639,-17.1475,88.995,-17.7234,36.2203,13.5162,87.0001,
161.25,22.4467,25.6112,-18.4164,88.995,-17.1686,36.2203,12.1704,86.9727,
161.28,23.353,25.3695,-19.6688,88.995,-17.1686,36.3467,10.8026,87.0001,
161.31,24.2155,25.1992,-20.7235,89.0005,-16.6797,36.4291,9.51721,87.0001,
161.34,24.9406,25.0674,-21.6464,88.995,-16.1853,36.5005,8.41858,86.9781,
161.37,25.5833,24.9301,-22.4868,88.995,-15.7074,36.5939,7.45728,86.9946,
161.4,26.193,24.7817,-23.2064,88.995,-15.2899,36.6598,6.68823,86.9946,
161.43,26.6874,24.7048,-23.8271,88.9895,-14.9933,36.6927,5.97412,86.9946,
161.46,27.0664,24.6279,-24.3325,89.0005,-14.7076,36.7367,5.97412,86.9891,
161.49,27.4949,24.5345,-24.9478,88.995,-14.7076,36.7367,5.40833,86.9891,
161.52,27.8135,24.4631,-25.4476,89.0005,-14.4659,36.8081,4.92493,86.9891,
161.55,28.0607,24.4137,-25.9365,88.995,-14.2462,36.8081,4.44702,86.9891,
161.58,28.3518,24.3588,-26.4254,88.995,-14.0485,36.8411,3.99658,86.9891,
161.61,28.6539,24.3148,-26.8978,88.995,-13.9056,36.885,3.55164,86.9891,
161.64,28.9561,24.2709,-27.2933,88.995,-13.8013,37.0004,3.15063,86.9891,
161.67,29.2747,24.2489,-27.7273,88.995,-13.6859,37.1652,2.86499,86.9891,
161.7,29.4559,24.2269,-28.1613,88.995,-13.5486,37.308,2.86499,86.9891,
161.73,29.7086,24.161,-28.5568,88.9895,-13.5486,37.308,2.59583,86.9891,
161.76,30.0986,24.15,-28.9358,88.995,-13.4497,37.4069,2.2113,86.9891,
161.79,30.3788,24.15,-29.3368,88.995,-13.4058,37.4563,1.87622,86.9891,
161.82,30.5161,24.1116,-29.7048,88.995,-13.3618,37.5607,1.59607,86.9891,
161.85,30.7029,24.0951,-29.996,88.995,-13.3069,37.6431,1.38733,86.9891,
161.88,30.9061,24.0951,-30.2487,88.995,-13.1641,37.676,1.1676,86.9891,
161.91,31.0544,23.9962,-30.4684,88.9895,-12.9828,37.7255,1.01379,86.9891,
161.94,31.1808,23.8259,-30.6826,88.995,-12.8345,37.7255,1.01379,86.9891,
161.97,31.2852,23.7051,-30.8419,88.995,-12.8345,37.7804,0.848999,86.9891,
162,31.4609,23.6501,-31.1111,88.9895,-12.6971,37.7859,0.717163,86.9891,
162.03,31.6917,23.5568,-31.3418,88.995,-12.5983,37.8408,0.50293,86.9891,
162.06,31.9883,23.4799,-31.6934,88.9895,-12.3895,37.8573,0.266724,86.9891,
162.09,32.2684,23.4249,-32.0669,88.995,-12.1808,37.8903,-0.057373,86.9891,
162.12,32.5486,23.2821,-32.4789,88.9895,-11.8896,37.9012,-0.343018,86.9836,
162.15,32.8947,23.0898,-32.8964,88.995,-11.5546,37.9232,-0.343018,86.9836,
162.18,33.2792,22.9305,-33.3248,88.995,-11.3458,37.9232,-0.584717,87.0001,
162.21,33.6362,22.8372,-33.6654,88.995,-11.3458,37.9342,-0.914307,86.9946,
162.24,33.9274,22.7548,-34.0609,88.9895,-11.17,37.9342,-1.2384,86.9891,
162.27,34.1965,22.6394,-34.4564,88.995,-10.8569,37.9397,-1.49109,86.9946,
162.3,34.4053,22.5295,-34.8025,88.995,-10.5658,37.9562,-1.70532,86.9946,
162.33,34.6195,22.4856,-35.0717,88.995,-10.3571,37.9562,-1.89758,86.9946,
162.36,34.8997,22.4197,-35.3408,88.9895,-10.1813,37.9617,-2.06238,86.9946,
162.39,35.2073,22.3428,-35.5386,88.995,-10.0055,37.9672,-2.06238,86.9946,
162.42,35.438,22.3043,-35.7089,88.995,-10.0055,37.9672,-2.21619,86.9946,
162.45,35.6138,22.2769,-35.9121,88.995,-9.96155,37.9727,-2.30957,86.9946,
162.48,35.7896,22.1505,-36.022,88.9895,-9.96155,37.9891,-2.41394,86.9836,
162.51,36.0697,21.9802,-36.2856,88.995,-9.96155,37.9836,-2.50183,86.9891,
162.54,36.3169,21.8264,-36.4999,88.995,-9.96155,37.9836,-2.57324,86.9891,
162.57,36.6135,21.7715,-36.8075,88.9895,-9.96155,37.9891,-2.63367,86.9891,
162.6,36.9431,21.6616,-37.0602,88.995,-9.96155,37.9946,-2.69409,86.9891,
162.63,37.2233,21.4639,-37.3348,88.995,-9.96704,37.9946,-2.69409,86.9891,
162.66,37.5309,21.2551,-37.6864,88.995,-9.96704,37.9946,-2.74353,86.9891,
162.69,37.8824,21.0848,-37.972,88.995,-9.96704,38.0001,-2.78198,86.9891,
162.72,38.201,20.9585,-38.2192,88.995,-9.96704,38.0001,-2.83142,86.9891,
162.75,38.4153,20.8267,-38.4554,88.995,-9.97253,38.0001,-2.85339,86.9891,
162.78,38.5856,20.7058,-38.6697,88.995,-9.97253,38.0001,-2.86987,86.9891,
162.81,38.7833,20.6124,-38.829,88.995,-9.97253,38.0001,-2.89734,86.9891,
162.84,38.9646,20.541,-38.9718,88.995,-9.97803,38.0001,-2.90833,86.9891,
162.87,39.08,20.4696,-39.1201,88.995,-9.97803,38.0001,-2.90833,86.9891,
162.9,39.1733,20.4037,-39.2355,88.995,-9.97803,38.0001,-2.91382,86.9891,
162.93,39.3821,20.3652,-39.3398,88.9895,-9.97803,38.0001,-2.93579,86.9891,
162.96,39.6403,20.3103,-39.3948,88.995,-9.97803,38.0001,-2.94678,86.9891,
162.99,39.8435,20.2883,-39.587,88.995,-9.97803,38.0001,-2.95227,86.9891,
163.02,39.9479,20.2444,-39.8013,88.9895,-10.0604,38.0056,-2.95776,86.9946,
163.05,40.0522,20.1125,-39.9331,88.9895,-10.2362,38.0056,-2.96875,86.9946,
163.08,40.2939,19.9642,-40.0869,88.9895,-10.379,38.0056,-2.97974,86.9946,
163.11,40.5796,19.8214,-40.2902,88.995,-10.4559,38.0056,-2.97974,86.9946,
163.14,40.7664,19.7225,-40.5428,88.995,-10.4559,38.0056,-2.97974,86.9946,
163.17,40.8597,19.6072,-40.7351,88.995,-10.5438,38.0056,-2.97974,86.9946,
163.2,41.0355,19.5358,-40.8889,88.995,-10.6207,38.0056,-2.98523,86.9946,
163.23,41.2168,19.4589,-41.0153,88.995,-10.6647,38.0056,-2.98523,86.9946,
163.26,41.2992,19.3984,-41.1691,88.995,-10.7251,38.0056,-2.98523,86.9946,
163.29,41.3376,19.338,-41.2734,88.995,-10.7635,38.0056,-2.99072,86.9946,
163.32,41.442,19.3051,-41.3613,88.995,-10.78,38.0056,-2.99072,86.9946,
163.35,41.5464,19.2721,-41.4218,88.995,-10.802,38.0056,-2.99072,86.9946,
163.38,41.5958,19.2336,-41.5042,88.995,-10.802,38.0056,-2.99072,86.9946,
163.41,41.6288,19.2007,-41.5591,88.995,-10.824,38.0056,-2.99622,86.9946,
163.44,41.6892,19.1952,-41.6195,88.995,-10.8514,38.0056,-2.99622,86.9946,
163.47,41.6727,19.1567,-41.6525,88.995,-10.8899,38.0056,-3.00171,86.9946,
163.5,41.6123,19.1403,-41.7239,88.995,-10.8954,38.0056,-3.00171,86.9946,
163.53,41.4969,19.1732,-41.7568,88.995,-10.9174,38.0056,-3.00171,86.9946,
163.56,41.4365,19.2996,-41.7953,88.995,-10.9503,38.0056,-3.00171,86.9946,
163.59,41.4146,19.4094,-41.8173,88.995,-10.9503,38.0056,-3.00171,86.9946,
163.62,41.3651,19.4589,-41.7788,88.995,-10.9558,38.0056,-3.00171,86.9946,
163.65,41.2223,19.5028,-41.6854,88.995,-10.9558,38.0056,-3.00171,86.9946,
163.68,41.03,19.6017,-41.592,88.995,-10.9723,38.0056,-3.00171,86.9891,
163.71,40.8872,19.6566,-41.5042,88.9895,-10.9833,38.0056,-3.00171,86.9891,
163.74,40.7883,19.6786,-41.4437,88.995,-10.9833,38.0056,-3.00171,86.9891,
163.77,40.684,19.728,-41.3778,88.9895,-10.9833,38.0056,-3.00171,86.9891,
163.8,40.5851,19.7775,-41.3339,88.9895,-10.9833,38.0056,-3.00171,86.9891,
163.83,40.5302,19.7994,-41.2734,88.9895,-10.9833,38.0056,-3.00171,86.9891,
163.86,40.4148,19.8928,-41.2405,89.0005,-11.0931,38.0056,-3.00171,86.9946,
163.89,40.0632,20.0741,-41.1086,88.995,-11.2689,38.0001,-2.9248,86.9946,
163.92,39.6458,20.2883,-40.8944,88.984,-11.6095,38.0001,-2.51831,86.9946,
163.95,39.1514,20.4861,-40.4659,88.995,-12.3236,37.9672,-1.97998,87.0056,
163.98,38.4922,20.8157,-40.0594,88.995,-13.186,37.7804,-1.46362,86.9891,
164.01,37.6627,21.2057,-39.5431,88.9895,-14.1418,37.6321,-0.689087,86.9891,
164.04,36.7234,21.6726,-38.9553,88.995,-15.2515,37.6321,-0.689087,86.9946,
164.07,35.7017,22.1121,-38.3456,88.984,-15.2515,37.4728,0.200806,86.9946,
164.1,34.6744,22.601,-37.6644,88.9895,-16.416,37.2421,0.975342,86.9891,
164.13,33.7516,23.0349,-36.9283,88.9895,-17.6025,37.0114,1.83777,86.9946,
164.16,32.7958,23.4963,-36.2802,88.995,-18.822,36.9015,2.73315,86.9946,
164.19,31.818,23.9742,-35.6704,88.984,-20.0031,36.6708,3.52966,86.9946,
164.22,31.0709,24.3972,-35.0277,88.9785,-21.0797,36.3851,4.15039,86.9891,
164.25,30.4996,24.7048,-34.4784,88.9895,-21.8872,36.1489,4.7052,86.9891,
164.28,29.9009,24.974,-34.0609,88.984,-22.6398,36.1489,4.7052,86.9891,
164.31,29.3571,25.2322,-33.6764,88.984,-22.6398,36.0336,5.23254,86.9946,
164.34,28.9011,25.4958,-33.16,88.9895,-23.1891,36.0116,5.60059,86.9836,
164.37,28.3903,25.6552,-32.6711,88.984,-23.5406,36.0006,5.97412,86.9946,
164.4,27.8739,25.798,-31.99,88.9895,-23.8098,36.0061,6.25977,86.9891,
164.43,27.4399,25.8859,-31.0891,88.984,-23.7109,35.9951,6.51245,86.9781,
164.46,27.028,25.9078,-30.0674,88.9895,-23.2935,36.0006,6.74316,86.9946,
164.49,26.5171,25.8749,-28.9523,88.995,-22.8046,36.0006,6.74316,86.9946,
164.52,26.0172,25.8914,-27.7767,88.984,-22.3322,36.0006,6.92444,86.9946,
164.55,25.5503,25.9298,-26.5353,88.995,-22.3322,35.9951,7.06177,86.9781,
164.58,25.0999,25.9188,-25.1895,88.9895,-21.6949,36.0006,7.21558,86.9946,
164.61,24.6769,25.9243,-23.9205,88.9895,-20.9863,36.0006,7.34741,86.9946,
164.64,24.3528,25.9408,-22.5912,88.9895,-20.2832,35.9951,7.41882,86.9891,
164.67,23.9738,25.9628,-21.4926,88.995,-19.5032,35.9951,7.52869,86.9891,
164.7,23.5288,25.9518,-20.5367,88.984,-18.833,36.0061,7.6001,86.9891,
164.73,23.1827,25.9463,-19.6963,88.9895,-18.2892,36.0006,7.6001,86.9946,
164.76,22.9301,25.9573,-18.9218,88.9895,-18.2892,36.0006,7.62207,86.9946,
164.79,22.6938,25.9683,-18.301,88.9895,-17.8113,36.0006,7.677,86.9891,
164.82,22.3588,25.9518,-17.6364,88.995,-17.4048,36.0061,7.74841,86.9946,
164.85,21.9303,25.9683,-17.0266,88.9895,-16.8994,35.8907,7.56714,86.9891,
164.88,21.348,25.9683,-16.3729,89.0005,-16.5039,35.7534,7.17163,86.9946,
164.91,20.535,25.9628,-15.7083,88.995,-15.8942,35.4897,6.73767,86.9836,
164.94,19.5737,25.9683,-14.9777,88.9895,-15.0482,35.2865,6.08398,86.9836,
164.97,18.5355,25.8914,-14.324,88.9895,-14.1528,35.2865,6.08398,86.9836,
165,17.349,25.7485,-13.6648,88.995,-14.1528,34.9844,5.35339,86.9836,
165.03,16.0142,25.6497,-12.9507,88.995,-13.3014,34.6548,4.51843,86.9836,
165.06,14.7233,25.5782,-12.2091,88.9785,-12.3181,34.3252,3.61755,85.2698,
165.09,13.5422,25.4629,-11.4126,89.0005,-11.3568,34.0176,2.56836,82.7869,
165.12,12.2953,25.4519,-10.649,88.973,-10.5823,33.4957,1.53015,80.1831,
165.15,11.0648,25.4299,-10.0723,88.962,-9.42322,33.1057,0.733643,77.9474,
165.18,10.0431,25.2487,-9.61084,88.9895,-8.57178,32.908,-0.0354004,77.9474,
165.21,9.14221,25.2487,-9.09448,88.9785,-7.97852,32.908,-0.0354004,75.7556,
165.24,8.35669,25.2761,-8.54517,88.973,-7.97852,32.6058,-0.804443,73.8165,
165.27,7.7854,25.2102,-8.12219,88.9785,-7.46216,32.2653,-1.32629,72.3938,
165.3,7.32397,25.1498,-7.61133,88.9895,-6.87988,32.1389,-1.55701,71.5918,
165.33,6.9834,25.1498,-7.01807,88.9785,-6.48438,32.084,-1.16699,71.2787,
165.36,6.86255,25.1388,-6.2655,88.9895,-5.96802,32.062,-0.172729,71.3995,
165.39,6.85156,25.1058,-5.35364,88.995,-5.30884,32.0565,1.32141,72.2565,
165.42,6.88452,24.9905,-4.29346,88.9895,-4.6991,32.051,1.32141,72.2565,
165.45,7.08228,24.8257,-3.12341,88.995,-4.10034,32.051,3.10669,73.3057,
165.48,7.49426,24.7323,-1.82703,88.9895,-4.10034,32.095,5.30945,74.7668,
165.51,7.9502,24.6609,-0.442749,88.995,-3.28735,32.2323,7.90222,76.5851,
165.54,8.37866,24.551,0.897583,88.995,-2.47986,32.4026,10.7202,78.1012,
165.57,8.73572,24.4796,2.29285,88.9895,-1.73279,32.5674,13.7195,79.4086,
165.6,9.22461,24.4412,3.60022,88.995,-1.02417,32.8256,16.6528,80.5182,
165.63,9.59265,24.3917,4.77576,88.995,-0.244141,33.0068,19.3829,80.5182,
165.66,9.85083,24.3038,5.83594,88.9895,0.349121,33.1716,19.3829,81.496,
165.69,10.1145,24.2983,6.77527,88.9895,0.870972,33.1716,21.6296,82.2815,
165.72,10.4221,24.2654,7.59375,88.9895,0.870972,33.243,23.5797,82.9626,
165.75,10.6913,24.205,8.25842,88.9895,1.3269,33.3639,25.2606,83.5669,
165.78,10.9879,24.161,8.87366,88.9895,1.70044,33.4353,26.8207,84.0558,
165.81,11.3944,24.1555,9.42297,88.995,2.03003,33.5232,28.3203,84.4788,
165.84,11.7679,24.1335,9.98328,88.995,2.43652,33.5671,29.8474,84.8413,
165.87,12.1305,23.9962,10.5216,88.9895,2.90344,33.6495,31.4514,84.8413,
165.9,12.6084,23.8424,11.0544,88.9895,3.40881,33.7319,31.4514,85.1544,
165.93,13.2017,23.7325,11.5873,88.995,3.40881,33.7319,33.1488,85.451,
165.96,13.7894,23.6501,12.1531,88.995,3.89771,33.7484,34.8407,85.6488,
165.99,14.4266,23.5568,12.6475,88.9895,4.4635,33.7539,36.571,85.8356,
166.02,15.1133,23.4744,13.1693,88.9895,5.12817,33.9022,38.6255,86.0114,
166.05,15.7944,23.4359,13.7131,88.995,5.73792,34.1604,40.614,86.1761,
166.08,16.3987,23.403,14.1416,88.984,6.35315,34.2428,42.4213,86.297,
166.11,17.0139,23.3151,14.4767,88.995,6.875,34.3142,43.9319,86.297,
166.14,17.5687,23.2931,14.8282,88.995,7.32544,34.4186,43.9319,86.3794,
166.17,17.9917,23.2656,15.1249,88.9895,7.32544,34.4186,45.426,86.5002,
166.2,18.3707,23.2217,15.3446,88.9895,7.72644,34.5614,46.6895,86.5552,
166.23,18.7168,23.1887,15.5643,88.9895,8.078,34.6053,47.6068,86.6156,
166.26,19.0189,23.1667,15.6467,88.9895,8.30872,34.6218,48.4033,86.6376,
166.29,19.2551,23.1393,15.6083,88.9895,8.5614,34.6053,48.9746,86.72,
166.32,19.4858,23.1173,15.3062,88.9895,8.67126,34.5779,49.2822,86.7859,
166.35,19.6836,23.0953,14.8777,88.995,8.69324,34.4406,49.3921,86.7859,
166.38,19.8484,23.0844,14.3009,88.9895,8.70972,34.4406,49.3921,86.7859,
166.41,20.0077,23.0624,13.6088,88.995,8.70972,34.2593,49.469,86.8079,
166.44,20.1395,22.9855,12.8177,88.995,8.78113,34.0835,49.4635,86.8408,
166.47,20.3153,22.8262,11.9224,88.9895,8.8031,33.9352,49.2603,86.6705,
166.5,20.5735,22.7163,10.9391,88.9895,8.86353,33.7045,48.9197,86.0278,
166.53,20.7603,22.6559,10.0492,88.995,8.88,33.3804,48.6285,85.127,
166.56,20.9031,22.5625,9.1593,88.9895,8.79211,33.1661,48.3868,84.1107,
166.59,21.0239,22.4856,8.35181,88.995,8.70972,33.0453,48.3868,84.1107,
166.62,21.1777,22.4197,7.56079,88.9895,8.61084,33.0453,48.0627,83.2263,
166.65,21.2931,22.3702,6.8302,88.995,8.61084,32.8695,47.7386,82.3035,
166.68,21.3865,22.3153,6.20398,88.995,8.50647,32.7267,47.4915,81.5344,
166.71,21.4579,22.2823,5.67114,88.9895,8.44604,32.6608,47.2717,80.7269,
166.74,21.5403,22.2494,5.0614,88.9895,8.38562,32.474,46.9916,79.8041,
166.77,21.6007,22.2164,4.45166,88.9895,8.30872,32.2103,46.5247,78.4253,
166.8,21.6721,22.1615,3.71558,88.995,8.24829,32.0071,46.0358,78.4253,
166.83,21.6611,22.156,2.91907,88.9895,8.20435,31.9027,46.0358,76.6125,
166.86,21.5787,22.145,1.89185,88.9895,8.20435,31.9027,45.459,74.3439,
166.89,21.4908,22.123,0.793213,88.995,8.18237,31.6775,44.8383,71.7511,
166.92,21.4304,22.1121,-0.360352,88.9895,8.14941,31.3809,43.9868,68.7848,
166.95,21.4084,22.0956,-1.5304,88.8192,8.02856,31.0787,42.8882,64.967,
166.98,21.3645,22.0846,-2.8927,88.3303,7.85278,30.7382,41.7291,60.8032,
167.01,21.2656,22.0846,-4.13965,87.7261,7.69897,30.3866,40.6854,56.7767,
167.04,21.1558,22.0516,-5.30969,87.1877,7.65503,30.1284,39.7681,56.7767,
167.07,21.002,22.0352,-6.40283,86.5176,7.55066,29.8373,39.7681,53.0029,
167.1,20.8042,22.0406,-7.41357,85.8914,7.55066,29.8373,38.9221,49.5972,
167.13,20.7053,22.0352,-8.25403,85.408,7.42432,29.5132,38.1915,46.7297,
167.16,20.6779,22.0297,-8.99561,84.9685,7.36938,29.2935,37.5818,44.3018,
167.19,20.5735,22.0297,-9.65479,84.5785,7.31995,29.1616,36.9226,42.1979,
167.22,20.5076,22.0297,-10.3195,84.1335,7.25403,29.0463,36.3513,40.2917,
167.25,20.5021,22.0242,-11.0226,83.6392,7.23206,28.8595,35.8459,38.479,
167.28,20.4417,22.0077,-11.8081,83.0239,7.17712,28.6782,35.3131,38.479,
167.31,20.2494,22.0132,-12.5552,82.2933,7.13867,28.6782,35.3131,36.8146,
167.34,20.0406,22.0077,-13.4121,81.343,7.13867,28.6123,34.6869,35.2161,
167.37,19.9198,21.9363,-14.313,80.3872,7.13867,28.486,34.0222,33.6505,
167.4,19.722,21.788,-15.3402,79.382,7.13867,28.2552,33.2806,31.6565,
167.43,19.4749,21.6451,-16.3015,78.1735,7.11121,27.9366,32.3688,29.8108,
167.46,19.2277,21.6122,-17.3068,76.943,7.10022,27.7004,31.6217,28.0035,
167.49,19.0903,21.5463,-18.2681,75.8334,7.09473,27.5521,30.7977,26.2732,
167.52,19.0024,21.4529,-19.2568,74.7073,6.99585,27.2939,30.7977,26.2732,
167.55,18.8541,21.3815,-20.1467,73.5922,6.83655,27.2939,30.1001,24.6747,
167.58,18.7113,21.354,-20.8938,72.6034,6.83655,27.0303,29.3585,23.197,
167.61,18.5905,21.3265,-21.5475,71.73,6.66626,26.8929,28.7213,21.972,
167.64,18.4641,21.2606,-22.1188,71.0378,6.58936,26.8435,28.161,20.9888,
167.67,18.2938,21.2002,-22.6296,70.3732,6.51794,26.7172,27.7161,20.1099,
167.7,18.1235,21.1782,-23.0636,69.8019,6.40808,26.5743,27.1942,19.3408,
167.73,17.9752,21.1727,-23.547,69.313,6.3092,26.47,26.557,18.6981,
167.76,17.8379,21.1343,-23.9974,68.7692,6.29272,26.437,26.557,18.6981,
167.79,17.7335,21.0903,-24.3929,68.1759,6.28174,26.437,25.7605,18.1763,
167.82,17.5907,21.1013,-24.8159,67.6211,6.28174,26.415,24.953,17.7094,
167.85,17.3875,21.1013,-25.3597,67.0333,6.12244,26.3326,23.9423,17.182,
167.88,17.1293,21.0684,-25.8212,66.4346,5.92468,26.2502,22.5305,16.6986,
167.91,16.8821,21.0024,-26.3375,65.682,5.79834,26.2228,21.1353,16.3141,
167.94,16.6788,20.8706,-26.8099,65.0997,5.61707,26.2283,19.7235,15.8911,
167.97,16.4371,20.6893,-27.3647,64.4735,5.38086,26.1898,18.3337,15.4462,
168,16.2119,20.6014,-27.8317,63.8528,5.12817,26.1074,18.3337,15.4462,
168.03,16.0581,20.5795,-28.2272,63.3474,4.96338,26.1074,17.0868,15.0726,
168.06,16.0087,20.5026,-28.5623,62.9464,4.96338,26.1074,15.9167,14.776,
168.09,15.9318,20.3872,-28.8918,62.5729,4.84802,26.1129,14.917,14.5398,
168.12,15.745,20.3323,-29.1775,62.2323,4.71619,26.1019,14.0271,14.3036,
168.15,15.5967,20.3048,-29.4082,61.9302,4.55688,26.0854,13.1537,14.2157,
168.18,15.5527,20.2883,-29.7103,61.6995,4.4635,26.0854,12.2693,14.1827,
168.21,15.5253,20.2334,-30.0125,61.4907,4.43054,26.0854,11.3464,14.2816,
168.24,15.5143,20.1785,-30.4025,61.2765,4.35364,26.047,11.3464,14.2816,
168.27,15.5253,20.1785,-30.8419,61.0018,4.35913,26.047,10.2917,14.6442,
168.3,15.5527,20.173,-31.3583,60.7272,4.35913,26.0415,9.11621,15.1166,
168.33,15.5967,20.151,-31.9515,60.5074,4.47449,26.0415,7.83081,15.8307,
168.36,15.7285,20.1071,-32.6052,60.3097,4.56787,26.047,5.96313,16.8359,
168.39,15.9153,20.0961,-33.2754,60.1449,4.65576,26.0415,4.12292,17.9071,
168.42,16.0801,20.0906,-33.8632,60.0076,4.71069,26.069,2.33765,18.9233,
168.45,16.179,20.0741,-34.5443,59.8593,4.72717,26.2283,0.513916,18.9233,
168.48,16.2614,20.0686,-35.1211,59.7494,4.76562,26.3986,0.513916,19.9231,
168.51,16.3822,20.0576,-35.61,59.656,4.76562,26.3986,-1.13953,20.9668,
168.54,16.4701,20.0521,-36.0494,59.5846,4.82056,26.4865,-2.56775,21.8512,
168.57,16.5195,20.0302,-36.434,59.5022,4.83704,26.5029,-3.84216,22.6038,
168.6,16.58,20.0247,-36.769,59.3264,4.83704,26.5743,-4.86938,23.219,
168.63,16.6624,20.0192,-37.0437,59.1451,4.84253,26.6842,-5.75378,23.9056,
168.66,16.7173,20.0247,-37.4117,58.9913,4.8645,26.7501,-6.65466,24.5154,
168.69,16.7557,20.0137,-37.7523,58.876,4.87549,26.7556,-7.45667,24.5154,
168.72,16.7667,19.9972,-38.049,58.7606,4.88647,26.7611,-7.45667,25.1581,
168.75,16.7887,20.0027,-38.2906,58.6508,4.88647,26.7611,-8.12683,25.8502,
168.78,16.8271,20.0137,-38.6147,58.5684,4.90845,26.8215,-8.81348,26.6028,
168.81,16.8601,19.9368,-38.9279,58.486,4.8645,26.8765,-9.42871,27.5146,
168.84,16.8711,19.8049,-39.2025,58.431,4.74915,26.9039,-10.2307,28.5693,
168.87,16.8821,19.6841,-39.5541,58.3816,4.63928,26.8984,-11.0657,29.635,
168.9,16.9095,19.6017,-39.8672,58.3267,4.5459,26.8984,-11.7963,30.7281,
168.93,16.9205,19.5248,-40.1254,58.2772,4.4635,26.9424,-12.5378,30.7281,
168.96,16.9095,19.4534,-40.3726,58.2498,4.3811,26.9589,-12.5378,31.7609,
168.99,16.8326,19.3929,-40.5868,58.2223,4.3811,26.9589,-13.1805,32.6562,
169.02,16.7338,19.3215,-40.7736,58.1838,4.31519,26.9534,-13.7463,33.4363,
169.05,16.6569,19.2831,-40.9164,58.1729,4.26025,26.9589,-14.2188,34.101,
169.08,16.5745,19.2501,-41.0482,58.0355,4.21082,26.9698,-14.6472,34.6832,
169.11,16.4646,19.2227,-41.1855,57.8927,4.18335,26.9698,-14.9878,35.1721,
169.14,16.3602,19.1842,-41.2954,57.7554,4.15588,26.9863,-15.4163,35.5786,
169.17,16.3383,19.0853,-41.3723,57.662,4.13391,26.9973,-15.7953,35.5786,
169.2,16.3328,18.937,-41.4382,57.4807,4.13391,26.9973,-15.7953,35.9302,
169.23,16.1954,18.7777,-41.5042,57.3049,4.13391,26.9973,-16.2732,36.1169,
169.26,16.0032,18.6843,-41.5975,57.1017,4.18335,26.9918,-16.806,36.2323,
169.29,15.7944,18.6239,-41.6195,56.871,4.27673,27.0028,-17.3993,36.3257,
169.32,15.5582,18.4646,-41.6525,56.5908,4.41956,27.0028,-18.2068,36.3422,
169.35,15.3275,18.2284,-41.7458,56.2942,4.60083,26.9424,-19.0363,36.2708,
169.38,15.0913,18.0142,-41.7568,56.0085,4.80408,26.8051,-19.8877,36.2488,
169.41,14.8002,17.9373,-41.7788,55.624,4.99634,26.6512,-19.8877,36.2488,
169.44,14.5365,17.8274,-41.8392,55.2505,5.11719,26.6512,-20.6512,36.2268,
169.47,14.3442,17.6956,-41.8557,54.9813,5.11719,26.5688,-21.4478,36.1664,
169.5,14.1849,17.5967,-41.8612,54.7396,5.23254,26.5084,-22.0959,36.1389,
169.53,14.0146,17.5363,-41.8832,54.4979,5.38086,26.415,-22.6782,36.1389,
169.56,13.8718,17.4813,-41.8997,54.3057,5.46326,26.3436,-23.1561,35.9796,
169.59,13.8004,17.4099,-41.9161,54.1464,5.51819,26.3052,-23.5846,35.8313,
169.62,13.6411,17.2726,-41.9106,53.8772,5.62256,26.2777,-24.068,35.8313,
169.65,13.361,17.0858,-41.8557,53.6245,5.70496,26.2448,-24.068,35.7269,
169.68,13.0588,16.8936,-41.7623,53.3114,5.71594,26.2448,-24.6228,35.4852,
169.71,12.8391,16.7068,-41.636,52.8884,5.71594,26.1953,-25.2765,35.249,
169.74,12.5095,16.52,-41.4108,52.3995,5.7489,26.069,-25.9412,34.9359,
169.77,12.0646,16.2783,-41.2405,51.8502,5.80933,25.8987,-26.7981,34.5294,
169.8,11.5317,16.0092,-41.0977,51.224,5.8313,25.6405,-27.8418,33.9966,
169.83,11.0264,15.7455,-40.856,50.5593,5.74341,25.3768,-28.869,33.4363,
169.86,10.5485,15.5203,-40.5923,49.9771,5.61157,25.1626,-29.8962,33.4363,
169.89,10.0925,15.2676,-40.3781,49.3289,5.54565,24.9978,-29.8962,32.9419,
169.92,9.58716,14.9545,-40.0759,48.7905,5.54565,24.9978,-30.7861,32.3706,
169.95,9.09827,14.6523,-39.8397,48.2852,5.50171,24.8824,-31.6815,31.8872,
169.98,8.68628,14.4546,-39.5925,47.7523,5.41382,24.6517,-32.4725,31.4313,
170.01,8.40063,14.3063,-39.3673,47.2469,5.34241,24.3606,-33.1317,31.1017,
170.04,8.09851,14.1525,-39.1696,46.8405,5.30396,24.1299,-33.692,30.7996,
170.07,7.82935,13.9602,-39.1366,46.4724,5.2655,24.0035,-34.1754,30.4041,
170.1,7.58765,13.8009,-39.1366,46.1648,5.21606,23.9047,-34.7632,30.4041,
170.13,7.3844,13.7295,-39.1201,45.7693,5.16113,23.9047,-34.7632,30.025,
170.16,7.31848,13.6581,-39.1696,45.2694,5.16113,23.7454,-35.2081,29.7339,
170.19,7.29651,13.4878,-39.2684,44.7256,5.15015,23.6025,-35.6311,29.3604,
170.22,7.29102,13.2351,-39.4991,44.0499,5.04028,23.5201,-36.1255,28.8934,
170.25,7.24158,13.0264,-39.8232,43.2699,4.87,23.3608,-36.6528,28.4265,
170.28,7.13721,12.9385,-40.0869,42.4404,4.69971,23.1576,-37.1582,27.9431,
170.31,7.12073,12.8011,-40.433,41.6055,4.49646,22.9434,-37.7295,27.5421,
170.34,7.12073,12.554,-40.7571,40.7925,4.27673,22.7841,-37.7295,27.5421,
170.37,7.12073,12.2518,-41.202,39.9465,4.08447,22.7841,-38.1799,27.0258,
170.4,7.09875,12.0321,-41.5536,39.0676,4.08447,22.7236,-38.7292,26.5808,
170.43,7.09875,11.9772,-41.8612,38.2601,3.92517,22.6302,-39.2236,26.059,
170.46,7.09875,11.9277,-42.1194,37.557,3.78784,22.416,-39.6082,25.6085,
170.49,7.09326,11.7959,-42.3666,36.9857,3.64502,22.1688,-39.9817,25.224,
170.52,7.08777,11.5981,-42.6028,36.4968,3.55164,21.9821,-40.2673,24.9164,
170.55,7.07678,11.4993,-42.7676,36.0464,3.51868,21.8392,-40.52,24.6472,
170.58,7.07678,11.4883,-42.9159,35.6399,3.43628,21.7513,-40.52,24.6472,
170.61,6.99438,11.4828,-42.9434,35.2883,3.3429,21.7513,-40.7343,24.3945,
170.64,6.8241,11.4004,-42.9434,34.9917,3.3429,21.6525,-40.921,24.1748,
170.67,6.65381,11.296,-42.9598,34.75,3.19458,21.5536,-41.0693,24.021,
170.7,6.52747,11.2411,-42.8884,34.4259,3.0188,21.4437,-41.2122,23.7518,
170.73,6.35168,11.2301,-42.7621,34.0963,2.8595,21.3833,-41.3275,23.4827,
170.76,6.03857,11.2301,-42.6577,33.8052,2.62329,21.3723,-41.4209,23.1311,
170.79,5.71997,11.1971,-42.4764,33.569,2.34863,21.202,-41.5198,23.1311,
170.82,5.50024,11.1312,-42.2952,33.2668,2.10693,20.9988,-41.5198,22.7795,
170.85,5.27502,11.1147,-42.0864,33.0032,2.01355,20.9988,-41.5912,22.5323,
170.88,4.97839,11.1147,-41.9546,32.712,2.01355,20.7845,-41.6351,22.2137,
170.91,4.65979,11.1093,-41.8557,32.4758,1.87622,20.6802,-41.6791,21.8842,
170.94,4.44006,11.0873,-41.7349,32.2946,1.71143,20.6472,-41.7395,21.5601,
170.97,4.28076,11.0818,-41.636,32.1298,1.56311,20.5868,-41.778,21.3293,
171,4.11047,11.0818,-41.5591,31.9814,1.55212,20.455,-41.8054,21.1755,
171.03,3.96765,11.0598,-41.3558,31.8661,1.37085,20.3451,-41.8439,21.1755,
171.06,3.85779,11.0323,-41.1855,31.7562,1.14014,20.2957,-41.8439,21.0327,
171.09,3.75891,11.0269,-41.0427,31.6519,1.14014,20.2957,-41.8054,20.8514,
171.12,3.55017,11.0378,-40.7736,31.5585,0.942383,20.2957,-41.6681,20.6921,
171.15,3.33594,11.0378,-40.5538,31.5695,0.81604,20.2957,-41.4209,20.6042,
171.18,3.17664,11.0214,-40.2352,31.6299,0.71167,20.2188,-41.0968,20.5273,
171.21,2.97339,11.0049,-39.8013,31.7233,0.480957,20.1528,-40.7947,20.4669,
171.24,2.70972,10.9939,-39.4662,31.7397,0.26123,20.032,-40.3827,20.379,
171.27,2.42957,10.9994,-39.0157,31.7452,-0.0848389,19.9166,-40.0311,20.379,
171.3,2.22083,11.0159,-38.6367,31.7727,-0.386963,19.9166,-40.0311,20.3186,
171.33,2.00659,11.0214,-38.1478,31.8221,-0.386963,19.7573,-39.7565,20.2582,
171.36,1.7594,10.9994,-37.7688,31.8331,-0.59021,19.587,-39.3445,20.2527,
171.39,1.46826,10.9994,-37.4117,31.8496,-0.765991,19.5321,-39.0149,20.2252,
171.42,1.26501,10.9994,-37.1096,31.8606,-0.963745,19.4717,-38.7073,20.1758,
171.45,1.16064,11.0049,-36.8185,31.8881,-1.1615,19.4222,-38.4601,20.1208,
171.48,1.0343,11.0049,-36.5878,31.9155,-1.27136,19.3508,-38.2568,20.1154,
171.51,0.880493,10.9994,-36.401,31.921,-1.32629,19.2904,-38.2568,20.1154,
171.54,0.732178,10.9939,-36.1978,31.9265,-1.43066,19.2904,-38.2074,19.989,
171.57,0.655273,10.9994,-36.0439,31.9375,-1.43066,19.23,-38.2678,19.8352,
171.6,0.572876,10.9994,-35.8022,31.943,-1.45813,19.208,-38.526,19.6759,
171.63,0.501465,10.9994,-35.5715,31.8661,-1.40869,19.208,-39.0039,19.4617,
171.66,0.473999,10.9994,-35.3518,31.7562,-1.18896,19.1805,-40.0037,19.1266,
171.69,0.424561,10.9994,-35.0607,31.6573,-0.90332,19.1091,-41.1407,18.6926,
171.72,0.342163,10.9994,-34.8025,31.564,-0.524292,19.0872,-42.3987,18.1488,
171.75,0.265259,10.9994,-34.5663,31.4871,-0.123291,19.0981,-42.3987,18.1488,
171.78,0.237793,10.939,-34.3575,31.4211,0.305176,19.0981,-43.7994,17.6819,
171.81,0.226807,10.8016,-34.0664,31.2618,0.305176,19.0981,-45.2606,17.1436,
171.84,0.199341,10.6478,-33.8082,31.1025,0.689697,19.0872,-46.6614,16.7041,
171.87,0.171875,10.549,-33.583,30.9542,1.04675,19.0652,-48.0402,16.3086,
171.9,0.155396,10.5215,-33.3633,30.8224,1.35437,19.0487,-49.3585,15.8362,
171.93,0.149902,10.4775,-33.171,30.718,1.5741,19.0432,-50.4681,15.4077,
171.96,0.122437,10.3951,-33.0282,30.6301,1.77185,19.0432,-51.4185,15.4077,
171.99,0.0839844,10.3073,-32.9019,30.5477,1.95862,19.0432,-51.4185,15.0452,
172.02,0.0675049,10.2688,-32.792,30.4873,1.95862,19.0432,-52.2424,14.743,
172.05,0.0675049,10.2578,-32.6656,30.4214,2.12341,19.0377,-52.9291,14.5068,
172.08,0.0620117,10.2413,-32.5833,30.3555,2.24976,19.0103,-53.5278,14.2871,
172.11,0.0455322,10.1974,-32.5228,30.317,2.34314,19.0103,-54.0607,14.0948,
172.14,0.0345459,10.1534,-32.4404,30.2731,2.43103,19.0157,-54.4891,13.9191,
172.17,0.0290527,10.1425,-32.3855,30.2401,2.50793,19.0157,-54.8517,13.7817,
172.2,0.0290527,10.137,-32.3306,30.2017,2.57935,19.0157,-55.3021,13.7817,
172.23,0.0290527,10.126,-32.2921,30.1742,2.65076,19.0103,-55.3021,13.6719,
172.26,0.0290527,10.0875,-32.2537,30.1577,2.65076,19.0103,-55.6812,13.5785,
172.29,0.0290527,10.0601,-32.2207,30.1357,2.7002,19.0103,-56.0217,13.4961,
172.32,0.0290527,10.0601,-32.1932,30.0039,2.74963,19.0157,-56.4557,13.4137,
172.35,0.0235596,10.0546,-32.1713,29.8666,2.79358,18.9279,-56.8292,13.2214,
172.38,0.00708008,10.0546,-32.1383,29.7512,2.82654,18.774,-57.2852,13.0511,
172.41,0.00158691,10.0491,-32.2097,29.5425,2.83752,18.6367,-57.6917,12.8918,
172.44,0.00158691,10.0326,-32.3141,29.3337,2.8595,18.5488,-58.0212,12.8918,
172.47,-0.00939941,10.0271,-32.3745,29.158,2.88696,18.5488,-58.0212,12.7655,
172.5,0.0125732,10.0271,-32.4679,28.8998,2.88696,18.4939,-58.3234,12.6447,
172.53,0.116943,10.0216,-32.5338,28.6471,2.89246,18.417,-58.5651,12.5403,
172.56,0.237793,10.0216,-32.5887,28.4329,2.89246,18.3566,-58.6365,12.4689,
172.59,0.358643,10.0216,-32.6327,28.2571,2.91443,18.2906,-58.598,12.5073,
172.62,0.479492,10.0216,-32.6931,28.0978,2.86499,18.2632,-58.3673,12.5842,
172.65,0.539917,10.0106,-32.7206,27.9604,2.73865,18.2192,-58.0432,12.6447,
172.68,0.578369,10.0051,-32.7645,27.8231,2.6123,18.1753,-57.6038,12.6447,
172.71,0.605835,10.0051,-32.803,27.7133,2.51343,18.1753,-57.6038,12.6886,
172.74,0.660767,10.0051,-32.8195,27.6199,2.51343,18.1588,-57.0929,12.7325,
172.77,0.732178,10.0051,-32.8359,27.554,2.35413,18.1588,-56.4996,12.7765,
172.8,0.765137,10.0051,-32.8524,27.488,2.15088,18.1423,-55.8569,12.9468,
172.83,0.77063,9.99963,-32.8799,27.4056,1.95862,18.0984,-55.0385,13.0896,
172.86,0.776123,10.0051,-32.9019,27.3507,1.78833,18.0709,-54.3134,13.2269,
172.89,0.814575,10.0051,-32.9128,27.3123,1.59607,18.0709,-53.6542,13.3368,
172.92,0.880493,9.99963,-32.9238,27.2848,1.35986,18.0709,-53.6542,13.3368,
172.95,0.907959,9.99414,-32.9293,27.2463,1.13464,18.0709,-53.1268,13.4302,
172.98,0.913452,9.99414,-32.9348,27.1914,1.13464,18.0544,-52.6874,13.5126,
173.01,0.913452,9.99963,-32.9403,27.1639,0.942383,18.038,-52.2974,13.5785,
173.04,0.924438,9.99963,-32.9458,27.1584,0.843506,18.0435,-51.9458,13.6389,
173.07,0.951904,9.99414,-32.9513,27.142,0.733643,18.0435,-51.5228,13.6938,
173.1,0.962891,9.99414,-32.9513,27.12,0.612793,18.027,-51.1658,13.7433,
173.13,0.962891,9.99414,-32.9568,27.0925,0.513916,18.0215,-50.7098,13.7762,
173.16,0.962891,9.99414,-32.9623,27.076,0.453491,18.027,-50.7098,13.7762,
173.19,0.962891,9.99414,-32.9678,27.076,0.393066,18.027,-50.3033,13.8037,
173.22,0.968384,9.99414,-32.9733,27.0596,0.393066,18.027,-49.8419,13.8312,
173.25,0.968384,9.99414,-32.9733,27.0486,0.327148,18.0215,-49.4244,13.8641,
173.28,0.973877,9.99414,-32.9788,27.0431,0.266724,18.0105,-48.9465,13.8806,
173.31,0.973877,9.99414,-32.9788,27.0431,0.222778,18.016,-48.3917,14.0179,
173.34,0.97937,9.99414,-32.9843,27.0376,0.189819,18.0215,-47.8754,14.1608,
173.37,0.984863,9.99414,-32.9843,27.0321,0.167847,18.016,-47.4579,14.1608,
173.4,0.990356,9.99414,-32.9843,27.0266,0.140381,18.005,-47.4579,14.2871,
173.43,0.990356,9.99414,-32.9073,27.0266,0.140381,18.005,-47.1118,14.397,
173.46,0.984863,9.99414,-32.792,27.0266,0.129395,18.0105,-46.8042,14.4794,
173.49,0.902466,9.99963,-32.6711,27.1035,0.107422,18.0105,-46.5295,14.5508,
173.52,0.737671,9.99963,-32.5887,27.2079,0.0964355,18.0105,-46.5295,14.5123,
173.55,0.605835,9.98865,-32.402,27.3177,0.0854492,18.0105,-46.7218,14.4464,
173.58,0.556396,9.98865,-32.2262,27.4111,0.0634766,18.0105,-47.1997,14.3695,
173.61,0.523438,9.99963,-32.0504,27.5979,0.118408,18.0105,-47.8809,14.3695,
173.64,0.463013,10.0051,-31.9296,27.7682,0.239258,18.0105,-47.8809,14.3036,
173.67,0.397095,9.99414,-31.8087,27.9385,0.239258,18.0105,-48.7433,14.1333,
173.7,0.353149,9.98315,-31.5725,28.0813,0.365601,18.005,-49.809,13.9685,
173.73,0.32019,9.98865,-31.3748,28.1967,0.563354,18.005,-50.968,13.6884,
173.76,0.276245,9.99414,-31.1935,28.2845,0.777588,18.016,-52.5665,13.4412,
173.79,0.21582,9.99414,-31.0507,28.3834,1.08521,18.016,-54.0607,13.2269,
173.82,0.188354,9.98865,-30.9078,28.4658,1.35437,18.0105,-55.4834,13.0511,
173.85,0.182861,9.99414,-30.787,28.5262,1.62354,18.0105,-56.7413,13.0511,
173.88,0.160889,9.99414,-30.6936,28.5922,1.84875,18.0105,-56.7413,12.9083,
173.91,0.12793,9.99414,-30.6057,28.6416,1.84875,18.005,-57.8015,12.782,
173.94,0.100464,9.99414,-30.6057,28.6855,2.01904,18.0105,-58.7244,12.6501,
173.97,0.0839844,9.99414,-30.6497,28.7185,2.1344,18.0105,-59.4934,12.5568,
174,0.0839844,9.99414,-30.6881,28.7515,2.26624,18.0105,-60.1471,12.4744,
174.03,0.149902,9.99414,-30.7321,28.7844,2.3761,18.0105,-60.7239,12.4084,
174.06,0.298218,9.99414,-30.7705,28.7405,2.4585,18.0105,-61.1963,12.348,
174.09,0.44104,9.99414,-30.787,28.6526,2.52991,18.0105,-61.6028,12.348,
174.12,0.578369,9.99414,-30.9463,28.5427,2.57935,18.0105,-61.6028,12.2931,
174.15,0.737671,9.99414,-31.0616,28.4713,2.57935,18.0105,-61.817,12.2437,
174.18,0.929932,9.99414,-31.1825,28.4274,2.62878,18.0105,-61.8719,12.1997,
174.21,1.1936,9.98865,-31.2924,28.3669,2.62329,18.0105,-61.7786,12.1777,
174.24,1.4408,9.99414,-31.3857,28.3285,2.55188,18.0105,-61.3885,12.1613,
174.27,1.64404,9.99963,-31.4517,28.2791,2.4585,18.005,-60.9161,12.1338,
174.3,1.79236,9.99414,-31.5231,28.2351,2.40356,18.0105,-60.3394,12.1338,
174.33,1.95166,9.99414,-31.6055,28.2021,2.34314,18.0105,-60.3394,12.2107,
174.36,2.11096,9.99963,-31.6329,28.1912,2.2937,18.0105,-59.8615,12.326,
174.39,2.2428,9.99963,-31.6824,28.1692,2.2937,18.0105,-59.3011,12.4304,
174.42,2.30872,9.99414,-31.7318,28.1362,2.24426,17.9995,-58.6914,12.5183,
174.45,2.38562,9.99414,-31.7538,28.1143,2.20032,18.005,-58.1476,12.5787,
174.48,2.48999,9.99963,-31.7758,28.1033,2.15637,18.005,-57.6917,12.6337,
174.51,2.5614,9.99963,-31.8142,28.0978,2.12891,18.005,-57.3071,12.6831,
174.54,2.60535,9.99414,-31.8472,28.1582,2.11792,18.005,-56.9666,12.6831,
174.57,2.60535,9.99414,-31.8582,28.2681,2.10693,18.005,-56.9666,12.738,
174.6,2.59436,9.99963,-31.8691,28.4823,2.10693,18.005,-56.6919,12.782,
174.63,2.50647,9.99414,-31.8252,28.6746,2.09045,18.005,-56.4282,12.804,
174.66,2.42957,9.98865,-31.7098,28.8448,2.08496,18.005,-56.2195,12.8259,
174.69,2.38013,9.99963,-31.611,28.9877,2.06848,18.005,-56.0382,12.8644,
174.72,2.33618,9.99963,-31.5341,29.1195,2.06299,18.005,-55.8954,12.8809,
174.75,2.28125,9.99963,-31.4736,29.2349,2.0575,18.005,-55.6207,12.8918,
174.78,2.2428,9.99414,-31.4077,29.2404,1.92566,18.005,-55.3845,12.8918,
174.81,2.22083,9.99414,-31.3583,29.2129,1.78284,18.005,-55.3845,12.9138,
174.84,2.18787,9.99963,-31.177,29.1799,1.78284,18.005,-55.2032,12.9193,
174.87,2.14941,9.99414,-31.0452,29.158,1.63452,18.005,-54.8627,12.9248,
174.9,2.13843,9.99414,-30.8969,29.0316,1.54114,18.005,-54.4672,12.8204,
174.93,2.13293,9.99414,-30.6606,28.8943,1.48071,18.005,-53.9563,12.7051,
174.96,2.11646,9.99414,-30.3311,28.6581,1.4093,17.9116,-53.407,12.5952,
174.99,2.10547,9.99414,-30.0289,28.3285,1.33789,17.7798,-52.7753,12.37,
175.02,2.0835,9.99414,-29.6499,28.0209,1.27197,17.637,-52.7753,12.37,
175.05,2.05054,9.99414,-29.183,27.6364,1.25,17.637,-51.9513,12.1832,
175.08,2.05054,9.99414,-28.6501,27.1914,1.25,17.5326,-51.1108,12.0129,
175.11,2.05054,9.99414,-28.0624,26.6641,1.23352,17.4722,-50.0616,11.7218,
175.14,2.05054,9.99414,-27.4197,26.0653,1.20056,17.3184,-49.0234,11.4581,
175.17,2.03955,9.99414,-26.722,25.4226,1.15662,17.1041,-47.6062,11.1066,
175.2,2.03955,9.99414,-25.9915,24.7305,1.12366,16.9064,-46.2384,10.8154,
175.23,2.03406,9.99414,-25.2334,24.0054,1.12366,16.6592,-44.7717,10.4034,
175.26,2.03406,9.99414,-24.4589,23.2693,1.11267,16.4449,-44.7717,10.4034,
175.29,2.03406,9.99414,-23.6184,22.4453,1.06873,16.4449,-43.1952,10.0519,
175.32,1.96265,9.99414,-22.767,21.6323,1.06873,16.1978,-41.5912,9.61792,
175.35,1.84729,9.99414,-21.7837,20.7809,1.04675,16.0055,-39.9377,9.22791,
175.38,1.70996,9.98865,-20.8004,19.913,1.04675,15.7748,-37.8998,8.76099,
175.41,1.61658,9.99414,-19.7952,18.9187,0.953369,15.5221,-35.9222,8.23364,
175.44,1.55615,9.99414,-18.7954,17.9135,0.799561,15.1541,-33.8843,7.74475,
175.47,1.45178,9.98865,-17.7957,16.8917,0.656738,14.797,-31.8903,7.74475,
175.5,1.35291,9.98865,-16.8069,15.87,0.568848,14.5333,-31.8903,7.21741,
175.53,1.31995,9.98865,-15.8016,14.8757,0.568848,14.5333,-29.8523,6.745,
175.56,1.31445,9.98865,-14.8019,13.887,0.508423,14.3411,-27.8638,6.20667,
175.59,1.29248,9.98865,-13.8131,12.8707,0.437012,14.0609,-25.8643,5.59692,
175.62,1.25403,9.98865,-12.8353,11.8984,0.360107,13.7368,-23.689,5.09155,
175.65,1.22656,9.98865,-11.8081,10.8547,0.283203,13.4347,-21.6455,4.64111,
175.68,1.20459,9.98865,-10.8138,9.97034,0.228271,13.2095,-19.6899,4.11377,
175.71,1.18811,9.98865,-9.80859,9.09143,0.222778,12.9952,-17.8552,3.66333,
175.74,1.18811,9.98865,-8.80884,8.20703,0.189819,12.7096,-17.8552,3.66333,
175.77,1.17163,9.98865,-7.93542,7.38855,0.162354,12.7096,-16.0974,3.26233,
175.8,1.1167,9.98865,-7.04553,6.56458,0.162354,12.4185,-14.5044,2.93274,
175.83,1.09473,9.98865,-6.271,5.84497,0.129395,12.1218,-12.9993,2.53723,
175.86,1.08923,9.98865,-5.58984,5.11438,0.123901,12.0175,-11.3788,2.15271,
175.89,1.08923,9.98865,-4.87024,4.44971,0.112915,11.946,-10.0275,1.8396,
175.92,1.06726,9.98865,-4.24951,3.86743,0.0909424,11.8032,-8.69263,1.56494,
175.95,1.04529,9.98865,-3.7002,3.36755,0.0799561,11.6439,-7.5885,1.56494,
175.98,1.04529,9.98865,-3.2113,2.93909,0.0634766,11.4956,-7.5885,1.33972,
176.01,1.04529,9.98865,-2.80481,2.56555,0.0634766,11.4956,-6.61072,1.14197,
176.04,1.04529,9.98865,-2.43677,2.23047,0.0524902,11.4681,-5.79773,0.97168,
176.07,1.04529,9.98865,-2.14014,1.94482,0.0415039,11.4517,-5.0946,0.823364,
176.1,0.951904,9.98865,-1.85999,1.7196,0.0250244,11.3748,-4.34753,0.697021,
176.13,0.825562,9.98865,-1.61829,1.4834,0.0140381,11.1715,-3.70483,0.598145,
176.16,0.671753,9.91724,-1.40955,1.28564,0.0140381,10.9738,-3.172,0.515747,
176.19,0.572876,9.80737,-1.21729,1.10437,0.0140381,10.8199,-2.71057,0.515747,
176.22,0.512451,9.67004,-1.06897,0.967041,0.00854492,10.8199,-2.71057,0.43335,
176.25,0.484985,9.55469,-0.931641,0.857178,0.00854492,10.7485,-2.30957,0.367432,
176.28,0.446533,9.49426,-0.827271,0.747314,0.0140381,10.6442,-1.97449,0.328979,
176.31,0.369629,9.4613,-0.706421,0.637451,0.0195312,10.5288,-1.68884,0.290527,
176.34,0.292725,9.40637,-0.613037,0.544067,0.0195312,10.4354,-1.44165,0.230103,
176.37,0.237793,9.33496,-0.53064,0.478149,0.00305176,10.3915,-1.23291,0.186157,
176.4,0.226807,9.27454,-0.464722,0.423218,-0.00244141,10.3475,-1.04614,0.158691,
176.43,0.221313,9.25256,-0.404297,0.379272,-0.00244141,10.2981,-1.04614,0.158691,
176.46,0.204834,9.24158,-0.343872,0.324341,-0.00244141,10.2981,-0.897827,0.136719,
176.49,0.171875,9.20862,-0.299927,0.280396,-0.00244141,10.2322,-0.765991,0.114746,
176.52,0.138916,9.15369,-0.266968,0.23645,-0.00793457,10.1992,-0.650635,0.0927734,
176.55,0.122437,9.12622,-0.228516,0.208984,-0.00793457,10.1827,-0.557251,0.0817871,
176.58,0.105957,9.12622,-0.195557,0.181519,-0.00793457,10.1718,-0.474854,0.0708008,
176.61,0.0949707,9.04932,-0.173584,0.154053,-0.00244141,10.0289,-0.397949,0.0653076,
176.64,0.072998,8.90649,-0.146118,0.13208,-0.00244141,9.86963,-0.348511,0.0653076,
176.67,0.0510254,8.71973,-0.129639,0.110107,-0.00244141,9.69385,-0.348511,0.0598145,
176.7,0.0455322,8.59338,-0.118652,0.0991211,-0.00244141,9.69385,-0.299072,0.043335,
176.73,0.0455322,8.55493,-0.102173,0.0881348,-0.00244141,9.58948,-0.255127,0.0323486,
176.76,0.0455322,8.53296,-0.0856934,0.0716553,-0.00244141,9.55652,-0.216675,0.0323486,
176.79,0.0400391,8.38464,-0.0692139,0.0661621,-0.00244141,9.47961,-0.183716,0.0213623,
176.82,0.0400391,8.16492,-0.0637207,0.0551758,-0.00793457,9.29285,-0.15625,0.0158691,
176.85,0.0345459,7.9342,-0.0582275,0.0496826,-0.00793457,9.07312,-0.139771,0.010376,
176.88,0.0345459,7.81335,-0.0527344,0.0441895,-0.00793457,8.86438,-0.123291,0.010376,
176.91,0.0345459,7.7749,-0.041748,0.0332031,-0.00793457,8.7655,-0.123291,0.010376,
176.94,0.0180664,7.62109,-0.0307617,0.02771,-0.00793457,8.7655,-0.101318,0.010376,
176.97,0.00708008,7.39038,-0.0252686,0.0167236,-0.00793457,8.59521,-0.0793457,0.00488281,
177,-0.00390625,7.11572,-0.0252686,0.0112305,-0.00793457,8.3645,-0.0683594,0.00488281,
177.03,-0.00390625,6.93994,-0.0197754,0.0167236,-0.00244141,8.10083,-0.0628662,0.010376,
177.06,-0.00390625,6.88501,-0.0197754,0.0167236,0.00305176,7.8811,-0.057373,0.010376,
177.09,-0.00390625,6.81909,-0.00878906,0.000244141,-0.00244141,7.80969,-0.0463867,0.00488281,
177.12,-0.00390625,6.62134,-0.0032959,0.000244141,-0.00793457,7.63391,-0.0354004,0.00488281,
177.15,-0.00390625,6.36865,-0.0032959,0.000244141,-0.00793457,7.63391,-0.0354004,-0.000610352,
177.18,-0.00390625,6.12146,-0.0032959,0.0057373,-0.00793457,7.39771,-0.0354004,-0.000610352,
177.21,-0.00390625,5.98962,-0.0032959,0.0057373,-0.00793457,7.11206,-0.0299072,-0.000610352,
177.24,-0.00390625,5.91821,-0.0032959,0.000244141,-0.00244141,6.87585,-0.0299072,-0.000610352,
177.27,-0.00390625,5.83032,0.00219727,-0.00524902,-0.00793457,6.81543,-0.0244141,-0.00610352,
177.3,-0.00390625,5.69299,0.00219727,-0.00524902,-0.0134277,6.77148,-0.0189209,-0.00610352,
177.33,-0.00390625,5.56665,0.00219727,0.000244141,-0.0134277,6.65613,-0.0189209,-0.00610352,
177.36,-0.00390625,5.50073,0.00219727,-0.00524902,-0.00793457,6.5188,-0.0189209,-0.00610352,
177.39,-0.00390625,5.46228,0.00219727,-0.00524902,0.00854492,6.5188,-0.0134277,-0.000610352,
177.42,-0.00390625,5.41284,0.00219727,-0.00524902,0.00854492,6.39795,-0.0134277,-0.000610352,
177.45,-0.00390625,5.33594,0.00219727,-0.00524902,-0.00793457,6.3595,-0.0134277,-0.00610352,
177.48,-0.00390625,5.27551,0.00219727,-0.00524902,-0.00793457,6.3595,-0.0134277,-0.00610352,
177.51,-0.00390625,5.25354,0.00219727,-0.00524902,-0.00793457,6.31006,-0.0134277,-0.00610352,
177.54,-0.00390625,5.24255,0.00219727,-0.00524902,-0.00244141,6.24963,-0.00793457,-0.000610352,
177.57,-0.00390625,5.2041,0.00219727,-0.00524902,-0.00244141,6.18372,-0.00793457,-0.000610352,
177.6,-0.00390625,5.15466,0.00219727,-0.00524902,-0.00793457,6.06287,-0.00793457,-0.000610352,
177.63,-0.00390625,5.1217,0.00219727,-0.00524902,-0.00793457,6.06287,-0.00793457,-0.00610352,
177.66,-0.00390625,5.1217,0.00219727,-0.00524902,-0.00793457,5.90906,-0.00793457,-0.00610352,
177.69,-0.00390625,5.1217,0.00219727,-0.00524902,-0.00793457,5.76074,-0.00793457,-0.000610352,
177.72,-0.00390625,5.10522,0.00219727,-0.00524902,-0.00793457,5.62891,-0.00793457,-0.000610352,
177.75,-0.00390625,5.07227,0.00769043,-0.00524902,-0.00793457,5.53552,-0.00793457,-0.00610352,
177.78,-0.00390625,5.05029,0.00769043,-0.00524902,-0.00793457,5.49158,-0.00793457,-0.00610352,
177.81,-0.00390625,5.05579,0.00769043,-0.00524902,-0.00793457,5.42566,-0.00793457,-0.00610352,
177.84,-0.00390625,5.05579,0.00769043,-0.00524902,-0.00793457,5.36523,-0.00793457,-0.00610352,
177.87,-0.00390625,5.05029,0.00769043,-0.00524902,-0.00793457,5.36523,-0.00793457,-0.000610352,
177.9,-0.00390625,5.03931,0.00769043,-0.00524902,-0.00793457,5.29382,-0.00793457,-0.00610352,
177.93,-0.00390625,5.03381,0.00769043,-0.00524902,-0.00793457,5.2334,-0.00793457,-0.00610352,
177.96,-0.00390625,5.03381,0.00769043,-0.00524902,-0.00793457,5.21692,-0.00793457,-0.000610352,
177.99,-0.00390625,5.02832,0.00769043,-0.00524902,-0.00793457,5.20044,-0.00793457,-0.000610352,
178.02,-0.00390625,5.02283,0.00769043,-0.00524902,-0.00793457,5.17847,-0.00793457,-0.000610352,
178.05,-0.00390625,5.02283,0.00769043,-0.00524902,-0.00793457,5.14001,-0.00793457,-0.000610352,
178.08,-0.00390625,5.01733,0.00769043,-0.0107422,-0.00793457,5.10706,-0.00793457,-0.00610352,
178.11,-0.00390625,5.01184,0.00769043,-0.0107422,-0.00793457,5.10706,-0.00793457,-0.00610352,
178.14,-0.00390625,5.00635,0.00769043,-0.0107422,-0.00793457,5.09607,-0.00793457,-0.00610352,
178.17,-0.00390625,5.00085,0.00769043,-0.00524902,-0.00793457,5.09058,-0.00793457,-0.00610352,
178.2,-0.00390625,5.00085,0.00769043,-0.00524902,-0.00793457,5.07959,-0.00793457,-0.00610352,
178.23,-0.00390625,5.00085,0.00769043,-0.0107422,-0.00793457,5.06311,-0.00793457,-0.00610352,
178.26,-0.00390625,5.00085,0.00769043,-0.0107422,-0.00793457,5.05212,-0.00793457,-0.00610352,
178.29,-0.00390625,4.99536,0.00769043,-0.0107422,-0.00793457,5.05212,-0.00793457,-0.00610352,
178.32,-0.00390625,4.99536,0.00769043,-0.0107422,-0.00793457,5.05212,-0.00793457,-0.000610352,
178.35,-0.00390625,4.99536,0.00769043,-0.0107422,-0.00793457,5.05212,-0.00793457,-0.000610352,
178.38,-0.00390625,4.99536,0.00769043,-0.0107422,-0.00793457,5.04663,-0.00793457,-0.000610352,
178.41,-0.00390625,4.99536,0.00769043,-0.0107422,-0.00793457,5.03015,-0.00793457,-0.00610352,
178.44,-0.00390625,4.99536,0.00769043,-0.0107422,-0.00793457,5.01917,-0.00793457,-0.00610352,
178.47,-0.00390625,4.99536,0.00769043,-0.0107422,-0.00793457,5.01917,-0.00793457,-0.00610352,
178.5,-0.00390625,4.99536,0.00769043,-0.0107422,-0.00793457,5.01917,-0.00793457,-0.00610352,
178.53,-0.00390625,4.99536,0.00769043,-0.00524902,-0.00793457,5.01917,-0.00793457,-0.00610352,
178.56,-0.00390625,4.99536,0.00769043,-0.00524902,-0.00793457,5.01917,-0.00793457,-0.00610352,
178.59,-0.00390625,4.99536,0.00769043,-0.0107422,-0.00793457,5.01367,-0.00793457,-0.00610352,
178.62,-0.00390625,4.99536,0.00769043,-0.0107422,-0.00793457,5.01367,-0.00793457,-0.00610352,
178.65,-0.00390625,4.99536,0.00769043,-0.0107422,-0.00793457,5.00818,-0.00793457,-0.00610352,
178.68,-0.00390625,4.98987,0.00769043,-0.0107422,-0.00793457,5.01367,-0.00793457,-0.000610352,
178.71,-0.00390625,4.98987,0.00769043,-0.0107422,-0.00244141,5.00818,-0.00793457,-0.000610352,
178.74,-0.00390625,4.98987,0.00769043,-0.0107422,-0.00793457,5.00818,-0.00793457,-0.000610352,
178.77,-0.00390625,4.98987,0.00769043,-0.0107422,-0.00793457,5.00818,-0.00793457,-0.00610352,
178.8,-0.00390625,4.98987,0.00769043,-0.0107422,-0.00793457,5.00818,-0.00793457,-0.00610352,
178.83,-0.00390625,4.98987,0.00769043,-0.0107422,-0.00793457,5.00818,-0.00793457,-0.00610352,
178.86,-0.00390625,4.98987,0.00769043,-0.0107422,-0.00793457,5.00818,-0.00793457,-0.00610352,
178.89,-0.00390625,4.98987,0.00769043,-0.0107422,-0.00793457,5.00818,-0.00793457,-0.00610352,
178.92,-0.00390625,4.98987,0.00769043,-0.0107422,-0.00793457,5.00818,-0.00793457,-0.00610352,
178.95,0.00158691,4.98987,0.00769043,-0.0107422,-0.00793457,5.00818,-0.00793457,-0.00610352,
178.98,0.00158691,4.98987,0.00769043,-0.0107422,-0.00793457,5.00269,-0.00793457,-0.00610352,
179.01,0.00158691,4.98987,0.00769043,-0.0107422,-0.00244141,5.00269,-0.00793457,-0.00610352,
179.04,0.00158691,4.98987,0.00769043,-0.0107422,-0.00244141,5.00269,-0.00793457,-0.00610352,
179.07,0.00158691,4.98987,0.00769043,-0.0107422,-0.00244141,5.00269,-0.00793457,-0.00610352,
179.1,0.00158691,4.98987,0.00769043,-0.0107422,-0.00793457,5.00269,-0.00793457,-0.00610352,
179.13,0.00158691,4.98987,0.00769043,-0.0107422,-0.00793457,5.00269,-0.00793457,-0.00610352,
179.16,0.00158691,4.98987,0.00769043,-0.0107422,-0.00793457,5.00269,-0.00793457,-0.00610352,
179.19,0.00158691,4.98987,0.00769043,-0.0107422,-0.00793457,5.00269,-0.00793457,-0.00610352,
179.22,0.00158691,4.98987,0.00769043,-0.0107422,-0.00793457,5.00269,-0.00793457,-0.00610352,
179.25,0.00158691,4.98987,0.00769043,-0.0107422,-0.00793457,5.00269,-0.00793457,-0.00610352,
179.28,0.00158691,4.98987,0.00769043,-0.0107422,-0.00793457,5.00269,-0.00793457,-0.00610352,
179.31,0.00158691,4.98987,0.00769043,-0.0107422,-0.00793457,5.00269,-0.00793457,-0.00610352,
179.34,0.00158691,4.98987,0.00769043,-0.0107422,-0.00793457,5.00269,-0.00793457,-0.00610352,
179.37,0.00158691,4.98987,0.00769043,-0.0107422,-0.00793457,5.00269,-0.00793457,-0.00610352,
179.4,0.00158691,4.98987,0.00769043,-0.0107422,-0.00244141,5.00269,-0.00793457,-0.00610352,
179.43,0.00158691,4.98987,0.00769043,-0.0107422,-0.00244141,5.00269,-0.00793457,-0.00610352,
179.46,0.00158691,4.98987,0.00769043,-0.0107422,-0.00793457,5.00269,-0.00793457,-0.00610352,
179.49,0.00158691,4.98987,0.00769043,-0.0107422,-0.00793457,5.00269,-0.00793457,-0.00610352,
179.52,0.00158691,4.98987,0.00769043,-0.0107422,-0.00793457,5.00269,-0.00793457,-0.00610352,
179.55,0.00158691,4.98987,0.00769043,-0.0107422,-0.00793457,5.00269,-0.00793457,-0.00610352,
179.58,0.00158691,4.98987,0.00769043,-0.0107422,-0.00793457,5.00269,-0.00793457,-0.00610352,
179.61,0.00158691,4.98987,0.00769043,-0.0107422,-0.00793457,5.00269,-0.00793457,-0.00610352,
179.64,0.00158691,4.98987,0.00769043,-0.0107422,-0.00793457,5.00269,-0.00793457,-0.00610352,
179.67,0.00158691,4.98987,0.00769043,-0.0107422,-0.00793457,5.00269,-0.00793457,-0.00610352,
179.7,0.00158691,4.98987,0.00769043,-0.0107422,-0.00793457,5.00269,-0.00793457,-0.00610352,
179.73,0.00158691,4.98987,0.00769043,-0.0107422,-0.00793457,5.00269,-0.00793457,-0.00610352,
179.76,0.00158691,4.98987,0.00769043,-0.0107422,-0.00793457,5.00269,-0.00793457,-0.00610352,
179.79,0.00158691,4.98987,0.00769043,-0.0107422,-0.00793457,5.00269,-0.00793457,-0.00610352,
179.82,0.00158691,4.98987,0.00769043,-0.0107422,-0.00793457,5.00269,-0.00793457,-0.00610352,
179.85,0.00158691,4.98987,0.00769043,-0.0107422,-0.00793457,5.00269,-0.00793457,-0.00610352,
179.88,0.00158691,4.98987,0.00769043,-0.0107422,-0.00793457,5.00269,-0.00793457,-0.00610352,
179.91,0.00158691,4.98987,0.00769043,-0.0107422,-0.00793457,5.00269,-0.00793457,-0.00610352,
179.94,0.00708008,4.98987,0.00769043,-0.0107422,-0.00793457,5.00269,-0.00793457,-0.00610352,
179.97,0.00708008,4.98987,0.00769043,-0.0107422,-0.00793457,5.00269,-0.00793457,-0.00610352,
180,0.00708008,4.98987,0.00769043,-0.0107422,-0.00793457,5.00269,-0.00793457,-0.00610352,
180.03,0.00708008,4.98987,0.00769043,-0.0107422,-0.00793457,5.00269,-0.00793457,-0.00610352,
180.06,0.00708008,4.98987,0.00769043,-0.0107422,-0.00793457,5.00269,-0.00793457,-0.00610352,
180.09,0.00708008,4.98987,0.00769043,-0.0107422,-0.00793457,5.00269,-0.00793457,-0.00610352,
180.12,0.00708008,4.98987,0.00769043,-0.0107422,-0.00793457,5.00269,-0.00793457,-0.00610352,
180.15,0.00708008,4.98987,0.00769043,-0.0107422,-0.00793457,5.00269,-0.00793457,-0.00610352,
180.18,0.00708008,4.98987,0.00769043,-0.0107422,-0.00793457,5.00269,-0.00793457,-0.00610352,
180.21,0.00708008,4.98987,0.00769043,-0.0107422,-0.00793457,5.00269,-0.00793457,-0.00610352,
180.24,0.00708008,4.98987,0.00769043,-0.0107422,-0.00793457,5.00269,-0.00793457,-0.00610352,
180.27,0.00708008,4.98987,0.00769043,-0.0107422,-0.00793457,5.00269,-0.00793457,-0.00610352,
180.3,0.00708008,4.98987,0.00769043,-0.0107422,-0.00793457,5.00269,-0.00793457,-0.00610352,
180.33,0.00708008,4.98987,0.00769043,-0.0107422,-0.00793457,5.00269,-0.00793457,-0.00610352,
180.36,0.00708008,4.98987,0.00769043,-0.0107422,-0.00793457,5.00269,-0.00793457,-0.00610352,
180.39,0.00708008,4.98987,0.00769043,-0.0107422,-0.00793457,5.00269,-0.00793457,-0.00610352,
180.42,0.00708008,4.98987,0.00769043,-0.0107422,-0.00793457,5.00269,-0.00793457,-0.00610352,
180.45,0.00708008,4.98987,0.00769043,-0.0107422,-0.00793457,5.00269,-0.00793457,-0.00610352,
180.48,0.00708008,4.98987,0.00769043,-0.0107422,-0.00793457,5.00269,-0.00793457,-0.00610352,
180.51,0.00708008,4.98987,0.00769043,-0.0107422,-0.00793457,5.00269,-0.00793457,-0.00610352,
180.54,0.00708008,4.98987,0.00769043,-0.0107422,-0.00793457,5.00269,-0.00793457,-0.00610352,
180.57,0.00708008,4.98987,0.00769043,-0.0107422,-0.00793457,5.00269,-0.00793457,-0.00610352,
180.6,0.00708008,4.98987,0.00769043,-0.0107422,-0.00793457,5.00269,-0.00793457,-0.00610352,
180.63,0.00708008,4.98987,0.00769043,-0.0107422,-0.00793457,5.00269,-0.00793457,-0.00610352,
180.66,0.00708008,4.98987,0.00769043,-0.0107422,-0.00793457,5.00269,-0.00793457,-0.00610352,
180.69,0.00708008,4.98987,0.00769043,-0.0107422,-0.00793457,5.00269,-0.00793457,-0.00610352,
180.72,0.00708008,4.98987,0.00769043,-0.0107422,-0.00793457,5.00269,-0.00793457,-0.00610352,
180.75,0.00708008,4.98987,0.00769043,-0.0107422,-0.00793457,5.00269,-0.00793457,-0.00610352,
180.78,0.00708008,4.98987,0.00769043,-0.0107422,-0.00793457,5.00269,-0.00793457,-0.00610352,
180.81,0.00708008,4.98987,0.00769043,-0.0107422,-0.00793457,5.00269,-0.00793457,-0.00610352,
180.84,0.00708008,4.98987,0.00769043,-0.0107422,-0.00793457,5.00269,-0.00793457,-0.00610352,
180.87,0.00708008,4.98987,0.00769043,-0.0107422,-0.00793457,5.00269,-0.00793457,-0.00610352,
180.9,0.00708008,4.98987,0.00769043,-0.0107422,-0.00793457,5.00269,-0.00793457,-0.00610352,
180.93,0.00708008,4.98987,0.00769043,-0.0107422,-0.00793457,5.00269,-0.00793457,-0.00610352,
180.96,0.00708008,4.98987,0.00769043,-0.0107422,-0.00793457,5.00269,-0.00793457,-0.00610352,
180.99,0.00708008,4.98987,0.00769043,-0.0107422,-0.00793457,5.00269,-0.00793457,-0.00610352,
181.02,0.00708008,4.98987,0.00769043,-0.0107422,-0.00793457,5.00818,-0.00793457,-0.00610352,
181.05,0.00708008,4.98987,0.00769043,-0.0107422,-0.00793457,5.00269,-0.00793457,-0.00610352,
181.08,0.00708008,4.98987,0.00769043,-0.0107422,-0.00793457,5.00269,-0.00793457,-0.00610352,
181.11,0.00708008,4.98987,0.00769043,-0.0107422,-0.00793457,5.00269,-0.00793457,-0.00610352,
181.14,0.00708008,4.98987,0.00769043,-0.0107422,-0.00793457,5.00269,-0.00793457,-0.00610352,
181.17,0.00708008,4.98987,0.00769043,-0.0107422,-0.00793457,5.00818,-0.00793457,-0.00610352,
181.2,0.00708008,4.98987,0.00769043,-0.0107422,-0.00793457,5.00269,-0.00793457,-0.00610352,
181.23,0.00708008,4.98987,0.00769043,-0.0107422,-0.00793457,5.00818,-0.00793457,-0.00610352,
181.26,0.00708008,4.98987,0.00769043,-0.0107422,-0.00793457,5.00269,-0.00793457,-0.00610352,
181.29,0.00708008,4.98987,0.00769043,-0.0107422,-0.00793457,5.00818,-0.00793457,-0.00610352,
181.32,0.00708008,4.98987,0.00769043,-0.0107422,-0.00793457,5.00818,-0.00793457,-0.00610352,
181.35,0.00708008,4.98987,0.00769043,-0.0107422,-0.00793457,5.00818,-0.00793457,-0.00610352,
181.38,0.00708008,4.98987,0.00769043,-0.0107422,-0.00793457,5.00818,-0.00793457,-0.00610352,
181.41,0.00708008,4.98987,0.00769043,-0.0107422,-0.00793457,5.00818,-0.00793457,-0.00610352,
181.44,0.00708008,4.98987,0.00769043,-0.0107422,-0.00793457,5.00818,-0.00793457,-0.00610352,
181.47,0.00708008,4.98987,0.00769043,-0.0107422,-0.00793457,5.00818,-0.00793457,-0.00610352,
181.5,0.00708008,4.98987,0.00769043,-0.0107422,-0.00793457,5.00818,-0.00793457,-0.00610352,
181.53,0.00708008,4.98987,0.00769043,-0.0107422,-0.00793457,5.00818,-0.00793457,-0.00610352,
181.56,0.00708008,4.98987,0.00769043,-0.0107422,-0.00793457,5.00818,-0.00793457,-0.00610352,
181.59,0.00708008,4.98987,0.00769043,-0.0107422,-0.00793457,5.00818,-0.00793457,-0.00610352,
181.62,0.00708008,4.98987,0.00769043,-0.0107422,-0.00793457,5.00818,-0.00793457,-0.00610352,
181.65,0.00708008,4.98987,0.00769043,-0.0107422,-0.00793457,5.00818,-0.00793457,-0.00610352,
181.68,0.00708008,4.98987,0.00769043,-0.0107422,-0.00793457,5.00818,-0.00793457,-0.00610352,
181.71,0.00708008,4.98987,0.00769043,-0.0107422,-0.00793457,5.00818,-0.00793457,-0.00610352,
181.74,0.00708008,4.98987,0.00769043,-0.0107422,-0.00793457,5.00818,-0.00793457,-0.00610352,
181.77,0.00708008,4.98987,0.00769043,-0.0107422,-0.00793457,5.00818,-0.00793457,-0.00610352,
181.8,0.00708008,4.98987,0.00769043,-0.0107422,-0.00793457,5.00818,-0.00793457,-0.00610352,
181.83,0.00708008,4.98987,0.00769043,-0.0107422,-0.00793457,5.00818,-0.00793457,-0.00610352,
181.86,0.00708008,4.98987,0.00769043,-0.0107422,-0.00793457,5.00818,-0.00793457,-0.00610352,
181.89,0.00708008,4.98987,0.00769043,-0.0107422,-0.00793457,5.00818,-0.00793457,-0.00610352,
181.92,0.00708008,4.98987,0.00769043,-0.0107422,-0.00793457,5.00818,-0.00793457,-0.00610352,
181.95,0.00708008,4.98987,0.00769043,-0.0107422,-0.00793457,5.00818,-0.00793457,-0.00610352,
181.98,0.00708008,4.98987,0.00769043,-0.0107422,-0.00793457,5.00818,-0.00793457,-0.00610352,
182.01,0.00708008,4.98987,0.00769043,-0.0107422,-0.00793457,5.00818,-0.00793457,-0.00610352,
182.04,0.00708008,4.98987,0.00769043,-0.0107422,-0.00793457,5.00818,-0.00793457,-0.00610352,
182.07,0.00708008,4.98987,0.00769043,-0.0107422,-0.00793457,5.00818,-0.00793457,-0.00610352,
182.1,0.00708008,4.98987,0.00769043,-0.0107422,-0.00793457,5.00818,-0.00793457,-0.00610352,
182.13,0.00708008,4.98987,0.00769043,-0.0107422,-0.00793457,5.00818,-0.00793457,-0.00610352,
182.16,0.00708008,4.98987,0.00769043,-0.0107422,-0.00793457,5.00818,-0.00793457,-0.00610352,
182.19,0.00708008,4.98987,0.00769043,-0.0107422,-0.00793457,5.00818,-0.00793457,-0.00610352,
182.22,0.00708008,4.98987,0.00769043,-0.0107422,-0.00793457,5.00818,-0.00793457,-0.00610352,
182.25,0.00708008,4.98987,0.00769043,-0.0107422,-0.00793457,5.00818,-0.00793457,-0.00610352,
182.28,0.00708008,4.98987,0.00769043,-0.0107422,-0.00793457,5.00818,-0.00793457,-0.00610352,
182.31,0.00708008,4.98987,0.00769043,-0.0107422,-0.00793457,5.00818,-0.00793457,-0.00610352,
182.34,0.00708008,4.98987,0.00769043,-0.0107422,-0.00793457,5.00818,-0.00793457,-0.00610352,
182.37,0.00708008,4.98987,0.00769043,-0.0107422,-0.00793457,5.00818,-0.00793457,-0.00610352,
182.4,0.00708008,4.98987,0.00769043,-0.0107422,-0.00793457,5.00818,-0.00793457,-0.00610352,
182.43,0.00708008,4.98987,0.00769043,-0.0107422,-0.00793457,5.00818,-0.00793457,-0.00610352,
182.46,0.00708008,4.98987,0.00769043,-0.0107422,-0.00793457,5.00818,-0.00793457,-0.00610352,
182.49,0.00708008,4.98987,0.00769043,-0.0107422,-0.00793457,5.00818,-0.00793457,-0.00610352,
182.52,0.00708008,4.98987,0.00769043,-0.0107422,-0.00793457,5.00818,-0.00793457,-0.00610352,
182.55,0.00708008,4.98987,0.00769043,-0.0107422,-0.00793457,5.00818,-0.00793457,-0.00610352,
182.58,0.00708008,4.98987,0.00769043,-0.0107422,-0.00793457,5.00269,-0.00793457,-0.00610352,
182.61,0.00708008,4.98987,0.00769043,-0.0107422,-0.00793457,5.00269,-0.00793457,-0.00610352,
182.64,0.00708008,4.98987,0.00769043,-0.0107422,-0.00793457,5.00818,-0.00793457,-0.00610352,
182.67,0.00708008,4.98987,0.00769043,-0.0107422,-0.00793457,5.00269,-0.00793457,-0.00610352,
182.7,0.00708008,4.98987,0.00769043,-0.0107422,-0.00793457,5.00818,-0.00793457,-0.00610352,
182.73,0.00708008,4.98987,0.00769043,-0.0107422,-0.00793457,5.00269,-0.00793457,-0.00610352,
182.76,0.00708008,4.98987,0.00769043,-0.0107422,-0.00793457,5.00269,-0.00793457,-0.00610352,
182.79,0.00708008,4.98987,0.00769043,-0.0107422,-0.00793457,5.00269,-0.00793457,-0.00610352,
182.82,0.00708008,4.98987,0.00769043,-0.0107422,-0.00793457,5.00269,-0.00793457,-0.00610352,
182.85,0.00708008,4.98987,0.00769043,-0.0107422,-0.00793457,5.00269,-0.00793457,-0.00610352,
182.88,0.00708008,4.98987,0.00769043,-0.0107422,-0.00793457,5.00818,-0.00793457,-0.00610352,
182.91,0.00708008,4.98987,0.00769043,-0.0107422,-0.00793457,5.00269,-0.00793457,-0.00610352,
182.94,0.00708008,4.98987,0.00769043,-0.0107422,-0.00793457,5.00818,-0.00793457,-0.00610352,
182.97,0.00708008,4.98987,0.00769043,-0.0107422,-0.00793457,5.00269,-0.00793457,-0.00610352,
183,0.00708008,4.98987,0.00769043,-0.0107422,-0.00793457,5.00818,-0.00793457,-0.00610352,
183.03,0.00708008,4.98987,0.00769043,-0.0107422,-0.00793457,5.00818,-0.00793457,-0.00610352,
183.06,0.00708008,4.98987,0.00769043,-0.0107422,-0.00793457,5.00818,-0.00793457,-0.00610352,
183.09,0.00708008,4.98987,0.00769043,-0.0107422,-0.00793457,5.00818,-0.00793457,-0.00610352,
183.12,0.00708008,4.98987,0.00769043,-0.0107422,-0.00793457,5.00818,-0.00793457,-0.00610352,
183.15,0.00708008,4.98987,0.00769043,-0.0107422,-0.00793457,5.00818,-0.00793457,-0.00610352,
183.18,0.00708008,4.98987,0.00769043,-0.0107422,-0.00793457,5.00818,-0.00793457,-0.00610352,
183.21,0.00708008,4.98987,0.00769043,-0.0107422,-0.00793457,5.00818,-0.00793457,-0.00610352,
183.24,0.00708008,4.98987,0.00769043,-0.0107422,-0.00793457,5.00818,-0.00793457,-0.00610352,
183.27,0.00708008,4.98987,0.00769043,-0.0107422,-0.00793457,5.00818,-0.00793457,-0.00610352,
183.3,0.00708008,4.98987,0.00769043,-0.0107422,-0.00793457,5.00818,-0.00793457,-0.00610352,
183.33,0.00708008,4.98987,0.00769043,-0.0107422,-0.00793457,5.00818,-0.00793457,-0.00610352,
183.36,0.00708008,4.98987,0.00769043,-0.0107422,-0.00793457,5.00818,-0.00793457,-0.00610352,
183.39,0.00708008,4.98987,0.00769043,-0.0107422,-0.00793457,5.00818,-0.00793457,-0.00610352,
183.42,0.00708008,4.98987,0.00769043,-0.0107422,-0.00793457,5.00818,-0.00793457,-0.00610352,
183.45,0.00708008,4.98987,0.00769043,-0.0107422,-0.00793457,5.00818,-0.00793457,-0.00610352,
183.48,0.00708008,4.98987,0.00769043,-0.0107422,-0.00793457,5.00818,-0.00793457,-0.00610352,
183.51,0.00708008,4.98987,0.00769043,-0.0107422,-0.00793457,5.00818,-0.00793457,-0.00610352,
183.54,0.00708008,4.98987,0.00769043,-0.0107422,-0.00793457,5.00818,-0.00793457,-0.00610352,
183.57,0.00708008,4.98987,0.00769043,-0.0107422,-0.00793457,5.00818,-0.00793457,-0.00610352,
183.6,0.00708008,4.98987,0.00769043,-0.0107422,-0.00793457,5.00818,-0.00793457,-0.00610352,
183.63,0.00708008,4.98987,0.00769043,-0.0107422,-0.00793457,5.00818,-0.00793457,-0.00610352,
183.66,0.00708008,4.98987,0.00769043,-0.0107422,-0.00793457,5.00818,-0.00793457,-0.00610352,
183.69,0.00708008,4.98987,0.00769043,-0.0107422,-0.00793457,5.00818,-0.00793457,-0.00610352,
183.72,0.00708008,4.98987,0.00769043,-0.0107422,-0.00793457,5.00818,-0.00793457,-0.00610352,
183.75,0.00708008,4.98987,0.00769043,-0.0107422,-0.00793457,5.00818,-0.00793457,-0.00610352,
183.78,0.00708008,4.98987,0.00769043,-0.0107422,-0.00793457,5.00818,-0.00793457,-0.00610352,
183.81,0.00708008,4.98987,0.00769043,-0.0107422,-0.00793457,5.00818,-0.00793457,-0.00610352,
183.84,0.00708008,4.98987,0.00769043,-0.0107422,-0.00793457,5.00818,-0.00793457,-0.00610352,
183.87,0.00708008,4.98987,0.00769043,-0.0107422,-0.00793457,5.00818,-0.00793457,-0.00610352,
183.9,0.00708008,4.98987,0.00769043,-0.0107422,-0.00793457,5.00818,-0.00793457,-0.00610352,
183.93,0.00708008,4.98987,0.00769043,-0.0107422,-0.00793457,5.00818,-0.00793457,-0.00610352,
183.96,0.00708008,4.98987,0.00769043,-0.0107422,-0.00793457,5.00818,-0.00793457,-0.00610352,
183.99,0.00708008,4.98987,0.00769043,-0.0107422,-0.00793457,5.00818,-0.00793457,-0.00610352,
184.02,0.00708008,4.98987,0.00769043,-0.0107422,-0.00793457,5.00818,-0.00793457,-0.00610352,
184.05,0.00708008,4.98987,0.00769043,-0.0107422,-0.00793457,5.00818,-0.00793457,-0.00610352,
184.08,0.00708008,4.98987,0.00769043,-0.0107422,-0.00793457,5.00818,-0.00793457,-0.00610352,
184.11,0.00708008,4.98987,0.00769043,-0.0107422,-0.00793457,5.00818,-0.00793457,-0.00610352,
184.14,0.00708008,4.98987,0.00769043,-0.0107422,-0.00793457,5.00818,-0.00793457,-0.00610352,
184.17,0.00708008,4.98987,0.00769043,-0.0107422,-0.00793457,5.00818,-0.00793457,-0.00610352,
184.2,0.00708008,4.98987,0.00769043,-0.0107422,-0.00793457,5.00818,-0.00793457,-0.00610352,
184.23,0.00708008,4.98987,0.00769043,-0.0107422,-0.00793457,5.00818,-0.00793457,-0.00610352,
184.26,0.00708008,4.98987,0.00769043,-0.0107422,-0.00793457,5.00818,-0.00793457,-0.00610352,
184.29,0.00708008,4.98987,0.00769043,-0.0107422,-0.00793457,5.00818,-0.00793457,-0.00610352,
184.32,0.00708008,4.98987,0.00769043,-0.0107422,-0.00793457,5.00818,-0.00793457,-0.00610352,
184.35,0.00708008,4.98987,0.00769043,-0.0107422,-0.00793457,5.00818,-0.00793457,-0.00610352,
184.38,0.00708008,4.98987,0.00769043,-0.0107422,-0.00793457,5.00818,-0.00793457,-0.00610352,
184.41,0.00708008,4.98987,0.00769043,-0.0107422,-0.00793457,5.00818,-0.00793457,-0.00610352,
184.44,0.00708008,4.98987,0.00769043,-0.0107422,-0.00793457,5.00818,-0.00793457,-0.00610352,
184.47,0.00708008,4.98987,0.00769043,-0.0107422,-0.00793457,5.00818,-0.00793457,-0.00610352,
184.5,0.00708008,4.98987,0.00769043,-0.0107422,-0.00793457,5.00269,-0.00793457,-0.00610352,
184.53,0.00708008,4.98987,0.00769043,-0.0107422,-0.00793457,5.00818,-0.00793457,-0.00610352,
184.56,0.00708008,4.98987,0.00769043,-0.0107422,-0.00793457,5.00269,-0.00793457,-0.00610352,
184.59,0.00708008,4.98987,0.00769043,-0.0107422,-0.00793457,5.00818,-0.00793457,-0.00610352,
184.62,0.00708008,4.98987,0.00769043,-0.0107422,-0.00793457,5.00269,-0.00793457,-0.00610352,
184.65,0.00708008,4.98987,0.00769043,-0.0107422,-0.00793457,5.00269,-0.00793457,-0.00610352,
184.68,0.00708008,4.98987,0.00769043,-0.0107422,-0.00793457,5.00269,-0.00793457,-0.00610352,
184.71,0.00708008,4.98987,0.00769043,-0.0107422,-0.00793457,5.00818,-0.00793457,-0.00610352,
184.74,0.00708008,4.98987,0.00769043,-0.0107422,-0.00793457,5.00269,-0.00793457,-0.00610352,
