time jpLt jpLc tpLt mpLc jrLt jrLc trLt mrLc jyLt jyLc tyLt myLc jkLt jkLc tkLt mkLc japLt japLc tapLt mapLc jarLt jarLc tarLt marLc jpRt jpRc tpRt mpRc jrRt jrRc trRt mrRc jyRt jyRc tyRt myRc jkRt jkRc tkRt mkRc japRt japRc tapRt mapRc jarRt jarRc tarRt marRc jwrt jwrc twrt mwrc jwyt jwyc twyt mwyc jspLt jspLc tspLt mspLt jsrLt jsrLc tsrLt msrLt jsyLt jsyLc tsyLt msyLt jeLt jeLc teLt meLt jwrLt jwrLc twrLt mwrLt jspRt jspRc tspRt mspRt jsrRt jsrRc tsrRt msrRt jsyRt jsyRc tsyRt msyRt jeRt jeRc teRt meRt jwrRt jwrRc twrRt mwrRt
0.200000 -0.430984 -0.465816 2.910000 2.910000 0.230157 0.132975 7.860000 7.860000 0.015282 0.030802 10.840000 10.840000 0.728911 0.815534 -0.560000 -0.560000 -0.059759 -0.342592 -11.210000 -11.210000 -0.198605 -0.083133 -2.160000 -2.160000 -0.339996 -0.404595 4.130000 4.130000 -0.078748 -0.000311 -5.480000 -5.480000 -0.093482 -0.118954 -10.900000 -10.900000 0.717361 0.750807 1.340000 1.340000 -0.002450 -0.372107 -9.040000 -9.040000 0.074351 -0.019000 1.880000 1.880000 0.029021 0.050071 0.470000 0.470000 -0.035308 -0.029094 -0.380000 -0.380000 -0.019100 0.025876 0.000000 0.000000 0.248823 0.170368 0.000000 0.000000 0.009615 0.003977 0.000000 0.000000 0.226894 0.144530 0.000000 0.000000 0.011510 0.033574 0.000000 0.000000 -0.054380 -0.035555 0.000000 0.000000 -0.237777 -0.188185 0.000000 0.000000 -0.164599 -0.121046 0.000000 0.000000 0.267840 0.222490 0.000000 0.000000 -0.153162 -0.135461 0.000000 0.000000
0.220000 -0.500250 -0.474437 -1.640000 -1.640000 0.190851 0.140816 3.410000 3.410000 0.016951 0.037723 9.160000 9.160000 0.705260 0.818492 -1.870000 -1.870000 -0.069708 -0.347029 -11.679999 -11.679999 -0.188421 -0.083996 -1.530000 -1.530000 -0.456454 -0.397554 -3.120000 -3.120000 -0.084702 -0.002014 -7.380000 -7.380000 -0.118598 -0.122987 -9.830000 -9.830000 0.648738 0.766597 1.860000 1.860000 0.067594 -0.361706 -13.349999 -13.349999 0.091338 -0.023166 2.250000 2.250000 0.069367 0.036670 1.670000 1.670000 -0.022519 -0.028086 2.590000 2.590000 -0.037498 0.023544 0.000000 0.000000 0.210957 0.173698 0.000000 0.000000 -0.006593 0.002812 0.000000 0.000000 0.231935 0.161301 0.000000 0.000000 -0.005018 0.015881 0.000000 0.000000 -0.075961 -0.035432 0.000000 0.000000 -0.168054 -0.194227 0.000000 0.000000 -0.114043 -0.126600 0.000000 0.000000 0.281364 0.236035 0.000000 0.000000 -0.162209 -0.146735 0.000000 0.000000
0.240000 -0.474856 -0.482798 0.430000 0.430000 0.222404 0.140150 6.200000 6.200000 0.028259 0.045554 9.610000 9.610000 0.731644 0.816894 -2.060000 -2.060000 -0.144078 -0.347396 -9.630000 -9.630000 -0.157274 -0.085008 -1.450000 -1.450000 -0.340794 -0.418984 4.640000 4.640000 -0.121943 -0.007261 -9.610000 -9.610000 -0.118444 -0.135928 -14.070000 -14.070000 0.736173 0.762352 4.150000 4.150000 0.058390 -0.356831 -9.780000 -9.780000 0.059659 -0.023933 1.620000 1.620000 0.040283 0.041721 -0.310000 -0.310000 -0.011871 -0.027440 2.330000 2.330000 -0.019934 0.021581 0.000000 0.000000 0.236086 0.182523 0.000000 0.000000 -0.016230 -0.000517 0.000000 0.000000 0.253445 0.179781 0.000000 0.000000 -0.009335 -0.000688 0.000000 0.000000 -0.105219 -0.035678 0.000000 0.000000 -0.273051 -0.193156 0.000000 0.000000 -0.161792 -0.128835 0.000000 0.000000 0.299323 0.245838 0.000000 0.000000 -0.158171 -0.157122 0.000000 0.000000
0.260000 -0.527240 -0.482844 -3.130000 -3.130000 0.223637 0.147796 5.080000 5.080000 0.025833 0.049440 10.700000 10.700000 0.698189 0.818607 -4.330000 -4.330000 -0.159832 -0.345798 -11.050000 -11.050000 -0.159134 -0.082760 -1.370000 -1.370000 -0.423437 -0.408185 0.230000 0.230000 -0.107372 -0.013800 -8.050000 -8.050000 -0.135878 -0.144934 -11.200000 -11.200000 0.673269 0.771661 3.140000 3.140000 0.083454 -0.353471 -13.440000 -13.440000 0.086541 -0.027064 2.190000 2.190000 0.030015 0.034125 -0.030000 -0.030000 -0.028092 -0.024171 -0.200000 -0.200000 -0.033765 0.020477 0.000000 0.000000 0.224422 0.190591 0.000000 0.000000 -0.050854 -0.007794 0.000000 0.000000 0.272437 0.198880 0.000000 0.000000 -0.031996 -0.014750 0.000000 0.000000 -0.089447 -0.034696 0.000000 0.000000 -0.188669 -0.199548 0.000000 0.000000 -0.138571 -0.132712 0.000000 0.000000 0.353914 0.257033 0.000000 0.000000 -0.160601 -0.154874 0.000000 0.000000
0.280000 -0.471538 -0.484684 0.630000 0.630000 0.216500 0.147893 4.930000 4.930000 0.036065 0.056723 8.679999 8.679999 0.745873 0.818303 -2.540000 -2.540000 -0.173948 -0.343467 -8.130000 -8.130000 -0.148498 -0.083218 -1.230000 -1.230000 -0.386524 -0.426194 2.230000 2.230000 -0.126129 -0.016727 -8.590000 -8.590000 -0.129383 -0.156044 -13.830000 -13.830000 0.720408 0.768629 2.690000 2.690000 -0.015426 -0.356476 -10.099999 -10.099999 0.066057 -0.026265 1.730000 1.730000 0.055648 0.032314 0.840000 0.840000 -0.017993 -0.025159 2.500000 2.500000 -0.055817 0.017899 0.000000 0.000000 0.223113 0.195981 0.000000 0.000000 -0.057206 -0.018446 0.000000 0.000000 0.263753 0.217068 0.000000 0.000000 -0.024613 -0.024058 0.000000 0.000000 -0.113906 -0.034573 0.000000 0.000000 -0.247943 -0.198546 0.000000 0.000000 -0.166279 -0.136111 0.000000 0.000000 0.354101 0.279853 0.000000 0.000000 -0.154126 -0.154064 0.000000 0.000000
0.300000 -0.524062 -0.485728 -2.680000 -2.680000 0.217020 0.150204 5.830000 5.830000 0.043391 0.059327 8.870000 8.870000 0.709772 0.820041 -4.760000 -4.760000 -0.190095 -0.342379 -11.050000 -11.050000 -0.147618 -0.082036 -1.280000 -1.280000 -0.392606 -0.418570 2.380000 2.380000 -0.099982 -0.020007 -6.950000 -6.950000 -0.152757 -0.163885 -10.480000 -10.480000 0.684016 0.775136 0.870000 0.870000 -0.017333 -0.356382 -12.280000 -12.280000 0.090553 -0.025967 2.140000 2.140000 0.011299 0.029260 -2.670000 -2.670000 -0.016078 -0.025453 -0.400000 -0.400000 -0.036361 0.010536 0.000000 0.000000 0.238593 0.200929 0.000000 0.000000 -0.068268 -0.026514 0.000000 0.000000 0.284762 0.225251 0.000000 0.000000 -0.038514 -0.023136 0.000000 0.000000 -0.063929 -0.034328 0.000000 0.000000 -0.215877 -0.204228 0.000000 0.000000 -0.161349 -0.141793 0.000000 0.000000 0.397408 0.299322 0.000000 0.000000 -0.154492 -0.143588 0.000000 0.000000
0.320000 -0.492132 -0.488688 -0.720000 -0.720000 0.220762 0.150948 5.760000 5.760000 0.042768 0.060384 9.230000 9.230000 0.742889 0.821458 -3.670000 -3.670000 -0.203836 -0.342320 -7.480000 -7.480000 -0.139697 -0.081770 -1.220000 -1.220000 -0.391834 -0.420963 2.070000 2.070000 -0.132813 -0.021445 -7.590000 -7.590000 -0.141233 -0.170845 -14.259999 -14.259999 0.692717 0.774464 -0.540000 -0.540000 -0.092541 -0.357920 -10.870000 -10.870000 0.074233 -0.026926 1.930000 1.930000 0.043230 0.026098 -0.770000 -0.770000 -0.006927 -0.023505 2.140000 2.140000 -0.041770 0.008941 0.000000 0.000000 0.240781 0.205551 0.000000 0.000000 -0.057758 -0.034699 0.000000 0.000000 0.275860 0.237807 0.000000 0.000000 -0.042604 -0.036097 0.000000 0.000000 -0.087111 -0.034205 0.000000 0.000000 -0.219800 -0.204402 0.000000 0.000000 -0.177386 -0.144389 0.000000 0.000000 0.371555 0.318060 0.000000 0.000000 -0.144631 -0.142318 0.000000 0.000000
0.340000 -0.511686 -0.485206 -2.020000 -2.020000 0.214948 0.150899 4.670000 4.670000 0.044859 0.059180 8.179999 8.179999 0.733664 0.825154 -4.150000 -4.150000 -0.227783 -0.337101 -8.000000 -8.000000 -0.134423 -0.080662 -1.040000 -1.040000 -0.408598 -0.419275 0.950000 0.950000 -0.116410 -0.025684 -7.480000 -7.480000 -0.157992 -0.178236 -12.520000 -12.520000 0.656855 0.774759 -3.020000 -3.020000 -0.117787 -0.359080 -12.340000 -12.340000 0.098914 -0.027799 2.380000 2.380000 0.011974 0.032148 -2.370000 -2.370000 -0.011315 -0.018317 0.260000 0.260000 -0.025949 0.008818 0.000000 0.000000 0.226731 0.209603 0.000000 0.000000 -0.074119 -0.037703 0.000000 0.000000 0.278135 0.245619 0.000000 0.000000 -0.049159 -0.044471 0.000000 0.000000 -0.065827 -0.032119 0.000000 0.000000 -0.226435 -0.206417 0.000000 0.000000 -0.174703 -0.148918 0.000000 0.000000 0.416166 0.333011 0.000000 0.000000 -0.144798 -0.134382 0.000000 0.000000
0.360000 -0.490189 -0.487722 -0.390000 -0.390000 0.217883 0.152729 4.750000 4.750000 0.040772 0.060110 8.960000 8.960000 0.759048 0.825654 -2.630000 -2.630000 -0.213632 -0.336380 -6.310000 -6.310000 -0.127677 -0.080662 -0.920000 -0.920000 -0.411568 -0.418110 0.700000 0.700000 -0.151750 -0.027094 -8.570000 -8.570000 -0.147664 -0.183092 -16.570000 -16.570000 0.660576 0.773652 -4.220000 -4.220000 -0.184520 -0.360819 -10.690000 -10.690000 0.094923 -0.027799 2.250000 2.250000 0.038526 0.026431 -0.560000 -0.560000 -0.005885 -0.018395 1.160000 1.160000 -0.044180 0.008573 0.000000 0.000000 0.247200 0.214481 0.000000 0.000000 -0.060597 -0.041463 0.000000 0.000000 0.277295 0.247115 0.000000 0.000000 -0.045919 -0.044820 0.000000 0.000000 -0.087992 -0.031383 0.000000 0.000000 -0.205867 -0.205427 0.000000 0.000000 -0.171590 -0.151281 0.000000 0.000000 0.399321 0.349130 0.000000 0.000000 -0.139591 -0.135393 0.000000 0.000000
0.380000 -0.500084 -0.486004 -1.040000 -1.040000 0.222445 0.152494 4.990000 4.990000 0.038116 0.059523 9.559999 9.559999 0.743199 0.826801 -3.780000 -3.780000 -0.266149 -0.333871 -6.780000 -6.780000 -0.122570 -0.080662 -0.740000 -0.740000 -0.420872 -0.418048 -0.300000 -0.300000 -0.129173 -0.033975 -7.590000 -7.590000 -0.164696 -0.187330 -13.259999 -13.259999 0.640814 0.773775 -6.320000 -6.320000 -0.220430 -0.361020 -11.670000 -11.670000 0.105879 -0.027799 2.460000 2.460000 -0.002929 0.030767 -2.610000 -2.610000 -0.009423 -0.014000 -1.430000 -1.430000 -0.026394 0.008450 0.000000 0.000000 0.230670 0.217612 0.000000 0.000000 -0.068661 -0.043407 0.000000 0.000000 0.277905 0.248048 0.000000 0.000000 -0.054724 -0.045663 0.000000 0.000000 -0.086327 -0.031628 0.000000 0.000000 -0.232532 -0.204472 0.000000 0.000000 -0.177232 -0.154099 0.000000 0.000000 0.436518 0.357437 0.000000 0.000000 -0.140866 -0.128548 0.000000 0.000000
0.400000 -0.483259 -0.486878 0.250000 0.250000 0.229475 0.153747 5.270000 5.270000 0.035233 0.060619 10.679999 10.679999 0.765110 0.825981 -2.800000 -2.800000 -0.269847 -0.333847 -5.290000 -5.290000 -0.122209 -0.081024 -0.820000 -0.820000 -0.421558 -0.418048 -0.290000 -0.290000 -0.151958 -0.033075 -8.809999 -8.809999 -0.156964 -0.195573 -15.490000 -15.490000 0.642007 0.776365 -7.470000 -7.470000 -0.297805 -0.364759 -10.250000 -10.250000 0.104062 -0.027799 2.430000 2.430000 0.024030 0.022417 -1.200000 -1.200000 -0.007252 -0.015028 -0.310000 -0.310000 -0.016793 0.009432 0.000000 0.000000 0.240057 0.219952 0.000000 0.000000 -0.059412 -0.046632 0.000000 0.000000 0.276703 0.248171 0.000000 0.000000 -0.049000 -0.045719 0.000000 0.000000 -0.075479 -0.031628 0.000000 0.000000 -0.228619 -0.204333 0.000000 0.000000 -0.186297 -0.157871 0.000000 0.000000 0.434192 0.371837 0.000000 0.000000 -0.131022 -0.124040 0.000000 0.000000
0.420000 -0.495091 -0.485620 -0.610000 -0.610000 0.217836 0.154207 4.080000 4.080000 0.038990 0.061040 9.220000 9.220000 0.760722 0.826957 -3.750000 -3.750000 -0.302667 -0.332439 -4.970000 -4.970000 -0.116747 -0.081163 -0.660000 -0.660000 -0.432637 -0.418938 -0.940000 -0.940000 -0.154012 -0.036393 -7.500000 -7.500000 -0.156943 -0.196659 -16.930000 -16.930000 0.610520 0.778167 -10.770000 -10.770000 -0.355862 -0.368901 -11.469999 -11.469999 0.115723 -0.023773 2.320000 2.320000 0.019109 0.025961 -1.490000 -1.490000 0.000046 -0.011504 0.380000 0.380000 -0.013317 0.009555 0.000000 0.000000 0.247434 0.220558 0.000000 0.000000 -0.064872 -0.047238 0.000000 0.000000 0.279684 0.248171 0.000000 0.000000 -0.051899 -0.045719 0.000000 0.000000 -0.079644 -0.031628 0.000000 0.000000 -0.221929 -0.202540 0.000000 0.000000 -0.185128 -0.160665 0.000000 0.000000 0.465697 0.385236 0.000000 0.000000 -0.134777 -0.127187 0.000000 0.000000
0.440000 -0.474591 -0.487415 0.910000 0.910000 0.230198 0.157271 4.880000 4.880000 0.036950 0.063693 10.610000 10.610000 0.767858 0.828104 -4.350000 -4.350000 -0.306903 -0.330783 -4.300000 -4.300000 -0.114186 -0.081365 -0.570000 -0.570000 -0.433443 -0.422435 -1.300000 -1.300000 -0.148806 -0.039682 -6.960000 -6.960000 -0.157572 -0.201926 -16.490000 -16.490000 0.615749 0.778340 -11.309999 -11.309999 -0.396418 -0.369859 -10.400000 -10.400000 0.107748 -0.024423 2.510000 2.510000 0.016632 0.024532 -0.740000 -0.740000 -0.008546 -0.008763 -0.370000 -0.370000 0.007742 0.009677 0.000000 0.000000 0.232809 0.222735 0.000000 0.000000 -0.047834 -0.048181 0.000000 0.000000 0.280107 0.248643 0.000000 0.000000 -0.053195 -0.045944 0.000000 0.000000 -0.084069 -0.031628 0.000000 0.000000 -0.237469 -0.202167 0.000000 0.000000 -0.200195 -0.162830 0.000000 0.000000 0.468858 0.402199 0.000000 0.000000 -0.127252 -0.123062 0.000000 0.000000
0.460000 -0.481321 -0.486188 0.450000 0.450000 0.226312 0.160188 3.700000 3.700000 0.036558 0.065925 10.030000 10.030000 0.760897 0.831873 -4.820000 -4.820000 -0.338346 -0.325340 -4.250000 -4.250000 -0.114097 -0.081461 -0.560000 -0.560000 -0.452781 -0.419766 -2.400000 -2.400000 -0.154635 -0.040593 -6.630000 -6.630000 -0.151855 -0.203443 -17.369999 -17.369999 0.580784 0.777889 -14.120000 -14.120000 -0.485281 -0.372119 -11.360000 -11.360000 0.115986 -0.024433 2.630000 2.630000 0.022446 0.021576 -0.330000 -0.330000 -0.003906 -0.008234 -0.040000 -0.040000 0.008157 0.010414 0.000000 0.000000 0.246537 0.222304 0.000000 0.000000 -0.039253 -0.046982 0.000000 0.000000 0.277279 0.248643 0.000000 0.000000 -0.052881 -0.045944 0.000000 0.000000 -0.074456 -0.031628 0.000000 0.000000 -0.240534 -0.203588 0.000000 0.000000 -0.204471 -0.166044 0.000000 0.000000 0.488949 0.417711 0.000000 0.000000 -0.126635 -0.120679 0.000000 0.000000
0.480000 -0.470252 -0.486188 1.360000 1.360000 0.225456 0.160864 4.030000 4.030000 0.043317 0.066601 9.380000 9.380000 0.766804 0.831906 -4.790000 -4.790000 -0.346107 -0.325292 -3.840000 -3.840000 -0.112203 -0.081716 -0.520000 -0.520000 -0.447292 -0.419935 -2.230000 -2.230000 -0.140767 -0.039252 -6.110000 -6.110000 -0.156887 -0.203159 -15.559999 -15.559999 0.575307 0.775947 -16.190001 -16.190001 -0.519134 -0.374923 -10.719999 -10.719999 0.121835 -0.024433 2.690000 2.690000 0.016748 0.022554 -0.250000 -0.250000 -0.010284 -0.005689 -0.830000 -0.830000 0.028855 0.011641 0.000000 0.000000 0.239705 0.222525 0.000000 0.000000 -0.031341 -0.046760 0.000000 0.000000 0.279465 0.248891 0.000000 0.000000 -0.054100 -0.046191 0.000000 0.000000 -0.065704 -0.031628 0.000000 0.000000 -0.229153 -0.204542 0.000000 0.000000 -0.208469 -0.170980 0.000000 0.000000 0.506489 0.432032 0.000000 0.000000 -0.120675 -0.111371 0.000000 0.000000
0.500000 -0.477239 -0.486188 0.770000 0.770000 0.229133 0.163301 4.630000 4.630000 0.044708 0.069038 9.500000 9.500000 0.753456 0.831857 -5.820000 -5.820000 -0.360846 -0.325221 -4.730000 -4.730000 -0.111383 -0.081716 -0.550000 -0.550000 -0.449118 -0.419291 -2.460000 -2.460000 -0.149502 -0.038694 -6.320000 -6.320000 -0.149244 -0.201798 -17.209999 -17.209999 0.562981 0.776357 -17.859999 -17.859999 -0.580091 -0.374332 -10.510000 -10.510000 0.116096 -0.024433 2.700000 2.700000 0.026687 0.023543 -0.070000 -0.070000 -0.001387 -0.004700 0.200000 0.200000 0.031969 0.013482 0.000000 0.000000 0.247866 0.222525 0.000000 0.000000 -0.017719 -0.045619 0.000000 0.000000 0.277775 0.248936 0.000000 0.000000 -0.054274 -0.046236 0.000000 0.000000 -0.059999 -0.031751 0.000000 0.000000 -0.232870 -0.207546 0.000000 0.000000 -0.214453 -0.177593 0.000000 0.000000 0.513718 0.448511 0.000000 0.000000 -0.111999 -0.115800 0.000000 0.000000
0.520000 -0.469999 -0.486188 1.340000 1.340000 0.236218 0.165367 4.320000 4.320000 0.047278 0.071103 10.030000 10.030000 0.751862 0.831840 -6.110000 -6.110000 -0.368447 -0.325198 -4.620000 -4.620000 -0.105760 -0.081716 -0.430000 -0.430000 -0.454129 -0.419291 -2.900000 -2.900000 -0.135827 -0.038263 -4.820000 -4.820000 -0.152877 -0.202523 -16.139999 -16.139999 0.544057 0.776316 -19.869999 -19.869999 -0.605118 -0.374391 -11.370000 -11.370000 0.120049 -0.024433 2.750000 2.750000 0.016639 0.025579 -0.680000 -0.680000 -0.003392 -0.002449 -0.470000 -0.470000 0.055563 0.014463 0.000000 0.000000 0.234746 0.223166 0.000000 0.000000 -0.010177 -0.043535 0.000000 0.000000 0.276785 0.249014 0.000000 0.000000 -0.056982 -0.046315 0.000000 0.000000 -0.047565 -0.031874 0.000000 0.000000 -0.224007 -0.208093 0.000000 0.000000 -0.218742 -0.183263 0.000000 0.000000 0.522816 0.460978 0.000000 0.000000 -0.107262 -0.110753 0.000000 0.000000
0.540000 -0.469924 -0.486188 1.380000 1.380000 0.236082 0.168930 4.630000 4.630000 0.050147 0.075685 9.760000 9.760000 0.754667 0.831816 -5.470000 -5.470000 -0.344240 -0.325162 -4.880000 -4.880000 -0.106732 -0.081716 -0.450000 -0.450000 -0.450631 -0.419291 -2.580000 -2.580000 -0.138139 -0.038018 -4.710000 -4.710000 -0.146165 -0.201887 -16.670000 -16.670000 0.550270 0.776316 -19.139999 -19.139999 -0.600628 -0.374391 -10.929999 -10.929999 0.120310 -0.024433 2.710000 2.710000 0.033369 0.025755 0.510000 0.510000 0.000723 -0.002214 0.210000 0.210000 0.071544 0.017286 0.000000 0.000000 0.248336 0.222840 0.000000 0.000000 -0.004008 -0.040089 0.000000 0.000000 0.282363 0.249385 0.000000 0.000000 -0.058764 -0.046686 0.000000 0.000000 -0.040800 -0.031628 0.000000 0.000000 -0.227816 -0.209222 0.000000 0.000000 -0.224426 -0.188001 0.000000 0.000000 0.532680 0.473309 0.000000 0.000000 -0.104807 -0.115778 0.000000 0.000000
0.560000 -0.472614 -0.486188 0.780000 0.780000 0.246274 0.172777 3.750000 3.750000 0.048688 0.079434 10.570000 10.570000 0.748007 0.831726 -5.900000 -5.900000 -0.346038 -0.325032 -5.170000 -5.170000 -0.100692 -0.081716 -0.340000 -0.340000 -0.441122 -0.419291 -1.850000 -1.850000 -0.125100 -0.036354 -4.300000 -4.300000 -0.151963 -0.202493 -15.110000 -15.110000 0.555127 0.776316 -19.230000 -19.230000 -0.613441 -0.374391 -10.360000 -10.360000 0.115122 -0.023943 2.610000 2.610000 0.022782 0.030072 -1.290000 -1.290000 0.005786 -0.000011 -0.120000 -0.120000 0.081708 0.023667 0.000000 0.000000 0.242348 0.223981 0.000000 0.000000 -0.004242 -0.038157 0.000000 0.000000 0.280982 0.250487 0.000000 0.000000 -0.061227 -0.047787 0.000000 0.000000 -0.023119 -0.030769 0.000000 0.000000 -0.229499 -0.207849 0.000000 0.000000 -0.222283 -0.194358 0.000000 0.000000 0.538879 0.481830 0.000000 0.000000 -0.101043 -0.107639 0.000000 0.000000
0.580000 -0.481275 -0.486157 0.470000 0.470000 0.243878 0.177662 3.560000 3.560000 0.057507 0.084240 10.080000 10.080000 0.743799 0.831603 -6.100000 -6.100000 -0.335500 -0.324855 -5.420000 -5.420000 -0.105221 -0.081716 -0.390000 -0.390000 -0.439247 -0.419291 -1.570000 -1.570000 -0.123041 -0.032360 -4.320000 -4.320000 -0.148137 -0.201710 -15.429999 -15.429999 0.546574 0.775988 -19.730000 -19.730000 -0.613256 -0.373918 -10.980000 -10.980000 0.112067 -0.023943 2.480000 2.480000 0.030497 0.031913 -0.730000 -0.730000 0.005519 0.000870 -0.250000 -0.250000 0.094920 0.032012 0.000000 0.000000 0.245394 0.224248 0.000000 0.000000 -0.003073 -0.036585 0.000000 0.000000 0.282326 0.255051 0.000000 0.000000 -0.065023 -0.053835 0.000000 0.000000 -0.018136 -0.029419 0.000000 0.000000 -0.231965 -0.207814 0.000000 0.000000 -0.234046 -0.198770 0.000000 0.000000 0.554334 0.491013 0.000000 0.000000 -0.099654 -0.101760 0.000000 0.000000
0.600000 -0.485290 -0.486157 -0.000000 -0.000000 0.249058 0.182273 3.640000 3.640000 0.059974 0.088851 9.889999 9.889999 0.737171 0.832053 -6.470000 -6.470000 -0.341673 -0.323375 -5.800000 -5.800000 -0.108505 -0.081716 -0.490000 -0.490000 -0.425925 -0.418800 -0.760000 -0.760000 -0.123528 -0.027221 -4.710000 -4.710000 -0.148619 -0.200330 -15.880000 -15.880000 0.559138 0.775127 -19.219999 -19.219999 -0.626194 -0.372675 -9.750000 -9.750000 0.106127 -0.023933 2.450000 2.450000 0.040377 0.036915 -0.700000 -0.700000 0.011748 0.003718 0.680000 0.680000 0.089870 0.041216 0.000000 0.000000 0.252659 0.224016 0.000000 0.000000 -0.003860 -0.035235 0.000000 0.000000 0.282975 0.258681 0.000000 0.000000 -0.067714 -0.057263 0.000000 0.000000 -0.001714 -0.027578 0.000000 0.000000 -0.231531 -0.208175 0.000000 0.000000 -0.232483 -0.203602 0.000000 0.000000 0.559589 0.504086 0.000000 0.000000 -0.092610 -0.094128 0.000000 0.000000
0.620000 -0.491989 -0.486157 -0.490000 -0.490000 0.251317 0.185611 3.590000 3.590000 0.062134 0.091210 10.270000 10.270000 0.736371 0.832144 -6.510000 -6.510000 -0.338124 -0.323245 -6.090000 -6.090000 -0.109151 -0.081716 -0.500000 -0.500000 -0.423936 -0.417281 -0.470000 -0.470000 -0.117470 -0.025479 -4.390000 -4.390000 -0.148946 -0.198607 -15.059999 -15.059999 0.559588 0.775045 -18.969999 -18.969999 -0.619355 -0.372604 -9.889999 -9.889999 0.099525 -0.023933 2.290000 2.290000 0.037306 0.040645 -0.700000 -0.700000 0.012700 0.006352 0.250000 0.250000 0.113261 0.046861 0.000000 0.000000 0.247850 0.224458 0.000000 0.000000 -0.010255 -0.034652 0.000000 0.000000 0.286891 0.258962 0.000000 0.000000 -0.072424 -0.057544 0.000000 0.000000 0.009279 -0.025492 0.000000 0.000000 -0.232756 -0.208850 0.000000 0.000000 -0.239415 -0.206163 0.000000 0.000000 0.574945 0.514923 0.000000 0.000000 -0.092803 -0.099074 0.000000 0.000000
0.640000 -0.489667 -0.485896 -0.260000 -0.260000 0.257366 0.187931 3.410000 3.410000 0.058542 0.093530 10.870000 10.870000 0.743849 0.832160 -5.620000 -5.620000 -0.305579 -0.323222 -6.300000 -6.300000 -0.112452 -0.081716 -0.590000 -0.590000 -0.409382 -0.415916 0.450000 0.450000 -0.119238 -0.025430 -4.050000 -4.050000 -0.145135 -0.198656 -15.530000 -15.530000 0.576044 0.774972 -17.080000 -17.080000 -0.584859 -0.372640 -9.500000 -9.500000 0.087875 -0.023719 2.150000 2.150000 0.045217 0.039861 -0.270000 -0.270000 0.015093 0.008662 0.860000 0.860000 0.120293 0.059501 0.000000 0.000000 0.254166 0.224446 0.000000 0.000000 -0.016227 -0.034641 0.000000 0.000000 0.286898 0.259727 0.000000 0.000000 -0.076945 -0.058219 0.000000 0.000000 0.021005 -0.021565 0.000000 0.000000 -0.233837 -0.208850 0.000000 0.000000 -0.241665 -0.209818 0.000000 0.000000 0.577589 0.526321 0.000000 0.000000 -0.096302 -0.089159 0.000000 0.000000
0.660000 -0.499156 -0.484700 -1.250000 -1.250000 0.257622 0.190074 2.980000 2.980000 0.056997 0.095380 11.380000 11.380000 0.745305 0.832955 -5.770000 -5.770000 -0.292540 -0.322074 -6.280000 -6.280000 -0.112366 -0.081716 -0.540000 -0.540000 -0.405005 -0.412112 0.400000 0.400000 -0.116027 -0.025067 -4.740000 -4.740000 -0.152057 -0.199018 -14.469999 -14.469999 0.579052 0.774972 -16.570000 -16.570000 -0.559218 -0.372640 -9.580000 -9.580000 0.087770 -0.023719 1.950000 1.950000 0.041529 0.040762 -0.870000 -0.870000 0.019939 0.008642 1.290000 1.290000 0.128819 0.071282 0.000000 0.000000 0.257134 0.225203 0.000000 0.000000 -0.025998 -0.035398 0.000000 0.000000 0.282369 0.259839 0.000000 0.000000 -0.081381 -0.058331 0.000000 0.000000 0.033174 -0.016288 0.000000 0.000000 -0.235467 -0.208594 0.000000 0.000000 -0.235483 -0.213614 0.000000 0.000000 0.586187 0.534358 0.000000 0.000000 -0.096035 -0.082449 0.000000 0.000000
0.680000 -0.504610 -0.483089 -1.680000 -1.680000 0.252623 0.191396 2.660000 2.660000 0.058148 0.096114 10.490000 10.490000 0.746516 0.835397 -5.170000 -5.170000 -0.266897 -0.318548 -6.720000 -6.720000 -0.116726 -0.081716 -0.630000 -0.630000 -0.399261 -0.409811 0.590000 0.590000 -0.123066 -0.024970 -4.520000 -4.520000 -0.143636 -0.199116 -16.549999 -16.549999 0.574104 0.774963 -16.350000 -16.350000 -0.530112 -0.372628 -10.550000 -10.550000 0.085454 -0.023719 2.100000 2.100000 0.050814 0.040429 -0.440000 -0.440000 0.020476 0.009582 1.930000 1.930000 0.129283 0.081345 0.000000 0.000000 0.262427 0.225948 0.000000 0.000000 -0.031437 -0.037237 0.000000 0.000000 0.284032 0.260008 0.000000 0.000000 -0.083994 -0.058500 0.000000 0.000000 0.029298 -0.009539 0.000000 0.000000 -0.236158 -0.208314 0.000000 0.000000 -0.238599 -0.215686 0.000000 0.000000 0.589358 0.539642 0.000000 0.000000 -0.097370 -0.080380 0.000000 0.000000
0.700000 -0.505845 -0.482844 -1.840000 -1.840000 0.261077 0.191797 3.330000 3.330000 0.056327 0.094754 11.440000 11.440000 0.748162 0.836978 -5.350000 -5.350000 -0.277122 -0.316264 -6.620000 -6.620000 -0.114423 -0.081716 -0.610000 -0.610000 -0.398921 -0.404626 0.520000 0.520000 -0.121717 -0.024764 -5.320000 -5.320000 -0.152238 -0.199322 -15.250000 -15.250000 0.571238 0.774963 -16.619999 -16.619999 -0.531552 -0.372628 -10.540000 -10.540000 0.085181 -0.023719 2.100000 2.100000 0.040003 0.040635 -0.660000 -0.660000 0.018599 0.010062 0.920000 0.920000 0.135148 0.090917 0.000000 0.000000 0.260182 0.226426 0.000000 0.000000 -0.037683 -0.038180 0.000000 0.000000 0.284879 0.260435 0.000000 0.000000 -0.089478 -0.059804 0.000000 0.000000 0.036479 -0.000335 0.000000 0.000000 -0.244523 -0.209059 0.000000 0.000000 -0.235468 -0.217572 0.000000 0.000000 0.591913 0.548533 0.000000 0.000000 -0.095756 -0.090486 0.000000 0.000000
0.720000 -0.506507 -0.482460 -2.010000 -2.010000 0.255521 0.192365 2.800000 2.800000 0.055103 0.094186 10.940000 10.940000 0.752981 0.839043 -4.520000 -4.520000 -0.258541 -0.315720 -6.340000 -6.340000 -0.115986 -0.081248 -0.670000 -0.670000 -0.403306 -0.401527 -0.050000 -0.050000 -0.129606 -0.025371 -5.520000 -5.520000 -0.149821 -0.200203 -16.330000 -16.330000 0.563184 0.774963 -16.869999 -16.869999 -0.518954 -0.372628 -11.400000 -11.400000 0.087824 -0.024305 2.070000 2.070000 0.050423 0.040977 -0.000000 -0.000000 0.020025 0.011168 1.770000 1.770000 0.131242 0.098403 0.000000 0.000000 0.258749 0.226717 0.000000 0.000000 -0.041022 -0.039263 0.000000 0.000000 0.285182 0.261008 0.000000 0.000000 -0.091087 -0.060377 0.000000 0.000000 0.036355 0.006660 0.000000 0.000000 -0.233661 -0.210014 0.000000 0.000000 -0.236495 -0.218643 0.000000 0.000000 0.592487 0.551152 0.000000 0.000000 -0.097886 -0.091104 0.000000 0.000000
0.740000 -0.503626 -0.481877 -1.800000 -1.800000 0.261225 0.192052 3.310000 3.310000 0.054219 0.093560 11.520000 11.520000 0.757407 0.839551 -4.230000 -4.230000 -0.255871 -0.316051 -6.580000 -6.580000 -0.116989 -0.081237 -0.600000 -0.600000 -0.398530 -0.403307 0.320000 0.320000 -0.127713 -0.025606 -5.680000 -5.680000 -0.152743 -0.200438 -15.920000 -15.920000 0.569251 0.774963 -16.350000 -16.350000 -0.512616 -0.372628 -11.309999 -11.309999 0.083114 -0.024359 1.970000 1.970000 0.042812 0.041300 -0.200000 -0.200000 0.016603 0.010649 0.770000 0.770000 0.132621 0.106379 0.000000 0.000000 0.263136 0.226647 0.000000 0.000000 -0.043087 -0.039402 0.000000 0.000000 0.283170 0.262807 0.000000 0.000000 -0.096373 -0.062580 0.000000 0.000000 0.042361 0.013900 0.000000 0.000000 -0.241730 -0.210631 0.000000 0.000000 -0.236279 -0.219354 0.000000 0.000000 0.592613 0.553962 0.000000 0.000000 -0.099385 -0.092206 0.000000 0.000000
0.760000 -0.504633 -0.481877 -1.850000 -1.850000 0.257730 0.192522 3.080000 3.080000 0.056843 0.092992 10.950000 10.950000 0.756073 0.839551 -4.440000 -4.440000 -0.255889 -0.316051 -6.540000 -6.540000 -0.114617 -0.081184 -0.620000 -0.620000 -0.404416 -0.403399 -0.110000 -0.110000 -0.129034 -0.026115 -5.980000 -5.980000 -0.155966 -0.200947 -15.520000 -15.520000 0.560469 0.774955 -17.070000 -17.070000 -0.519673 -0.372640 -11.580000 -11.580000 0.086123 -0.024359 2.120000 2.120000 0.047002 0.041604 -0.280000 -0.280000 0.018331 0.010757 1.420000 1.420000 0.132479 0.113374 0.000000 0.000000 0.263147 0.226472 0.000000 0.000000 -0.042691 -0.039577 0.000000 0.000000 0.286210 0.269720 0.000000 0.000000 -0.097674 -0.071405 0.000000 0.000000 0.041234 0.022736 0.000000 0.000000 -0.237182 -0.210910 0.000000 0.000000 -0.238002 -0.219633 0.000000 0.000000 0.597349 0.560381 0.000000 0.000000 -0.099009 -0.098602 0.000000 0.000000
0.780000 -0.505168 -0.481877 -1.970000 -1.970000 0.258534 0.191464 3.640000 3.640000 0.058936 0.093677 10.880000 10.880000 0.759541 0.839551 -4.160000 -4.160000 -0.252182 -0.316051 -6.390000 -6.390000 -0.114833 -0.081024 -0.620000 -0.620000 -0.395276 -0.403414 0.640000 0.640000 -0.127696 -0.027015 -5.630000 -5.630000 -0.153781 -0.201847 -15.839999 -15.839999 0.572681 0.774955 -15.830000 -15.830000 -0.500232 -0.372640 -11.280000 -11.280000 0.083281 -0.024359 2.030000 2.030000 0.043398 0.042162 -0.190000 -0.190000 0.014475 0.011236 0.470000 0.470000 0.125022 0.114970 0.000000 0.000000 0.259744 0.226682 0.000000 0.000000 -0.042258 -0.039787 0.000000 0.000000 0.291462 0.271339 0.000000 0.000000 -0.101036 -0.071854 0.000000 0.000000 0.043210 0.026418 0.000000 0.000000 -0.238403 -0.211574 0.000000 0.000000 -0.237174 -0.220296 0.000000 0.000000 0.604437 0.563843 0.000000 0.000000 -0.101328 -0.099568 0.000000 0.000000
0.800000 -0.505847 -0.481877 -2.020000 -2.020000 0.256922 0.190515 3.520000 3.520000 0.061872 0.094627 10.309999 10.309999 0.762234 0.839551 -3.750000 -3.750000 -0.239233 -0.316051 -6.660000 -6.660000 -0.113264 -0.080843 -0.710000 -0.710000 -0.395358 -0.402801 0.560000 0.560000 -0.128938 -0.027123 -5.860000 -5.860000 -0.155867 -0.201955 -15.900000 -15.900000 0.579373 0.774955 -14.730000 -14.730000 -0.463870 -0.372640 -11.400000 -11.400000 0.085814 -0.024359 2.100000 2.100000 0.047486 0.042123 -0.110000 -0.110000 0.016584 0.012254 0.670000 0.670000 0.132176 0.117547 0.000000 0.000000 0.258395 0.227636 0.000000 0.000000 -0.043419 -0.040741 0.000000 0.000000 0.289873 0.271800 0.000000 0.000000 -0.105252 -0.072315 0.000000 0.000000 0.048216 0.027031 0.000000 0.000000 -0.235766 -0.212459 0.000000 0.000000 -0.235226 -0.221368 0.000000 0.000000 0.608072 0.570430 0.000000 0.000000 -0.102701 -0.092981 0.000000 0.000000
0.820000 -0.507527 -0.481877 -2.040000 -2.040000 0.257939 0.190809 3.950000 3.950000 0.065969 0.094999 10.280000 10.280000 0.759218 0.839551 -3.990000 -3.990000 -0.237328 -0.316051 -6.660000 -6.660000 -0.113145 -0.080768 -0.580000 -0.580000 -0.397827 -0.401957 0.380000 0.380000 -0.126611 -0.027172 -5.490000 -5.490000 -0.154061 -0.202004 -15.490000 -15.490000 0.582581 0.774955 -13.900000 -13.900000 -0.437501 -0.372640 -11.360000 -11.360000 0.085808 -0.024359 2.040000 2.040000 0.045437 0.044041 0.020000 0.020000 0.014697 0.013312 0.550000 0.550000 0.137216 0.118774 0.000000 0.000000 0.253167 0.227916 0.000000 0.000000 -0.044417 -0.041067 0.000000 0.000000 0.287568 0.272013 0.000000 0.000000 -0.108017 -0.072529 0.000000 0.000000 0.048336 0.028136 0.000000 0.000000 -0.231394 -0.212715 0.000000 0.000000 -0.233862 -0.222648 0.000000 0.000000 0.611581 0.574050 0.000000 0.000000 -0.103982 -0.089721 0.000000 0.000000
0.840000 -0.507241 -0.481877 -2.070000 -2.070000 0.256097 0.190955 4.190000 4.190000 0.070278 0.096437 9.700000 9.700000 0.761409 0.839551 -3.680000 -3.680000 -0.237707 -0.316051 -7.020000 -7.020000 -0.112395 -0.080161 -0.700000 -0.700000 -0.399512 -0.402555 0.230000 0.230000 -0.125983 -0.027192 -5.840000 -5.840000 -0.157489 -0.202024 -15.080000 -15.080000 0.580201 0.774955 -14.110000 -14.110000 -0.430244 -0.372640 -12.040000 -12.040000 0.090061 -0.024359 2.020000 2.020000 0.047505 0.045324 -0.040000 -0.040000 0.015069 0.013165 0.380000 0.380000 0.146973 0.119265 0.000000 0.000000 0.255688 0.228137 0.000000 0.000000 -0.044401 -0.041312 0.000000 0.000000 0.288471 0.272024 0.000000 0.000000 -0.109993 -0.072540 0.000000 0.000000 0.049675 0.029854 0.000000 0.000000 -0.231599 -0.213716 0.000000 0.000000 -0.231852 -0.223673 0.000000 0.000000 0.610325 0.574264 0.000000 0.000000 -0.103797 -0.089643 0.000000 0.000000
0.860000 -0.514123 -0.481877 -2.680000 -2.680000 0.257347 0.191043 4.400000 4.400000 0.073934 0.096878 9.349999 9.349999 0.759101 0.839551 -3.990000 -3.990000 -0.240127 -0.316051 -6.800000 -6.800000 -0.110242 -0.079650 -0.670000 -0.670000 -0.397490 -0.402555 0.280000 0.280000 -0.127150 -0.027260 -5.740000 -5.740000 -0.156950 -0.202092 -15.639999 -15.639999 0.587069 0.774955 -13.190000 -13.190000 -0.417533 -0.372640 -11.620000 -11.620000 0.088326 -0.024359 2.100000 2.100000 0.047831 0.047262 -0.060000 -0.060000 0.014845 0.013302 0.390000 0.390000 0.142121 0.119756 0.000000 0.000000 0.250550 0.228463 0.000000 0.000000 -0.044914 -0.041777 0.000000 0.000000 0.291956 0.272126 0.000000 0.000000 -0.111316 -0.072641 0.000000 0.000000 0.056886 0.030099 0.000000 0.000000 -0.230216 -0.213693 0.000000 0.000000 -0.230282 -0.223696 0.000000 0.000000 0.609489 0.574264 0.000000 0.000000 -0.106376 -0.089643 0.000000 0.000000
0.880000 -0.512175 -0.481877 -2.420000 -2.420000 0.257731 0.191729 4.800000 4.800000 0.076491 0.097818 9.099999 9.099999 0.760181 0.839551 -3.800000 -3.800000 -0.240824 -0.316051 -6.600000 -6.600000 -0.111353 -0.079597 -0.630000 -0.630000 -0.397837 -0.402555 0.320000 0.320000 -0.125555 -0.027309 -5.940000 -5.940000 -0.159443 -0.202141 -15.020000 -15.020000 0.588493 0.774955 -13.309999 -13.309999 -0.413406 -0.372640 -11.690000 -11.690000 0.088841 -0.024359 2.070000 2.070000 0.046614 0.047458 -0.110000 -0.110000 0.013687 0.013145 0.090000 0.090000 0.145717 0.119879 0.000000 0.000000 0.251959 0.228498 0.000000 0.000000 -0.046217 -0.041836 0.000000 0.000000 0.292508 0.272216 0.000000 0.000000 -0.113205 -0.072731 0.000000 0.000000 0.057903 0.030099 0.000000 0.000000 -0.229694 -0.213693 0.000000 0.000000 -0.229728 -0.223696 0.000000 0.000000 0.610792 0.574286 0.000000 0.000000 -0.107504 -0.089665 0.000000 0.000000
0.900000 -0.514983 -0.482445 -2.670000 -2.670000 0.255944 0.191327 4.890000 4.890000 0.079659 0.098376 8.880000 8.880000 0.757881 0.839551 -3.870000 -3.870000 -0.235553 -0.316051 -6.740000 -6.740000 -0.111751 -0.079597 -0.640000 -0.640000 -0.395922 -0.402555 0.440000 0.440000 -0.124914 -0.027329 -5.730000 -5.730000 -0.159634 -0.202161 -14.900000 -14.900000 0.590935 0.774955 -12.860000 -12.860000 -0.399765 -0.372640 -11.719999 -11.719999 0.087894 -0.024359 2.120000 2.120000 0.046804 0.046959 -0.150000 -0.150000 0.014575 0.012626 0.020000 0.020000 0.144495 0.119879 0.000000 0.000000 0.252128 0.228544 0.000000 0.000000 -0.046826 -0.041882 0.000000 0.000000 0.292174 0.272395 0.000000 0.000000 -0.114681 -0.072911 0.000000 0.000000 0.059552 0.030099 0.000000 0.000000 -0.229312 -0.213309 0.000000 0.000000 -0.228565 -0.223312 0.000000 0.000000 0.610593 0.574297 0.000000 0.000000 -0.108617 -0.089676 0.000000 0.000000
0.920000 -0.513931 -0.482445 -2.550000 -2.550000 0.254882 0.191141 5.010000 5.010000 0.082411 0.098718 8.650000 8.650000 0.758851 0.839551 -3.910000 -3.910000 -0.233534 -0.316051 -6.830000 -6.830000 -0.111533 -0.079586 -0.640000 -0.640000 -0.396110 -0.402555 0.490000 0.490000 -0.124694 -0.027466 -6.190000 -6.190000 -0.163519 -0.202298 -14.530000 -14.530000 0.596222 0.774955 -12.240000 -12.240000 -0.390524 -0.372640 -11.690000 -11.690000 0.088036 -0.024359 2.190000 2.190000 0.047692 0.046959 -0.050000 -0.050000 0.013822 0.012626 0.140000 0.140000 0.142850 0.119879 0.000000 0.000000 0.256007 0.228579 0.000000 0.000000 -0.047828 -0.041917 0.000000 0.000000 0.294765 0.272766 0.000000 0.000000 -0.115323 -0.073282 0.000000 0.000000 0.061694 0.030222 0.000000 0.000000 -0.227761 -0.213274 0.000000 0.000000 -0.226459 -0.223347 0.000000 0.000000 0.612169 0.574398 0.000000 0.000000 -0.109324 -0.089778 0.000000 0.000000
0.940000 -0.516717 -0.482445 -2.780000 -2.780000 0.255169 0.191484 5.290000 5.290000 0.085205 0.099198 8.360000 8.360000 0.755715 0.839551 -4.000000 -4.000000 -0.236011 -0.316051 -7.100000 -7.100000 -0.111218 -0.079586 -0.640000 -0.640000 -0.395722 -0.402555 0.490000 0.490000 -0.122731 -0.027524 -6.040000 -6.040000 -0.164296 -0.202356 -14.009999 -14.009999 0.596361 0.774955 -12.000000 -12.000000 -0.392808 -0.372640 -11.570000 -11.570000 0.088203 -0.024359 2.030000 2.030000 0.045097 0.046959 -0.290000 -0.290000 0.014672 0.012626 -0.100000 -0.100000 0.143707 0.119879 0.000000 0.000000 0.251968 0.228498 0.000000 0.000000 -0.047070 -0.042022 0.000000 0.000000 0.297893 0.273902 0.000000 0.000000 -0.116324 -0.074417 0.000000 0.000000 0.058890 0.030345 0.000000 0.000000 -0.226605 -0.213274 0.000000 0.000000 -0.227468 -0.223347 0.000000 0.000000 0.612537 0.574477 0.000000 0.000000 -0.109726 -0.089856 0.000000 0.000000
0.960000 -0.517679 -0.482445 -2.850000 -2.850000 0.255032 0.191513 5.450000 5.450000 0.087575 0.099345 8.220000 8.220000 0.755927 0.839551 -4.230000 -4.230000 -0.238575 -0.316051 -7.000000 -7.000000 -0.110190 -0.079575 -0.490000 -0.490000 -0.397401 -0.402555 0.400000 0.400000 -0.125082 -0.027524 -6.480000 -6.480000 -0.164816 -0.202356 -14.309999 -14.309999 0.596272 0.774955 -12.280000 -12.280000 -0.387462 -0.372640 -11.530000 -11.530000 0.088384 -0.024359 2.120000 2.120000 0.047686 0.046547 -0.070000 -0.070000 0.012721 0.013038 0.020000 0.020000 0.141883 0.119879 0.000000 0.000000 0.254375 0.228440 0.000000 0.000000 -0.048134 -0.042080 0.000000 0.000000 0.298584 0.278061 0.000000 0.000000 -0.118936 -0.079790 0.000000 0.000000 0.063894 0.030345 0.000000 0.000000 -0.226413 -0.213274 0.000000 0.000000 -0.226181 -0.223347 0.000000 0.000000 0.615484 0.574657 0.000000 0.000000 -0.111816 -0.090036 0.000000 0.000000
0.980000 -0.517147 -0.482445 -2.850000 -2.850000 0.254426 0.191484 5.550000 5.550000 0.089931 0.099531 7.710000 7.710000 0.756657 0.838765 -4.280000 -4.280000 -0.238140 -0.317187 -6.960000 -6.960000 -0.109002 -0.079575 -0.530000 -0.530000 -0.398955 -0.402555 0.160000 0.160000 -0.123857 -0.027534 -6.540000 -6.540000 -0.167603 -0.202366 -13.929999 -13.929999 0.597653 0.774955 -11.969999 -11.969999 -0.384664 -0.372640 -11.500000 -11.500000 0.087141 -0.024359 2.020000 2.020000 0.047963 0.046547 0.270000 0.270000 0.012635 0.013038 0.190000 0.190000 0.138768 0.119879 0.000000 0.000000 0.252618 0.228137 0.000000 0.000000 -0.050709 -0.042383 0.000000 0.000000 0.301585 0.284659 0.000000 0.000000 -0.119801 -0.085782 0.000000 0.000000 0.062749 0.030590 0.000000 0.000000 -0.224220 -0.213157 0.000000 0.000000 -0.223327 -0.223230 0.000000 0.000000 0.614240 0.575197 0.000000 0.000000 -0.113313 -0.090576 0.000000 0.000000
1.000000 -0.516730 -0.482552 -2.740000 -2.740000 0.256117 0.191543 5.780000 5.780000 0.090845 0.099766 7.840000 7.840000 0.757059 0.838765 -3.890000 -3.890000 -0.230995 -0.317187 -7.260000 -7.260000 -0.107403 -0.079575 -0.430000 -0.430000 -0.398886 -0.402555 0.120000 0.120000 -0.124656 -0.027642 -6.580000 -6.580000 -0.169376 -0.202474 -13.809999 -13.809999 0.600432 0.774955 -11.509999 -11.509999 -0.364942 -0.372640 -11.800000 -11.800000 0.089544 -0.024359 2.070000 2.070000 0.046642 0.046547 0.110000 0.110000 0.012378 0.013038 -0.010000 -0.010000 0.140808 0.119879 0.000000 0.000000 0.254000 0.227764 0.000000 0.000000 -0.053568 -0.043477 0.000000 0.000000 0.303978 0.284457 0.000000 0.000000 -0.121077 -0.086389 0.000000 0.000000 0.064444 0.030590 0.000000 0.000000 -0.226591 -0.213123 0.000000 0.000000 -0.224182 -0.223195 0.000000 0.000000 0.616580 0.575455 0.000000 0.000000 -0.114103 -0.090834 0.000000 0.000000
1.020000 -0.518531 -0.482844 -2.670000 -2.670000 0.258219 0.191993 5.980000 5.980000 0.092017 0.100236 7.860000 7.860000 0.755782 0.838765 -4.010000 -4.010000 -0.231579 -0.317187 -6.980000 -6.980000 -0.105179 -0.079575 -0.460000 -0.460000 -0.400123 -0.402555 0.260000 0.260000 -0.125718 -0.028503 -6.540000 -6.540000 -0.169034 -0.203335 -13.860000 -13.860000 0.598877 0.774955 -11.460000 -11.460000 -0.364100 -0.372640 -11.620000 -11.620000 0.089691 -0.024359 2.120000 2.120000 0.046636 0.046489 0.160000 0.160000 0.010822 0.012979 -0.310000 -0.310000 0.142684 0.120001 0.000000 0.000000 0.250873 0.227671 0.000000 0.000000 -0.054362 -0.045130 0.000000 0.000000 0.303927 0.284940 0.000000 0.000000 -0.122870 -0.086872 0.000000 0.000000 0.066435 0.030713 0.000000 0.000000 -0.225553 -0.213123 0.000000 0.000000 -0.224721 -0.223195 0.000000 0.000000 0.616654 0.576512 0.000000 0.000000 -0.115080 -0.091891 0.000000 0.000000
1.040000 -0.519477 -0.483488 -2.860000 -2.860000 0.258082 0.193070 5.550000 5.550000 0.095705 0.101626 7.600000 7.600000 0.756068 0.838765 -3.910000 -3.910000 -0.232346 -0.317187 -7.070000 -7.070000 -0.105375 -0.079565 -0.480000 -0.480000 -0.399045 -0.402555 0.230000 0.230000 -0.123169 -0.029306 -6.410000 -6.410000 -0.173494 -0.204725 -13.340000 -13.340000 0.600375 0.774955 -11.349999 -11.349999 -0.356022 -0.372640 -11.870000 -11.870000 0.090273 -0.024359 2.110000 2.110000 0.044603 0.046440 0.080000 0.080000 0.010985 0.012930 -0.420000 -0.420000 0.143826 0.121228 0.000000 0.000000 0.254292 0.227543 0.000000 0.000000 -0.057333 -0.045398 0.000000 0.000000 0.304836 0.285165 0.000000 0.000000 -0.122984 -0.087097 0.000000 0.000000 0.068774 0.030958 0.000000 0.000000 -0.226073 -0.213123 0.000000 0.000000 -0.223042 -0.223195 0.000000 0.000000 0.618643 0.578805 0.000000 0.000000 -0.116500 -0.094184 0.000000 0.000000
1.060000 -0.521288 -0.483641 -3.040000 -3.040000 0.258741 0.194744 6.100000 6.100000 0.098563 0.106471 8.639999 8.639999 0.756159 0.838765 -3.760000 -3.760000 -0.223782 -0.317187 -7.360000 -7.360000 -0.102788 -0.079426 -0.460000 -0.460000 -0.399227 -0.402555 0.320000 0.320000 -0.125778 -0.030285 -6.520000 -6.520000 -0.172807 -0.206135 -13.750000 -13.750000 0.602338 0.774955 -11.059999 -11.059999 -0.344456 -0.372640 -12.009999 -12.009999 0.089585 -0.024359 2.010000 2.010000 0.046795 0.046724 0.150000 0.150000 0.010420 0.012470 -0.300000 -0.300000 0.144039 0.122946 0.000000 0.000000 0.251289 0.227799 0.000000 0.000000 -0.058638 -0.045654 0.000000 0.000000 0.305796 0.285199 0.000000 0.000000 -0.123155 -0.087131 0.000000 0.000000 0.067925 0.031081 0.000000 0.000000 -0.223562 -0.213041 0.000000 0.000000 -0.221032 -0.223114 0.000000 0.000000 0.620295 0.586775 0.000000 0.000000 -0.118004 -0.103390 0.000000 0.000000
1.080000 -0.519401 -0.484010 -2.770000 -2.770000 0.261329 0.194656 4.960000 4.960000 0.100735 0.113392 8.190000 8.190000 0.756034 0.838765 -3.730000 -3.730000 -0.225736 -0.317187 -7.180000 -7.180000 -0.101426 -0.079373 -0.290000 -0.290000 -0.401821 -0.402632 -0.050000 -0.050000 -0.125039 -0.031039 -6.850000 -6.850000 -0.175679 -0.206889 -13.250000 -13.250000 0.602773 0.774955 -10.889999 -10.889999 -0.344679 -0.372640 -11.950000 -11.950000 0.089486 -0.024359 2.110000 2.110000 0.044822 0.046665 0.180000 0.180000 0.008823 0.012411 -0.650000 -0.650000 0.147239 0.124910 0.000000 0.000000 0.252750 0.228661 0.000000 0.000000 -0.058992 -0.046516 0.000000 0.000000 0.305929 0.285221 0.000000 0.000000 -0.122919 -0.087153 0.000000 0.000000 0.068845 0.031204 0.000000 0.000000 -0.225735 -0.212960 0.000000 0.000000 -0.220173 -0.223032 0.000000 0.000000 0.621467 0.588236 0.000000 0.000000 -0.120182 -0.103952 0.000000 0.000000
1.100000 -0.522386 -0.484240 -3.130000 -3.130000 0.259794 0.199061 5.170000 5.170000 0.106024 0.117171 7.900000 7.900000 0.756171 0.838756 -3.800000 -3.800000 -0.223977 -0.317199 -7.190000 -7.190000 -0.100102 -0.079341 -0.450000 -0.450000 -0.400293 -0.403644 0.230000 0.230000 -0.123799 -0.030451 -6.590000 -6.590000 -0.178551 -0.206399 -12.960000 -12.960000 0.603328 0.774955 -10.730000 -10.730000 -0.336474 -0.372640 -12.150000 -12.150000 0.090291 -0.024454 2.110000 2.110000 0.045699 0.047115 -0.110000 -0.110000 0.009759 0.011530 -0.580000 -0.580000 0.147531 0.125892 0.000000 0.000000 0.252054 0.228940 0.000000 0.000000 -0.060429 -0.046819 0.000000 0.000000 0.306307 0.285345 0.000000 0.000000 -0.122062 -0.087277 0.000000 0.000000 0.071375 0.031572 0.000000 0.000000 -0.223925 -0.212913 0.000000 0.000000 -0.221713 -0.222986 0.000000 0.000000 0.623801 0.588360 0.000000 0.000000 -0.121852 -0.103964 0.000000 0.000000
1.120000 -0.522914 -0.484531 -3.240000 -3.240000 0.262887 0.200989 5.120000 5.120000 0.109073 0.120724 7.860000 7.860000 0.756233 0.838756 -3.800000 -3.800000 -0.230052 -0.317199 -7.040000 -7.040000 -0.099764 -0.079341 -0.360000 -0.360000 -0.398911 -0.403752 0.350000 0.350000 -0.125954 -0.031381 -7.080000 -7.080000 -0.179109 -0.207388 -12.920000 -12.920000 0.603839 0.774955 -10.849999 -10.849999 -0.340419 -0.372640 -12.179999 -12.179999 0.089901 -0.024454 2.000000 2.000000 0.045691 0.048339 0.070000 0.070000 0.008442 0.010992 -0.430000 -0.430000 0.149415 0.126751 0.000000 0.000000 0.255749 0.229499 0.000000 0.000000 -0.061847 -0.047657 0.000000 0.000000 0.309081 0.285637 0.000000 0.000000 -0.121399 -0.087569 0.000000 0.000000 0.073892 0.032185 0.000000 0.000000 -0.226386 -0.212913 0.000000 0.000000 -0.221681 -0.222986 0.000000 0.000000 0.625234 0.588528 0.000000 0.000000 -0.122937 -0.104087 0.000000 0.000000
1.140000 -0.523664 -0.484592 -3.010000 -3.010000 0.264223 0.202986 5.420000 5.420000 0.112901 0.122956 7.400000 7.400000 0.756147 0.838699 -3.900000 -3.900000 -0.229945 -0.317282 -7.210000 -7.210000 -0.098331 -0.079341 -0.400000 -0.400000 -0.400911 -0.403752 0.150000 0.150000 -0.125732 -0.030784 -7.320000 -7.320000 -0.181523 -0.207104 -12.809999 -12.809999 0.601582 0.774955 -10.840000 -10.840000 -0.337330 -0.372640 -12.160000 -12.160000 0.090928 -0.024454 2.110000 2.110000 0.046810 0.049063 0.020000 0.020000 0.007834 0.010424 -0.530000 -0.530000 0.154136 0.128223 0.000000 0.000000 0.250772 0.230291 0.000000 0.000000 -0.064223 -0.048774 0.000000 0.000000 0.310766 0.286683 0.000000 0.000000 -0.121473 -0.088614 0.000000 0.000000 0.076603 0.033290 0.000000 0.000000 -0.223144 -0.212913 0.000000 0.000000 -0.222119 -0.222986 0.000000 0.000000 0.625056 0.588551 0.000000 0.000000 -0.123896 -0.104110 0.000000 0.000000
1.160000 -0.522379 -0.485206 -3.130000 -3.130000 0.265241 0.202937 5.680000 5.680000 0.115370 0.123201 7.410000 7.410000 0.757464 0.838470 -3.900000 -3.900000 -0.231864 -0.317613 -7.060000 -7.060000 -0.099380 -0.079341 -0.320000 -0.320000 -0.400660 -0.403752 0.090000 0.090000 -0.125277 -0.030931 -7.220000 -7.220000 -0.182420 -0.208054 -13.000000 -13.000000 0.604509 0.774955 -10.780000 -10.780000 -0.338902 -0.372640 -12.099999 -12.099999 0.090512 -0.024454 2.180000 2.180000 0.048583 0.049327 0.310000 0.310000 0.006390 0.010160 -0.500000 -0.500000 0.151769 0.131169 0.000000 0.000000 0.249778 0.230163 0.000000 0.000000 -0.065488 -0.049368 0.000000 0.000000 0.312452 0.291224 0.000000 0.000000 -0.121424 -0.093156 0.000000 0.000000 0.080464 0.035008 0.000000 0.000000 -0.223949 -0.212715 0.000000 0.000000 -0.221861 -0.222788 0.000000 0.000000 0.625462 0.588573 0.000000 0.000000 -0.125324 -0.104132 0.000000 0.000000
1.180000 -0.523326 -0.485390 -3.040000 -3.040000 0.266891 0.202937 6.150000 6.150000 0.118332 0.123201 7.330000 7.330000 0.757113 0.838470 -3.780000 -3.780000 -0.228835 -0.317613 -7.070000 -7.070000 -0.099701 -0.079341 -0.410000 -0.410000 -0.402890 -0.403752 0.030000 0.030000 -0.124536 -0.029570 -7.550000 -7.550000 -0.184989 -0.209551 -13.830000 -13.830000 0.600355 0.774947 -11.040000 -11.040000 -0.338496 -0.372652 -12.460000 -12.460000 0.091588 -0.024476 2.140000 2.140000 0.047602 0.050042 0.030000 0.030000 0.006416 0.009543 -0.400000 -0.400000 0.150286 0.134605 0.000000 0.000000 0.248682 0.229604 0.000000 0.000000 -0.069102 -0.049927 0.000000 0.000000 0.312966 0.296788 0.000000 0.000000 -0.121937 -0.098720 0.000000 0.000000 0.082125 0.038812 0.000000 0.000000 -0.222779 -0.212668 0.000000 0.000000 -0.220855 -0.222741 0.000000 0.000000 0.627830 0.588764 0.000000 0.000000 -0.126092 -0.104301 0.000000 0.000000
1.200000 -0.524471 -0.486433 -3.220000 -3.220000 0.268132 0.203975 5.990000 5.990000 0.120961 0.124238 7.060000 7.060000 0.758398 0.838470 -3.570000 -3.570000 -0.222038 -0.317613 -7.100000 -7.100000 -0.098492 -0.079341 -0.590000 -0.590000 -0.403088 -0.403752 0.020000 0.020000 -0.127070 -0.027104 -7.440000 -7.440000 -0.185090 -0.214485 -12.870000 -12.870000 0.600746 0.774644 -10.480000 -10.480000 -0.325025 -0.373089 -12.420000 -12.420000 0.094143 -0.024486 2.170000 2.170000 0.048969 0.051148 -0.060000 -0.060000 0.006558 0.008515 -0.570000 -0.570000 0.151559 0.135832 0.000000 0.000000 0.252176 0.228719 0.000000 0.000000 -0.073262 -0.050882 0.000000 0.000000 0.313085 0.296912 0.000000 0.000000 -0.121685 -0.098844 0.000000 0.000000 0.081558 0.045316 0.000000 0.000000 -0.226850 -0.212575 0.000000 0.000000 -0.222665 -0.222648 0.000000 0.000000 0.629846 0.588911 0.000000 0.000000 -0.127188 -0.104447 0.000000 0.000000
1.220000 -0.523406 -0.487123 -2.890000 -2.890000 0.269313 0.207930 5.640000 5.640000 0.123492 0.127155 7.050000 7.050000 0.756324 0.838470 -3.860000 -3.860000 -0.226745 -0.317613 -7.040000 -7.040000 -0.097778 -0.079341 -0.320000 -0.320000 -0.401743 -0.403752 0.190000 0.190000 -0.123123 -0.027632 -7.430000 -7.430000 -0.189102 -0.214172 -12.740000 -12.740000 0.604518 0.772636 -10.440000 -10.440000 -0.325577 -0.375988 -12.410000 -12.410000 0.092819 -0.024486 2.110000 2.110000 0.049434 0.052117 -0.010000 -0.010000 0.006070 0.007957 -0.520000 -0.520000 0.154994 0.136323 0.000000 0.000000 0.250872 0.228510 0.000000 0.000000 -0.075669 -0.051208 0.000000 0.000000 0.316132 0.296979 0.000000 0.000000 -0.121322 -0.098911 0.000000 0.000000 0.086422 0.047280 0.000000 0.000000 -0.223762 -0.212552 0.000000 0.000000 -0.222742 -0.222625 0.000000 0.000000 0.629877 0.589281 0.000000 0.000000 -0.128098 -0.104818 0.000000 0.000000
1.240000 -0.526488 -0.487338 -3.230000 -3.230000 0.269672 0.212423 4.990000 4.990000 0.128084 0.132451 6.630000 6.630000 0.757344 0.838470 -3.490000 -3.490000 -0.217370 -0.317613 -7.240000 -7.240000 -0.097304 -0.079714 -0.380000 -0.380000 -0.402945 -0.403752 0.080000 0.080000 -0.123375 -0.026399 -7.460000 -7.460000 -0.189357 -0.214035 -13.030000 -13.030000 0.602908 0.772349 -9.969999 -9.969999 -0.305097 -0.376402 -12.790000 -12.790000 0.094530 -0.024486 2.340000 2.340000 0.049610 0.051696 -0.090000 -0.090000 0.006381 0.007419 -0.220000 -0.220000 0.158430 0.136323 0.000000 0.000000 0.250236 0.228789 0.000000 0.000000 -0.079832 -0.051534 0.000000 0.000000 0.316124 0.297654 0.000000 0.000000 -0.120963 -0.098619 0.000000 0.000000 0.088688 0.048262 0.000000 0.000000 -0.221473 -0.211982 0.000000 0.000000 -0.221674 -0.222287 0.000000 0.000000 0.631925 0.590383 0.000000 0.000000 -0.129267 -0.105920 0.000000 0.000000
1.260000 -0.525012 -0.487338 -3.110000 -3.110000 0.271422 0.214831 5.010000 5.010000 0.132509 0.138168 7.680000 7.680000 0.756310 0.838470 -3.500000 -3.500000 -0.210195 -0.317613 -7.520000 -7.520000 -0.095291 -0.079799 -0.310000 -0.310000 -0.403666 -0.403752 -0.080000 -0.080000 -0.122634 -0.026271 -7.580000 -7.580000 -0.191261 -0.214162 -12.610000 -12.610000 0.606149 0.772349 -9.450000 -9.450000 -0.296856 -0.376402 -12.759999 -12.759999 0.091833 -0.024486 2.140000 2.140000 0.052899 0.051696 0.260000 0.260000 0.005015 0.007340 -0.040000 -0.040000 0.161908 0.137305 0.000000 0.000000 0.249213 0.229301 0.000000 0.000000 -0.081483 -0.053909 0.000000 0.000000 0.316473 0.297710 0.000000 0.000000 -0.121156 -0.098675 0.000000 0.000000 0.094452 0.048875 0.000000 0.000000 -0.218872 -0.211970 0.000000 0.000000 -0.218477 -0.222276 0.000000 0.000000 0.633626 0.595520 0.000000 0.000000 -0.131334 -0.111057 0.000000 0.000000
1.280000 -0.526148 -0.487338 -3.190000 -3.190000 0.279053 0.215947 5.180000 5.180000 0.134107 0.145530 7.400000 7.400000 0.753343 0.838470 -3.830000 -3.830000 -0.212611 -0.317613 -7.550000 -7.550000 -0.093952 -0.079863 -0.170000 -0.170000 -0.406841 -0.403752 -0.280000 -0.280000 -0.122664 -0.026203 -8.070000 -8.070000 -0.194188 -0.214230 -12.420000 -12.420000 0.607247 0.772349 -9.500000 -9.500000 -0.303535 -0.376402 -12.200000 -12.200000 0.089127 -0.024486 2.060000 2.060000 0.047729 0.051050 0.210000 0.210000 0.002993 0.007614 -0.700000 -0.700000 0.163994 0.137918 0.000000 0.000000 0.250988 0.231408 0.000000 0.000000 -0.083434 -0.057064 0.000000 0.000000 0.317227 0.297732 0.000000 0.000000 -0.120181 -0.098675 0.000000 0.000000 0.095649 0.049489 0.000000 0.000000 -0.223932 -0.211970 0.000000 0.000000 -0.216975 -0.222276 0.000000 0.000000 0.635575 0.601804 0.000000 0.000000 -0.133983 -0.117543 0.000000 0.000000
1.300000 -0.529729 -0.487338 -3.510000 -3.510000 0.276346 0.219588 4.890000 4.890000 0.140288 0.148584 6.870000 6.870000 0.755241 0.838470 -3.620000 -3.620000 -0.214719 -0.317613 -7.410000 -7.410000 -0.093728 -0.079863 -0.220000 -0.220000 -0.404571 -0.403752 -0.020000 -0.020000 -0.121757 -0.026095 -8.300000 -8.300000 -0.196361 -0.214338 -12.170000 -12.170000 0.606479 0.772349 -9.620000 -9.620000 -0.298782 -0.376402 -12.590000 -12.590000 0.089821 -0.024742 2.110000 2.110000 0.051302 0.050610 -0.000000 -0.000000 0.004765 0.005999 -0.250000 -0.250000 0.164732 0.137918 0.000000 0.000000 0.249045 0.232957 0.000000 0.000000 -0.086156 -0.060312 0.000000 0.000000 0.317987 0.297732 0.000000 0.000000 -0.119099 -0.098675 0.000000 0.000000 0.099649 0.050348 0.000000 0.000000 -0.222843 -0.212412 0.000000 0.000000 -0.218510 -0.221833 0.000000 0.000000 0.638390 0.601961 0.000000 0.000000 -0.136340 -0.117610 0.000000 0.000000
1.320000 -0.525474 -0.487338 -3.030000 -3.030000 0.285832 0.221331 5.810000 5.810000 0.142021 0.151305 7.830000 7.830000 0.753003 0.838470 -4.020000 -4.020000 -0.222511 -0.317613 -7.600000 -7.600000 -0.093727 -0.079863 -0.190000 -0.190000 -0.404140 -0.403752 0.070000 0.070000 -0.123682 -0.025772 -8.110000 -8.110000 -0.197662 -0.215542 -12.320000 -12.320000 0.608082 0.772349 -9.650000 -9.650000 -0.311706 -0.376402 -12.259999 -12.259999 0.088409 -0.024753 2.000000 2.000000 0.047817 0.052391 -0.170000 -0.170000 0.002497 0.005099 -0.490000 -0.490000 0.170023 0.137918 0.000000 0.000000 0.250947 0.234028 0.000000 0.000000 -0.087404 -0.062198 0.000000 0.000000 0.320577 0.297845 0.000000 0.000000 -0.117995 -0.098675 0.000000 0.000000 0.107571 0.053416 0.000000 0.000000 -0.226946 -0.212412 0.000000 0.000000 -0.219143 -0.221833 0.000000 0.000000 0.635224 0.602602 0.000000 0.000000 -0.135898 -0.117981 0.000000 0.000000
1.340000 -0.531352 -0.487354 -3.680000 -3.680000 0.281896 0.222505 5.360000 5.360000 0.148850 0.153126 7.080000 7.080000 0.755900 0.838470 -3.780000 -3.780000 -0.224959 -0.317613 -7.160000 -7.160000 -0.092946 -0.079863 -0.260000 -0.260000 -0.402244 -0.403752 0.090000 0.090000 -0.122821 -0.025097 -8.330000 -8.330000 -0.200308 -0.217392 -12.790000 -12.790000 0.604815 0.772349 -10.059999 -10.059999 -0.315266 -0.376402 -12.480000 -12.480000 0.091455 -0.024753 2.090000 2.090000 0.051591 0.053321 -0.210000 -0.210000 0.003366 0.004834 -0.630000 -0.630000 0.170420 0.137918 0.000000 0.000000 0.249896 0.234482 0.000000 0.000000 -0.088974 -0.062978 0.000000 0.000000 0.321634 0.297867 0.000000 0.000000 -0.116953 -0.098653 0.000000 0.000000 0.109304 0.057343 0.000000 0.000000 -0.222956 -0.212412 0.000000 0.000000 -0.220679 -0.221833 0.000000 0.000000 0.637726 0.602793 0.000000 0.000000 -0.137781 -0.118172 0.000000 0.000000
1.360000 -0.528630 -0.487415 -3.310000 -3.310000 0.285842 0.225981 5.520000 5.520000 0.151157 0.157697 7.010000 7.010000 0.755937 0.838470 -3.740000 -3.740000 -0.221637 -0.317613 -7.130000 -7.130000 -0.093298 -0.079863 -0.170000 -0.170000 -0.399946 -0.403752 0.240000 0.240000 -0.121917 -0.025479 -7.280000 -7.280000 -0.202236 -0.224039 -12.290000 -12.290000 0.610296 0.772349 -9.389999 -9.389999 -0.299379 -0.376402 -12.170000 -12.170000 0.090450 -0.024753 2.110000 2.110000 0.052291 0.055827 -0.150000 -0.150000 0.001424 0.003855 -0.480000 -0.480000 0.170061 0.137918 0.000000 0.000000 0.248415 0.234517 0.000000 0.000000 -0.092967 -0.063455 0.000000 0.000000 0.324074 0.298126 0.000000 0.000000 -0.116241 -0.098484 0.000000 0.000000 0.115135 0.060165 0.000000 0.000000 -0.222073 -0.212412 0.000000 0.000000 -0.217901 -0.221833 0.000000 0.000000 0.635532 0.603018 0.000000 0.000000 -0.139738 -0.118397 0.000000 0.000000
1.380000 -0.530831 -0.488320 -3.210000 -3.210000 0.285371 0.227165 5.220000 5.220000 0.155726 0.159410 6.790000 6.790000 0.753822 0.838470 -3.770000 -3.770000 -0.219029 -0.317613 -7.530000 -7.530000 -0.093045 -0.079863 -0.190000 -0.190000 -0.402370 -0.403752 -0.050000 -0.050000 -0.117911 -0.029668 -6.700000 -6.700000 -0.208229 -0.228522 -11.950000 -11.950000 0.608535 0.772349 -9.770000 -9.770000 -0.302917 -0.376402 -12.469999 -12.469999 0.089185 -0.024753 2.140000 2.140000 0.051689 0.056268 -0.000000 -0.000000 0.001534 0.002319 -0.510000 -0.510000 0.171790 0.137918 0.000000 0.000000 0.247765 0.235355 0.000000 0.000000 -0.097254 -0.064852 0.000000 0.000000 0.324674 0.298339 0.000000 0.000000 -0.115592 -0.098473 0.000000 0.000000 0.119662 0.064951 0.000000 0.000000 -0.222428 -0.212354 0.000000 0.000000 -0.217875 -0.221775 0.000000 0.000000 0.637031 0.603411 0.000000 0.000000 -0.142858 -0.118790 0.000000 0.000000
1.400000 -0.532260 -0.490360 -3.260000 -3.260000 0.289631 0.227351 5.560000 5.560000 0.158524 0.163747 7.200000 7.200000 0.755301 0.838470 -3.620000 -3.620000 -0.210560 -0.317613 -7.620000 -7.620000 -0.091806 -0.079884 -0.290000 -0.290000 -0.404128 -0.403752 0.000000 0.000000 -0.122504 -0.030383 -7.570000 -7.570000 -0.208807 -0.230882 -12.030000 -12.030000 0.605009 0.772349 -9.500000 -9.500000 -0.294585 -0.376402 -12.759999 -12.759999 0.092142 -0.024753 2.140000 2.140000 0.052409 0.055896 -0.170000 -0.170000 0.001072 0.001947 -0.490000 -0.490000 0.172197 0.137918 0.000000 0.000000 0.247194 0.236380 0.000000 0.000000 -0.103564 -0.068461 0.000000 0.000000 0.323666 0.298351 0.000000 0.000000 -0.114331 -0.098461 0.000000 0.000000 0.118054 0.072560 0.000000 0.000000 -0.223624 -0.212343 0.000000 0.000000 -0.218651 -0.221763 0.000000 0.000000 0.640135 0.604299 0.000000 0.000000 -0.144163 -0.119678 0.000000 0.000000
1.420000 -0.530022 -0.492922 -2.930000 -2.930000 0.290501 0.229387 5.020000 5.020000 0.160873 0.169111 7.320000 7.320000 0.756258 0.838945 -3.700000 -3.700000 -0.210109 -0.316927 -7.450000 -7.450000 -0.090398 -0.080001 -0.060000 -0.060000 -0.403791 -0.404043 0.000000 0.000000 -0.124203 -0.031078 -7.630000 -7.630000 -0.210904 -0.231577 -12.070000 -12.070000 0.606601 0.772349 -9.340000 -9.340000 -0.285858 -0.376402 -12.570000 -12.570000 0.090297 -0.024913 2.120000 2.120000 0.054648 0.055857 -0.050000 -0.050000 0.000818 0.001907 -0.210000 -0.210000 0.175868 0.137918 0.000000 0.000000 0.250322 0.236834 0.000000 0.000000 -0.107607 -0.072431 0.000000 0.000000 0.324203 0.298351 0.000000 0.000000 -0.113656 -0.098461 0.000000 0.000000 0.124737 0.076487 0.000000 0.000000 -0.223924 -0.212343 0.000000 0.000000 -0.218018 -0.221763 0.000000 0.000000 0.641617 0.607649 0.000000 0.000000 -0.145024 -0.123028 0.000000 0.000000
1.440000 -0.528873 -0.493551 -2.700000 -2.700000 0.293751 0.233577 4.870000 4.870000 0.164105 0.173986 7.450000 7.450000 0.758261 0.839060 -3.160000 -3.160000 -0.201520 -0.316761 -7.420000 -7.420000 -0.086818 -0.080001 -0.170000 -0.170000 -0.407291 -0.406405 -0.020000 -0.020000 -0.123423 -0.031518 -7.490000 -7.490000 -0.209921 -0.232056 -12.179999 -12.179999 0.604983 0.772284 -9.420000 -9.420000 -0.277605 -0.376497 -13.090000 -13.090000 0.090488 -0.024955 2.200000 2.200000 0.054190 0.055651 0.200000 0.200000 -0.001805 0.001702 -0.600000 -0.600000 0.178124 0.137918 0.000000 0.000000 0.248648 0.236659 0.000000 0.000000 -0.108092 -0.077496 0.000000 0.000000 0.323907 0.298373 0.000000 0.000000 -0.111682 -0.098461 0.000000 0.000000 0.125263 0.078818 0.000000 0.000000 -0.222817 -0.212343 0.000000 0.000000 -0.218272 -0.221763 0.000000 0.000000 0.644972 0.614011 0.000000 0.000000 -0.148152 -0.130852 0.000000 0.000000
1.460000 -0.522917 -0.496987 -2.080000 -2.080000 0.293928 0.236983 4.890000 4.890000 0.168227 0.179214 7.250000 7.250000 0.762065 0.839084 -2.950000 -2.950000 -0.199851 -0.316726 -7.230000 -7.230000 -0.086739 -0.080001 -0.080000 -0.080000 -0.410741 -0.406666 -0.260000 -0.260000 -0.122245 -0.031264 -7.870000 -7.870000 -0.212264 -0.232467 -12.200000 -12.200000 0.602806 0.772087 -8.920000 -8.920000 -0.267081 -0.376781 -13.420000 -13.420000 0.091394 -0.024955 2.120000 2.120000 0.055734 0.056013 0.230000 0.230000 -0.003618 0.001340 -0.580000 -0.580000 0.183223 0.137918 0.000000 0.000000 0.248914 0.236252 0.000000 0.000000 -0.109088 -0.083561 0.000000 0.000000 0.324288 0.298373 0.000000 0.000000 -0.111013 -0.098461 0.000000 0.000000 0.131931 0.081764 0.000000 0.000000 -0.223252 -0.212343 0.000000 0.000000 -0.219723 -0.221763 0.000000 0.000000 0.644180 0.614495 0.000000 0.000000 -0.149980 -0.130391 0.000000 0.000000
1.480000 -0.528480 -0.499027 -2.410000 -2.410000 0.299656 0.239264 4.860000 4.860000 0.172701 0.181710 7.260000 7.260000 0.760681 0.839707 -2.890000 -2.890000 -0.192442 -0.315826 -7.590000 -7.590000 -0.084214 -0.080001 -0.070000 -0.070000 -0.411342 -0.407847 -0.270000 -0.270000 -0.124686 -0.028670 -7.170000 -7.170000 -0.210258 -0.236001 -12.460000 -12.460000 0.602291 0.771415 -8.820000 -8.820000 -0.241038 -0.377751 -13.509999 -13.509999 0.094277 -0.024955 2.200000 2.200000 0.054881 0.058519 -0.120000 -0.120000 -0.005533 -0.000266 -0.830000 -0.830000 0.187182 0.137918 0.000000 0.000000 0.246725 0.235157 0.000000 0.000000 -0.113831 -0.087264 0.000000 0.000000 0.325907 0.298418 0.000000 0.000000 -0.110380 -0.098416 0.000000 0.000000 0.137527 0.084218 0.000000 0.000000 -0.226072 -0.212343 0.000000 0.000000 -0.219109 -0.221763 0.000000 0.000000 0.643747 0.614540 0.000000 0.000000 -0.149938 -0.130436 0.000000 0.000000
1.500000 -0.529900 -0.500899 -2.510000 -2.510000 0.301147 0.242573 5.620000 5.620000 0.179307 0.185018 6.700000 6.700000 0.760738 0.840199 -3.230000 -3.230000 -0.200984 -0.315116 -7.380000 -7.380000 -0.084947 -0.080001 -0.030000 -0.030000 -0.410626 -0.407326 -0.280000 -0.280000 -0.125977 -0.030540 -6.380000 -6.380000 -0.211610 -0.238850 -13.170000 -13.170000 0.602559 0.771071 -8.309999 -8.309999 -0.248621 -0.378248 -13.799999 -13.799999 0.095590 -0.024955 2.280000 2.280000 0.059935 0.060820 0.150000 0.150000 -0.006393 -0.002214 -0.540000 -0.540000 0.185969 0.137918 0.000000 0.000000 0.246066 0.234144 0.000000 0.000000 -0.114454 -0.088300 0.000000 0.000000 0.326353 0.298452 0.000000 0.000000 -0.108283 -0.098383 0.000000 0.000000 0.141619 0.087900 0.000000 0.000000 -0.224581 -0.212343 0.000000 0.000000 -0.219268 -0.221763 0.000000 0.000000 0.645982 0.614618 0.000000 0.000000 -0.152314 -0.130515 0.000000 0.000000
1.520000 -0.527712 -0.500945 -2.320000 -2.320000 0.303311 0.246117 5.100000 5.100000 0.184266 0.188973 6.550000 6.550000 0.760939 0.840199 -3.170000 -3.170000 -0.200435 -0.315116 -7.320000 -7.320000 -0.087110 -0.080001 -0.080000 -0.080000 -0.409682 -0.407326 -0.280000 -0.280000 -0.120980 -0.033251 -6.670000 -6.670000 -0.215223 -0.243089 -12.340000 -12.340000 0.607150 0.769195 -8.720000 -8.720000 -0.239860 -0.380958 -13.639999 -13.639999 0.092815 -0.024955 2.110000 2.110000 0.058267 0.062180 0.090000 0.090000 -0.008961 -0.003379 -0.770000 -0.770000 0.189642 0.138409 0.000000 0.000000 0.244216 0.234214 0.000000 0.000000 -0.117057 -0.088416 0.000000 0.000000 0.329135 0.298744 0.000000 0.000000 -0.107147 -0.098090 0.000000 0.000000 0.145312 0.094772 0.000000 0.000000 -0.225615 -0.212343 0.000000 0.000000 -0.217318 -0.221763 0.000000 0.000000 0.644972 0.614641 0.000000 0.000000 -0.154031 -0.130537 0.000000 0.000000
1.540000 -0.533623 -0.501144 -2.540000 -2.540000 0.305448 0.248437 5.640000 5.640000 0.190047 0.193427 7.040000 7.040000 0.757598 0.840199 -3.470000 -3.470000 -0.201474 -0.315116 -7.670000 -7.670000 -0.087600 -0.080001 -0.240000 -0.240000 -0.408957 -0.407326 -0.200000 -0.200000 -0.121469 -0.031597 -6.710000 -6.710000 -0.216884 -0.241963 -12.110000 -12.110000 0.606892 0.769195 -7.980000 -7.980000 -0.235172 -0.380958 -13.500000 -13.500000 0.093425 -0.024955 2.270000 2.270000 0.059331 0.062415 0.120000 0.120000 -0.007286 -0.003614 -0.630000 -0.630000 0.187366 0.140495 0.000000 0.000000 0.242462 0.234109 0.000000 0.000000 -0.120056 -0.089406 0.000000 0.000000 0.328192 0.299093 0.000000 0.000000 -0.105628 -0.098034 0.000000 0.000000 0.143253 0.097963 0.000000 0.000000 -0.227458 -0.212366 0.000000 0.000000 -0.216779 -0.221740 0.000000 0.000000 0.644956 0.614641 0.000000 0.000000 -0.155999 -0.130537 0.000000 0.000000
1.560000 -0.532822 -0.502923 -2.540000 -2.540000 0.309323 0.247888 5.050000 5.050000 0.194774 0.200358 6.740000 6.740000 0.756867 0.839527 -3.490000 -3.490000 -0.201575 -0.314146 -7.710000 -7.710000 -0.088378 -0.080001 -0.110000 -0.110000 -0.407806 -0.407326 -0.080000 -0.080000 -0.119922 -0.032204 -6.800000 -6.800000 -0.218141 -0.242570 -11.820000 -11.820000 0.609116 0.769195 -7.810000 -7.810000 -0.232251 -0.380958 -13.360000 -13.360000 0.092166 -0.024955 2.200000 2.200000 0.060041 0.061671 0.150000 0.150000 -0.008005 -0.004358 -0.400000 -0.400000 0.191004 0.141109 0.000000 0.000000 0.244573 0.234831 0.000000 0.000000 -0.122322 -0.091129 0.000000 0.000000 0.328639 0.299093 0.000000 0.000000 -0.105059 -0.098034 0.000000 0.000000 0.152747 0.098085 0.000000 0.000000 -0.225979 -0.212424 0.000000 0.000000 -0.215077 -0.221682 0.000000 0.000000 0.648012 0.614877 0.000000 0.000000 -0.158472 -0.130773 0.000000 0.000000
1.580000 -0.532443 -0.503000 -2.350000 -2.350000 0.312188 0.253175 4.590000 4.590000 0.199368 0.206055 6.800000 6.800000 0.758291 0.839527 -3.350000 -3.350000 -0.200428 -0.314146 -7.500000 -7.500000 -0.084977 -0.080001 0.050000 0.050000 -0.410943 -0.407863 -0.310000 -0.310000 -0.123037 -0.032292 -7.110000 -7.110000 -0.218058 -0.242658 -12.160000 -12.160000 0.606127 0.769195 -8.010000 -8.010000 -0.222732 -0.380958 -13.759999 -13.759999 0.093592 -0.024955 2.190000 2.190000 0.061994 0.061593 0.450000 0.450000 -0.008504 -0.004436 -0.320000 -0.320000 0.197196 0.141109 0.000000 0.000000 0.242247 0.234924 0.000000 0.000000 -0.128779 -0.093131 0.000000 0.000000 0.328488 0.299104 0.000000 0.000000 -0.102801 -0.098023 0.000000 0.000000 0.158368 0.099681 0.000000 0.000000 -0.223804 -0.212890 0.000000 0.000000 -0.212713 -0.221216 0.000000 0.000000 0.650778 0.615821 0.000000 0.000000 -0.160619 -0.131718 0.000000 0.000000
1.600000 -0.532348 -0.503690 -2.310000 -2.310000 0.310538 0.257609 4.110000 4.110000 0.205648 0.212859 6.580000 6.580000 0.759692 0.839527 -3.210000 -3.210000 -0.200004 -0.314146 -7.320000 -7.320000 -0.084256 -0.080001 -0.140000 -0.140000 -0.410301 -0.408783 0.000000 0.000000 -0.120303 -0.032272 -6.700000 -6.700000 -0.217821 -0.242677 -11.849999 -11.849999 0.607530 0.769195 -7.600000 -7.600000 -0.218857 -0.380958 -13.730000 -13.730000 0.094303 -0.024955 2.150000 2.150000 0.063516 0.063649 0.170000 0.170000 -0.009184 -0.005552 -0.350000 -0.350000 0.198996 0.141109 0.000000 0.000000 0.242901 0.233492 0.000000 0.000000 -0.128922 -0.096729 0.000000 0.000000 0.331541 0.299126 0.000000 0.000000 -0.100495 -0.098001 0.000000 0.000000 0.156493 0.101399 0.000000 0.000000 -0.219937 -0.213134 0.000000 0.000000 -0.213613 -0.220972 0.000000 0.000000 0.651437 0.619137 0.000000 0.000000 -0.161815 -0.135034 0.000000 0.000000
1.620000 -0.533136 -0.503875 -2.340000 -2.340000 0.315703 0.257658 5.230000 5.230000 0.209669 0.218938 7.870000 7.870000 0.755731 0.840084 -3.550000 -3.550000 -0.196792 -0.313341 -7.760000 -7.760000 -0.084281 -0.079575 -0.250000 -0.250000 -0.411601 -0.408921 -0.090000 -0.090000 -0.117693 -0.032223 -6.740000 -6.740000 -0.221931 -0.242726 -11.320000 -11.320000 0.609225 0.769195 -7.740000 -7.740000 -0.222346 -0.380958 -13.549999 -13.549999 0.093433 -0.024955 2.230000 2.230000 0.061487 0.064804 0.150000 0.150000 -0.010573 -0.006648 -0.680000 -0.680000 0.199089 0.141600 0.000000 0.000000 0.244061 0.232468 0.000000 0.000000 -0.130377 -0.100454 0.000000 0.000000 0.333313 0.299351 0.000000 0.000000 -0.100188 -0.097776 0.000000 0.000000 0.162083 0.102258 0.000000 0.000000 -0.223265 -0.213157 0.000000 0.000000 -0.211821 -0.220925 0.000000 0.000000 0.655739 0.626759 0.000000 0.000000 -0.165147 -0.143981 0.000000 0.000000
1.640000 -0.536246 -0.504611 -2.570000 -2.570000 0.320498 0.258392 5.020000 5.020000 0.213716 0.223176 7.950000 7.950000 0.754431 0.840600 -3.720000 -3.720000 -0.197487 -0.312596 -7.800000 -7.800000 -0.082448 -0.079341 0.000000 0.000000 -0.409183 -0.411468 0.350000 0.350000 -0.121146 -0.032390 -7.320000 -7.320000 -0.222333 -0.242912 -11.849999 -11.849999 0.611353 0.769195 -7.550000 -7.550000 -0.218245 -0.380958 -13.520000 -13.520000 0.090906 -0.024955 2.190000 2.190000 0.061900 0.064853 0.150000 0.150000 -0.011268 -0.006697 -0.680000 -0.680000 0.197344 0.141845 0.000000 0.000000 0.244981 0.230384 0.000000 0.000000 -0.133683 -0.105495 0.000000 0.000000 0.332852 0.299385 0.000000 0.000000 -0.098387 -0.097742 0.000000 0.000000 0.167674 0.102503 0.000000 0.000000 -0.224768 -0.213251 0.000000 0.000000 -0.209949 -0.220762 0.000000 0.000000 0.654834 0.627062 0.000000 0.000000 -0.168085 -0.144105 0.000000 0.000000
1.660000 -0.537811 -0.505516 -2.420000 -2.420000 0.320419 0.261985 4.730000 4.730000 0.219272 0.227023 7.220000 7.220000 0.758233 0.840617 -3.420000 -3.420000 -0.197534 -0.312572 -7.470000 -7.470000 -0.081854 -0.078531 -0.150000 -0.150000 -0.406810 -0.413001 0.390000 0.390000 -0.120387 -0.032488 -7.080000 -7.080000 -0.222692 -0.243010 -11.469999 -11.469999 0.610593 0.769195 -7.240000 -7.240000 -0.200417 -0.380958 -13.840000 -13.840000 0.093133 -0.024955 2.270000 2.270000 0.062686 0.066478 -0.000000 -0.000000 -0.011498 -0.007422 -1.140000 -1.140000 0.200010 0.142213 0.000000 0.000000 0.244113 0.228521 0.000000 0.000000 -0.140378 -0.108010 0.000000 0.000000 0.336145 0.299475 0.000000 0.000000 -0.096647 -0.097652 0.000000 0.000000 0.169759 0.103608 0.000000 0.000000 -0.223611 -0.213437 0.000000 0.000000 -0.210550 -0.220576 0.000000 0.000000 0.653706 0.627456 0.000000 0.000000 -0.169403 -0.143712 0.000000 0.000000
1.680000 -0.541844 -0.508354 -2.360000 -2.360000 0.321896 0.265930 5.220000 5.220000 0.224919 0.231497 6.430000 6.430000 0.755102 0.841838 -3.680000 -3.680000 -0.199023 -0.310809 -7.840000 -7.840000 -0.081564 -0.078116 -0.040000 -0.040000 -0.405657 -0.413140 0.500000 0.500000 -0.118967 -0.032458 -7.330000 -7.330000 -0.227102 -0.243157 -10.760000 -10.760000 0.614778 0.769195 -6.880000 -6.880000 -0.194952 -0.380958 -13.679999 -13.679999 0.092768 -0.024955 2.120000 2.120000 0.064153 0.068583 -0.340000 -0.340000 -0.011656 -0.008978 -0.780000 -0.780000 0.196178 0.143686 0.000000 0.000000 0.242788 0.226926 0.000000 0.000000 -0.144389 -0.109861 0.000000 0.000000 0.338482 0.299902 0.000000 0.000000 -0.095312 -0.097225 0.000000 0.000000 0.172763 0.104098 0.000000 0.000000 -0.225541 -0.213437 0.000000 0.000000 -0.210455 -0.220576 0.000000 0.000000 0.655947 0.627478 0.000000 0.000000 -0.171689 -0.143734 0.000000 0.000000
1.700000 -0.543471 -0.510164 -2.840000 -2.840000 0.324073 0.267897 5.140000 5.140000 0.228189 0.233484 6.450000 6.450000 0.755269 0.842075 -3.620000 -3.620000 -0.194539 -0.310466 -7.980000 -7.980000 -0.081680 -0.077296 -0.120000 -0.120000 -0.403978 -0.413815 0.960000 0.960000 -0.119049 -0.032213 -7.590000 -7.590000 -0.228451 -0.243656 -10.990000 -10.990000 0.616514 0.769195 -6.610000 -6.610000 -0.181851 -0.380958 -13.840000 -13.840000 0.092243 -0.024955 2.230000 2.230000 0.066356 0.070090 -0.280000 -0.280000 -0.012390 -0.010348 -0.610000 -0.610000 0.197135 0.146754 0.000000 0.000000 0.243659 0.226612 0.000000 0.000000 -0.149502 -0.112201 0.000000 0.000000 0.340758 0.300115 0.000000 0.000000 -0.095255 -0.097056 0.000000 0.000000 0.177013 0.104467 0.000000 0.000000 -0.226436 -0.213286 0.000000 0.000000 -0.208972 -0.220425 0.000000 0.000000 0.656911 0.627579 0.000000 0.000000 -0.174030 -0.143835 0.000000 0.000000
1.720000 -0.544707 -0.510455 -2.790000 -2.790000 0.326185 0.269375 5.190000 5.190000 0.231968 0.235373 6.310000 6.310000 0.755202 0.842075 -3.540000 -3.540000 -0.190921 -0.310466 -7.980000 -7.980000 -0.082159 -0.077008 -0.090000 -0.090000 -0.404859 -0.415272 0.810000 0.810000 -0.118647 -0.030412 -7.650000 -7.650000 -0.230776 -0.245536 -11.500000 -11.500000 0.617114 0.769195 -6.320000 -6.320000 -0.177359 -0.380958 -13.950000 -13.950000 0.092132 -0.024955 2.230000 2.230000 0.067217 0.070423 -0.290000 -0.290000 -0.012614 -0.010681 -0.450000 -0.450000 0.196059 0.151417 0.000000 0.000000 0.241315 0.228626 0.000000 0.000000 -0.154873 -0.116800 0.000000 0.000000 0.343040 0.300329 0.000000 0.000000 -0.093116 -0.096865 0.000000 0.000000 0.180799 0.105571 0.000000 0.000000 -0.223217 -0.213053 0.000000 0.000000 -0.207227 -0.220192 0.000000 0.000000 0.654912 0.627714 0.000000 0.000000 -0.176362 -0.143970 0.000000 0.000000
1.740000 -0.547933 -0.511238 -2.910000 -2.910000 0.327705 0.271686 5.670000 5.670000 0.236708 0.239113 6.300000 6.300000 0.755517 0.842641 -3.460000 -3.460000 -0.184326 -0.311283 -8.190000 -8.190000 -0.081313 -0.076358 -0.070000 -0.070000 -0.405216 -0.415272 0.730000 0.730000 -0.120132 -0.028856 -7.150000 -7.150000 -0.232152 -0.250068 -11.080000 -11.080000 0.615159 0.769080 -6.270000 -6.270000 -0.161155 -0.381053 -14.429999 -14.429999 0.092491 -0.024955 2.150000 2.150000 0.068921 0.070736 -0.000000 -0.000000 -0.012857 -0.010995 -0.370000 -0.370000 0.191982 0.153381 0.000000 0.000000 0.239977 0.229278 0.000000 0.000000 -0.160746 -0.123064 0.000000 0.000000 0.341614 0.300824 0.000000 0.000000 -0.091686 -0.096371 0.000000 0.000000 0.185220 0.106430 0.000000 0.000000 -0.223984 -0.212773 0.000000 0.000000 -0.206511 -0.219912 0.000000 0.000000 0.655504 0.627782 0.000000 0.000000 -0.178207 -0.144038 0.000000 0.000000
1.760000 -0.548499 -0.512143 -2.950000 -2.950000 0.328391 0.272459 5.250000 5.250000 0.241272 0.241648 6.390000 6.390000 0.753006 0.842739 -3.620000 -3.620000 -0.183870 -0.311425 -8.530000 -8.530000 -0.082733 -0.076358 -0.110000 -0.110000 -0.405573 -0.415272 0.600000 0.600000 -0.116041 -0.032860 -6.950000 -6.950000 -0.237313 -0.254424 -11.059999 -11.059999 0.621014 0.769023 -5.890000 -5.890000 -0.169152 -0.381136 -13.860000 -13.860000 0.088780 -0.024955 2.030000 2.030000 0.070095 0.070491 0.130000 0.130000 -0.012840 -0.011553 -0.220000 -0.220000 0.194737 0.153994 0.000000 0.000000 0.240959 0.229860 0.000000 0.000000 -0.164880 -0.129397 0.000000 0.000000 0.347019 0.301712 0.000000 0.000000 -0.090175 -0.095528 0.000000 0.000000 0.190128 0.106676 0.000000 0.000000 -0.223061 -0.211865 0.000000 0.000000 -0.205045 -0.219004 0.000000 0.000000 0.656485 0.627827 0.000000 0.000000 -0.180624 -0.144083 0.000000 0.000000
1.780000 -0.550449 -0.512281 -3.140000 -3.140000 0.331995 0.274358 5.240000 5.240000 0.243705 0.246915 7.120000 7.120000 0.754082 0.842739 -3.530000 -3.530000 -0.180061 -0.311425 -8.200000 -8.200000 -0.082773 -0.076358 -0.100000 -0.100000 -0.403207 -0.415272 1.130000 1.130000 -0.116969 -0.033985 -7.040000 -7.040000 -0.240801 -0.256509 -10.599999 -10.599999 0.621618 0.768302 -5.500000 -5.500000 -0.160271 -0.382177 -14.030000 -14.030000 0.089170 -0.024955 2.070000 2.070000 0.067903 0.069738 0.030000 0.030000 -0.012506 -0.010799 -0.190000 -0.190000 0.191078 0.154853 0.000000 0.000000 0.241101 0.229278 0.000000 0.000000 -0.169161 -0.134962 0.000000 0.000000 0.348933 0.305916 0.000000 0.000000 -0.088082 -0.091323 0.000000 0.000000 0.192916 0.107289 0.000000 0.000000 -0.224789 -0.210631 0.000000 0.000000 -0.203942 -0.217770 0.000000 0.000000 0.656600 0.628063 0.000000 0.000000 -0.181820 -0.144319 0.000000 0.000000
1.800000 -0.549437 -0.512281 -2.950000 -2.950000 0.331687 0.276600 5.140000 5.140000 0.248413 0.252504 6.320000 6.320000 0.756268 0.842739 -3.130000 -3.130000 -0.169350 -0.311425 -8.440000 -8.440000 -0.081974 -0.076358 -0.120000 -0.120000 -0.404660 -0.415272 0.850000 0.850000 -0.119241 -0.034847 -7.040000 -7.040000 -0.241890 -0.257371 -10.580000 -10.580000 0.621756 0.767408 -5.130000 -5.130000 -0.146479 -0.383467 -14.130000 -14.130000 0.089473 -0.024955 2.030000 2.030000 0.073617 0.069571 0.450000 0.450000 -0.012425 -0.010672 -0.120000 -0.120000 0.194050 0.154976 0.000000 0.000000 0.244010 0.228742 0.000000 0.000000 -0.171543 -0.139759 0.000000 0.000000 0.351489 0.312222 0.000000 0.000000 -0.086295 -0.084837 0.000000 0.000000 0.197150 0.108271 0.000000 0.000000 -0.221829 -0.208768 0.000000 0.000000 -0.203975 -0.215907 0.000000 0.000000 0.655069 0.628231 0.000000 0.000000 -0.183220 -0.144487 0.000000 0.000000
1.820000 -0.552518 -0.513723 -2.820000 -2.820000 0.335443 0.278929 5.090000 5.090000 0.252880 0.255832 6.310000 6.310000 0.756570 0.842739 -3.170000 -3.170000 -0.172975 -0.311425 -8.160000 -8.160000 -0.078454 -0.076262 -0.030000 -0.030000 -0.404591 -0.415272 0.720000 0.720000 -0.118774 -0.036325 -6.980000 -6.980000 -0.244407 -0.260043 -10.780000 -10.780000 0.619138 0.766728 -5.080000 -5.080000 -0.136988 -0.384449 -14.360000 -14.360000 0.090495 -0.024955 2.190000 2.190000 0.069024 0.071030 0.050000 0.050000 -0.013791 -0.011269 -0.200000 -0.200000 0.195034 0.155958 0.000000 0.000000 0.243058 0.229185 0.000000 0.000000 -0.176610 -0.144509 0.000000 0.000000 0.352472 0.312627 0.000000 0.000000 -0.084621 -0.084725 0.000000 0.000000 0.199876 0.109621 0.000000 0.000000 -0.226358 -0.207383 0.000000 0.000000 -0.202985 -0.214522 0.000000 0.000000 0.657025 0.628647 0.000000 0.000000 -0.186224 -0.144903 0.000000 0.000000
1.840000 -0.553038 -0.516990 -2.930000 -2.930000 0.344761 0.282982 6.430000 6.430000 0.257796 0.259885 6.730000 6.730000 0.761518 0.843378 -3.040000 -3.040000 -0.170621 -0.310502 -7.770000 -7.770000 -0.078698 -0.076209 -0.020000 -0.020000 -0.408881 -0.415272 0.520000 0.520000 -0.124473 -0.033114 -8.110000 -8.110000 -0.250302 -0.264762 -10.719999 -10.719999 0.623259 0.766482 -5.370000 -5.370000 -0.156420 -0.384804 -13.759999 -13.759999 0.086080 -0.024955 1.990000 1.990000 0.076949 0.071500 0.410000 0.410000 -0.015373 -0.013246 0.130000 0.130000 0.181361 0.157430 0.000000 0.000000 0.240985 0.228649 0.000000 0.000000 -0.190554 -0.149608 0.000000 0.000000 0.355618 0.313076 0.000000 0.000000 -0.081019 -0.084635 0.000000 0.000000 0.200415 0.112934 0.000000 0.000000 -0.231715 -0.206661 0.000000 0.000000 -0.196534 -0.213334 0.000000 0.000000 0.661361 0.630491 0.000000 0.000000 -0.190513 -0.147736 0.000000 0.000000
1.860000 -0.556883 -0.521423 -2.770000 -2.770000 0.357734 0.289609 6.930000 6.930000 0.265835 0.264887 7.220000 7.220000 0.768099 0.846353 -2.320000 -2.320000 -0.138774 -0.306206 -8.139999 -8.139999 -0.078829 -0.075037 -0.100000 -0.100000 -0.408925 -0.415272 0.520000 0.520000 -0.124474 -0.033789 -7.990000 -7.990000 -0.255055 -0.266788 -10.880000 -10.880000 0.631103 0.766122 -4.720000 -4.720000 -0.155487 -0.385324 -13.280000 -13.280000 0.077355 -0.024955 1.910000 1.910000 0.082180 0.075053 0.880000 0.880000 -0.019990 -0.014822 0.270000 0.270000 0.163286 0.157430 0.000000 0.000000 0.243307 0.228416 0.000000 0.000000 -0.213661 -0.158363 0.000000 0.000000 0.361693 0.314032 0.000000 0.000000 -0.076238 -0.084107 0.000000 0.000000 0.195266 0.118457 0.000000 0.000000 -0.237810 -0.207010 0.000000 0.000000 -0.181698 -0.209120 0.000000 0.000000 0.663468 0.638584 0.000000 0.000000 -0.197938 -0.159696 0.000000 0.000000
1.880000 -0.559560 -0.525565 -2.390000 -2.390000 0.367217 0.297489 6.140000 6.140000 0.276982 0.273629 7.300000 7.300000 0.772273 0.849344 -1.800000 -1.800000 -0.118776 -0.301887 -8.380000 -8.380000 -0.078815 -0.072576 -0.320000 -0.320000 -0.409225 -0.416407 0.670000 0.670000 -0.116792 -0.035268 -6.870000 -6.870000 -0.260670 -0.273474 -11.809999 -11.809999 0.636380 0.765950 -4.470000 -4.470000 -0.166296 -0.385573 -12.710000 -12.710000 0.070625 -0.024987 1.830000 1.830000 0.088146 0.078166 1.370000 1.370000 -0.023788 -0.016878 0.360000 0.360000 0.148939 0.157308 0.000000 0.000000 0.246276 0.230582 0.000000 0.000000 -0.237553 -0.169307 0.000000 0.000000 0.369424 0.315842 0.000000 0.000000 -0.072469 -0.082702 0.000000 0.000000 0.192327 0.120788 0.000000 0.000000 -0.232069 -0.208442 0.000000 0.000000 -0.165346 -0.202076 0.000000 0.000000 0.674870 0.640574 0.000000 0.000000 -0.207980 -0.161281 0.000000 0.000000
1.900000 -0.565733 -0.531793 -2.410000 -2.410000 0.384727 0.308346 7.390000 7.390000 0.289945 0.284916 7.860000 7.860000 0.782754 0.851786 -1.330000 -1.330000 -0.095342 -0.298622 -8.380000 -8.380000 -0.076152 -0.070233 -0.210000 -0.210000 -0.404998 -0.418278 0.990000 0.990000 -0.115240 -0.031607 -6.180000 -6.180000 -0.264239 -0.285260 -10.780000 -10.780000 0.634309 0.765950 -4.850000 -4.850000 -0.164445 -0.385573 -12.880000 -12.880000 0.071551 -0.025211 1.740000 1.740000 0.090469 0.083403 0.850000 0.850000 -0.028164 -0.021488 -0.070000 -0.070000 0.143013 0.157308 0.000000 0.000000 0.250106 0.231350 0.000000 0.000000 -0.260606 -0.184255 0.000000 0.000000 0.373541 0.323272 0.000000 0.000000 -0.067816 -0.074529 0.000000 0.000000 0.199282 0.121893 0.000000 0.000000 -0.233772 -0.211399 0.000000 0.000000 -0.149799 -0.193554 0.000000 0.000000 0.685792 0.647206 0.000000 0.000000 -0.215324 -0.167913 0.000000 0.000000
1.920000 -0.579076 -0.540307 -2.910000 -2.910000 0.392448 0.321610 6.460000 6.460000 0.307750 0.297886 6.420000 6.420000 0.795080 0.858144 -0.580000 -0.580000 -0.073414 -0.293889 -8.820000 -8.820000 -0.074444 -0.068049 -0.140000 -0.140000 -0.404247 -0.418508 1.190000 1.190000 -0.118255 -0.032116 -6.530000 -6.530000 -0.262841 -0.288940 -12.389999 -12.389999 0.632292 0.765925 -3.800000 -3.800000 -0.111274 -0.385608 -13.889999 -13.889999 0.076682 -0.025243 1.740000 1.740000 0.102352 0.091655 1.350000 1.350000 -0.032304 -0.026569 0.240000 0.240000 0.142529 0.157185 0.000000 0.000000 0.265777 0.233527 0.000000 0.000000 -0.282138 -0.202382 0.000000 0.000000 0.376524 0.328735 0.000000 0.000000 -0.059390 -0.070123 0.000000 0.000000 0.198764 0.122015 0.000000 0.000000 -0.231413 -0.213064 0.000000 0.000000 -0.132328 -0.184066 0.000000 0.000000 0.692197 0.655007 0.000000 0.000000 -0.224460 -0.175422 0.000000 0.000000
1.940000 -0.577956 -0.547685 -2.280000 -2.280000 0.405603 0.334629 7.240000 7.240000 0.323638 0.311767 6.410000 6.410000 0.805486 0.864733 -0.120000 -0.120000 -0.052910 -0.290173 -7.800000 -7.800000 -0.069463 -0.067719 -0.070000 -0.070000 -0.396687 -0.420365 1.990000 1.990000 -0.108055 -0.027260 -5.600000 -5.600000 -0.264460 -0.291035 -13.259999 -13.259999 0.642097 0.765925 -2.340000 -2.340000 -0.068019 -0.385608 -14.020000 -14.020000 0.076988 -0.025243 2.030000 2.030000 0.106533 0.097147 1.230000 1.230000 -0.038606 -0.030690 0.140000 0.140000 0.145336 0.157185 0.000000 0.000000 0.266936 0.237369 0.000000 0.000000 -0.296648 -0.219752 0.000000 0.000000 0.378639 0.331556 0.000000 0.000000 -0.054102 -0.067302 0.000000 0.000000 0.201057 0.122015 0.000000 0.000000 -0.233954 -0.214170 0.000000 0.000000 -0.115164 -0.170619 0.000000 0.000000 0.691556 0.662527 0.000000 0.000000 -0.232183 -0.185618 0.000000 0.000000
1.960000 -0.596444 -0.555432 -3.190000 -3.190000 0.419501 0.352709 7.460000 7.460000 0.348432 0.331355 5.470000 5.470000 0.815680 0.870649 0.440000 0.440000 -0.040980 -0.284304 -9.190000 -9.190000 -0.064975 -0.064235 -0.290000 -0.290000 -0.394954 -0.420809 1.920000 1.920000 -0.112317 -0.019253 -5.860000 -5.860000 -0.262761 -0.299160 -12.929999 -12.929999 0.642510 0.765925 -1.180000 -1.180000 -0.009405 -0.385608 -15.030000 -15.030000 0.081731 -0.025264 1.910000 1.910000 0.118279 0.107288 0.980000 0.980000 -0.041130 -0.034195 -0.060000 -0.060000 0.143206 0.157185 0.000000 0.000000 0.279139 0.241852 0.000000 0.000000 -0.314878 -0.238229 0.000000 0.000000 0.384782 0.339684 0.000000 0.000000 -0.046131 -0.057668 0.000000 0.000000 0.209067 0.122261 0.000000 0.000000 -0.245556 -0.217407 0.000000 0.000000 -0.101497 -0.157836 0.000000 0.000000 0.690596 0.663696 0.000000 0.000000 -0.239652 -0.185460 0.000000 0.000000
1.980000 -0.597611 -0.558791 -2.920000 -2.920000 0.435001 0.367931 6.740000 6.740000 0.368646 0.348770 5.690000 5.690000 0.823088 0.880343 0.480000 0.480000 -0.049055 -0.284931 -7.640000 -7.640000 -0.062900 -0.061594 -0.250000 -0.250000 -0.387331 -0.420809 2.830000 2.830000 -0.101127 -0.018685 -4.990000 -4.990000 -0.261976 -0.299043 -12.950000 -12.950000 0.639711 0.765925 -1.170000 -1.170000 0.012086 -0.385608 -15.710000 -15.710000 0.082639 -0.025264 1.940000 1.940000 0.119523 0.115736 1.480000 1.480000 -0.048948 -0.037386 -0.360000 -0.360000 0.160490 0.157185 0.000000 0.000000 0.280095 0.246299 0.000000 0.000000 -0.328308 -0.254947 0.000000 0.000000 0.386329 0.342797 0.000000 0.000000 -0.041154 -0.054487 0.000000 0.000000 0.219193 0.122874 0.000000 0.000000 -0.241450 -0.218559 0.000000 0.000000 -0.090580 -0.143551 0.000000 0.000000 0.684324 0.663842 0.000000 0.000000 -0.245382 -0.185607 0.000000 0.000000
2.000000 -0.601766 -0.561522 -3.370000 -3.370000 0.443677 0.384436 6.130000 6.130000 0.394007 0.374593 4.650000 4.650000 0.829025 0.887226 0.050000 0.050000 -0.042708 -0.282872 -7.680000 -7.680000 -0.065325 -0.058590 -0.390000 -0.390000 -0.389132 -0.420809 2.480000 2.480000 -0.098209 -0.009894 -4.890000 -4.890000 -0.257682 -0.303879 -15.049999 -15.049999 0.641329 0.766400 -0.330000 -0.330000 0.065458 -0.384922 -16.570000 -16.570000 0.077648 -0.026606 2.130000 2.130000 0.130173 0.120846 1.180000 1.180000 -0.054128 -0.041155 -0.730000 -0.730000 0.175371 0.157185 0.000000 0.000000 0.282570 0.251934 0.000000 0.000000 -0.333873 -0.271083 0.000000 0.000000 0.386148 0.350632 0.000000 0.000000 -0.035211 -0.045573 0.000000 0.000000 0.224723 0.122997 0.000000 0.000000 -0.246375 -0.220655 0.000000 0.000000 -0.088676 -0.131443 0.000000 0.000000 0.674286 0.663292 0.000000 0.000000 -0.249000 -0.186157 0.000000 0.000000
2.020000 -0.613051 -0.564666 -4.340000 -4.340000 0.454969 0.404268 5.180000 5.180000 0.417188 0.402903 3.920000 3.920000 0.835269 0.893413 -0.510000 -0.510000 -0.069410 -0.278648 -8.300000 -8.300000 -0.065233 -0.054872 -0.450000 -0.450000 -0.372736 -0.419751 3.790000 3.790000 -0.098664 -0.004168 -4.120000 -4.120000 -0.248257 -0.302674 -15.530000 -15.530000 0.636888 0.767597 0.150000 0.150000 0.104914 -0.383194 -17.459999 -17.459999 0.072724 -0.031421 2.240000 2.240000 0.130647 0.131683 0.460000 0.460000 -0.054411 -0.047821 -0.620000 -0.620000 0.186359 0.158658 0.000000 0.000000 0.273238 0.256649 0.000000 0.000000 -0.336941 -0.283366 0.000000 0.000000 0.384294 0.352408 0.000000 0.000000 -0.028817 -0.044449 0.000000 0.000000 0.234108 0.122997 0.000000 0.000000 -0.244172 -0.222250 0.000000 0.000000 -0.084955 -0.121466 0.000000 0.000000 0.664612 0.661943 0.000000 0.000000 -0.252278 -0.187506 0.000000 0.000000
2.040000 -0.612361 -0.565249 -3.820000 -3.820000 0.457400 0.419069 4.330000 4.330000 0.434098 0.422344 4.240000 4.240000 0.843111 0.900206 -0.890000 -0.890000 -0.110811 -0.278400 -7.480000 -7.480000 -0.066674 -0.052049 -0.330000 -0.330000 -0.379607 -0.419475 3.230000 3.230000 -0.101305 -0.001995 -3.620000 -3.620000 -0.231632 -0.300795 -18.260000 -18.260000 0.628270 0.767736 -0.000000 -0.000000 0.125600 -0.382993 -18.680000 -18.680000 0.062424 -0.038846 2.250000 2.250000 0.138468 0.136117 0.310000 0.310000 -0.058126 -0.052255 -0.490000 -0.490000 0.209406 0.161848 0.000000 0.000000 0.267716 0.258861 0.000000 0.000000 -0.334516 -0.292516 0.000000 0.000000 0.378698 0.352554 0.000000 0.000000 -0.026155 -0.044303 0.000000 0.000000 0.237178 0.122997 0.000000 0.000000 -0.235090 -0.222995 0.000000 0.000000 -0.088839 -0.114597 0.000000 0.000000 0.650889 0.661268 0.000000 0.000000 -0.257108 -0.188181 0.000000 0.000000
2.060000 -0.617660 -0.565326 -4.230000 -4.230000 0.462739 0.426411 2.670000 2.670000 0.438406 0.441902 4.260000 4.260000 0.846654 0.904164 -1.050000 -1.050000 -0.143447 -0.278814 -6.310000 -6.310000 -0.075059 -0.051122 -0.480000 -0.480000 -0.366588 -0.419414 4.390000 4.390000 -0.105076 0.002645 -3.280000 -3.280000 -0.216490 -0.295117 -19.590000 -19.590000 0.628777 0.767736 0.140000 0.140000 0.130792 -0.382993 -18.619999 -18.619999 0.054904 -0.041722 2.090000 2.090000 0.138575 0.141707 -0.430000 -0.430000 -0.056541 -0.056377 -0.490000 -0.490000 0.223518 0.163566 0.000000 0.000000 0.261553 0.259175 0.000000 0.000000 -0.326359 -0.299350 0.000000 0.000000 0.369967 0.352161 0.000000 0.000000 -0.025007 -0.043662 0.000000 0.000000 0.235944 0.123856 0.000000 0.000000 -0.241815 -0.223158 0.000000 0.000000 -0.095246 -0.109171 0.000000 0.000000 0.634338 0.659121 0.000000 0.000000 -0.258406 -0.190328 0.000000 0.000000
2.080000 -0.627123 -0.565326 -5.050000 -5.050000 0.460804 0.431452 2.560000 2.560000 0.443172 0.448765 3.840000 3.840000 0.843893 0.904459 -2.200000 -2.200000 -0.179549 -0.278979 -5.930000 -5.930000 -0.084494 -0.050174 -0.710000 -0.710000 -0.367402 -0.419414 4.220000 4.220000 -0.100688 0.007403 -2.720000 -2.720000 -0.197292 -0.288989 -20.549999 -20.549999 0.617161 0.767736 -0.790000 -0.790000 0.120814 -0.382993 -19.389999 -19.389999 0.055532 -0.049957 2.430000 2.430000 0.132401 0.145240 -1.950000 -1.950000 -0.052987 -0.057659 -0.920000 -0.920000 0.244264 0.164180 0.000000 0.000000 0.254170 0.257266 0.000000 0.000000 -0.326302 -0.302331 0.000000 0.000000 0.374326 0.352161 0.000000 0.000000 -0.025134 -0.043662 0.000000 0.000000 0.235143 0.124470 0.000000 0.000000 -0.234146 -0.223670 0.000000 0.000000 -0.100852 -0.106214 0.000000 0.000000 0.618172 0.652208 0.000000 0.000000 -0.262893 -0.197241 0.000000 0.000000
2.100000 -0.624672 -0.564789 -4.820000 -4.820000 0.459063 0.430493 2.680000 2.680000 0.439914 0.449274 3.920000 3.920000 0.839682 0.905155 -3.080000 -3.080000 -0.202632 -0.279962 -5.930000 -5.930000 -0.089703 -0.050153 -0.680000 -0.680000 -0.370053 -0.419414 3.980000 3.980000 -0.104690 0.007227 -3.470000 -3.470000 -0.180129 -0.273425 -20.859999 -20.859999 0.607915 0.767408 -2.100000 -2.100000 0.078265 -0.383467 -19.100000 -19.100000 0.059935 -0.052716 2.150000 2.150000 0.142652 0.148236 -2.130000 -2.130000 -0.042959 -0.056347 0.130000 0.130000 0.258559 0.164671 0.000000 0.000000 0.254806 0.254495 0.000000 0.000000 -0.325869 -0.305102 0.000000 0.000000 0.370896 0.352004 0.000000 0.000000 -0.024358 -0.043505 0.000000 0.000000 0.234217 0.126801 0.000000 0.000000 -0.226776 -0.223589 0.000000 0.000000 -0.113566 -0.105504 0.000000 0.000000 0.602620 0.642822 0.000000 0.000000 -0.266666 -0.205660 0.000000 0.000000
2.120000 -0.610516 -0.564053 -3.560000 -3.560000 0.457882 0.427077 2.210000 2.210000 0.432832 0.445857 4.410000 4.410000 0.825497 0.905098 -3.350000 -3.350000 -0.200666 -0.281441 -6.650000 -6.650000 -0.098798 -0.051804 -0.650000 -0.650000 -0.388576 -0.420319 2.710000 2.710000 -0.093593 0.012914 -2.370000 -2.370000 -0.166690 -0.260689 -21.340000 -21.340000 0.598690 0.766548 -3.500000 -3.500000 0.016820 -0.384709 -18.500000 -18.500000 0.066176 -0.053142 2.240000 2.240000 0.137671 0.151124 -2.230000 -2.230000 -0.044492 -0.053479 -0.430000 -0.430000 0.269595 0.164671 0.000000 0.000000 0.249668 0.251643 0.000000 0.000000 -0.329779 -0.307186 0.000000 0.000000 0.376807 0.351959 0.000000 0.000000 -0.022505 -0.043460 0.000000 0.000000 0.229050 0.132324 0.000000 0.000000 -0.218630 -0.221703 0.000000 0.000000 -0.120915 -0.107041 0.000000 0.000000 0.593098 0.633009 0.000000 0.000000 -0.274150 -0.215474 0.000000 0.000000
2.140000 -0.596778 -0.562979 -2.770000 -2.770000 0.454904 0.425119 2.110000 2.110000 0.428795 0.441374 4.370000 4.370000 0.809052 0.902140 -4.350000 -4.350000 -0.185523 -0.282494 -7.570000 -7.570000 -0.099667 -0.054659 -0.630000 -0.630000 -0.407460 -0.421469 1.530000 1.530000 -0.093169 0.022449 -2.640000 -2.640000 -0.148100 -0.245497 -19.459999 -19.459999 0.587209 0.765097 -4.910000 -4.910000 -0.017358 -0.385241 -18.619999 -18.619999 0.079229 -0.053142 2.520000 2.520000 0.144470 0.153375 -2.090000 -2.090000 -0.038205 -0.049681 -0.400000 -0.400000 0.281243 0.164916 0.000000 0.000000 0.255561 0.248523 0.000000 0.000000 -0.330865 -0.311237 0.000000 0.000000 0.376330 0.352273 0.000000 0.000000 -0.018631 -0.043122 0.000000 0.000000 0.216281 0.139932 0.000000 0.000000 -0.221620 -0.220143 0.000000 0.000000 -0.124025 -0.109672 0.000000 0.000000 0.580571 0.624016 0.000000 0.000000 -0.281668 -0.224331 0.000000 0.000000
2.160000 -0.568135 -0.561997 -0.590000 -0.590000 0.448249 0.421977 1.780000 1.780000 0.421060 0.436724 4.790000 4.790000 0.791797 0.899960 -4.770000 -4.770000 -0.169845 -0.280648 -9.389999 -9.389999 -0.097514 -0.054680 -0.780000 -0.780000 -0.442806 -0.427942 -0.590000 -0.590000 -0.081492 0.026129 -2.730000 -2.730000 -0.135462 -0.226995 -20.309999 -20.309999 0.576042 0.764253 -7.070000 -7.070000 -0.083842 -0.384875 -17.879999 -17.879999 0.085463 -0.052620 2.510000 2.510000 0.144106 0.154383 -1.810000 -1.810000 -0.036300 -0.045892 -0.170000 -0.170000 0.300308 0.166512 0.000000 0.000000 0.257884 0.247149 0.000000 0.000000 -0.325732 -0.313263 0.000000 0.000000 0.376153 0.352375 0.000000 0.000000 -0.016562 -0.042796 0.000000 0.000000 0.201079 0.146682 0.000000 0.000000 -0.219667 -0.218292 0.000000 0.000000 -0.125345 -0.111593 0.000000 0.000000 0.569037 0.616305 0.000000 0.000000 -0.288650 -0.231009 0.000000 0.000000
2.180000 -0.538165 -0.559021 1.310000 1.310000 0.447090 0.415115 1.630000 1.630000 0.414523 0.436362 5.640000 5.640000 0.782581 0.897264 -4.800000 -4.800000 -0.150009 -0.283902 -10.120000 -10.120000 -0.092715 -0.053551 -0.780000 -0.780000 -0.473880 -0.440138 -2.540000 -2.540000 -0.078378 0.029506 -3.510000 -3.510000 -0.115876 -0.204569 -20.199999 -20.199999 0.561213 0.764040 -8.889999 -8.889999 -0.140466 -0.385182 -17.940001 -17.940001 0.099292 -0.050223 2.710000 2.710000 0.138330 0.151760 -1.310000 -1.310000 -0.039047 -0.042290 -0.850000 -0.850000 0.311645 0.170193 0.000000 0.000000 0.261751 0.246276 0.000000 0.000000 -0.321677 -0.314206 0.000000 0.000000 0.373686 0.352138 0.000000 0.000000 -0.009292 -0.042246 0.000000 0.000000 0.180276 0.148400 0.000000 0.000000 -0.233099 -0.215917 0.000000 0.000000 -0.123421 -0.113968 0.000000 0.000000 0.557630 0.606952 0.000000 0.000000 -0.295127 -0.240316 0.000000 0.000000
2.200000 -0.513327 -0.549802 3.070000 3.070000 0.446606 0.408262 2.020000 2.020000 0.414336 0.435559 7.420000 7.420000 0.762316 0.889774 -5.580000 -5.580000 -0.143647 -0.283618 -9.889999 -9.889999 -0.087050 -0.053306 -0.880000 -0.880000 -0.497367 -0.447623 -3.940000 -3.940000 -0.075318 0.031601 -4.400000 -4.400000 -0.101124 -0.182093 -18.830000 -18.830000 0.567176 0.763754 -10.200000 -10.200000 -0.224256 -0.385596 -15.920000 -15.920000 0.094434 -0.048551 2.640000 2.640000 0.141903 0.147854 -1.190000 -1.190000 -0.036354 -0.038384 -0.450000 -0.450000 0.323353 0.179152 0.000000 0.000000 0.267997 0.246276 0.000000 0.000000 -0.314760 -0.314206 0.000000 0.000000 0.372515 0.352296 0.000000 0.000000 -0.005587 -0.041391 0.000000 0.000000 0.169876 0.148400 0.000000 0.000000 -0.233729 -0.215183 0.000000 0.000000 -0.118891 -0.114701 0.000000 0.000000 0.557354 0.599129 0.000000 0.000000 -0.299462 -0.247915 0.000000 0.000000
2.220000 -0.503364 -0.546550 3.080000 3.080000 0.442423 0.398317 2.750000 2.750000 0.426589 0.442803 6.960000 6.960000 0.754700 0.879359 -5.230000 -5.230000 -0.119933 -0.280104 -10.090000 -10.090000 -0.066736 -0.050057 -0.580000 -0.580000 -0.503977 -0.453545 -4.390000 -4.390000 -0.076064 0.032081 -3.550000 -3.550000 -0.086601 -0.163699 -18.590000 -18.590000 0.568336 0.763532 -9.809999 -9.809999 -0.225387 -0.385490 -15.339999 -15.339999 0.093909 -0.046846 2.310000 2.310000 0.145946 0.146268 -0.340000 -0.340000 -0.034227 -0.036231 0.100000 0.100000 0.335895 0.192282 0.000000 0.000000 0.254427 0.246276 0.000000 0.000000 -0.310385 -0.314206 0.000000 0.000000 0.377398 0.355027 0.000000 0.000000 -0.003327 -0.038210 0.000000 0.000000 0.162185 0.147541 0.000000 0.000000 -0.235235 -0.214426 0.000000 0.000000 -0.112151 -0.114643 0.000000 0.000000 0.555093 0.593182 0.000000 0.000000 -0.302994 -0.252737 0.000000 0.000000
2.240000 -0.491882 -0.536119 3.510000 3.510000 0.448027 0.390348 3.290000 3.290000 0.441111 0.454178 8.420000 8.420000 0.745716 0.868445 -4.830000 -4.830000 -0.117819 -0.277713 -10.030000 -10.030000 -0.054868 -0.047213 -0.550000 -0.550000 -0.498867 -0.454112 -3.470000 -3.470000 -0.074384 0.027372 -4.040000 -4.040000 -0.084192 -0.148086 -17.230000 -17.230000 0.583336 0.757280 -9.559999 -9.559999 -0.238464 -0.382425 -13.250000 -13.250000 0.095179 -0.042021 2.460000 2.460000 0.145638 0.144937 -0.290000 -0.290000 -0.030677 -0.034899 0.400000 0.400000 0.352030 0.208481 0.000000 0.000000 0.252147 0.245752 0.000000 0.000000 -0.316039 -0.313682 0.000000 0.000000 0.388650 0.362278 0.000000 0.000000 -0.000447 -0.028577 0.000000 0.000000 0.161404 0.145086 0.000000 0.000000 -0.237792 -0.214834 0.000000 0.000000 -0.103610 -0.114212 0.000000 0.000000 0.562613 0.586224 0.000000 0.000000 -0.305428 -0.259538 0.000000 0.000000
2.260000 -0.479005 -0.526209 3.000000 3.000000 0.458762 0.389242 4.350000 4.350000 0.457628 0.470751 9.870000 9.870000 0.741845 0.856047 -4.290000 -4.290000 -0.112705 -0.275193 -9.429999 -9.429999 -0.048372 -0.043346 -0.140000 -0.140000 -0.489831 -0.454756 -2.860000 -2.860000 -0.071482 0.023653 -3.990000 -3.990000 -0.078451 -0.139648 -15.270000 -15.270000 0.585729 0.751511 -8.400000 -8.400000 -0.231184 -0.375302 -13.190000 -13.190000 0.104306 -0.040231 2.220000 2.220000 0.133678 0.143723 -1.300000 -1.300000 -0.029645 -0.034390 -0.270000 -0.270000 0.382454 0.225539 0.000000 0.000000 0.259982 0.245635 0.000000 0.000000 -0.318955 -0.313566 0.000000 0.000000 0.397502 0.366369 0.000000 0.000000 -0.002337 -0.025789 0.000000 0.000000 0.163229 0.144473 0.000000 0.000000 -0.249360 -0.217989 0.000000 0.000000 -0.104386 -0.112338 0.000000 0.000000 0.563502 0.581671 0.000000 0.000000 -0.305261 -0.264091 0.000000 0.000000
2.280000 -0.467239 -0.513738 3.270000 3.270000 0.451942 0.387402 4.130000 4.130000 0.479995 0.493716 9.880000 9.880000 0.736956 0.844042 -3.820000 -3.820000 -0.095624 -0.271892 -10.000000 -10.000000 -0.048219 -0.042099 -0.140000 -0.140000 -0.491192 -0.454710 -3.020000 -3.020000 -0.066193 0.020363 -4.200000 -4.200000 -0.075014 -0.127901 -15.410000 -15.410000 0.597424 0.745275 -6.850000 -6.850000 -0.208699 -0.368451 -13.009999 -13.009999 0.100500 -0.032977 1.990000 1.990000 0.145918 0.145407 -0.690000 -0.690000 -0.025996 -0.032707 -0.120000 -0.120000 0.385482 0.243579 0.000000 0.000000 0.271627 0.245635 0.000000 0.000000 -0.314600 -0.313566 0.000000 0.000000 0.411261 0.374474 0.000000 0.000000 0.002622 -0.016830 0.000000 0.000000 0.148015 0.144473 0.000000 0.000000 -0.250893 -0.221237 0.000000 0.000000 -0.096846 -0.110254 0.000000 0.000000 0.565759 0.581626 0.000000 0.000000 -0.307817 -0.264136 0.000000 0.000000
2.300000 -0.453556 -0.501390 3.470000 3.470000 0.454368 0.384289 4.040000 4.040000 0.500337 0.518384 9.830000 9.830000 0.735799 0.833979 -2.530000 -2.530000 -0.086889 -0.268460 -9.370000 -9.370000 -0.047328 -0.041343 0.080000 0.080000 -0.478289 -0.453453 -2.180000 -2.180000 -0.049458 0.023594 -3.640000 -3.640000 -0.069804 -0.119150 -11.210000 -11.210000 0.616791 0.737999 -4.910000 -4.910000 -0.179011 -0.365090 -10.550000 -10.550000 0.100895 -0.031570 2.330000 2.330000 0.133190 0.147756 -1.300000 -1.300000 -0.032068 -0.030357 -1.290000 -1.290000 0.392277 0.260268 0.000000 0.000000 0.276561 0.247358 0.000000 0.000000 -0.308251 -0.313798 0.000000 0.000000 0.432945 0.382781 0.000000 0.000000 0.009385 -0.012390 0.000000 0.000000 0.140303 0.144473 0.000000 0.000000 -0.258084 -0.224730 0.000000 0.000000 -0.094128 -0.106761 0.000000 0.000000 0.555116 0.581008 0.000000 0.000000 -0.306984 -0.264754 0.000000 0.000000
2.320000 -0.467955 -0.492462 1.920000 1.920000 0.441894 0.385258 4.640000 4.640000 0.521657 0.535427 8.410000 8.410000 0.733230 0.826129 -3.140000 -3.140000 -0.122747 -0.268744 -9.570000 -9.570000 -0.053397 -0.040501 -0.230000 -0.230000 -0.483508 -0.453545 -2.730000 -2.730000 -0.049535 0.023437 -4.370000 -4.370000 -0.058481 -0.102547 -12.690000 -12.690000 0.610827 0.733008 -4.640000 -4.640000 -0.144622 -0.358121 -11.830000 -11.830000 0.099666 -0.030953 2.460000 2.460000 0.146361 0.150478 -0.810000 -0.810000 -0.030925 -0.030396 -0.890000 -0.890000 0.385916 0.276836 0.000000 0.000000 0.286305 0.248755 0.000000 0.000000 -0.306413 -0.312657 0.000000 0.000000 0.464820 0.394000 0.000000 0.000000 0.015169 -0.001036 0.000000 0.000000 0.133388 0.144473 0.000000 0.000000 -0.248161 -0.227862 0.000000 0.000000 -0.089921 -0.102233 0.000000 0.000000 0.559382 0.580896 0.000000 0.000000 -0.310317 -0.264866 0.000000 0.000000
2.340000 -0.471221 -0.487262 1.190000 1.190000 0.447780 0.382037 4.800000 4.800000 0.530439 0.549533 9.400000 9.400000 0.736022 0.822720 -3.670000 -3.670000 -0.158553 -0.271655 -7.600000 -7.600000 -0.062216 -0.041343 -0.150000 -0.150000 -0.461745 -0.453545 -0.620000 -0.620000 -0.036730 0.027823 -4.530000 -4.530000 -0.049269 -0.087942 -11.300000 -11.300000 0.610707 0.729444 -3.250000 -3.250000 -0.096351 -0.352974 -12.830000 -12.830000 0.104947 -0.030942 2.580000 2.580000 0.131469 0.153473 -1.560000 -1.560000 -0.037841 -0.031336 -3.200000 -3.200000 0.380873 0.291684 0.000000 0.000000 0.289248 0.251945 0.000000 0.000000 -0.318798 -0.313309 0.000000 0.000000 0.501163 0.410175 0.000000 0.000000 0.018349 0.012262 0.000000 0.000000 0.136677 0.144350 0.000000 0.000000 -0.251727 -0.229247 0.000000 0.000000 -0.094752 -0.101266 0.000000 0.000000 0.557875 0.580536 0.000000 0.000000 -0.311206 -0.265226 0.000000 0.000000
2.360000 -0.496137 -0.484163 -0.720000 -0.720000 0.438584 0.384915 3.860000 3.860000 0.545566 0.555915 7.300000 7.300000 0.748865 0.821401 -2.840000 -2.840000 -0.146027 -0.273678 -7.140000 -7.140000 -0.075210 -0.042291 -0.690000 -0.690000 -0.458411 -0.453545 -0.410000 -0.410000 -0.039029 0.033804 -3.950000 -3.950000 -0.039121 -0.079592 -11.620000 -11.620000 0.605021 0.728502 -1.710000 -1.710000 0.008410 -0.351613 -13.380000 -13.380000 0.100803 -0.030942 2.540000 2.540000 0.141164 0.155930 -1.280000 -1.280000 -0.041732 -0.032423 -2.520000 -2.520000 0.374476 0.299293 0.000000 0.000000 0.305642 0.254053 0.000000 0.000000 -0.328605 -0.314625 0.000000 0.000000 0.533923 0.425823 0.000000 0.000000 0.025356 0.023615 0.000000 0.000000 0.140462 0.144350 0.000000 0.000000 -0.237353 -0.229608 0.000000 0.000000 -0.096277 -0.101418 0.000000 0.000000 0.556065 0.580221 0.000000 0.000000 -0.313525 -0.265541 0.000000 0.000000
2.380000 -0.515852 -0.487630 -1.790000 -1.790000 0.432407 0.388077 3.440000 3.440000 0.553757 0.561446 5.580000 5.580000 0.768261 0.824007 -1.970000 -1.970000 -0.160969 -0.272826 -5.780000 -5.780000 -0.085353 -0.043047 -0.670000 -0.670000 -0.427817 -0.453545 2.090000 2.090000 -0.031496 0.035546 -2.690000 -2.690000 -0.024049 -0.073660 -11.670000 -11.670000 0.600821 0.726084 -0.470000 -0.470000 0.120637 -0.343318 -16.639999 -16.639999 0.099342 -0.032103 2.420000 2.420000 0.134941 0.162587 -2.250000 -2.250000 -0.045634 -0.037474 -3.700000 -3.700000 0.348785 0.306533 0.000000 0.000000 0.307710 0.257836 0.000000 0.000000 -0.340296 -0.320039 0.000000 0.000000 0.555896 0.452823 0.000000 0.000000 0.034391 0.024447 0.000000 0.000000 0.139546 0.144350 0.000000 0.000000 -0.228480 -0.229119 0.000000 0.000000 -0.098349 -0.101907 0.000000 0.000000 0.557736 0.580075 0.000000 0.000000 -0.320776 -0.265687 0.000000 0.000000
2.400000 -0.534619 -0.493336 -3.530000 -3.530000 0.437203 0.391151 3.700000 3.700000 0.554422 0.565421 5.850000 5.850000 0.775370 0.827645 -1.940000 -1.940000 -0.183595 -0.273347 -5.450000 -5.450000 -0.087197 -0.043612 -0.780000 -0.780000 -0.434897 -0.454618 1.670000 1.670000 -0.029277 0.039863 -4.000000 -4.000000 -0.022904 -0.065604 -12.070000 -12.070000 0.612148 0.727821 0.300000 0.300000 0.120175 -0.339485 -15.730000 -15.730000 0.086619 -0.033605 2.250000 2.250000 0.144370 0.164965 -1.820000 -1.820000 -0.051582 -0.041948 -3.320000 -3.320000 0.337213 0.307392 0.000000 0.000000 0.313880 0.262528 0.000000 0.000000 -0.354172 -0.325010 0.000000 0.000000 0.576766 0.476755 0.000000 0.000000 0.041145 0.026077 0.000000 0.000000 0.146393 0.144350 0.000000 0.000000 -0.214549 -0.226185 0.000000 0.000000 -0.104828 -0.102186 0.000000 0.000000 0.554966 0.579581 0.000000 0.000000 -0.325999 -0.266181 0.000000 0.000000
2.420000 -0.549370 -0.497877 -3.930000 -3.930000 0.446319 0.395145 4.180000 4.180000 0.556783 0.563893 5.960000 5.960000 0.790349 0.830939 -1.250000 -1.250000 -0.193110 -0.275288 -4.480000 -4.480000 -0.090967 -0.043868 -0.860000 -0.860000 -0.421573 -0.458484 3.140000 3.140000 -0.033383 0.045198 -4.050000 -4.050000 -0.018779 -0.059897 -12.719999 -12.719999 0.623712 0.729534 1.320000 1.320000 0.115352 -0.337083 -15.320000 -15.320000 0.072715 -0.035256 2.120000 2.120000 0.148721 0.167295 -1.160000 -1.160000 -0.054861 -0.045060 -2.900000 -2.900000 0.320181 0.307392 0.000000 0.000000 0.314835 0.268966 0.000000 0.000000 -0.358836 -0.331890 0.000000 0.000000 0.582143 0.497618 0.000000 0.000000 0.045904 0.035676 0.000000 0.000000 0.153523 0.144350 0.000000 0.000000 -0.219314 -0.223158 0.000000 0.000000 -0.111779 -0.104608 0.000000 0.000000 0.533119 0.576265 0.000000 0.000000 -0.329015 -0.269498 0.000000 0.000000
2.440000 -0.576258 -0.504534 -5.740000 -5.740000 0.461131 0.400108 4.940000 4.940000 0.554236 0.565411 6.990000 6.990000 0.792496 0.836118 -1.840000 -1.840000 -0.224757 -0.275927 -4.230000 -4.230000 -0.083055 -0.044187 -0.720000 -0.720000 -0.421203 -0.462365 3.480000 3.480000 -0.031680 0.046843 -4.340000 -4.340000 -0.020286 -0.060523 -12.460000 -12.460000 0.628959 0.730116 1.340000 1.340000 0.101994 -0.336243 -14.920000 -14.920000 0.072436 -0.037014 2.000000 2.000000 0.151871 0.171211 -1.680000 -1.680000 -0.052403 -0.047958 -2.440000 -2.440000 0.318723 0.306288 0.000000 0.000000 0.301530 0.273262 0.000000 0.000000 -0.364132 -0.336769 0.000000 0.000000 0.586461 0.513850 0.000000 0.000000 0.046815 0.035901 0.000000 0.000000 0.161932 0.144473 0.000000 0.000000 -0.214600 -0.222320 0.000000 0.000000 -0.114444 -0.105446 0.000000 0.000000 0.517152 0.566046 0.000000 0.000000 -0.329751 -0.279716 0.000000 0.000000
2.460000 -0.581760 -0.511299 -5.410000 -5.410000 0.473147 0.411982 4.640000 4.640000 0.547904 0.564285 7.600000 7.600000 0.799221 0.843190 -2.130000 -2.130000 -0.219764 -0.279654 -4.740000 -4.740000 -0.081263 -0.044187 -0.650000 -0.650000 -0.423043 -0.467274 3.590000 3.590000 -0.037301 0.049721 -5.060000 -5.060000 -0.022279 -0.059309 -13.840000 -13.840000 0.630423 0.730452 0.640000 0.640000 0.059456 -0.336562 -14.139999 -14.139999 0.073916 -0.037334 1.850000 1.850000 0.161741 0.175087 -1.590000 -1.590000 -0.053409 -0.050601 -2.110000 -2.110000 0.314286 0.306165 0.000000 0.000000 0.294691 0.276510 0.000000 0.000000 -0.363286 -0.340389 0.000000 0.000000 0.581260 0.524867 0.000000 0.000000 0.048194 0.046603 0.000000 0.000000 0.180135 0.144718 0.000000 0.000000 -0.223619 -0.222308 0.000000 0.000000 -0.127848 -0.107716 0.000000 0.000000 0.501215 0.559055 0.000000 0.000000 -0.328032 -0.286707 0.000000 0.000000
2.480000 -0.597092 -0.520902 -5.750000 -5.750000 0.481144 0.420665 4.850000 4.850000 0.544503 0.559988 6.770000 6.770000 0.802640 0.851417 -2.200000 -2.200000 -0.202406 -0.280269 -4.550000 -4.550000 -0.073931 -0.044187 -0.540000 -0.540000 -0.426057 -0.469697 3.610000 3.610000 -0.038877 0.056113 -6.280000 -6.280000 -0.030595 -0.065036 -14.679999 -14.679999 0.633221 0.731320 0.380000 0.380000 0.044566 -0.335947 -13.570000 -13.570000 0.080231 -0.037334 2.200000 2.200000 0.166159 0.182145 -2.340000 -2.340000 -0.048047 -0.053645 -1.250000 -1.250000 0.297826 0.305061 0.000000 0.000000 0.285760 0.276569 0.000000 0.000000 -0.369843 -0.344196 0.000000 0.000000 0.571282 0.528452 0.000000 0.000000 0.047742 0.048165 0.000000 0.000000 0.200693 0.145577 0.000000 0.000000 -0.219646 -0.221179 0.000000 0.000000 -0.126381 -0.110056 0.000000 0.000000 0.505902 0.552254 0.000000 0.000000 -0.329244 -0.293351 0.000000 0.000000
2.500000 -0.599773 -0.532038 -5.180000 -5.180000 0.493868 0.428946 5.130000 5.130000 0.534224 0.550003 9.059999 9.059999 0.799991 0.859169 -1.920000 -1.920000 -0.170939 -0.279985 -5.910000 -5.910000 -0.064788 -0.043175 -0.370000 -0.370000 -0.419400 -0.473026 4.270000 4.270000 -0.041913 0.060401 -7.270000 -7.270000 -0.037540 -0.072710 -15.179999 -15.179999 0.640494 0.732091 0.260000 0.260000 0.018658 -0.334834 -12.780000 -12.780000 0.075378 -0.037334 1.920000 1.920000 0.172444 0.188772 -3.050000 -3.050000 -0.043953 -0.056396 -0.850000 -0.850000 0.274447 0.303220 0.000000 0.000000 0.287341 0.276045 0.000000 0.000000 -0.378920 -0.346257 0.000000 0.000000 0.561571 0.531027 0.000000 0.000000 0.045283 0.050177 0.000000 0.000000 0.219768 0.146436 0.000000 0.000000 -0.221550 -0.219852 0.000000 0.000000 -0.130051 -0.112105 0.000000 0.000000 0.508550 0.549084 0.000000 0.000000 -0.329589 -0.296498 0.000000 0.000000
2.520000 -0.595531 -0.540337 -4.520000 -4.520000 0.493069 0.436200 4.740000 4.740000 0.529714 0.542612 6.940000 6.940000 0.800827 0.866527 -1.240000 -1.240000 -0.119235 -0.280553 -7.960000 -7.960000 -0.061581 -0.041045 -0.380000 -0.380000 -0.442952 -0.475573 2.920000 2.920000 -0.040327 0.065325 -7.870000 -7.870000 -0.047355 -0.077830 -14.240000 -14.240000 0.636829 0.732255 -0.680000 -0.680000 -0.021653 -0.334598 -12.320000 -12.320000 0.071925 -0.037334 2.120000 2.120000 0.181471 0.193451 -2.600000 -2.600000 -0.040096 -0.054419 -0.430000 -0.430000 0.246362 0.298066 0.000000 0.000000 0.288671 0.275358 0.000000 0.000000 -0.384897 -0.347759 0.000000 0.000000 0.543158 0.533814 0.000000 0.000000 0.046528 0.054786 0.000000 0.000000 0.229424 0.147173 0.000000 0.000000 -0.222162 -0.217442 0.000000 0.000000 -0.132873 -0.114538 0.000000 0.000000 0.520613 0.542991 0.000000 0.000000 -0.333377 -0.302591 0.000000 0.000000
2.540000 -0.581021 -0.546197 -2.950000 -2.950000 0.505229 0.441613 5.060000 5.060000 0.522081 0.537199 8.050000 8.050000 0.795173 0.871304 -1.240000 -1.240000 -0.062261 -0.280376 -8.730000 -8.730000 -0.055845 -0.038690 -0.510000 -0.510000 -0.445948 -0.478119 2.590000 2.590000 -0.035247 0.067987 -7.640000 -7.640000 -0.057548 -0.082685 -13.259999 -13.259999 0.638595 0.732337 -1.380000 -1.380000 -0.072859 -0.334716 -11.080000 -11.080000 0.069715 -0.037334 1.960000 1.960000 0.172196 0.194607 -3.060000 -3.060000 -0.037288 -0.049524 -0.860000 -0.860000 0.223418 0.290089 0.000000 0.000000 0.283545 0.275195 0.000000 0.000000 -0.394817 -0.349389 0.000000 0.000000 0.521556 0.532600 0.000000 0.000000 0.045784 0.056652 0.000000 0.000000 0.236977 0.148891 0.000000 0.000000 -0.232254 -0.214846 0.000000 0.000000 -0.139391 -0.117135 0.000000 0.000000 0.531150 0.542991 0.000000 0.000000 -0.336615 -0.302591 0.000000 0.000000
2.560000 -0.568079 -0.550722 -1.150000 -1.150000 0.497641 0.445617 4.600000 4.600000 0.517042 0.532529 7.750000 7.750000 0.794476 0.873623 -0.350000 -0.350000 -0.001778 -0.275867 -10.240000 -10.240000 -0.053268 -0.034728 -0.460000 -0.460000 -0.451674 -0.478687 2.250000 2.250000 -0.039553 0.063944 -8.460000 -8.460000 -0.070940 -0.092249 -14.250000 -14.250000 0.641136 0.732361 -1.400000 -1.400000 -0.080867 -0.334752 -10.639999 -10.639999 0.066370 -0.037334 1.880000 1.880000 0.181019 0.193549 -2.430000 -2.430000 -0.029161 -0.043024 -0.190000 -0.190000 0.188927 0.277204 0.000000 0.000000 0.287967 0.274659 0.000000 0.000000 -0.404001 -0.355396 0.000000 0.000000 0.503795 0.530341 0.000000 0.000000 0.046383 0.057293 0.000000 0.000000 0.247001 0.151713 0.000000 0.000000 -0.229915 -0.212051 0.000000 0.000000 -0.147845 -0.120371 0.000000 0.000000 0.547889 0.543969 0.000000 0.000000 -0.341580 -0.302624 0.000000 0.000000
2.580000 -0.556570 -0.552256 -0.370000 -0.370000 0.501152 0.442945 3.770000 3.770000 0.511398 0.531502 8.510000 8.510000 0.783417 0.874345 0.000000 0.000000 0.045481 -0.274022 -11.830000 -11.830000 -0.051818 -0.031574 -0.590000 -0.590000 -0.453851 -0.478687 1.890000 1.890000 -0.032467 0.062838 -6.960000 -6.960000 -0.087420 -0.103497 -11.929999 -11.929999 0.643176 0.732361 -1.910000 -1.910000 -0.119163 -0.334752 -9.820000 -9.820000 0.061050 -0.037334 1.800000 1.800000 0.167248 0.191386 -3.230000 -3.230000 -0.024845 -0.038394 -0.830000 -0.830000 0.167471 0.263950 0.000000 0.000000 0.271024 0.273390 0.000000 0.000000 -0.411177 -0.364023 0.000000 0.000000 0.482870 0.528194 0.000000 0.000000 0.045498 0.057349 0.000000 0.000000 0.261351 0.154536 0.000000 0.000000 -0.224081 -0.209816 0.000000 0.000000 -0.151987 -0.122769 0.000000 0.000000 0.564731 0.544340 0.000000 0.000000 -0.342819 -0.302478 0.000000 0.000000
2.600000 -0.541740 -0.552318 0.900000 0.900000 0.485118 0.440654 3.070000 3.070000 0.511274 0.530797 6.880000 6.880000 0.786469 0.874041 0.800000 0.800000 0.088191 -0.273513 -12.590000 -12.590000 -0.048765 -0.027825 -0.540000 -0.540000 -0.467040 -0.478687 0.840000 0.840000 -0.040774 0.057386 -7.600000 -7.600000 -0.097117 -0.115058 -12.070000 -12.070000 0.638682 0.732361 -2.210000 -2.210000 -0.113805 -0.334752 -10.410000 -10.410000 0.062007 -0.037334 1.800000 1.800000 0.172826 0.185062 -1.890000 -1.890000 -0.020942 -0.032599 -0.350000 -0.350000 0.157187 0.245051 0.000000 0.000000 0.279748 0.271365 0.000000 0.000000 -0.415120 -0.372755 0.000000 0.000000 0.472447 0.525743 0.000000 0.000000 0.043811 0.056630 0.000000 0.000000 0.271900 0.158217 0.000000 0.000000 -0.220144 -0.208990 0.000000 0.000000 -0.161876 -0.125156 0.000000 0.000000 0.579156 0.545228 0.000000 0.000000 -0.342546 -0.302175 0.000000 0.000000
2.620000 -0.527023 -0.551044 1.950000 1.950000 0.478080 0.434898 3.160000 3.160000 0.508675 0.525746 6.560000 6.560000 0.769351 0.874246 0.240000 0.240000 0.110773 -0.272318 -13.320000 -13.320000 -0.045676 -0.024853 -0.780000 -0.780000 -0.462177 -0.478687 1.420000 1.420000 -0.038099 0.049946 -7.130000 -7.130000 -0.112518 -0.123848 -10.620000 -10.620000 0.646917 0.732386 -2.240000 -2.240000 -0.136000 -0.334787 -9.340000 -9.340000 0.064139 -0.037334 1.880000 1.880000 0.159321 0.180902 -2.610000 -2.610000 -0.015615 -0.027871 -0.500000 -0.500000 0.123038 0.226275 0.000000 0.000000 0.267162 0.269479 0.000000 0.000000 -0.411026 -0.378390 0.000000 0.000000 0.462821 0.522720 0.000000 0.000000 0.040509 0.054528 0.000000 0.000000 0.279632 0.161040 0.000000 0.000000 -0.214472 -0.206312 0.000000 0.000000 -0.167415 -0.128858 0.000000 0.000000 0.601917 0.546690 0.000000 0.000000 -0.342611 -0.302400 0.000000 0.000000
2.640000 -0.516093 -0.550860 2.810000 2.810000 0.459477 0.426303 3.370000 3.370000 0.507648 0.519853 5.520000 5.520000 0.758632 0.870051 -0.570000 -0.570000 0.113010 -0.269028 -14.969999 -14.969999 -0.047250 -0.020741 -0.500000 -0.500000 -0.477542 -0.478687 0.070000 0.070000 -0.048346 0.042937 -7.690000 -7.690000 -0.123857 -0.131895 -10.750000 -10.750000 0.638766 0.732795 -2.700000 -2.700000 -0.147901 -0.335379 -9.750000 -9.750000 0.070145 -0.036524 1.790000 1.790000 0.155039 0.171074 -1.610000 -1.610000 -0.009780 -0.020666 -0.630000 -0.630000 0.111513 0.205045 0.000000 0.000000 0.273471 0.264740 0.000000 0.000000 -0.414913 -0.383850 0.000000 0.000000 0.461131 0.515784 0.000000 0.000000 0.039924 0.047592 0.000000 0.000000 0.285390 0.165580 0.000000 0.000000 -0.219607 -0.203739 0.000000 0.000000 -0.184580 -0.136554 0.000000 0.000000 0.623596 0.552220 0.000000 0.000000 -0.343579 -0.305839 0.000000 0.000000
2.660000 -0.506632 -0.547102 2.970000 2.970000 0.450596 0.412168 3.230000 3.230000 0.507486 0.517953 5.990000 5.990000 0.742184 0.864495 -1.650000 -1.650000 0.060499 -0.266638 -14.509999 -14.509999 -0.054016 -0.019601 -0.700000 -0.700000 -0.469549 -0.478687 0.660000 0.660000 -0.058129 0.032982 -7.340000 -7.340000 -0.129286 -0.141048 -10.590000 -10.590000 0.629596 0.732795 -4.430000 -4.430000 -0.206001 -0.335379 -9.210000 -9.210000 0.072350 -0.035768 1.820000 1.820000 0.136149 0.161069 -1.610000 -1.610000 -0.006122 -0.012659 -1.350000 -1.350000 0.081519 0.184428 0.000000 0.000000 0.271485 0.262307 0.000000 0.000000 -0.411692 -0.389077 0.000000 0.000000 0.451756 0.514221 0.000000 0.000000 0.038802 0.047019 0.000000 0.000000 0.294360 0.169262 0.000000 0.000000 -0.212984 -0.200526 0.000000 0.000000 -0.195473 -0.145635 0.000000 0.000000 0.645870 0.564079 0.000000 0.000000 -0.344503 -0.317676 0.000000 0.000000
2.680000 -0.499610 -0.539540 2.950000 2.950000 0.433501 0.399765 3.000000 3.000000 0.508970 0.518727 6.640000 6.640000 0.727302 0.854727 -3.710000 -3.710000 0.008895 -0.266827 -12.059999 -12.059999 -0.060726 -0.017002 -0.700000 -0.700000 -0.475140 -0.474974 -0.120000 -0.120000 -0.065525 0.021401 -6.240000 -6.240000 -0.137049 -0.149750 -10.570000 -10.570000 0.620136 0.732410 -5.800000 -5.800000 -0.252830 -0.335935 -9.010000 -9.010000 0.079597 -0.033765 1.950000 1.950000 0.125181 0.148070 -1.840000 -1.840000 -0.000462 -0.005708 -1.720000 -1.720000 0.066043 0.161112 0.000000 0.000000 0.264854 0.259874 0.000000 0.000000 -0.405351 -0.391510 0.000000 0.000000 0.447097 0.512052 0.000000 0.000000 0.040759 0.047165 0.000000 0.000000 0.302264 0.172944 0.000000 0.000000 -0.209786 -0.196567 0.000000 0.000000 -0.205814 -0.154762 0.000000 0.000000 0.662853 0.578558 0.000000 0.000000 -0.345428 -0.327343 0.000000 0.000000
2.700000 -0.497861 -0.531532 2.290000 2.290000 0.423121 0.383339 3.340000 3.340000 0.504439 0.520685 6.780000 6.780000 0.718561 0.841846 -3.540000 -3.540000 -0.024300 -0.264579 -13.000000 -13.000000 -0.058742 -0.014509 -0.900000 -0.900000 -0.458150 -0.470449 0.580000 0.580000 -0.077912 0.007628 -5.490000 -5.490000 -0.137128 -0.158550 -9.520000 -9.520000 0.613280 0.731943 -6.500000 -6.500000 -0.250416 -0.336609 -9.440000 -9.440000 0.090045 -0.030431 2.020000 2.020000 0.104254 0.132485 -2.110000 -2.110000 0.004808 0.002984 -2.340000 -2.340000 0.040031 0.140618 0.000000 0.000000 0.253349 0.257429 0.000000 0.000000 -0.403028 -0.392721 0.000000 0.000000 0.435319 0.510411 0.000000 0.000000 0.044096 0.047300 0.000000 0.000000 0.309985 0.176257 0.000000 0.000000 -0.210028 -0.194390 0.000000 0.000000 -0.214374 -0.166440 0.000000 0.000000 0.681870 0.596914 0.000000 0.000000 -0.348613 -0.330142 0.000000 0.000000
2.720000 -0.495344 -0.522666 1.840000 1.840000 0.405151 0.366326 3.730000 3.730000 0.504283 0.519412 7.830000 7.830000 0.703429 0.830775 -4.600000 -4.600000 -0.068195 -0.260189 -11.429999 -11.429999 -0.058101 -0.012879 -0.950000 -0.950000 -0.463759 -0.463393 0.000000 0.000000 -0.085313 -0.009894 -5.140000 -5.140000 -0.139105 -0.161017 -9.790000 -9.790000 0.605468 0.731812 -6.920000 -6.920000 -0.265067 -0.336799 -9.639999 -9.639999 0.097553 -0.025562 1.920000 1.920000 0.097169 0.115335 -0.620000 -0.620000 0.006889 0.009915 -1.590000 -1.590000 0.027737 0.121474 0.000000 0.000000 0.254553 0.256113 0.000000 0.000000 -0.399691 -0.393897 0.000000 0.000000 0.433440 0.506229 0.000000 0.000000 0.047001 0.047457 0.000000 0.000000 0.307654 0.178957 0.000000 0.000000 -0.199460 -0.190700 0.000000 0.000000 -0.217558 -0.173716 0.000000 0.000000 0.695801 0.611415 0.000000 0.000000 -0.351286 -0.327287 0.000000 0.000000
2.740000 -0.497123 -0.514781 1.260000 1.260000 0.394171 0.347649 4.040000 4.040000 0.498537 0.519275 7.260000 7.260000 0.696314 0.817287 -5.050000 -5.050000 -0.107043 -0.257089 -10.210000 -10.210000 -0.060779 -0.009822 -1.070000 -1.070000 -0.443904 -0.459588 1.110000 1.110000 -0.095865 -0.019811 -5.550000 -5.550000 -0.144627 -0.164199 -9.139999 -9.139999 0.611254 0.731370 -7.280000 -7.280000 -0.300921 -0.337438 -8.720000 -8.720000 0.100292 -0.020726 2.100000 2.100000 0.086459 0.100230 -0.880000 -0.880000 0.011459 0.013566 -1.200000 -1.200000 -0.001146 0.103557 0.000000 0.000000 0.249999 0.255135 0.000000 0.000000 -0.393341 -0.394363 0.000000 0.000000 0.430832 0.496494 0.000000 0.000000 0.050332 0.051594 0.000000 0.000000 0.316028 0.181902 0.000000 0.000000 -0.209686 -0.189174 0.000000 0.000000 -0.220934 -0.181668 0.000000 0.000000 0.706365 0.627118 0.000000 0.000000 -0.352486 -0.329074 0.000000 0.000000
2.760000 -0.498767 -0.509274 0.380000 0.380000 0.390294 0.336724 4.130000 4.130000 0.493335 0.515673 8.650000 8.650000 0.684716 0.807872 -5.950000 -5.950000 -0.144317 -0.255515 -10.500000 -10.500000 -0.061247 -0.008021 -1.070000 -1.070000 -0.443575 -0.454526 0.650000 0.650000 -0.101635 -0.031616 -5.260000 -5.260000 -0.153370 -0.166626 -9.330000 -9.330000 0.603326 0.730468 -7.300000 -7.300000 -0.357997 -0.338739 -8.410000 -8.410000 0.094931 -0.017892 1.900000 1.900000 0.073745 0.089609 -1.020000 -1.020000 0.011295 0.014359 -1.230000 -1.230000 0.000292 0.086008 0.000000 0.000000 0.243018 0.252027 0.000000 0.000000 -0.389522 -0.394887 0.000000 0.000000 0.437096 0.488626 0.000000 0.000000 0.052908 0.048469 0.000000 0.000000 0.327994 0.184725 0.000000 0.000000 -0.203084 -0.189500 0.000000 0.000000 -0.221176 -0.187302 0.000000 0.000000 0.708518 0.637157 0.000000 0.000000 -0.349895 -0.329962 0.000000 0.000000
2.780000 -0.493786 -0.503215 0.740000 0.740000 0.384940 0.327591 3.630000 3.630000 0.485157 0.511199 8.580000 8.580000 0.687946 0.801374 -5.830000 -5.830000 -0.151207 -0.251954 -8.910000 -8.910000 -0.057085 -0.005891 -1.070000 -1.070000 -0.447549 -0.448590 -0.240000 -0.240000 -0.104475 -0.038146 -4.560000 -4.560000 -0.162122 -0.175995 -8.570000 -8.570000 0.600565 0.726355 -9.120000 -9.120000 -0.395128 -0.344679 -7.580000 -7.580000 0.096047 -0.015986 1.920000 1.920000 0.071210 0.081504 -0.810000 -0.810000 0.007992 0.012832 -1.600000 -1.600000 -0.011591 0.069932 0.000000 0.000000 0.237621 0.247184 0.000000 0.000000 -0.390236 -0.395818 0.000000 0.000000 0.444429 0.487906 0.000000 0.000000 0.053964 0.048986 0.000000 0.000000 0.324345 0.192333 0.000000 0.000000 -0.203180 -0.189605 0.000000 0.000000 -0.218764 -0.192832 0.000000 0.000000 0.711399 0.650511 0.000000 0.000000 -0.348433 -0.331941 0.000000 0.000000
2.800000 -0.504873 -0.503829 -0.020000 -0.020000 0.379022 0.322089 3.950000 3.950000 0.480187 0.503701 8.410000 8.410000 0.689616 0.799571 -5.910000 -5.910000 -0.172281 -0.250273 -8.429999 -8.429999 -0.050777 -0.002972 -1.020000 -1.020000 -0.442479 -0.440046 -0.360000 -0.360000 -0.097861 -0.044176 -4.410000 -4.410000 -0.179810 -0.186684 -6.760000 -6.760000 0.608526 0.725683 -9.510000 -9.510000 -0.434959 -0.345649 -6.200000 -6.200000 0.084765 -0.011096 1.450000 1.450000 0.064318 0.079703 -0.750000 -0.750000 0.003736 0.010522 -1.820000 -1.820000 -0.026929 0.054347 0.000000 0.000000 0.227116 0.241875 0.000000 0.000000 -0.391387 -0.395934 0.000000 0.000000 0.455020 0.487906 0.000000 0.000000 0.059241 0.048986 0.000000 0.000000 0.324349 0.199819 0.000000 0.000000 -0.201989 -0.190152 0.000000 0.000000 -0.219473 -0.198316 0.000000 0.000000 0.719349 0.656536 0.000000 0.000000 -0.347435 -0.327624 0.000000 0.000000
2.820000 -0.507507 -0.505485 -0.300000 -0.300000 0.378403 0.318830 3.650000 3.650000 0.473656 0.497054 8.780000 8.780000 0.694471 0.799924 -5.170000 -5.170000 -0.162478 -0.249930 -8.429999 -8.429999 -0.044141 -0.002514 -0.800000 -0.800000 -0.446909 -0.435750 -0.990000 -0.990000 -0.094739 -0.045203 -3.670000 -3.670000 -0.189237 -0.198754 -6.880000 -6.880000 0.619332 0.725683 -9.190000 -9.190000 -0.458439 -0.345649 -4.920000 -4.920000 0.075613 -0.009541 1.550000 1.550000 0.071943 0.077500 0.400000 0.400000 -0.005876 0.007869 -1.860000 -1.860000 -0.044158 0.040111 0.000000 0.000000 0.230023 0.239011 0.000000 0.000000 -0.381833 -0.393769 0.000000 0.000000 0.462639 0.488423 0.000000 0.000000 0.062070 0.049503 0.000000 0.000000 0.321883 0.206323 0.000000 0.000000 -0.206150 -0.190048 0.000000 0.000000 -0.218882 -0.200121 0.000000 0.000000 0.721014 0.663235 0.000000 0.000000 -0.349786 -0.328703 0.000000 0.000000
2.840000 -0.529024 -0.507311 -1.370000 -1.370000 0.386030 0.321267 3.570000 3.570000 0.461066 0.492639 8.559999 8.559999 0.709227 0.801521 -5.260000 -5.260000 -0.179833 -0.250486 -7.300000 -7.300000 -0.043678 0.000107 -1.020000 -1.020000 -0.443255 -0.431977 -1.010000 -1.010000 -0.097292 -0.044890 -4.250000 -4.250000 -0.200891 -0.209522 -6.310000 -6.310000 0.606938 0.725830 -11.179999 -11.179999 -0.515136 -0.345862 -5.010000 -5.010000 0.070820 -0.010084 1.590000 1.590000 0.062759 0.077765 -0.000000 -0.000000 -0.010132 0.002358 -2.640000 -2.640000 -0.065385 0.025631 0.000000 0.000000 0.237228 0.236810 0.000000 0.000000 -0.385281 -0.390567 0.000000 0.000000 0.456602 0.488918 0.000000 0.000000 0.068259 0.049053 0.000000 0.000000 0.310088 0.210250 0.000000 0.000000 -0.219896 -0.190828 0.000000 0.000000 -0.227760 -0.201133 0.000000 0.000000 0.736005 0.673667 0.000000 0.000000 -0.350962 -0.335358 0.000000 0.000000
2.860000 -0.536463 -0.514520 -1.350000 -1.350000 0.379690 0.327698 2.360000 2.360000 0.453687 0.484700 8.570000 8.570000 0.728423 0.807954 -4.320000 -4.320000 -0.165407 -0.248794 -7.030000 -7.030000 -0.039732 0.001353 -0.830000 -0.830000 -0.444047 -0.430090 -0.950000 -0.950000 -0.088737 -0.045830 -3.840000 -3.840000 -0.208680 -0.215944 -6.720000 -6.720000 0.610750 0.727617 -10.920000 -10.920000 -0.525845 -0.348442 -4.780000 -4.780000 0.058870 -0.010457 1.250000 1.250000 0.075445 0.078127 0.470000 0.470000 -0.015330 -0.000980 -1.670000 -1.670000 -0.080099 0.015200 0.000000 0.000000 0.242813 0.236205 0.000000 0.000000 -0.389926 -0.389939 0.000000 0.000000 0.458613 0.489075 0.000000 0.000000 0.075288 0.049211 0.000000 0.000000 0.302489 0.211600 0.000000 0.000000 -0.208844 -0.190024 0.000000 0.000000 -0.230177 -0.203450 0.000000 0.000000 0.743946 0.682042 0.000000 0.000000 -0.357618 -0.328647 0.000000 0.000000
2.880000 -0.558672 -0.524951 -1.680000 -1.680000 0.392288 0.329676 3.330000 3.330000 0.442343 0.477163 8.270000 8.270000 0.746594 0.816353 -3.700000 -3.700000 -0.181140 -0.244854 -6.550000 -6.550000 -0.043857 0.002450 -1.010000 -1.010000 -0.445221 -0.430811 -0.870000 -0.870000 -0.092676 -0.038527 -3.990000 -3.990000 -0.211560 -0.226144 -7.430000 -7.430000 0.588095 0.729354 -13.990000 -13.990000 -0.592897 -0.351495 -5.100000 -5.100000 0.052755 -0.010915 1.260000 1.260000 0.075670 0.082737 -0.100000 -0.100000 -0.017922 -0.006687 -1.950000 -1.950000 -0.091205 0.004891 0.000000 0.000000 0.266454 0.237148 0.000000 0.000000 -0.395806 -0.390113 0.000000 0.000000 0.452023 0.488592 0.000000 0.000000 0.078368 0.049694 0.000000 0.000000 0.292665 0.214791 0.000000 0.000000 -0.227648 -0.189489 0.000000 0.000000 -0.244619 -0.208084 0.000000 0.000000 0.753603 0.689303 0.000000 0.000000 -0.358112 -0.336673 0.000000 0.000000
2.900000 -0.568498 -0.540966 -1.840000 -1.840000 0.398949 0.341638 3.210000 3.210000 0.431656 0.460541 7.260000 7.260000 0.771494 0.831119 -2.790000 -2.790000 -0.172605 -0.247623 -5.980000 -5.980000 -0.048815 0.003537 -1.020000 -1.020000 -0.450376 -0.435244 -1.000000 -1.000000 -0.094184 -0.034954 -3.900000 -3.900000 -0.210480 -0.231870 -8.910000 -8.910000 0.583066 0.731206 -14.509999 -14.509999 -0.624521 -0.354193 -5.200000 -5.200000 0.048844 -0.013791 1.200000 1.200000 0.093277 0.088621 0.750000 0.750000 -0.024315 -0.011415 -1.090000 -1.090000 -0.089740 -0.004435 0.000000 0.000000 0.278611 0.238825 0.000000 0.000000 -0.402203 -0.391068 0.000000 0.000000 0.450443 0.488165 0.000000 0.000000 0.084041 0.050234 0.000000 0.000000 0.280870 0.216754 0.000000 0.000000 -0.226574 -0.191305 0.000000 0.000000 -0.253719 -0.212997 0.000000 0.000000 0.755524 0.696880 0.000000 0.000000 -0.360889 -0.342541 0.000000 0.000000
2.920000 -0.582359 -0.555662 -1.370000 -1.370000 0.406463 0.352455 2.870000 2.870000 0.422320 0.448451 6.580000 6.580000 0.790238 0.846058 -2.560000 -2.560000 -0.160344 -0.249339 -5.940000 -5.940000 -0.055501 0.003537 -1.020000 -1.020000 -0.457760 -0.440828 -1.260000 -1.260000 -0.085838 -0.026448 -3.290000 -3.290000 -0.212838 -0.240925 -11.550000 -11.550000 0.584907 0.734401 -15.030000 -15.030000 -0.636993 -0.358807 -5.190000 -5.190000 0.046130 -0.014164 1.110000 1.110000 0.100756 0.097352 0.600000 0.600000 -0.026826 -0.016917 -0.840000 -0.840000 -0.082116 -0.014376 0.000000 0.000000 0.287897 0.241630 0.000000 0.000000 -0.413481 -0.393315 0.000000 0.000000 0.456010 0.487007 0.000000 0.000000 0.087075 0.051818 0.000000 0.000000 0.281321 0.219086 0.000000 0.000000 -0.235248 -0.195799 0.000000 0.000000 -0.260044 -0.219470 0.000000 0.000000 0.756452 0.702444 0.000000 0.000000 -0.362302 -0.348510 0.000000 0.000000
2.940000 -0.601957 -0.575327 -1.560000 -1.560000 0.419878 0.365611 3.020000 3.020000 0.414522 0.437311 5.780000 5.780000 0.807234 0.861963 -2.880000 -2.880000 -0.152468 -0.250605 -7.010000 -7.010000 -0.058198 0.003537 -1.140000 -1.140000 -0.462209 -0.447179 -1.050000 -1.050000 -0.083558 -0.017089 -2.980000 -2.980000 -0.206010 -0.248717 -10.820000 -10.820000 0.589759 0.740154 -14.330000 -14.330000 -0.622072 -0.365102 -6.350000 -6.350000 0.035776 -0.015922 1.200000 1.200000 0.105845 0.105859 0.480000 0.480000 -0.028528 -0.021606 -0.940000 -0.940000 -0.066257 -0.020634 0.000000 0.000000 0.281575 0.246543 0.000000 0.000000 -0.423805 -0.398228 0.000000 0.000000 0.458977 0.487142 0.000000 0.000000 0.089062 0.051998 0.000000 0.000000 0.279510 0.219208 0.000000 0.000000 -0.236627 -0.200642 0.000000 0.000000 -0.262575 -0.224360 0.000000 0.000000 0.755171 0.707188 0.000000 0.000000 -0.362708 -0.353164 0.000000 0.000000
2.960000 -0.607417 -0.592677 -0.650000 -0.650000 0.427488 0.380589 3.230000 3.230000 0.409406 0.424938 5.760000 5.760000 0.819341 0.880351 -2.400000 -2.400000 -0.147889 -0.253255 -6.540000 -6.540000 -0.064770 0.003537 -1.260000 -1.260000 -0.478727 -0.454802 -1.430000 -1.430000 -0.078718 -0.010041 -3.420000 -3.420000 -0.198323 -0.245409 -13.009999 -13.009999 0.589725 0.746447 -14.589999 -14.589999 -0.602315 -0.373362 -7.150000 -7.150000 0.034235 -0.022739 1.380000 1.380000 0.122111 0.113553 1.090000 1.090000 -0.029981 -0.026031 0.140000 0.140000 -0.046288 -0.021861 0.000000 0.000000 0.291343 0.251608 0.000000 0.000000 -0.432698 -0.403292 0.000000 0.000000 0.463901 0.486895 0.000000 0.000000 0.087757 0.052493 0.000000 0.000000 0.269124 0.219577 0.000000 0.000000 -0.234675 -0.206230 0.000000 0.000000 -0.259551 -0.229948 0.000000 0.000000 0.742975 0.707188 0.000000 0.000000 -0.363561 -0.353164 0.000000 0.000000
2.980000 -0.615924 -0.603936 -0.590000 -0.590000 0.438867 0.388939 3.610000 3.610000 0.406521 0.419446 6.230000 6.230000 0.824149 0.891782 -2.810000 -2.810000 -0.155458 -0.256391 -7.350000 -7.350000 -0.068678 0.002908 -1.210000 -1.210000 -0.486045 -0.464635 -1.240000 -1.240000 -0.075043 0.000932 -3.260000 -3.260000 -0.190179 -0.244831 -13.610000 -13.610000 0.600476 0.753625 -13.500000 -13.500000 -0.579101 -0.375420 -6.770000 -6.770000 0.027473 -0.025775 1.120000 1.120000 0.126209 0.117479 0.940000 0.940000 -0.031370 -0.026784 0.240000 0.240000 -0.014854 -0.021493 0.000000 0.000000 0.294618 0.256975 0.000000 0.000000 -0.440363 -0.408659 0.000000 0.000000 0.468857 0.487221 0.000000 0.000000 0.083907 0.052819 0.000000 0.000000 0.267472 0.219577 0.000000 0.000000 -0.237885 -0.210212 0.000000 0.000000 -0.252146 -0.233976 0.000000 0.000000 0.733077 0.706727 0.000000 0.000000 -0.358924 -0.353625 0.000000 0.000000
3.000000 -0.623382 -0.613677 -0.690000 -0.690000 0.450923 0.400539 3.850000 3.850000 0.407451 0.416617 6.180000 6.180000 0.821170 0.902345 -3.700000 -3.700000 -0.170955 -0.260852 -7.450000 -7.450000 -0.073393 0.001342 -1.240000 -1.240000 -0.497302 -0.473716 -1.360000 -1.360000 -0.074037 0.007863 -2.770000 -2.770000 -0.175221 -0.239760 -15.009999 -15.009999 0.593664 0.763115 -14.740000 -14.740000 -0.587127 -0.371752 -6.510000 -6.510000 0.022491 -0.026095 0.770000 0.770000 0.136020 0.120807 1.680000 1.680000 -0.029221 -0.027587 0.780000 0.780000 0.008741 -0.019407 0.000000 0.000000 0.298459 0.263122 0.000000 0.000000 -0.447716 -0.414807 0.000000 0.000000 0.468576 0.487221 0.000000 0.000000 0.080937 0.052819 0.000000 0.000000 0.260429 0.219577 0.000000 0.000000 -0.238837 -0.213123 0.000000 0.000000 -0.246833 -0.234069 0.000000 0.000000 0.721149 0.705985 0.000000 0.000000 -0.355509 -0.353400 0.000000 0.000000
3.020000 -0.621101 -0.620856 0.100000 0.100000 0.455778 0.412197 2.870000 2.870000 0.411098 0.420367 5.970000 5.970000 0.815185 0.912080 -4.720000 -4.720000 -0.169988 -0.265088 -8.370000 -8.370000 -0.075840 0.001225 -1.400000 -1.400000 -0.504071 -0.483580 -1.410000 -1.410000 -0.066051 0.012924 -2.590000 -2.590000 -0.162933 -0.229139 -15.980000 -15.980000 0.604365 0.765368 -15.080000 -15.080000 -0.540249 -0.370037 -7.430000 -7.430000 0.022623 -0.028226 1.160000 1.160000 0.141530 0.125349 1.660000 1.660000 -0.023712 -0.024592 1.270000 1.270000 0.044530 -0.014130 0.000000 0.000000 0.301340 0.268070 0.000000 0.000000 -0.461006 -0.420919 0.000000 0.000000 0.480361 0.488536 0.000000 0.000000 0.072678 0.051751 0.000000 0.000000 0.250313 0.219577 0.000000 0.000000 -0.237625 -0.215626 0.000000 0.000000 -0.233967 -0.234384 0.000000 0.000000 0.708793 0.705434 0.000000 0.000000 -0.352191 -0.353321 0.000000 0.000000
3.040000 -0.615322 -0.623709 0.500000 0.500000 0.461011 0.420440 2.320000 2.320000 0.415824 0.427415 5.580000 5.580000 0.811375 0.917783 -5.110000 -5.110000 -0.172560 -0.267123 -8.280000 -8.280000 -0.078058 0.000522 -1.340000 -1.340000 -0.508038 -0.491004 -1.130000 -1.130000 -0.058596 0.023751 -2.580000 -2.580000 -0.147959 -0.218215 -15.969999 -15.969999 0.604826 0.771694 -14.900000 -14.900000 -0.516610 -0.361115 -7.890000 -7.890000 0.020948 -0.033658 1.240000 1.240000 0.141258 0.128540 1.030000 1.030000 -0.016265 -0.021439 1.640000 1.640000 0.087894 -0.006890 0.000000 0.000000 0.296293 0.272599 0.000000 0.000000 -0.468707 -0.427310 0.000000 0.000000 0.483215 0.490031 0.000000 0.000000 0.066238 0.050391 0.000000 0.000000 0.238133 0.219577 0.000000 0.000000 -0.237288 -0.215498 0.000000 0.000000 -0.221773 -0.233324 0.000000 0.000000 0.695540 0.704636 0.000000 0.000000 -0.345044 -0.352973 0.000000 0.000000
3.060000 -0.608221 -0.622835 1.140000 1.140000 0.460216 0.426920 2.400000 2.400000 0.432076 0.436009 4.310000 4.310000 0.800568 0.918102 -6.130000 -6.130000 -0.174386 -0.266070 -9.700000 -9.700000 -0.078148 -0.000075 -1.430000 -1.430000 -0.512873 -0.499840 -0.940000 -0.940000 -0.049048 0.033461 -2.050000 -2.050000 -0.130046 -0.205861 -16.190001 -16.190001 0.609608 0.773464 -13.520000 -13.520000 -0.490375 -0.357281 -8.330000 -8.330000 0.014558 -0.034734 0.950000 0.950000 0.149357 0.130361 0.910000 0.910000 -0.007759 -0.016721 2.470000 2.470000 0.129218 0.005996 0.000000 0.000000 0.301255 0.277104 0.000000 0.000000 -0.475592 -0.433516 0.000000 0.000000 0.493492 0.491470 0.000000 0.000000 0.060985 0.049109 0.000000 0.000000 0.225246 0.219208 0.000000 0.000000 -0.236930 -0.214508 0.000000 0.000000 -0.207652 -0.230425 0.000000 0.000000 0.677805 0.702388 0.000000 0.000000 -0.345711 -0.352995 0.000000 0.000000
3.080000 -0.598571 -0.622835 1.920000 1.920000 0.463505 0.433166 1.780000 1.780000 0.442512 0.446268 3.980000 3.980000 0.792908 0.918151 -6.710000 -6.710000 -0.177925 -0.265999 -10.030000 -10.030000 -0.073217 -0.000075 -1.350000 -1.350000 -0.505468 -0.505930 0.230000 0.230000 -0.047951 0.036946 -1.670000 -1.670000 -0.110045 -0.190022 -16.889999 -16.889999 0.612180 0.772268 -12.450000 -12.450000 -0.452079 -0.355553 -8.670000 -8.670000 0.012345 -0.035086 0.880000 0.880000 0.145226 0.133631 0.070000 0.070000 0.000342 -0.013452 2.680000 2.680000 0.171231 0.023299 0.000000 0.000000 0.298788 0.280876 0.000000 0.000000 -0.472670 -0.439267 0.000000 0.000000 0.491215 0.491998 0.000000 0.000000 0.055115 0.048873 0.000000 0.000000 0.208212 0.218963 0.000000 0.000000 -0.244016 -0.214392 0.000000 0.000000 -0.192595 -0.226071 0.000000 0.000000 0.661086 0.701005 0.000000 0.000000 -0.342472 -0.352916 0.000000 0.000000
3.100000 -0.580797 -0.617926 2.420000 2.420000 0.459292 0.435055 1.340000 1.340000 0.458679 0.462195 4.960000 4.960000 0.787122 0.917062 -6.400000 -6.400000 -0.169587 -0.265538 -10.210000 -10.210000 -0.073903 -0.000075 -1.350000 -1.350000 -0.522135 -0.510056 -0.440000 -0.440000 -0.036519 0.043103 -1.680000 -1.680000 -0.096484 -0.172059 -16.449999 -16.449999 0.613016 0.769408 -11.469999 -11.469999 -0.408451 -0.351353 -8.929999 -8.929999 0.013219 -0.035096 0.920000 0.920000 0.148340 0.133895 0.030000 0.030000 0.005516 -0.009154 2.450000 2.450000 0.226912 0.043057 0.000000 0.000000 0.292693 0.282727 0.000000 0.000000 -0.462841 -0.442445 0.000000 0.000000 0.493957 0.491998 0.000000 0.000000 0.050884 0.048873 0.000000 0.000000 0.186099 0.218595 0.000000 0.000000 -0.238129 -0.215346 0.000000 0.000000 -0.175521 -0.217945 0.000000 0.000000 0.644912 0.699308 0.000000 0.000000 -0.342120 -0.353040 0.000000 0.000000
3.120000 -0.570923 -0.608400 2.600000 2.600000 0.463992 0.434977 0.700000 0.700000 0.474632 0.481205 4.570000 4.570000 0.782947 0.911227 -5.860000 -5.860000 -0.166124 -0.268070 -9.809999 -9.809999 -0.071991 -0.000075 -1.310000 -1.310000 -0.517638 -0.517542 0.240000 0.240000 -0.038553 0.047978 -1.800000 -1.800000 -0.076846 -0.155163 -15.790000 -15.790000 0.601129 0.765417 -12.070000 -12.070000 -0.386326 -0.343981 -8.950000 -8.950000 0.017581 -0.035139 0.890000 0.890000 0.134013 0.135990 -1.640000 -1.640000 0.011851 -0.005004 1.710000 1.710000 0.264571 0.061955 0.000000 0.000000 0.287681 0.282797 0.000000 0.000000 -0.459103 -0.442515 0.000000 0.000000 0.492729 0.492425 0.000000 0.000000 0.046942 0.048446 0.000000 0.000000 0.169872 0.217368 0.000000 0.000000 -0.252028 -0.217803 0.000000 0.000000 -0.164120 -0.209201 0.000000 0.000000 0.639502 0.698251 0.000000 0.000000 -0.341836 -0.352703 0.000000 0.000000
3.140000 -0.557217 -0.593398 1.970000 1.970000 0.454549 0.435241 1.420000 1.420000 0.499946 0.502105 3.930000 3.930000 0.773124 0.902312 -7.090000 -7.090000 -0.183583 -0.269135 -10.360000 -10.360000 -0.073197 -0.000075 -1.380000 -1.380000 -0.528269 -0.518923 -0.760000 -0.760000 -0.035927 0.048155 -2.420000 -2.420000 -0.064899 -0.133686 -16.039999 -16.039999 0.593046 0.761172 -12.670000 -12.670000 -0.388410 -0.334491 -10.160000 -10.160000 0.021554 -0.035139 1.050000 1.050000 0.139990 0.134786 -1.010000 -1.010000 0.018050 0.000136 1.730000 1.730000 0.297223 0.087604 0.000000 0.000000 0.291396 0.282786 0.000000 0.000000 -0.445029 -0.441735 0.000000 0.000000 0.494178 0.492436 0.000000 0.000000 0.046136 0.048435 0.000000 0.000000 0.158299 0.215404 0.000000 0.000000 -0.237091 -0.219875 0.000000 0.000000 -0.149244 -0.197513 0.000000 0.000000 0.630863 0.697509 0.000000 0.000000 -0.342051 -0.352456 0.000000 0.000000
3.160000 -0.540420 -0.578181 2.670000 2.670000 0.460973 0.427821 2.040000 2.040000 0.520162 0.523426 5.510000 5.510000 0.767294 0.892003 -5.910000 -5.910000 -0.190333 -0.268401 -8.530000 -8.530000 -0.070536 -0.000075 -1.320000 -1.320000 -0.530210 -0.518954 -0.930000 -0.930000 -0.040393 0.046471 -2.650000 -2.650000 -0.045378 -0.115890 -15.099999 -15.099999 0.579186 0.757124 -13.210000 -13.210000 -0.387473 -0.328007 -9.410000 -9.410000 0.033171 -0.034404 1.020000 1.020000 0.130495 0.135970 -1.430000 -1.430000 0.019475 0.005471 1.410000 1.410000 0.323981 0.116811 0.000000 0.000000 0.293575 0.282378 0.000000 0.000000 -0.423665 -0.441281 0.000000 0.000000 0.493633 0.492436 0.000000 0.000000 0.045140 0.048435 0.000000 0.000000 0.143009 0.212827 0.000000 0.000000 -0.244032 -0.222099 0.000000 0.000000 -0.142743 -0.186418 0.000000 0.000000 0.625709 0.696273 0.000000 0.000000 -0.340368 -0.352388 0.000000 0.000000
3.180000 -0.528688 -0.558607 1.360000 1.360000 0.450212 0.422681 2.290000 2.290000 0.544755 0.545774 5.450000 5.450000 0.759754 0.878540 -5.800000 -5.800000 -0.198074 -0.269147 -8.170000 -8.170000 -0.068000 -0.000075 -1.270000 -1.270000 -0.527365 -0.518954 -0.810000 -0.810000 -0.039176 0.042330 -3.300000 -3.300000 -0.033335 -0.095127 -14.790000 -14.790000 0.583163 0.750946 -12.440000 -12.440000 -0.369285 -0.319251 -8.830000 -8.830000 0.041918 -0.032167 1.420000 1.420000 0.132823 0.132182 -1.370000 -1.370000 0.024966 0.010238 1.390000 1.390000 0.353485 0.146631 0.000000 0.000000 0.304282 0.281982 0.000000 0.000000 -0.407875 -0.437253 0.000000 0.000000 0.505766 0.492954 0.000000 0.000000 0.043855 0.047918 0.000000 0.000000 0.132577 0.207918 0.000000 0.000000 -0.226401 -0.223507 0.000000 0.000000 -0.127389 -0.176720 0.000000 0.000000 0.620674 0.695238 0.000000 0.000000 -0.343298 -0.352433 0.000000 0.000000
3.200000 -0.510982 -0.541948 2.150000 2.150000 0.458355 0.414302 3.460000 3.460000 0.562777 0.566546 6.130000 6.130000 0.742437 0.865978 -5.640000 -5.640000 -0.201397 -0.268803 -8.260000 -8.260000 -0.065794 -0.000075 -1.190000 -1.190000 -0.525159 -0.518954 -0.610000 -0.610000 -0.039739 0.040803 -3.760000 -3.760000 -0.021654 -0.077566 -13.280000 -13.280000 0.577810 0.746537 -12.670000 -12.670000 -0.383784 -0.313240 -9.540000 -9.540000 0.052606 -0.029919 1.420000 1.420000 0.119593 0.131829 -2.530000 -2.530000 0.026204 0.013429 0.560000 0.560000 0.377991 0.178661 0.000000 0.000000 0.303781 0.282308 0.000000 0.000000 -0.386823 -0.432642 0.000000 0.000000 0.509554 0.493178 0.000000 0.000000 0.040076 0.047693 0.000000 0.000000 0.123040 0.198592 0.000000 0.000000 -0.233702 -0.221086 0.000000 0.000000 -0.125771 -0.166405 0.000000 0.000000 0.615674 0.692732 0.000000 0.000000 -0.340626 -0.352467 0.000000 0.000000
3.220000 -0.503512 -0.525688 1.190000 1.190000 0.454452 0.407156 3.760000 3.760000 0.587918 0.589120 6.210000 6.210000 0.735925 0.851532 -6.740000 -6.740000 -0.217668 -0.267656 -8.700000 -8.700000 -0.062662 0.000533 -1.320000 -1.320000 -0.521265 -0.518954 -0.150000 -0.150000 -0.039767 0.035801 -4.370000 -4.370000 -0.016253 -0.058428 -12.570000 -12.570000 0.589671 0.741613 -11.150000 -11.150000 -0.395304 -0.308471 -8.349999 -8.349999 0.058458 -0.025008 1.300000 1.300000 0.126448 0.129666 -2.100000 -2.100000 0.028264 0.014065 0.960000 0.960000 0.404832 0.212531 0.000000 0.000000 0.306548 0.282914 0.000000 0.000000 -0.363772 -0.425028 0.000000 0.000000 0.527051 0.495044 0.000000 0.000000 0.040229 0.047378 0.000000 0.000000 0.114628 0.187793 0.000000 0.000000 -0.236002 -0.222110 0.000000 0.000000 -0.118406 -0.156672 0.000000 0.000000 0.609667 0.689045 0.000000 0.000000 -0.343337 -0.352961 0.000000 0.000000
3.240000 -0.493131 -0.513937 1.290000 1.290000 0.467271 0.402281 4.810000 4.810000 0.602771 0.611204 7.900000 7.900000 0.719863 0.842346 -7.400000 -7.400000 -0.197663 -0.267241 -8.720000 -8.720000 -0.057136 0.001374 -1.180000 -1.180000 -0.512085 -0.518401 0.510000 0.510000 -0.038746 0.032707 -4.060000 -4.060000 -0.010721 -0.047895 -11.190000 -11.190000 0.602691 0.737491 -11.030000 -11.030000 -0.392849 -0.307253 -7.450000 -7.450000 0.062274 -0.021759 1.410000 1.410000 0.114889 0.131213 -3.430000 -3.430000 0.026772 0.014144 -0.180000 -0.180000 0.420540 0.242352 0.000000 0.000000 0.302015 0.281680 0.000000 0.000000 -0.347838 -0.415528 0.000000 0.000000 0.542918 0.497529 0.000000 0.000000 0.035126 0.047052 0.000000 0.000000 0.109718 0.180798 0.000000 0.000000 -0.235965 -0.220923 0.000000 0.000000 -0.110397 -0.148871 0.000000 0.000000 0.604305 0.678692 0.000000 0.000000 -0.342075 -0.350252 0.000000 0.000000
3.260000 -0.488925 -0.502601 0.980000 0.980000 0.461518 0.401136 5.000000 5.000000 0.623242 0.633591 9.450000 9.450000 0.712842 0.833012 -6.610000 -6.610000 -0.178634 -0.264224 -9.000000 -9.000000 -0.051139 0.002589 -1.180000 -1.180000 -0.515926 -0.518386 0.210000 0.210000 -0.035894 0.025679 -3.780000 -3.780000 -0.015330 -0.038654 -8.599999 -8.599999 0.622803 0.736450 -8.760000 -8.760000 -0.380760 -0.304874 -6.170000 -6.170000 0.068282 -0.017211 1.320000 1.320000 0.117950 0.133014 -3.350000 -3.350000 0.028713 0.013948 -0.490000 -0.490000 0.439586 0.272172 0.000000 0.000000 0.303876 0.281412 0.000000 0.000000 -0.335108 -0.402081 0.000000 0.000000 0.563128 0.502194 0.000000 0.000000 0.033969 0.046074 0.000000 0.000000 0.105124 0.173925 0.000000 0.000000 -0.234614 -0.219107 0.000000 0.000000 -0.106989 -0.139115 0.000000 0.000000 0.594942 0.669946 0.000000 0.000000 -0.343361 -0.354726 0.000000 0.000000
3.280000 -0.485878 -0.496251 0.620000 0.620000 0.471457 0.397024 6.060000 6.060000 0.631496 0.650017 9.380000 9.380000 0.709074 0.830013 -6.230000 -6.230000 -0.154918 -0.260509 -10.599999 -10.599999 -0.044303 0.006818 -1.140000 -1.140000 -0.509999 -0.518386 0.670000 0.670000 -0.033652 0.021176 -3.180000 -3.180000 -0.015759 -0.037108 -8.340000 -8.340000 0.636758 0.736663 -7.700000 -7.700000 -0.364657 -0.304472 -5.490000 -5.490000 0.075447 -0.012087 1.300000 1.300000 0.110013 0.134316 -3.630000 -3.630000 0.021189 0.015191 -1.770000 -1.770000 0.440348 0.295734 0.000000 0.000000 0.295177 0.280143 0.000000 0.000000 -0.324365 -0.390986 0.000000 0.000000 0.577747 0.514502 0.000000 0.000000 0.030780 0.037093 0.000000 0.000000 0.109850 0.165949 0.000000 0.000000 -0.236556 -0.218338 0.000000 0.000000 -0.100183 -0.133736 0.000000 0.000000 0.596762 0.668744 0.000000 0.000000 -0.341889 -0.354490 0.000000 0.000000
3.300000 -0.498905 -0.492615 -0.320000 -0.320000 0.457838 0.398385 4.700000 4.700000 0.645532 0.657115 8.389999 8.389999 0.712394 0.830374 -5.550000 -5.550000 -0.141360 -0.261148 -10.270000 -10.270000 -0.038035 0.008117 -0.890000 -0.890000 -0.518154 -0.519291 0.260000 0.260000 -0.033859 0.018151 -3.560000 -3.560000 -0.023933 -0.039506 -7.100000 -7.100000 0.643574 0.737048 -7.240000 -7.240000 -0.340989 -0.303916 -5.530000 -5.530000 0.079343 -0.009690 1.590000 1.590000 0.117189 0.136411 -2.930000 -2.930000 0.019145 0.014623 -1.950000 -1.950000 0.440606 0.314510 0.000000 0.000000 0.295531 0.280329 0.000000 0.000000 -0.316428 -0.379111 0.000000 0.000000 0.599360 0.529374 0.000000 0.000000 0.031485 0.037554 0.000000 0.000000 0.107432 0.159935 0.000000 0.000000 -0.228995 -0.217698 0.000000 0.000000 -0.090670 -0.125273 0.000000 0.000000 0.600116 0.668609 0.000000 0.000000 -0.344209 -0.354513 0.000000 0.000000
3.320000 -0.506909 -0.494563 -0.960000 -0.960000 0.463170 0.398512 5.110000 5.110000 0.643194 0.660590 8.570000 8.570000 0.718648 0.831537 -5.150000 -5.150000 -0.143470 -0.262828 -9.469999 -9.469999 -0.034218 0.008543 -0.720000 -0.720000 -0.507261 -0.520825 0.970000 0.970000 -0.031429 0.015342 -3.060000 -3.060000 -0.027252 -0.042864 -6.660000 -6.660000 0.652109 0.740523 -6.890000 -6.890000 -0.342157 -0.300035 -5.050000 -5.050000 0.086051 -0.008763 1.740000 1.740000 0.109523 0.138153 -3.050000 -3.050000 0.014759 0.014545 -2.620000 -2.620000 0.423671 0.332059 0.000000 0.000000 0.291518 0.279700 0.000000 0.000000 -0.313116 -0.366724 0.000000 0.000000 0.611620 0.543729 0.000000 0.000000 0.028170 0.029696 0.000000 0.000000 0.117463 0.153554 0.000000 0.000000 -0.234202 -0.216091 0.000000 0.000000 -0.086241 -0.117426 0.000000 0.000000 0.594446 0.668283 0.000000 0.000000 -0.340122 -0.354299 0.000000 0.000000
3.340000 -0.512347 -0.495054 -1.210000 -1.210000 0.450881 0.397661 4.250000 4.250000 0.645170 0.658700 7.110000 7.110000 0.736872 0.833070 -4.820000 -4.820000 -0.155597 -0.262721 -8.970000 -8.970000 -0.038394 0.008543 -0.840000 -0.840000 -0.515224 -0.521132 0.490000 0.490000 -0.035159 0.013413 -4.020000 -4.020000 -0.037252 -0.045477 -6.150000 -6.150000 0.652430 0.745218 -7.280000 -7.280000 -0.386951 -0.300117 -4.910000 -4.910000 0.086235 -0.008326 1.770000 1.770000 0.126252 0.137625 -1.350000 -1.350000 0.014043 0.013762 -1.090000 -1.090000 0.407383 0.344699 0.000000 0.000000 0.303202 0.281552 0.000000 0.000000 -0.309089 -0.358749 0.000000 0.000000 0.615091 0.553992 0.000000 0.000000 0.031309 0.021030 0.000000 0.000000 0.123637 0.148154 0.000000 0.000000 -0.237733 -0.215393 0.000000 0.000000 -0.086350 -0.111209 0.000000 0.000000 0.595628 0.668069 0.000000 0.000000 -0.341092 -0.354108 0.000000 0.000000
3.360000 -0.515271 -0.497355 -1.510000 -1.510000 0.462261 0.398884 4.430000 4.430000 0.637224 0.657888 8.990000 8.990000 0.752684 0.838863 -3.920000 -3.920000 -0.158768 -0.265762 -8.690000 -8.690000 -0.042278 0.008682 -0.880000 -0.880000 -0.508614 -0.521945 1.130000 1.130000 -0.035974 0.011074 -3.850000 -3.850000 -0.045038 -0.049285 -5.630000 -5.630000 0.653973 0.748324 -8.179999 -8.179999 -0.413630 -0.304200 -4.200000 -4.200000 0.089518 -0.007762 1.720000 1.720000 0.115762 0.135588 -1.550000 -1.550000 0.008809 0.013077 -2.220000 -2.220000 0.392790 0.350712 0.000000 0.000000 0.293687 0.283938 0.000000 0.000000 -0.316587 -0.351333 0.000000 0.000000 0.609927 0.567267 0.000000 0.000000 0.033271 0.023514 0.000000 0.000000 0.138923 0.143982 0.000000 0.000000 -0.243867 -0.213728 0.000000 0.000000 -0.089412 -0.107961 0.000000 0.000000 0.598176 0.667766 0.000000 0.000000 -0.335677 -0.353984 0.000000 0.000000
3.380000 -0.522821 -0.499610 -1.350000 -1.350000 0.450912 0.401919 3.230000 3.230000 0.632634 0.652817 6.690000 6.690000 0.770450 0.844878 -3.310000 -3.310000 -0.156784 -0.266141 -7.990000 -7.990000 -0.042723 0.008735 -1.010000 -1.010000 -0.513283 -0.521914 0.490000 0.490000 -0.031897 0.010457 -4.170000 -4.170000 -0.057527 -0.057263 -5.240000 -5.240000 0.658667 0.751921 -8.210000 -8.210000 -0.428539 -0.307809 -4.540000 -4.540000 0.085915 -0.007080 1.720000 1.720000 0.126381 0.136205 -1.080000 -1.080000 0.010515 0.012264 -1.440000 -1.440000 0.373073 0.351326 0.000000 0.000000 0.293470 0.283554 0.000000 0.000000 -0.326367 -0.347293 0.000000 0.000000 0.607335 0.574102 0.000000 0.000000 0.039091 0.022187 0.000000 0.000000 0.151827 0.143246 0.000000 0.000000 -0.235686 -0.214752 0.000000 0.000000 -0.092800 -0.106820 0.000000 0.000000 0.604178 0.667732 0.000000 0.000000 -0.335807 -0.353951 0.000000 0.000000
3.400000 -0.526268 -0.507418 -1.130000 -1.130000 0.470778 0.407381 3.820000 3.820000 0.615159 0.645045 8.300000 8.300000 0.786655 0.854014 -3.280000 -3.280000 -0.166919 -0.267029 -6.120000 -6.120000 -0.044837 0.009641 -1.050000 -1.050000 -0.512491 -0.521914 0.590000 0.590000 -0.038290 0.011925 -4.090000 -4.090000 -0.062338 -0.069519 -6.260000 -6.260000 0.646619 0.756452 -9.780000 -9.780000 -0.448104 -0.313216 -5.410000 -5.410000 0.092761 -0.006899 1.840000 1.840000 0.111761 0.136636 -1.940000 -1.940000 0.006088 0.011618 -3.140000 -3.140000 0.346913 0.351203 0.000000 0.000000 0.286981 0.283752 0.000000 0.000000 -0.343706 -0.346583 0.000000 0.000000 0.589944 0.574799 0.000000 0.000000 0.041404 0.022884 0.000000 0.000000 0.166857 0.143982 0.000000 0.000000 -0.257088 -0.217966 0.000000 0.000000 -0.113279 -0.106959 0.000000 0.000000 0.621784 0.668631 0.000000 0.000000 -0.332995 -0.353051 0.000000 0.000000
3.420000 -0.536803 -0.515333 -1.230000 -1.230000 0.465125 0.414312 3.300000 3.300000 0.607668 0.632632 7.520000 7.520000 0.792870 0.865126 -3.420000 -3.420000 -0.189602 -0.269016 -5.970000 -5.970000 -0.048706 0.009193 -0.990000 -0.990000 -0.515235 -0.521914 0.460000 0.460000 -0.042795 0.008509 -4.220000 -4.220000 -0.073851 -0.079651 -7.680000 -7.680000 0.651232 0.759730 -9.880000 -9.880000 -0.463165 -0.317500 -5.720000 -5.720000 0.082964 -0.006888 1.630000 1.630000 0.127621 0.139054 -1.100000 -1.100000 0.006000 0.010943 -1.950000 -1.950000 0.317311 0.348994 0.000000 0.000000 0.286278 0.281912 0.000000 0.000000 -0.359101 -0.348166 0.000000 0.000000 0.581516 0.573888 0.000000 0.000000 0.044584 0.023795 0.000000 0.000000 0.191179 0.144596 0.000000 0.000000 -0.242309 -0.221144 0.000000 0.000000 -0.118759 -0.108973 0.000000 0.000000 0.636172 0.669193 0.000000 0.000000 -0.332810 -0.352489 0.000000 0.000000
3.440000 -0.535711 -0.526071 -0.370000 -0.370000 0.478913 0.422221 3.430000 3.430000 0.594622 0.619358 7.200000 7.200000 0.800192 0.875934 -4.250000 -4.250000 -0.192031 -0.272365 -6.290000 -6.290000 -0.054883 0.009193 -1.130000 -1.130000 -0.513546 -0.521914 0.710000 0.710000 -0.036960 0.012082 -3.250000 -3.250000 -0.085576 -0.096419 -7.150000 -7.150000 0.656199 0.768801 -10.330000 -10.330000 -0.482528 -0.321937 -5.230000 -5.230000 0.078977 -0.006888 1.430000 1.430000 0.112250 0.138741 -1.960000 -1.960000 0.002737 0.008965 -3.470000 -3.470000 0.292875 0.343963 0.000000 0.000000 0.268129 0.279910 0.000000 0.000000 -0.380286 -0.350169 0.000000 0.000000 0.569378 0.573506 0.000000 0.000000 0.050845 0.024177 0.000000 0.000000 0.208568 0.145823 0.000000 0.000000 -0.246021 -0.222611 0.000000 0.000000 -0.128491 -0.110743 0.000000 0.000000 0.654000 0.670722 0.000000 0.000000 -0.332962 -0.352130 0.000000 0.000000
3.460000 -0.544638 -0.531885 -0.800000 -0.800000 0.471544 0.430033 2.410000 2.410000 0.585570 0.609021 6.590000 6.590000 0.808465 0.886849 -3.790000 -3.790000 -0.195410 -0.274329 -6.530000 -6.530000 -0.058976 0.009193 -1.440000 -1.440000 -0.517119 -0.521914 0.440000 0.440000 -0.044663 0.012718 -3.990000 -3.990000 -0.093513 -0.108156 -7.560000 -7.560000 0.654102 0.775873 -11.280000 -11.280000 -0.488988 -0.326374 -5.140000 -5.140000 0.064980 -0.007495 1.490000 1.490000 0.129438 0.138672 -0.870000 -0.870000 0.005519 0.008740 -1.140000 -1.140000 0.267006 0.335740 0.000000 0.000000 0.275466 0.276906 0.000000 0.000000 -0.385271 -0.354313 0.000000 0.000000 0.554363 0.572416 0.000000 0.000000 0.054289 0.023986 0.000000 0.000000 0.217190 0.146191 0.000000 0.000000 -0.239273 -0.223170 0.000000 0.000000 -0.133962 -0.112513 0.000000 0.000000 0.665148 0.671453 0.000000 0.000000 -0.333010 -0.351669 0.000000 0.000000
3.480000 -0.548095 -0.538957 -0.320000 -0.320000 0.476996 0.435613 2.180000 2.180000 0.569403 0.596256 6.400000 6.400000 0.809975 0.899681 -4.740000 -4.740000 -0.202173 -0.276033 -7.190000 -7.190000 -0.066423 0.009097 -1.460000 -1.460000 -0.508762 -0.521914 1.030000 1.030000 -0.043833 0.010516 -3.640000 -3.640000 -0.106187 -0.117838 -7.650000 -7.650000 0.661963 0.782773 -11.139999 -11.139999 -0.495071 -0.331178 -6.340000 -6.340000 0.059291 -0.009690 1.440000 1.440000 0.127087 0.136558 -0.350000 -0.350000 0.005845 0.008466 -1.210000 -1.210000 0.241571 0.325309 0.000000 0.000000 0.274553 0.274135 0.000000 0.000000 -0.391800 -0.358970 0.000000 0.000000 0.539320 0.570808 0.000000 0.000000 0.055999 0.024244 0.000000 0.000000 0.226175 0.147050 0.000000 0.000000 -0.245556 -0.222588 0.000000 0.000000 -0.139325 -0.114049 0.000000 0.000000 0.683133 0.673645 0.000000 0.000000 -0.331782 -0.351455 0.000000 0.000000
3.500000 -0.565378 -0.547884 -0.830000 -0.830000 0.475010 0.438442 1.910000 1.910000 0.555245 0.579037 5.590000 5.590000 0.811448 0.908048 -5.770000 -5.770000 -0.214556 -0.279287 -8.400000 -8.400000 -0.067971 0.008767 -1.430000 -1.430000 -0.509880 -0.519567 0.640000 0.640000 -0.052415 0.012787 -4.130000 -4.130000 -0.118929 -0.134792 -8.500000 -8.500000 0.656342 0.791803 -11.639999 -11.639999 -0.508185 -0.336787 -6.330000 -6.330000 0.049067 -0.012651 1.260000 1.260000 0.128009 0.134149 -0.700000 -0.700000 0.011203 0.009719 -0.510000 -0.510000 0.214696 0.314633 0.000000 0.000000 0.273947 0.269607 0.000000 0.000000 -0.406154 -0.366130 0.000000 0.000000 0.519746 0.568987 0.000000 0.000000 0.057488 0.024807 0.000000 0.000000 0.235494 0.149013 0.000000 0.000000 -0.241520 -0.222495 0.000000 0.000000 -0.142779 -0.116797 0.000000 0.000000 0.702753 0.676039 0.000000 0.000000 -0.331011 -0.350185 0.000000 0.000000
3.520000 -0.565339 -0.558546 -0.410000 -0.410000 0.479641 0.439372 2.150000 2.150000 0.533142 0.561485 6.320000 6.320000 0.812486 0.916095 -6.200000 -6.200000 -0.211115 -0.281488 -7.960000 -7.960000 -0.072529 0.008682 -1.540000 -1.540000 -0.507291 -0.517266 0.800000 0.800000 -0.056584 0.006600 -3.420000 -3.420000 -0.127440 -0.146696 -8.980000 -8.980000 0.648169 0.795449 -12.990000 -12.990000 -0.522841 -0.341839 -7.020000 -7.020000 0.043876 -0.013770 1.220000 1.220000 0.126181 0.132769 -0.710000 -0.710000 0.011353 0.010512 -0.640000 -0.640000 0.181721 0.299907 0.000000 0.000000 0.276300 0.267034 0.000000 0.000000 -0.416813 -0.373011 0.000000 0.000000 0.495039 0.564963 0.000000 0.000000 0.057516 0.026605 0.000000 0.000000 0.247436 0.150977 0.000000 0.000000 -0.239546 -0.221680 0.000000 0.000000 -0.153465 -0.120639 0.000000 0.000000 0.719967 0.679321 0.000000 0.000000 -0.331730 -0.348296 0.000000 0.000000
3.540000 -0.577457 -0.564590 -0.970000 -0.970000 0.472040 0.437512 2.430000 2.430000 0.522527 0.542181 4.630000 4.630000 0.795844 0.921208 -7.450000 -7.450000 -0.226895 -0.281890 -9.110000 -9.110000 -0.084904 0.007617 -1.570000 -1.570000 -0.508701 -0.512618 0.200000 0.200000 -0.051795 0.005288 -3.740000 -3.740000 -0.146891 -0.160068 -8.760000 -8.760000 0.649645 0.799350 -13.349999 -13.349999 -0.546968 -0.347472 -6.110000 -6.110000 0.031502 -0.015560 1.030000 1.030000 0.121780 0.130870 -0.650000 -0.650000 0.013150 0.012294 -0.880000 -0.880000 0.155203 0.280149 0.000000 0.000000 0.277212 0.263786 0.000000 0.000000 -0.426649 -0.383454 0.000000 0.000000 0.473054 0.552497 0.000000 0.000000 0.056519 0.038397 0.000000 0.000000 0.257097 0.154536 0.000000 0.000000 -0.238715 -0.219863 0.000000 0.000000 -0.163591 -0.127019 0.000000 0.000000 0.737404 0.688944 0.000000 0.000000 -0.329730 -0.339236 0.000000 0.000000
3.560000 -0.587261 -0.569391 -1.230000 -1.230000 0.468835 0.434262 2.580000 2.580000 0.505606 0.526441 4.820000 4.820000 0.800357 0.921872 -7.550000 -7.550000 -0.211119 -0.281003 -9.360000 -9.360000 -0.088258 0.007553 -1.640000 -1.640000 -0.506313 -0.506314 -0.320000 -0.320000 -0.068389 0.004858 -3.790000 -3.790000 -0.148469 -0.174869 -10.000000 -10.000000 0.634253 0.801439 -14.410000 -14.410000 -0.565132 -0.351909 -7.230000 -7.230000 0.020128 -0.019288 0.960000 0.960000 0.131292 0.130322 -0.460000 -0.460000 0.018020 0.013703 0.370000 0.370000 0.109696 0.259655 0.000000 0.000000 0.283811 0.262796 0.000000 0.000000 -0.435435 -0.392244 0.000000 0.000000 0.441166 0.541121 0.000000 0.000000 0.060954 0.048019 0.000000 0.000000 0.266529 0.158217 0.000000 0.000000 -0.236332 -0.219479 0.000000 0.000000 -0.170875 -0.133131 0.000000 0.000000 0.753704 0.695160 0.000000 0.000000 -0.329939 -0.336347 0.000000 0.000000
3.580000 -0.594936 -0.573747 -1.700000 -1.700000 0.457245 0.427723 2.880000 2.880000 0.492039 0.509153 4.610000 4.610000 0.778959 0.922265 -8.650000 -8.650000 -0.222135 -0.278991 -10.179999 -10.179999 -0.090253 0.007542 -1.760000 -1.760000 -0.500577 -0.498429 -0.360000 -0.360000 -0.061579 -0.003874 -2.490000 -2.490000 -0.163525 -0.186283 -9.360000 -9.360000 0.627908 0.801071 -15.690000 -15.690000 -0.569846 -0.352749 -7.570000 -7.570000 0.014998 -0.021738 0.670000 0.670000 0.120681 0.130322 -1.020000 -1.020000 0.020228 0.014995 -0.210000 -0.210000 0.081078 0.233270 0.000000 0.000000 0.283902 0.261853 0.000000 0.000000 -0.443937 -0.399474 0.000000 0.000000 0.424126 0.523945 0.000000 0.000000 0.060575 0.060991 0.000000 0.000000 0.275794 0.163617 0.000000 0.000000 -0.229271 -0.218152 0.000000 0.000000 -0.176226 -0.140559 0.000000 0.000000 0.762242 0.704276 0.000000 0.000000 -0.330705 -0.327253 0.000000 0.000000
3.600000 -0.600181 -0.577184 -1.750000 -1.750000 0.450895 0.418942 2.510000 2.510000 0.476615 0.495967 5.120000 5.120000 0.766777 0.920938 -9.260000 -9.260000 -0.229495 -0.279204 -11.179999 -11.179999 -0.092573 0.007457 -1.760000 -1.760000 -0.499839 -0.494349 -0.600000 -0.600000 -0.072918 -0.007036 -3.190000 -3.190000 -0.168148 -0.198685 -10.340000 -10.340000 0.615388 0.800677 -16.799999 -16.799999 -0.576282 -0.353317 -8.450000 -8.450000 0.009546 -0.022015 0.590000 0.590000 0.125895 0.126054 -0.610000 -0.610000 0.021282 0.016953 0.120000 0.120000 0.043917 0.207131 0.000000 0.000000 0.281340 0.260805 0.000000 0.000000 -0.446204 -0.407553 0.000000 0.000000 0.394732 0.509882 0.000000 0.000000 0.067012 0.068579 0.000000 0.000000 0.283565 0.170121 0.000000 0.000000 -0.228130 -0.215346 0.000000 0.000000 -0.189265 -0.147346 0.000000 0.000000 0.768965 0.707896 0.000000 0.000000 -0.331229 -0.324038 0.000000 0.000000
3.620000 -0.607484 -0.580926 -1.760000 -1.760000 0.432148 0.409290 1.710000 1.710000 0.465061 0.482419 4.270000 4.270000 0.754175 0.919495 -10.400000 -10.400000 -0.230497 -0.277832 -10.719999 -10.719999 -0.091217 0.006381 -1.750000 -1.750000 -0.493708 -0.491158 -0.320000 -0.320000 -0.067883 -0.011882 -2.520000 -2.520000 -0.180316 -0.207662 -8.950000 -8.950000 0.616725 0.800448 -16.379999 -16.379999 -0.570629 -0.353648 -8.290000 -8.290000 0.005055 -0.023219 0.570000 0.570000 0.124208 0.123891 -0.080000 -0.080000 0.024987 0.020467 0.480000 0.480000 0.022149 0.178047 0.000000 0.000000 0.282959 0.262412 0.000000 0.000000 -0.448066 -0.416145 0.000000 0.000000 0.375497 0.489098 0.000000 0.000000 0.070128 0.069152 0.000000 0.000000 0.295128 0.177361 0.000000 0.000000 -0.222028 -0.212971 0.000000 0.000000 -0.192022 -0.154704 0.000000 0.000000 0.771985 0.710807 0.000000 0.000000 -0.336391 -0.322701 0.000000 0.000000
3.640000 -0.623303 -0.588305 -2.780000 -2.780000 0.418252 0.399658 1.430000 1.430000 0.453408 0.471553 3.490000 3.490000 0.727010 0.914308 -11.740000 -11.740000 -0.251120 -0.271312 -13.080000 -13.080000 -0.081693 0.007297 -1.870000 -1.870000 -0.491250 -0.489302 -0.070000 -0.070000 -0.076295 -0.016864 -2.870000 -2.870000 -0.189490 -0.215112 -9.260000 -9.260000 0.602239 0.800046 -16.930000 -16.930000 -0.552714 -0.353329 -9.389999 -9.389999 0.008109 -0.023783 0.670000 0.670000 0.121185 0.121316 -0.340000 -0.340000 0.027671 0.023042 0.520000 0.520000 -0.016789 0.153013 0.000000 0.000000 0.276036 0.261748 0.000000 0.000000 -0.442377 -0.419743 0.000000 0.000000 0.352274 0.470764 0.000000 0.000000 0.072820 0.074222 0.000000 0.000000 0.299279 0.183620 0.000000 0.000000 -0.223254 -0.211819 0.000000 0.000000 -0.195153 -0.159838 0.000000 0.000000 0.779684 0.718934 0.000000 0.000000 -0.337425 -0.314843 0.000000 0.000000
3.660000 -0.626514 -0.592738 -2.620000 -2.620000 0.398574 0.385855 1.890000 1.890000 0.444800 0.457242 3.150000 3.150000 0.705883 0.905688 -12.660000 -12.660000 -0.291788 -0.270981 -13.400000 -13.400000 -0.083939 0.008480 -1.690000 -1.690000 -0.490943 -0.489302 -0.070000 -0.070000 -0.072877 -0.023648 -2.270000 -2.270000 -0.207667 -0.223618 -7.270000 -7.270000 0.595882 0.799227 -17.490000 -17.490000 -0.559427 -0.352288 -9.179999 -9.179999 0.008018 -0.023922 0.580000 0.580000 0.118435 0.118135 -0.140000 -0.140000 0.027062 0.025127 0.350000 0.350000 -0.035189 0.125892 0.000000 0.000000 0.271531 0.261818 0.000000 0.000000 -0.436256 -0.421047 0.000000 0.000000 0.331401 0.448316 0.000000 0.000000 0.074560 0.075604 0.000000 0.000000 0.304871 0.188038 0.000000 0.000000 -0.230399 -0.208128 0.000000 0.000000 -0.200845 -0.165904 0.000000 0.000000 0.780589 0.722756 0.000000 0.000000 -0.341336 -0.315338 0.000000 0.000000
3.680000 -0.639768 -0.598905 -2.810000 -2.810000 0.385784 0.368010 2.010000 2.010000 0.437511 0.446073 2.800000 2.800000 0.683581 0.894986 -14.870000 -14.870000 -0.304919 -0.270200 -13.070000 -13.070000 -0.076890 0.008490 -1.600000 -1.600000 -0.484891 -0.489302 0.400000 0.400000 -0.079062 -0.030872 -2.210000 -2.210000 -0.219638 -0.236168 -7.290000 -7.290000 0.583426 0.793933 -17.480000 -17.480000 -0.549623 -0.346182 -9.380000 -9.380000 0.014147 -0.023943 0.740000 0.740000 0.108446 0.115462 -0.780000 -0.780000 0.027472 0.024961 -0.110000 -0.110000 -0.065566 0.096930 0.000000 0.000000 0.253860 0.260677 0.000000 0.000000 -0.424685 -0.420907 0.000000 0.000000 0.303113 0.426036 0.000000 0.000000 0.072405 0.076841 0.000000 0.000000 0.315463 0.195646 0.000000 0.000000 -0.228075 -0.206102 0.000000 0.000000 -0.198231 -0.171306 0.000000 0.000000 0.786137 0.731704 0.000000 0.000000 -0.341486 -0.325050 0.000000 0.000000
3.700000 -0.641263 -0.603813 -2.760000 -2.760000 0.368127 0.354932 1.850000 1.850000 0.431957 0.437576 2.540000 2.540000 0.671205 0.880408 -13.990000 -13.990000 -0.314901 -0.261621 -12.280000 -12.280000 -0.068237 0.009587 -1.560000 -1.560000 -0.487993 -0.489302 0.040000 0.040000 -0.091506 -0.038860 -3.110000 -3.110000 -0.231725 -0.247973 -7.080000 -7.080000 0.573897 0.782158 -17.299999 -17.299999 -0.547495 -0.342691 -9.990000 -9.990000 0.017545 -0.023943 0.770000 0.770000 0.115194 0.114454 -0.600000 -0.600000 0.029995 0.025362 0.280000 0.280000 -0.093710 0.067969 0.000000 0.000000 0.249137 0.257732 0.000000 0.000000 -0.409721 -0.420593 0.000000 0.000000 0.279407 0.404825 0.000000 0.000000 0.073145 0.079730 0.000000 0.000000 0.320300 0.200064 0.000000 0.000000 -0.227829 -0.206463 0.000000 0.000000 -0.203395 -0.175532 0.000000 0.000000 0.780016 0.734851 0.000000 0.000000 -0.347065 -0.325837 0.000000 0.000000
3.720000 -0.640009 -0.607725 -2.640000 -2.640000 0.353782 0.338770 1.700000 1.700000 0.430600 0.434492 3.390000 3.390000 0.661454 0.861594 -14.120000 -14.120000 -0.312175 -0.251611 -10.889999 -10.889999 -0.059080 0.011494 -1.410000 -1.410000 -0.483720 -0.489286 0.480000 0.480000 -0.085436 -0.047367 -1.800000 -1.800000 -0.247234 -0.259397 -5.600000 -5.600000 0.588726 0.769817 -15.929999 -15.929999 -0.519216 -0.336941 -7.570000 -7.570000 0.022801 -0.023592 0.930000 0.930000 0.102963 0.116030 -1.580000 -1.580000 0.028858 0.025979 -0.640000 -0.640000 -0.104194 0.039007 0.000000 0.000000 0.230218 0.252900 0.000000 0.000000 -0.388663 -0.416646 0.000000 0.000000 0.259600 0.381578 0.000000 0.000000 0.072059 0.081686 0.000000 0.000000 0.329098 0.207550 0.000000 0.000000 -0.224995 -0.206440 0.000000 0.000000 -0.198709 -0.179910 0.000000 0.000000 0.782055 0.734975 0.000000 0.000000 -0.348731 -0.325871 0.000000 0.000000
3.740000 -0.635499 -0.610471 -1.950000 -1.950000 0.349284 0.324037 2.230000 2.230000 0.422225 0.434463 5.140000 5.140000 0.657108 0.837814 -13.139999 -13.139999 -0.294233 -0.240228 -10.200000 -10.200000 -0.048940 0.014594 -1.490000 -1.490000 -0.483453 -0.489286 0.440000 0.440000 -0.101170 -0.053436 -2.220000 -2.220000 -0.254793 -0.270185 -6.210000 -6.210000 0.602930 0.759009 -12.480000 -12.480000 -0.495163 -0.325262 -5.170000 -5.170000 0.031764 -0.023059 1.000000 1.000000 0.097947 0.112007 -2.230000 -2.230000 0.033656 0.026067 -0.900000 -0.900000 -0.113539 0.015690 0.000000 0.000000 0.229717 0.247277 0.000000 0.000000 -0.365612 -0.410068 0.000000 0.000000 0.243135 0.360771 0.000000 0.000000 0.072287 0.083293 0.000000 0.000000 0.331402 0.213809 0.000000 0.000000 -0.229606 -0.206428 0.000000 0.000000 -0.203095 -0.180527 0.000000 0.000000 0.786132 0.735065 0.000000 0.000000 -0.347940 -0.325961 0.000000 0.000000
3.760000 -0.632692 -0.612956 -1.440000 -1.440000 0.345289 0.309217 2.370000 2.370000 0.413293 0.432368 6.060000 6.060000 0.660203 0.815329 -11.070000 -11.070000 -0.256965 -0.224396 -7.000000 -7.000000 -0.036517 0.022200 -1.330000 -1.330000 -0.472214 -0.489900 1.440000 1.440000 -0.104912 -0.064449 -1.520000 -1.520000 -0.260135 -0.278124 -6.230000 -6.230000 0.631144 0.743325 -11.309999 -11.309999 -0.461333 -0.315701 -4.280000 -4.280000 0.037819 -0.022516 1.100000 1.100000 0.084713 0.109980 -3.410000 -3.410000 0.037035 0.027486 -1.620000 -1.620000 -0.107123 -0.007749 0.000000 0.000000 0.219267 0.240059 0.000000 0.000000 -0.344047 -0.400289 0.000000 0.000000 0.231226 0.340774 0.000000 0.000000 0.070024 0.080764 0.000000 0.000000 0.332546 0.220558 0.000000 0.000000 -0.223761 -0.206661 0.000000 0.000000 -0.201993 -0.180946 0.000000 0.000000 0.792497 0.735245 0.000000 0.000000 -0.347840 -0.326096 0.000000 0.000000
3.780000 -0.626145 -0.615441 -1.010000 -1.010000 0.338832 0.295874 3.030000 3.030000 0.404288 0.427875 7.950000 7.950000 0.671502 0.793884 -8.650000 -8.650000 -0.219206 -0.207581 -6.210000 -6.210000 -0.030591 0.024501 -1.080000 -1.080000 -0.467616 -0.492017 1.990000 1.990000 -0.112567 -0.072623 -1.510000 -1.510000 -0.266528 -0.286200 -6.230000 -6.230000 0.667625 0.734754 -6.870000 -6.870000 -0.430477 -0.304105 -1.400000 -1.400000 0.043267 -0.020566 1.020000 1.020000 0.082080 0.107543 -3.490000 -3.490000 0.044584 0.031803 -1.480000 -1.480000 -0.091327 -0.029224 0.000000 0.000000 0.208758 0.231024 0.000000 0.000000 -0.322182 -0.387040 0.000000 0.000000 0.228820 0.324666 0.000000 0.000000 0.073749 0.074548 0.000000 0.000000 0.340210 0.224731 0.000000 0.000000 -0.223367 -0.207092 0.000000 0.000000 -0.202510 -0.181540 0.000000 0.000000 0.798850 0.737718 0.000000 0.000000 -0.345312 -0.325646 0.000000 0.000000
3.800000 -0.624810 -0.615487 -0.760000 -0.760000 0.333992 0.282483 3.130000 3.130000 0.395469 0.424899 9.000000 9.000000 0.679544 0.778102 -7.280000 -7.280000 -0.182776 -0.195204 -5.380000 -5.380000 -0.030054 0.027281 -1.290000 -1.290000 -0.468082 -0.495821 2.550000 2.550000 -0.113398 -0.078976 -1.080000 -1.080000 -0.266950 -0.290477 -5.560000 -5.560000 0.675160 0.728657 -6.000000 -6.000000 -0.421505 -0.298212 -1.210000 -1.210000 0.040624 -0.019064 1.160000 1.160000 0.068685 0.103020 -3.420000 -3.420000 0.043665 0.035347 -2.510000 -2.510000 -0.081162 -0.044196 0.000000 0.000000 0.198982 0.223433 0.000000 0.000000 -0.307396 -0.373744 0.000000 0.000000 0.233413 0.313425 0.000000 0.000000 0.073202 0.073356 0.000000 0.000000 0.343031 0.227676 0.000000 0.000000 -0.220194 -0.205474 0.000000 0.000000 -0.198574 -0.183158 0.000000 0.000000 0.806002 0.743574 0.000000 0.000000 -0.346008 -0.321970 0.000000 0.000000
3.820000 -0.628566 -0.615548 -1.090000 -1.090000 0.325568 0.271999 3.220000 3.220000 0.393244 0.420973 8.280000 8.280000 0.675109 0.770358 -6.140000 -6.140000 -0.158137 -0.186626 -6.280000 -6.280000 -0.029562 0.032256 -1.310000 -1.310000 -0.478509 -0.500822 2.060000 2.060000 -0.120050 -0.084066 -1.480000 -1.480000 -0.271648 -0.290536 -6.010000 -6.010000 0.667328 0.726469 -6.370000 -6.370000 -0.415569 -0.297822 -1.860000 -1.860000 0.039651 -0.019064 1.110000 1.110000 0.063009 0.095874 -3.480000 -3.480000 0.042938 0.039145 -3.280000 -3.280000 -0.080957 -0.058554 0.000000 0.000000 0.202495 0.215342 0.000000 0.000000 -0.302796 -0.359157 0.000000 0.000000 0.241454 0.302128 0.000000 0.000000 0.073963 0.074244 0.000000 0.000000 0.336470 0.228903 0.000000 0.000000 -0.223869 -0.204391 0.000000 0.000000 -0.199658 -0.184240 0.000000 0.000000 0.811887 0.752646 0.000000 0.000000 -0.346926 -0.321127 0.000000 0.000000
3.840000 -0.639946 -0.619123 -1.130000 -1.130000 0.321988 0.268377 3.120000 3.120000 0.392867 0.416275 8.020000 8.020000 0.665693 0.768146 -6.700000 -6.700000 -0.165495 -0.183431 -7.330000 -7.330000 -0.035174 0.033290 -1.320000 -1.320000 -0.490162 -0.504166 1.160000 1.160000 -0.122814 -0.085387 -2.090000 -2.090000 -0.272997 -0.291779 -6.070000 -6.070000 0.648750 0.727961 -8.150000 -8.150000 -0.448754 -0.299976 -2.950000 -2.950000 0.038974 -0.019714 1.170000 1.170000 0.058266 0.091371 -3.330000 -3.330000 0.036720 0.042023 -3.960000 -3.960000 -0.091169 -0.071440 0.000000 0.000000 0.198997 0.208951 0.000000 0.000000 -0.299692 -0.349272 0.000000 0.000000 0.244055 0.301150 0.000000 0.000000 0.074672 0.073806 0.000000 0.000000 0.325362 0.229026 0.000000 0.000000 -0.222870 -0.203739 0.000000 0.000000 -0.197106 -0.184892 0.000000 0.000000 0.806311 0.758986 0.000000 0.000000 -0.347837 -0.327984 0.000000 0.000000
3.860000 -0.651718 -0.629845 -1.930000 -1.930000 0.319625 0.268240 3.470000 3.470000 0.396079 0.414767 7.390000 7.390000 0.668612 0.770186 -7.210000 -7.210000 -0.172115 -0.184105 -6.590000 -6.590000 -0.039220 0.033918 -1.290000 -1.290000 -0.511405 -0.507357 0.050000 0.050000 -0.129280 -0.085260 -2.600000 -2.600000 -0.276453 -0.293277 -6.520000 -6.520000 0.616611 0.730550 -10.860000 -10.860000 -0.487902 -0.304188 -4.610000 -4.610000 0.038553 -0.020683 1.120000 1.120000 0.055646 0.089149 -2.380000 -2.380000 0.030509 0.041054 -3.750000 -3.750000 -0.110631 -0.078435 0.000000 0.000000 0.213658 0.203234 0.000000 0.000000 -0.305675 -0.342834 0.000000 0.000000 0.248979 0.301521 0.000000 0.000000 0.080249 0.074177 0.000000 0.000000 0.317188 0.229149 0.000000 0.000000 -0.222784 -0.203762 0.000000 0.000000 -0.202721 -0.184916 0.000000 0.000000 0.802931 0.759458 0.000000 0.000000 -0.352489 -0.327917 0.000000 0.000000
3.880000 -0.663457 -0.634861 -1.800000 -1.800000 0.318484 0.269287 4.160000 4.160000 0.403242 0.413504 6.620000 6.620000 0.671774 0.773267 -6.910000 -6.910000 -0.190762 -0.180792 -6.210000 -6.210000 -0.044544 0.033918 -1.370000 -1.370000 -0.520107 -0.513385 -0.450000 -0.450000 -0.140118 -0.086102 -3.550000 -3.550000 -0.278470 -0.295294 -7.520000 -7.520000 0.594941 0.733033 -13.740000 -13.740000 -0.560009 -0.308885 -5.340000 -5.340000 0.035625 -0.022675 1.250000 1.250000 0.064174 0.083775 -0.580000 -0.580000 0.021752 0.036365 -3.260000 -3.260000 -0.143077 -0.079294 0.000000 0.000000 0.229952 0.200161 0.000000 0.000000 -0.305451 -0.339388 0.000000 0.000000 0.251923 0.301532 0.000000 0.000000 0.085764 0.074188 0.000000 0.000000 0.293650 0.229149 0.000000 0.000000 -0.231744 -0.202866 0.000000 0.000000 -0.203059 -0.185998 0.000000 0.000000 0.798677 0.759076 0.000000 0.000000 -0.357792 -0.328321 0.000000 0.000000
3.900000 -0.673852 -0.641872 -2.650000 -2.650000 0.326840 0.269963 4.690000 4.690000 0.403797 0.413945 7.100000 7.100000 0.682882 0.773497 -6.830000 -6.830000 -0.201063 -0.180461 -5.510000 -5.510000 -0.046599 0.033918 -1.580000 -1.580000 -0.530441 -0.519214 -0.420000 -0.420000 -0.141753 -0.089049 -3.300000 -3.300000 -0.283040 -0.299101 -7.830000 -7.830000 0.569091 0.736393 -16.500000 -16.500000 -0.605549 -0.313950 -6.240000 -6.240000 0.038242 -0.024891 1.300000 1.300000 0.061647 0.077990 0.030000 0.030000 0.011405 0.031186 -3.110000 -3.110000 -0.153191 -0.079785 0.000000 0.000000 0.247612 0.200603 0.000000 0.000000 -0.315560 -0.338573 0.000000 0.000000 0.257458 0.301835 0.000000 0.000000 0.090860 0.074491 0.000000 0.000000 0.271566 0.228658 0.000000 0.000000 -0.242969 -0.202679 0.000000 0.000000 -0.214279 -0.186790 0.000000 0.000000 0.799153 0.759019 0.000000 0.000000 -0.360901 -0.328377 0.000000 0.000000
3.920000 -0.680883 -0.649541 -2.200000 -2.200000 0.330300 0.273144 3.880000 3.880000 0.401006 0.415913 7.430000 7.430000 0.702620 0.776078 -5.310000 -5.310000 -0.180675 -0.176734 -4.520000 -4.520000 -0.037537 0.033076 -1.290000 -1.290000 -0.519035 -0.527912 0.790000 0.790000 -0.146746 -0.091427 -3.350000 -3.350000 -0.287005 -0.305807 -9.130000 -9.130000 0.576189 0.738671 -16.219999 -16.219999 -0.617058 -0.317263 -5.300000 -5.300000 0.038689 -0.025019 1.180000 1.180000 0.070642 0.073839 0.650000 0.650000 0.007301 0.023120 -2.010000 -2.010000 -0.166701 -0.080153 0.000000 0.000000 0.263509 0.203234 0.000000 0.000000 -0.328978 -0.339179 0.000000 0.000000 0.274407 0.304095 0.000000 0.000000 0.097170 0.075649 0.000000 0.000000 0.257341 0.228535 0.000000 0.000000 -0.236617 -0.203518 0.000000 0.000000 -0.221443 -0.190027 0.000000 0.000000 0.805091 0.759188 0.000000 0.000000 -0.362330 -0.328546 0.000000 0.000000
3.940000 -0.691745 -0.660049 -2.280000 -2.280000 0.343709 0.280868 2.900000 2.900000 0.389966 0.415550 7.700000 7.700000 0.732911 0.778913 -3.150000 -3.150000 -0.158218 -0.171740 -3.080000 -3.080000 -0.031889 0.031851 -1.210000 -1.210000 -0.510004 -0.533128 1.880000 1.880000 -0.149087 -0.088001 -4.110000 -4.110000 -0.293783 -0.315009 -9.880000 -9.880000 0.586743 0.738818 -15.700000 -15.700000 -0.620424 -0.317476 -4.610000 -4.610000 0.040557 -0.025957 1.370000 1.370000 0.068439 0.075562 0.450000 0.450000 0.002431 0.016620 -1.760000 -1.760000 -0.170444 -0.078189 0.000000 0.000000 0.270008 0.207868 0.000000 0.000000 -0.344263 -0.340948 0.000000 0.000000 0.289019 0.305455 0.000000 0.000000 0.101199 0.075998 0.000000 0.000000 0.244092 0.228535 0.000000 0.000000 -0.241911 -0.206300 0.000000 0.000000 -0.232001 -0.194462 0.000000 0.000000 0.818281 0.760795 0.000000 0.000000 -0.362060 -0.329344 0.000000 0.000000
3.960000 -0.695701 -0.674622 -1.170000 -1.170000 0.355194 0.295874 3.230000 3.230000 0.377869 0.409197 8.870000 8.870000 0.774086 0.786116 -0.930000 -0.930000 -0.127961 -0.164203 -2.020000 -2.020000 -0.019841 0.031851 -0.940000 -0.940000 -0.511446 -0.537361 2.300000 2.300000 -0.148935 -0.082128 -3.650000 -3.650000 -0.289510 -0.323819 -11.520000 -11.520000 0.599303 0.738818 -14.280000 -14.280000 -0.580823 -0.317476 -4.420000 -4.420000 0.043119 -0.026148 1.430000 1.430000 0.078905 0.082170 -0.090000 -0.090000 -0.007457 0.008074 -1.930000 -1.930000 -0.153369 -0.078435 0.000000 0.000000 0.279358 0.214108 0.000000 0.000000 -0.365785 -0.344231 0.000000 0.000000 0.313867 0.307006 0.000000 0.000000 0.105555 0.076290 0.000000 0.000000 0.240566 0.228535 0.000000 0.000000 -0.241118 -0.211376 0.000000 0.000000 -0.247686 -0.202007 0.000000 0.000000 0.824161 0.766337 0.000000 0.000000 -0.365993 -0.334863 0.000000 0.000000
3.980000 -0.701160 -0.689854 -0.460000 -0.460000 0.365397 0.308698 2.790000 2.790000 0.365760 0.396785 7.280000 7.280000 0.793358 0.803177 -0.760000 -0.760000 -0.129696 -0.158310 -1.430000 -1.430000 -0.020020 0.031319 -0.950000 -0.950000 -0.509925 -0.539202 2.420000 2.420000 -0.142842 -0.072133 -3.110000 -3.110000 -0.291017 -0.333813 -13.639999 -13.639999 0.629783 0.739425 -11.520000 -11.520000 -0.549598 -0.317310 -3.330000 -3.330000 0.038786 -0.026287 1.400000 1.400000 0.091443 0.093055 0.460000 0.460000 -0.017720 -0.002968 -1.970000 -1.970000 -0.141509 -0.078925 0.000000 0.000000 0.283796 0.224097 0.000000 0.000000 -0.386655 -0.352660 0.000000 0.000000 0.349616 0.311424 0.000000 0.000000 0.108304 0.077673 0.000000 0.000000 0.235206 0.228167 0.000000 0.000000 -0.246782 -0.214729 0.000000 0.000000 -0.248196 -0.209085 0.000000 0.000000 0.826770 0.773284 0.000000 0.000000 -0.368075 -0.341518 0.000000 0.000000
4.000000 -0.713208 -0.702863 -0.370000 -0.370000 0.371550 0.322403 2.900000 2.900000 0.360027 0.381729 5.960000 5.960000 0.809733 0.817631 -0.280000 -0.280000 -0.127332 -0.160961 -2.380000 -2.380000 -0.022036 0.029476 -0.980000 -0.980000 -0.523114 -0.540046 1.320000 1.320000 -0.136701 -0.061238 -2.420000 -2.420000 -0.285565 -0.342301 -14.570000 -14.570000 0.637959 0.743137 -10.530000 -10.530000 -0.519739 -0.321156 -4.170000 -4.170000 0.032787 -0.028044 1.270000 1.270000 0.102027 0.102707 0.240000 0.240000 -0.024400 -0.011367 -1.530000 -1.530000 -0.119208 -0.079662 0.000000 0.000000 0.284305 0.233388 0.000000 0.000000 -0.404397 -0.361695 0.000000 0.000000 0.379849 0.321316 0.000000 0.000000 0.111532 0.086778 0.000000 0.000000 0.228040 0.227676 0.000000 0.000000 -0.244666 -0.220469 0.000000 0.000000 -0.249914 -0.214848 0.000000 0.000000 0.809295 0.773217 0.000000 0.000000 -0.372127 -0.342125 0.000000 0.000000
4.020000 -0.720192 -0.714444 -0.440000 -0.440000 0.384358 0.335138 3.810000 3.810000 0.357633 0.370110 5.510000 5.510000 0.814870 0.836757 -1.120000 -1.120000 -0.147024 -0.168865 -3.770000 -3.770000 -0.036629 0.029242 -1.150000 -1.150000 -0.536678 -0.541058 0.840000 0.840000 -0.137777 -0.051733 -2.410000 -2.410000 -0.274802 -0.342858 -15.700000 -15.700000 0.628277 0.755117 -12.900000 -12.900000 -0.531496 -0.324990 -5.380000 -5.380000 0.022285 -0.031507 1.430000 1.430000 0.119033 0.111566 1.680000 1.680000 -0.032099 -0.019893 -0.430000 -0.430000 -0.101126 -0.079539 0.000000 0.000000 0.291184 0.243481 0.000000 0.000000 -0.418513 -0.371998 0.000000 0.000000 0.404063 0.336367 0.000000 0.000000 0.115387 0.096996 0.000000 0.000000 0.219497 0.226694 0.000000 0.000000 -0.245102 -0.224998 0.000000 0.000000 -0.240395 -0.220541 0.000000 0.000000 0.792653 0.772531 0.000000 0.000000 -0.372629 -0.342811 0.000000 0.000000
4.040000 -0.740247 -0.719813 -1.470000 -1.470000 0.398975 0.345720 3.760000 3.760000 0.357230 0.364814 5.800000 5.800000 0.810184 0.855014 -3.240000 -3.240000 -0.193962 -0.178544 -4.290000 -4.290000 -0.056599 0.028421 -1.420000 -1.420000 -0.550950 -0.547256 0.080000 0.080000 -0.136219 -0.047308 -2.510000 -2.510000 -0.266236 -0.335967 -16.719999 -16.719999 0.605898 0.766482 -15.000000 -15.000000 -0.583495 -0.328291 -7.300000 -7.300000 0.017888 -0.037898 1.270000 1.270000 0.120653 0.113818 2.100000 2.100000 -0.033721 -0.022908 -0.480000 -0.480000 -0.074073 -0.077576 0.000000 0.000000 0.298144 0.252947 0.000000 0.000000 -0.434125 -0.382814 0.000000 0.000000 0.418715 0.349654 0.000000 0.000000 0.116850 0.107068 0.000000 0.000000 0.209349 0.224854 0.000000 0.000000 -0.253009 -0.226430 0.000000 0.000000 -0.225124 -0.220040 0.000000 0.000000 0.779308 0.771654 0.000000 0.000000 -0.368253 -0.343688 0.000000 0.000000
4.060000 -0.746213 -0.725351 -1.540000 -1.540000 0.418721 0.361617 4.300000 4.300000 0.361343 0.366830 6.100000 6.100000 0.821668 0.874607 -3.910000 -3.910000 -0.221399 -0.191974 -4.340000 -4.340000 -0.062713 0.026919 -1.620000 -1.620000 -0.552171 -0.554818 0.270000 0.270000 -0.136402 -0.040397 -2.880000 -2.880000 -0.251140 -0.327372 -18.529999 -18.529999 0.582996 0.780011 -17.500000 -17.500000 -0.623430 -0.337982 -8.470000 -8.470000 0.019052 -0.043331 1.380000 1.380000 0.124972 0.115589 1.750000 1.750000 -0.035146 -0.024738 -0.110000 -0.110000 -0.049730 -0.072667 0.000000 0.000000 0.299403 0.262831 0.000000 0.000000 -0.451784 -0.395469 0.000000 0.000000 0.433891 0.367134 0.000000 0.000000 0.118440 0.113126 0.000000 0.000000 0.205628 0.221417 0.000000 0.000000 -0.253189 -0.228944 0.000000 0.000000 -0.207779 -0.216664 0.000000 0.000000 0.772173 0.770384 0.000000 0.000000 -0.363638 -0.343182 0.000000 0.000000
4.080000 -0.749966 -0.728725 -1.680000 -1.680000 0.431236 0.381313 3.140000 3.140000 0.366632 0.373037 5.390000 5.390000 0.825932 0.895756 -4.680000 -4.680000 -0.229870 -0.204174 -5.290000 -5.290000 -0.066642 0.024235 -1.340000 -1.340000 -0.563362 -0.559435 -0.200000 -0.200000 -0.129507 -0.030256 -2.570000 -2.570000 -0.234793 -0.318484 -18.939999 -18.939999 0.566836 0.789926 -19.680000 -19.680000 -0.635537 -0.350761 -10.270000 -10.270000 0.024298 -0.047624 1.290000 1.290000 0.130251 0.120269 1.290000 1.290000 -0.031550 -0.026481 -0.060000 -0.060000 -0.027118 -0.067881 0.000000 0.000000 0.303934 0.266987 0.000000 0.000000 -0.467906 -0.407681 0.000000 0.000000 0.451217 0.381668 0.000000 0.000000 0.114786 0.112711 0.000000 0.000000 0.198141 0.219331 0.000000 0.000000 -0.249611 -0.230854 0.000000 0.000000 -0.191495 -0.213614 0.000000 0.000000 0.766930 0.770081 0.000000 0.000000 -0.356489 -0.342878 0.000000 0.000000
4.100000 -0.744597 -0.731134 -1.150000 -1.150000 0.445101 0.400920 3.130000 3.130000 0.379357 0.380114 4.090000 4.090000 0.831583 0.910744 -5.500000 -5.500000 -0.226012 -0.211924 -5.320000 -5.320000 -0.066543 0.017076 -1.180000 -1.180000 -0.559400 -0.565188 0.620000 0.620000 -0.118822 -0.019214 -2.140000 -2.140000 -0.216356 -0.306678 -20.109999 -20.109999 0.576216 0.796859 -20.590000 -20.590000 -0.623429 -0.356725 -10.490000 -10.490000 0.019103 -0.048838 1.250000 1.250000 0.133803 0.129304 0.780000 0.780000 -0.029505 -0.025336 -0.380000 -0.380000 0.004119 -0.060395 0.000000 0.000000 0.308680 0.272110 0.000000 0.000000 -0.487215 -0.422607 0.000000 0.000000 0.473755 0.398474 0.000000 0.000000 0.109165 0.111733 0.000000 0.000000 0.188287 0.217490 0.000000 0.000000 -0.252950 -0.231459 0.000000 0.000000 -0.181891 -0.208794 0.000000 0.000000 0.757195 0.768754 0.000000 0.000000 -0.351829 -0.341687 0.000000 0.000000
4.120000 -0.743109 -0.729523 -1.250000 -1.250000 0.451036 0.416211 3.430000 3.430000 0.396263 0.390040 3.170000 3.170000 0.807832 0.919422 -7.510000 -7.510000 -0.245713 -0.217639 -7.040000 -7.040000 -0.070373 0.014637 -1.490000 -1.490000 -0.570905 -0.566921 -0.150000 -0.150000 -0.109817 -0.006439 -2.920000 -2.920000 -0.207544 -0.292925 -20.160000 -20.160000 0.574624 0.804848 -20.850000 -20.850000 -0.637102 -0.351601 -10.000000 -10.000000 0.010698 -0.050095 1.180000 1.180000 0.145375 0.135393 0.710000 0.710000 -0.023548 -0.023632 0.360000 0.360000 0.017153 -0.051559 0.000000 0.000000 0.314200 0.277128 0.000000 0.000000 -0.502603 -0.437311 0.000000 0.000000 0.489016 0.414885 0.000000 0.000000 0.102363 0.110249 0.000000 0.000000 0.168252 0.216140 0.000000 0.000000 -0.254846 -0.231832 0.000000 0.000000 -0.169958 -0.203019 0.000000 0.000000 0.744456 0.767338 0.000000 0.000000 -0.351234 -0.341394 0.000000 0.000000
4.140000 -0.740433 -0.726624 -1.470000 -1.470000 0.460769 0.424620 3.430000 3.430000 0.410874 0.401268 2.920000 2.920000 0.794740 0.921020 -9.010000 -9.010000 -0.253525 -0.221674 -7.760000 -7.760000 -0.067926 0.015169 -1.460000 -1.460000 -0.568753 -0.571983 0.460000 0.460000 -0.105362 0.001823 -2.290000 -2.290000 -0.190546 -0.283488 -20.869999 -20.869999 0.566584 0.805176 -21.250000 -21.250000 -0.635578 -0.348809 -10.940000 -10.940000 0.007571 -0.052439 1.300000 1.300000 0.142477 0.141227 0.130000 0.130000 -0.019268 -0.023025 0.570000 0.570000 0.037770 -0.038428 0.000000 0.000000 0.317692 0.282169 0.000000 0.000000 -0.518081 -0.452434 0.000000 0.000000 0.496564 0.430960 0.000000 0.000000 0.095107 0.103594 0.000000 0.000000 0.147749 0.214545 0.000000 0.000000 -0.265779 -0.232670 0.000000 0.000000 -0.158963 -0.196034 0.000000 0.000000 0.729367 0.766551 0.000000 0.000000 -0.347980 -0.341529 0.000000 0.000000
4.160000 -0.734211 -0.721102 -1.660000 -1.660000 0.458987 0.433538 3.460000 3.460000 0.434206 0.415394 2.540000 2.540000 0.772269 0.920585 -10.510000 -10.510000 -0.265232 -0.223366 -8.889999 -8.889999 -0.066631 0.015244 -1.590000 -1.590000 -0.577747 -0.576555 -0.060000 -0.060000 -0.098625 0.003947 -3.230000 -3.230000 -0.177340 -0.266191 -18.719999 -18.719999 0.564979 0.804332 -20.969999 -20.969999 -0.622155 -0.347590 -10.690000 -10.690000 0.001944 -0.053249 1.000000 1.000000 0.159909 0.144007 0.270000 0.270000 -0.012456 -0.021851 1.860000 1.860000 0.062500 -0.025666 0.000000 0.000000 0.315992 0.286080 0.000000 0.000000 -0.529545 -0.467592 0.000000 0.000000 0.509032 0.445629 0.000000 0.000000 0.089273 0.097918 0.000000 0.000000 0.126484 0.210986 0.000000 0.000000 -0.253501 -0.233496 0.000000 0.000000 -0.135548 -0.185987 0.000000 0.000000 0.720375 0.765449 0.000000 0.000000 -0.350008 -0.341709 0.000000 0.000000
4.180000 -0.720049 -0.713018 -1.210000 -1.210000 0.459223 0.432960 2.230000 2.230000 0.448806 0.438271 3.180000 3.180000 0.764380 0.913899 -10.200000 -10.200000 -0.260270 -0.223768 -9.210000 -9.210000 -0.061458 0.015201 -1.390000 -1.390000 -0.581398 -0.583381 0.620000 0.620000 -0.085232 0.009958 -2.410000 -2.410000 -0.163870 -0.250783 -19.199999 -19.199999 0.567449 0.802210 -20.199999 -20.199999 -0.582793 -0.344525 -10.040000 -10.040000 0.001517 -0.053281 1.000000 1.000000 0.149557 0.147296 -0.510000 -0.510000 -0.008039 -0.018072 1.920000 1.920000 0.110106 -0.010694 0.000000 0.000000 0.308856 0.291878 0.000000 0.000000 -0.539178 -0.479887 0.000000 0.000000 0.512662 0.457106 0.000000 0.000000 0.082225 0.088464 0.000000 0.000000 0.110805 0.202764 0.000000 0.000000 -0.254652 -0.234242 0.000000 0.000000 -0.121100 -0.173739 0.000000 0.000000 0.714109 0.764561 0.000000 0.000000 -0.351728 -0.342215 0.000000 0.000000
4.200000 -0.708006 -0.704642 -0.700000 -0.700000 0.468926 0.435809 2.630000 2.630000 0.460312 0.460697 3.930000 3.930000 0.769022 0.903787 -8.730000 -8.730000 -0.221534 -0.221260 -8.950000 -8.950000 -0.042273 0.016085 -1.050000 -1.050000 -0.577631 -0.592079 1.380000 1.380000 -0.092154 0.011524 -3.730000 -3.730000 -0.147588 -0.231146 -18.809999 -18.809999 0.574307 0.795040 -18.500000 -18.500000 -0.519234 -0.334172 -11.190000 -11.190000 0.011853 -0.053281 1.200000 1.200000 0.145708 0.144311 -1.800000 -1.800000 0.003988 -0.015967 2.140000 2.140000 0.154805 0.007714 0.000000 0.000000 0.308459 0.292379 0.000000 0.000000 -0.535242 -0.491447 0.000000 0.000000 0.513958 0.466211 0.000000 0.000000 0.077369 0.081944 0.000000 0.000000 0.112629 0.190615 0.000000 0.000000 -0.244333 -0.235767 0.000000 0.000000 -0.110913 -0.162225 0.000000 0.000000 0.722809 0.764201 0.000000 0.000000 -0.351336 -0.342395 0.000000 0.000000
4.220000 -0.670855 -0.692708 1.070000 1.070000 0.463162 0.434360 1.120000 1.120000 0.467997 0.480765 5.970000 5.970000 0.799759 0.892856 -5.470000 -5.470000 -0.176811 -0.214563 -5.510000 -5.510000 -0.032587 0.016629 -0.780000 -0.780000 -0.574793 -0.597831 2.040000 2.040000 -0.083157 0.013824 -2.320000 -2.320000 -0.128972 -0.212948 -18.539999 -18.539999 0.607600 0.785239 -14.040000 -14.040000 -0.438944 -0.319547 -8.880000 -8.880000 0.018286 -0.053281 1.300000 1.300000 0.149434 0.145622 -1.920000 -1.920000 0.008224 -0.011895 1.880000 1.880000 0.217812 0.032258 0.000000 0.000000 0.315765 0.292973 0.000000 0.000000 -0.529890 -0.500493 0.000000 0.000000 0.517270 0.474608 0.000000 0.000000 0.069340 0.074694 0.000000 0.000000 0.120826 0.180920 0.000000 0.000000 -0.240061 -0.233345 0.000000 0.000000 -0.105757 -0.150164 0.000000 0.000000 0.717072 0.764179 0.000000 0.000000 -0.355959 -0.342417 0.000000 0.000000
4.240000 -0.661999 -0.680559 1.430000 1.430000 0.462290 0.429475 1.430000 1.430000 0.477623 0.494675 6.140000 6.140000 0.797552 0.883080 -4.210000 -4.210000 -0.153875 -0.207262 -5.500000 -5.500000 -0.031764 0.016831 -0.870000 -0.870000 -0.556542 -0.601298 3.700000 3.700000 -0.079261 0.015254 -2.060000 -2.060000 -0.113122 -0.195367 -18.520000 -18.520000 0.633801 0.777069 -10.190000 -10.190000 -0.331108 -0.307537 -8.000000 -8.000000 0.036513 -0.050862 1.370000 1.370000 0.139373 0.149714 -2.700000 -2.700000 0.015527 -0.007666 1.290000 1.290000 0.270019 0.052261 0.000000 0.000000 0.294646 0.291901 0.000000 0.000000 -0.512973 -0.503241 0.000000 0.000000 0.511677 0.475721 0.000000 0.000000 0.066994 0.075245 0.000000 0.000000 0.123550 0.173434 0.000000 0.000000 -0.244604 -0.234556 0.000000 0.000000 -0.113933 -0.141851 0.000000 0.000000 0.712196 0.763977 0.000000 0.000000 -0.356612 -0.342620 0.000000 0.000000
4.260000 -0.645664 -0.670404 1.280000 1.280000 0.449956 0.423837 2.060000 2.060000 0.494574 0.504464 5.020000 5.020000 0.785175 0.868969 -4.510000 -4.510000 -0.166334 -0.205984 -6.400000 -6.400000 -0.034441 0.017076 -0.900000 -0.900000 -0.560044 -0.601374 3.410000 3.410000 -0.073234 0.018239 -2.560000 -2.560000 -0.102876 -0.176367 -17.770000 -17.770000 0.635105 0.768195 -8.960000 -8.960000 -0.283899 -0.294722 -7.210000 -7.210000 0.036189 -0.049254 1.600000 1.600000 0.148881 0.149998 -2.300000 -2.300000 0.018767 -0.001666 1.640000 1.640000 0.295502 0.076068 0.000000 0.000000 0.293191 0.290632 0.000000 0.000000 -0.490644 -0.502624 0.000000 0.000000 0.515968 0.480521 0.000000 0.000000 0.059798 0.075323 0.000000 0.000000 0.116235 0.165335 0.000000 0.000000 -0.238740 -0.231005 0.000000 0.000000 -0.106759 -0.136065 0.000000 0.000000 0.696824 0.761964 0.000000 0.000000 -0.360584 -0.343957 0.000000 0.000000
4.280000 -0.641890 -0.656276 0.670000 0.670000 0.452305 0.414361 3.310000 3.310000 0.512259 0.512667 5.350000 5.350000 0.766998 0.859832 -5.300000 -5.300000 -0.181980 -0.207818 -6.900000 -6.900000 -0.041947 0.017119 -1.080000 -1.080000 -0.563802 -0.600577 2.900000 2.900000 -0.068688 0.019287 -3.450000 -3.450000 -0.094737 -0.158443 -14.150000 -14.150000 0.604046 0.760689 -11.059999 -11.059999 -0.304825 -0.285516 -9.120000 -9.120000 0.039823 -0.047837 1.570000 1.570000 0.127491 0.152377 -3.040000 -3.040000 0.020520 0.004942 -0.470000 -0.470000 0.310247 0.101348 0.000000 0.000000 0.272317 0.287268 0.000000 0.000000 -0.467576 -0.497792 0.000000 0.000000 0.511325 0.489199 0.000000 0.000000 0.053973 0.067679 0.000000 0.000000 0.110664 0.161531 0.000000 0.000000 -0.233229 -0.228048 0.000000 0.000000 -0.095066 -0.129545 0.000000 0.000000 0.682298 0.755928 0.000000 0.000000 -0.357596 -0.349881 0.000000 0.000000
4.300000 -0.632975 -0.643252 0.300000 0.300000 0.453989 0.408595 4.570000 4.570000 0.526053 0.526206 6.380000 6.380000 0.759427 0.849770 -5.240000 -5.240000 -0.203493 -0.211202 -5.500000 -5.500000 -0.048865 0.015382 -1.150000 -1.150000 -0.565712 -0.599871 2.530000 2.530000 -0.074179 0.018239 -4.010000 -4.010000 -0.083974 -0.141008 -15.750000 -15.750000 0.594186 0.756493 -12.590000 -12.590000 -0.362163 -0.280262 -9.750000 -9.750000 0.042403 -0.047251 1.580000 1.580000 0.140388 0.148207 -2.130000 -2.130000 0.020789 0.009621 -0.610000 -0.610000 0.325612 0.130800 0.000000 0.000000 0.277883 0.284916 0.000000 0.000000 -0.433476 -0.489620 0.000000 0.000000 0.515418 0.492976 0.000000 0.000000 0.049860 0.070152 0.000000 0.000000 0.109608 0.158217 0.000000 0.000000 -0.233024 -0.226336 0.000000 0.000000 -0.092810 -0.124015 0.000000 0.000000 0.663501 0.745957 0.000000 0.000000 -0.357007 -0.358166 0.000000 0.000000
4.320000 -0.631258 -0.631394 -0.340000 -0.340000 0.460889 0.403260 4.970000 4.970000 0.545061 0.544678 7.710000 7.710000 0.744270 0.841502 -5.390000 -5.390000 -0.200863 -0.214645 -6.720000 -6.720000 -0.039878 0.014711 -0.930000 -0.930000 -0.561364 -0.598429 3.170000 3.170000 -0.068546 0.015361 -3.770000 -3.770000 -0.077062 -0.125698 -12.389999 -12.389999 0.602477 0.754896 -10.920000 -10.920000 -0.371787 -0.281552 -8.639999 -8.639999 0.055544 -0.042969 1.580000 1.580000 0.129533 0.151731 -3.440000 -3.440000 0.022117 0.014026 -1.270000 -1.270000 0.332554 0.162462 0.000000 0.000000 0.266991 0.278455 0.000000 0.000000 -0.406849 -0.475800 0.000000 0.000000 0.523468 0.494752 0.000000 0.000000 0.046137 0.069905 0.000000 0.000000 0.110001 0.151100 0.000000 0.000000 -0.225392 -0.222471 0.000000 0.000000 -0.085905 -0.116913 0.000000 0.000000 0.653923 0.734672 0.000000 0.000000 -0.356381 -0.367878 0.000000 0.000000
4.340000 -0.626779 -0.621669 -0.680000 -0.680000 0.469658 0.403475 5.930000 5.930000 0.558924 0.561495 7.390000 7.390000 0.737147 0.837183 -6.640000 -6.640000 -0.196801 -0.215202 -7.460000 -7.460000 -0.036789 0.015233 -1.010000 -1.010000 -0.550710 -0.598322 3.990000 3.990000 -0.068579 0.010780 -4.420000 -4.420000 -0.077593 -0.115577 -12.920000 -12.920000 0.639923 0.753716 -9.599999 -9.599999 -0.382238 -0.284132 -5.420000 -5.420000 0.061917 -0.037919 1.510000 1.510000 0.140426 0.152807 -3.540000 -3.540000 0.027175 0.013967 -0.510000 -0.510000 0.348848 0.190319 0.000000 0.000000 0.269077 0.271795 0.000000 0.000000 -0.375917 -0.463809 0.000000 0.000000 0.533830 0.497765 0.000000 0.000000 0.040600 0.067365 0.000000 0.000000 0.115895 0.143737 0.000000 0.000000 -0.235445 -0.219898 0.000000 0.000000 -0.089261 -0.111476 0.000000 0.000000 0.639093 0.726230 0.000000 0.000000 -0.356102 -0.371374 0.000000 0.000000
4.360000 -0.620389 -0.614597 -0.610000 -0.610000 0.477582 0.406089 5.380000 5.380000 0.568745 0.577050 8.610000 8.610000 0.730491 0.837642 -6.480000 -6.480000 -0.177646 -0.215320 -7.560000 -7.560000 -0.030873 0.015936 -0.860000 -0.860000 -0.549667 -0.598322 3.870000 3.870000 -0.061711 0.010956 -3.890000 -3.890000 -0.079234 -0.114108 -11.349999 -11.349999 0.667066 0.755723 -7.660000 -7.660000 -0.374231 -0.282653 -4.240000 -4.240000 0.064212 -0.033626 1.820000 1.820000 0.139362 0.158250 -2.730000 -2.730000 0.021281 0.014085 -1.220000 -1.220000 0.361788 0.215108 0.000000 0.000000 0.266715 0.264740 0.000000 0.000000 -0.354306 -0.446695 0.000000 0.000000 0.549835 0.508118 0.000000 0.000000 0.036051 0.057012 0.000000 0.000000 0.120124 0.139687 0.000000 0.000000 -0.230924 -0.219386 0.000000 0.000000 -0.088414 -0.107821 0.000000 0.000000 0.624965 0.712830 0.000000 0.000000 -0.354952 -0.372003 0.000000 0.000000
4.380000 -0.626136 -0.612220 -0.890000 -0.890000 0.482615 0.411904 6.040000 6.040000 0.577352 0.587309 8.700000 8.700000 0.728358 0.838134 -6.490000 -6.490000 -0.172731 -0.215982 -7.930000 -7.930000 -0.028947 0.019825 -1.120000 -1.120000 -0.544963 -0.598230 4.300000 4.300000 -0.061456 0.011074 -4.550000 -4.550000 -0.083465 -0.114206 -11.040000 -11.040000 0.694605 0.759476 -6.000000 -6.000000 -0.378759 -0.281777 -3.250000 -3.250000 0.063678 -0.033317 1.760000 1.760000 0.146749 0.162870 -2.740000 -2.740000 0.022688 0.015142 -1.540000 -1.540000 0.361528 0.237197 0.000000 0.000000 0.266936 0.257103 0.000000 0.000000 -0.336798 -0.426390 0.000000 0.000000 0.566633 0.514772 0.000000 0.000000 0.031140 0.053190 0.000000 0.000000 0.125114 0.139810 0.000000 0.000000 -0.236830 -0.218525 0.000000 0.000000 -0.092940 -0.105842 0.000000 0.000000 0.614386 0.701365 0.000000 0.000000 -0.351144 -0.363168 0.000000 0.000000
4.400000 -0.624387 -0.612220 -1.020000 -1.020000 0.483697 0.413959 6.030000 6.030000 0.576319 0.591577 9.280000 9.280000 0.738078 0.840739 -5.870000 -5.870000 -0.169613 -0.216621 -9.679999 -9.679999 -0.024571 0.023425 -1.050000 -1.050000 -0.548201 -0.598230 4.120000 4.120000 -0.055804 0.010486 -3.970000 -3.970000 -0.090866 -0.114754 -9.190000 -9.190000 0.695855 0.766466 -6.290000 -6.290000 -0.392847 -0.284747 -2.970000 -2.970000 0.064258 -0.030281 1.550000 1.550000 0.142614 0.167187 -2.230000 -2.230000 0.014429 0.016718 -2.170000 -2.170000 0.348668 0.254992 0.000000 0.000000 0.264993 0.253808 0.000000 0.000000 -0.341276 -0.409730 0.000000 0.000000 0.576590 0.524867 0.000000 0.000000 0.028830 0.042781 0.000000 0.000000 0.129000 0.139810 0.000000 0.000000 -0.241436 -0.218303 0.000000 0.000000 -0.096071 -0.105597 0.000000 0.000000 0.615895 0.691394 0.000000 0.000000 -0.350931 -0.355086 0.000000 0.000000
4.420000 -0.628798 -0.612220 -1.470000 -1.470000 0.479221 0.412706 5.440000 5.440000 0.572289 0.591479 9.120000 9.120000 0.753250 0.848524 -5.280000 -5.280000 -0.151542 -0.223721 -8.599999 -8.599999 -0.022776 0.023798 -0.870000 -0.870000 -0.560650 -0.598230 3.080000 3.080000 -0.064614 0.006825 -4.310000 -4.310000 -0.094515 -0.117730 -10.170000 -10.170000 0.683276 0.769719 -7.800000 -7.800000 -0.397472 -0.289066 -3.770000 -3.770000 0.063157 -0.029866 1.710000 1.710000 0.148739 0.165377 -1.740000 -1.740000 0.012482 0.014711 -2.460000 -2.460000 0.331671 0.266527 0.000000 0.000000 0.278470 0.253866 0.000000 0.000000 -0.353143 -0.396493 0.000000 0.000000 0.584380 0.535388 0.000000 0.000000 0.032366 0.032731 0.000000 0.000000 0.126840 0.139932 0.000000 0.000000 -0.237545 -0.218676 0.000000 0.000000 -0.095873 -0.105155 0.000000 0.000000 0.625125 0.686313 0.000000 0.000000 -0.354430 -0.359672 0.000000 0.000000
4.440000 -0.637225 -0.613048 -1.640000 -1.640000 0.481368 0.413519 4.150000 4.150000 0.559825 0.588728 9.130000 9.130000 0.766837 0.855317 -4.900000 -4.900000 -0.149030 -0.224798 -7.850000 -7.850000 -0.024448 0.023905 -0.950000 -0.950000 -0.557197 -0.598122 3.340000 3.340000 -0.061219 0.001999 -3.930000 -3.930000 -0.108233 -0.125552 -8.370000 -8.370000 0.683665 0.774668 -8.040000 -8.040000 -0.419063 -0.294438 -4.770000 -4.770000 0.060927 -0.029866 1.610000 1.610000 0.139429 0.165827 -2.200000 -2.200000 0.009747 0.013458 -2.880000 -2.880000 0.316914 0.271804 0.000000 0.000000 0.283931 0.255869 0.000000 0.000000 -0.373254 -0.392884 0.000000 0.000000 0.579516 0.539783 0.000000 0.000000 0.034459 0.031349 0.000000 0.000000 0.134836 0.140055 0.000000 0.000000 -0.252403 -0.221505 0.000000 0.000000 -0.105460 -0.104980 0.000000 0.000000 0.634089 0.681761 0.000000 0.000000 -0.353517 -0.364225 0.000000 0.000000
4.460000 -0.645099 -0.616438 -1.890000 -1.890000 0.475905 0.417454 3.840000 3.840000 0.552112 0.579585 8.270000 8.270000 0.781915 0.863487 -4.570000 -4.570000 -0.156626 -0.225259 -6.900000 -6.900000 -0.023521 0.026163 -0.960000 -0.960000 -0.560427 -0.598015 3.110000 3.110000 -0.065070 -0.003228 -4.710000 -4.710000 -0.119917 -0.133344 -8.210000 -8.210000 0.672522 0.781953 -10.000000 -10.000000 -0.459054 -0.302898 -5.240000 -5.240000 0.054203 -0.029866 1.450000 1.450000 0.143100 0.165288 -1.860000 -1.860000 0.007524 0.012920 -2.870000 -2.870000 0.293420 0.274995 0.000000 0.000000 0.287033 0.256812 0.000000 0.000000 -0.394310 -0.393618 0.000000 0.000000 0.579051 0.546280 0.000000 0.000000 0.040442 0.025009 0.000000 0.000000 0.142735 0.141037 0.000000 0.000000 -0.247093 -0.224707 0.000000 0.000000 -0.110379 -0.105155 0.000000 0.000000 0.660520 0.683008 0.000000 0.000000 -0.353810 -0.363966 0.000000 0.000000
4.480000 -0.654350 -0.624599 -2.230000 -2.230000 0.474964 0.416358 3.150000 3.150000 0.540305 0.570756 8.590000 8.590000 0.797971 0.872771 -4.170000 -4.170000 -0.167000 -0.227590 -7.110000 -7.110000 -0.030113 0.027516 -1.140000 -1.140000 -0.550862 -0.597862 3.880000 3.880000 -0.066501 -0.007202 -4.380000 -4.380000 -0.130166 -0.142252 -9.309999 -9.309999 0.676498 0.788189 -11.580000 -11.580000 -0.489454 -0.310530 -4.750000 -4.750000 0.053984 -0.029866 1.510000 1.510000 0.143211 0.165533 -1.600000 -1.600000 0.004949 0.012342 -3.090000 -3.090000 0.274662 0.274995 0.000000 0.000000 0.293597 0.257569 0.000000 0.000000 -0.406875 -0.395632 0.000000 0.000000 0.574672 0.548360 0.000000 0.000000 0.042900 0.023626 0.000000 0.000000 0.158235 0.141650 0.000000 0.000000 -0.259445 -0.227326 0.000000 0.000000 -0.119183 -0.106028 0.000000 0.000000 0.677132 0.684222 0.000000 0.000000 -0.349379 -0.363719 0.000000 0.000000
4.500000 -0.655393 -0.632683 -1.360000 -1.360000 0.480143 0.419666 3.280000 3.280000 0.522160 0.555367 8.360000 8.360000 0.814236 0.883547 -3.590000 -3.590000 -0.168352 -0.230560 -6.590000 -6.590000 -0.033580 0.027516 -1.110000 -1.110000 -0.542455 -0.597693 4.570000 4.570000 -0.074514 -0.007966 -3.960000 -3.960000 -0.143491 -0.158325 -8.590000 -8.590000 0.679069 0.798580 -11.650000 -11.650000 -0.507498 -0.313062 -4.430000 -4.430000 0.056680 -0.029866 1.580000 1.580000 0.141246 0.165631 -1.720000 -1.720000 0.004472 0.011736 -3.000000 -3.000000 0.252198 0.274136 0.000000 0.000000 0.296416 0.258162 0.000000 0.000000 -0.418652 -0.398926 0.000000 0.000000 0.563034 0.548236 0.000000 0.000000 0.045196 0.024020 0.000000 0.000000 0.179049 0.141896 0.000000 0.000000 -0.258410 -0.229294 0.000000 0.000000 -0.129207 -0.107995 0.000000 0.000000 0.697110 0.686212 0.000000 0.000000 -0.342082 -0.363685 0.000000 0.000000
4.520000 -0.666266 -0.643375 -1.410000 -1.410000 0.480852 0.423298 3.540000 3.540000 0.507212 0.537992 8.860000 8.860000 0.824853 0.897215 -3.690000 -3.690000 -0.174555 -0.233164 -6.290000 -6.290000 -0.038722 0.027516 -1.160000 -1.160000 -0.545571 -0.597371 4.150000 4.150000 -0.082366 -0.014358 -4.320000 -4.320000 -0.155025 -0.173293 -9.889999 -9.889999 0.674209 0.805201 -12.429999 -12.429999 -0.528375 -0.319925 -5.880000 -5.880000 0.058323 -0.029866 1.510000 1.510000 0.147549 0.165474 -1.070000 -1.070000 0.003961 0.011227 -2.720000 -2.720000 0.222954 0.270822 0.000000 0.000000 0.290112 0.259524 0.000000 0.000000 -0.423142 -0.403758 0.000000 0.000000 0.549442 0.547112 0.000000 0.000000 0.046521 0.023885 0.000000 0.000000 0.191686 0.142755 0.000000 0.000000 -0.260452 -0.231156 0.000000 0.000000 -0.135769 -0.110906 0.000000 0.000000 0.714969 0.689337 0.000000 0.000000 -0.338629 -0.362404 0.000000 0.000000
4.540000 -0.670848 -0.652701 -1.240000 -1.240000 0.484049 0.426460 2.880000 2.880000 0.487261 0.522124 7.440000 7.440000 0.838114 0.908835 -4.050000 -4.050000 -0.177522 -0.236406 -5.930000 -5.930000 -0.045623 0.027516 -1.160000 -1.160000 -0.542576 -0.596251 4.200000 4.200000 -0.092946 -0.015376 -4.890000 -4.890000 -0.169045 -0.188290 -11.099999 -11.099999 0.673567 0.812625 -12.849999 -12.849999 -0.527367 -0.329155 -6.190000 -6.190000 0.058854 -0.030399 1.690000 1.690000 0.146433 0.165974 -1.070000 -1.070000 0.002594 0.011491 -2.920000 -2.920000 0.201301 0.263582 0.000000 0.000000 0.284570 0.261329 0.000000 0.000000 -0.428879 -0.406704 0.000000 0.000000 0.524355 0.545516 0.000000 0.000000 0.045668 0.023772 0.000000 0.000000 0.205948 0.143246 0.000000 0.000000 -0.262966 -0.233217 0.000000 0.000000 -0.135702 -0.113083 0.000000 0.000000 0.733764 0.693901 0.000000 0.000000 -0.332662 -0.358582 0.000000 0.000000
4.560000 -0.684342 -0.662212 -1.580000 -1.580000 0.476740 0.429788 2.930000 2.930000 0.474862 0.503309 6.840000 6.840000 0.835846 0.919856 -4.300000 -4.300000 -0.173224 -0.239352 -6.610000 -6.610000 -0.049050 0.027143 -1.450000 -1.450000 -0.539096 -0.592017 4.460000 4.460000 -0.100369 -0.018842 -5.070000 -5.070000 -0.180509 -0.204363 -10.719999 -10.719999 0.677556 0.821622 -13.480000 -13.480000 -0.509311 -0.337532 -6.900000 -6.900000 0.048646 -0.030708 1.450000 1.450000 0.159384 0.166502 -0.570000 -0.570000 0.007937 0.011471 -1.110000 -1.110000 0.176010 0.253519 0.000000 0.000000 0.277644 0.262144 0.000000 0.000000 -0.427462 -0.411733 0.000000 0.000000 0.498868 0.543594 0.000000 0.000000 0.042274 0.023311 0.000000 0.000000 0.219097 0.143859 0.000000 0.000000 -0.248263 -0.235103 0.000000 0.000000 -0.133849 -0.115132 0.000000 0.000000 0.749241 0.704265 0.000000 0.000000 -0.329757 -0.348353 0.000000 0.000000
4.580000 -0.683307 -0.671784 -0.890000 -0.890000 0.482176 0.430973 3.170000 3.170000 0.453029 0.484681 8.929999 8.929999 0.843017 0.928280 -4.360000 -4.360000 -0.160171 -0.240322 -7.690000 -7.690000 -0.053154 0.027068 -1.370000 -1.370000 -0.535403 -0.588627 3.990000 3.990000 -0.106979 -0.024275 -4.810000 -4.810000 -0.195733 -0.222091 -11.460000 -11.460000 0.675268 0.830390 -13.009999 -13.009999 -0.499079 -0.337059 -7.230000 -7.230000 0.047049 -0.030921 1.720000 1.720000 0.153778 0.165807 -0.140000 -0.140000 0.005947 0.011736 -1.540000 -1.540000 0.139003 0.242474 0.000000 0.000000 0.283337 0.262353 0.000000 0.000000 -0.426606 -0.413572 0.000000 0.000000 0.461374 0.539457 0.000000 0.000000 0.040009 0.023874 0.000000 0.000000 0.228528 0.145577 0.000000 0.000000 -0.249314 -0.237362 0.000000 0.000000 -0.143754 -0.118019 0.000000 0.000000 0.768028 0.712988 0.000000 0.000000 -0.325435 -0.341945 0.000000 0.000000
4.600000 -0.690289 -0.676693 -0.790000 -0.790000 0.477549 0.428829 2.620000 2.620000 0.435848 0.467148 7.700000 7.700000 0.835938 0.937236 -5.080000 -5.080000 -0.155691 -0.241754 -7.990000 -7.990000 -0.053869 0.027068 -1.490000 -1.490000 -0.533873 -0.584209 3.830000 3.830000 -0.118115 -0.029541 -4.940000 -4.940000 -0.211247 -0.238243 -11.849999 -11.849999 0.667681 0.833610 -13.710000 -13.710000 -0.487741 -0.340360 -9.110000 -9.110000 0.041442 -0.033062 1.400000 1.400000 0.160000 0.163350 -0.340000 -0.340000 0.010766 0.011608 -0.770000 -0.770000 0.104174 0.228239 0.000000 0.000000 0.288623 0.262551 0.000000 0.000000 -0.422055 -0.414003 0.000000 0.000000 0.421828 0.530386 0.000000 0.000000 0.039173 0.030270 0.000000 0.000000 0.239881 0.146927 0.000000 0.000000 -0.242517 -0.238002 0.000000 0.000000 -0.157034 -0.121454 0.000000 0.000000 0.788668 0.722869 0.000000 0.000000 -0.324426 -0.333975 0.000000 0.000000
4.620000 -0.693318 -0.683749 -0.460000 -0.460000 0.472103 0.426587 3.080000 3.080000 0.421243 0.448872 6.890000 6.890000 0.835325 0.941833 -5.090000 -5.090000 -0.152225 -0.242547 -8.330000 -8.330000 -0.063220 0.027068 -1.610000 -1.610000 -0.527034 -0.578135 3.730000 3.730000 -0.122691 -0.035326 -6.360000 -6.360000 -0.225807 -0.252897 -13.540000 -13.540000 0.654650 0.836839 -14.860000 -14.860000 -0.496014 -0.344928 -10.050000 -10.050000 0.035873 -0.033989 1.260000 1.260000 0.157676 0.163644 -0.560000 -0.560000 0.012766 0.012137 -0.680000 -0.680000 0.076084 0.208849 0.000000 0.000000 0.293127 0.262551 0.000000 0.000000 -0.419663 -0.414003 0.000000 0.000000 0.385759 0.510860 0.000000 0.000000 0.037457 0.043725 0.000000 0.000000 0.257324 0.147909 0.000000 0.000000 -0.241588 -0.235976 0.000000 0.000000 -0.165348 -0.127717 0.000000 0.000000 0.802949 0.735110 0.000000 0.000000 -0.321994 -0.322341 0.000000 0.000000
4.640000 -0.701093 -0.690407 -1.020000 -1.020000 0.459944 0.419647 3.130000 3.130000 0.407346 0.432123 6.250000 6.250000 0.818935 0.941825 -6.740000 -6.740000 -0.156944 -0.242180 -9.660000 -9.660000 -0.063220 0.027068 -1.730000 -1.730000 -0.522381 -0.569268 3.390000 3.390000 -0.126178 -0.037382 -5.390000 -5.390000 -0.244645 -0.271829 -12.020000 -12.020000 0.642470 0.838314 -15.690000 -15.690000 -0.490832 -0.347058 -10.210000 -10.210000 0.027649 -0.034713 1.210000 1.210000 0.160632 0.163389 -0.550000 -0.550000 0.016725 0.013664 -0.080000 -0.080000 0.040602 0.190564 0.000000 0.000000 0.287617 0.262551 0.000000 0.000000 -0.410891 -0.414003 0.000000 0.000000 0.347861 0.488255 0.000000 0.000000 0.038839 0.041511 0.000000 0.000000 0.270224 0.149750 0.000000 0.000000 -0.233718 -0.233101 0.000000 0.000000 -0.175369 -0.134458 0.000000 0.000000 0.811515 0.746070 0.000000 0.000000 -0.322509 -0.311808 0.000000 0.000000
4.660000 -0.699002 -0.691373 -0.770000 -0.770000 0.444081 0.411512 2.540000 2.540000 0.393291 0.417077 6.240000 6.240000 0.809357 0.940784 -7.070000 -7.070000 -0.164052 -0.241695 -9.800000 -9.800000 -0.065329 0.027068 -1.530000 -1.530000 -0.513618 -0.558607 3.100000 3.100000 -0.128694 -0.043579 -5.150000 -5.150000 -0.264509 -0.285524 -11.660000 -11.660000 0.632073 0.836765 -16.059999 -16.059999 -0.502390 -0.347921 -10.809999 -10.809999 0.021388 -0.035065 1.090000 1.090000 0.159480 0.163008 -0.390000 -0.390000 0.016588 0.014790 -0.090000 -0.090000 0.005345 0.170561 0.000000 0.000000 0.286554 0.262458 0.000000 0.000000 -0.400941 -0.412979 0.000000 0.000000 0.310407 0.461175 0.000000 0.000000 0.042345 0.042601 0.000000 0.000000 0.284672 0.152081 0.000000 0.000000 -0.238341 -0.229026 0.000000 0.000000 -0.185804 -0.143190 0.000000 0.000000 0.819470 0.754040 0.000000 0.000000 -0.324936 -0.305637 0.000000 0.000000
4.680000 -0.707592 -0.691419 -1.340000 -1.340000 0.427086 0.398835 1.780000 1.780000 0.382283 0.405477 5.350000 5.350000 0.782283 0.935999 -8.889999 -8.889999 -0.176785 -0.238855 -11.020000 -11.020000 -0.063637 0.027068 -1.770000 -1.770000 -0.510229 -0.544985 2.380000 2.380000 -0.127543 -0.050215 -4.740000 -4.740000 -0.286357 -0.305455 -10.280000 -10.280000 0.618093 0.835053 -17.170000 -17.170000 -0.500595 -0.348170 -11.130000 -11.130000 0.018668 -0.035246 1.070000 1.070000 0.152820 0.161373 -0.670000 -0.670000 0.016515 0.015504 -0.450000 -0.450000 -0.031610 0.145649 0.000000 0.000000 0.280843 0.262516 0.000000 0.000000 -0.382498 -0.412501 0.000000 0.000000 0.273273 0.432219 0.000000 0.000000 0.042624 0.043500 0.000000 0.000000 0.290857 0.156499 0.000000 0.000000 -0.237113 -0.224730 0.000000 0.000000 -0.187040 -0.149442 0.000000 0.000000 0.826838 0.760739 0.000000 0.000000 -0.324930 -0.301231 0.000000 0.000000
4.700000 -0.712893 -0.691480 -1.860000 -1.860000 0.404017 0.385209 1.850000 1.850000 0.374321 0.392693 4.050000 4.050000 0.761394 0.926690 -10.800000 -10.800000 -0.213821 -0.234146 -11.950000 -11.950000 -0.061173 0.028666 -1.740000 -1.740000 -0.505513 -0.532851 1.850000 1.850000 -0.134066 -0.059867 -4.650000 -4.650000 -0.309280 -0.324563 -9.460000 -9.460000 0.594557 0.829907 -17.740000 -17.740000 -0.524489 -0.343673 -11.500000 -11.500000 0.023011 -0.035384 1.130000 1.130000 0.152879 0.159141 -0.870000 -0.870000 0.019160 0.015504 -0.390000 -0.390000 -0.068747 0.118283 0.000000 0.000000 0.277210 0.262167 0.000000 0.000000 -0.360526 -0.408170 0.000000 0.000000 0.232737 0.401362 0.000000 0.000000 0.043530 0.043961 0.000000 0.000000 0.305060 0.163126 0.000000 0.000000 -0.241029 -0.221831 0.000000 0.000000 -0.189403 -0.156672 0.000000 0.000000 0.824451 0.767259 0.000000 0.000000 -0.323284 -0.307615 0.000000 0.000000
4.720000 -0.721454 -0.690836 -2.590000 -2.590000 0.380168 0.367364 2.500000 2.500000 0.371379 0.377079 2.510000 2.510000 0.717958 0.916718 -13.040000 -13.040000 -0.278103 -0.232383 -10.690000 -10.690000 -0.065904 0.029817 -1.760000 -1.760000 -0.504104 -0.520211 0.930000 0.930000 -0.137475 -0.071105 -5.280000 -5.280000 -0.338085 -0.342731 -9.559999 -9.559999 0.565815 0.819983 -19.580000 -19.580000 -0.581837 -0.347732 -11.690000 -11.690000 0.027308 -0.035682 1.030000 1.030000 0.145227 0.158289 -0.990000 -0.990000 0.015604 0.015005 -1.010000 -1.010000 -0.113321 0.088094 0.000000 0.000000 0.269734 0.259885 0.000000 0.000000 -0.325770 -0.401069 0.000000 0.000000 0.191163 0.368798 0.000000 0.000000 0.044256 0.043433 0.000000 0.000000 0.313243 0.172330 0.000000 0.000000 -0.240300 -0.220469 0.000000 0.000000 -0.185090 -0.162621 0.000000 0.000000 0.816537 0.773217 0.000000 0.000000 -0.320904 -0.313416 0.000000 0.000000
4.740000 -0.720169 -0.690836 -2.390000 -2.390000 0.360264 0.348608 2.820000 2.820000 0.365245 0.363923 2.190000 2.190000 0.694500 0.898624 -16.129999 -16.129999 -0.308223 -0.228407 -11.520000 -11.520000 -0.066423 0.029817 -1.780000 -1.780000 -0.504780 -0.509412 -0.180000 -0.180000 -0.144723 -0.076156 -4.860000 -4.860000 -0.361305 -0.366695 -8.179999 -8.179999 0.550456 0.807135 -20.520000 -20.520000 -0.615530 -0.348276 -10.300000 -10.300000 0.028457 -0.034628 1.070000 1.070000 0.144318 0.157692 -1.160000 -1.160000 0.011626 0.014114 -1.600000 -1.600000 -0.159521 0.055329 0.000000 0.000000 0.275531 0.254239 0.000000 0.000000 -0.290361 -0.386853 0.000000 0.000000 0.152736 0.334839 0.000000 0.000000 0.042584 0.042230 0.000000 0.000000 0.316726 0.182270 0.000000 0.000000 -0.244897 -0.221377 0.000000 0.000000 -0.178394 -0.164018 0.000000 0.000000 0.803718 0.773329 0.000000 0.000000 -0.316743 -0.313303 0.000000 0.000000
4.760000 -0.728475 -0.690836 -3.070000 -3.070000 0.347854 0.326534 4.240000 4.240000 0.361546 0.355710 2.060000 2.060000 0.663035 0.873787 -15.570000 -15.570000 -0.356792 -0.217154 -10.270000 -10.270000 -0.062804 0.029838 -1.780000 -1.780000 -0.505643 -0.501129 -0.400000 -0.400000 -0.151139 -0.088119 -4.290000 -4.290000 -0.388663 -0.393145 -8.090000 -8.090000 0.540728 0.788386 -22.090000 -22.090000 -0.648560 -0.342715 -10.139999 -10.139999 0.033316 -0.033264 1.200000 1.200000 0.134671 0.156048 -1.520000 -1.520000 0.004426 0.011275 -2.500000 -2.500000 -0.195535 0.020845 0.000000 0.000000 0.261939 0.248418 0.000000 0.000000 -0.249421 -0.365618 0.000000 0.000000 0.115580 0.299239 0.000000 0.000000 0.043176 0.041747 0.000000 0.000000 0.326492 0.194174 0.000000 0.000000 -0.244798 -0.222320 0.000000 0.000000 -0.171552 -0.163936 0.000000 0.000000 0.788670 0.772565 0.000000 0.000000 -0.307189 -0.312539 0.000000 0.000000
4.780000 -0.724341 -0.690806 -2.670000 -2.670000 0.350869 0.313475 3.830000 3.830000 0.353823 0.352773 4.610000 4.610000 0.655158 0.847623 -14.230000 -14.230000 -0.388174 -0.205428 -6.420000 -6.420000 -0.058169 0.029838 -1.610000 -1.610000 -0.505601 -0.496297 -0.880000 -0.880000 -0.160929 -0.099895 -4.530000 -4.530000 -0.412657 -0.416002 -7.900000 -7.900000 0.580044 0.771997 -17.670000 -17.670000 -0.637037 -0.334976 -5.910000 -5.910000 0.041206 -0.032657 1.290000 1.290000 0.123651 0.151985 -1.250000 -1.250000 -0.006060 0.008838 -3.500000 -3.500000 -0.226508 -0.011430 0.000000 0.000000 0.256582 0.243644 0.000000 0.000000 -0.203007 -0.340890 0.000000 0.000000 0.088549 0.267764 0.000000 0.000000 0.040745 0.040443 0.000000 0.000000 0.330801 0.203500 0.000000 0.000000 -0.238249 -0.222623 0.000000 0.000000 -0.156716 -0.163634 0.000000 0.000000 0.772106 0.771531 0.000000 0.000000 -0.297033 -0.312404 0.000000 0.000000
4.800000 -0.716065 -0.691358 -1.860000 -1.860000 0.379550 0.305820 4.530000 4.530000 0.322086 0.354751 11.179999 11.179999 0.715114 0.820213 -9.480000 -9.480000 -0.347363 -0.192708 -3.070000 -3.070000 -0.036479 0.030158 -1.170000 -1.170000 -0.471262 -0.495315 1.660000 1.660000 -0.169201 -0.111554 -3.670000 -3.670000 -0.428354 -0.438683 -7.100000 -7.100000 0.720330 0.763557 -7.900000 -7.900000 -0.559744 -0.327214 0.430000 0.430000 0.076082 -0.027437 1.220000 1.220000 0.100497 0.143204 -3.300000 -3.300000 -0.004658 0.003483 -4.800000 -4.800000 -0.200578 -0.046037 0.000000 0.000000 0.234806 0.237171 0.000000 0.000000 -0.164127 -0.308245 0.000000 0.000000 0.076784 0.234626 0.000000 0.000000 0.037547 0.039656 0.000000 0.000000 0.359066 0.211600 0.000000 0.000000 -0.231153 -0.221912 0.000000 0.000000 -0.138922 -0.160805 0.000000 0.000000 0.771065 0.770451 0.000000 0.000000 -0.285935 -0.311550 0.000000 0.000000
4.820000 -0.708587 -0.697325 -0.730000 -0.730000 0.385477 0.301425 1.940000 1.940000 0.282525 0.355015 16.129999 16.129999 0.780603 0.806856 -4.050000 -4.050000 -0.246753 -0.182532 -0.690000 -0.690000 -0.029897 0.026451 -0.550000 -0.550000 -0.398240 -0.493904 8.020000 8.020000 -0.171239 -0.124965 -1.410000 -1.410000 -0.431807 -0.452427 -7.400000 -7.400000 0.866256 0.770375 3.120000 3.120000 -0.475509 -0.331024 6.810000 6.810000 0.097294 -0.008529 0.790000 0.790000 0.095499 0.133582 -5.010000 -5.010000 0.010287 0.001163 -3.260000 -3.260000 -0.133002 -0.071808 0.000000 0.000000 0.230369 0.233411 0.000000 0.000000 -0.129605 -0.275705 0.000000 0.000000 0.088425 0.209795 0.000000 0.000000 0.040431 0.039824 0.000000 0.000000 0.386627 0.218227 0.000000 0.000000 -0.239278 -0.221412 0.000000 0.000000 -0.138569 -0.157324 0.000000 0.000000 0.782691 0.770350 0.000000 0.000000 -0.284473 -0.311471 0.000000 0.000000
4.840000 -0.726984 -0.708968 -0.850000 -0.850000 0.359333 0.295767 0.030000 0.030000 0.270856 0.348378 15.070000 15.070000 0.748372 0.806626 -4.380000 -4.380000 -0.129805 -0.171882 -3.870000 -3.870000 -0.038213 0.015020 -0.400000 -0.400000 -0.388015 -0.497631 8.800000 8.800000 -0.157541 -0.133990 -0.100000 -0.100000 -0.447682 -0.468873 -4.700000 -4.700000 0.873778 0.794777 4.770000 4.770000 -0.410715 -0.348205 4.160000 4.160000 0.082842 0.018572 -0.210000 -0.210000 0.080901 0.126289 -5.640000 -5.640000 0.021570 0.001819 -1.670000 -1.670000 -0.097472 -0.095615 0.000000 0.000000 0.207661 0.226426 0.000000 0.000000 -0.125420 -0.241989 0.000000 0.000000 0.092347 0.190314 0.000000 0.000000 0.040517 0.047322 0.000000 0.000000 0.380478 0.230376 0.000000 0.000000 -0.264950 -0.222902 0.000000 0.000000 -0.150547 -0.157091 0.000000 0.000000 0.802708 0.771002 0.000000 0.000000 -0.290697 -0.310819 0.000000 0.000000
4.860000 -0.724866 -0.724308 -0.000000 -0.000000 0.334341 0.286271 -0.320000 -0.320000 0.266940 0.337042 12.030000 12.030000 0.735426 0.813764 -6.010000 -6.010000 -0.044833 -0.156180 -7.700000 -7.700000 -0.039846 0.015425 -1.480000 -1.480000 -0.422687 -0.494548 5.450000 5.450000 -0.158018 -0.140392 0.290000 0.290000 -0.462287 -0.476215 -2.460000 -2.460000 0.819315 0.817287 0.750000 0.750000 -0.389808 -0.368522 -0.540000 -0.540000 0.080133 0.036479 -0.080000 -0.080000 0.078834 0.115883 -4.400000 -4.400000 0.016190 0.000419 -1.420000 -1.420000 -0.113144 -0.121263 0.000000 0.000000 0.194811 0.220418 0.000000 0.000000 -0.137049 -0.214537 0.000000 0.000000 0.082581 0.171205 0.000000 0.000000 0.044430 0.049278 0.000000 0.000000 0.377381 0.242770 0.000000 0.000000 -0.284995 -0.226336 0.000000 0.000000 -0.149887 -0.156544 0.000000 0.000000 0.811904 0.773104 0.000000 0.000000 -0.291749 -0.309526 0.000000 0.000000
4.880000 -0.734858 -0.739740 1.660000 1.660000 0.313833 0.272234 1.300000 1.300000 0.265020 0.311258 9.300000 9.300000 0.730424 0.840494 -4.860000 -4.860000 -0.005047 -0.142833 -11.889999 -11.889999 -0.055941 0.035836 -2.840000 -2.840000 -0.491598 -0.481494 -0.740000 -0.740000 -0.175737 -0.151640 -0.790000 -0.790000 -0.460378 -0.475206 -2.810000 -2.810000 0.699228 0.828899 -9.050000 -9.050000 -0.466665 -0.386377 -6.610000 -6.610000 0.071672 0.046567 0.350000 0.350000 0.076117 0.098165 -1.620000 -1.620000 -0.000675 0.002005 -1.480000 -1.480000 -0.177075 -0.140162 0.000000 0.000000 0.192280 0.217112 0.000000 0.000000 -0.159421 -0.196910 0.000000 0.000000 0.034800 0.156220 0.000000 0.000000 0.056127 0.047153 0.000000 0.000000 0.352569 0.260196 0.000000 0.000000 -0.299684 -0.231622 0.000000 0.000000 -0.133820 -0.152841 0.000000 0.000000 0.789552 0.779995 0.000000 0.000000 -0.297919 -0.302636 0.000000 0.000000
4.900000 -0.744376 -0.759037 1.850000 1.850000 0.314866 0.261730 2.620000 2.620000 0.254814 0.288048 7.470000 7.470000 0.779413 0.864020 -2.450000 -2.450000 0.030538 -0.149116 -11.050000 -11.050000 -0.090704 0.049151 -3.010000 -3.010000 -0.515565 -0.482752 -2.030000 -2.030000 -0.210294 -0.160616 -1.190000 -1.190000 -0.444359 -0.473356 -8.820000 -8.820000 0.623414 0.829448 -17.270000 -17.270000 -0.586139 -0.391643 -11.559999 -11.559999 0.066138 0.029160 2.040000 2.040000 0.071949 0.086947 -0.540000 -0.540000 -0.020978 -0.001949 -4.110000 -4.110000 -0.219169 -0.154520 0.000000 0.000000 0.199301 0.213549 0.000000 0.000000 -0.161112 -0.190041 0.000000 0.000000 -0.018150 0.133053 0.000000 0.000000 0.063698 0.053752 0.000000 0.000000 0.329046 0.272100 0.000000 0.000000 -0.305809 -0.239352 0.000000 0.000000 -0.125376 -0.147649 0.000000 0.000000 0.757865 0.780422 0.000000 0.000000 -0.296397 -0.302209 0.000000 0.000000
4.920000 -0.760895 -0.773027 1.550000 1.550000 0.313782 0.268289 2.660000 2.660000 0.243055 0.267119 6.340000 6.340000 0.837382 0.887595 -0.730000 -0.730000 0.029513 -0.154808 -6.690000 -6.690000 -0.135237 0.043101 -2.570000 -2.570000 -0.518581 -0.492201 -2.470000 -2.470000 -0.229476 -0.156564 -3.980000 -3.980000 -0.435428 -0.479719 -12.130000 -12.130000 0.602190 0.840059 -21.010000 -21.010000 -0.709498 -0.402730 -11.099999 -11.099999 0.058896 0.003232 2.120000 2.120000 0.075768 0.084372 1.550000 1.550000 -0.027219 -0.006071 -2.340000 -2.340000 -0.227521 -0.161392 0.000000 0.000000 0.225526 0.210511 0.000000 0.000000 -0.147822 -0.185373 0.000000 0.000000 -0.048236 0.104636 0.000000 0.000000 0.075953 0.064183 0.000000 0.000000 0.302497 0.275904 0.000000 0.000000 -0.286894 -0.246850 0.000000 0.000000 -0.112840 -0.139150 0.000000 0.000000 0.729159 0.775971 0.000000 0.000000 -0.292382 -0.301602 0.000000 0.000000
4.940000 -0.791645 -0.788628 0.500000 0.500000 0.331762 0.276698 2.230000 2.230000 0.217525 0.254090 8.860000 8.860000 0.928574 0.909638 4.220000 4.220000 0.124654 -0.150761 -3.680000 -3.680000 -0.151193 0.028027 -2.110000 -2.110000 -0.520944 -0.491066 -2.030000 -2.030000 -0.260761 -0.149927 -5.720000 -5.720000 -0.427733 -0.479504 -17.670000 -17.670000 0.585003 0.851605 -23.869999 -23.869999 -0.759320 -0.416137 -12.900000 -12.900000 0.053771 -0.005770 1.400000 1.400000 0.073900 0.077598 1.430000 1.430000 -0.030333 -0.009986 -1.840000 -1.840000 -0.244341 -0.159674 0.000000 0.000000 0.247922 0.209358 0.000000 0.000000 -0.148353 -0.185594 0.000000 0.000000 -0.053873 0.084009 0.000000 0.000000 0.081384 0.072176 0.000000 0.000000 0.281670 0.273205 0.000000 0.000000 -0.286357 -0.255000 0.000000 0.000000 -0.102378 -0.132188 0.000000 0.000000 0.737634 0.775645 0.000000 0.000000 -0.291861 -0.301433 0.000000 0.000000
4.960000 -0.823399 -0.808615 -0.240000 -0.240000 0.358910 0.285929 2.310000 2.310000 0.189295 0.240180 11.120000 11.120000 0.997276 0.937023 8.210000 8.210000 0.223260 -0.137343 -3.110000 -3.110000 -0.164367 0.003356 -1.250000 -1.250000 -0.516499 -0.494302 -1.730000 -1.730000 -0.266955 -0.146324 -6.420000 -6.420000 -0.423932 -0.483086 -18.510000 -18.510000 0.597423 0.857366 -23.330000 -23.330000 -0.768944 -0.424147 -11.900000 -11.900000 0.031451 -0.011767 1.140000 1.140000 0.060035 0.071392 1.650000 1.650000 -0.038503 -0.016369 -3.050000 -3.050000 -0.236732 -0.160288 0.000000 0.000000 0.261205 0.210709 0.000000 0.000000 -0.165160 -0.185291 0.000000 0.000000 -0.047702 0.062392 0.000000 0.000000 0.084208 0.074727 0.000000 0.000000 0.254722 0.266946 0.000000 0.000000 -0.290444 -0.260646 0.000000 0.000000 -0.088594 -0.125051 0.000000 0.000000 0.729557 0.775296 0.000000 0.000000 -0.291968 -0.301354 0.000000 0.000000
4.980000 -0.884731 -0.841166 -1.870000 -1.870000 0.378127 0.302178 2.810000 2.810000 0.169101 0.221032 11.559999 11.559999 1.051744 0.974504 8.179999 8.179999 0.337600 -0.114435 -2.690000 -2.690000 -0.190452 -0.025108 -1.200000 -1.200000 -0.530498 -0.495208 -2.560000 -2.560000 -0.272859 -0.145854 -6.800000 -6.800000 -0.421334 -0.483556 -20.279999 -20.279999 0.599079 0.865118 -23.740000 -23.740000 -0.784567 -0.434868 -13.320000 -13.320000 0.002086 -0.016699 0.760000 0.760000 0.045589 0.065724 0.830000 0.830000 -0.045967 -0.020725 -4.110000 -4.110000 -0.237414 -0.160901 0.000000 0.000000 0.286091 0.217484 0.000000 0.000000 -0.185438 -0.185594 0.000000 0.000000 -0.040729 0.050005 0.000000 0.000000 0.085793 0.085968 0.000000 0.000000 0.231896 0.261669 0.000000 0.000000 -0.286438 -0.267317 0.000000 0.000000 -0.059571 -0.115772 0.000000 0.000000 0.702126 0.772509 0.000000 0.000000 -0.295822 -0.301759 0.000000 0.000000
5.000000 -0.938631 -0.890699 -3.290000 -3.290000 0.391342 0.320719 2.150000 2.150000 0.145620 0.196442 9.900000 9.900000 1.105937 1.033135 5.540000 5.540000 0.391558 -0.066122 -1.970000 -1.970000 -0.226026 -0.066547 -0.520000 -0.520000 -0.526471 -0.499978 -1.840000 -1.840000 -0.287485 -0.140216 -6.970000 -6.970000 -0.407121 -0.489077 -23.369999 -23.369999 0.599792 0.876237 -25.490000 -25.490000 -0.849190 -0.450593 -11.550000 -11.550000 -0.015068 -0.025871 0.490000 0.490000 0.044136 0.057433 1.140000 1.140000 -0.046926 -0.023848 -3.590000 -3.590000 -0.228469 -0.160656 0.000000 0.000000 0.301749 0.229522 0.000000 0.000000 -0.200211 -0.186735 0.000000 0.000000 -0.044213 0.041518 0.000000 0.000000 0.092363 0.090926 0.000000 0.000000 0.208680 0.252833 0.000000 0.000000 -0.300589 -0.271869 0.000000 0.000000 -0.030737 -0.100836 0.000000 0.000000 0.634890 0.758199 0.000000 0.000000 -0.291919 -0.303659 0.000000 0.000000
5.020000 -1.005611 -0.944879 -1.090000 -1.090000 0.421413 0.341697 1.870000 1.870000 0.112951 0.171960 10.219999 10.219999 1.156269 1.091675 4.860000 4.860000 0.431608 -0.006249 -1.710000 -1.710000 -0.254896 -0.107219 -0.390000 -0.390000 -0.543361 -0.504534 -3.010000 -3.010000 -0.300497 -0.141684 -6.770000 -6.770000 -0.391903 -0.485729 -28.309999 -28.309999 0.592416 0.887226 -27.799999 -27.799999 -0.893449 -0.463337 -12.030000 -12.030000 -0.020237 -0.027895 0.290000 0.290000 0.031841 0.051882 1.140000 1.140000 -0.055363 -0.028302 -3.620000 -3.620000 -0.209979 -0.160411 0.000000 0.000000 0.317324 0.242282 0.000000 0.000000 -0.219439 -0.191927 0.000000 0.000000 -0.060532 0.033796 0.000000 0.000000 0.090692 0.096872 0.000000 0.000000 0.193501 0.244979 0.000000 0.000000 -0.307427 -0.275793 0.000000 0.000000 0.007674 -0.083756 0.000000 0.000000 0.522815 0.729141 0.000000 0.000000 -0.282821 -0.300388 0.000000 0.000000
5.040000 -1.048813 -1.000148 -0.270000 -0.270000 0.433636 0.370388 0.710000 0.710000 0.092058 0.144502 9.059999 9.059999 1.202291 1.155116 7.690000 7.690000 0.439065 0.073858 -0.290000 -0.290000 -0.257115 -0.146762 0.100000 0.100000 -0.570080 -0.512066 -4.830000 -4.830000 -0.289475 -0.139031 -5.260000 -5.260000 -0.378558 -0.485211 -26.809999 -26.809999 0.592562 0.903983 -30.740000 -30.740000 -0.867564 -0.468602 -14.889999 -14.889999 -0.010363 -0.032284 0.580000 0.580000 0.021879 0.043209 0.450000 0.450000 -0.056897 -0.033627 -3.530000 -3.530000 -0.189321 -0.159920 0.000000 0.000000 0.319854 0.255019 0.000000 0.000000 -0.234466 -0.200962 0.000000 0.000000 -0.073478 0.023926 0.000000 0.000000 0.091484 0.087744 0.000000 0.000000 0.191416 0.238598 0.000000 0.000000 -0.314888 -0.280997 0.000000 0.000000 0.041268 -0.060856 0.000000 0.000000 0.408880 0.674195 0.000000 0.000000 -0.272236 -0.298611 0.000000 0.000000
5.060000 -1.070564 -1.050202 -0.010000 -0.010000 0.447674 0.395615 0.180000 0.180000 0.070803 0.122506 7.110000 7.110000 1.228376 1.211255 1.740000 1.740000 0.397372 0.159822 0.180000 0.180000 -0.242403 -0.176035 0.210000 0.210000 -0.598229 -0.520963 -5.020000 -5.020000 -0.287378 -0.133873 -5.510000 -5.510000 -0.365779 -0.477468 -27.590000 -27.590000 0.594392 0.919520 -28.689999 -28.689999 -0.828062 -0.464437 -15.500000 -15.500000 0.010785 -0.034702 0.850000 0.850000 0.019103 0.033587 2.000000 2.000000 -0.071021 -0.039432 -3.840000 -3.840000 -0.158165 -0.157588 0.000000 0.000000 0.308431 0.268175 0.000000 0.000000 -0.232350 -0.210229 0.000000 0.000000 -0.099777 0.014405 0.000000 0.000000 0.092995 0.087441 0.000000 0.000000 0.172405 0.234426 0.000000 0.000000 -0.318925 -0.284839 0.000000 0.000000 0.065723 -0.034894 0.000000 0.000000 0.298052 0.602917 0.000000 0.000000 -0.256652 -0.288214 0.000000 0.000000
5.080000 -1.095455 -1.099243 1.210000 1.210000 0.471906 0.428369 1.250000 1.250000 0.060149 0.089203 4.400000 4.400000 1.261263 1.265215 -2.960000 -2.960000 0.344060 0.245478 0.480000 0.480000 -0.211856 -0.194230 0.280000 0.280000 -0.618118 -0.537714 -5.960000 -5.960000 -0.289451 -0.130652 -6.650000 -6.650000 -0.361239 -0.462148 -28.570000 -28.570000 0.598569 0.934016 -26.930000 -26.930000 -0.760778 -0.459692 -16.600000 -16.600000 0.054039 -0.034670 1.690000 1.690000 0.042391 0.026871 3.440000 3.440000 -0.074846 -0.050376 -0.780000 -0.780000 -0.127512 -0.151084 0.000000 0.000000 0.281591 0.276964 0.000000 0.000000 -0.216224 -0.214222 0.000000 0.000000 -0.132875 -0.005660 0.000000 0.000000 0.101288 0.089858 0.000000 0.000000 0.141811 0.224485 0.000000 0.000000 -0.292113 -0.288960 0.000000 0.000000 0.081578 -0.008326 0.000000 0.000000 0.217722 0.526040 0.000000 0.000000 -0.253398 -0.273904 0.000000 0.000000
5.100000 -1.122334 -1.124799 1.310000 1.310000 0.491131 0.454329 1.790000 1.790000 0.056444 0.066180 2.860000 2.860000 1.280052 1.299057 -3.140000 -3.140000 0.329539 0.294560 -0.170000 -0.170000 -0.176360 -0.196786 0.330000 0.330000 -0.613805 -0.550155 -4.490000 -4.490000 -0.258137 -0.123947 -6.690000 -6.690000 -0.362332 -0.448277 -22.379999 -22.379999 0.621634 0.950560 -24.320000 -24.320000 -0.633557 -0.457267 -21.100000 -21.100000 0.089657 -0.034372 2.250000 2.250000 0.032749 0.024356 2.900000 2.900000 -0.080940 -0.058315 -0.070000 -0.070000 -0.111182 -0.142371 0.000000 0.000000 0.238133 0.275928 0.000000 0.000000 -0.198052 -0.212790 0.000000 0.000000 -0.164633 -0.024848 0.000000 0.000000 0.106274 0.093579 0.000000 0.000000 0.093028 0.211477 0.000000 0.000000 -0.267007 -0.288262 0.000000 0.000000 0.104383 0.011978 0.000000 0.000000 0.156340 0.456920 0.000000 0.000000 -0.261020 -0.267620 0.000000 0.000000
5.120000 -1.151052 -1.147794 0.010000 0.010000 0.496595 0.484558 0.360000 0.360000 0.048912 0.054472 0.350000 0.350000 1.298099 1.318249 -1.690000 -1.690000 0.331186 0.322272 -0.610000 -0.610000 -0.156818 -0.190033 0.130000 0.130000 -0.605565 -0.563010 -2.990000 -2.990000 -0.247802 -0.118191 -6.600000 -6.600000 -0.357693 -0.431596 -19.670000 -19.670000 0.636947 0.969219 -25.109999 -25.109999 -0.510197 -0.450274 -21.189999 -21.189999 0.107674 -0.033658 2.570000 2.570000 0.031422 0.018580 1.520000 1.520000 -0.074848 -0.069650 0.950000 0.950000 -0.137406 -0.132063 0.000000 0.000000 0.228362 0.270200 0.000000 0.000000 -0.179850 -0.209903 0.000000 0.000000 -0.187024 -0.044970 0.000000 0.000000 0.110882 0.094455 0.000000 0.000000 0.045558 0.193315 0.000000 0.000000 -0.272080 -0.283372 0.000000 0.000000 0.127465 0.036310 0.000000 0.000000 0.091607 0.383426 0.000000 0.000000 -0.270201 -0.267530 0.000000 0.000000
5.140000 -1.158918 -1.153807 -0.560000 -0.560000 0.506055 0.504694 0.580000 0.580000 0.050811 0.042304 -2.050000 -2.050000 1.301703 1.324607 -1.570000 -1.570000 0.304789 0.331454 -0.790000 -0.790000 -0.149246 -0.182522 0.130000 0.130000 -0.579461 -0.572091 -0.470000 -0.470000 -0.237897 -0.107873 -5.410000 -5.410000 -0.342121 -0.429168 -20.500000 -20.500000 0.653785 0.978249 -21.359999 -21.359999 -0.387037 -0.444570 -22.299999 -22.299999 0.117509 -0.033477 2.810000 2.810000 0.021656 0.020117 -0.020000 -0.020000 -0.076339 -0.077531 0.390000 0.390000 -0.168267 -0.124699 0.000000 0.000000 0.223729 0.259117 0.000000 0.000000 -0.176139 -0.204571 0.000000 0.000000 -0.209616 -0.067373 0.000000 0.000000 0.109172 0.096018 0.000000 0.000000 -0.002722 0.172575 0.000000 0.000000 -0.262011 -0.279285 0.000000 0.000000 0.148642 0.056556 0.000000 0.000000 0.024109 0.316217 0.000000 0.000000 -0.279559 -0.274399 0.000000 0.000000
5.160000 -1.155016 -1.153132 -0.290000 -0.290000 0.517695 0.521864 0.100000 0.100000 0.040640 0.033102 -2.820000 -2.820000 1.292194 1.320740 -1.150000 -1.150000 0.253330 0.327124 -0.190000 -0.190000 -0.158872 -0.174426 -0.050000 -0.050000 -0.564419 -0.577628 1.180000 1.180000 -0.252899 -0.108529 -5.810000 -5.810000 -0.329361 -0.416100 -24.600000 -24.600000 0.645955 0.980478 -20.670000 -20.670000 -0.341870 -0.441352 -24.070000 -24.070000 0.121805 -0.033275 2.770000 2.770000 0.018451 0.027762 -2.120000 -2.120000 -0.079348 -0.088700 0.460000 0.460000 -0.199162 -0.122859 0.000000 0.000000 0.224425 0.243959 0.000000 0.000000 -0.186677 -0.203081 0.000000 0.000000 -0.234792 -0.089146 0.000000 0.000000 0.112598 0.101245 0.000000 0.000000 -0.041391 0.159445 0.000000 0.000000 -0.249157 -0.272056 0.000000 0.000000 0.161641 0.079223 0.000000 0.000000 -0.018617 0.258146 0.000000 0.000000 -0.282003 -0.280334 0.000000 0.000000
5.180000 -1.109620 -1.141014 1.040000 1.040000 0.505053 0.532759 -1.920000 -1.920000 0.021623 0.022853 -2.280000 -2.280000 1.279148 1.301163 -1.270000 -1.270000 0.188599 0.309836 -0.070000 -0.070000 -0.175619 -0.170730 -0.190000 -0.190000 -0.570484 -0.580896 1.330000 1.330000 -0.256748 -0.114422 -5.160000 -5.160000 -0.311447 -0.406213 -22.969999 -22.969999 0.658205 0.984362 -19.660000 -19.660000 -0.322429 -0.439553 -23.400000 -23.400000 0.086050 -0.032540 2.150000 2.150000 0.035646 0.028937 -0.180000 -0.180000 -0.095102 -0.096335 1.070000 1.070000 -0.253854 -0.125559 0.000000 0.000000 0.216207 0.235378 0.000000 0.000000 -0.204619 -0.203232 0.000000 0.000000 -0.246668 -0.110999 0.000000 0.000000 0.119519 0.106798 0.000000 0.000000 -0.078571 0.142755 0.000000 0.000000 -0.229520 -0.256606 0.000000 0.000000 0.180867 0.099027 0.000000 0.000000 -0.058858 0.197209 0.000000 0.000000 -0.284871 -0.285988 0.000000 0.000000
5.200000 -1.053974 -1.114982 4.140000 4.140000 0.499708 0.523058 -3.160000 -3.160000 -0.008842 0.016539 0.310000 0.310000 1.262767 1.283931 -1.890000 -1.890000 0.069981 0.278160 -0.400000 -0.400000 -0.189730 -0.171689 -0.040000 -0.040000 -0.594392 -0.588397 -0.260000 -0.260000 -0.256207 -0.118210 -3.910000 -3.910000 -0.295160 -0.400154 -23.350000 -23.350000 0.649718 0.991311 -20.230000 -20.230000 -0.332713 -0.429945 -24.769999 -24.769999 0.076575 -0.029024 1.400000 1.400000 0.026943 0.027743 1.110000 1.110000 -0.115446 -0.104754 0.080000 0.080000 -0.310846 -0.133290 0.000000 0.000000 0.204772 0.227729 0.000000 0.000000 -0.229079 -0.205758 0.000000 0.000000 -0.260547 -0.129243 0.000000 0.000000 0.129119 0.110946 0.000000 0.000000 -0.111615 0.125083 0.000000 0.000000 -0.236511 -0.241646 0.000000 0.000000 0.200720 0.121718 0.000000 0.000000 -0.091886 0.148188 0.000000 0.000000 -0.285872 -0.288068 0.000000 0.000000
5.220000 -0.992453 -1.082155 4.990000 4.990000 0.479296 0.497019 -3.290000 -3.290000 -0.034159 0.005634 3.360000 3.360000 1.232665 1.275941 -2.380000 -2.380000 -0.061361 0.215885 -1.320000 -1.320000 -0.210867 -0.176387 -0.280000 -0.280000 -0.614794 -0.595883 -1.210000 -1.210000 -0.242272 -0.125611 -2.510000 -2.510000 -0.265617 -0.378618 -23.350000 -23.350000 0.646723 0.990008 -20.879999 -20.879999 -0.307455 -0.431353 -25.299999 -25.299999 0.091343 -0.016753 1.400000 1.400000 0.025096 0.017670 2.310000 2.310000 -0.131890 -0.112164 -0.770000 -0.770000 -0.352619 -0.145930 0.000000 0.000000 0.194967 0.220756 0.000000 0.000000 -0.250188 -0.213291 0.000000 0.000000 -0.285534 -0.148454 0.000000 0.000000 0.138690 0.127818 0.000000 0.000000 -0.147117 0.101521 0.000000 0.000000 -0.234059 -0.228863 0.000000 0.000000 0.228785 0.146003 0.000000 0.000000 -0.133281 0.097480 0.000000 0.000000 -0.290245 -0.288101 0.000000 0.000000
5.240000 -0.921705 -1.038007 7.350000 7.350000 0.439414 0.459645 -3.430000 -3.430000 -0.060828 -0.010361 3.980000 3.980000 1.187620 1.257135 -3.270000 -3.270000 -0.158910 0.138606 -2.490000 -2.490000 -0.242657 -0.186443 -0.310000 -0.310000 -0.630372 -0.602510 -2.540000 -2.540000 -0.202939 -0.118974 0.020000 0.020000 -0.240510 -0.352559 -19.430000 -19.430000 0.670629 0.988090 -17.459999 -17.459999 -0.229416 -0.427638 -22.719999 -22.719999 0.110300 -0.003447 1.210000 1.210000 0.023727 0.014097 3.130000 3.130000 -0.134240 -0.117284 -1.050000 -1.050000 -0.410142 -0.156729 0.000000 0.000000 0.200265 0.215202 0.000000 0.000000 -0.275919 -0.220637 0.000000 0.000000 -0.293480 -0.164494 0.000000 0.000000 0.143180 0.140464 0.000000 0.000000 -0.184150 0.072683 0.000000 0.000000 -0.226673 -0.222378 0.000000 0.000000 0.281807 0.169835 0.000000 0.000000 -0.155530 0.053472 0.000000 0.000000 -0.293697 -0.289529 0.000000 0.000000
5.260000 -0.856188 -0.984179 10.760000 10.760000 0.390716 0.418061 -3.010000 -3.010000 -0.084795 -0.034853 2.970000 2.970000 1.133625 1.226718 -4.540000 -4.540000 -0.231432 0.054050 -5.490000 -5.490000 -0.256384 -0.200664 -0.100000 -0.100000 -0.640259 -0.603277 -3.070000 -3.070000 -0.184930 -0.109958 0.060000 0.060000 -0.205034 -0.314431 -17.859999 -17.859999 0.677787 0.978503 -17.180000 -17.180000 -0.232256 -0.413794 -21.250000 -21.250000 0.104112 0.006790 1.520000 1.520000 0.034231 0.016661 2.410000 2.410000 -0.125147 -0.116188 -0.290000 -0.290000 -0.455454 -0.171823 0.000000 0.000000 0.197670 0.209533 0.000000 0.000000 -0.306860 -0.232408 0.000000 0.000000 -0.306098 -0.179153 0.000000 0.000000 0.149097 0.150739 0.000000 0.000000 -0.210132 0.035622 0.000000 0.000000 -0.234326 -0.218559 0.000000 0.000000 0.332955 0.200454 0.000000 0.000000 -0.173176 0.015983 0.000000 0.000000 -0.294083 -0.293902 0.000000 0.000000
5.280000 -0.779056 -0.905839 8.540000 8.540000 0.330659 0.367148 -2.770000 -2.770000 -0.120670 -0.076642 1.250000 1.250000 1.084119 1.182329 -4.990000 -4.990000 -0.254651 -0.049474 -6.830000 -6.830000 -0.267079 -0.214203 -0.210000 -0.210000 -0.645563 -0.604274 -3.190000 -3.190000 -0.166266 -0.092680 -0.970000 -0.970000 -0.174811 -0.267140 -17.199999 -17.199999 0.681997 0.970046 -16.660000 -16.660000 -0.237533 -0.401582 -22.039999 -22.039999 0.095223 0.011157 0.700000 0.700000 0.029067 0.022858 1.610000 1.610000 -0.112232 -0.110833 0.160000 0.160000 -0.510700 -0.188022 0.000000 0.000000 0.182350 0.203537 0.000000 0.000000 -0.349297 -0.248206 0.000000 0.000000 -0.312604 -0.196227 0.000000 0.000000 0.145982 0.149041 0.000000 0.000000 -0.241155 -0.004139 0.000000 0.000000 -0.250736 -0.219142 0.000000 0.000000 0.405083 0.235823 0.000000 0.000000 -0.177491 -0.013210 0.000000 0.000000 -0.289112 -0.296611 0.000000 0.000000
5.300000 -0.712767 -0.822222 5.210000 5.210000 0.275022 0.314092 -0.910000 -0.910000 -0.156316 -0.125940 -0.750000 -0.750000 1.021185 1.122568 -4.400000 -4.400000 -0.267026 -0.156784 -7.220000 -7.220000 -0.268273 -0.224025 -0.200000 -0.200000 -0.624646 -0.606559 -1.700000 -1.700000 -0.156073 -0.075226 -3.610000 -3.610000 -0.145684 -0.221220 -13.270000 -13.270000 0.711430 0.960352 -13.250000 -13.250000 -0.181827 -0.388815 -19.900000 -19.900000 0.112795 0.024377 1.050000 1.050000 0.028529 0.025305 -0.340000 -0.340000 -0.093855 -0.103002 0.270000 0.270000 -0.570401 -0.212443 0.000000 0.000000 0.182051 0.199579 0.000000 0.000000 -0.402036 -0.273656 0.000000 0.000000 -0.311989 -0.205985 0.000000 0.000000 0.143702 0.151784 0.000000 0.000000 -0.307839 -0.051509 0.000000 0.000000 -0.277848 -0.221377 0.000000 0.000000 0.481614 0.285163 0.000000 0.000000 -0.183042 -0.041391 0.000000 0.000000 -0.277773 -0.290911 0.000000 0.000000
5.320000 -0.653261 -0.726164 3.780000 3.780000 0.231888 0.258803 1.470000 1.470000 -0.182182 -0.186495 -4.020000 -4.020000 0.960763 1.043189 2.090000 2.090000 -0.257548 -0.262627 -7.580000 -7.580000 -0.261867 -0.233208 0.020000 0.020000 -0.596638 -0.606759 0.720000 0.720000 -0.136907 -0.070117 -2.990000 -2.990000 -0.128935 -0.174839 -10.639999 -10.639999 0.748467 0.951757 -9.380000 -9.380000 -0.118951 -0.374249 -18.109999 -18.109999 0.120788 0.032761 1.100000 1.100000 0.018972 0.026764 -0.500000 -0.500000 -0.079106 -0.088994 0.010000 0.010000 -0.601685 -0.247173 0.000000 0.000000 0.194255 0.199334 0.000000 0.000000 -0.455895 -0.304031 0.000000 0.000000 -0.308228 -0.219159 0.000000 0.000000 0.143001 0.151379 0.000000 0.000000 -0.362116 -0.101210 0.000000 0.000000 -0.279923 -0.228432 0.000000 0.000000 0.551585 0.339905 0.000000 0.000000 -0.171335 -0.058791 0.000000 0.000000 -0.265627 -0.282998 0.000000 0.000000
5.340000 -0.583111 -0.639601 -0.970000 -0.970000 0.198666 0.228036 3.410000 3.410000 -0.184787 -0.230419 -7.370000 -7.370000 0.921553 0.963892 3.770000 3.770000 -0.278635 -0.349679 -5.990000 -5.990000 -0.233566 -0.243924 1.800000 1.800000 -0.579078 -0.605624 2.270000 2.270000 -0.128665 -0.075432 -3.610000 -3.610000 -0.122733 -0.149378 -7.000000 -7.000000 0.785844 0.948102 -6.420000 -6.420000 -0.067980 -0.366581 -15.240000 -15.240000 0.153545 0.045288 1.280000 1.280000 0.027136 0.021360 0.420000 0.420000 -0.069659 -0.076170 0.870000 0.870000 -0.655941 -0.284234 0.000000 0.000000 0.207807 0.203048 0.000000 0.000000 -0.507031 -0.338177 0.000000 0.000000 -0.307619 -0.225308 0.000000 0.000000 0.147583 0.152222 0.000000 0.000000 -0.448178 -0.147229 0.000000 0.000000 -0.273797 -0.235627 0.000000 0.000000 0.601323 0.393459 0.000000 0.000000 -0.140298 -0.069189 0.000000 0.000000 -0.257164 -0.270801 0.000000 0.000000
5.360000 -0.550592 -0.603829 2.840000 2.840000 0.205068 0.200020 6.130000 6.130000 -0.177423 -0.238700 -2.920000 -2.920000 0.877880 0.921544 -5.390000 -5.390000 -0.317470 -0.414404 -7.860000 -7.860000 -0.198776 -0.250060 0.040000 0.040000 -0.570888 -0.606713 2.860000 2.860000 -0.130900 -0.091271 -2.220000 -2.220000 -0.103466 -0.124162 -3.210000 -3.210000 0.798444 0.948733 -4.450000 -4.450000 -0.043483 -0.350170 -13.670000 -13.670000 0.162036 0.058157 1.070000 1.070000 0.028605 0.006021 3.800000 3.800000 -0.065185 -0.064218 2.870000 2.870000 -0.705099 -0.336634 0.000000 0.000000 0.214685 0.208566 0.000000 0.000000 -0.541271 -0.380369 0.000000 0.000000 -0.293603 -0.224184 0.000000 0.000000 0.152755 0.151615 0.000000 0.000000 -0.539623 -0.201839 0.000000 0.000000 -0.268569 -0.238805 0.000000 0.000000 0.629241 0.452194 0.000000 0.000000 -0.118179 -0.070077 0.000000 0.000000 -0.253744 -0.261528 0.000000 0.000000
5.380000 -0.566949 -0.575895 -0.110000 -0.110000 0.242020 0.191709 4.690000 4.690000 -0.174847 -0.206093 2.120000 2.120000 0.825084 0.942628 -6.970000 -6.970000 -0.443900 -0.407340 -4.440000 -4.440000 -0.159122 -0.228073 0.000000 0.000000 -0.602139 -0.601543 0.020000 0.020000 -0.134018 -0.112474 -1.210000 -1.210000 -0.086470 -0.097849 -2.420000 -2.420000 0.757725 0.927780 -8.370000 -8.370000 -0.156268 -0.327392 -13.639999 -13.639999 0.182278 0.071345 1.340000 1.340000 0.002398 -0.005051 1.640000 1.640000 -0.071953 -0.057590 -0.310000 -0.310000 -0.739674 -0.375168 0.000000 0.000000 0.208581 0.213375 0.000000 0.000000 -0.555953 -0.419568 0.000000 0.000000 -0.282218 -0.227151 0.000000 0.000000 0.152709 0.151840 0.000000 0.000000 -0.583177 -0.246876 0.000000 0.000000 -0.288656 -0.239341 0.000000 0.000000 0.638909 0.500882 0.000000 0.000000 -0.093664 -0.074281 0.000000 0.000000 -0.258127 -0.261797 0.000000 0.000000
5.400000 -0.593041 -0.551520 -2.390000 -2.390000 0.236789 0.206823 1.400000 1.400000 -0.168390 -0.170089 3.370000 3.370000 0.826448 0.928567 -7.330000 -7.330000 -0.511188 -0.404571 -5.450000 -5.450000 -0.148032 -0.208771 0.230000 0.230000 -0.587705 -0.597984 0.650000 0.650000 -0.150205 -0.113756 -1.460000 -1.460000 -0.060492 -0.088500 -6.480000 -6.480000 0.722032 0.902214 -10.740000 -10.740000 -0.269309 -0.312554 -11.380000 -11.380000 0.187070 0.075851 1.930000 1.930000 -0.008249 0.000363 -0.910000 -0.910000 -0.058986 -0.055642 -2.780000 -2.780000 -0.714227 -0.425728 0.000000 0.000000 0.205113 0.214143 0.000000 0.000000 -0.546439 -0.447579 0.000000 0.000000 -0.287144 -0.226994 0.000000 0.000000 0.157617 0.151256 0.000000 0.000000 -0.571142 -0.296577 0.000000 0.000000 -0.302390 -0.247397 0.000000 0.000000 0.626953 0.537206 0.000000 0.000000 -0.115577 -0.076125 0.000000 0.000000 -0.253577 -0.261146 0.000000 0.000000
5.420000 -0.608392 -0.554481 -4.880000 -4.880000 0.203223 0.217415 -2.560000 -2.560000 -0.145962 -0.139841 0.940000 0.940000 0.821883 0.921814 -10.280000 -10.280000 -0.579996 -0.409635 -4.360000 -4.360000 -0.140224 -0.197053 0.400000 0.400000 -0.562317 -0.590100 1.590000 1.590000 -0.157397 -0.112934 -2.270000 -2.270000 -0.058478 -0.079690 -6.150000 -6.150000 0.656620 0.884112 -16.660000 -16.660000 -0.392256 -0.307075 -12.639999 -12.639999 0.214267 0.088442 1.350000 1.350000 -0.021253 0.014224 -4.140000 -4.140000 -0.058090 -0.053704 -3.380000 -3.380000 -0.732311 -0.467330 0.000000 0.000000 0.214682 0.215249 0.000000 0.000000 -0.535863 -0.470573 0.000000 0.000000 -0.270531 -0.226983 0.000000 0.000000 0.171281 0.152166 0.000000 0.000000 -0.508958 -0.349715 0.000000 0.000000 -0.327432 -0.255104 0.000000 0.000000 0.619651 0.558534 0.000000 0.000000 -0.142659 -0.078429 0.000000 0.000000 -0.249222 -0.260302 0.000000 0.000000
5.440000 -0.609084 -0.550630 -4.470000 -4.470000 0.187551 0.204748 -2.150000 -2.150000 -0.131965 -0.120478 0.470000 0.470000 0.786597 0.924518 -10.920000 -10.920000 -0.557927 -0.414274 -6.020000 -6.020000 -0.153430 -0.188541 0.240000 0.240000 -0.527543 -0.581341 4.800000 4.800000 -0.177500 -0.123535 -3.650000 -3.650000 -0.064998 -0.073728 -6.460000 -6.460000 0.677767 0.856596 -16.059999 -16.059999 -0.402337 -0.295337 -8.139999 -8.139999 0.237971 0.102887 1.980000 1.980000 -0.002690 0.019735 -4.100000 -4.100000 -0.053365 -0.062172 -1.380000 -1.380000 -0.716758 -0.512490 0.000000 0.000000 0.229325 0.213130 0.000000 0.000000 -0.526956 -0.484776 0.000000 0.000000 -0.257383 -0.226185 0.000000 0.000000 0.168674 0.152200 0.000000 0.000000 -0.426283 -0.378185 0.000000 0.000000 -0.341790 -0.269133 0.000000 0.000000 0.575504 0.569955 0.000000 0.000000 -0.159811 -0.083769 0.000000 0.000000 -0.241583 -0.257886 0.000000 0.000000
5.460000 -0.564193 -0.552272 -0.960000 -0.960000 0.194416 0.188449 -0.230000 -0.230000 -0.133103 -0.118393 2.110000 2.110000 0.870254 0.920225 -5.460000 -5.460000 -0.504086 -0.414274 -2.220000 -2.220000 -0.132904 -0.179806 0.190000 0.190000 -0.541099 -0.582384 3.500000 3.500000 -0.198247 -0.139619 -4.710000 -4.710000 -0.079000 -0.078574 -5.100000 -5.100000 0.666405 0.844345 -14.020000 -14.020000 -0.404930 -0.278452 -8.139999 -8.139999 0.245748 0.111985 1.610000 1.610000 -0.022150 0.018286 -4.980000 -4.980000 -0.057946 -0.067242 -2.420000 -2.420000 -0.662974 -0.555932 0.000000 0.000000 0.246667 0.208846 0.000000 0.000000 -0.528990 -0.495254 0.000000 0.000000 -0.244999 -0.223532 0.000000 0.000000 0.173081 0.153684 0.000000 0.000000 -0.312755 -0.392543 0.000000 0.000000 -0.345172 -0.282068 0.000000 0.000000 0.533017 0.567708 0.000000 0.000000 -0.160319 -0.092379 0.000000 0.000000 -0.231577 -0.247387 0.000000 0.000000
5.480000 -0.550530 -0.553238 0.210000 0.210000 0.191643 0.173482 1.670000 1.670000 -0.125657 -0.120106 4.750000 4.750000 0.871203 0.923674 -3.950000 -3.950000 -0.436171 -0.407565 -2.240000 -2.240000 -0.106347 -0.164402 0.260000 0.260000 -0.548199 -0.582384 2.700000 2.700000 -0.201078 -0.165677 -3.130000 -3.130000 -0.091364 -0.084271 -2.850000 -2.850000 0.767385 0.827768 -3.830000 -3.830000 -0.158063 -0.258822 -5.330000 -5.330000 0.236960 0.125652 1.560000 1.560000 0.007420 0.009143 -1.240000 -1.240000 -0.069324 -0.073449 -0.060000 -0.060000 -0.661286 -0.587103 0.000000 0.000000 0.270515 0.213014 0.000000 0.000000 -0.534436 -0.503474 0.000000 0.000000 -0.224981 -0.220980 0.000000 0.000000 0.176254 0.154482 0.000000 0.000000 -0.265227 -0.389721 0.000000 0.000000 -0.339646 -0.295992 0.000000 0.000000 0.487836 0.554599 0.000000 0.000000 -0.155828 -0.096145 0.000000 0.000000 -0.215532 -0.244138 0.000000 0.000000
5.500000 -0.543869 -0.554158 1.260000 1.260000 0.207526 0.162283 1.990000 1.990000 -0.140910 -0.116288 6.390000 6.390000 0.835308 0.921331 -7.320000 -7.320000 -0.455970 -0.402453 -4.650000 -4.650000 -0.068231 -0.149254 0.670000 0.670000 -0.529406 -0.582384 4.240000 4.240000 -0.227662 -0.181741 -1.890000 -1.890000 -0.076606 -0.094834 -5.180000 -5.180000 0.845656 0.825514 3.750000 3.750000 -0.011044 -0.234151 -1.970000 -1.970000 0.219693 0.136827 0.980000 0.980000 0.000427 0.011424 -0.740000 -0.740000 -0.075777 -0.076376 -0.880000 -0.880000 -0.636790 -0.606860 0.000000 0.000000 0.267924 0.218695 0.000000 0.000000 -0.540417 -0.508107 0.000000 0.000000 -0.213660 -0.220542 0.000000 0.000000 0.173413 0.154628 0.000000 0.000000 -0.234919 -0.376099 0.000000 0.000000 -0.362177 -0.309113 0.000000 0.000000 0.452229 0.540361 0.000000 0.000000 -0.170997 -0.101676 0.000000 0.000000 -0.201398 -0.234403 0.000000 0.000000
5.520000 -0.529622 -0.559435 2.320000 2.320000 0.204227 0.160257 1.320000 1.320000 -0.151439 -0.116063 8.920000 8.920000 0.793210 0.923699 -10.700000 -10.700000 -0.504886 -0.397968 -6.540000 -6.540000 -0.034440 -0.138197 1.240000 1.240000 -0.575894 -0.584347 1.130000 1.130000 -0.233892 -0.201025 -0.220000 -0.220000 -0.064840 -0.095910 -5.920000 -5.920000 0.887011 0.832783 8.980000 8.980000 0.201905 -0.209314 -2.910000 -2.910000 0.215511 0.145104 0.890000 0.890000 -0.004679 0.007146 0.050000 0.050000 -0.087018 -0.073468 -1.790000 -1.790000 -0.615746 -0.619746 0.000000 0.000000 0.298458 0.230477 0.000000 0.000000 -0.545908 -0.514231 0.000000 0.000000 -0.196241 -0.218102 0.000000 0.000000 0.177240 0.154414 0.000000 0.000000 -0.214247 -0.356955 0.000000 0.000000 -0.428776 -0.324667 0.000000 0.000000 0.395109 0.518194 0.000000 0.000000 -0.192346 -0.108892 0.000000 0.000000 -0.191568 -0.229772 0.000000 0.000000
5.540000 -0.548814 -0.559711 0.730000 0.730000 0.185088 0.148442 1.550000 1.550000 -0.134662 -0.110473 9.450000 9.450000 0.774442 0.931680 -12.980000 -12.980000 -0.549483 -0.400974 -9.700000 -9.700000 -0.038299 -0.127949 1.210000 1.210000 -0.602274 -0.595192 0.080000 0.080000 -0.250569 -0.211568 -0.470000 -0.470000 -0.045467 -0.086914 -7.010000 -7.010000 0.936051 0.851589 11.240000 11.240000 0.325726 -0.182679 -3.810000 -3.810000 0.205475 0.152870 0.510000 0.510000 -0.004539 0.000754 1.500000 1.500000 -0.100137 -0.078725 -2.040000 -2.040000 -0.523792 -0.623182 0.000000 0.000000 0.306723 0.246147 0.000000 0.000000 -0.563211 -0.524290 0.000000 0.000000 -0.173214 -0.214865 0.000000 0.000000 0.188046 0.155134 0.000000 0.000000 -0.132187 -0.333270 0.000000 0.000000 -0.506169 -0.341106 0.000000 0.000000 0.365035 0.489810 0.000000 0.000000 -0.169490 -0.117705 0.000000 0.000000 -0.190593 -0.219138 0.000000 0.000000
5.560000 -0.575322 -0.559098 -1.230000 -1.230000 0.185387 0.134443 2.640000 2.640000 -0.132421 -0.103915 8.349999 8.349999 0.731085 0.943849 -17.420000 -17.420000 -0.604733 -0.412676 -10.960000 -10.960000 -0.042622 -0.119310 0.780000 0.780000 -0.662495 -0.614275 -2.370000 -2.370000 -0.276099 -0.221181 -3.350000 -3.350000 -0.047312 -0.069411 -5.610000 -5.610000 0.986691 0.888283 9.730000 9.730000 0.363339 -0.154612 -2.390000 -2.390000 0.200946 0.160923 0.270000 0.270000 0.009101 -0.004806 2.850000 2.850000 -0.099797 -0.085166 -0.290000 -0.290000 -0.440857 -0.613978 0.000000 0.000000 0.321415 0.258931 0.000000 0.000000 -0.561379 -0.534186 0.000000 0.000000 -0.147469 -0.210874 0.000000 0.000000 0.199041 0.158293 0.000000 0.000000 -0.079613 -0.297559 0.000000 0.000000 -0.594432 -0.367906 0.000000 0.000000 0.330055 0.464290 0.000000 0.000000 -0.154861 -0.118267 0.000000 0.000000 -0.191959 -0.219408 0.000000 0.000000
5.580000 -0.593389 -0.565326 -2.030000 -2.030000 0.161226 0.124830 2.280000 2.280000 -0.117050 -0.101096 8.030000 8.030000 0.714215 0.949315 -18.619999 -18.619999 -0.643990 -0.419859 -13.270000 -13.270000 -0.058355 -0.108146 0.240000 0.240000 -0.712349 -0.654281 -2.540000 -2.540000 -0.269059 -0.239741 -2.020000 -2.020000 -0.048669 -0.054278 -3.130000 -3.130000 1.039416 0.944152 10.260000 10.260000 0.391932 -0.109742 -1.420000 -1.420000 0.223472 0.173877 0.090000 0.090000 0.009069 -0.007175 2.950000 2.950000 -0.099835 -0.088142 1.180000 1.180000 -0.334436 -0.592257 0.000000 0.000000 0.345691 0.273775 0.000000 0.000000 -0.539595 -0.540950 0.000000 0.000000 -0.108465 -0.194631 0.000000 0.000000 0.210261 0.174536 0.000000 0.000000 -0.005763 -0.251908 0.000000 0.000000 -0.693468 -0.414976 0.000000 0.000000 0.284254 0.429818 0.000000 0.000000 -0.132715 -0.117683 0.000000 0.000000 -0.201490 -0.219925 0.000000 0.000000
5.600000 -0.600680 -0.569560 -2.370000 -2.370000 0.162382 0.109266 4.370000 4.370000 -0.103069 -0.089916 7.920000 7.920000 0.712113 0.957648 -21.340000 -21.340000 -0.734823 -0.431845 -11.380000 -11.380000 -0.061152 -0.100316 0.360000 0.360000 -0.739497 -0.702372 -0.820000 -0.820000 -0.289762 -0.255208 -3.240000 -3.240000 -0.056931 -0.049207 -1.370000 -1.370000 1.078570 1.005356 7.760000 7.760000 0.369331 -0.048437 -0.980000 -0.980000 0.248315 0.189270 0.100000 0.100000 0.005744 -0.012941 2.560000 2.560000 -0.095399 -0.093360 2.160000 2.160000 -0.230315 -0.553478 0.000000 0.000000 0.370624 0.285917 0.000000 0.000000 -0.519214 -0.539798 0.000000 0.000000 -0.090059 -0.178444 0.000000 0.000000 0.227284 0.190678 0.000000 0.000000 0.075809 -0.201593 0.000000 0.000000 -0.743528 -0.471289 0.000000 0.000000 0.259020 0.393995 0.000000 0.000000 -0.116512 -0.116221 0.000000 0.000000 -0.201792 -0.220307 0.000000 0.000000
5.620000 -0.604875 -0.571799 -2.740000 -2.740000 0.146757 0.098488 4.880000 4.880000 -0.077321 -0.081488 6.670000 6.670000 0.732875 0.970653 -20.289999 -20.289999 -0.736094 -0.450269 -10.800000 -10.800000 -0.069136 -0.091943 -0.060000 -0.060000 -0.769468 -0.745829 -1.040000 -1.040000 -0.314008 -0.280463 -3.410000 -3.410000 -0.068125 -0.047269 -0.090000 -0.090000 1.119969 1.068731 3.550000 3.550000 0.380009 0.031433 0.170000 0.170000 0.258448 0.205685 0.140000 0.140000 0.026403 -0.016132 3.560000 3.560000 -0.090443 -0.094985 4.360000 4.360000 -0.114414 -0.498745 0.000000 0.000000 0.426913 0.302927 0.000000 0.000000 -0.482908 -0.533685 0.000000 0.000000 -0.088325 -0.162235 0.000000 0.000000 0.241888 0.206347 0.000000 0.000000 0.176400 -0.143547 0.000000 0.000000 -0.761812 -0.529908 0.000000 0.000000 0.229744 0.358940 0.000000 0.000000 -0.101150 -0.112118 0.000000 0.000000 -0.196358 -0.219284 0.000000 0.000000
5.640000 -0.611483 -0.573425 -3.380000 -3.380000 0.147272 0.094563 4.700000 4.700000 -0.059860 -0.063506 6.070000 6.070000 0.744161 0.983608 -21.400000 -21.400000 -0.747066 -0.465805 -12.040000 -12.040000 -0.067015 -0.090164 0.310000 0.310000 -0.796355 -0.801498 2.860000 2.860000 -0.341674 -0.312248 -3.290000 -3.290000 -0.079186 -0.055658 -0.140000 -0.140000 1.131942 1.124149 -1.370000 -1.370000 0.347881 0.115172 -0.890000 -0.890000 0.255231 0.219694 -0.000000 -0.000000 0.021412 -0.013019 2.640000 2.640000 -0.083843 -0.096375 4.610000 4.610000 -0.016202 -0.430759 0.000000 0.000000 0.450894 0.325454 0.000000 0.000000 -0.464221 -0.520728 0.000000 0.000000 -0.088828 -0.149780 0.000000 0.000000 0.253897 0.220758 0.000000 0.000000 0.264280 -0.076298 0.000000 0.000000 -0.750360 -0.584789 0.000000 0.000000 0.225412 0.325154 0.000000 0.000000 -0.075844 -0.109926 0.000000 0.000000 -0.191844 -0.217452 0.000000 0.000000
5.660000 -0.629751 -0.573594 -4.840000 -4.840000 0.144121 0.096893 3.840000 3.840000 -0.036167 -0.043771 5.320000 5.320000 0.757648 0.998972 -23.379999 -23.379999 -0.751548 -0.469012 -12.320000 -12.320000 -0.047997 -0.083943 0.280000 0.280000 -0.819480 -0.834141 3.230000 3.230000 -0.375344 -0.340412 -2.410000 -2.410000 -0.090894 -0.070939 -0.460000 -0.460000 1.127014 1.163826 -3.140000 -3.140000 0.302578 0.181672 -1.630000 -1.630000 0.232968 0.227630 -0.180000 -0.180000 0.032400 -0.010386 1.570000 1.570000 -0.067042 -0.094015 5.650000 5.650000 0.115052 -0.350011 0.000000 0.000000 0.467192 0.351137 0.000000 0.000000 -0.438958 -0.504405 0.000000 0.000000 -0.098804 -0.138696 0.000000 0.000000 0.264648 0.231550 0.000000 0.000000 0.343446 -0.002298 0.000000 0.000000 -0.721901 -0.623197 0.000000 0.000000 0.201840 0.296735 0.000000 0.000000 -0.047860 -0.100585 0.000000 0.000000 -0.186377 -0.210247 0.000000 0.000000
5.680000 -0.643700 -0.574238 -5.310000 -5.310000 0.156970 0.104234 3.690000 3.690000 -0.020146 -0.019318 6.030000 6.030000 0.758276 1.014763 -21.090000 -21.090000 -0.765681 -0.467651 -11.940000 -11.940000 -0.022840 -0.077136 0.610000 0.610000 -0.828139 -0.859712 2.830000 2.830000 -0.398011 -0.372598 -2.010000 -2.010000 -0.114437 -0.093101 -0.560000 -0.560000 1.093750 1.180756 -6.730000 -6.730000 0.215630 0.224908 -4.400000 -4.400000 0.219956 0.226522 0.070000 0.070000 0.022582 -0.003367 -0.310000 -0.310000 -0.050979 -0.087232 5.500000 5.500000 0.268676 -0.253677 0.000000 0.000000 0.455192 0.375341 0.000000 0.000000 -0.409509 -0.487675 0.000000 0.000000 -0.097926 -0.129962 0.000000 0.000000 0.283674 0.240284 0.000000 0.000000 0.404490 0.074523 0.000000 0.000000 -0.693481 -0.650184 0.000000 0.000000 0.163285 0.265720 0.000000 0.000000 -0.001591 -0.084646 0.000000 0.000000 -0.183694 -0.198084 0.000000 0.000000
5.700000 -0.647699 -0.576171 -5.770000 -5.770000 0.182680 0.118419 3.960000 3.960000 -0.007530 0.002737 7.920000 7.920000 0.731406 1.023293 -25.590000 -25.590000 -0.819003 -0.476300 -13.599999 -13.599999 -0.014480 -0.070393 0.660000 0.660000 -0.804536 -0.866784 4.700000 4.700000 -0.402863 -0.400702 -0.880000 -0.880000 -0.157175 -0.124729 2.020000 2.020000 1.066776 1.180387 -8.690000 -8.690000 0.084130 0.232209 -5.430000 -5.430000 0.215032 0.225020 -0.150000 -0.150000 0.010272 0.002056 -2.630000 -2.630000 -0.037008 -0.072117 3.430000 3.430000 0.450515 -0.142003 0.000000 0.000000 0.461083 0.393678 0.000000 0.000000 -0.375263 -0.467266 0.000000 0.000000 -0.080313 -0.117642 0.000000 0.000000 0.316553 0.254425 0.000000 0.000000 0.443150 0.152204 0.000000 0.000000 -0.672356 -0.660930 0.000000 0.000000 0.120089 0.236440 0.000000 0.000000 0.030050 -0.063220 0.000000 0.000000 -0.184639 -0.185517 0.000000 0.000000
5.720000 -0.657263 -0.575557 -6.800000 -6.800000 0.196746 0.136225 2.710000 2.710000 0.008231 0.022951 8.250000 8.250000 0.716124 1.031979 -26.750000 -26.750000 -0.819115 -0.488843 -15.490000 -15.490000 -0.020182 -0.068188 0.880000 0.880000 -0.782760 -0.857672 4.810000 4.810000 -0.423636 -0.420329 -0.590000 -0.590000 -0.190713 -0.165364 0.800000 0.800000 1.028942 1.162540 -10.150000 -10.150000 -0.004260 0.203243 -6.330000 -6.330000 0.214128 0.224881 -0.110000 -0.110000 0.010621 0.011669 -2.810000 -2.810000 -0.024802 -0.053322 1.230000 1.230000 0.597605 -0.020266 0.000000 0.000000 0.434999 0.404610 0.000000 0.000000 -0.332222 -0.443970 0.000000 0.000000 -0.089564 -0.102118 0.000000 0.000000 0.343368 0.271792 0.000000 0.000000 0.470937 0.227799 0.000000 0.000000 -0.626733 -0.656738 0.000000 0.000000 0.071515 0.207172 0.000000 0.000000 0.057247 -0.038176 0.000000 0.000000 -0.191713 -0.185517 0.000000 0.000000
5.740000 -0.644110 -0.576202 -5.430000 -5.430000 0.204906 0.149930 2.430000 2.430000 0.023241 0.040787 7.940000 7.940000 0.684912 1.038076 -29.869999 -29.869999 -0.855733 -0.497647 -17.240000 -17.240000 -0.045969 -0.068891 0.380000 0.380000 -0.754248 -0.836089 6.610000 6.610000 -0.434822 -0.431508 -1.240000 -1.240000 -0.240284 -0.206752 0.150000 0.150000 0.986809 1.131590 -9.000000 -9.000000 -0.116649 0.149014 -7.530000 -7.530000 0.221987 0.223710 0.180000 0.180000 0.018335 0.025286 -1.750000 -1.750000 -0.018531 -0.036847 0.060000 0.060000 0.734974 0.105398 0.000000 0.000000 0.408141 0.408650 0.000000 0.000000 -0.278716 -0.413596 0.000000 0.000000 -0.087714 -0.089124 0.000000 0.000000 0.360111 0.286383 0.000000 0.000000 0.509615 0.297503 0.000000 0.000000 -0.576415 -0.635340 0.000000 0.000000 0.013856 0.176087 0.000000 0.000000 0.072414 -0.014480 0.000000 0.000000 -0.194091 -0.188394 0.000000 0.000000
5.760000 -0.654274 -0.576202 -6.310000 -6.310000 0.181857 0.154139 1.950000 1.950000 0.049731 0.057017 5.200000 5.200000 0.609994 1.033716 -30.750000 -30.750000 -0.890984 -0.501315 -21.449999 -21.449999 -0.081439 -0.071841 0.170000 0.170000 -0.735037 -0.801298 2.850000 2.850000 -0.430754 -0.432164 -0.100000 -0.100000 -0.281484 -0.259133 0.210000 0.210000 0.917275 1.088078 -7.760000 -7.760000 -0.196636 0.062991 -8.820000 -8.820000 0.214118 0.222666 0.050000 0.050000 0.032839 0.033557 0.110000 0.110000 -0.019205 -0.017964 -0.570000 -0.570000 0.841440 0.247628 0.000000 0.000000 0.364914 0.402468 0.000000 0.000000 -0.232641 -0.376864 0.000000 0.000000 -0.102139 -0.078557 0.000000 0.000000 0.364244 0.299805 0.000000 0.000000 0.550188 0.360335 0.000000 0.000000 -0.492974 -0.602660 0.000000 0.000000 -0.044352 0.135304 0.000000 0.000000 0.068135 0.008182 0.000000 0.000000 -0.189208 -0.187472 0.000000 0.000000
5.780000 -0.648459 -0.576202 -5.910000 -5.910000 0.158227 0.145710 1.110000 1.110000 0.076983 0.073707 3.990000 3.990000 0.579418 1.020204 -33.959999 -33.959999 -0.885487 -0.511219 -21.910000 -21.910000 -0.111045 -0.076656 -0.490000 -0.490000 -0.715118 -0.757258 0.760000 0.760000 -0.433057 -0.431968 0.710000 0.710000 -0.316206 -0.302890 -0.630000 -0.630000 0.833326 1.024678 -5.840000 -5.840000 -0.253105 -0.025127 -10.210000 -10.210000 0.195301 0.217755 -0.000000 -0.000000 0.033056 0.031776 2.650000 2.650000 -0.026953 -0.008802 -0.650000 -0.650000 0.910824 0.378324 0.000000 0.000000 0.312389 0.388346 0.000000 0.000000 -0.184097 -0.341367 0.000000 0.000000 -0.137201 -0.075320 0.000000 0.000000 0.357800 0.303042 0.000000 0.000000 0.589170 0.407213 0.000000 0.000000 -0.411312 -0.561284 0.000000 0.000000 -0.118455 0.091785 0.000000 0.000000 0.082721 0.020716 0.000000 0.000000 -0.185959 -0.184943 0.000000 0.000000
5.800000 -0.670746 -0.576202 -7.840000 -7.840000 0.116100 0.130577 0.240000 0.240000 0.103293 0.095556 -0.030000 -0.030000 0.591783 1.006257 -34.770000 -34.770000 -0.848550 -0.514697 -21.629999 -21.629999 -0.140136 -0.077743 -1.000000 -1.000000 -0.701055 -0.717574 0.210000 0.210000 -0.449675 -0.434748 -0.010000 -0.010000 -0.347536 -0.339188 -1.920000 -1.920000 0.723406 0.936515 -4.950000 -4.950000 -0.343548 -0.125527 -11.020000 -11.020000 0.192496 0.203832 0.870000 0.870000 0.035531 0.017200 5.360000 5.360000 -0.033162 -0.009379 0.050000 0.050000 0.950675 0.514664 0.000000 0.000000 0.261443 0.365026 0.000000 0.000000 -0.107964 -0.300654 0.000000 0.000000 -0.188427 -0.078883 0.000000 0.000000 0.347168 0.303548 0.000000 0.000000 0.609790 0.445133 0.000000 0.000000 -0.329762 -0.508766 0.000000 0.000000 -0.196938 0.039267 0.000000 0.000000 0.110238 0.037521 0.000000 0.000000 -0.184209 -0.183583 0.000000 0.000000
5.820000 -0.667098 -0.577184 -6.940000 -6.940000 0.108681 0.104371 -0.090000 -0.090000 0.105379 0.116006 1.080000 1.080000 0.754292 0.994080 -19.660000 -19.660000 -0.699780 -0.501256 -10.410000 -10.410000 -0.131200 -0.076838 -1.260000 -1.260000 -0.672547 -0.697279 2.570000 2.570000 -0.492495 -0.442482 -3.920000 -3.920000 -0.384312 -0.369357 -3.910000 -3.910000 0.640571 0.852793 -19.430000 -19.430000 -0.410241 -0.216603 -11.759999 -11.759999 0.202840 0.140289 4.810000 4.810000 -0.002780 0.001978 -1.660000 -1.660000 -0.032970 -0.015360 -1.540000 -1.540000 0.934568 0.640819 0.000000 0.000000 0.238374 0.331997 0.000000 0.000000 -0.022227 -0.251000 0.000000 0.000000 -0.244131 -0.087427 0.000000 0.000000 0.332749 0.311326 0.000000 0.000000 0.619003 0.470781 0.000000 0.000000 -0.265248 -0.448540 0.000000 0.000000 -0.268616 -0.023915 0.000000 0.000000 0.166671 0.058080 0.000000 0.000000 -0.184808 -0.177322 0.000000 0.000000
5.840000 -0.605452 -0.573333 -2.650000 -2.650000 0.110914 0.097822 -1.140000 -1.140000 0.076173 0.109457 3.740000 3.740000 1.014115 0.990844 -1.350000 -1.350000 -0.584716 -0.489316 2.680000 2.680000 -0.090665 -0.075250 -0.230000 -0.230000 -0.678988 -0.698721 1.070000 1.070000 -0.505185 -0.464869 -5.120000 -5.120000 -0.449188 -0.400438 -0.680000 -0.680000 0.603928 0.853424 -20.650000 -20.650000 -0.510396 -0.195387 -8.440000 -8.440000 0.257250 0.122712 1.890000 1.890000 -0.080704 0.000108 -7.280000 -7.280000 -0.032437 -0.029192 -7.350000 -7.350000 0.986308 0.741939 0.000000 0.000000 0.227691 0.285056 0.000000 0.000000 0.039230 -0.197236 0.000000 0.000000 -0.260072 -0.114382 0.000000 0.000000 0.344290 0.316362 0.000000 0.000000 0.651232 0.492993 0.000000 0.000000 -0.244427 -0.388105 0.000000 0.000000 -0.328051 -0.094851 0.000000 0.000000 0.236446 0.099188 0.000000 0.000000 -0.188888 -0.183628 0.000000 0.000000
5.860000 -0.543859 -0.576723 4.880000 4.880000 0.085162 0.079233 -0.600000 -0.600000 0.060160 0.094039 6.270000 6.270000 1.096230 0.992835 5.170000 5.170000 -0.505198 -0.488618 4.990000 4.990000 -0.109841 -0.079362 -0.200000 -0.200000 -0.648381 -0.683580 1.450000 1.450000 -0.474041 -0.486268 -0.020000 -0.020000 -0.468212 -0.441982 2.400000 2.400000 0.697279 0.827711 -10.639999 -10.639999 -0.336334 -0.184974 -4.680000 -4.680000 0.288850 0.142824 1.570000 1.570000 -0.032019 -0.006245 -1.640000 -1.640000 -0.054288 -0.038404 -4.890000 -4.890000 0.997725 0.814465 0.000000 0.000000 0.248812 0.256614 0.000000 0.000000 0.050531 -0.142902 0.000000 0.000000 -0.293921 -0.145981 0.000000 0.000000 0.341281 0.322196 0.000000 0.000000 0.703589 0.512997 0.000000 0.000000 -0.183631 -0.331221 0.000000 0.000000 -0.394101 -0.153994 0.000000 0.000000 0.275059 0.131101 0.000000 0.000000 -0.213324 -0.192655 0.000000 0.000000
5.880000 -0.585353 -0.596926 1.340000 1.340000 0.111168 0.060898 3.370000 3.370000 0.065111 0.081304 4.370000 4.370000 1.010541 1.004405 0.800000 0.800000 -0.494783 -0.491079 1.150000 1.150000 -0.143982 -0.088918 -0.340000 -0.340000 -0.601524 -0.662841 5.330000 5.330000 -0.426195 -0.491456 5.870000 5.870000 -0.495492 -0.480629 4.420000 4.420000 0.784358 0.804717 -3.660000 -3.660000 -0.147890 -0.161191 -0.250000 -0.250000 0.264376 0.162489 0.800000 0.800000 -0.056481 0.000764 -5.340000 -5.340000 -0.047951 -0.042731 -7.630000 -7.630000 0.948039 0.879138 0.000000 0.000000 0.229881 0.245298 0.000000 0.000000 0.049207 -0.101130 0.000000 0.000000 -0.321227 -0.166900 0.000000 0.000000 0.338977 0.324658 0.000000 0.000000 0.682453 0.537908 0.000000 0.000000 -0.160741 -0.283046 0.000000 0.000000 -0.378293 -0.212461 0.000000 0.000000 0.245815 0.159732 0.000000 0.000000 -0.231962 -0.206132 0.000000 0.000000
5.900000 -0.614836 -0.606927 -0.370000 -0.370000 0.118926 0.080976 2.870000 2.870000 0.075604 0.063830 2.060000 2.060000 0.964474 1.010321 -1.930000 -1.930000 -0.430884 -0.491103 -3.030000 -3.030000 -0.156026 -0.104492 -0.020000 -0.020000 -0.593028 -0.655585 5.190000 5.190000 -0.400773 -0.474218 6.290000 6.290000 -0.513414 -0.511905 6.660000 6.660000 0.776619 0.796580 -0.600000 -0.600000 -0.048840 -0.122510 0.300000 0.300000 0.270009 0.178532 0.950000 0.950000 -0.056613 0.005805 -6.850000 -6.850000 -0.034095 -0.035183 -8.880000 -8.880000 0.898033 0.926262 0.000000 0.000000 0.237848 0.237672 0.000000 0.000000 0.033679 -0.067286 0.000000 0.000000 -0.322726 -0.192956 0.000000 0.000000 0.326642 0.322725 0.000000 0.000000 0.640551 0.558034 0.000000 0.000000 -0.164594 -0.245115 0.000000 0.000000 -0.374062 -0.254839 0.000000 0.000000 0.231134 0.176402 0.000000 0.000000 -0.231173 -0.220892 0.000000 0.000000
5.920000 -0.589329 -0.603721 0.320000 0.320000 0.130365 0.104861 1.000000 1.000000 0.070199 0.067374 1.400000 1.400000 0.983691 1.007298 -1.790000 -1.790000 -0.478011 -0.485767 -1.700000 -1.700000 -0.143890 -0.117499 0.030000 0.030000 -0.609905 -0.653499 3.750000 3.750000 -0.445125 -0.458555 -0.220000 -0.220000 -0.530623 -0.511436 3.640000 3.640000 0.729043 0.778897 -5.740000 -5.740000 -0.192619 -0.096691 -0.020000 -0.020000 0.314208 0.188204 2.040000 2.040000 -0.034709 0.016583 -5.570000 -5.570000 -0.023833 -0.026657 -4.880000 -4.880000 0.819966 0.956941 0.000000 0.000000 0.221819 0.236857 0.000000 0.000000 0.020418 -0.046842 0.000000 0.000000 -0.307439 -0.211335 0.000000 0.000000 0.323182 0.321882 0.000000 0.000000 0.620314 0.569079 0.000000 0.000000 -0.185120 -0.218455 0.000000 0.000000 -0.368928 -0.281709 0.000000 0.000000 0.268371 0.188262 0.000000 0.000000 -0.207108 -0.221960 0.000000 0.000000
5.940000 -0.572451 -0.590176 0.920000 0.920000 0.133414 0.135677 -1.080000 -1.080000 0.067178 0.070467 -0.850000 -0.850000 0.968253 0.997850 -0.640000 -0.640000 -0.447286 -0.480051 -1.370000 -1.370000 -0.110647 -0.122069 0.200000 0.200000 -0.662522 -0.659620 0.110000 0.110000 -0.454036 -0.449706 -2.000000 -2.000000 -0.533612 -0.513530 0.640000 0.640000 0.694012 0.776693 -8.120000 -8.120000 -0.177463 -0.082858 -5.480000 -5.480000 0.336523 0.188332 2.730000 2.730000 -0.021203 0.024943 -5.310000 -5.310000 -0.013189 -0.018728 -5.660000 -5.660000 0.760391 0.963323 0.000000 0.000000 0.220395 0.232386 0.000000 0.000000 0.011071 -0.034943 0.000000 0.000000 -0.269503 -0.216708 0.000000 0.000000 0.329221 0.320915 0.000000 0.000000 0.541606 0.577178 0.000000 0.000000 -0.176086 -0.197906 0.000000 0.000000 -0.362352 -0.299138 0.000000 0.000000 0.278568 0.208327 0.000000 0.000000 -0.191967 -0.212911 0.000000 0.000000
5.960000 -0.561785 -0.575972 3.400000 3.400000 0.136641 0.156312 -1.070000 -1.070000 0.077075 0.069312 -2.500000 -2.500000 0.929248 0.979945 -1.870000 -1.870000 -0.433122 -0.476135 -6.610000 -6.610000 -0.090185 -0.110798 -1.180000 -1.180000 -0.684565 -0.669437 -0.700000 -0.700000 -0.448885 -0.443657 -1.000000 -1.000000 -0.534225 -0.526197 -0.150000 -0.150000 0.730333 0.797883 -4.240000 -4.240000 -0.050775 -0.088798 -7.060000 -7.060000 0.343503 0.189557 2.490000 2.490000 -0.014067 0.026088 -4.710000 -4.710000 0.000325 -0.011181 -2.290000 -2.290000 0.702921 0.948597 0.000000 0.000000 0.245218 0.230011 0.000000 0.000000 0.018943 -0.026561 0.000000 0.000000 -0.230059 -0.215191 0.000000 0.000000 0.367005 0.322320 0.000000 0.000000 0.486135 0.574356 0.000000 0.000000 -0.151578 -0.186497 0.000000 0.000000 -0.339196 -0.310501 0.000000 0.000000 0.281292 0.224480 0.000000 0.000000 -0.205558 -0.204334 0.000000 0.000000
5.980000 -0.515575 -0.587906 4.930000 4.930000 0.167961 0.154550 0.580000 0.580000 0.066750 0.072151 1.390000 1.390000 0.857331 0.989278 -8.000000 -8.000000 -0.517139 -0.495339 -10.040000 -10.040000 -0.081644 -0.075644 -0.990000 -0.990000 -0.737014 -0.685805 -3.450000 -3.450000 -0.450501 -0.452261 1.120000 1.120000 -0.516729 -0.527636 1.060000 1.060000 0.781166 0.823343 -0.930000 -0.930000 0.043880 -0.088574 -5.350000 -5.350000 0.328325 0.195853 1.890000 1.890000 0.002223 0.005277 1.550000 1.550000 -0.008759 -0.001215 -0.730000 -0.730000 0.683699 0.916567 0.000000 0.000000 0.266043 0.229697 0.000000 0.000000 -0.020173 -0.024361 0.000000 0.000000 -0.182171 -0.203961 0.000000 0.000000 0.382069 0.330043 0.000000 0.000000 0.458104 0.563925 0.000000 0.000000 -0.268279 -0.180222 0.000000 0.000000 -0.293316 -0.313562 0.000000 0.000000 0.237955 0.232866 0.000000 0.000000 -0.201698 -0.193857 0.000000 0.000000
6.000000 -0.516863 -0.579116 5.270000 5.270000 0.207590 0.158622 3.750000 3.750000 0.074603 0.074324 5.450000 5.450000 0.800452 1.002250 -16.869999 -16.869999 -0.669896 -0.516437 -10.800000 -10.800000 -0.104362 -0.082451 -0.190000 -0.190000 -0.720890 -0.701451 -1.270000 -1.270000 -0.470651 -0.469020 1.320000 1.320000 -0.489189 -0.508293 0.220000 0.220000 0.880764 0.842215 3.590000 3.590000 0.116581 -0.080705 -2.270000 -2.270000 0.301252 0.209084 1.060000 1.060000 0.014940 -0.013068 5.440000 5.440000 -0.005012 0.008358 1.180000 1.180000 0.626241 0.879138 0.000000 0.000000 0.268969 0.230314 0.000000 0.000000 -0.028415 -0.025839 0.000000 0.000000 -0.134807 -0.190472 0.000000 0.000000 0.390361 0.341711 0.000000 0.000000 0.398397 0.547358 0.000000 0.000000 -0.347943 -0.189291 0.000000 0.000000 -0.239192 -0.302095 0.000000 0.000000 0.167056 0.226514 0.000000 0.000000 -0.197855 -0.194655 0.000000 0.000000
6.020000 -0.568322 -0.576002 0.670000 0.670000 0.210475 0.169175 2.790000 2.790000 0.097498 0.091807 5.340000 5.340000 0.746724 1.009387 -21.230000 -21.230000 -0.824292 -0.531074 -12.870000 -12.870000 -0.091434 -0.079117 -0.480000 -0.480000 -0.736687 -0.708814 -1.910000 -1.910000 -0.472446 -0.480375 1.040000 1.040000 -0.472478 -0.484917 0.080000 0.080000 0.921057 0.872665 5.600000 5.600000 0.201499 -0.065748 -1.100000 -1.100000 0.303302 0.216242 0.950000 0.950000 -0.014787 -0.027066 2.740000 2.740000 0.010625 0.016464 1.630000 1.630000 0.542423 0.831891 0.000000 0.000000 0.225885 0.227869 0.000000 0.000000 -0.008373 -0.027236 0.000000 0.000000 -0.114016 -0.172678 0.000000 0.000000 0.392949 0.355189 0.000000 0.000000 0.307246 0.519623 0.000000 0.000000 -0.365862 -0.216604 0.000000 0.000000 -0.148830 -0.279369 0.000000 0.000000 0.097547 0.215746 0.000000 0.000000 -0.202612 -0.196184 0.000000 0.000000
6.040000 -0.565029 -0.564099 -0.850000 -0.850000 0.221350 0.176428 2.490000 2.490000 0.098564 0.116583 6.020000 6.020000 0.744081 1.020761 -22.439999 -22.439999 -0.843337 -0.550953 -15.360000 -15.360000 -0.077373 -0.074739 -0.330000 -0.330000 -0.750668 -0.722881 -1.090000 -1.090000 -0.531237 -0.486846 -2.030000 -2.030000 -0.443572 -0.460239 -2.090000 -2.090000 1.002427 0.908687 9.270000 9.270000 0.340960 -0.037326 -0.320000 -0.320000 0.297496 0.230325 0.590000 0.590000 -0.020994 -0.042122 1.830000 1.830000 0.017057 0.018617 2.020000 2.020000 0.393545 0.773968 0.000000 0.000000 0.219195 0.227706 0.000000 0.000000 0.000413 -0.024628 0.000000 0.000000 -0.135252 -0.161021 0.000000 0.000000 0.412389 0.368666 0.000000 0.000000 0.177412 0.479249 0.000000 0.000000 -0.424561 -0.255209 0.000000 0.000000 -0.083736 -0.240973 0.000000 0.000000 0.013307 0.189150 0.000000 0.000000 -0.206048 -0.196611 0.000000 0.000000
6.060000 -0.570673 -0.546489 -2.680000 -2.680000 0.221486 0.181166 2.090000 2.090000 0.105665 0.124258 6.530000 6.530000 0.765104 1.035216 -20.740000 -20.740000 -0.741182 -0.570169 -14.969999 -14.969999 -0.075902 -0.071479 -0.220000 -0.220000 -0.801618 -0.745722 -3.760000 -3.760000 -0.558340 -0.516135 -3.580000 -3.580000 -0.437510 -0.435492 -2.000000 -2.000000 1.061498 0.952068 12.599999 12.599999 0.502616 -0.000740 -1.060000 -1.060000 0.279788 0.235758 0.690000 0.690000 -0.032249 -0.052899 2.830000 2.830000 0.013110 0.018333 2.800000 2.800000 0.250355 0.710277 0.000000 0.000000 0.226485 0.226495 0.000000 0.000000 -0.002049 -0.022975 0.000000 0.000000 -0.179500 -0.151837 0.000000 0.000000 0.420389 0.379919 0.000000 0.000000 0.088259 0.435438 0.000000 0.000000 -0.451852 -0.291882 0.000000 0.000000 -0.036558 -0.199853 0.000000 0.000000 -0.067816 0.154055 0.000000 0.000000 -0.209187 -0.200186 0.000000 0.000000
6.080000 -0.551029 -0.531839 -1.260000 -1.260000 0.219923 0.175900 2.480000 2.480000 0.108540 0.131404 7.910000 7.910000 0.794200 1.051490 -21.260000 -21.260000 -0.635968 -0.580913 -16.410000 -16.410000 -0.059604 -0.069871 0.000000 0.000000 -0.833123 -0.788290 -0.950000 -0.950000 -0.567325 -0.549691 -2.000000 -2.000000 -0.433383 -0.424333 -0.340000 -0.340000 1.105949 1.013042 9.070000 9.070000 0.619114 0.067877 -1.420000 -1.420000 0.287240 0.242767 0.470000 0.470000 -0.048865 -0.063951 2.200000 2.200000 0.002094 0.010375 1.000000 1.000000 0.086912 0.626460 0.000000 0.000000 0.208102 0.225343 0.000000 0.000000 -0.001770 -0.021404 0.000000 0.000000 -0.225173 -0.153860 0.000000 0.000000 0.425470 0.380885 0.000000 0.000000 -0.001979 0.387210 0.000000 0.000000 -0.468265 -0.330569 0.000000 0.000000 -0.017410 -0.155577 0.000000 0.000000 -0.147228 0.102392 0.000000 0.000000 -0.208123 -0.209021 0.000000 0.000000
6.100000 -0.545216 -0.521653 -2.450000 -2.450000 0.222736 0.167961 2.200000 2.200000 0.107147 0.137620 8.370000 8.370000 0.814520 1.074057 -19.510000 -19.510000 -0.562884 -0.575777 -17.949999 -17.949999 -0.061413 -0.065876 0.060000 0.060000 -0.858697 -0.825673 -1.280000 -1.280000 -0.600543 -0.578598 -1.620000 -1.620000 -0.432585 -0.417940 2.600000 2.600000 1.143793 1.073992 5.100000 5.100000 0.651554 0.151368 -0.960000 -0.960000 0.288212 0.248616 0.410000 0.410000 -0.038660 -0.069120 2.450000 2.450000 -0.000230 0.004834 2.310000 2.310000 -0.078539 0.535281 0.000000 0.000000 0.217922 0.223468 0.000000 0.000000 -0.019470 -0.019506 0.000000 0.000000 -0.271370 -0.157716 0.000000 0.000000 0.427149 0.382560 0.000000 0.000000 -0.125868 0.327937 0.000000 0.000000 -0.480914 -0.361421 0.000000 0.000000 0.007977 -0.119463 0.000000 0.000000 -0.221816 0.045052 0.000000 0.000000 -0.204652 -0.212585 0.000000 0.000000
6.120000 -0.524482 -0.511606 -1.660000 -1.660000 0.220757 0.175254 2.130000 2.130000 0.114207 0.136807 7.110000 7.110000 0.848545 1.096903 -13.910000 -13.910000 -0.488148 -0.576724 -21.820000 -21.820000 -0.067896 -0.063021 -0.270000 -0.270000 -0.894319 -0.863332 -0.710000 -0.710000 -0.614172 -0.622639 0.080000 0.080000 -0.439664 -0.415679 4.560000 4.560000 1.165181 1.133425 2.660000 2.660000 0.672961 0.250538 -1.470000 -1.470000 0.285326 0.253921 0.470000 0.470000 -0.033757 -0.061533 2.840000 2.840000 -0.005211 -0.002968 2.360000 2.360000 -0.265401 0.424220 0.000000 0.000000 0.247094 0.223596 0.000000 0.000000 -0.046991 -0.022475 0.000000 0.000000 -0.319350 -0.171733 0.000000 0.000000 0.421506 0.392868 0.000000 0.000000 -0.263384 0.258601 0.000000 0.000000 -0.482412 -0.386871 0.000000 0.000000 0.024509 -0.085794 0.000000 0.000000 -0.279961 -0.010624 0.000000 0.000000 -0.206762 -0.210370 0.000000 0.000000
6.140000 -0.529340 -0.502693 -2.030000 -2.030000 0.216953 0.180422 2.540000 2.540000 0.125561 0.136220 4.730000 4.730000 0.867075 1.114119 -14.179999 -14.179999 -0.449105 -0.588474 -22.340000 -22.340000 -0.078427 -0.061263 -0.260000 -0.260000 -0.903497 -0.897939 -0.270000 -0.270000 -0.617164 -0.649549 1.520000 1.520000 -0.446000 -0.422913 6.060000 6.060000 1.193832 1.176347 1.100000 1.100000 0.688048 0.341460 -0.790000 -0.790000 0.281569 0.256541 0.270000 0.270000 -0.033142 -0.054505 2.410000 2.410000 -0.004440 -0.003770 1.800000 1.800000 -0.435330 0.304815 0.000000 0.000000 0.268704 0.224668 0.000000 0.000000 -0.090446 -0.030671 0.000000 0.000000 -0.359073 -0.189213 0.000000 0.000000 0.417304 0.401895 0.000000 0.000000 -0.395565 0.181902 0.000000 0.000000 -0.481997 -0.403473 0.000000 0.000000 0.031887 -0.056618 0.000000 0.000000 -0.328336 -0.065896 0.000000 0.000000 -0.211421 -0.211438 0.000000 0.000000
6.160000 -0.537105 -0.493137 -3.960000 -3.960000 0.212780 0.186834 1.580000 1.580000 0.132089 0.137346 3.270000 3.270000 0.886649 1.128189 -13.259999 -13.259999 -0.408006 -0.598922 -20.209999 -20.209999 -0.063913 -0.062531 0.130000 0.130000 -0.912695 -0.918249 1.130000 1.130000 -0.635701 -0.664350 1.430000 1.430000 -0.447003 -0.424479 5.970000 5.970000 1.215100 1.214557 1.360000 1.360000 0.714907 0.441126 -1.130000 -1.130000 0.284844 0.257074 0.480000 0.480000 -0.007488 -0.043120 2.960000 2.960000 0.005944 -0.000080 2.260000 2.260000 -0.624207 0.168598 0.000000 0.000000 0.304270 0.232910 0.000000 0.000000 -0.135261 -0.043850 0.000000 0.000000 -0.382409 -0.213977 0.000000 0.000000 0.411458 0.405525 0.000000 0.000000 -0.544801 0.091213 0.000000 0.000000 -0.438671 -0.407979 0.000000 0.000000 0.036567 -0.031273 0.000000 0.000000 -0.349226 -0.117390 0.000000 0.000000 -0.217317 -0.217070 0.000000 0.000000
6.180000 -0.533911 -0.484823 -4.020000 -4.020000 0.217155 0.194430 0.600000 0.600000 0.126998 0.137992 2.000000 2.000000 0.913513 1.136818 -11.270000 -11.270000 -0.356347 -0.600520 -19.389999 -19.389999 -0.061001 -0.067953 0.450000 0.450000 -0.913003 -0.931457 1.920000 1.920000 -0.641617 -0.671007 1.330000 1.330000 -0.443912 -0.428434 4.260000 4.260000 1.238088 1.228390 1.250000 1.250000 0.704079 0.503886 -0.080000 -0.080000 0.272034 0.257084 0.270000 0.270000 -0.012760 -0.027399 1.050000 1.050000 0.010849 0.007771 1.710000 1.710000 -0.751134 0.027717 0.000000 0.000000 0.304146 0.245717 0.000000 0.000000 -0.187869 -0.067018 0.000000 0.000000 -0.385115 -0.233120 0.000000 0.000000 0.408986 0.405064 0.000000 0.000000 -0.649886 -0.013343 0.000000 0.000000 -0.412719 -0.404521 0.000000 0.000000 0.040960 -0.012611 0.000000 0.000000 -0.361752 -0.156869 0.000000 0.000000 -0.220749 -0.221117 0.000000 0.000000
6.200000 -0.541220 -0.478395 -5.100000 -5.100000 0.220945 0.206941 0.470000 0.470000 0.128060 0.135388 2.220000 2.220000 0.938751 1.143086 -8.679999 -8.679999 -0.337757 -0.599064 -17.170000 -17.170000 -0.055945 -0.070393 0.300000 0.300000 -0.915121 -0.941703 2.380000 2.380000 -0.640839 -0.668403 2.800000 2.800000 -0.430842 -0.430823 2.810000 2.810000 1.243213 1.236248 1.630000 1.630000 0.678643 0.557571 0.080000 0.080000 0.261633 0.255316 0.270000 0.270000 -0.017124 -0.019039 -0.040000 -0.040000 0.009370 0.009416 0.040000 0.040000 -0.841241 -0.131817 0.000000 0.000000 0.294622 0.259420 0.000000 0.000000 -0.222973 -0.096927 0.000000 0.000000 -0.371294 -0.251758 0.000000 0.000000 0.412184 0.407335 0.000000 0.000000 -0.735888 -0.126244 0.000000 0.000000 -0.375333 -0.389945 0.000000 0.000000 0.062606 0.004061 0.000000 0.000000 -0.354130 -0.193289 0.000000 0.000000 -0.221929 -0.222915 0.000000 0.000000
6.220000 -0.534738 -0.479607 -4.310000 -4.310000 0.228028 0.212051 0.250000 0.250000 0.124175 0.135721 2.480000 2.480000 0.972703 1.143054 -6.150000 -6.150000 -0.309239 -0.597337 -16.440001 -16.440001 -0.044810 -0.073248 0.690000 0.690000 -0.916324 -0.949757 3.140000 3.140000 -0.635234 -0.666592 3.240000 3.240000 -0.419978 -0.430049 2.400000 2.400000 1.245870 1.235961 0.920000 0.920000 0.647642 0.582621 0.020000 0.020000 0.249144 0.252972 0.090000 0.090000 -0.023487 -0.012559 -1.540000 -1.540000 0.013015 0.008965 -0.600000 -0.600000 -0.906704 -0.271716 0.000000 0.000000 0.285577 0.269025 0.000000 0.000000 -0.255439 -0.125415 0.000000 0.000000 -0.349946 -0.262852 0.000000 0.000000 0.415608 0.405301 0.000000 0.000000 -0.806500 -0.231414 0.000000 0.000000 -0.344323 -0.374205 0.000000 0.000000 0.090222 0.018544 0.000000 0.000000 -0.336753 -0.217007 0.000000 0.000000 -0.222990 -0.222915 0.000000 0.000000
6.240000 -0.500051 -0.483703 -1.340000 -1.340000 0.219869 0.216671 -1.200000 -1.200000 0.115040 0.133606 2.240000 2.240000 1.007577 1.144815 -2.170000 -2.170000 -0.163439 -0.594651 -17.190001 -17.190001 -0.047670 -0.075655 0.820000 0.820000 -0.930300 -0.961277 3.320000 3.320000 -0.627684 -0.660474 3.490000 3.490000 -0.411141 -0.420074 2.730000 2.730000 1.246588 1.239435 0.840000 0.840000 0.581076 0.586975 -0.300000 -0.300000 0.233374 0.250352 -0.110000 -0.110000 -0.020634 -0.011022 -1.000000 -1.000000 0.008003 0.008427 -0.790000 -0.790000 -0.993020 -0.428060 0.000000 0.000000 0.275829 0.275858 0.000000 0.000000 -0.298982 -0.156908 0.000000 0.000000 -0.328686 -0.265348 0.000000 0.000000 0.411367 0.403727 0.000000 0.000000 -0.880657 -0.345419 0.000000 0.000000 -0.305709 -0.352992 0.000000 0.000000 0.129056 0.040734 0.000000 0.000000 -0.316433 -0.229002 0.000000 0.000000 -0.223652 -0.223736 0.000000 0.000000
6.260000 -0.472010 -0.485007 0.870000 0.870000 0.212511 0.216113 -1.940000 -1.940000 0.109916 0.131169 1.950000 1.950000 1.035448 1.150150 2.100000 2.100000 0.009234 -0.586403 -18.520000 -18.520000 -0.058555 -0.082526 0.760000 0.760000 -0.942489 -0.971693 2.760000 2.760000 -0.613940 -0.652241 2.920000 2.920000 -0.405741 -0.409336 3.410000 3.410000 1.240042 1.245802 -0.570000 -0.570000 0.495317 0.574586 -0.500000 -0.500000 0.220315 0.247241 -0.240000 -0.240000 -0.024551 -0.012412 -0.480000 -0.480000 -0.000812 0.006900 -1.550000 -1.550000 -1.088862 -0.563786 0.000000 0.000000 0.261149 0.278187 0.000000 0.000000 -0.347376 -0.187736 0.000000 0.000000 -0.310107 -0.264156 0.000000 0.000000 0.398469 0.403682 0.000000 0.000000 -0.945407 -0.448012 0.000000 0.000000 -0.282900 -0.332374 0.000000 0.000000 0.186078 0.062773 0.000000 0.000000 -0.286074 -0.231407 0.000000 0.000000 -0.220416 -0.227378 0.000000 0.000000
6.280000 -0.460582 -0.486341 2.560000 2.560000 0.207570 0.211444 -2.560000 -2.560000 0.105379 0.125149 1.280000 1.280000 1.037537 1.156345 4.690000 4.690000 0.109519 -0.577458 -20.199999 -20.199999 -0.066251 -0.088918 0.920000 0.920000 -0.950252 -0.979301 2.730000 2.730000 -0.592364 -0.638282 2.580000 2.580000 -0.404845 -0.397609 5.180000 5.180000 1.235995 1.255595 -1.400000 -1.400000 0.416532 0.546129 -1.320000 -1.320000 0.214987 0.239358 -0.030000 -0.030000 -0.022694 -0.015652 0.370000 0.370000 -0.009857 0.003523 -1.980000 -1.980000 -1.164456 -0.700372 0.000000 0.000000 0.255860 0.275300 0.000000 0.000000 -0.392004 -0.227250 0.000000 0.000000 -0.295891 -0.262380 0.000000 0.000000 0.382192 0.401659 0.000000 0.000000 -0.984303 -0.554654 0.000000 0.000000 -0.273331 -0.310731 0.000000 0.000000 0.239945 0.096663 0.000000 0.000000 -0.265716 -0.232756 0.000000 0.000000 -0.218085 -0.231245 0.000000 0.000000
6.300000 -0.449300 -0.490207 2.990000 2.990000 0.203828 0.212853 -2.660000 -2.660000 0.098062 0.120000 1.020000 1.020000 1.030048 1.156648 5.580000 5.580000 0.185541 -0.577020 -22.580000 -22.580000 -0.070582 -0.096375 0.580000 0.580000 -0.948823 -0.982538 2.560000 2.560000 -0.573649 -0.624401 2.140000 2.140000 -0.408958 -0.389542 6.070000 6.070000 1.224306 1.265616 -3.030000 -3.030000 0.351408 0.505342 -3.080000 -3.080000 0.208181 0.232413 -0.000000 -0.000000 -0.022508 -0.018491 0.890000 0.890000 -0.014308 -0.000217 -1.570000 -1.570000 -1.225992 -0.818918 0.000000 0.000000 0.234330 0.269665 0.000000 0.000000 -0.423822 -0.267043 0.000000 0.000000 -0.292233 -0.262200 0.000000 0.000000 0.366440 0.400647 0.000000 0.000000 -1.020512 -0.650007 0.000000 0.000000 -0.279558 -0.292395 0.000000 0.000000 0.285688 0.135514 0.000000 0.000000 -0.250031 -0.232655 0.000000 0.000000 -0.215525 -0.231413 0.000000 0.000000
6.320000 -0.456774 -0.489164 2.560000 2.560000 0.192854 0.214420 -2.920000 -2.920000 0.107159 0.111150 -1.520000 -1.520000 1.027307 1.156796 5.760000 5.760000 0.201530 -0.576807 -22.900000 -22.900000 -0.080700 -0.102468 1.240000 1.240000 -0.935540 -0.978580 3.050000 3.050000 -0.541733 -0.603844 2.090000 2.090000 -0.417169 -0.386958 8.700000 8.700000 1.195445 1.272565 -3.750000 -3.750000 0.330284 0.448474 -7.110000 -7.110000 0.197594 0.221686 0.230000 0.230000 -0.033657 -0.022387 0.890000 0.890000 -0.023210 -0.004152 -2.730000 -2.730000 -1.256709 -0.922983 0.000000 0.000000 0.224556 0.260956 0.000000 0.000000 -0.446566 -0.303833 0.000000 0.000000 -0.295179 -0.262099 0.000000 0.000000 0.358207 0.400163 0.000000 0.000000 -1.039122 -0.733946 0.000000 0.000000 -0.295194 -0.280147 0.000000 0.000000 0.327309 0.176890 0.000000 0.000000 -0.235069 -0.231351 0.000000 0.000000 -0.211453 -0.231683 0.000000 0.000000
6.340000 -0.454434 -0.488750 2.800000 2.800000 0.179127 0.213265 -2.500000 -2.500000 0.122158 0.111934 -3.980000 -3.980000 1.022945 1.156328 4.500000 4.500000 0.120932 -0.577481 -21.930000 -21.930000 -0.102625 -0.112396 0.690000 0.690000 -0.870720 -0.967306 7.420000 7.420000 -0.515450 -0.583835 2.080000 2.080000 -0.422287 -0.386214 10.070000 10.070000 1.161003 1.272794 -4.100000 -4.100000 0.354624 0.392577 -9.860000 -9.860000 0.179187 0.210820 0.270000 0.270000 -0.034114 -0.026851 0.790000 0.790000 -0.022330 -0.007128 -2.280000 -2.280000 -1.256385 -1.009745 0.000000 0.000000 0.215892 0.249466 0.000000 0.000000 -0.453593 -0.336582 0.000000 0.000000 -0.286336 -0.262673 0.000000 0.000000 0.364676 0.399523 0.000000 0.000000 -1.048317 -0.801687 0.000000 0.000000 -0.299387 -0.273313 0.000000 0.000000 0.363713 0.217254 0.000000 0.000000 -0.229568 -0.231317 0.000000 0.000000 -0.214776 -0.231694 0.000000 0.000000
6.360000 -0.453843 -0.485329 2.060000 2.060000 0.185298 0.215908 -1.810000 -1.810000 0.134091 0.114440 -5.380000 -5.380000 1.014261 1.153600 3.250000 3.250000 0.078258 -0.581422 -21.650000 -21.650000 -0.118160 -0.122750 0.660000 0.660000 -0.819414 -0.950524 11.550000 11.550000 -0.495011 -0.560449 1.300000 1.300000 -0.432397 -0.389219 9.040000 9.040000 1.118867 1.265411 -5.170000 -5.170000 0.375323 0.332077 -12.139999 -12.139999 0.145825 0.194969 0.200000 0.200000 -0.057408 -0.031168 -1.020000 -1.020000 -0.018359 -0.010035 -2.880000 -2.880000 -1.259621 -1.078468 0.000000 0.000000 0.205409 0.238708 0.000000 0.000000 -0.475321 -0.363290 0.000000 0.000000 -0.279546 -0.262099 0.000000 0.000000 0.371444 0.400096 0.000000 0.000000 -1.055121 -0.859487 0.000000 0.000000 -0.315681 -0.272277 0.000000 0.000000 0.401238 0.256337 0.000000 0.000000 -0.219914 -0.230946 0.000000 0.000000 -0.216156 -0.232065 0.000000 0.000000
6.380000 -0.425471 -0.475312 3.960000 3.960000 0.170055 0.221429 -2.180000 -2.180000 0.164185 0.123896 -9.410000 -9.410000 1.028690 1.147028 5.360000 5.360000 0.113811 -0.588214 -20.260000 -20.260000 -0.141783 -0.130996 0.200000 0.200000 -0.747808 -0.923280 10.389999 10.389999 -0.457073 -0.532218 2.870000 2.870000 -0.437582 -0.396561 10.969999 10.969999 1.083997 1.249211 -4.730000 -4.730000 0.347500 0.269920 -16.629999 -16.629999 0.084727 0.170755 0.090000 0.090000 -0.061324 -0.038265 -1.520000 -1.520000 -0.019846 -0.009516 -3.930000 -3.930000 -1.268559 -1.125101 0.000000 0.000000 0.208624 0.229115 0.000000 0.000000 -0.520084 -0.390393 0.000000 0.000000 -0.273980 -0.262099 0.000000 0.000000 0.375558 0.400096 0.000000 0.000000 -1.056333 -0.900966 0.000000 0.000000 -0.312271 -0.275478 0.000000 0.000000 0.443709 0.297120 0.000000 0.000000 -0.198505 -0.228855 0.000000 0.000000 -0.218917 -0.232335 0.000000 0.000000
6.400000 -0.416194 -0.459604 2.310000 2.310000 0.161637 0.232402 -2.480000 -2.480000 0.194648 0.138315 -12.550000 -12.550000 1.068987 1.134343 8.590000 8.590000 0.170259 -0.580854 -18.629999 -18.629999 -0.170183 -0.136535 -0.220000 -0.220000 -0.678834 -0.882200 13.059999 13.059999 -0.434694 -0.502185 2.700000 2.700000 -0.446022 -0.410383 8.230000 8.230000 1.025227 1.224087 -4.290000 -4.290000 0.340531 0.200344 -16.690001 -16.690001 -0.011966 0.135825 -0.440000 -0.440000 -0.076955 -0.039205 -1.750000 -1.750000 -0.022992 -0.008792 -5.450000 -5.450000 -1.258572 -1.158726 0.000000 0.000000 0.225627 0.223596 0.000000 0.000000 -0.580427 -0.420732 0.000000 0.000000 -0.273167 -0.261874 0.000000 0.000000 0.376986 0.400253 0.000000 0.000000 -1.042274 -0.929437 0.000000 0.000000 -0.299237 -0.280333 0.000000 0.000000 0.491488 0.336459 0.000000 0.000000 -0.172131 -0.223831 0.000000 0.000000 -0.217845 -0.228727 0.000000 0.000000
6.420000 -0.441688 -0.440659 -0.110000 -0.110000 0.176672 0.241516 -4.300000 -4.300000 0.209355 0.155906 -12.500000 -12.500000 1.111333 1.124788 10.580000 10.580000 0.051791 -0.566063 -12.610000 -12.610000 -0.199076 -0.148210 -0.350000 -0.350000 -0.564765 -0.832975 20.980000 20.980000 -0.434525 -0.473689 3.580000 3.580000 -0.423264 -0.429168 3.050000 3.050000 0.982329 1.179780 -0.510000 -0.510000 0.359002 0.118119 -19.209999 -19.209999 -0.097711 0.085406 -0.410000 -0.410000 -0.103266 -0.047261 -3.670000 -3.670000 -0.016204 -0.008038 -5.490000 -5.490000 -1.228720 -1.171366 0.000000 0.000000 0.257869 0.225354 0.000000 0.000000 -0.601898 -0.458535 0.000000 0.000000 -0.272677 -0.261155 0.000000 0.000000 0.381467 0.400905 0.000000 0.000000 -1.035192 -0.945145 0.000000 0.000000 -0.271573 -0.279704 0.000000 0.000000 0.528508 0.377742 0.000000 0.000000 -0.145411 -0.212489 0.000000 0.000000 -0.225601 -0.219273 0.000000 0.000000
6.440000 -0.534412 -0.434124 -8.420000 -8.420000 0.214661 0.250825 -1.630000 -1.630000 0.199320 0.174378 -7.230000 -7.230000 1.127060 1.121748 4.390000 4.390000 -0.250568 -0.555378 -4.010000 -4.010000 -0.209917 -0.157499 -0.510000 -0.510000 -0.447501 -0.758822 22.500000 22.500000 -0.455441 -0.451742 3.740000 3.740000 -0.391107 -0.430989 -3.880000 -3.880000 0.944425 1.121396 2.350000 2.350000 0.411088 0.024345 -20.939999 -20.939999 -0.169652 0.019147 -0.000000 -0.000000 -0.144288 -0.072164 -8.050000 -8.050000 0.008247 -0.004632 -5.050000 -5.050000 -1.189573 -1.172470 0.000000 0.000000 0.286675 0.233958 0.000000 0.000000 -0.613572 -0.496151 0.000000 0.000000 -0.276300 -0.261155 0.000000 0.000000 0.386783 0.400905 0.000000 0.000000 -1.033394 -0.946863 0.000000 0.000000 -0.230836 -0.271613 0.000000 0.000000 0.557278 0.419852 0.000000 0.000000 -0.127678 -0.198763 0.000000 0.000000 -0.244919 -0.215935 0.000000 0.000000
6.460000 -0.603971 -0.432989 -13.670000 -13.670000 0.247381 0.257550 -0.600000 -0.600000 0.178368 0.180496 -1.470000 -1.470000 1.091839 1.125780 -3.800000 -3.800000 -0.516792 -0.529891 -1.180000 -1.180000 -0.176540 -0.165308 0.420000 0.420000 -0.405632 -0.700485 21.449999 21.449999 -0.474578 -0.441708 1.970000 1.970000 -0.376774 -0.433270 -9.700000 -9.700000 0.923185 1.061348 7.830000 7.830000 0.381339 -0.063453 -20.469999 -20.469999 -0.170080 -0.026947 -0.580000 -0.580000 -0.164854 -0.093739 -7.320000 -7.320000 0.018150 -0.010094 -1.180000 -1.180000 -1.174847 -1.169893 0.000000 0.000000 0.285119 0.240000 0.000000 0.000000 -0.613143 -0.525175 0.000000 0.000000 -0.299287 -0.260986 0.000000 0.000000 0.384374 0.401569 0.000000 0.000000 -1.067644 -0.945758 0.000000 0.000000 -0.229663 -0.261449 0.000000 0.000000 0.556921 0.453417 0.000000 0.000000 -0.107018 -0.184746 0.000000 0.000000 -0.262827 -0.229390 0.000000 0.000000
6.480000 -0.558756 -0.449602 -8.110000 -8.110000 0.246625 0.247428 1.080000 1.080000 0.177554 0.174074 0.090000 0.090000 1.065401 1.130623 -4.980000 -4.980000 -0.491397 -0.507326 -3.680000 -3.680000 -0.126458 -0.165638 0.410000 0.410000 -0.444952 -0.642577 13.849999 13.849999 -0.453191 -0.422307 -1.180000 -1.180000 -0.404135 -0.435893 -7.540000 -7.540000 0.933262 0.990672 11.590000 11.590000 0.251820 -0.164042 -14.360000 -14.360000 -0.097533 -0.036907 -1.740000 -1.740000 -0.128585 -0.124702 -2.660000 -2.660000 -0.003020 -0.015762 1.110000 1.110000 -1.199646 -1.164125 0.000000 0.000000 0.257295 0.246625 0.000000 0.000000 -0.587313 -0.546352 0.000000 0.000000 -0.305872 -0.263280 0.000000 0.000000 0.374522 0.400310 0.000000 0.000000 -1.094586 -0.945513 0.000000 0.000000 -0.266448 -0.258795 0.000000 0.000000 0.539934 0.479705 0.000000 0.000000 -0.070059 -0.165771 0.000000 0.000000 -0.271272 -0.246116 0.000000 0.000000
6.500000 -0.536035 -0.466967 -5.170000 -5.170000 0.232545 0.233988 0.840000 0.840000 0.186529 0.170227 -3.200000 -3.200000 1.041134 1.129566 -3.670000 -3.670000 -0.421675 -0.495150 -5.990000 -5.990000 -0.105728 -0.156093 0.240000 0.240000 -0.444728 -0.620687 14.170000 14.170000 -0.413671 -0.405146 0.550000 0.550000 -0.436399 -0.446515 -5.550000 -5.550000 0.936653 0.959869 3.870000 3.870000 0.273648 -0.214295 -11.130000 -11.130000 -0.013546 -0.005812 -1.210000 -1.210000 -0.126137 -0.126366 -3.880000 -3.880000 -0.004655 -0.025786 1.490000 1.490000 -1.235061 -1.161794 0.000000 0.000000 0.231763 0.240769 0.000000 0.000000 -0.578395 -0.554583 0.000000 0.000000 -0.299366 -0.262673 0.000000 0.000000 0.372473 0.399320 0.000000 0.000000 -1.099064 -0.946863 0.000000 0.000000 -0.294909 -0.263731 0.000000 0.000000 0.526628 0.492069 0.000000 0.000000 -0.070181 -0.150517 0.000000 0.000000 -0.269762 -0.257211 0.000000 0.000000
6.520000 -0.491112 -0.476846 -1.140000 -1.140000 0.241908 0.243160 0.730000 0.730000 0.167526 0.165734 -1.300000 -1.300000 1.007749 1.108113 -3.620000 -3.620000 -0.344588 -0.481708 -5.450000 -5.450000 -0.084118 -0.141979 0.250000 0.250000 -0.521960 -0.604519 8.000000 8.000000 -0.423528 -0.390032 -1.630000 -1.630000 -0.462384 -0.469029 -4.270000 -4.270000 0.904258 0.972636 0.420000 0.420000 0.111045 -0.188382 -8.000000 -8.000000 0.046979 -0.004843 0.820000 0.820000 -0.106447 -0.117654 -0.480000 -0.480000 -0.012753 -0.025336 2.260000 2.260000 -1.229953 -1.150013 0.000000 0.000000 0.225981 0.232200 0.000000 0.000000 -0.602623 -0.567948 0.000000 0.000000 -0.279970 -0.262605 0.000000 0.000000 0.389178 0.400782 0.000000 0.000000 -1.055789 -0.944777 0.000000 0.000000 -0.332399 -0.272754 0.000000 0.000000 0.525030 0.501581 0.000000 0.000000 -0.079739 -0.130138 0.000000 0.000000 -0.267703 -0.264462 0.000000 0.000000
6.540000 -0.410901 -0.472765 3.280000 3.280000 0.250638 0.251178 -0.540000 -0.540000 0.162613 0.159498 -0.210000 -0.210000 0.950519 1.068854 -1.960000 -1.960000 -0.267549 -0.475070 -12.830000 -12.830000 -0.093710 -0.120737 -0.540000 -0.540000 -0.544220 -0.597601 3.920000 3.920000 -0.419945 -0.397854 -0.970000 -0.970000 -0.479709 -0.483253 -3.090000 -3.090000 0.970243 0.968817 3.150000 3.150000 0.027477 -0.173425 -6.280000 -6.280000 0.103483 0.006172 1.070000 1.070000 -0.059009 -0.106817 3.900000 3.900000 -0.027028 -0.023916 3.930000 3.930000 -1.275571 -1.148540 0.000000 0.000000 0.226297 0.228451 0.000000 0.000000 -0.603801 -0.573118 0.000000 0.000000 -0.240698 -0.255141 0.000000 0.000000 0.391319 0.400917 0.000000 0.000000 -1.038482 -0.945513 0.000000 0.000000 -0.398713 -0.289135 0.000000 0.000000 0.522724 0.508415 0.000000 0.000000 -0.110126 -0.126068 0.000000 0.000000 -0.255519 -0.261179 0.000000 0.000000
6.560000 -0.429868 -0.457855 2.320000 2.320000 0.267031 0.256307 -1.130000 -1.130000 0.144954 0.163434 1.850000 1.850000 0.925846 1.058332 -3.930000 -3.930000 -0.168564 -0.500889 -16.369999 -16.369999 -0.129723 -0.113930 -0.360000 -0.360000 -0.558434 -0.585344 2.500000 2.500000 -0.422967 -0.398412 -0.740000 -0.740000 -0.469163 -0.492797 -4.470000 -4.470000 1.018803 0.984550 7.350000 7.350000 0.140482 -0.180691 -3.900000 -3.900000 0.153842 0.020425 1.340000 1.340000 -0.068237 -0.102765 5.940000 5.940000 -0.028829 -0.022350 4.060000 4.060000 -1.275420 -1.147067 0.000000 0.000000 0.240895 0.227951 0.000000 0.000000 -0.592128 -0.579160 0.000000 0.000000 -0.221548 -0.255051 0.000000 0.000000 0.390037 0.401276 0.000000 0.000000 -1.049080 -0.945022 0.000000 0.000000 -0.422186 -0.306517 0.000000 0.000000 0.522605 0.512315 0.000000 0.000000 -0.149880 -0.128092 0.000000 0.000000 -0.242662 -0.260190 0.000000 0.000000
6.580000 -0.431037 -0.447209 1.580000 1.580000 0.273383 0.262797 -1.670000 -1.670000 0.120498 0.157335 4.730000 4.730000 0.903828 1.074704 -4.600000 -4.600000 -0.087653 -0.500936 -17.539999 -17.539999 -0.142334 -0.109541 -0.850000 -0.850000 -0.580630 -0.584117 0.460000 0.460000 -0.452716 -0.412469 -0.130000 -0.130000 -0.454498 -0.486982 -4.220000 -4.220000 1.066276 1.003733 9.130000 9.130000 0.258788 -0.171426 -3.400000 -3.400000 0.181443 0.049187 0.880000 0.880000 -0.051518 -0.113024 5.490000 5.490000 -0.019795 -0.017436 5.120000 5.120000 -1.207792 -1.144368 0.000000 0.000000 0.272448 0.236973 0.000000 0.000000 -0.555622 -0.579824 0.000000 0.000000 -0.210181 -0.252882 0.000000 0.000000 0.394513 0.401580 0.000000 0.000000 -1.031914 -0.941463 0.000000 0.000000 -0.443092 -0.325039 0.000000 0.000000 0.514911 0.520825 0.000000 0.000000 -0.165040 -0.130273 0.000000 0.000000 -0.245197 -0.260235 0.000000 0.000000
6.600000 -0.456269 -0.445905 -0.630000 -0.630000 0.272076 0.258255 -0.690000 -0.690000 0.106019 0.146039 4.690000 4.690000 0.879808 1.080145 -6.400000 -6.400000 -0.163269 -0.495256 -18.990000 -18.990000 -0.121724 -0.108391 -0.320000 -0.320000 -0.581509 -0.588366 0.660000 0.660000 -0.488417 -0.432977 -1.470000 -1.470000 -0.430145 -0.470429 -8.270000 -8.270000 1.095523 1.032602 8.309999 8.309999 0.351799 -0.148435 -4.970000 -4.970000 0.240368 0.071483 1.440000 1.440000 -0.078025 -0.106494 2.600000 2.600000 -0.004316 -0.015370 4.690000 4.690000 -1.141575 -1.143754 0.000000 0.000000 0.286284 0.244576 0.000000 0.000000 -0.492893 -0.572920 0.000000 0.000000 -0.204223 -0.250622 0.000000 0.000000 0.399772 0.401299 0.000000 0.000000 -0.992336 -0.941586 0.000000 0.000000 -0.500303 -0.349092 0.000000 0.000000 0.493920 0.521174 0.000000 0.000000 -0.200576 -0.132678 0.000000 0.000000 -0.241976 -0.259516 0.000000 0.000000
6.620000 -0.463339 -0.446872 -1.810000 -1.810000 0.264513 0.245872 -0.060000 -0.060000 0.093424 0.126588 5.930000 5.930000 0.867708 1.079760 -9.170000 -9.170000 -0.221777 -0.501823 -21.389999 -21.389999 -0.094750 -0.107187 0.070000 0.070000 -0.639960 -0.601344 -0.930000 -0.930000 -0.521159 -0.458115 -2.740000 -2.740000 -0.434007 -0.452222 -5.370000 -5.370000 1.142143 1.079695 10.410000 10.410000 0.368130 -0.112712 -4.320000 -4.320000 0.273103 0.107308 0.830000 0.830000 -0.065597 -0.108844 3.340000 3.340000 -0.006089 -0.011748 5.420000 5.420000 -1.078755 -1.139704 0.000000 0.000000 0.310353 0.254716 0.000000 0.000000 -0.474560 -0.559031 0.000000 0.000000 -0.206226 -0.247711 0.000000 0.000000 0.403820 0.400613 0.000000 0.000000 -0.957544 -0.938027 0.000000 0.000000 -0.581201 -0.379176 0.000000 0.000000 0.465275 0.516215 0.000000 0.000000 -0.215597 -0.138130 0.000000 0.000000 -0.236629 -0.254918 0.000000 0.000000
6.640000 -0.488298 -0.444908 -3.380000 -3.380000 0.250654 0.227136 0.620000 0.620000 0.081806 0.110612 5.340000 5.340000 0.869065 1.091913 -9.410000 -9.410000 -0.268749 -0.514686 -18.160000 -18.160000 -0.093276 -0.103618 -0.070000 -0.070000 -0.675539 -0.633818 -2.400000 -2.400000 -0.546703 -0.496684 -2.410000 -2.410000 -0.422550 -0.436089 -2.850000 -2.850000 1.183607 1.130164 4.760000 4.760000 0.351335 -0.066577 -2.340000 -2.340000 0.300825 0.151154 0.150000 0.150000 -0.081444 -0.110430 1.900000 1.900000 0.001478 -0.014450 4.550000 4.550000 -0.996495 -1.128660 0.000000 0.000000 0.328888 0.264938 0.000000 0.000000 -0.436122 -0.541940 0.000000 0.000000 -0.197939 -0.243248 0.000000 0.000000 0.399823 0.396465 0.000000 0.000000 -0.883267 -0.926614 0.000000 0.000000 -0.669861 -0.421891 0.000000 0.000000 0.417274 0.505679 0.000000 0.000000 -0.240160 -0.148966 0.000000 0.000000 -0.231898 -0.245318 0.000000 0.000000
6.660000 -0.517485 -0.450032 -5.320000 -5.320000 0.228325 0.210279 1.310000 1.310000 0.079533 0.096300 4.080000 4.080000 0.869242 1.101861 -13.719999 -13.719999 -0.435824 -0.529524 -17.059999 -17.059999 -0.106317 -0.098175 -0.350000 -0.350000 -0.698149 -0.674821 0.030000 0.030000 -0.567033 -0.542555 -1.670000 -1.670000 -0.418953 -0.417784 -0.270000 -0.270000 1.198775 1.189589 1.100000 1.100000 0.346821 0.009791 -2.440000 -2.440000 0.329168 0.198505 0.090000 0.090000 -0.080140 -0.113768 1.490000 1.490000 0.008683 -0.009859 4.960000 4.960000 -0.842370 -1.105589 0.000000 0.000000 0.375090 0.279363 0.000000 0.000000 -0.395841 -0.518271 0.000000 0.000000 -0.198763 -0.239977 0.000000 0.000000 0.411810 0.393644 0.000000 0.000000 -0.781661 -0.910047 0.000000 0.000000 -0.791104 -0.479171 0.000000 0.000000 0.362394 0.483139 0.000000 0.000000 -0.261486 -0.164501 0.000000 0.000000 -0.235270 -0.235651 0.000000 0.000000
6.680000 -0.539955 -0.457886 -6.520000 -6.520000 0.232876 0.196711 2.620000 2.620000 0.078787 0.088195 4.810000 4.810000 0.847867 1.109850 -18.900000 -18.900000 -0.624153 -0.540090 -18.760000 -18.760000 -0.088335 -0.094372 -0.170000 -0.170000 -0.714298 -0.701589 0.510000 0.510000 -0.600345 -0.577287 -0.960000 -0.960000 -0.408809 -0.406037 0.420000 0.420000 1.221801 1.229840 0.450000 0.450000 0.404657 0.076101 -3.300000 -3.300000 0.336411 0.230048 0.500000 0.500000 -0.088389 -0.112133 0.820000 0.820000 0.011617 -0.005033 3.840000 3.840000 -0.689065 -1.066196 0.000000 0.000000 0.402251 0.297781 0.000000 0.000000 -0.368323 -0.490074 0.000000 0.000000 -0.195995 -0.238864 0.000000 0.000000 0.427600 0.395858 0.000000 0.000000 -0.668222 -0.885258 0.000000 0.000000 -0.860943 -0.548617 0.000000 0.000000 0.317284 0.452276 0.000000 0.000000 -0.266645 -0.184409 0.000000 0.000000 -0.239987 -0.235572 0.000000 0.000000
6.700000 -0.532618 -0.464267 -5.210000 -5.210000 0.225272 0.188919 3.210000 3.210000 0.072206 0.080188 4.720000 4.720000 0.846217 1.121617 -20.109999 -20.109999 -0.678923 -0.557082 -16.160000 -16.160000 -0.057034 -0.088332 0.210000 0.210000 -0.743264 -0.728787 -0.010000 -0.010000 -0.608912 -0.616081 0.090000 0.090000 -0.408339 -0.397883 3.050000 3.050000 1.233062 1.265715 -0.300000 -0.300000 0.442813 0.146056 -5.040000 -5.040000 0.331694 0.258224 0.020000 0.020000 -0.088217 -0.107415 1.430000 1.430000 0.005781 0.000390 2.110000 2.110000 -0.573189 -1.003978 0.000000 0.000000 0.401475 0.324698 0.000000 0.000000 -0.357665 -0.459687 0.000000 0.000000 -0.210544 -0.232637 0.000000 0.000000 0.426633 0.404649 0.000000 0.000000 -0.586374 -0.843411 0.000000 0.000000 -0.913195 -0.626504 0.000000 0.000000 0.293154 0.415742 0.000000 0.000000 -0.263571 -0.193536 0.000000 0.000000 -0.242649 -0.236472 0.000000 0.000000
6.720000 -0.538209 -0.469130 -6.020000 -6.020000 0.216458 0.185943 2.370000 2.370000 0.069756 0.076409 3.690000 3.690000 0.832155 1.128828 -22.330000 -22.330000 -0.724541 -0.567495 -17.840000 -17.840000 -0.042552 -0.085743 0.640000 0.640000 -0.772379 -0.753944 -1.190000 -1.190000 -0.623469 -0.638772 0.810000 0.810000 -0.402867 -0.392303 3.480000 3.480000 1.240400 1.288331 -1.440000 -1.440000 0.443105 0.201125 -4.880000 -4.880000 0.323719 0.274714 0.130000 0.130000 -0.085053 -0.102217 1.720000 1.720000 0.002367 0.006665 0.890000 0.890000 -0.424090 -0.934273 0.000000 0.000000 0.420812 0.350904 0.000000 0.000000 -0.346727 -0.433853 0.000000 0.000000 -0.216142 -0.231884 0.000000 0.000000 0.439334 0.404952 0.000000 0.000000 -0.470086 -0.792483 0.000000 0.000000 -0.993785 -0.693481 0.000000 0.000000 0.251634 0.383761 0.000000 0.000000 -0.277148 -0.204687 0.000000 0.000000 -0.242983 -0.240563 0.000000 0.000000
6.740000 -0.571578 -0.470787 -7.610000 -7.610000 0.203943 0.186570 1.330000 1.330000 0.068468 0.075097 2.760000 2.760000 0.806305 1.131204 -25.430000 -25.430000 -0.777089 -0.570926 -17.719999 -17.719999 -0.037633 -0.085733 0.890000 0.890000 -0.764217 -0.770726 1.140000 1.140000 -0.629722 -0.652770 1.900000 1.900000 -0.381804 -0.382436 4.190000 4.190000 1.245424 1.304138 -3.310000 -3.310000 0.374300 0.243639 -5.220000 -5.220000 0.322299 0.280829 0.570000 0.570000 -0.075375 -0.094806 2.100000 2.100000 0.013733 0.014056 0.860000 0.860000 -0.263770 -0.838921 0.000000 0.000000 0.451683 0.378392 0.000000 0.000000 -0.356159 -0.408927 0.000000 0.000000 -0.207043 -0.230861 0.000000 0.000000 0.447950 0.406290 0.000000 0.000000 -0.332633 -0.722533 0.000000 0.000000 -1.036964 -0.763393 0.000000 0.000000 0.238482 0.349358 0.000000 0.000000 -0.267026 -0.211724 0.000000 0.000000 -0.244193 -0.236000 0.000000 0.000000
6.760000 -0.587624 -0.473118 -9.389999 -9.389999 0.203773 0.183105 1.490000 1.490000 0.054529 0.071378 4.010000 4.010000 0.778071 1.131221 -28.330000 -28.330000 -0.821912 -0.570950 -18.859999 -18.859999 -0.032581 -0.085615 0.960000 0.960000 -0.760139 -0.777107 1.360000 1.360000 -0.634688 -0.661042 1.280000 1.280000 -0.372857 -0.366489 3.770000 3.770000 1.250971 1.311120 -3.690000 -3.690000 0.286863 0.265080 -4.420000 -4.420000 0.307786 0.282150 0.400000 0.400000 -0.078244 -0.084312 1.020000 1.020000 0.022982 0.023590 0.250000 0.250000 -0.104394 -0.713257 0.000000 0.000000 0.466559 0.402608 0.000000 0.000000 -0.371444 -0.391697 0.000000 0.000000 -0.174865 -0.223093 0.000000 0.000000 0.464292 0.412866 0.000000 0.000000 -0.198122 -0.634299 0.000000 0.000000 -1.046974 -0.825528 0.000000 0.000000 0.222602 0.317726 0.000000 0.000000 -0.240265 -0.211353 0.000000 0.000000 -0.248601 -0.237157 0.000000 0.000000
6.780000 -0.601695 -0.475066 -10.429999 -10.429999 0.190942 0.172953 0.800000 0.800000 0.036444 0.060267 4.300000 4.300000 0.755707 1.130451 -29.779999 -29.779999 -0.822658 -0.569837 -19.730000 -19.730000 -0.040792 -0.087341 0.950000 0.950000 -0.743881 -0.775895 2.660000 2.660000 -0.619063 -0.657547 1.980000 1.980000 -0.366854 -0.356984 4.720000 4.720000 1.219843 1.309128 -5.920000 -5.920000 0.166043 0.259649 -4.470000 -4.470000 0.290966 0.282470 0.080000 0.080000 -0.074198 -0.080035 0.200000 0.200000 0.031001 0.026086 1.150000 1.150000 0.066462 -0.575199 0.000000 0.000000 0.457464 0.419955 0.000000 0.000000 -0.374342 -0.383361 0.000000 0.000000 -0.136168 -0.205917 0.000000 0.000000 0.475520 0.428828 0.000000 0.000000 -0.064874 -0.535020 0.000000 0.000000 -1.014971 -0.872050 0.000000 0.000000 0.197011 0.290856 0.000000 0.000000 -0.214263 -0.207869 0.000000 0.000000 -0.249419 -0.237630 0.000000 0.000000
6.800000 -0.623690 -0.477275 -11.380000 -11.380000 0.190800 0.163761 0.690000 0.690000 0.021804 0.048706 5.200000 5.200000 0.716504 1.126894 -30.619999 -30.619999 -0.842561 -0.570050 -21.809999 -21.809999 -0.062555 -0.090761 0.620000 0.620000 -0.704987 -0.771723 5.060000 5.060000 -0.593021 -0.642178 2.370000 2.370000 -0.355722 -0.351776 4.890000 4.890000 1.185862 1.295796 -8.349999 -8.349999 0.042971 0.233108 -5.890000 -5.890000 0.268025 0.280605 0.150000 0.150000 -0.066718 -0.077832 -0.510000 -0.510000 0.045544 0.026409 2.810000 2.810000 0.242637 -0.434564 0.000000 0.000000 0.454301 0.430048 0.000000 0.000000 -0.349499 -0.376736 0.000000 0.000000 -0.098156 -0.187325 0.000000 0.000000 0.491416 0.444543 0.000000 0.000000 0.049884 -0.429604 0.000000 0.000000 -0.964300 -0.897197 0.000000 0.000000 0.161803 0.267199 0.000000 0.000000 -0.188594 -0.206329 0.000000 0.000000 -0.240773 -0.236719 0.000000 0.000000
6.820000 -0.638373 -0.481540 -12.679999 -12.679999 0.177425 0.160717 -0.300000 -0.300000 0.015613 0.039749 4.410000 4.410000 0.692769 1.109743 -34.590000 -34.590000 -0.830364 -0.570725 -23.879999 -23.879999 -0.087315 -0.096534 0.560000 0.560000 -0.681171 -0.753438 5.020000 5.020000 -0.555544 -0.611264 3.050000 3.050000 -0.343422 -0.344944 3.190000 3.190000 1.115919 1.276646 -7.910000 -7.910000 -0.051459 0.181246 -8.720000 -8.720000 0.246748 0.272584 -0.070000 -0.070000 -0.060121 -0.071685 -1.450000 -1.450000 0.052687 0.028289 3.560000 3.560000 0.408009 -0.274048 0.000000 0.000000 0.421012 0.432295 0.000000 0.000000 -0.315100 -0.368692 0.000000 0.000000 -0.077813 -0.164753 0.000000 0.000000 0.501713 0.465451 0.000000 0.000000 0.167546 -0.312285 0.000000 0.000000 -0.865317 -0.905044 0.000000 0.000000 0.110787 0.239863 0.000000 0.000000 -0.144346 -0.200495 0.000000 0.000000 -0.225793 -0.235516 0.000000 0.000000
6.840000 -0.639721 -0.481770 -12.990000 -12.990000 0.157360 0.159464 -2.630000 -2.630000 0.010111 0.037165 2.490000 2.490000 0.671045 1.090331 -30.719999 -30.719999 -0.767794 -0.566737 -22.699999 -22.699999 -0.102068 -0.103064 0.390000 0.390000 -0.685155 -0.728710 2.380000 2.380000 -0.527159 -0.565941 1.160000 1.160000 -0.334012 -0.335468 2.660000 2.660000 1.003465 1.233847 -13.469999 -13.469999 -0.120062 0.101600 -13.000000 -13.000000 0.205070 0.261772 -0.390000 -0.390000 -0.056011 -0.072380 -0.230000 -0.230000 0.046825 0.029219 4.030000 4.030000 0.527973 -0.101138 0.000000 0.000000 0.346850 0.419105 0.000000 0.000000 -0.265150 -0.354732 0.000000 0.000000 -0.054610 -0.139821 0.000000 0.000000 0.504353 0.487730 0.000000 0.000000 0.244703 -0.184535 0.000000 0.000000 -0.736529 -0.881480 0.000000 0.000000 0.049516 0.205961 0.000000 0.000000 -0.075452 -0.181486 0.000000 0.000000 -0.209303 -0.224287 0.000000 0.000000
6.860000 -0.653664 -0.482629 -12.990000 -12.990000 0.123727 0.153336 -3.310000 -3.310000 0.020609 0.033641 -0.490000 -0.490000 0.637992 1.067780 -33.840000 -33.840000 -0.720369 -0.556467 -25.779999 -25.779999 -0.113187 -0.106068 0.120000 0.120000 -0.681682 -0.696834 -0.240000 -0.240000 -0.493492 -0.517583 -0.780000 -0.780000 -0.345298 -0.326227 1.740000 1.740000 0.863845 1.165899 -18.690001 -18.690001 -0.217752 0.007271 -20.959999 -20.959999 0.163154 0.239774 0.030000 0.030000 -0.064863 -0.077490 1.060000 1.060000 0.033212 0.029101 2.250000 2.250000 0.595174 0.063305 0.000000 0.000000 0.254184 0.393317 0.000000 0.000000 -0.212582 -0.329830 0.000000 0.000000 -0.029954 -0.112629 0.000000 0.000000 0.497848 0.506109 0.000000 0.000000 0.286846 -0.065499 0.000000 0.000000 -0.624249 -0.827961 0.000000 0.000000 -0.020829 0.163245 0.000000 0.000000 0.004668 -0.145268 0.000000 0.000000 -0.195750 -0.211382 0.000000 0.000000
6.880000 -0.642334 -0.489716 -12.020000 -12.020000 0.094422 0.132916 -0.730000 -0.730000 0.054355 0.032212 -4.890000 -4.890000 0.641524 1.031520 -32.230000 -32.230000 -0.670144 -0.540362 -18.580000 -18.580000 -0.127337 -0.111714 -0.160000 -0.160000 -0.708405 -0.645538 -7.320000 -7.320000 -0.478150 -0.471056 -5.620000 -5.620000 -0.379624 -0.327901 2.770000 2.770000 0.678348 1.079728 -18.340000 -18.340000 -0.354034 -0.108665 -24.400000 -24.400000 0.135958 0.209179 0.420000 0.420000 -0.076063 -0.089520 4.980000 4.980000 0.004353 0.028935 1.650000 1.650000 0.623402 0.218667 0.000000 0.000000 0.185439 0.355852 0.000000 0.000000 -0.158365 -0.296789 0.000000 0.000000 -0.019532 -0.084290 0.000000 0.000000 0.490632 0.504142 0.000000 0.000000 0.289052 0.043966 0.000000 0.000000 -0.501908 -0.757490 0.000000 0.000000 -0.107000 0.113568 0.000000 0.000000 0.099691 -0.100945 0.000000 0.000000 -0.195366 -0.199748 0.000000 0.000000
6.900000 -0.585431 -0.503123 -5.800000 -5.800000 0.112593 0.108062 1.510000 1.510000 0.045693 0.038114 -0.250000 -0.250000 0.844035 1.003373 -11.389999 -11.389999 -0.443413 -0.514958 -9.660000 -9.660000 -0.096541 -0.109861 -0.240000 -0.240000 -0.676822 -0.599932 -7.200000 -7.200000 -0.512365 -0.454669 -8.320000 -8.320000 -0.393561 -0.340529 -0.830000 -0.830000 0.618480 0.958238 -10.809999 -10.809999 -0.434752 -0.218733 -20.480000 -20.480000 0.129380 0.177658 1.070000 1.070000 -0.114971 -0.116998 5.500000 5.500000 -0.006178 0.022797 0.700000 0.700000 0.624384 0.357584 0.000000 0.000000 0.166917 0.311984 0.000000 0.000000 -0.085974 -0.258696 0.000000 0.000000 -0.025412 -0.060505 0.000000 0.000000 0.473168 0.498094 0.000000 0.000000 0.369135 0.135024 0.000000 0.000000 -0.341732 -0.669894 0.000000 0.000000 -0.184427 0.055520 0.000000 0.000000 0.170309 -0.048225 0.000000 0.000000 -0.194575 -0.200489 0.000000 0.000000
6.920000 -0.529571 -0.521623 0.200000 0.200000 0.138498 0.094905 3.390000 3.390000 0.036721 0.044047 3.500000 3.500000 0.999381 0.993376 1.060000 1.060000 -0.318041 -0.476715 -0.160000 -0.160000 -0.097007 -0.100188 -0.410000 -0.410000 -0.568094 -0.582399 2.040000 2.040000 -0.497909 -0.467444 -4.260000 -4.260000 -0.404998 -0.366225 -1.020000 -1.020000 0.761266 0.855686 -11.050000 -11.050000 -0.359971 -0.303821 -8.170000 -8.170000 0.183699 0.122051 2.990000 2.990000 -0.138482 -0.144398 -1.980000 -1.980000 -0.019728 0.012274 -3.310000 -3.310000 0.655009 0.473553 0.000000 0.000000 0.182488 0.266533 0.000000 0.000000 -0.031342 -0.215945 0.000000 0.000000 -0.045470 -0.040260 0.000000 0.000000 0.436674 0.479940 0.000000 0.000000 0.492643 0.210618 0.000000 0.000000 -0.187904 -0.570190 0.000000 0.000000 -0.289045 -0.011935 0.000000 0.000000 0.208529 0.006338 0.000000 0.000000 -0.189762 -0.196870 0.000000 0.000000
6.940000 -0.559039 -0.551888 1.240000 1.240000 0.087482 0.107856 0.590000 0.590000 0.071998 0.039436 -3.280000 -3.280000 1.015734 0.967006 2.160000 2.160000 -0.429232 -0.436649 4.190000 4.190000 -0.116936 -0.098047 -0.310000 -0.310000 -0.542942 -0.589011 2.990000 2.990000 -0.460159 -0.466436 -1.600000 -1.600000 -0.464959 -0.425204 0.290000 0.290000 0.783342 0.893487 -6.770000 -6.770000 -0.367721 -0.261283 -2.240000 -2.240000 0.309919 0.143186 0.990000 0.990000 -0.122921 -0.114688 1.030000 1.030000 -0.009112 -0.005082 -1.090000 -1.090000 0.742047 0.562892 0.000000 0.000000 0.252265 0.226763 0.000000 0.000000 0.032351 -0.171961 0.000000 0.000000 -0.087781 -0.041215 0.000000 0.000000 0.419916 0.459988 0.000000 0.000000 0.594450 0.284495 0.000000 0.000000 -0.089255 -0.460625 0.000000 0.000000 -0.388269 -0.100195 0.000000 0.000000 0.242455 0.061925 0.000000 0.000000 -0.174386 -0.185393 0.000000 0.000000
6.960000 -0.570815 -0.585206 1.810000 1.810000 0.113325 0.104264 1.370000 1.370000 0.071094 0.054912 -0.860000 -0.860000 0.962858 0.955690 0.330000 0.330000 -0.378130 -0.416143 0.770000 0.770000 -0.144067 -0.101605 -0.330000 -0.330000 -0.562626 -0.586403 2.280000 2.280000 -0.492255 -0.464419 -1.650000 -1.650000 -0.508486 -0.472544 0.670000 0.670000 0.812190 0.885653 -3.470000 -3.470000 -0.215845 -0.243013 -4.220000 -4.220000 0.344369 0.186873 0.010000 0.010000 -0.087609 -0.110273 -1.230000 -1.230000 -0.002057 -0.006717 0.320000 0.320000 0.764763 0.637383 0.000000 0.000000 0.292165 0.217554 0.000000 0.000000 0.050120 -0.135626 0.000000 0.000000 -0.151143 -0.053591 0.000000 0.000000 0.399598 0.449747 0.000000 0.000000 0.617626 0.350026 0.000000 0.000000 -0.064541 -0.362376 0.000000 0.000000 -0.418394 -0.175579 0.000000 0.000000 0.236433 0.093141 0.000000 0.000000 -0.174893 -0.175400 0.000000 0.000000
6.980000 -0.554263 -0.596128 4.060000 4.060000 0.161547 0.120856 0.760000 0.760000 0.046618 0.065024 4.970000 4.970000 0.934532 0.949208 0.330000 0.330000 -0.323057 -0.401412 -1.010000 -1.010000 -0.153195 -0.112055 -0.130000 -0.130000 -0.566829 -0.584010 0.790000 0.790000 -0.496838 -0.492749 0.380000 0.380000 -0.527451 -0.522781 -1.090000 -1.090000 0.877205 0.863372 1.440000 1.440000 -0.094770 -0.230269 -0.070000 -0.070000 0.390233 0.234511 0.130000 0.130000 -0.076966 -0.083079 0.680000 0.680000 0.012853 -0.005033 1.860000 1.860000 0.775680 0.695183 0.000000 0.000000 0.253630 0.226949 0.000000 0.000000 0.022937 -0.097148 0.000000 0.000000 -0.155764 -0.072622 0.000000 0.000000 0.386549 0.431301 0.000000 0.000000 0.557298 0.405495 0.000000 0.000000 -0.137069 -0.272719 0.000000 0.000000 -0.395680 -0.239087 0.000000 0.000000 0.205415 0.123233 0.000000 0.000000 -0.183107 -0.173118 0.000000 0.000000
7.000000 -0.582794 -0.608431 1.660000 1.660000 0.139984 0.142216 -1.040000 -1.040000 0.072627 0.075205 1.670000 1.670000 0.888579 0.931877 0.700000 0.700000 -0.285555 -0.389946 -5.520000 -5.520000 -0.143796 -0.121525 -0.500000 -0.500000 -0.599932 -0.569391 -1.080000 -1.080000 -0.451480 -0.491515 4.150000 4.150000 -0.552413 -0.557141 1.300000 1.300000 0.877366 0.856800 5.510000 5.510000 0.130978 -0.208237 -6.090000 -6.090000 0.433835 0.270656 2.050000 2.050000 -0.063374 -0.073838 -3.230000 -3.230000 0.029836 0.010845 0.220000 0.220000 0.853892 0.746725 0.000000 0.000000 0.206908 0.235949 0.000000 0.000000 -0.032217 -0.071430 0.000000 0.000000 -0.141553 -0.079895 0.000000 0.000000 0.387132 0.424298 0.000000 0.000000 0.496494 0.452742 0.000000 0.000000 -0.228516 -0.216848 0.000000 0.000000 -0.376171 -0.274887 0.000000 0.000000 0.190203 0.134980 0.000000 0.000000 -0.196899 -0.174456 0.000000 0.000000
7.020000 -0.617042 -0.621393 3.300000 3.300000 0.164655 0.140140 1.360000 1.360000 0.075547 0.083722 2.120000 2.120000 0.855332 0.922601 -3.620000 -3.620000 -0.391453 -0.417682 -8.040000 -8.040000 -0.107430 -0.096598 -1.760000 -1.760000 -0.603645 -0.595300 1.080000 1.080000 -0.515765 -0.478329 1.430000 1.430000 -0.513205 -0.567448 -4.840000 -4.840000 0.901936 0.873673 9.500000 9.500000 0.262280 -0.201670 -6.480000 -6.480000 0.453550 0.282693 2.200000 2.200000 -0.025060 -0.032509 -0.310000 -0.310000 0.055411 0.026351 -2.720000 -2.720000 0.928339 0.783540 0.000000 0.000000 0.216153 0.236135 0.000000 0.000000 -0.036609 -0.062116 0.000000 0.000000 -0.142000 -0.084268 0.000000 0.000000 0.412077 0.424421 0.000000 0.000000 0.516720 0.488821 0.000000 0.000000 -0.257323 -0.202260 0.000000 0.000000 -0.344378 -0.291407 0.000000 0.000000 0.235893 0.164757 0.000000 0.000000 -0.201266 -0.185460 0.000000 0.000000
7.040000 -0.617672 -0.645292 1.990000 1.990000 0.200084 0.153150 1.540000 1.540000 0.040038 0.071808 9.250000 9.250000 0.824455 0.942726 -8.500000 -8.500000 -0.492143 -0.442861 -6.900000 -6.900000 -0.077642 -0.095426 0.530000 0.530000 -0.745722 -0.627866 -8.440000 -8.440000 -0.542172 -0.504456 2.300000 2.300000 -0.459854 -0.531454 -6.830000 -6.830000 0.996980 0.900140 8.900000 8.900000 0.280357 -0.177886 -2.090000 -2.090000 0.400422 0.299535 1.010000 1.010000 0.018474 -0.017512 4.590000 4.590000 0.033710 0.049179 1.090000 1.090000 0.917338 0.815447 0.000000 0.000000 0.220291 0.234517 0.000000 0.000000 -0.018529 -0.057169 0.000000 0.000000 -0.137534 -0.083605 0.000000 0.000000 0.431540 0.424208 0.000000 0.000000 0.475470 0.503302 0.000000 0.000000 -0.329049 -0.202714 0.000000 0.000000 -0.271129 -0.296425 0.000000 0.000000 0.247512 0.180460 0.000000 0.000000 -0.193679 -0.192463 0.000000 0.000000
7.060000 -0.617114 -0.648053 4.200000 4.200000 0.177647 0.155333 -1.120000 -1.120000 0.015170 0.061872 8.670000 8.670000 0.792173 0.956337 -11.650000 -11.650000 -0.469209 -0.452647 -10.300000 -10.300000 -0.063210 -0.091922 0.110000 0.110000 -0.780808 -0.695883 -5.260000 -5.260000 -0.508545 -0.524220 3.400000 3.400000 -0.415466 -0.476391 -2.200000 -2.200000 1.066957 0.954567 11.270000 11.270000 0.364963 -0.132828 -1.350000 -1.350000 0.335384 0.308377 0.210000 0.210000 0.039263 -0.003181 5.510000 5.510000 0.062697 0.063197 2.470000 2.470000 0.886703 0.833241 0.000000 0.000000 0.227377 0.227718 0.000000 0.000000 0.038248 -0.047016 0.000000 0.000000 -0.120163 -0.086156 0.000000 0.000000 0.435735 0.421206 0.000000 0.000000 0.427548 0.503056 0.000000 0.000000 -0.282377 -0.219281 0.000000 0.000000 -0.218888 -0.284399 0.000000 0.000000 0.236423 0.187385 0.000000 0.000000 -0.192850 -0.193273 0.000000 0.000000
7.080000 -0.582325 -0.664314 6.370000 6.370000 0.213165 0.137537 -1.400000 -1.400000 -0.038081 0.062166 16.260000 16.260000 0.800018 0.969727 -11.940000 -11.940000 -0.461699 -0.456244 -14.040000 -14.040000 -0.066843 -0.085328 -0.010000 -0.010000 -0.831305 -0.757074 -6.580000 -6.580000 -0.545506 -0.522341 -0.620000 -0.620000 -0.375548 -0.408494 -0.120000 -0.120000 1.137196 1.027595 11.099999 11.099999 0.387021 -0.065311 0.650000 0.650000 0.314019 0.311850 -0.140000 -0.140000 0.022544 0.009799 0.520000 0.520000 0.083030 0.073377 1.340000 1.340000 0.766837 0.845390 0.000000 0.000000 0.232209 0.219033 0.000000 0.000000 0.081287 -0.031299 0.000000 0.000000 -0.109475 -0.085819 0.000000 0.000000 0.436691 0.420554 0.000000 0.000000 0.331192 0.493362 0.000000 0.000000 -0.318387 -0.238351 0.000000 0.000000 -0.142647 -0.262278 0.000000 0.000000 0.166946 0.190566 0.000000 0.000000 -0.182232 -0.183280 0.000000 0.000000
7.100000 -0.583767 -0.665157 6.660000 6.660000 0.245446 0.139044 2.220000 2.220000 -0.057564 0.036617 21.699999 21.699999 0.822587 0.997145 -11.050000 -11.050000 -0.461953 -0.466965 -12.139999 -12.139999 -0.099073 -0.080832 -0.340000 -0.340000 -0.916267 -0.836304 -1.320000 -1.320000 -0.582507 -0.551140 -3.940000 -3.940000 -0.331961 -0.337014 0.310000 0.310000 1.196251 1.099329 6.830000 6.830000 0.380989 0.012808 1.720000 1.720000 0.301011 0.311381 -0.020000 -0.020000 0.014437 0.018316 -2.390000 -2.390000 0.102099 0.079955 1.240000 1.240000 0.644508 0.843795 0.000000 0.000000 0.267017 0.222060 0.000000 0.000000 0.156269 -0.004569 0.000000 0.000000 -0.128471 -0.085932 0.000000 0.000000 0.424090 0.420127 0.000000 0.000000 0.260654 0.473358 0.000000 0.000000 -0.331207 -0.258795 0.000000 0.000000 -0.069189 -0.231287 0.000000 0.000000 0.069635 0.182405 0.000000 0.000000 -0.181077 -0.181998 0.000000 0.000000
7.120000 -0.610834 -0.665188 4.230000 4.230000 0.224372 0.127287 3.100000 3.100000 -0.052308 0.025369 18.039999 18.039999 0.819453 1.015943 -10.139999 -10.139999 -0.297483 -0.480785 -18.840000 -18.840000 -0.122536 -0.084081 -0.450000 -0.450000 -0.994058 -0.898108 -6.810000 -6.810000 -0.524702 -0.572010 0.010000 0.010000 -0.307073 -0.286503 7.200000 7.200000 1.264714 1.180256 4.750000 4.750000 0.402056 0.097648 2.050000 2.050000 0.265653 0.309559 -0.430000 -0.430000 0.001393 0.025374 -3.870000 -3.870000 0.103441 0.086661 -0.760000 -0.760000 0.508764 0.828455 0.000000 0.000000 0.221004 0.225331 0.000000 0.000000 0.196348 0.031604 0.000000 0.000000 -0.181755 -0.093317 0.000000 0.000000 0.397453 0.414338 0.000000 0.000000 0.252555 0.454705 0.000000 0.000000 -0.319410 -0.273662 0.000000 0.000000 0.026098 -0.184240 0.000000 0.000000 -0.034829 0.160890 0.000000 0.000000 -0.167818 -0.178491 0.000000 0.000000
7.140000 -0.602294 -0.664989 5.140000 5.140000 0.214582 0.125594 3.380000 3.380000 -0.022377 0.021776 14.099999 14.099999 0.876224 1.036470 -9.950000 -9.950000 -0.295201 -0.485009 -15.870000 -15.870000 -0.098765 -0.084476 -0.250000 -0.250000 -0.982517 -0.959728 -0.060000 -0.060000 -0.547477 -0.564541 0.930000 0.930000 -0.257245 -0.259123 5.230000 5.230000 1.295155 1.261355 1.590000 1.590000 0.446658 0.184985 0.390000 0.390000 0.262932 0.299024 0.170000 0.170000 0.030435 0.030043 -2.790000 -2.790000 0.106917 0.098085 -1.660000 -1.660000 0.432774 0.798021 0.000000 0.000000 0.257646 0.230267 0.000000 0.000000 0.270052 0.076426 0.000000 0.000000 -0.235731 -0.102568 0.000000 0.000000 0.392475 0.406975 0.000000 0.000000 0.190855 0.435070 0.000000 0.000000 -0.370956 -0.284280 0.000000 0.000000 0.040561 -0.128986 0.000000 0.000000 -0.124866 0.118062 0.000000 0.000000 -0.154604 -0.174264 0.000000 0.000000
7.160000 -0.669702 -0.666093 -0.130000 -0.130000 0.189338 0.140415 2.250000 2.250000 0.018291 0.032544 6.670000 6.670000 0.855565 1.077499 -10.290000 -10.290000 -0.356676 -0.502107 -19.939999 -19.939999 -0.092343 -0.089504 0.400000 0.400000 -0.990165 -0.997157 1.050000 1.050000 -0.527924 -0.569015 2.050000 2.050000 -0.227675 -0.221308 4.380000 4.380000 1.314494 1.329434 -2.360000 -2.360000 0.462882 0.273801 -1.240000 -1.240000 0.245920 0.286976 -0.080000 -0.080000 0.072891 0.055583 -0.360000 -0.360000 0.129376 0.110918 2.000000 2.000000 0.301045 0.750284 0.000000 0.000000 0.283135 0.237823 0.000000 0.000000 0.310758 0.124311 0.000000 0.000000 -0.265890 -0.123027 0.000000 0.000000 0.378534 0.393531 0.000000 0.000000 0.097764 0.398623 0.000000 0.000000 -0.366102 -0.293850 0.000000 0.000000 0.082694 -0.078645 0.000000 0.000000 -0.166657 0.070164 0.000000 0.000000 -0.155688 -0.163777 0.000000 0.000000
7.180000 -0.654148 -0.664666 0.030000 0.030000 0.171277 0.152543 0.290000 0.290000 0.029638 0.041619 2.580000 2.580000 0.859058 1.092781 -10.830000 -10.830000 -0.259829 -0.520933 -21.240000 -21.240000 -0.107491 -0.094276 0.080000 0.080000 -0.992410 -1.018111 2.230000 2.230000 -0.483372 -0.548262 3.850000 3.850000 -0.207216 -0.210266 3.830000 3.830000 1.338596 1.371840 -3.890000 -3.890000 0.431474 0.337756 -1.180000 -1.180000 0.246618 0.277836 -0.000000 -0.000000 0.090317 0.065430 2.370000 2.370000 0.129929 0.127109 2.350000 2.350000 0.180161 0.685365 0.000000 0.000000 0.267637 0.244273 0.000000 0.000000 0.275295 0.166130 0.000000 0.000000 -0.279854 -0.142024 0.000000 0.000000 0.375475 0.389777 0.000000 0.000000 0.029171 0.347572 0.000000 0.000000 -0.347680 -0.301336 0.000000 0.000000 0.098570 -0.035325 0.000000 0.000000 -0.230643 0.017568 0.000000 0.000000 -0.155798 -0.163361 0.000000 0.000000
7.200000 -0.698821 -0.654696 -3.470000 -3.470000 0.156785 0.161030 0.500000 0.500000 0.045867 0.040767 -0.870000 -0.870000 0.858706 1.111825 -9.889999 -9.889999 -0.153771 -0.525169 -23.639999 -23.639999 -0.075265 -0.103128 0.950000 0.950000 -1.012743 -1.032577 2.520000 2.520000 -0.481806 -0.509772 1.440000 1.440000 -0.178202 -0.191471 3.280000 3.280000 1.316133 1.400602 -5.300000 -5.300000 0.350129 0.379076 -4.500000 -4.500000 0.242475 0.267215 0.120000 0.120000 0.131370 0.075425 3.380000 3.380000 0.157698 0.144837 4.690000 4.690000 0.030396 0.596394 0.000000 0.000000 0.284286 0.250362 0.000000 0.000000 0.224526 0.190637 0.000000 0.000000 -0.299005 -0.156907 0.000000 0.000000 0.379083 0.385708 0.000000 0.000000 -0.096267 0.290140 0.000000 0.000000 -0.305589 -0.307052 0.000000 0.000000 0.117536 0.002827 0.000000 0.000000 -0.251857 -0.029127 0.000000 0.000000 -0.173468 -0.165991 0.000000 0.000000
7.220000 -0.699726 -0.649204 -4.710000 -4.710000 0.160507 0.165024 0.780000 0.780000 0.045313 0.034502 -3.350000 -3.350000 0.845484 1.131237 -12.219999 -12.219999 -0.204005 -0.529394 -27.000000 -27.000000 -0.097173 -0.114250 0.990000 0.990000 -0.962075 -1.034172 5.290000 5.290000 -0.425879 -0.488559 1.390000 1.390000 -0.165554 -0.156475 7.110000 7.110000 1.311587 1.409427 -8.290000 -8.290000 0.294742 0.379182 -6.800000 -6.800000 0.276102 0.259268 0.350000 0.350000 0.095841 0.093182 0.620000 0.620000 0.162384 0.156643 1.220000 1.220000 -0.128128 0.499692 0.000000 0.000000 0.315099 0.257615 0.000000 0.000000 0.151855 0.192860 0.000000 0.000000 -0.311573 -0.172914 0.000000 0.000000 0.393347 0.388945 0.000000 0.000000 -0.227604 0.226940 0.000000 0.000000 -0.275077 -0.305713 0.000000 0.000000 0.133355 0.029825 0.000000 0.000000 -0.289195 -0.069594 0.000000 0.000000 -0.187644 -0.176265 0.000000 0.000000
7.240000 -0.680639 -0.640353 -3.360000 -3.360000 0.156714 0.172503 -0.580000 -0.580000 0.033494 0.024048 -2.840000 -2.840000 0.835670 1.139800 -12.889999 -12.889999 -0.162498 -0.540788 -26.490000 -26.490000 -0.130963 -0.123400 0.190000 0.190000 -0.925004 -1.017313 7.290000 7.290000 -0.367094 -0.446887 2.950000 2.950000 -0.135435 -0.124475 8.480000 8.480000 1.311785 1.423349 -7.780000 -7.780000 0.146145 0.356333 -6.260000 -6.260000 0.278058 0.268099 -0.190000 -0.190000 0.083163 0.097284 -1.710000 -1.710000 0.169044 0.165815 -1.480000 -1.480000 -0.249928 0.370961 0.000000 0.000000 0.328238 0.260898 0.000000 0.000000 0.064058 0.175932 0.000000 0.000000 -0.311748 -0.187325 0.000000 0.000000 0.390220 0.400321 0.000000 0.000000 -0.323561 0.148277 0.000000 0.000000 -0.246320 -0.295782 0.000000 0.000000 0.148663 0.055846 0.000000 0.000000 -0.311586 -0.107015 0.000000 0.000000 -0.192856 -0.190935 0.000000 0.000000
7.260000 -0.687839 -0.633649 -4.560000 -4.560000 0.157914 0.173404 -0.540000 -0.540000 0.026461 0.021287 -2.010000 -2.010000 0.838221 1.138661 -13.929999 -13.929999 -0.205726 -0.539073 -26.400000 -26.400000 -0.136483 -0.131795 0.410000 0.410000 -0.884686 -1.002894 8.020000 8.020000 -0.344323 -0.405724 3.390000 3.390000 -0.086495 -0.098681 6.140000 6.140000 1.270801 1.430241 -10.610000 -10.610000 0.023947 0.301962 -8.309999 -8.309999 0.273529 0.271274 0.110000 0.110000 0.072600 0.100544 -3.140000 -3.140000 0.182192 0.174204 -1.740000 -1.740000 -0.347481 0.247383 0.000000 0.000000 0.327801 0.268722 0.000000 0.000000 -0.002147 0.147828 0.000000 0.000000 -0.300086 -0.197295 0.000000 0.000000 0.400329 0.395588 0.000000 0.000000 -0.418671 0.064951 0.000000 0.000000 -0.221178 -0.281125 0.000000 0.000000 0.161247 0.077954 0.000000 0.000000 -0.304934 -0.136376 0.000000 0.000000 -0.199783 -0.195454 0.000000 0.000000
7.280000 -0.675441 -0.626271 -4.730000 -4.730000 0.166028 0.167961 0.450000 0.450000 0.008530 0.013789 -0.510000 -0.510000 0.812741 1.137768 -15.770000 -15.770000 -0.270237 -0.539463 -26.730000 -26.730000 -0.164673 -0.137962 -0.040000 -0.040000 -0.812512 -0.969208 12.190000 12.190000 -0.287145 -0.360724 3.620000 3.620000 -0.047983 -0.052212 6.920000 6.920000 1.263520 1.426160 -8.490000 -8.490000 -0.073735 0.223630 -9.330000 -9.330000 0.280248 0.270368 0.150000 0.150000 0.055736 0.093114 -3.930000 -3.930000 0.180030 0.174958 -2.780000 -2.780000 -0.483680 0.107975 0.000000 0.000000 0.324156 0.276790 0.000000 0.000000 -0.053412 0.106440 0.000000 0.000000 -0.271893 -0.205737 0.000000 0.000000 0.406826 0.400950 0.000000 0.000000 -0.559910 -0.032978 0.000000 0.000000 -0.206910 -0.254581 0.000000 0.000000 0.198452 0.105756 0.000000 0.000000 -0.300397 -0.161219 0.000000 0.000000 -0.203036 -0.197162 0.000000 0.000000
7.300000 -0.680408 -0.620196 -4.900000 -4.900000 0.161786 0.161990 -0.300000 -0.300000 -0.011997 -0.000954 0.870000 0.870000 0.820102 1.130426 -15.009999 -15.009999 -0.192105 -0.537996 -26.230000 -26.230000 -0.183629 -0.147252 -0.440000 -0.440000 -0.780652 -0.926164 8.490000 8.490000 -0.267868 -0.312562 0.470000 0.470000 0.009707 -0.003032 4.240000 4.240000 1.185994 1.408116 -16.670000 -16.670000 -0.166925 0.115551 -12.870000 -12.870000 0.255821 0.271433 -0.290000 -0.290000 0.077078 0.086751 -2.510000 -2.510000 0.189646 0.174958 0.020000 0.020000 -0.578475 -0.021370 0.000000 0.000000 0.304791 0.280480 0.000000 0.000000 -0.100187 0.066961 0.000000 0.000000 -0.252898 -0.208300 0.000000 0.000000 0.398699 0.402659 0.000000 0.000000 -0.684710 -0.124403 0.000000 0.000000 -0.204395 -0.235755 0.000000 0.000000 0.213664 0.130566 0.000000 0.000000 -0.251606 -0.171504 0.000000 0.000000 -0.208568 -0.196971 0.000000 0.000000
7.320000 -0.676168 -0.620120 -4.470000 -4.470000 0.164755 0.155039 0.400000 0.400000 -0.049394 -0.018182 2.710000 2.710000 0.828241 1.117004 -15.230000 -15.230000 -0.271384 -0.517383 -20.730000 -20.730000 -0.171998 -0.156402 0.070000 0.070000 -0.738369 -0.862627 6.020000 6.020000 -0.247002 -0.262559 -1.300000 -1.300000 0.056384 0.046696 0.290000 0.290000 1.149602 1.372536 -10.620000 -10.620000 -0.185903 -0.005733 -18.930000 -18.930000 0.245544 0.270720 -0.340000 -0.340000 0.067072 0.086927 -2.410000 -2.410000 0.180941 0.174899 -0.300000 -0.300000 -0.655155 -0.154766 0.000000 0.000000 0.302861 0.280597 0.000000 0.000000 -0.146968 0.024281 0.000000 0.000000 -0.230896 -0.206209 0.000000 0.000000 0.394055 0.402816 0.000000 0.000000 -0.769778 -0.226260 0.000000 0.000000 -0.235195 -0.221540 0.000000 0.000000 0.258050 0.152721 0.000000 0.000000 -0.218516 -0.170819 0.000000 0.000000 -0.208017 -0.199118 0.000000 0.000000
7.340000 -0.620837 -0.620089 0.130000 0.130000 0.185701 0.149675 0.250000 0.250000 -0.098248 -0.046668 7.810000 7.810000 0.860149 1.107056 -11.030000 -11.030000 -0.256089 -0.505480 -19.230000 -19.230000 -0.170273 -0.161334 0.090000 0.090000 -0.683898 -0.789778 7.560000 7.560000 -0.265396 -0.222326 -6.240000 -6.240000 0.088892 0.087164 -3.000000 -3.000000 1.079153 1.317691 -9.190000 -9.190000 -0.161820 -0.141040 -20.469999 -20.469999 0.246108 0.268142 -0.160000 -0.160000 0.065139 0.079429 -2.020000 -2.020000 0.170652 0.168673 -0.040000 -0.040000 -0.771741 -0.284724 0.000000 0.000000 0.293246 0.275020 0.000000 0.000000 -0.176646 -0.020670 0.000000 0.000000 -0.233368 -0.205951 0.000000 0.000000 0.379810 0.401748 0.000000 0.000000 -0.808854 -0.330570 0.000000 0.000000 -0.200097 -0.215311 0.000000 0.000000 0.301853 0.181629 0.000000 0.000000 -0.212761 -0.170717 0.000000 0.000000 -0.211111 -0.199197 0.000000 0.000000
7.360000 -0.583080 -0.619859 3.440000 3.440000 0.148374 0.141022 -1.930000 -1.930000 -0.120046 -0.069673 6.940000 6.940000 0.879261 1.089184 -8.970000 -8.970000 -0.150818 -0.496073 -19.770000 -19.770000 -0.184901 -0.169111 0.140000 0.140000 -0.655904 -0.719399 3.990000 3.990000 -0.231073 -0.216561 -7.030000 -7.030000 0.065058 0.112880 1.520000 1.520000 1.033074 1.246425 -1.030000 -1.030000 0.016745 -0.257224 -21.980000 -21.980000 0.213007 0.263188 -0.610000 -0.610000 0.053989 0.076149 -1.680000 -1.680000 0.148868 0.156780 -2.640000 -2.640000 -0.908443 -0.400080 0.000000 0.000000 0.268538 0.269001 0.000000 0.000000 -0.254599 -0.062757 0.000000 0.000000 -0.230851 -0.205142 0.000000 0.000000 0.353933 0.400782 0.000000 0.000000 -0.830129 -0.425923 0.000000 0.000000 -0.171225 -0.210014 0.000000 0.000000 0.368353 0.213586 0.000000 0.000000 -0.208760 -0.170717 0.000000 0.000000 -0.219818 -0.199197 0.000000 0.000000
7.380000 -0.546616 -0.619736 6.640000 6.640000 0.140528 0.111390 0.910000 0.910000 -0.131425 -0.096367 6.580000 6.580000 0.866412 1.066985 -6.980000 -6.980000 -0.103381 -0.466598 -18.990000 -18.990000 -0.193997 -0.175641 0.260000 0.260000 -0.633609 -0.637285 -4.810000 -4.810000 -0.222865 -0.216120 -6.000000 -6.000000 0.035273 0.099988 5.340000 5.340000 1.004341 1.158721 4.820000 4.820000 0.137921 -0.372013 -23.949999 -23.949999 0.198389 0.252909 -0.320000 -0.320000 0.038961 0.067095 -2.230000 -2.230000 0.138997 0.147392 -3.090000 -3.090000 -1.017542 -0.511017 0.000000 0.000000 0.260579 0.262645 0.000000 0.000000 -0.318900 -0.111421 0.000000 0.000000 -0.241233 -0.206445 0.000000 0.000000 0.333969 0.399410 0.000000 0.000000 -0.837382 -0.514403 0.000000 0.000000 -0.168114 -0.206405 0.000000 0.000000 0.423517 0.250865 0.000000 0.000000 -0.200598 -0.169582 0.000000 0.000000 -0.219036 -0.199141 0.000000 0.000000
7.400000 -0.559808 -0.620242 4.880000 4.880000 0.101760 0.093016 0.540000 0.540000 -0.129111 -0.113997 3.630000 3.630000 0.864667 1.040837 -4.180000 -4.180000 0.001509 -0.445950 -20.199999 -20.199999 -0.199666 -0.185644 0.230000 0.230000 -0.568952 -0.584071 1.850000 1.850000 -0.226329 -0.229130 -3.660000 -3.660000 0.003424 0.075408 5.950000 5.950000 0.980468 1.082546 9.580000 9.580000 0.274650 -0.452191 -22.059999 -22.059999 0.202617 0.234565 0.490000 0.490000 0.014192 0.058098 -2.430000 -2.430000 0.132888 0.141548 -4.380000 -4.380000 -1.123144 -0.613733 0.000000 0.000000 0.281474 0.259571 0.000000 0.000000 -0.357153 -0.164789 0.000000 0.000000 -0.249246 -0.207502 0.000000 0.000000 0.322714 0.397364 0.000000 0.000000 -0.888480 -0.593188 0.000000 0.000000 -0.211033 -0.201224 0.000000 0.000000 0.484771 0.294954 0.000000 0.000000 -0.178821 -0.168413 0.000000 0.000000 -0.217276 -0.199500 0.000000 0.000000
7.420000 -0.548951 -0.619414 5.640000 5.640000 0.092393 0.075337 0.200000 0.200000 -0.148700 -0.121731 4.260000 4.260000 0.870205 1.009117 -0.210000 -0.210000 0.148418 -0.421634 -15.980000 -15.980000 -0.183644 -0.189830 0.500000 0.500000 -0.498389 -0.528955 1.550000 1.550000 -0.236024 -0.251459 0.100000 0.100000 -0.012661 0.029820 4.690000 4.690000 0.988552 1.017442 17.270000 17.270000 0.365198 -0.499533 -20.320000 -20.320000 0.216791 0.203949 2.760000 2.760000 0.014550 0.041545 -2.090000 -2.090000 0.132370 0.138660 -3.090000 -3.090000 -1.176378 -0.711785 0.000000 0.000000 0.299770 0.260013 0.000000 0.000000 -0.371945 -0.212662 0.000000 0.000000 -0.262043 -0.215775 0.000000 0.000000 0.312280 0.388889 0.000000 0.000000 -0.915201 -0.663383 0.000000 0.000000 -0.240080 -0.201480 0.000000 0.000000 0.538717 0.344177 0.000000 0.000000 -0.174088 -0.168233 0.000000 0.000000 -0.214190 -0.199410 0.000000 0.000000
7.440000 -0.591038 -0.616438 1.580000 1.580000 0.076424 0.069336 0.380000 0.380000 -0.144197 -0.130570 1.880000 1.880000 0.864267 0.979503 2.820000 2.820000 0.221822 -0.389165 -17.289999 -17.289999 -0.180437 -0.194645 0.370000 0.370000 -0.426787 -0.524583 7.400000 7.400000 -0.249848 -0.269118 0.370000 0.370000 -0.043831 -0.010354 4.010000 4.010000 0.991885 1.002930 12.290000 12.290000 0.491646 -0.503237 -18.119999 -18.119999 0.224786 0.171299 1.860000 1.860000 -0.014745 0.036827 -4.690000 -4.690000 0.128137 0.129478 -4.160000 -4.160000 -1.173052 -0.802228 0.000000 0.000000 0.294087 0.257790 0.000000 0.000000 -0.370830 -0.253259 0.000000 0.000000 -0.261449 -0.221171 0.000000 0.000000 0.307967 0.380098 0.000000 0.000000 -0.925725 -0.723638 0.000000 0.000000 -0.238070 -0.203716 0.000000 0.000000 0.556354 0.396940 0.000000 0.000000 -0.214968 -0.169807 0.000000 0.000000 -0.212268 -0.198713 0.000000 0.000000
7.460000 -0.580483 -0.611560 2.150000 2.150000 0.057184 0.061867 0.350000 0.350000 -0.134400 -0.143756 -0.460000 -0.460000 0.913205 0.943243 9.940000 9.940000 0.417842 -0.354200 -12.280000 -12.280000 -0.196715 -0.196318 0.310000 0.310000 -0.415035 -0.518447 9.260000 9.260000 -0.295165 -0.283400 -0.370000 -0.370000 -0.067441 -0.043725 1.440000 1.440000 0.970399 1.011731 10.580000 10.580000 0.320553 -0.460544 -15.250000 -15.250000 0.210363 0.172737 0.680000 0.680000 0.009315 0.024395 -2.970000 -2.970000 0.122411 0.119728 -0.880000 -0.880000 -1.200937 -0.877087 0.000000 0.000000 0.277580 0.256998 0.000000 0.000000 -0.370890 -0.283203 0.000000 0.000000 -0.252698 -0.229703 0.000000 0.000000 0.311003 0.370060 0.000000 0.000000 -0.873591 -0.760699 0.000000 0.000000 -0.250177 -0.211504 0.000000 0.000000 0.603805 0.439772 0.000000 0.000000 -0.249711 -0.174652 0.000000 0.000000 -0.202611 -0.198230 0.000000 0.000000
7.480000 -0.558326 -0.607526 4.350000 4.350000 0.095599 0.053341 5.700000 5.700000 -0.125110 -0.147368 1.640000 1.640000 0.923956 0.919930 14.450000 14.450000 0.548997 -0.314667 -13.059999 -13.059999 -0.194065 -0.203530 0.640000 0.640000 -0.472973 -0.525810 4.010000 4.010000 -0.340355 -0.305983 -2.040000 -2.040000 -0.086245 -0.073200 -2.180000 -2.180000 0.996400 1.018393 6.600000 6.600000 -0.003946 -0.448960 -9.349999 -9.349999 0.135572 0.169232 0.030000 0.030000 0.046222 0.024042 3.710000 3.710000 0.079536 0.105769 0.010000 0.010000 -1.211801 -0.953295 0.000000 0.000000 0.236867 0.251072 0.000000 0.000000 -0.377620 -0.304752 0.000000 0.000000 -0.239966 -0.230681 0.000000 0.000000 0.307855 0.368745 0.000000 0.000000 -0.837945 -0.790642 0.000000 0.000000 -0.290128 -0.225440 0.000000 0.000000 0.632411 0.482417 0.000000 0.000000 -0.281834 -0.186758 0.000000 0.000000 -0.196407 -0.201524 0.000000 0.000000
7.500000 -0.561619 -0.611269 4.910000 4.910000 0.128726 0.063287 8.670000 8.670000 -0.101702 -0.136796 3.990000 3.990000 0.952677 0.908433 17.690001 17.690001 0.648217 -0.271608 -11.059999 -11.059999 -0.228701 -0.205404 -0.290000 -0.290000 -0.506928 -0.518417 0.700000 0.700000 -0.339810 -0.326247 -0.610000 -0.610000 -0.116904 -0.101980 -1.830000 -1.830000 1.006385 1.025555 3.360000 3.360000 -0.147054 -0.437743 -5.740000 -5.740000 0.081461 0.155735 -0.250000 -0.250000 0.087658 0.025139 9.179999 9.179999 0.056024 0.091301 2.810000 2.810000 -1.205201 -1.011341 0.000000 0.000000 0.196073 0.246182 0.000000 0.000000 -0.361121 -0.316977 0.000000 0.000000 -0.228563 -0.230299 0.000000 0.000000 0.304242 0.368161 0.000000 0.000000 -0.839674 -0.807945 0.000000 0.000000 -0.330011 -0.243043 0.000000 0.000000 0.653351 0.518695 0.000000 0.000000 -0.310489 -0.200922 0.000000 0.000000 -0.193208 -0.194464 0.000000 0.000000
7.520000 -0.661554 -0.631655 -1.470000 -1.470000 0.173468 0.087172 9.040000 9.040000 -0.042855 -0.101203 3.920000 3.920000 0.969515 0.913563 13.880000 13.880000 0.585194 -0.227070 -10.860000 -10.860000 -0.263780 -0.208930 -0.760000 -0.760000 -0.463888 -0.506605 2.770000 2.770000 -0.323728 -0.323672 -0.240000 -0.240000 -0.135722 -0.138914 -2.730000 -2.730000 0.984193 1.028365 2.040000 2.040000 -0.101130 -0.420621 -7.550000 -7.550000 0.046892 0.135953 -0.570000 -0.570000 0.079033 0.039558 7.160000 7.160000 0.035851 0.075452 0.150000 0.150000 -1.127171 -1.052697 0.000000 0.000000 0.199969 0.239546 0.000000 0.000000 -0.330227 -0.322099 0.000000 0.000000 -0.205000 -0.222306 0.000000 0.000000 0.313926 0.361832 0.000000 0.000000 -0.841552 -0.818499 0.000000 0.000000 -0.330787 -0.260180 0.000000 0.000000 0.658532 0.556020 0.000000 0.000000 -0.310956 -0.218806 0.000000 0.000000 -0.201932 -0.189350 0.000000 0.000000
7.540000 -0.760323 -0.670634 -3.940000 -3.940000 0.229279 0.124556 10.990000 10.990000 0.012663 -0.051446 5.440000 5.440000 0.971467 0.939948 6.480000 6.480000 0.398098 -0.191785 -7.430000 -7.430000 -0.298059 -0.218166 -0.790000 -0.790000 -0.372580 -0.485421 6.930000 6.930000 -0.318067 -0.305298 -1.260000 -1.260000 -0.166026 -0.162613 -2.660000 -2.660000 0.943343 1.025661 2.590000 2.590000 0.018873 -0.404481 -12.980000 -12.980000 0.078002 0.118951 0.020000 0.020000 0.044413 0.058343 -0.090000 -0.090000 0.032652 0.057392 -4.050000 -4.050000 -1.057763 -1.076382 0.000000 0.000000 0.234758 0.235669 0.000000 0.000000 -0.294819 -0.321738 0.000000 0.000000 -0.202406 -0.218664 0.000000 0.000000 0.317213 0.359898 0.000000 0.000000 -0.821908 -0.824022 0.000000 0.000000 -0.273514 -0.273907 0.000000 0.000000 0.637438 0.579758 0.000000 0.000000 -0.290839 -0.226967 0.000000 0.000000 -0.201770 -0.199309 0.000000 0.000000
7.560000 -0.828119 -0.725335 -6.900000 -6.900000 0.263657 0.187784 3.750000 3.750000 0.063588 0.030361 6.300000 6.300000 1.008178 0.984477 8.059999 8.059999 0.459323 -0.131107 -6.890000 -6.890000 -0.316654 -0.234529 -0.650000 -0.650000 -0.343364 -0.457103 8.670000 8.670000 -0.311447 -0.283420 -3.250000 -3.250000 -0.212193 -0.190737 -3.780000 -3.780000 0.960215 1.015140 7.450000 7.450000 0.125643 -0.403440 -14.660000 -14.660000 0.072502 0.113519 -0.670000 -0.670000 0.049067 0.084509 -5.270000 -5.270000 0.014381 0.033575 -4.740000 -4.740000 -1.039902 -1.084972 0.000000 0.000000 0.266369 0.237032 0.000000 0.000000 -0.294883 -0.317373 0.000000 0.000000 -0.196917 -0.218440 0.000000 0.000000 0.323491 0.360123 0.000000 0.000000 -0.822854 -0.827703 0.000000 0.000000 -0.210720 -0.271241 0.000000 0.000000 0.599006 0.590062 0.000000 0.000000 -0.284997 -0.232823 0.000000 0.000000 -0.203781 -0.203794 0.000000 0.000000
7.580000 -0.850630 -0.775512 -5.180000 -5.180000 0.283048 0.241927 0.070000 0.070000 0.110267 0.103613 4.410000 4.410000 1.076115 1.037092 3.520000 3.520000 0.539183 -0.055248 -5.140000 -5.140000 -0.331319 -0.248675 -0.790000 -0.790000 -0.345560 -0.436886 5.980000 5.980000 -0.297733 -0.269255 -3.840000 -3.840000 -0.256995 -0.225517 -2.180000 -2.180000 0.954991 1.009764 8.570000 8.570000 0.249310 -0.416338 -16.250000 -16.250000 0.057584 0.109822 -0.630000 -0.630000 0.068949 0.102296 -6.070000 -6.070000 0.002052 0.005334 -3.640000 -3.640000 -1.043388 -1.089758 0.000000 0.000000 0.290649 0.242701 0.000000 0.000000 -0.311241 -0.312890 0.000000 0.000000 -0.195432 -0.218440 0.000000 0.000000 0.329680 0.360123 0.000000 0.000000 -0.855946 -0.822426 0.000000 0.000000 -0.207228 -0.262940 0.000000 0.000000 0.558130 0.588956 0.000000 0.000000 -0.271145 -0.234633 0.000000 0.000000 -0.203516 -0.206234 0.000000 0.000000
7.600000 -0.889167 -0.841458 -0.950000 -0.950000 0.331503 0.300945 -2.510000 -2.510000 0.147890 0.163551 3.190000 3.190000 1.112473 1.101344 0.540000 0.540000 0.653705 0.042833 -5.620000 -5.620000 -0.331374 -0.261480 -0.670000 -0.670000 -0.364495 -0.412173 3.860000 3.860000 -0.309945 -0.259456 -5.210000 -5.210000 -0.286710 -0.268266 -6.580000 -6.580000 0.927607 1.011559 6.620000 6.620000 0.184650 -0.424632 -20.359999 -20.359999 0.044310 0.098754 -0.390000 -0.390000 0.082539 0.121492 -5.160000 -5.160000 -0.025992 -0.022164 -3.790000 -3.790000 -1.027727 -1.090371 0.000000 0.000000 0.345249 0.252504 0.000000 0.000000 -0.342767 -0.316360 0.000000 0.000000 -0.205012 -0.217877 0.000000 0.000000 0.334991 0.360550 0.000000 0.000000 -0.851640 -0.813222 0.000000 0.000000 -0.249217 -0.256921 0.000000 0.000000 0.505333 0.579816 0.000000 0.000000 -0.250638 -0.234251 0.000000 0.000000 -0.207241 -0.206796 0.000000 0.000000
7.620000 -0.911182 -0.897325 -0.630000 -0.630000 0.383558 0.354442 -0.970000 -0.970000 0.173668 0.193065 3.320000 3.320000 1.137484 1.153182 -2.800000 -2.800000 0.717291 0.150178 -6.210000 -6.210000 -0.328638 -0.271781 -0.240000 -0.240000 -0.376990 -0.402187 1.420000 1.420000 -0.307090 -0.257616 -4.530000 -4.530000 -0.325278 -0.311710 -5.740000 -5.740000 0.918375 1.019598 2.860000 2.860000 0.016546 -0.453492 -18.369999 -18.369999 0.039819 0.086535 -0.460000 -0.460000 0.118405 0.131046 -2.980000 -2.980000 -0.037743 -0.040998 -1.220000 -1.220000 -0.974081 -1.084481 0.000000 0.000000 0.376860 0.264368 0.000000 0.000000 -0.354853 -0.326593 0.000000 0.000000 -0.197528 -0.217877 0.000000 0.000000 0.330926 0.360550 0.000000 0.000000 -0.805651 -0.803896 0.000000 0.000000 -0.308887 -0.252706 0.000000 0.000000 0.477896 0.564099 0.000000 0.000000 -0.251280 -0.233959 0.000000 0.000000 -0.208473 -0.207088 0.000000 0.000000
7.640000 -0.947584 -0.955954 2.710000 2.710000 0.431440 0.401390 -0.310000 -0.310000 0.202721 0.211586 2.970000 2.970000 1.167365 1.196980 -2.560000 -2.560000 0.705684 0.276965 -4.520000 -4.520000 -0.299480 -0.279398 -0.190000 -0.190000 -0.401680 -0.391311 -0.970000 -0.970000 -0.307008 -0.259211 -3.270000 -3.270000 -0.354287 -0.353969 -5.600000 -5.600000 0.877633 1.031889 -0.020000 -0.020000 -0.098887 -0.491688 -17.340000 -17.340000 0.045503 0.074114 0.020000 0.020000 0.115498 0.138956 -1.600000 -1.600000 -0.054232 -0.051511 -2.170000 -2.170000 -0.883370 -1.063005 0.000000 0.000000 0.406332 0.281051 0.000000 0.000000 -0.352477 -0.337549 0.000000 0.000000 -0.200190 -0.217462 0.000000 0.000000 0.326597 0.360494 0.000000 0.000000 -0.761834 -0.793956 0.000000 0.000000 -0.358833 -0.261985 0.000000 0.000000 0.423271 0.545088 0.000000 0.000000 -0.254635 -0.234116 0.000000 0.000000 -0.213756 -0.207245 0.000000 0.000000
7.660000 -0.968490 -0.998476 4.020000 4.020000 0.457059 0.438256 -1.390000 -1.390000 0.211190 0.226759 2.820000 2.820000 1.199010 1.224595 -1.690000 -1.690000 0.688174 0.378063 -2.620000 -2.620000 -0.270589 -0.279344 0.190000 0.190000 -0.392704 -0.383534 -1.430000 -1.430000 -0.301465 -0.262315 -1.950000 -1.950000 -0.360068 -0.379783 -5.560000 -5.560000 0.878298 1.031545 -0.630000 -0.630000 -0.165819 -0.527517 -20.850000 -20.850000 0.053068 0.064090 0.360000 0.360000 0.118492 0.136949 -1.520000 -1.520000 -0.051351 -0.052265 -2.030000 -2.030000 -0.793429 -1.032816 0.000000 0.000000 0.438673 0.303823 0.000000 0.000000 -0.351376 -0.342951 0.000000 0.000000 -0.199009 -0.217462 0.000000 0.000000 0.318436 0.360494 0.000000 0.000000 -0.717053 -0.781193 0.000000 0.000000 -0.393181 -0.279099 0.000000 0.000000 0.394970 0.518916 0.000000 0.000000 -0.241023 -0.233948 0.000000 0.000000 -0.213594 -0.207616 0.000000 0.000000
7.680000 -1.034245 -1.033819 0.700000 0.700000 0.473210 0.468710 -1.030000 -1.030000 0.229449 0.238692 1.270000 1.270000 1.223658 1.248105 -2.580000 -2.580000 0.633941 0.474038 -0.580000 -0.580000 -0.227691 -0.276266 0.510000 0.510000 -0.417890 -0.377674 -2.840000 -2.840000 -0.297800 -0.263558 -1.030000 -1.030000 -0.370665 -0.388348 -5.940000 -5.940000 0.871145 1.041149 -4.180000 -4.180000 -0.137323 -0.576859 -24.699999 -24.699999 0.082873 0.051680 0.680000 0.680000 0.098776 0.133748 -5.150000 -5.150000 -0.045603 -0.047341 -3.840000 -3.840000 -0.719342 -0.991829 0.000000 0.000000 0.483916 0.331648 0.000000 0.000000 -0.379978 -0.346583 0.000000 0.000000 -0.203980 -0.218102 0.000000 0.000000 0.309685 0.359854 0.000000 0.000000 -0.667307 -0.765117 0.000000 0.000000 -0.423305 -0.303979 0.000000 0.000000 0.400070 0.492267 0.000000 0.000000 -0.220001 -0.232419 0.000000 0.000000 -0.218896 -0.208313 0.000000 0.000000
7.700000 -1.056146 -1.059391 0.630000 0.630000 0.486666 0.483344 -1.280000 -1.280000 0.231830 0.242813 0.550000 0.550000 1.242687 1.257463 -2.720000 -2.720000 0.601303 0.529911 0.040000 0.040000 -0.191723 -0.264271 0.410000 0.410000 -0.420352 -0.389271 -1.940000 -1.940000 -0.285773 -0.264576 -0.790000 -0.790000 -0.376962 -0.393008 -3.850000 -3.850000 0.887854 1.074205 -5.940000 -5.940000 -0.108168 -0.584787 -23.109999 -23.109999 0.118133 0.051893 1.280000 1.280000 0.081567 0.137830 -6.490000 -6.490000 -0.035618 -0.047077 -3.630000 -3.630000 -0.638668 -0.934396 0.000000 0.000000 0.530769 0.359962 0.000000 0.000000 -0.393807 -0.359296 0.000000 0.000000 -0.210723 -0.217417 0.000000 0.000000 0.301974 0.357504 0.000000 0.000000 -0.595661 -0.740696 0.000000 0.000000 -0.457158 -0.333713 0.000000 0.000000 0.414763 0.470426 0.000000 0.000000 -0.217780 -0.229013 0.000000 0.000000 -0.224570 -0.209314 0.000000 0.000000
7.720000 -1.070040 -1.073519 0.510000 0.510000 0.508290 0.495512 -0.120000 -0.120000 0.233932 0.241824 1.590000 1.590000 1.262454 1.262347 -0.660000 -0.660000 0.601429 0.572201 0.720000 0.720000 -0.170348 -0.242795 0.130000 0.130000 -0.445740 -0.397539 -3.510000 -3.510000 -0.306414 -0.267180 -2.100000 -2.100000 -0.375777 -0.390502 -4.840000 -4.840000 0.863660 1.100828 -7.260000 -7.260000 -0.225310 -0.583308 -24.180000 -24.180000 0.135362 0.052340 1.550000 1.550000 0.090554 0.128756 -5.040000 -5.040000 -0.030189 -0.045227 -2.200000 -2.200000 -0.518809 -0.859293 0.000000 0.000000 0.596601 0.399045 0.000000 0.000000 -0.417844 -0.374280 0.000000 0.000000 -0.222958 -0.218788 0.000000 0.000000 0.297658 0.356380 0.000000 0.000000 -0.509077 -0.701794 0.000000 0.000000 -0.504117 -0.366777 0.000000 0.000000 0.402430 0.455244 0.000000 0.000000 -0.220117 -0.229957 0.000000 0.000000 -0.225761 -0.209426 0.000000 0.000000
7.740000 -1.079754 -1.078059 0.220000 0.220000 0.530029 0.505115 1.390000 1.390000 0.245989 0.243107 1.860000 1.860000 1.292040 1.260995 1.390000 1.390000 0.573276 0.588992 2.360000 2.360000 -0.160306 -0.222353 0.110000 0.110000 -0.439274 -0.405884 -2.660000 -2.660000 -0.297111 -0.272603 -0.830000 -0.830000 -0.367702 -0.388642 -5.170000 -5.170000 0.865324 1.108891 -9.550000 -9.550000 -0.217347 -0.603068 -22.549999 -22.549999 0.150967 0.050945 2.040000 2.040000 0.079579 0.118487 -3.720000 -3.720000 -0.025881 -0.040362 -2.020000 -2.020000 -0.340827 -0.787379 0.000000 0.000000 0.667106 0.435020 0.000000 0.000000 -0.424697 -0.388111 0.000000 0.000000 -0.220971 -0.218900 0.000000 0.000000 0.291285 0.356268 0.000000 0.000000 -0.416221 -0.657370 0.000000 0.000000 -0.532297 -0.400586 0.000000 0.000000 0.395138 0.442391 0.000000 0.000000 -0.208180 -0.228664 0.000000 0.000000 -0.229759 -0.209640 0.000000 0.000000
7.760000 -1.085886 -1.081787 -0.410000 -0.410000 0.548199 0.521766 2.510000 2.510000 0.267941 0.251927 1.070000 1.070000 1.307011 1.260446 3.130000 3.130000 0.593286 0.589477 3.100000 3.100000 -0.161294 -0.205926 0.020000 0.020000 -0.444551 -0.413048 -1.600000 -1.600000 -0.292404 -0.265868 -0.000000 -0.000000 -0.343938 -0.387917 -7.920000 -7.920000 0.870067 1.118790 -9.300000 -9.300000 -0.203005 -0.612582 -24.010000 -24.010000 0.160992 0.046972 2.180000 2.180000 0.099129 0.108669 -2.430000 -2.430000 -0.015606 -0.032540 0.190000 0.190000 -0.155603 -0.696077 0.000000 0.000000 0.718199 0.480960 0.000000 0.000000 -0.424281 -0.399497 0.000000 0.000000 -0.229103 -0.218810 0.000000 0.000000 0.288469 0.355526 0.000000 0.000000 -0.335442 -0.597238 0.000000 0.000000 -0.557047 -0.432637 0.000000 0.000000 0.390939 0.432041 0.000000 0.000000 -0.176179 -0.226472 0.000000 0.000000 -0.225693 -0.209876 0.000000 0.000000
7.780000 -1.073465 -1.082937 0.730000 0.730000 0.557620 0.544653 0.090000 0.090000 0.275181 0.267197 0.300000 0.300000 1.308263 1.262593 2.760000 2.760000 0.567167 0.586306 2.970000 2.970000 -0.168388 -0.194688 -0.010000 -0.010000 -0.436888 -0.426240 -0.210000 -0.210000 -0.287690 -0.250186 -0.820000 -0.820000 -0.330414 -0.379323 -9.179999 -9.179999 0.860680 1.120470 -10.370000 -10.370000 -0.240126 -0.612570 -24.109999 -24.109999 0.163335 0.046972 2.170000 2.170000 0.100743 0.102316 -0.840000 -0.840000 -0.007137 -0.021391 0.870000 0.870000 0.023463 -0.575935 0.000000 0.000000 0.708582 0.529450 0.000000 0.000000 -0.411560 -0.408846 0.000000 0.000000 -0.222845 -0.218529 0.000000 0.000000 0.284052 0.355245 0.000000 0.000000 -0.243832 -0.528270 0.000000 0.000000 -0.563991 -0.459740 0.000000 0.000000 0.382564 0.423449 0.000000 0.000000 -0.134750 -0.216861 0.000000 0.000000 -0.224881 -0.212630 0.000000 0.000000
7.800000 -1.078748 -1.083213 0.380000 0.380000 0.574238 0.571720 -2.010000 -2.010000 0.277029 0.282928 -0.030000 -0.030000 1.295784 1.266526 2.000000 2.000000 0.523577 0.575443 1.550000 1.550000 -0.175981 -0.188232 0.040000 0.040000 -0.448196 -0.438113 -0.290000 -0.290000 -0.285868 -0.234161 -1.090000 -1.090000 -0.319859 -0.366548 -10.389999 -10.389999 0.837860 1.119429 -10.809999 -10.809999 -0.250160 -0.614073 -25.809999 -25.809999 0.168568 0.046972 2.250000 2.250000 0.106703 0.092918 0.270000 0.270000 0.003977 -0.009820 2.860000 2.860000 0.203669 -0.440577 0.000000 0.000000 0.654580 0.567473 0.000000 0.000000 -0.389677 -0.406890 0.000000 0.000000 -0.208082 -0.213033 0.000000 0.000000 0.272400 0.351029 0.000000 0.000000 -0.149523 -0.455498 0.000000 0.000000 -0.564775 -0.480475 0.000000 0.000000 0.355398 0.414543 0.000000 0.000000 -0.093847 -0.196324 0.000000 0.000000 -0.223061 -0.215743 0.000000 0.000000
7.820000 -1.053304 -1.084118 2.510000 2.510000 0.571270 0.594088 -3.020000 -3.020000 0.289762 0.292473 -1.940000 -1.940000 1.278220 1.268656 0.800000 0.800000 0.495559 0.552559 0.750000 0.750000 -0.184500 -0.186315 -0.100000 -0.100000 -0.455558 -0.448467 -0.120000 -0.120000 -0.277726 -0.222532 -2.340000 -2.340000 -0.318164 -0.358286 -11.010000 -11.010000 0.824017 1.115037 -12.460000 -12.460000 -0.249382 -0.620415 -26.420000 -26.420000 0.168784 0.046972 2.230000 2.230000 0.121080 0.087035 1.740000 1.740000 0.022408 0.001310 5.520000 5.520000 0.371729 -0.292947 0.000000 0.000000 0.572055 0.582038 0.000000 0.000000 -0.338340 -0.396167 0.000000 0.000000 -0.176846 -0.195328 0.000000 0.000000 0.268833 0.334202 0.000000 0.000000 -0.043560 -0.377449 0.000000 0.000000 -0.527638 -0.493980 0.000000 0.000000 0.313890 0.399129 0.000000 0.000000 -0.046893 -0.164906 0.000000 0.000000 -0.226005 -0.216429 0.000000 0.000000
7.840000 -1.038682 -1.081265 3.510000 3.510000 0.572730 0.598855 -2.280000 -2.280000 0.292365 0.295086 -2.750000 -2.750000 1.250977 1.269705 -0.170000 -0.170000 0.427671 0.523711 -1.430000 -1.430000 -0.192335 -0.183758 -0.180000 -0.180000 -0.463896 -0.455984 -0.570000 -0.570000 -0.274910 -0.211343 -1.790000 -1.790000 -0.314470 -0.357395 -11.099999 -11.099999 0.799410 1.113398 -13.690000 -13.690000 -0.231497 -0.619445 -27.150000 -27.150000 0.181025 0.046972 2.540000 2.540000 0.108179 0.086565 0.640000 0.640000 0.030643 0.008965 4.920000 4.920000 0.514903 -0.130467 0.000000 0.000000 0.485733 0.574505 0.000000 0.000000 -0.271997 -0.378296 0.000000 0.000000 -0.154207 -0.175522 0.000000 0.000000 0.270585 0.315564 0.000000 0.000000 0.054528 -0.290932 0.000000 0.000000 -0.475544 -0.500337 0.000000 0.000000 0.269001 0.377218 0.000000 0.000000 -0.003717 -0.132251 0.000000 0.000000 -0.224766 -0.216171 0.000000 0.000000
7.860000 -0.988771 -1.075405 5.920000 5.920000 0.561506 0.592795 -1.950000 -1.950000 0.290200 0.288851 -2.960000 -2.960000 1.231803 1.269869 -1.440000 -1.440000 0.376243 0.480214 -3.170000 -3.170000 -0.207785 -0.182256 -0.460000 -0.460000 -0.468814 -0.458147 -0.880000 -0.880000 -0.299386 -0.213555 -3.270000 -3.270000 -0.303016 -0.356397 -12.639999 -12.639999 0.770865 1.106187 -17.080000 -17.080000 -0.312615 -0.611493 -28.730000 -28.730000 0.177987 0.046780 2.680000 2.680000 0.129739 0.083618 2.450000 2.450000 0.032101 0.011618 7.290000 7.290000 0.653037 0.027226 0.000000 0.000000 0.406723 0.544771 0.000000 0.000000 -0.207090 -0.350611 0.000000 0.000000 -0.142752 -0.161471 0.000000 0.000000 0.273444 0.305065 0.000000 0.000000 0.174147 -0.204539 0.000000 0.000000 -0.404885 -0.494376 0.000000 0.000000 0.203379 0.346669 0.000000 0.000000 0.045822 -0.094717 0.000000 0.000000 -0.219931 -0.213372 0.000000 0.000000
7.880000 -0.939910 -1.055586 8.240000 8.240000 0.554962 0.580843 -2.190000 -2.190000 0.281637 0.284103 -1.680000 -1.680000 1.183363 1.267280 -3.080000 -3.080000 0.320504 0.433854 -7.240000 -7.240000 -0.208759 -0.182938 -0.460000 -0.460000 -0.478178 -0.453483 -2.320000 -2.320000 -0.298906 -0.219860 -2.010000 -2.010000 -0.293995 -0.351757 -13.219999 -13.219999 0.767870 1.101139 -16.070000 -16.070000 -0.402487 -0.615611 -26.250000 -26.250000 0.183121 0.045704 2.580000 2.580000 0.130966 0.082689 4.250000 4.250000 0.024402 0.012940 6.150000 6.150000 0.752195 0.184060 0.000000 0.000000 0.318974 0.492823 0.000000 0.000000 -0.144856 -0.312960 0.000000 0.000000 -0.141332 -0.147498 0.000000 0.000000 0.275400 0.294308 0.000000 0.000000 0.271473 -0.115813 0.000000 0.000000 -0.339215 -0.471895 0.000000 0.000000 0.129660 0.306352 0.000000 0.000000 0.106764 -0.053396 0.000000 0.000000 -0.215707 -0.218183 0.000000 0.000000
7.900000 -0.887522 -1.021087 9.980000 9.980000 0.543426 0.562802 -1.110000 -1.110000 0.276811 0.284446 -0.310000 -0.310000 1.129091 1.255062 -4.750000 -4.750000 0.274940 0.367248 -8.860000 -8.860000 -0.202411 -0.182533 -0.470000 -0.470000 -0.492441 -0.441948 -5.170000 -5.170000 -0.320528 -0.224920 -2.270000 -2.270000 -0.271576 -0.345188 -15.120000 -15.120000 0.767256 1.093847 -17.369999 -17.369999 -0.505976 -0.623894 -23.850000 -23.850000 0.161066 0.045512 2.090000 2.090000 0.153416 0.083237 7.360000 7.360000 0.018545 0.014036 8.260000 8.260000 0.797560 0.331936 0.000000 0.000000 0.288750 0.437057 0.000000 0.000000 -0.086457 -0.267136 0.000000 0.000000 -0.141889 -0.141833 0.000000 0.000000 0.281746 0.289002 0.000000 0.000000 0.317330 -0.024633 0.000000 0.000000 -0.272715 -0.433941 0.000000 0.000000 0.052939 0.256965 0.000000 0.000000 0.157033 -0.007848 0.000000 0.000000 -0.221121 -0.216159 0.000000 0.000000
7.920000 -0.830725 -0.980605 8.440000 8.440000 0.535105 0.537409 -0.530000 -0.530000 0.274693 0.289125 3.170000 3.170000 1.095288 1.237190 -5.110000 -5.110000 0.211676 0.293448 -10.679999 -10.679999 -0.192219 -0.181148 -0.310000 -0.310000 -0.488601 -0.425289 -5.460000 -5.460000 -0.316684 -0.232908 -0.920000 -0.920000 -0.253533 -0.334264 -16.719999 -16.719999 0.773161 1.087389 -19.609999 -19.609999 -0.563218 -0.629976 -22.020000 -22.020000 0.141838 0.047046 1.540000 1.540000 0.144604 0.083374 7.120000 7.120000 0.011105 0.014721 6.130000 6.130000 0.827263 0.470485 0.000000 0.000000 0.225621 0.376343 0.000000 0.000000 -0.032427 -0.219438 0.000000 0.000000 -0.137484 -0.135830 0.000000 0.000000 0.281171 0.284303 0.000000 0.000000 0.371194 0.067283 0.000000 0.000000 -0.215460 -0.383809 0.000000 0.000000 -0.021265 0.199010 0.000000 0.000000 0.201342 0.034452 0.000000 0.000000 -0.217437 -0.215811 0.000000 0.000000
7.940000 -0.784003 -0.924139 11.559999 11.559999 0.533506 0.510607 0.830000 0.830000 0.277850 0.295527 6.860000 6.860000 1.050512 1.214189 -6.290000 -6.290000 0.090436 0.214607 -10.929999 -10.929999 -0.181779 -0.179913 -0.040000 -0.040000 -0.493806 -0.415226 -5.950000 -5.950000 -0.316794 -0.236364 -0.490000 -0.490000 -0.241780 -0.316125 -14.889999 -14.889999 0.770858 1.074016 -20.410000 -20.410000 -0.618402 -0.629195 -19.299999 -19.299999 0.132158 0.052671 1.170000 1.170000 0.137628 0.089286 7.210000 7.210000 0.003096 0.018617 2.940000 2.940000 0.871058 0.581914 0.000000 0.000000 0.221868 0.331462 0.000000 0.000000 0.009068 -0.174837 0.000000 0.000000 -0.126202 -0.135178 0.000000 0.000000 0.274480 0.283944 0.000000 0.000000 0.420232 0.144227 0.000000 0.000000 -0.173723 -0.336204 0.000000 0.000000 -0.107645 0.140112 0.000000 0.000000 0.223021 0.071041 0.000000 0.000000 -0.214015 -0.209909 0.000000 0.000000
7.960000 -0.749524 -0.866508 5.830000 5.830000 0.518443 0.487485 1.770000 1.770000 0.290140 0.308468 8.429999 8.429999 1.029422 1.178183 -6.960000 -6.960000 -0.022127 0.125791 -10.500000 -10.500000 -0.186667 -0.179391 -0.200000 -0.200000 -0.471312 -0.407725 -5.610000 -5.610000 -0.303740 -0.236560 -1.390000 -1.390000 -0.223126 -0.286855 -12.520000 -12.520000 0.765941 1.061290 -19.570000 -19.570000 -0.653989 -0.622107 -19.240000 -19.240000 0.141235 0.054215 1.420000 1.420000 0.112636 0.099624 3.790000 3.790000 -0.000466 0.028015 -1.490000 -1.490000 0.870269 0.682052 0.000000 0.000000 0.230497 0.289829 0.000000 0.000000 0.040582 -0.131527 0.000000 0.000000 -0.129082 -0.134324 0.000000 0.000000 0.273100 0.282819 0.000000 0.000000 0.445869 0.217368 0.000000 0.000000 -0.168901 -0.284431 0.000000 0.000000 -0.183783 0.075556 0.000000 0.000000 0.220104 0.101830 0.000000 0.000000 -0.215404 -0.208077 0.000000 0.000000
7.980000 -0.736352 -0.802694 2.580000 2.580000 0.489854 0.461554 2.910000 2.910000 0.315537 0.324180 6.490000 6.490000 0.991197 1.136408 -5.510000 -5.510000 -0.143024 0.032148 -9.920000 -9.920000 -0.178768 -0.179284 -0.140000 -0.140000 -0.445566 -0.400423 -4.130000 -4.130000 -0.277983 -0.233731 -2.310000 -2.310000 -0.217220 -0.259887 -9.300000 -9.300000 0.785553 1.050416 -15.780000 -15.780000 -0.580724 -0.617694 -17.719999 -17.719999 0.167395 0.059222 1.540000 1.540000 0.106561 0.114669 1.950000 1.950000 -0.000111 0.035543 -6.940000 -6.940000 0.813041 0.760224 0.000000 0.000000 0.264548 0.258663 0.000000 0.000000 0.042392 -0.095867 0.000000 0.000000 -0.134245 -0.133705 0.000000 0.000000 0.259020 0.282201 0.000000 0.000000 0.461742 0.277991 0.000000 0.000000 -0.187576 -0.243160 0.000000 0.000000 -0.218825 0.009254 0.000000 0.000000 0.189557 0.123682 0.000000 0.000000 -0.219549 -0.210393 0.000000 0.000000
8.000000 -0.718480 -0.733343 0.140000 0.140000 0.471405 0.428682 3.850000 3.850000 0.327709 0.345304 7.990000 7.990000 0.954681 1.069116 -4.760000 -4.760000 -0.226710 -0.073518 -8.160000 -8.160000 -0.164629 -0.176163 -0.090000 -0.090000 -0.414140 -0.390544 -1.940000 -1.940000 -0.240559 -0.223863 -1.320000 -1.320000 -0.223594 -0.243030 -3.650000 -3.650000 0.820896 1.037084 -12.799999 -12.799999 -0.508763 -0.606251 -14.820000 -14.820000 0.173043 0.068447 1.720000 1.720000 0.094857 0.138173 -1.680000 -1.680000 0.002408 0.038097 -9.480000 -9.480000 0.758231 0.824160 0.000000 0.000000 0.278391 0.244471 0.000000 0.000000 0.048484 -0.068496 0.000000 0.000000 -0.136572 -0.133762 0.000000 0.000000 0.240973 0.279739 0.000000 0.000000 0.468780 0.330391 0.000000 0.000000 -0.228114 -0.216231 0.000000 0.000000 -0.232703 -0.048387 0.000000 0.000000 0.150031 0.136081 0.000000 0.000000 -0.221588 -0.211798 0.000000 0.000000
8.020000 -0.719169 -0.674192 -3.420000 -3.420000 0.444263 0.406843 4.320000 4.320000 0.345653 0.353106 6.610000 6.610000 0.934361 1.007437 0.430000 0.430000 -0.189325 -0.160996 -6.980000 -6.980000 -0.164839 -0.167662 -0.610000 -0.610000 -0.360673 -0.380374 0.880000 0.880000 -0.215975 -0.216913 -0.910000 -0.910000 -0.235212 -0.233280 -0.770000 -0.770000 0.861652 1.028374 -7.380000 -7.380000 -0.364810 -0.595780 -15.120000 -15.120000 0.170250 0.069086 1.920000 1.920000 0.101787 0.161236 -8.090000 -8.090000 0.025079 0.031128 -7.660000 -7.660000 0.742151 0.857662 0.000000 0.000000 0.251292 0.237788 0.000000 0.000000 0.052037 -0.049403 0.000000 0.000000 -0.150771 -0.133110 0.000000 0.000000 0.236301 0.277873 0.000000 0.000000 0.491307 0.369784 0.000000 0.000000 -0.256792 -0.209083 0.000000 0.000000 -0.227184 -0.088646 0.000000 0.000000 0.102328 0.137430 0.000000 0.000000 -0.227314 -0.210202 0.000000 0.000000
8.040000 -0.704835 -0.648544 -4.430000 -4.430000 0.434458 0.391523 2.550000 2.550000 0.341028 0.359949 7.120000 7.120000 0.928934 0.974406 -3.800000 -3.800000 -0.042056 -0.221804 -6.800000 -6.800000 -0.192069 -0.135480 -2.710000 -2.710000 -0.312282 -0.365157 3.550000 3.550000 -0.204751 -0.209189 -0.580000 -0.580000 -0.246405 -0.233388 1.480000 1.480000 0.909139 1.025047 -3.110000 -3.110000 -0.291214 -0.587497 -12.410000 -12.410000 0.140544 0.068373 1.190000 1.190000 0.108165 0.177231 -8.179999 -8.179999 0.034328 0.019714 -4.670000 -4.670000 0.746925 0.873984 0.000000 0.000000 0.200435 0.236380 0.000000 0.000000 0.046750 -0.028924 0.000000 0.000000 -0.172721 -0.130457 0.000000 0.000000 0.234683 0.271579 0.000000 0.000000 0.511769 0.410772 0.000000 0.000000 -0.256423 -0.210107 0.000000 0.000000 -0.212567 -0.119917 0.000000 0.000000 0.038183 0.133676 0.000000 0.000000 -0.228350 -0.211213 0.000000 0.000000
8.060000 -0.698013 -0.643283 -5.490000 -5.490000 0.430772 0.388205 1.180000 1.180000 0.320936 0.361172 7.880000 7.880000 0.931388 0.994187 -1.180000 -1.180000 0.099137 -0.197003 -5.720000 -5.720000 -0.242586 -0.134692 -0.900000 -0.900000 -0.326897 -0.353238 1.760000 1.760000 -0.212955 -0.213183 -1.480000 -1.480000 -0.257781 -0.235913 2.410000 2.410000 0.934781 1.022031 -3.150000 -3.150000 -0.432411 -0.580776 -7.810000 -7.810000 0.151819 0.068202 1.520000 1.520000 0.133642 0.180608 -9.910000 -9.910000 0.041602 0.015651 -3.390000 -3.390000 0.714322 0.868339 0.000000 0.000000 0.172082 0.230035 0.000000 0.000000 0.048614 -0.013079 0.000000 0.000000 -0.191492 -0.132660 0.000000 0.000000 0.240843 0.268903 0.000000 0.000000 0.513895 0.441697 0.000000 0.000000 -0.214884 -0.211923 0.000000 0.000000 -0.179924 -0.138032 0.000000 0.000000 -0.005709 0.118826 0.000000 0.000000 -0.217495 -0.216148 0.000000 0.000000
8.080000 -0.716252 -0.644909 -4.370000 -4.370000 0.446690 0.393334 1.520000 1.520000 0.302163 0.344922 8.250000 8.250000 0.998671 1.000169 3.910000 3.910000 0.249810 -0.145129 -5.110000 -5.110000 -0.292709 -0.166639 -0.660000 -0.660000 -0.306185 -0.343942 2.650000 2.650000 -0.229270 -0.217128 -2.880000 -2.880000 -0.270598 -0.242658 1.050000 1.050000 0.902152 1.016893 -4.870000 -4.870000 -0.501230 -0.586420 -9.460000 -9.460000 0.142720 0.068138 1.280000 1.280000 0.114703 0.188704 -10.510000 -10.510000 0.036378 0.011080 -5.420000 -5.420000 0.640621 0.849195 0.000000 0.000000 0.182334 0.226263 0.000000 0.000000 0.037569 0.001543 0.000000 0.000000 -0.195487 -0.138382 0.000000 0.000000 0.257391 0.263114 0.000000 0.000000 0.493231 0.472254 0.000000 0.000000 -0.219353 -0.211830 0.000000 0.000000 -0.128001 -0.145088 0.000000 0.000000 -0.041069 0.096918 0.000000 0.000000 -0.208267 -0.221060 0.000000 0.000000
8.100000 -0.758033 -0.667397 -5.450000 -5.450000 0.432299 0.403319 0.310000 0.310000 0.279782 0.321409 5.280000 5.280000 1.062483 1.023981 6.480000 6.480000 0.421070 -0.102224 -8.870000 -8.870000 -0.322075 -0.176035 -2.200000 -2.200000 -0.317779 -0.334400 1.180000 1.180000 -0.261825 -0.225361 -3.270000 -3.270000 -0.267592 -0.260582 -3.010000 -3.010000 0.849904 1.017369 -9.679999 -9.679999 -0.515106 -0.594584 -13.170000 -13.170000 0.114009 0.066828 0.930000 0.930000 0.134508 0.188860 -6.660000 -6.660000 0.024239 0.010825 -4.190000 -4.190000 0.456714 0.819865 0.000000 0.000000 0.240106 0.220884 0.000000 0.000000 0.007342 0.008133 0.000000 0.000000 -0.227259 -0.144339 0.000000 0.000000 0.255246 0.257876 0.000000 0.000000 0.433397 0.493607 0.000000 0.000000 -0.183472 -0.213553 0.000000 0.000000 -0.058975 -0.140524 0.000000 0.000000 -0.071048 0.076516 0.000000 0.000000 -0.190353 -0.211404 0.000000 0.000000
8.120000 -0.828398 -0.703768 -6.840000 -6.840000 0.447661 0.407626 0.770000 0.770000 0.236804 0.286795 5.700000 5.700000 1.103577 1.073688 6.450000 6.450000 0.493310 -0.061141 -5.380000 -5.380000 -0.328367 -0.197628 -0.790000 -0.790000 -0.370762 -0.327160 -3.860000 -3.860000 -0.295673 -0.236472 -3.980000 -3.980000 -0.258710 -0.272847 -8.059999 -8.059999 0.820144 1.020466 -12.460000 -12.460000 -0.538031 -0.597590 -14.740000 -14.740000 0.097109 0.063270 0.860000 0.860000 0.135014 0.182723 -4.600000 -4.600000 0.004721 0.008838 -5.100000 -5.100000 0.276626 0.769796 0.000000 0.000000 0.280195 0.224633 0.000000 0.000000 -0.023309 0.005665 0.000000 0.000000 -0.259059 -0.149319 0.000000 0.000000 0.259213 0.257910 0.000000 0.000000 0.369402 0.502934 0.000000 0.000000 -0.183057 -0.206195 0.000000 0.000000 0.011481 -0.121826 0.000000 0.000000 -0.105798 0.054978 0.000000 0.000000 -0.182267 -0.201625 0.000000 0.000000
8.140000 -0.894600 -0.767044 -7.060000 -7.060000 0.461856 0.421546 0.880000 0.880000 0.180663 0.234228 6.530000 6.530000 1.150100 1.128943 2.660000 2.660000 0.560707 0.017842 -4.850000 -4.850000 -0.340005 -0.229629 -0.270000 -0.270000 -0.409449 -0.320441 -6.940000 -6.940000 -0.323257 -0.243588 -5.730000 -5.730000 -0.269160 -0.285622 -11.969999 -11.969999 0.832196 1.029554 -12.139999 -12.139999 -0.597367 -0.607920 -14.280000 -14.280000 0.081627 0.059211 0.620000 0.620000 0.127745 0.170878 -3.080000 -3.080000 -0.006749 0.006352 -5.890000 -5.890000 0.101170 0.704019 0.000000 0.000000 0.334937 0.232503 0.000000 0.000000 -0.052354 -0.004255 0.000000 0.000000 -0.276804 -0.162808 0.000000 0.000000 0.269461 0.263463 0.000000 0.000000 0.285941 0.499375 0.000000 0.000000 -0.185167 -0.200083 0.000000 0.000000 0.080038 -0.087051 0.000000 0.000000 -0.146769 0.026493 0.000000 0.000000 -0.179928 -0.197331 0.000000 0.000000
8.160000 -0.952013 -0.841074 -4.270000 -4.270000 0.467177 0.427586 3.360000 3.360000 0.153870 0.182552 4.860000 4.860000 1.218540 1.189778 -0.580000 -0.580000 0.610089 0.120549 -3.050000 -3.050000 -0.354890 -0.259179 -0.210000 -0.210000 -0.424584 -0.321699 -8.200000 -8.200000 -0.341088 -0.246212 -6.280000 -6.280000 -0.274872 -0.302087 -13.480000 -13.480000 0.845975 1.050097 -11.950000 -11.950000 -0.533323 -0.626888 -18.420000 -18.420000 0.083397 0.056644 0.480000 0.480000 0.126622 0.159572 -0.680000 -0.680000 -0.016309 0.006753 -5.210000 -5.210000 -0.067043 0.620202 0.000000 0.000000 0.375440 0.246823 0.000000 0.000000 -0.051785 -0.017923 0.000000 0.000000 -0.283036 -0.178208 0.000000 0.000000 0.285140 0.265778 0.000000 0.000000 0.196705 0.483299 0.000000 0.000000 -0.176770 -0.195380 0.000000 0.000000 0.154652 -0.042135 0.000000 0.000000 -0.196176 -0.009241 0.000000 0.000000 -0.190215 -0.194914 0.000000 0.000000
8.180000 -1.026885 -0.918479 -5.930000 -5.930000 0.496028 0.436014 5.370000 5.370000 0.131589 0.141056 3.280000 3.280000 1.256479 1.249859 -3.290000 -3.290000 0.597807 0.236580 -0.220000 -0.220000 -0.368172 -0.286673 -0.050000 -0.050000 -0.436044 -0.330565 -6.880000 -6.880000 -0.342916 -0.252526 -4.710000 -4.710000 -0.288376 -0.316604 -12.820000 -12.820000 0.858989 1.076810 -13.469999 -13.469999 -0.495085 -0.632165 -16.889999 -16.889999 0.103917 0.053832 0.990000 0.990000 0.110494 0.145681 0.090000 0.090000 -0.025052 0.004453 -5.460000 -5.460000 -0.157112 0.519450 0.000000 0.000000 0.376234 0.264321 0.000000 0.000000 -0.035399 -0.029693 0.000000 0.000000 -0.277294 -0.189168 0.000000 0.000000 0.272763 0.273995 0.000000 0.000000 0.134824 0.454460 0.000000 0.000000 -0.202701 -0.193342 0.000000 0.000000 0.219855 0.009801 0.000000 0.000000 -0.227519 -0.044740 0.000000 0.000000 -0.195904 -0.196780 0.000000 0.000000
8.200000 -1.056130 -0.997295 -0.390000 -0.390000 0.520577 0.463786 4.480000 4.480000 0.118184 0.115125 4.090000 4.090000 1.296528 1.301893 -6.540000 -6.540000 0.577184 0.351664 -0.110000 -0.110000 -0.361429 -0.309353 0.070000 0.070000 -0.454106 -0.350921 -7.930000 -7.930000 -0.346819 -0.260778 -5.080000 -5.080000 -0.289152 -0.326834 -12.660000 -12.660000 0.871570 1.107695 -14.440000 -14.440000 -0.549238 -0.640957 -17.949999 -17.949999 0.104401 0.051872 1.130000 1.130000 0.109511 0.128149 2.360000 2.360000 -0.028654 0.003777 -4.320000 -4.320000 -0.209256 0.403236 0.000000 0.000000 0.363786 0.278140 0.000000 0.000000 -0.032509 -0.035176 0.000000 0.000000 -0.279120 -0.193282 0.000000 0.000000 0.265543 0.275479 0.000000 0.000000 0.060981 0.410158 0.000000 0.000000 -0.221167 -0.199082 0.000000 0.000000 0.286150 0.070305 0.000000 0.000000 -0.271190 -0.080442 0.000000 0.000000 -0.203837 -0.203322 0.000000 0.000000
8.220000 -1.131522 -1.058992 -3.180000 -3.180000 0.535874 0.494504 1.790000 1.790000 0.115918 0.113559 2.560000 2.560000 1.306820 1.339972 -6.030000 -6.030000 0.555207 0.436327 -0.870000 -0.870000 -0.334596 -0.321987 0.200000 0.200000 -0.455139 -0.370909 -5.900000 -5.900000 -0.327271 -0.263763 -2.190000 -2.190000 -0.273500 -0.324612 -11.179999 -11.179999 0.889364 1.138350 -14.670000 -14.670000 -0.457497 -0.658315 -23.359999 -23.359999 0.113427 0.051094 1.010000 1.010000 0.082115 0.110558 0.520000 0.520000 -0.021612 0.002671 -4.450000 -4.450000 -0.268262 0.299416 0.000000 0.000000 0.352936 0.285650 0.000000 0.000000 -0.036904 -0.038797 0.000000 0.000000 -0.269710 -0.198049 0.000000 0.000000 0.254706 0.279796 0.000000 0.000000 -0.030704 0.357512 0.000000 0.000000 -0.270852 -0.206952 0.000000 0.000000 0.352698 0.126747 0.000000 0.000000 -0.309052 -0.115884 0.000000 0.000000 -0.210080 -0.209359 0.000000 0.000000
8.240000 -1.135989 -1.117068 -0.180000 -0.180000 0.561922 0.531819 0.330000 0.330000 0.105665 0.114909 1.690000 1.690000 1.356830 1.361572 -2.770000 -2.770000 0.522748 0.498259 0.050000 0.050000 -0.311634 -0.322488 0.070000 0.070000 -0.445133 -0.394931 -3.260000 -3.260000 -0.329134 -0.262403 -1.180000 -1.180000 -0.247920 -0.313697 -11.980000 -11.980000 0.924438 1.167751 -11.660000 -11.660000 -0.407442 -0.666243 -20.340000 -20.340000 0.100230 0.050604 0.910000 0.910000 0.090168 0.093779 1.750000 1.750000 -0.025988 -0.003535 -1.310000 -1.310000 -0.341946 0.180870 0.000000 0.000000 0.381692 0.290318 0.000000 0.000000 -0.007336 -0.038203 0.000000 0.000000 -0.259582 -0.201421 0.000000 0.000000 0.251926 0.275187 0.000000 0.000000 -0.167864 0.284127 0.000000 0.000000 -0.302077 -0.222704 0.000000 0.000000 0.421579 0.192351 0.000000 0.000000 -0.359476 -0.152350 0.000000 0.000000 -0.216547 -0.216418 0.000000 0.000000
8.260000 -1.181316 -1.156814 -1.420000 -1.420000 0.572873 0.567941 -0.560000 -0.560000 0.115852 0.115673 0.490000 0.490000 1.374303 1.379321 -1.140000 -1.140000 0.531460 0.534065 1.210000 1.210000 -0.309156 -0.318887 0.030000 0.030000 -0.451336 -0.418938 -1.360000 -1.360000 -0.309180 -0.259006 -0.750000 -0.750000 -0.235083 -0.298338 -12.090000 -12.090000 0.957390 1.191802 -9.030000 -9.030000 -0.302712 -0.666255 -21.920000 -21.920000 0.083339 0.048569 0.870000 0.870000 0.091889 0.078244 2.310000 2.310000 -0.023195 -0.012727 0.990000 0.990000 -0.385546 0.080486 0.000000 0.000000 0.376128 0.294975 0.000000 0.000000 -0.009429 -0.034641 0.000000 0.000000 -0.243243 -0.203883 0.000000 0.000000 0.249783 0.271376 0.000000 0.000000 -0.280745 0.209268 0.000000 0.000000 -0.293083 -0.236849 0.000000 0.000000 0.476492 0.254206 0.000000 0.000000 -0.377990 -0.184600 0.000000 0.000000 -0.231770 -0.221667 0.000000 0.000000
8.280000 -1.195297 -1.195900 1.220000 1.220000 0.580315 0.591386 -1.970000 -1.970000 0.126544 0.124943 -1.400000 -1.400000 1.373638 1.380935 -0.510000 -0.510000 0.553197 0.545933 -0.520000 -0.520000 -0.306555 -0.317279 0.100000 0.100000 -0.451522 -0.440490 -0.500000 -0.500000 -0.304595 -0.248218 0.910000 0.910000 -0.214534 -0.285240 -13.650000 -13.650000 0.977569 1.205355 -7.160000 -7.160000 -0.184315 -0.663794 -24.510000 -24.510000 0.084375 0.046098 0.730000 0.730000 0.100765 0.066370 2.640000 2.640000 -0.015424 -0.023172 5.420000 5.420000 -0.435649 -0.020021 0.000000 0.000000 0.370329 0.300354 0.000000 0.000000 0.003192 -0.030170 0.000000 0.000000 -0.235647 -0.205591 0.000000 0.000000 0.252620 0.269960 0.000000 0.000000 -0.365693 0.122997 0.000000 0.000000 -0.234363 -0.250191 0.000000 0.000000 0.495239 0.312394 0.000000 0.000000 -0.392921 -0.219244 0.000000 0.000000 -0.238934 -0.232099 0.000000 0.000000
8.300000 -1.179692 -1.215166 2.320000 2.320000 0.571576 0.604767 -2.500000 -2.500000 0.149601 0.131786 -5.120000 -5.120000 1.352006 1.376215 0.290000 0.290000 0.599486 0.547613 -1.360000 -1.360000 -0.289878 -0.315052 0.210000 0.210000 -0.449769 -0.458453 1.960000 1.960000 -0.293555 -0.238498 -0.100000 -0.100000 -0.205709 -0.274952 -13.110000 -13.110000 1.020939 1.211698 -3.540000 -3.540000 -0.076645 -0.658729 -23.459999 -23.459999 0.081239 0.044106 0.840000 0.840000 0.121919 0.061417 4.440000 4.440000 -0.014088 -0.030161 8.210000 8.210000 -0.484083 -0.117582 0.000000 0.000000 0.361247 0.303288 0.000000 0.000000 0.009933 -0.026375 0.000000 0.000000 -0.236234 -0.205591 0.000000 0.000000 0.255323 0.269960 0.000000 0.000000 -0.413001 0.030345 0.000000 0.000000 -0.183887 -0.250937 0.000000 0.000000 0.497286 0.358591 0.000000 0.000000 -0.382086 -0.246605 0.000000 0.000000 -0.252794 -0.239878 0.000000 0.000000
8.320000 -1.144111 -1.211960 5.170000 5.170000 0.564114 0.608448 -2.330000 -2.330000 0.159095 0.136993 -6.130000 -6.130000 1.340849 1.356492 1.010000 1.010000 0.645049 0.549944 -1.120000 -1.120000 -0.272020 -0.310216 0.190000 0.190000 -0.459931 -0.473287 1.630000 1.630000 -0.278249 -0.230784 0.470000 0.470000 -0.203988 -0.267238 -11.540000 -11.540000 1.081993 1.217311 0.910000 0.910000 -0.006338 -0.648423 -20.230000 -20.230000 0.074259 0.043392 0.510000 0.510000 0.127050 0.062494 5.070000 5.070000 -0.010750 -0.031728 8.750000 8.750000 -0.540856 -0.195385 0.000000 0.000000 0.328070 0.303940 0.000000 0.000000 -0.011256 -0.023348 0.000000 0.000000 -0.240490 -0.205647 0.000000 0.000000 0.259767 0.270421 0.000000 0.000000 -0.464850 -0.052122 0.000000 0.000000 -0.160293 -0.243078 0.000000 0.000000 0.494637 0.387848 0.000000 0.000000 -0.364796 -0.261746 0.000000 0.000000 -0.265100 -0.248252 0.000000 0.000000
8.340000 -1.106497 -1.189902 4.740000 4.740000 0.535633 0.596114 -2.650000 -2.650000 0.176315 0.146273 -6.990000 -6.990000 1.297997 1.327787 0.520000 0.520000 0.679941 0.560345 -2.320000 -2.320000 -0.254783 -0.299584 0.110000 0.110000 -0.467068 -0.484623 1.720000 1.720000 -0.256703 -0.224411 0.530000 0.530000 -0.222141 -0.259299 -7.130000 -7.130000 1.114818 1.221711 5.050000 5.050000 0.036490 -0.639040 -18.859999 -18.859999 0.084186 0.045182 0.480000 0.480000 0.128957 0.069610 2.960000 2.960000 0.003584 -0.026158 9.230000 9.230000 -0.578814 -0.276870 0.000000 0.000000 0.286846 0.302240 0.000000 0.000000 -0.036455 -0.023813 0.000000 0.000000 -0.237127 -0.205816 0.000000 0.000000 0.267487 0.270544 0.000000 0.000000 -0.490706 -0.140725 0.000000 0.000000 -0.178571 -0.224311 0.000000 0.000000 0.496286 0.415207 0.000000 0.000000 -0.340506 -0.275708 0.000000 0.000000 -0.277183 -0.251445 0.000000 0.000000
8.360000 -1.054057 -1.147564 4.430000 4.430000 0.507204 0.565905 -2.320000 -2.320000 0.186642 0.162132 -6.210000 -6.210000 1.255507 1.285152 0.360000 0.360000 0.681306 0.580993 -2.530000 -2.530000 -0.244121 -0.285938 -0.340000 -0.340000 -0.459160 -0.493397 3.100000 3.100000 -0.234902 -0.217696 -1.240000 -1.240000 -0.236245 -0.250293 -3.360000 -3.360000 1.130281 1.218081 7.420000 7.420000 0.087299 -0.626367 -18.900000 -18.900000 0.100471 0.055163 0.150000 0.150000 0.117216 0.081602 0.450000 0.450000 0.014646 -0.016418 5.900000 5.900000 -0.593304 -0.346084 0.000000 0.000000 0.253342 0.295941 0.000000 0.000000 -0.061951 -0.029483 0.000000 0.000000 -0.241279 -0.205704 0.000000 0.000000 0.268403 0.270657 0.000000 0.000000 -0.498592 -0.219142 0.000000 0.000000 -0.216358 -0.213972 0.000000 0.000000 0.497290 0.434114 0.000000 0.000000 -0.317972 -0.278900 0.000000 0.000000 -0.281331 -0.255671 0.000000 0.000000
8.380000 -0.983247 -1.126027 11.080000 11.080000 0.472066 0.531066 -1.620000 -1.620000 0.186352 0.167623 -8.160000 -8.160000 1.204126 1.265666 -1.820000 -1.820000 0.648891 0.548974 -10.370000 -10.370000 -0.231550 -0.261352 -0.860000 -0.860000 -0.460637 -0.497033 2.670000 2.670000 -0.216605 -0.218430 0.610000 0.610000 -0.240245 -0.241141 1.130000 1.130000 1.117570 1.216786 6.660000 6.660000 0.100595 -0.619315 -19.859999 -19.859999 0.119269 0.067116 0.330000 0.330000 0.104105 0.084333 1.810000 1.810000 0.020739 -0.002292 5.770000 5.770000 -0.609492 -0.406216 0.000000 0.000000 0.218336 0.283636 0.000000 0.000000 -0.098430 -0.040811 0.000000 0.000000 -0.242899 -0.205715 0.000000 0.000000 0.263200 0.270668 0.000000 0.000000 -0.497789 -0.284551 0.000000 0.000000 -0.249374 -0.203110 0.000000 0.000000 0.503386 0.448166 0.000000 0.000000 -0.293858 -0.277135 0.000000 0.000000 -0.280056 -0.259414 0.000000 0.000000
8.400000 -0.933664 -1.099427 11.980000 11.980000 0.415127 0.495424 -2.760000 -2.760000 0.190347 0.156552 -10.380000 -10.380000 1.112832 1.279121 -4.910000 -4.910000 0.584357 0.508908 -10.910000 -10.910000 -0.211367 -0.246108 -0.130000 -0.130000 -0.450071 -0.493628 3.040000 3.040000 -0.188209 -0.235512 3.390000 3.390000 -0.242512 -0.229619 6.290000 6.290000 1.100698 1.209977 7.790000 7.790000 0.236355 -0.611186 -22.559999 -22.559999 0.159925 0.084735 0.230000 0.230000 0.096167 0.068700 0.400000 0.400000 0.035619 0.009954 3.840000 3.840000 -0.608321 -0.460457 0.000000 0.000000 0.193346 0.267267 0.000000 0.000000 -0.126632 -0.055108 0.000000 0.000000 -0.244798 -0.207165 0.000000 0.000000 0.247366 0.269285 0.000000 0.000000 -0.493972 -0.332534 0.000000 0.000000 -0.244718 -0.196963 0.000000 0.000000 0.496445 0.458062 0.000000 0.000000 -0.271265 -0.278315 0.000000 0.000000 -0.269254 -0.259471 0.000000 0.000000
8.420000 -0.898505 -1.062320 12.590000 12.590000 0.382145 0.454153 -1.570000 -1.570000 0.192513 0.160526 -8.460000 -8.460000 1.094028 1.249949 -6.030000 -6.030000 0.492723 0.479256 -13.230000 -13.230000 -0.199405 -0.238332 0.270000 0.270000 -0.422178 -0.479822 3.190000 3.190000 -0.201755 -0.247406 2.100000 2.100000 -0.242159 -0.217921 8.639999 8.639999 1.088154 1.195481 9.270000 9.270000 0.337279 -0.590254 -21.080000 -21.080000 0.190532 0.101684 0.690000 0.690000 0.070996 0.070227 -2.630000 -2.630000 0.055168 0.020741 3.700000 3.700000 -0.587764 -0.505618 0.000000 0.000000 0.220645 0.248709 0.000000 0.000000 -0.148401 -0.074108 0.000000 0.000000 -0.241396 -0.206423 0.000000 0.000000 0.241481 0.268903 0.000000 0.000000 -0.502107 -0.371068 0.000000 0.000000 -0.239182 -0.205625 0.000000 0.000000 0.486815 0.467259 0.000000 0.000000 -0.254026 -0.276989 0.000000 0.000000 -0.260361 -0.259066 0.000000 0.000000
8.440000 -0.785501 -1.014997 17.840000 17.840000 0.355028 0.409045 -0.780000 -0.780000 0.185506 0.163678 -6.290000 -6.290000 1.044687 1.233445 -9.590000 -9.590000 0.441154 0.431902 -16.400000 -16.400000 -0.165984 -0.226113 0.130000 0.130000 -0.444343 -0.457671 0.330000 0.330000 -0.238788 -0.263636 1.130000 1.130000 -0.226616 -0.206683 8.230000 8.230000 1.085663 1.185558 6.660000 6.660000 0.136700 -0.578551 -17.809999 -17.809999 0.187491 0.116650 0.530000 0.530000 0.117292 0.068328 2.210000 2.210000 0.043285 0.027046 5.080000 5.080000 -0.601178 -0.537402 0.000000 0.000000 0.219737 0.232119 0.000000 0.000000 -0.200044 -0.094284 0.000000 0.000000 -0.244704 -0.206985 0.000000 0.000000 0.237745 0.268341 0.000000 0.000000 -0.461198 -0.403588 0.000000 0.000000 -0.220660 -0.209816 0.000000 0.000000 0.503502 0.472056 0.000000 0.000000 -0.212288 -0.267075 0.000000 0.000000 -0.251923 -0.250635 0.000000 0.000000
8.460000 -0.703156 -0.949926 15.450000 15.450000 0.366934 0.368303 1.810000 1.810000 0.176077 0.162660 -0.890000 -0.890000 1.003250 1.208969 -8.179999 -8.179999 0.370632 0.364231 -15.080000 -15.080000 -0.124621 -0.204051 0.420000 0.420000 -0.453433 -0.434462 -3.760000 -3.760000 -0.258798 -0.292993 2.240000 2.240000 -0.210136 -0.191696 5.450000 5.450000 1.081775 1.171767 0.590000 0.590000 -0.141994 -0.562565 -12.400000 -12.400000 0.176461 0.128795 0.430000 0.430000 0.111553 0.072410 4.730000 4.730000 0.021930 0.028073 2.360000 2.360000 -0.628436 -0.552619 0.000000 0.000000 0.218964 0.224784 0.000000 0.000000 -0.262077 -0.120665 0.000000 0.000000 -0.257355 -0.207210 0.000000 0.000000 0.233283 0.268116 0.000000 0.000000 -0.450546 -0.420523 0.000000 0.000000 -0.236162 -0.210957 0.000000 0.000000 0.510504 0.478832 0.000000 0.000000 -0.173412 -0.250933 0.000000 0.000000 -0.249719 -0.246656 0.000000 0.000000
8.480000 -0.660072 -0.878411 11.240000 11.240000 0.377614 0.350615 2.930000 2.930000 0.181385 0.168818 2.840000 2.840000 0.976432 1.168497 -6.330000 -6.330000 0.238840 0.298879 -14.650000 -14.650000 -0.104271 -0.184909 0.270000 0.270000 -0.476237 -0.409765 -6.920000 -6.920000 -0.306032 -0.310516 0.620000 0.620000 -0.181627 -0.183101 2.890000 2.890000 1.045286 1.158942 -5.830000 -5.830000 -0.463397 -0.539338 -7.440000 -7.440000 0.129006 0.134590 -0.260000 -0.260000 0.137751 0.080427 7.290000 7.290000 0.007656 0.032253 1.510000 1.510000 -0.614461 -0.553110 0.000000 0.000000 0.219036 0.222642 0.000000 0.000000 -0.293033 -0.151215 0.000000 0.000000 -0.289602 -0.212358 0.000000 0.000000 0.235634 0.264946 0.000000 0.000000 -0.462514 -0.428500 0.000000 0.000000 -0.251978 -0.213448 0.000000 0.000000 0.503877 0.487214 0.000000 0.000000 -0.156289 -0.234824 0.000000 0.000000 -0.250920 -0.250152 0.000000 0.000000
8.500000 -0.678491 -0.805762 6.780000 6.780000 0.377431 0.340728 3.930000 3.930000 0.210422 0.194582 4.620000 4.620000 0.946626 1.126812 -8.809999 -8.809999 0.062959 0.208584 -12.849999 -12.849999 -0.109510 -0.166394 0.250000 0.250000 -0.455342 -0.385712 -6.830000 -6.830000 -0.306554 -0.324397 0.650000 0.650000 -0.167324 -0.163856 2.910000 2.910000 1.009005 1.137793 -7.200000 -7.200000 -0.506648 -0.529742 -7.250000 -7.250000 0.101177 0.133151 -0.320000 -0.320000 0.121954 0.096853 5.510000 5.510000 0.007621 0.035719 -0.130000 -0.130000 -0.592532 -0.549306 0.000000 0.000000 0.263372 0.228347 0.000000 0.000000 -0.289955 -0.180320 0.000000 0.000000 -0.310563 -0.222981 0.000000 0.000000 0.243944 0.255875 0.000000 0.000000 -0.519054 -0.438317 0.000000 0.000000 -0.261798 -0.215614 0.000000 0.000000 0.514411 0.489170 0.000000 0.000000 -0.153482 -0.218233 0.000000 0.000000 -0.251638 -0.252580 0.000000 0.000000
8.520000 -0.642773 -0.722666 2.910000 2.910000 0.352107 0.330851 1.830000 1.830000 0.236422 0.237409 4.730000 4.730000 0.935406 1.068321 -2.870000 -2.870000 -0.016197 0.091559 -9.450000 -9.450000 -0.157228 -0.152716 -0.540000 -0.540000 -0.394715 -0.363761 -3.520000 -3.520000 -0.293569 -0.316428 -0.210000 -0.210000 -0.170788 -0.152540 3.770000 3.770000 0.975915 1.094256 -5.490000 -5.490000 -0.476534 -0.519341 -6.890000 -6.890000 0.103875 0.125364 -0.130000 -0.130000 0.111974 0.112604 0.890000 0.890000 0.013363 0.037980 -4.110000 -4.110000 -0.562509 -0.541329 0.000000 0.000000 0.257432 0.236787 0.000000 0.000000 -0.264288 -0.204338 0.000000 0.000000 -0.304209 -0.231603 0.000000 0.000000 0.255508 0.251008 0.000000 0.000000 -0.556400 -0.450098 0.000000 0.000000 -0.251036 -0.221330 0.000000 0.000000 0.522932 0.494211 0.000000 0.000000 -0.151554 -0.210544 0.000000 0.000000 -0.252721 -0.246577 0.000000 0.000000
8.540000 -0.646967 -0.650937 -1.580000 -1.580000 0.325653 0.316891 -1.530000 -1.530000 0.240886 0.268421 6.120000 6.120000 0.927711 1.006011 -0.390000 -0.390000 0.020332 0.001560 -8.570000 -8.570000 -0.195816 -0.153079 -0.680000 -0.680000 -0.348604 -0.344555 -1.120000 -1.120000 -0.286046 -0.306160 -0.370000 -0.370000 -0.176331 -0.150905 4.350000 4.350000 0.977093 1.051383 -0.100000 -0.100000 -0.392322 -0.525849 -7.940000 -7.940000 0.116044 0.125514 -0.340000 -0.340000 0.114049 0.136381 -2.160000 -2.160000 0.032782 0.036384 -3.590000 -3.590000 -0.511061 -0.538261 0.000000 0.000000 0.272067 0.243994 0.000000 0.000000 -0.209331 -0.212592 0.000000 0.000000 -0.282280 -0.238122 0.000000 0.000000 0.264560 0.245882 0.000000 0.000000 -0.549604 -0.464702 0.000000 0.000000 -0.228279 -0.226127 0.000000 0.000000 0.513646 0.499823 0.000000 0.000000 -0.148487 -0.204676 0.000000 0.000000 -0.249695 -0.240799 0.000000 0.000000
8.560000 -0.593754 -0.600377 -0.610000 -0.610000 0.272443 0.296804 -2.190000 -2.190000 0.254258 0.278563 2.360000 2.360000 0.898954 0.943210 6.270000 6.270000 0.167700 -0.088249 -10.820000 -10.820000 -0.226759 -0.153569 -1.560000 -1.560000 -0.313495 -0.318140 0.090000 0.090000 -0.253112 -0.299924 1.000000 1.000000 -0.195123 -0.158629 7.590000 7.590000 1.029068 1.024334 3.110000 3.110000 -0.316239 -0.549431 -5.630000 -5.630000 0.141346 0.134707 -0.550000 -0.550000 0.134086 0.161706 -6.300000 -6.300000 0.035196 0.029503 -3.040000 -3.040000 -0.537943 -0.535316 0.000000 0.000000 0.245491 0.247335 0.000000 0.000000 -0.197425 -0.211580 0.000000 0.000000 -0.273541 -0.238437 0.000000 0.000000 0.270923 0.247411 0.000000 0.000000 -0.516848 -0.475010 0.000000 0.000000 -0.202865 -0.225556 0.000000 0.000000 0.514383 0.500346 0.000000 0.000000 -0.121562 -0.197066 0.000000 0.000000 -0.245341 -0.237416 0.000000 0.000000
8.580000 -0.560890 -0.578840 2.630000 2.630000 0.253123 0.264755 -0.930000 -0.930000 0.249390 0.266052 0.380000 0.380000 0.883032 0.916037 3.360000 3.360000 0.418036 -0.132338 -11.870000 -11.870000 -0.248074 -0.130878 -3.530000 -3.530000 -0.301376 -0.313063 1.130000 1.130000 -0.225454 -0.288980 1.370000 1.370000 -0.227693 -0.174742 11.690000 11.690000 1.053755 1.037117 4.160000 4.160000 -0.253967 -0.545550 -2.910000 -2.910000 0.139488 0.138595 -0.170000 -0.170000 0.135790 0.180589 -3.850000 -3.850000 0.028544 0.014007 -2.330000 -2.330000 -0.581477 -0.536665 0.000000 0.000000 0.235019 0.246252 0.000000 0.000000 -0.193599 -0.209635 0.000000 0.000000 -0.269100 -0.236448 0.000000 0.000000 0.270902 0.248096 0.000000 0.000000 -0.483264 -0.475133 0.000000 0.000000 -0.206059 -0.227431 0.000000 0.000000 0.503116 0.497541 0.000000 0.000000 -0.121204 -0.181891 0.000000 0.000000 -0.233953 -0.242812 0.000000 0.000000
8.600000 -0.581475 -0.583764 0.410000 0.410000 0.250288 0.248564 0.060000 0.060000 0.231803 0.243577 -0.140000 -0.140000 0.888754 0.931082 4.770000 4.770000 0.495973 -0.084131 -9.510000 -9.510000 -0.261259 -0.128226 -2.120000 -2.120000 -0.334706 -0.312173 -1.480000 -1.480000 -0.252716 -0.292739 0.080000 0.080000 -0.233406 -0.182788 9.889999 9.889999 0.977728 1.045721 -1.730000 -1.730000 -0.401746 -0.524015 -7.140000 -7.140000 0.145130 0.138776 0.110000 0.110000 0.162884 0.174940 -4.240000 -4.240000 0.023408 0.004071 0.190000 0.190000 -0.609806 -0.537893 0.000000 0.000000 0.259760 0.246299 0.000000 0.000000 -0.218614 -0.209193 0.000000 0.000000 -0.249223 -0.233221 0.000000 0.000000 0.256336 0.246624 0.000000 0.000000 -0.453581 -0.467892 0.000000 0.000000 -0.224829 -0.223903 0.000000 0.000000 0.467360 0.497832 0.000000 0.000000 -0.127111 -0.171785 0.000000 0.000000 -0.229147 -0.235696 0.000000 0.000000
8.620000 -0.641190 -0.601068 -1.190000 -1.190000 0.269868 0.248525 -0.300000 -0.300000 0.193712 0.218262 1.650000 1.650000 0.957886 0.948495 8.290000 8.290000 0.602675 -0.038091 -10.950000 -10.950000 -0.271803 -0.130356 -2.380000 -2.380000 -0.333574 -0.311682 -2.520000 -2.520000 -0.275410 -0.307050 1.790000 1.790000 -0.223750 -0.195064 6.150000 6.150000 0.933999 1.047622 -4.160000 -4.160000 -0.492959 -0.531801 -9.889999 -9.889999 0.131160 0.138020 -0.130000 -0.130000 0.149247 0.176820 -4.390000 -4.390000 0.025286 0.000273 -0.530000 -0.530000 -0.650574 -0.545256 0.000000 0.000000 0.265669 0.244285 0.000000 0.000000 -0.233160 -0.212395 0.000000 0.000000 -0.245421 -0.232918 0.000000 0.000000 0.251347 0.245376 0.000000 0.000000 -0.425160 -0.453289 0.000000 0.000000 -0.201254 -0.222122 0.000000 0.000000 0.433038 0.491883 0.000000 0.000000 -0.157564 -0.168154 0.000000 0.000000 -0.216172 -0.231728 0.000000 0.000000
8.640000 -0.706434 -0.643605 -4.310000 -4.310000 0.293836 0.265303 0.780000 0.780000 0.160948 0.191146 5.280000 5.280000 1.031969 0.986394 9.559999 9.559999 0.713426 0.001442 -9.490000 -9.490000 -0.289638 -0.144152 -1.340000 -1.340000 -0.343077 -0.305730 -2.390000 -2.390000 -0.294579 -0.318445 0.870000 0.870000 -0.235089 -0.211255 4.750000 4.750000 0.890839 1.048646 -11.349999 -11.349999 -0.630792 -0.561323 -10.250000 -10.250000 0.099773 0.128677 0.020000 0.020000 0.145017 0.173619 -4.180000 -4.180000 0.009722 0.006841 -3.130000 -3.130000 -0.678354 -0.548078 0.000000 0.000000 0.256802 0.243854 0.000000 0.000000 -0.277103 -0.216807 0.000000 0.000000 -0.231729 -0.232176 0.000000 0.000000 0.243199 0.245219 0.000000 0.000000 -0.338328 -0.440772 0.000000 0.000000 -0.181352 -0.215113 0.000000 0.000000 0.381048 0.476212 0.000000 0.000000 -0.170773 -0.167963 0.000000 0.000000 -0.202990 -0.222702 0.000000 0.000000
8.660000 -0.827996 -0.700055 -5.760000 -5.760000 0.318161 0.282395 2.470000 2.470000 0.147585 0.159371 2.040000 2.040000 1.089221 1.039543 9.370000 9.370000 0.839178 0.067989 -7.530000 -7.530000 -0.279984 -0.164445 -0.680000 -0.680000 -0.358841 -0.308277 -4.020000 -4.020000 -0.324005 -0.315782 -3.580000 -3.580000 -0.264074 -0.225390 1.430000 1.430000 0.864264 1.059946 -14.750000 -14.750000 -0.578155 -0.572623 -12.370000 -12.370000 0.085389 0.119942 -0.170000 -0.170000 0.128066 0.181010 -5.190000 -5.190000 0.005323 0.003229 -5.130000 -5.130000 -0.665158 -0.549919 0.000000 0.000000 0.261895 0.241886 0.000000 0.000000 -0.318538 -0.231115 0.000000 0.000000 -0.216480 -0.231445 0.000000 0.000000 0.235206 0.244533 0.000000 0.000000 -0.257511 -0.417701 0.000000 0.000000 -0.183237 -0.211539 0.000000 0.000000 0.321572 0.452334 0.000000 0.000000 -0.183793 -0.166378 0.000000 0.000000 -0.197315 -0.221139 0.000000 0.000000
8.680000 -0.931206 -0.780605 -15.490000 -15.490000 0.328085 0.302090 2.960000 2.960000 0.133165 0.134585 0.410000 0.410000 1.144506 1.096477 8.400000 8.400000 0.867171 0.170365 -4.710000 -4.710000 -0.280011 -0.191140 -0.040000 -0.040000 -0.364234 -0.312694 -3.860000 -3.860000 -0.343855 -0.313462 -5.780000 -5.780000 -0.302479 -0.255433 -0.170000 -0.170000 0.856003 1.072213 -14.270000 -14.270000 -0.585697 -0.567500 -16.250000 -16.250000 0.061168 0.111111 -0.360000 -0.360000 0.122226 0.179688 -5.910000 -5.910000 -0.014328 0.000380 -7.060000 -7.060000 -0.675764 -0.554828 0.000000 0.000000 0.271296 0.246066 0.000000 0.000000 -0.369980 -0.253317 0.000000 0.000000 -0.208822 -0.230827 0.000000 0.000000 0.229172 0.243915 0.000000 0.000000 -0.167467 -0.387144 0.000000 0.000000 -0.228048 -0.207360 0.000000 0.000000 0.298514 0.417256 0.000000 0.000000 -0.214779 -0.169346 0.000000 0.000000 -0.187703 -0.220060 0.000000 0.000000
8.700000 -1.000574 -0.879439 -4.550000 -4.550000 0.345240 0.322530 1.250000 1.250000 0.100939 0.112893 1.160000 1.160000 1.217352 1.160081 -0.260000 -0.260000 0.730230 0.309493 0.760000 0.760000 -0.249648 -0.213660 0.270000 0.270000 -0.375774 -0.313799 -5.270000 -5.270000 -0.383763 -0.324015 -5.870000 -5.870000 -0.337392 -0.300286 -4.000000 -4.000000 0.844430 1.091560 -16.619999 -16.619999 -0.632735 -0.574777 -15.599999 -15.599999 0.024899 0.097859 -0.550000 -0.550000 0.111152 0.176350 -5.130000 -5.130000 -0.030157 -0.008224 -8.429999 -8.429999 -0.657749 -0.557650 0.000000 0.000000 0.271056 0.246904 0.000000 0.000000 -0.420230 -0.284332 0.000000 0.000000 -0.174733 -0.228950 0.000000 0.000000 0.228891 0.243993 0.000000 0.000000 -0.091732 -0.344070 0.000000 0.000000 -0.275337 -0.212086 0.000000 0.000000 0.290891 0.388336 0.000000 0.000000 -0.231131 -0.173258 0.000000 0.000000 -0.184273 -0.218059 0.000000 0.000000
8.720000 -1.032190 -0.973227 2.850000 2.850000 0.342934 0.336998 0.870000 0.870000 0.094232 0.094587 0.590000 0.590000 1.329519 1.219122 -0.520000 -0.520000 0.556620 0.428091 7.960000 7.960000 -0.223510 -0.221426 0.210000 0.210000 -0.387347 -0.315256 -5.920000 -5.920000 -0.421873 -0.343378 -6.370000 -6.370000 -0.380757 -0.348565 -6.680000 -6.680000 0.830267 1.106687 -19.119999 -19.119999 -0.683334 -0.588053 -16.150000 -16.150000 -0.009003 0.087558 -1.500000 -1.500000 0.122615 0.168215 -2.010000 -2.010000 -0.046737 -0.019119 -5.890000 -5.890000 -0.591161 -0.559859 0.000000 0.000000 0.308644 0.249768 0.000000 0.000000 -0.484671 -0.317047 0.000000 0.000000 -0.152532 -0.226241 0.000000 0.000000 0.224716 0.242453 0.000000 0.000000 -0.020674 -0.293141 0.000000 0.000000 -0.368863 -0.223368 0.000000 0.000000 0.291444 0.368486 0.000000 0.000000 -0.235798 -0.182104 0.000000 0.000000 -0.176449 -0.207481 0.000000 0.000000
8.740000 -1.069232 -1.059851 0.730000 0.730000 0.362438 0.341619 1.110000 1.110000 0.088514 0.090652 2.300000 2.300000 1.427406 1.290838 1.230000 1.230000 0.455324 0.514351 10.230000 10.230000 -0.202363 -0.218656 0.120000 0.120000 -0.402621 -0.314765 -7.610000 -7.610000 -0.447701 -0.364130 -4.850000 -4.850000 -0.409887 -0.409081 -10.210000 -10.210000 0.826919 1.117004 -22.330000 -22.330000 -0.740671 -0.601175 -16.920000 -16.920000 -0.024665 0.085822 -1.830000 -1.830000 0.119533 0.150879 -0.690000 -0.690000 -0.052439 -0.032912 -3.700000 -3.700000 -0.508711 -0.554582 0.000000 0.000000 0.350217 0.261038 0.000000 0.000000 -0.516195 -0.360263 0.000000 0.000000 -0.157998 -0.216169 0.000000 0.000000 0.226698 0.232449 0.000000 0.000000 0.037505 -0.227242 0.000000 0.000000 -0.427002 -0.249854 0.000000 0.000000 0.288459 0.352688 0.000000 0.000000 -0.237134 -0.187792 0.000000 0.000000 -0.180996 -0.203457 0.000000 0.000000
8.760000 -1.132101 -1.135599 2.420000 2.420000 0.397820 0.350282 1.630000 1.630000 0.078168 0.091797 5.230000 5.230000 1.523089 1.357860 7.850000 7.850000 0.427908 0.544962 10.090000 10.090000 -0.199394 -0.216100 0.320000 0.320000 -0.421372 -0.313998 -8.960000 -8.960000 -0.469361 -0.383689 -3.560000 -3.560000 -0.406999 -0.446652 -12.429999 -12.429999 0.815833 1.131041 -24.769999 -24.769999 -0.792840 -0.603577 -18.619999 -18.619999 -0.056117 0.082360 -2.330000 -2.330000 0.109485 0.133826 -0.560000 -0.560000 -0.054140 -0.041683 -2.530000 -2.530000 -0.369335 -0.536911 0.000000 0.000000 0.387874 0.277919 0.000000 0.000000 -0.513833 -0.396773 0.000000 0.000000 -0.165902 -0.210717 0.000000 0.000000 0.217612 0.228144 0.000000 0.000000 0.110172 -0.162078 0.000000 0.000000 -0.456627 -0.281078 0.000000 0.000000 0.288552 0.341418 0.000000 0.000000 -0.210265 -0.190434 0.000000 0.000000 -0.184158 -0.198432 0.000000 0.000000
8.780000 -1.181791 -1.209031 4.100000 4.100000 0.428947 0.377339 4.880000 4.880000 0.083463 0.098630 6.770000 6.770000 1.611982 1.447850 6.420000 6.420000 0.412199 0.544181 6.440000 6.440000 -0.216219 -0.217101 0.260000 0.260000 -0.426992 -0.324169 -7.380000 -7.380000 -0.458780 -0.395690 -0.940000 -0.940000 -0.385976 -0.454796 -14.340000 -14.340000 0.828987 1.139284 -23.889999 -23.889999 -0.767988 -0.606157 -17.219999 -17.219999 -0.081722 0.077108 -2.760000 -2.760000 0.101870 0.112976 1.470000 1.470000 -0.070284 -0.044542 -4.150000 -4.150000 -0.208307 -0.498255 0.000000 0.000000 0.416196 0.304708 0.000000 0.000000 -0.498888 -0.426099 0.000000 0.000000 -0.170559 -0.204535 0.000000 0.000000 0.212454 0.220297 0.000000 0.000000 0.175592 -0.086115 0.000000 0.000000 -0.460583 -0.319882 0.000000 0.000000 0.294898 0.331138 0.000000 0.000000 -0.184600 -0.190254 0.000000 0.000000 -0.190917 -0.196454 0.000000 0.000000
8.800000 -1.239069 -1.256998 4.120000 4.120000 0.446646 0.411385 0.300000 0.300000 0.093283 0.114900 3.840000 3.840000 1.655236 1.536571 4.140000 4.140000 0.392492 0.522114 4.490000 4.490000 -0.237476 -0.218720 -0.140000 -0.140000 -0.431750 -0.340920 -6.340000 -6.340000 -0.439963 -0.385255 0.300000 0.300000 -0.354918 -0.443832 -14.849999 -14.849999 0.851431 1.139981 -20.469999 -20.469999 -0.643976 -0.606547 -18.600000 -18.600000 -0.075358 0.076852 -2.790000 -2.790000 0.103341 0.102776 3.520000 3.520000 -0.077322 -0.045207 -2.720000 -2.720000 -0.045636 -0.443399 0.000000 0.000000 0.422851 0.327457 0.000000 0.000000 -0.483907 -0.443470 0.000000 0.000000 -0.171843 -0.201162 0.000000 0.000000 0.212161 0.218521 0.000000 0.000000 0.256180 -0.019724 0.000000 0.000000 -0.452585 -0.351968 0.000000 0.000000 0.288222 0.324083 0.000000 0.000000 -0.138353 -0.186297 0.000000 0.000000 -0.201893 -0.197016 0.000000 0.000000
8.820000 -1.269569 -1.297234 2.800000 2.800000 0.477003 0.453546 -2.820000 -2.820000 0.090915 0.119667 2.930000 2.930000 1.701982 1.632895 0.650000 0.650000 0.359480 0.485586 1.280000 1.280000 -0.245970 -0.222310 -0.200000 -0.200000 -0.438925 -0.357119 -6.000000 -6.000000 -0.443550 -0.365099 -2.750000 -2.750000 -0.327433 -0.412791 -15.809999 -15.809999 0.849710 1.142201 -19.670000 -19.670000 -0.621228 -0.601400 -18.449999 -18.449999 -0.048879 0.077236 -2.350000 -2.350000 0.093885 0.096295 2.500000 2.500000 -0.076506 -0.048516 -2.080000 -2.080000 0.096143 -0.354306 0.000000 0.000000 0.443303 0.352197 0.000000 0.000000 -0.451714 -0.451305 0.000000 0.000000 -0.172851 -0.199667 0.000000 0.000000 0.208706 0.217768 0.000000 0.000000 0.342167 0.050961 0.000000 0.000000 -0.424531 -0.376440 0.000000 0.000000 0.267620 0.315887 0.000000 0.000000 -0.081116 -0.171662 0.000000 0.000000 -0.208838 -0.203468 0.000000 0.000000
8.840000 -1.272214 -1.315734 3.540000 3.540000 0.481060 0.491518 -5.380000 -5.380000 0.082559 0.115839 1.520000 1.520000 1.736924 1.714822 0.190000 0.190000 0.323863 0.448030 0.220000 0.220000 -0.259452 -0.226987 -0.040000 -0.040000 -0.466342 -0.376416 -6.660000 -6.660000 -0.417614 -0.349320 -1.250000 -1.250000 -0.296010 -0.378804 -13.259999 -13.259999 0.834345 1.139809 -21.270000 -21.270000 -0.616082 -0.602086 -20.059999 -20.059999 -0.018409 0.077651 -1.770000 -1.770000 0.077548 0.089042 1.380000 1.380000 -0.080579 -0.058589 -3.470000 -3.470000 0.245599 -0.255640 0.000000 0.000000 0.454165 0.371814 0.000000 0.000000 -0.396373 -0.446473 0.000000 0.000000 -0.178505 -0.198948 0.000000 0.000000 0.197324 0.217049 0.000000 0.000000 0.393882 0.117229 0.000000 0.000000 -0.383087 -0.390294 0.000000 0.000000 0.237725 0.301939 0.000000 0.000000 -0.041226 -0.144560 0.000000 0.000000 -0.210936 -0.202400 0.000000 0.000000
8.860000 -1.250257 -1.319677 5.260000 5.260000 0.477961 0.504547 -6.170000 -6.170000 0.080664 0.116339 1.390000 1.390000 1.761948 1.784106 -2.300000 -2.300000 0.299589 0.407716 -3.000000 -3.000000 -0.269593 -0.236467 -0.050000 -0.050000 -0.499478 -0.395575 -6.550000 -6.550000 -0.386579 -0.338356 -0.470000 -0.470000 -0.272128 -0.335830 -10.130000 -10.130000 0.830028 1.139489 -20.750000 -20.750000 -0.598699 -0.602548 -20.730000 -20.730000 0.047060 0.080229 -0.850000 -0.850000 0.079746 0.082042 0.160000 0.160000 -0.071011 -0.067252 -0.610000 -0.610000 0.393409 -0.141635 0.000000 0.000000 0.460527 0.383014 0.000000 0.000000 -0.319692 -0.432829 0.000000 0.000000 -0.176525 -0.196497 0.000000 0.000000 0.191404 0.213654 0.000000 0.000000 0.405726 0.173557 0.000000 0.000000 -0.328364 -0.393333 0.000000 0.000000 0.198621 0.282718 0.000000 0.000000 -0.013240 -0.119504 0.000000 0.000000 -0.208962 -0.199264 0.000000 0.000000
8.880000 -1.225636 -1.299474 4.640000 4.640000 0.475787 0.498292 -6.260000 -6.260000 0.073533 0.111669 1.750000 1.750000 1.735177 1.832968 -6.530000 -6.530000 0.270723 0.367260 -6.680000 -6.680000 -0.283826 -0.246577 -0.210000 -0.210000 -0.522876 -0.423172 -6.750000 -6.750000 -0.346489 -0.326325 -0.110000 -0.110000 -0.251537 -0.296762 -6.100000 -6.100000 0.836829 1.139489 -20.070000 -20.070000 -0.595148 -0.602548 -20.150000 -20.150000 0.098974 0.090892 -0.330000 -0.330000 0.062055 0.074534 -2.220000 -2.220000 -0.060588 -0.073840 0.900000 0.900000 0.551918 -0.016953 0.000000 0.000000 0.431777 0.385074 0.000000 0.000000 -0.214367 -0.406366 0.000000 0.000000 -0.169053 -0.188640 0.000000 0.000000 0.185632 0.203099 0.000000 0.000000 0.440152 0.228903 0.000000 0.000000 -0.267868 -0.380317 0.000000 0.000000 0.138881 0.258712 0.000000 0.000000 0.000013 -0.094212 0.000000 0.000000 -0.202932 -0.197848 0.000000 0.000000
8.900000 -1.184302 -1.262275 4.280000 4.280000 0.449288 0.483687 -3.730000 -3.730000 0.077002 0.104053 0.590000 0.590000 1.689227 1.847292 -7.930000 -7.930000 0.239996 0.336022 -7.440000 -7.440000 -0.296619 -0.257134 -0.200000 -0.200000 -0.555838 -0.449265 -7.120000 -7.120000 -0.312593 -0.308010 -0.760000 -0.760000 -0.234896 -0.257009 -2.070000 -2.070000 0.838802 1.139489 -18.889999 -18.889999 -0.543599 -0.602548 -21.109999 -21.109999 0.140255 0.099383 0.200000 0.200000 0.065835 0.068534 -3.660000 -3.660000 -0.047333 -0.077472 1.640000 1.640000 0.722056 0.112515 0.000000 0.000000 0.383567 0.380359 0.000000 0.000000 -0.114430 -0.359925 0.000000 0.000000 -0.173461 -0.185099 0.000000 0.000000 0.186285 0.201356 0.000000 0.000000 0.477555 0.287072 0.000000 0.000000 -0.221327 -0.356380 0.000000 0.000000 0.052337 0.225415 0.000000 0.000000 0.001157 -0.071831 0.000000 0.000000 -0.198424 -0.197882 0.000000 0.000000
8.920000 -1.108656 -1.206714 3.750000 3.750000 0.412185 0.456728 -3.870000 -3.870000 0.099635 0.098082 -2.460000 -2.460000 1.646057 1.824864 -11.179999 -11.179999 0.184365 0.315942 -8.860000 -8.860000 -0.296081 -0.267168 0.080000 0.080000 -0.561965 -0.471492 -6.330000 -6.330000 -0.264475 -0.286102 -0.070000 -0.070000 -0.234856 -0.224587 1.930000 1.930000 0.865564 1.140202 -14.860000 -14.860000 -0.435829 -0.601518 -21.309999 -21.309999 0.188120 0.104506 1.310000 1.310000 0.069074 0.076737 -4.670000 -4.670000 -0.032709 -0.069112 1.350000 1.350000 0.882542 0.246033 0.000000 0.000000 0.314746 0.363292 0.000000 0.000000 -0.021293 -0.299502 0.000000 0.000000 -0.182050 -0.180546 0.000000 0.000000 0.189657 0.196804 0.000000 0.000000 0.534907 0.343890 0.000000 0.000000 -0.192292 -0.323107 0.000000 0.000000 -0.042282 0.176471 0.000000 0.000000 0.011634 -0.053823 0.000000 0.000000 -0.188075 -0.194779 0.000000 0.000000
8.940000 -1.034478 -1.124094 2.380000 2.380000 0.376784 0.418844 -1.130000 -1.130000 0.107969 0.097475 -2.790000 -2.790000 1.610553 1.769970 -10.880000 -10.880000 0.089462 0.293140 -5.530000 -5.530000 -0.291313 -0.273912 -0.100000 -0.100000 -0.595063 -0.494579 -8.550000 -8.550000 -0.256067 -0.260171 -3.380000 -3.380000 -0.228872 -0.210325 2.810000 2.810000 0.881178 1.137711 -13.840000 -13.840000 -0.402826 -0.597661 -20.139999 -20.139999 0.211689 0.107894 1.770000 1.770000 0.097754 0.090676 -2.410000 -2.410000 -0.025196 -0.054135 1.300000 1.300000 0.975144 0.385687 0.000000 0.000000 0.269112 0.336573 0.000000 0.000000 0.039403 -0.224374 0.000000 0.000000 -0.203682 -0.178860 0.000000 0.000000 0.198557 0.193387 0.000000 0.000000 0.604259 0.400955 0.000000 0.000000 -0.189503 -0.286422 0.000000 0.000000 -0.118576 0.114267 0.000000 0.000000 0.039092 -0.039794 0.000000 0.000000 -0.185877 -0.182189 0.000000 0.000000
8.960000 -0.952573 -1.029693 1.640000 1.640000 0.336986 0.375342 -0.300000 -0.300000 0.103520 0.093129 -3.410000 -3.410000 1.557690 1.686191 -5.730000 -5.730000 -0.060822 0.255418 -2.310000 -2.310000 -0.260856 -0.274487 0.200000 0.200000 -0.601556 -0.513247 -6.440000 -6.440000 -0.239013 -0.245977 -1.050000 -1.050000 -0.210984 -0.198323 1.990000 1.990000 0.906116 1.134466 -11.840000 -11.840000 -0.335053 -0.589899 -20.250000 -20.250000 0.214163 0.108341 1.940000 1.940000 0.104979 0.110685 -1.650000 -1.650000 -0.022499 -0.036554 -0.360000 -0.360000 1.029749 0.507914 0.000000 0.000000 0.231813 0.305709 0.000000 0.000000 0.062291 -0.162589 0.000000 0.000000 -0.236218 -0.180041 0.000000 0.000000 0.215180 0.194410 0.000000 0.000000 0.672416 0.449797 0.000000 0.000000 -0.201006 -0.254499 0.000000 0.000000 -0.164199 0.056591 0.000000 0.000000 0.056369 -0.024731 0.000000 0.000000 -0.192345 -0.175557 0.000000 0.000000
8.980000 -0.861619 -0.932147 2.330000 2.330000 0.265068 0.327003 -2.620000 -2.620000 0.069274 0.078132 -3.630000 -3.630000 1.494763 1.578567 -2.100000 -2.100000 -0.220714 0.193935 -1.810000 -1.810000 -0.242498 -0.268926 0.200000 0.200000 -0.638300 -0.532575 -7.110000 -7.110000 -0.216332 -0.232879 2.080000 2.080000 -0.169138 -0.187046 0.210000 0.210000 0.908292 1.138448 -10.040000 -10.040000 -0.271355 -0.578232 -19.439999 -19.439999 0.195112 0.114211 1.000000 1.000000 0.118290 0.130204 -1.060000 -1.060000 -0.021300 -0.017328 -3.730000 -3.730000 1.040201 0.629038 0.000000 0.000000 0.244548 0.275218 0.000000 0.000000 0.051817 -0.110071 0.000000 0.000000 -0.264767 -0.183402 0.000000 0.000000 0.230023 0.195815 0.000000 0.000000 0.700105 0.499620 0.000000 0.000000 -0.229125 -0.231529 0.000000 0.000000 -0.183307 0.002489 0.000000 0.000000 0.048516 -0.007994 0.000000 0.000000 -0.202465 -0.189462 0.000000 0.000000
9.000000 -0.789490 -0.857810 4.600000 4.600000 0.201398 0.260624 -6.580000 -6.580000 0.022420 0.054296 -0.820000 -0.820000 1.441031 1.516658 -4.380000 -4.380000 -0.367556 0.021735 -16.410000 -16.410000 -0.232943 -0.265848 0.600000 0.600000 -0.647728 -0.557242 -6.920000 -6.920000 -0.212283 -0.217980 2.230000 2.230000 -0.121731 -0.166137 -1.500000 -1.500000 0.884719 1.133687 -11.179999 -11.179999 -0.268419 -0.561228 -20.309999 -20.309999 0.186292 0.117535 1.260000 1.260000 0.097602 0.136313 -0.530000 -0.530000 -0.012078 -0.001744 -4.200000 -4.200000 1.015813 0.743289 0.000000 0.000000 0.287000 0.256870 0.000000 0.000000 0.024502 -0.073817 0.000000 0.000000 -0.298428 -0.190259 0.000000 0.000000 0.234666 0.203706 0.000000 0.000000 0.714849 0.542940 0.000000 0.000000 -0.244003 -0.219025 0.000000 0.000000 -0.178227 -0.042240 0.000000 0.000000 0.038383 0.007676 0.000000 0.000000 -0.223863 -0.199129 0.000000 0.000000
9.020000 -0.741734 -0.795270 0.590000 0.590000 0.156561 0.192854 -2.010000 -2.010000 -0.041410 0.011234 0.630000 0.630000 1.269150 1.520723 -7.720000 -7.720000 -0.406701 -0.192814 -13.660000 -13.660000 -0.254142 -0.263238 0.080000 0.080000 -0.688750 -0.564605 -9.700000 -9.700000 -0.190201 -0.212224 3.140000 3.140000 -0.081046 -0.122204 -0.680000 -0.680000 0.927926 1.127853 -8.210000 -8.210000 -0.266319 -0.554318 -18.879999 -18.879999 0.198931 0.122818 0.640000 0.640000 0.098456 0.119388 -1.130000 -1.130000 -0.003281 0.012989 -4.600000 -4.600000 1.017150 0.834468 0.000000 0.000000 0.298807 0.251503 0.000000 0.000000 0.024539 -0.059578 0.000000 0.000000 -0.302363 -0.199746 0.000000 0.000000 0.214140 0.206156 0.000000 0.000000 0.749630 0.566747 0.000000 0.000000 -0.241771 -0.211586 0.000000 0.000000 -0.154985 -0.069448 0.000000 0.000000 0.016593 0.014027 0.000000 0.000000 -0.220394 -0.205750 0.000000 0.000000
9.040000 -0.651427 -0.724323 2.000000 2.000000 0.127048 0.128452 4.080000 4.080000 -0.065717 -0.052914 1.840000 1.840000 1.221536 1.446351 -5.100000 -5.100000 -0.431928 -0.342639 -17.250000 -17.250000 -0.241456 -0.263280 0.320000 0.320000 -0.685508 -0.579116 -8.410000 -8.410000 -0.166977 -0.192333 0.570000 0.570000 -0.058523 -0.077429 0.570000 0.570000 0.984311 1.123477 -2.830000 -2.830000 -0.171505 -0.548331 -15.150000 -15.150000 0.203300 0.130914 1.280000 1.280000 0.091205 0.116686 1.110000 1.110000 -0.004048 0.019684 -5.520000 -5.520000 1.013806 0.907977 0.000000 0.000000 0.327305 0.253191 0.000000 0.000000 0.061164 -0.045293 0.000000 0.000000 -0.276851 -0.208559 0.000000 0.000000 0.210703 0.208832 0.000000 0.000000 0.729526 0.590800 0.000000 0.000000 -0.239426 -0.214892 0.000000 0.000000 -0.170477 -0.089030 0.000000 0.000000 0.008584 0.011150 0.000000 0.000000 -0.211730 -0.204446 0.000000 0.000000
9.060000 -0.573856 -0.625657 -4.030000 -4.030000 0.124635 0.072586 12.450000 12.450000 -0.059849 -0.098345 1.690000 1.690000 1.175974 1.344839 -2.810000 -2.810000 -0.525926 -0.444139 -13.099999 -13.099999 -0.176987 -0.253192 0.110000 0.110000 -0.664552 -0.590376 -5.600000 -5.600000 -0.175439 -0.166147 -2.640000 -2.640000 -0.040798 -0.041669 -0.450000 -0.450000 0.995074 1.119167 -1.280000 -1.280000 -0.141942 -0.540119 -16.219999 -16.219999 0.214254 0.137849 0.880000 0.880000 0.074614 0.111419 -1.030000 -1.030000 -0.000083 0.027809 -7.250000 -7.250000 1.009774 0.968232 0.000000 0.000000 0.314852 0.254972 0.000000 0.000000 0.095759 -0.027586 0.000000 0.000000 -0.252853 -0.210267 0.000000 0.000000 0.211859 0.212788 0.000000 0.000000 0.720273 0.609944 0.000000 0.000000 -0.183565 -0.219572 0.000000 0.000000 -0.165050 -0.106494 0.000000 0.000000 0.007643 0.011015 0.000000 0.000000 -0.200702 -0.203255 0.000000 0.000000
9.080000 -0.495139 -0.544065 0.460000 0.460000 0.121295 0.056268 10.309999 10.309999 -0.047799 -0.111824 0.000000 0.000000 1.130696 1.251030 -0.710000 -0.710000 -0.514513 -0.564525 -13.130000 -13.130000 -0.108831 -0.215887 -0.640000 -0.640000 -0.619280 -0.608676 -1.210000 -1.210000 -0.151588 -0.157640 -0.390000 -0.390000 -0.025193 -0.022081 1.000000 1.000000 1.019097 1.116364 0.660000 0.660000 -0.093770 -0.535149 -15.120000 -15.120000 0.221443 0.139085 1.610000 1.610000 0.075714 0.106711 -0.360000 -0.360000 0.013446 0.031382 -4.290000 -4.290000 0.964686 1.004556 0.000000 0.000000 0.271530 0.258616 0.000000 0.000000 0.085009 -0.004313 0.000000 0.000000 -0.257904 -0.210200 0.000000 0.000000 0.214298 0.213890 0.000000 0.000000 0.667992 0.613380 0.000000 0.000000 -0.153696 -0.218199 0.000000 0.000000 -0.155518 -0.121629 0.000000 0.000000 -0.019875 0.011835 0.000000 0.000000 -0.198990 -0.202367 0.000000 0.000000
9.100000 -0.454644 -0.470940 -1.550000 -1.550000 0.158193 0.085704 9.210000 9.210000 -0.004895 -0.084836 -0.620000 -0.620000 1.056683 1.143545 12.030000 12.030000 -0.379061 -0.697725 -14.620000 -14.620000 -0.081120 -0.164583 -1.430000 -1.430000 -0.592449 -0.616331 2.230000 2.230000 -0.103659 -0.146070 1.400000 1.400000 -0.022989 -0.010315 3.490000 3.490000 0.995866 1.119601 0.840000 0.840000 0.000314 -0.527115 -16.930000 -16.930000 0.203125 0.138797 1.120000 1.120000 0.063023 0.097832 -2.040000 -2.040000 0.015248 0.031823 -4.790000 -4.790000 0.857698 1.016951 0.000000 0.000000 0.184175 0.256986 0.000000 0.000000 0.035837 0.010147 0.000000 0.000000 -0.233619 -0.209975 0.000000 0.000000 0.210814 0.214115 0.000000 0.000000 0.570460 0.612276 0.000000 0.000000 -0.198797 -0.209350 0.000000 0.000000 -0.168994 -0.131524 0.000000 0.000000 -0.074390 0.003910 0.000000 0.000000 -0.201274 -0.204087 0.000000 0.000000
9.120000 -0.388897 -0.430366 2.510000 2.510000 0.167932 0.127229 3.530000 3.530000 0.024670 -0.028882 0.790000 0.790000 1.062486 1.086717 3.680000 3.680000 -0.089574 -0.758414 -16.730000 -16.730000 -0.121151 -0.108998 -2.320000 -2.320000 -0.520070 -0.621700 6.990000 6.990000 -0.078234 -0.119375 3.090000 3.090000 -0.002761 -0.004843 4.110000 4.110000 1.010288 1.115299 7.680000 7.680000 0.407484 -0.508455 -22.959999 -22.959999 0.166962 0.135761 0.850000 0.850000 0.065939 0.096168 -1.370000 -1.370000 0.022684 0.028612 -4.430000 -4.430000 0.799864 1.006765 0.000000 0.000000 0.172942 0.247288 0.000000 0.000000 0.001784 0.015514 0.000000 0.000000 -0.199328 -0.205366 0.000000 0.000000 0.214652 0.216633 0.000000 0.000000 0.484387 0.605649 0.000000 0.000000 -0.297731 -0.209118 0.000000 0.000000 -0.200461 -0.139185 0.000000 0.000000 -0.098606 -0.001126 0.000000 0.000000 -0.218582 -0.209909 0.000000 0.000000
9.140000 -0.463778 -0.400745 -5.400000 -5.400000 0.190799 0.175959 -0.900000 -0.900000 0.075105 0.046298 -0.790000 -0.790000 1.027131 1.117307 0.370000 0.370000 -0.206922 -0.701606 -7.010000 -7.010000 -0.191027 -0.114377 0.020000 0.020000 -0.474953 -0.604703 10.110000 10.110000 -0.095317 -0.093875 -0.280000 -0.280000 0.047930 0.023281 -0.810000 -0.810000 0.985700 1.102623 9.110000 9.110000 0.520561 -0.471809 -25.389999 -25.389999 0.219092 0.133141 1.280000 1.280000 0.043427 0.095238 -7.260000 -7.260000 0.029061 0.027251 -6.290000 -6.290000 0.640437 0.983817 0.000000 0.000000 0.140619 0.233562 0.000000 0.000000 -0.006389 0.011358 0.000000 0.000000 -0.237707 -0.204467 0.000000 0.000000 0.242258 0.218656 0.000000 0.000000 0.441711 0.586137 0.000000 0.000000 -0.316079 -0.214974 0.000000 0.000000 -0.178617 -0.145297 0.000000 0.000000 -0.109615 -0.012479 0.000000 0.000000 -0.232146 -0.216811 0.000000 0.000000
9.160000 -0.486547 -0.388688 -8.620000 -8.620000 0.171690 0.221879 -5.450000 -5.450000 0.121852 0.107215 -4.300000 -4.300000 1.077590 1.120634 -2.060000 -2.060000 -0.564100 -0.643460 -7.470000 -7.470000 -0.203047 -0.141840 -0.090000 -0.090000 -0.416070 -0.588934 13.400000 13.400000 -0.039501 -0.066602 2.750000 2.750000 0.085631 0.052139 -1.070000 -1.070000 0.998427 1.091806 15.200000 15.200000 0.724939 -0.444618 -25.180000 -25.180000 0.323739 0.144944 2.400000 2.400000 -0.034632 0.091156 -15.070000 -15.070000 0.034193 0.023150 -9.150000 -9.150000 0.431157 0.934239 0.000000 0.000000 0.224203 0.217205 0.000000 0.000000 -0.005066 0.006293 0.000000 0.000000 -0.270923 -0.213381 0.000000 0.000000 0.254466 0.221995 0.000000 0.000000 0.254514 0.564293 0.000000 0.000000 -0.324352 -0.232064 0.000000 0.000000 -0.197081 -0.151537 0.000000 0.000000 -0.132834 -0.025237 0.000000 0.000000 -0.235803 -0.228918 0.000000 0.000000
9.180000 -0.545143 -0.381846 -12.900000 -12.900000 0.218217 0.223240 -2.300000 -2.300000 0.117972 0.141389 1.410000 1.410000 1.029782 1.141923 -7.700000 -7.700000 -0.738411 -0.650560 -6.260000 -6.260000 -0.179159 -0.155390 -0.020000 -0.020000 -0.515612 -0.585973 5.660000 5.660000 -0.087978 -0.045556 -3.130000 -3.130000 0.101767 0.086166 -2.450000 -2.450000 1.030783 1.093724 15.920000 15.920000 0.778206 -0.429164 -27.129999 -27.129999 0.326473 0.160167 2.270000 2.270000 0.009511 0.066370 -5.840000 -5.840000 0.027010 0.020017 -4.520000 -4.520000 0.216248 0.863307 0.000000 0.000000 0.273172 0.219359 0.000000 0.000000 0.009807 0.004000 0.000000 0.000000 -0.249525 -0.210897 0.000000 0.000000 0.266910 0.224704 0.000000 0.000000 0.067067 0.530423 0.000000 0.000000 -0.208050 -0.236989 0.000000 0.000000 -0.147167 -0.156439 0.000000 0.000000 -0.052356 -0.027396 0.000000 0.000000 -0.221009 -0.233549 0.000000 0.000000
9.200000 -0.442903 -0.388688 -4.020000 -4.020000 0.318414 0.223768 3.670000 3.670000 0.080719 0.136435 11.650000 11.650000 0.910144 1.141808 -10.900000 -10.900000 -0.728102 -0.658156 -12.490000 -12.490000 -0.085136 -0.157542 1.060000 1.060000 -0.687371 -0.592186 -4.580000 -4.580000 -0.123288 -0.056490 -11.429999 -11.429999 0.039454 0.111627 -0.750000 -0.750000 1.123269 1.113374 13.700000 13.700000 0.573724 -0.403819 -16.690001 -16.690001 0.383275 0.177243 2.260000 2.260000 0.025151 0.049582 -0.580000 -0.580000 -0.003465 0.013958 -2.300000 -2.300000 0.040574 0.770409 0.000000 0.000000 0.330369 0.230291 0.000000 0.000000 0.014337 0.005525 0.000000 0.000000 -0.240200 -0.212617 0.000000 0.000000 0.290034 0.228739 0.000000 0.000000 -0.044634 0.479249 0.000000 0.000000 -0.252357 -0.232390 0.000000 0.000000 -0.116402 -0.154099 0.000000 0.000000 -0.015062 -0.021022 0.000000 0.000000 -0.230746 -0.233875 0.000000 0.000000
9.220000 -0.287448 -0.386832 7.040000 7.040000 0.289189 0.235456 4.200000 4.200000 0.110932 0.119735 8.240000 8.240000 0.838003 1.091519 -13.210000 -13.210000 -0.502812 -0.666404 -16.730000 -16.730000 -0.074284 -0.132785 -0.890000 -0.890000 -0.759361 -0.641105 -7.150000 -7.150000 -0.097274 -0.069823 -8.360000 -8.360000 -0.045974 0.066872 3.420000 3.420000 1.143107 1.150904 6.970000 6.970000 0.476106 -0.358121 -13.309999 -13.309999 0.410785 0.214122 1.140000 1.140000 0.100748 0.042270 3.450000 3.450000 -0.019238 -0.004945 2.950000 2.950000 -0.095374 0.638364 0.000000 0.000000 0.370181 0.250769 0.000000 0.000000 0.001600 0.002416 0.000000 0.000000 -0.253599 -0.214887 0.000000 0.000000 0.299052 0.238924 0.000000 0.000000 -0.120959 0.413104 0.000000 0.000000 -0.261671 -0.239096 0.000000 0.000000 -0.084226 -0.145623 0.000000 0.000000 -0.072410 -0.024799 0.000000 0.000000 -0.219630 -0.233718 0.000000 0.000000
9.240000 -0.176130 -0.378870 13.759999 13.759999 0.332731 0.242681 3.520000 3.520000 0.121758 0.134243 9.090000 9.090000 0.905239 1.064240 -6.990000 -6.990000 -0.200916 -0.658440 -20.930000 -20.930000 -0.034315 -0.096044 -0.560000 -0.560000 -0.731555 -0.675819 -3.350000 -3.350000 -0.123358 -0.078007 -4.730000 -4.730000 -0.086885 -0.015865 0.960000 0.960000 1.194125 1.197956 5.090000 5.090000 0.429701 -0.279150 -9.230000 -9.230000 0.376012 0.258491 -0.120000 -0.120000 0.083795 0.058793 4.480000 4.480000 -0.010756 -0.011817 4.630000 4.630000 -0.265476 0.509510 0.000000 0.000000 0.366019 0.269036 0.000000 0.000000 -0.015440 -0.001088 0.000000 0.000000 -0.284201 -0.212369 0.000000 0.000000 0.268449 0.241981 0.000000 0.000000 -0.261679 0.339595 0.000000 0.000000 -0.320891 -0.247386 0.000000 0.000000 -0.039782 -0.132863 0.000000 0.000000 -0.112538 -0.026013 0.000000 0.000000 -0.206472 -0.232728 0.000000 0.000000
9.260000 -0.215688 -0.332989 8.540000 8.540000 0.329443 0.279252 3.080000 3.080000 0.173058 0.156836 5.200000 5.200000 0.910213 1.099074 -1.480000 -1.480000 -0.028015 -0.631592 -20.709999 -20.709999 -0.038048 -0.093211 1.140000 1.140000 -0.764856 -0.700255 -3.370000 -3.370000 -0.160096 -0.120902 -0.860000 -0.860000 -0.121626 -0.090967 -0.210000 -0.210000 1.270798 1.243041 4.190000 4.190000 0.414118 -0.173982 -4.840000 -4.840000 0.262029 0.277868 -0.550000 -0.550000 0.100266 0.050052 1.340000 1.340000 0.022233 -0.006051 5.430000 5.430000 -0.383718 0.360407 0.000000 0.000000 0.316909 0.284183 0.000000 0.000000 -0.117074 -0.012066 0.000000 0.000000 -0.308949 -0.211200 0.000000 0.000000 0.241492 0.242251 0.000000 0.000000 -0.360215 0.242034 0.000000 0.000000 -0.335580 -0.251961 0.000000 0.000000 0.039383 -0.103280 0.000000 0.000000 -0.134070 -0.032094 0.000000 0.000000 -0.205614 -0.227659 0.000000 0.000000
9.280000 -0.161785 -0.288135 7.470000 7.470000 0.341270 0.301327 1.640000 1.640000 0.208420 0.194670 4.740000 4.740000 0.923132 1.093060 0.750000 0.750000 -0.026184 -0.623428 -22.420000 -22.420000 -0.026075 -0.091709 1.230000 1.230000 -0.776037 -0.720810 -3.210000 -3.210000 -0.160088 -0.164845 0.850000 0.850000 -0.189339 -0.152139 1.000000 1.000000 1.345842 1.289724 4.260000 4.260000 0.390913 -0.063974 -0.070000 -0.070000 0.160974 0.266736 -0.570000 -0.570000 0.065585 0.064324 1.880000 1.880000 0.007073 0.007888 0.970000 0.970000 -0.556179 0.211427 0.000000 0.000000 0.314185 0.292810 0.000000 0.000000 -0.192791 -0.038809 0.000000 0.000000 -0.322047 -0.216315 0.000000 0.000000 0.235495 0.239429 0.000000 0.000000 -0.506997 0.141896 0.000000 0.000000 -0.362168 -0.264185 0.000000 0.000000 0.108743 -0.062719 0.000000 0.000000 -0.194589 -0.049360 0.000000 0.000000 -0.192812 -0.217992 0.000000 0.000000
9.300000 -0.130837 -0.215164 2.390000 2.390000 0.345142 0.317322 1.160000 1.160000 0.246251 0.242363 4.940000 4.940000 0.928474 1.075147 4.700000 4.700000 -0.012061 -0.639141 -22.350000 -22.350000 -0.007318 -0.093211 2.080000 2.080000 -0.827598 -0.744786 -6.740000 -6.740000 -0.220138 -0.192940 -0.000000 -0.000000 -0.234316 -0.223873 -0.880000 -0.880000 1.395234 1.352288 -0.610000 -0.610000 0.248917 0.065274 3.690000 3.690000 0.077625 0.230154 -0.410000 -0.410000 0.116922 0.063218 5.840000 5.840000 0.008904 0.022445 2.010000 2.010000 -0.609252 0.044161 0.000000 0.000000 0.271914 0.299911 0.000000 0.000000 -0.230350 -0.074830 0.000000 0.000000 -0.271384 -0.220013 0.000000 0.000000 0.233893 0.232966 0.000000 0.000000 -0.567383 0.017459 0.000000 0.000000 -0.357080 -0.280531 0.000000 0.000000 0.176458 -0.009863 0.000000 0.000000 -0.202194 -0.072607 0.000000 0.000000 -0.170887 -0.208639 0.000000 0.000000
9.320000 -0.106142 -0.147515 1.760000 1.760000 0.368391 0.325232 0.330000 0.330000 0.264807 0.280697 6.130000 6.130000 0.934422 1.064273 3.330000 3.330000 0.047130 -0.656121 -22.059999 -22.059999 0.008191 -0.098122 1.970000 1.970000 -0.847841 -0.767888 -5.940000 -5.940000 -0.265860 -0.234083 -0.410000 -0.410000 -0.267781 -0.260670 -1.740000 -1.740000 1.446667 1.407190 -2.370000 -2.370000 0.154802 0.153664 4.050000 4.050000 0.019020 0.183144 -0.260000 -0.260000 0.095306 0.079487 3.490000 3.490000 0.017076 0.030942 1.760000 1.760000 -0.689260 -0.103715 0.000000 0.000000 0.224677 0.298363 0.000000 0.000000 -0.253636 -0.106997 0.000000 0.000000 -0.249247 -0.219080 0.000000 0.000000 0.244522 0.233247 0.000000 0.000000 -0.644886 -0.106118 0.000000 0.000000 -0.364916 -0.290986 0.000000 0.000000 0.218690 0.041642 0.000000 0.000000 -0.198035 -0.087602 0.000000 0.000000 -0.166459 -0.200681 0.000000 0.000000
9.340000 -0.105879 -0.105730 -1.560000 -1.560000 0.377736 0.335618 1.680000 1.680000 0.286901 0.308468 9.090000 9.090000 0.899449 1.063650 0.900000 0.900000 -0.074772 -0.657020 -21.650000 -21.650000 0.009878 -0.099336 1.840000 1.840000 -0.846928 -0.791205 -2.730000 -2.730000 -0.270125 -0.269098 2.560000 2.560000 -0.283796 -0.287051 -1.040000 -1.040000 1.475942 1.459413 -3.010000 -3.010000 0.096793 0.204012 3.950000 3.950000 0.011106 0.137370 0.170000 0.170000 0.102486 0.079253 2.020000 2.020000 0.020000 0.029238 0.890000 0.890000 -0.723072 -0.237601 0.000000 0.000000 0.191034 0.284695 0.000000 0.000000 -0.254226 -0.138152 0.000000 0.000000 -0.219641 -0.216607 0.000000 0.000000 0.253030 0.233562 0.000000 0.000000 -0.668430 -0.226873 0.000000 0.000000 -0.376631 -0.294385 0.000000 0.000000 0.236987 0.088793 0.000000 0.000000 -0.209681 -0.102507 0.000000 0.000000 -0.159981 -0.187057 0.000000 0.000000
9.360000 -0.093996 -0.073685 -2.850000 -2.850000 0.431327 0.339328 7.390000 7.390000 0.316915 0.330542 10.969999 10.969999 0.867226 1.054120 -2.540000 -2.540000 -0.241355 -0.668746 -20.609999 -20.609999 0.021466 -0.090548 1.520000 1.520000 -0.825158 -0.820657 0.140000 0.140000 -0.313656 -0.293542 3.260000 3.260000 -0.281521 -0.313531 -5.440000 -5.440000 1.469024 1.499303 -4.170000 -4.170000 0.093390 0.220483 -0.010000 -0.010000 0.020494 0.101076 0.160000 0.160000 0.106798 0.089502 1.170000 1.170000 0.024739 0.024765 1.050000 1.050000 -0.793070 -0.359951 0.000000 0.000000 0.217200 0.268233 0.000000 0.000000 -0.257035 -0.162135 0.000000 0.000000 -0.177702 -0.212797 0.000000 0.000000 0.271014 0.236001 0.000000 0.000000 -0.731435 -0.327012 0.000000 0.000000 -0.349508 -0.298577 0.000000 0.000000 0.272069 0.130263 0.000000 0.000000 -0.222676 -0.119729 0.000000 0.000000 -0.144049 -0.171589 0.000000 0.000000
9.380000 -0.001452 -0.047899 1.770000 1.770000 0.440367 0.352396 8.000000 8.000000 0.324185 0.339323 11.429999 11.429999 0.910543 1.032127 1.590000 1.590000 -0.159177 -0.682804 -18.490000 -18.490000 -0.000270 -0.087607 1.880000 1.880000 -0.815742 -0.847901 3.690000 3.690000 -0.318086 -0.305239 3.280000 3.280000 -0.301497 -0.334156 -6.100000 -6.100000 1.439334 1.519854 -6.150000 -6.150000 0.076653 0.211703 -3.270000 -3.270000 0.051340 0.079707 0.190000 0.190000 0.099272 0.108355 -1.120000 -1.120000 0.010053 0.018617 -1.290000 -1.290000 -0.872342 -0.471011 0.000000 0.000000 0.188367 0.250234 0.000000 0.000000 -0.297381 -0.183627 0.000000 0.000000 -0.183912 -0.205625 0.000000 0.000000 0.253102 0.244724 0.000000 0.000000 -0.793868 -0.416596 0.000000 0.000000 -0.310334 -0.304561 0.000000 0.000000 0.287022 0.165981 0.000000 0.000000 -0.218596 -0.137152 0.000000 0.000000 -0.132790 -0.155267 0.000000 0.000000
9.400000 0.078591 -0.026852 8.570000 8.570000 0.421423 0.354853 6.540000 6.540000 0.360407 0.352529 8.820000 8.820000 0.927919 1.020884 6.430000 6.430000 0.126543 -0.677171 -20.090000 -20.090000 -0.060697 -0.100060 1.300000 1.300000 -0.823842 -0.861875 2.650000 2.650000 -0.301319 -0.300746 3.010000 3.010000 -0.322611 -0.354605 -5.150000 -5.150000 1.354497 1.513356 -10.820000 -10.820000 0.011475 0.193493 -6.390000 -6.390000 0.064704 0.074104 0.010000 0.010000 0.106136 0.118947 -0.460000 -0.460000 -0.009056 0.007595 -3.150000 -3.150000 -0.976799 -0.570904 0.000000 0.000000 0.178365 0.232887 0.000000 0.000000 -0.356703 -0.208913 0.000000 0.000000 -0.196651 -0.203309 0.000000 0.000000 0.239135 0.244297 0.000000 0.000000 -0.862567 -0.495627 0.000000 0.000000 -0.290609 -0.302186 0.000000 0.000000 0.290724 0.194831 0.000000 0.000000 -0.194986 -0.145999 0.000000 0.000000 -0.129701 -0.143993 0.000000 0.000000
9.420000 0.068371 -0.007877 6.030000 6.030000 0.420928 0.351838 5.530000 5.530000 0.389268 0.382933 7.560000 7.560000 0.929499 1.015681 10.750000 10.750000 0.260860 -0.654796 -19.410000 -19.410000 -0.097688 -0.105578 0.420000 0.420000 -0.803297 -0.855126 3.270000 3.270000 -0.281502 -0.286817 2.070000 2.070000 -0.325548 -0.361428 -4.410000 -4.410000 1.280933 1.475129 -12.860000 -12.860000 0.019864 0.168893 -9.520000 -9.520000 0.087577 0.075009 0.060000 0.060000 0.109765 0.127689 -1.860000 -1.860000 0.001650 0.000615 -1.620000 -1.620000 -1.061999 -0.655702 0.000000 0.000000 0.181499 0.223538 0.000000 0.000000 -0.404213 -0.243363 0.000000 0.000000 -0.222209 -0.204793 0.000000 0.000000 0.233378 0.243690 0.000000 0.000000 -0.920174 -0.562754 0.000000 0.000000 -0.310596 -0.294921 0.000000 0.000000 0.311737 0.220351 0.000000 0.000000 -0.182552 -0.144234 0.000000 0.000000 -0.131648 -0.143981 0.000000 0.000000
9.440000 0.067710 0.015240 3.870000 3.870000 0.386106 0.356488 4.100000 4.100000 0.433028 0.416696 4.320000 4.320000 0.965360 1.012296 13.309999 13.309999 0.394816 -0.638076 -22.309999 -22.309999 -0.162299 -0.118383 0.210000 0.210000 -0.713929 -0.822851 7.670000 7.670000 -0.226127 -0.253994 1.190000 1.190000 -0.350519 -0.356113 -0.180000 -0.180000 1.186673 1.394112 -8.510000 -8.510000 0.162141 0.143062 -11.429999 -11.429999 0.091956 0.078152 0.060000 0.060000 0.070484 0.119554 -3.680000 -3.680000 -0.010802 0.000253 -5.150000 -5.150000 -1.151687 -0.745164 0.000000 0.000000 0.205737 0.217042 0.000000 0.000000 -0.464366 -0.284437 0.000000 0.000000 -0.223749 -0.205659 0.000000 0.000000 0.252476 0.243881 0.000000 0.000000 -1.029764 -0.625095 0.000000 0.000000 -0.336241 -0.290113 0.000000 0.000000 0.327883 0.245952 0.000000 0.000000 -0.161957 -0.143930 0.000000 0.000000 -0.135802 -0.144150 0.000000 0.000000
9.460000 0.025421 0.034369 -0.220000 -0.220000 0.365202 0.347316 2.330000 2.330000 0.456302 0.446973 2.690000 2.690000 0.991370 1.026186 10.400000 10.400000 0.194394 -0.620055 -16.080000 -16.080000 -0.203197 -0.135608 -0.170000 -0.170000 -0.565802 -0.758577 10.309999 10.309999 -0.216799 -0.218049 0.140000 0.140000 -0.333376 -0.351160 -1.530000 -1.530000 1.080946 1.290937 -1.960000 -1.960000 0.445659 0.138767 -12.910000 -12.910000 0.083110 0.081145 0.010000 0.010000 0.034753 0.101415 -5.780000 -5.780000 0.004075 0.000361 -5.260000 -5.260000 -1.183940 -0.823704 0.000000 0.000000 0.241726 0.215866 0.000000 0.000000 -0.503003 -0.326756 0.000000 0.000000 -0.211892 -0.205344 0.000000 0.000000 0.266849 0.244870 0.000000 0.000000 -1.070732 -0.678968 0.000000 0.000000 -0.330876 -0.289787 0.000000 0.000000 0.342426 0.267769 0.000000 0.000000 -0.096294 -0.137264 0.000000 0.000000 -0.132396 -0.143442 0.000000 0.000000
9.480000 -0.038916 0.039032 -7.390000 -7.390000 0.341567 0.337487 0.950000 0.950000 0.465555 0.469214 1.970000 1.970000 0.977833 1.043484 2.610000 2.610000 -0.146990 -0.599313 -13.040000 -13.040000 -0.215596 -0.156583 -0.020000 -0.020000 -0.422829 -0.673149 10.910000 10.910000 -0.234210 -0.200497 0.480000 0.480000 -0.294872 -0.330495 -5.000000 -5.000000 0.989690 1.134171 3.630000 3.630000 0.705813 0.176217 -8.929999 -8.929999 0.081915 0.080634 0.380000 0.380000 -0.005050 0.066918 -6.150000 -6.150000 0.023144 -0.001519 -1.990000 -1.990000 -1.163711 -0.899544 0.000000 0.000000 0.283688 0.219673 0.000000 0.000000 -0.514809 -0.374804 0.000000 0.000000 -0.221611 -0.205142 0.000000 0.000000 0.283546 0.246601 0.000000 0.000000 -1.074845 -0.733333 0.000000 0.000000 -0.313450 -0.290869 0.000000 0.000000 0.355957 0.288760 0.000000 0.000000 -0.041716 -0.126911 0.000000 0.000000 -0.125785 -0.140598 0.000000 0.000000
9.500000 -0.088955 0.048297 -10.450000 -10.450000 0.347255 0.322285 -0.200000 -0.200000 0.434000 0.468832 4.550000 4.550000 0.952214 1.066305 -6.010000 -6.010000 -0.508967 -0.588012 -8.280000 -8.280000 -0.165233 -0.168546 0.370000 0.370000 -0.366304 -0.603691 19.990000 19.990000 -0.250209 -0.202357 -1.650000 -1.650000 -0.287136 -0.316849 -10.170000 -10.170000 0.948119 1.006380 12.880000 12.880000 0.721087 0.164467 -23.850000 -23.850000 0.082396 0.057997 2.610000 2.610000 -0.036467 0.023083 -14.500000 -14.500000 0.049735 -0.003555 -0.370000 -0.370000 -1.171067 -0.961149 0.000000 0.000000 0.293268 0.229127 0.000000 0.000000 -0.534989 -0.409451 0.000000 0.000000 -0.275795 -0.212055 0.000000 0.000000 0.302897 0.250659 0.000000 0.000000 -1.110665 -0.776530 0.000000 0.000000 -0.329892 -0.294152 0.000000 0.000000 0.339282 0.302731 0.000000 0.000000 -0.058202 -0.118233 0.000000 0.000000 -0.139573 -0.131942 0.000000 0.000000
9.520000 -0.054195 0.045490 -7.630000 -7.630000 0.318886 0.322863 0.750000 0.750000 0.440208 0.448911 0.070000 0.070000 0.968239 1.077359 -9.099999 -9.099999 -0.736713 -0.583646 -4.100000 -4.100000 -0.095031 -0.163199 0.640000 0.640000 -0.413317 -0.564022 8.240000 8.240000 -0.244353 -0.189190 -4.300000 -4.300000 -0.305952 -0.329232 -9.220000 -9.220000 0.824133 1.017385 1.340000 1.340000 0.477611 0.033728 -33.020000 -33.020000 0.153286 0.032846 3.030000 3.030000 -0.052705 0.016456 -8.990000 -8.990000 0.034243 -0.003898 -2.140000 -2.140000 -1.251613 -1.006800 0.000000 0.000000 0.247822 0.225587 0.000000 0.000000 -0.533149 -0.440885 0.000000 0.000000 -0.326837 -0.227691 0.000000 0.000000 0.307749 0.261394 0.000000 0.000000 -1.144197 -0.807209 0.000000 0.000000 -0.388130 -0.306598 0.000000 0.000000 0.326478 0.310031 0.000000 0.000000 -0.102088 -0.109196 0.000000 0.000000 -0.120514 -0.137630 0.000000 0.000000
9.540000 -0.060235 0.032099 -7.090000 -7.090000 0.349045 0.307445 5.690000 5.690000 0.416579 0.418849 3.920000 3.920000 1.056346 1.069763 -4.020000 -4.020000 -0.814440 -0.595822 1.910000 1.910000 -0.098665 -0.145494 -0.020000 -0.020000 -0.413296 -0.525013 9.740000 9.740000 -0.287778 -0.183924 -2.220000 -2.220000 -0.271665 -0.333578 -16.010000 -16.010000 0.782338 1.009436 -0.110000 -0.110000 0.449786 -0.069263 -25.490000 -25.490000 0.111525 0.044319 0.240000 0.240000 -0.047077 -0.007527 -4.910000 -4.910000 0.019631 0.003327 -1.310000 -1.310000 -1.355428 -1.039075 0.000000 0.000000 0.245490 0.225646 0.000000 0.000000 -0.547575 -0.465019 0.000000 0.000000 -0.329275 -0.240573 0.000000 0.000000 0.305076 0.275311 0.000000 0.000000 -1.209171 -0.836662 0.000000 0.000000 -0.412725 -0.328462 0.000000 0.000000 0.386630 0.317133 0.000000 0.000000 -0.106449 -0.109668 0.000000 0.000000 -0.114265 -0.137203 0.000000 0.000000
9.560000 -0.017689 0.016575 -1.890000 -1.890000 0.417162 0.306084 7.300000 7.300000 0.352122 0.397401 13.690000 13.690000 1.033309 1.062946 -2.620000 -2.620000 -0.736206 -0.620102 -0.940000 -0.940000 -0.127713 -0.134277 -0.570000 -0.570000 -0.473119 -0.499748 0.650000 0.650000 -0.250942 -0.199244 -0.150000 -0.150000 -0.258545 -0.332531 -14.929999 -14.929999 0.852549 0.948847 3.880000 3.880000 0.312719 -0.094301 -18.340000 -18.340000 0.036714 0.038929 1.670000 1.670000 -0.054784 -0.035504 -0.360000 -0.360000 -0.008530 -0.001450 -0.340000 -0.340000 -1.384900 -1.087794 0.000000 0.000000 0.242799 0.228195 0.000000 0.000000 -0.559846 -0.484823 0.000000 0.000000 -0.314478 -0.251128 0.000000 0.000000 0.306345 0.287102 0.000000 0.000000 -1.200665 -0.873232 0.000000 0.000000 -0.411290 -0.348231 0.000000 0.000000 0.411000 0.336296 0.000000 0.000000 -0.086103 -0.107768 0.000000 0.000000 -0.135141 -0.138024 0.000000 0.000000
9.580000 -0.019176 -0.005039 0.210000 0.210000 0.351969 0.325241 1.460000 1.460000 0.361862 0.379302 5.100000 5.100000 1.084380 1.059176 1.200000 1.200000 -0.685378 -0.642798 1.140000 1.140000 -0.147602 -0.133009 -0.220000 -0.220000 -0.504997 -0.484148 -0.650000 -0.650000 -0.177265 -0.160939 1.430000 1.430000 -0.246587 -0.322673 -7.190000 -7.190000 0.803569 0.938982 -0.710000 -0.710000 0.151515 -0.152683 -18.430000 -18.430000 0.011971 -0.015634 3.410000 3.410000 -0.034434 -0.047388 0.250000 0.250000 -0.020489 -0.012766 -0.230000 -0.230000 -1.408298 -1.129396 0.000000 0.000000 0.218844 0.227392 0.000000 0.000000 -0.575473 -0.503742 0.000000 0.000000 -0.281613 -0.257277 0.000000 0.000000 0.309835 0.296758 0.000000 0.000000 -1.234641 -0.918760 0.000000 0.000000 -0.506655 -0.375217 0.000000 0.000000 0.467394 0.361117 0.000000 0.000000 -0.059209 -0.103216 0.000000 0.000000 -0.120314 -0.135742 0.000000 0.000000
9.600000 -0.036368 -0.031945 0.420000 0.420000 0.348322 0.331957 0.560000 0.560000 0.361152 0.374192 0.320000 0.320000 1.126192 1.058455 4.050000 4.050000 -0.668605 -0.654133 3.770000 3.770000 -0.135001 -0.133893 -0.010000 -0.010000 -0.469935 -0.494042 2.130000 2.130000 -0.158323 -0.113433 1.680000 1.680000 -0.192407 -0.295450 -14.360000 -14.360000 0.797131 0.934180 -4.300000 -4.300000 0.119773 -0.178241 -14.790000 -14.790000 -0.013219 -0.044034 1.760000 1.760000 -0.038186 -0.039077 0.790000 0.790000 -0.022136 -0.018806 -0.080000 -0.080000 -1.401081 -1.164739 0.000000 0.000000 0.254243 0.225599 0.000000 0.000000 -0.528168 -0.517340 0.000000 0.000000 -0.229296 -0.256659 0.000000 0.000000 0.320782 0.298501 0.000000 0.000000 -1.291793 -0.961834 0.000000 0.000000 -0.555687 -0.403578 0.000000 0.000000 0.514556 0.392551 0.000000 0.000000 -0.042946 -0.095190 0.000000 0.000000 -0.114590 -0.126412 0.000000 0.000000
9.620000 -0.049452 -0.061950 2.070000 2.070000 0.362368 0.362988 -0.120000 -0.120000 0.368692 0.357374 -3.070000 -3.070000 1.122385 1.064666 1.680000 1.680000 -0.632843 -0.657233 2.340000 2.340000 -0.135056 -0.136769 0.340000 0.340000 -0.466272 -0.506099 4.530000 4.530000 -0.150400 -0.072221 -3.410000 -3.410000 -0.161885 -0.233290 -16.520000 -16.520000 0.791345 0.942669 -6.430000 -6.430000 0.128464 -0.170077 -15.330000 -15.330000 -0.002379 -0.058479 1.070000 1.070000 -0.056002 -0.039753 -1.150000 -1.150000 -0.015839 -0.017661 -1.780000 -1.780000 -1.365562 -1.197259 0.000000 0.000000 0.300866 0.229161 0.000000 0.000000 -0.478144 -0.516455 0.000000 0.000000 -0.216065 -0.254826 0.000000 0.000000 0.339045 0.300153 0.000000 0.000000 -1.293623 -1.011167 0.000000 0.000000 -0.532482 -0.433079 0.000000 0.000000 0.544386 0.427943 0.000000 0.000000 -0.044148 -0.091682 0.000000 0.000000 -0.117939 -0.122905 0.000000 0.000000
9.640000 -0.088869 -0.076461 -0.370000 -0.370000 0.367852 0.379404 2.030000 2.030000 0.388633 0.351080 -3.500000 -3.500000 1.114932 1.088094 1.480000 1.480000 -0.588807 -0.653719 -0.380000 -0.380000 -0.148181 -0.139433 -0.070000 -0.070000 -0.503629 -0.526961 2.130000 2.130000 -0.131786 -0.049246 -5.250000 -5.250000 -0.156774 -0.200506 -12.400000 -12.400000 0.730677 0.957091 -8.000000 -8.000000 0.186107 -0.159830 -20.639999 -20.639999 0.041964 -0.045579 0.760000 0.760000 -0.074583 -0.043013 -2.530000 -2.530000 -0.007270 -0.009193 -3.290000 -3.290000 -1.412607 -1.212722 0.000000 0.000000 0.365889 0.242282 0.000000 0.000000 -0.483280 -0.511111 0.000000 0.000000 -0.237478 -0.253995 0.000000 0.000000 0.370458 0.305998 0.000000 0.000000 -1.329490 -1.052523 0.000000 0.000000 -0.505930 -0.452033 0.000000 0.000000 0.585882 0.460914 0.000000 0.000000 -0.026361 -0.080992 0.000000 0.000000 -0.124102 -0.114530 0.000000 0.000000
9.660000 -0.090382 -0.088058 -0.040000 -0.040000 0.372321 0.375743 1.230000 1.230000 0.396015 0.366116 -3.050000 -3.050000 1.089710 1.116807 -1.380000 -1.380000 -0.619484 -0.649814 -2.200000 -2.200000 -0.148491 -0.140050 -0.090000 -0.090000 -0.493924 -0.535797 4.220000 4.220000 -0.112090 -0.041493 -3.730000 -3.730000 -0.149557 -0.181104 -11.179999 -11.179999 0.714517 0.959418 -9.800000 -9.800000 0.204062 -0.157061 -23.549999 -23.549999 0.112102 -0.036066 2.470000 2.470000 -0.074168 -0.049679 -0.070000 -0.070000 -0.036380 -0.005757 -5.370000 -5.370000 -1.427378 -1.224994 0.000000 0.000000 0.414412 0.268675 0.000000 0.000000 -0.491886 -0.507607 0.000000 0.000000 -0.218393 -0.247969 0.000000 0.000000 0.373892 0.315508 0.000000 0.000000 -1.347692 -1.083694 0.000000 0.000000 -0.516639 -0.466120 0.000000 0.000000 0.576854 0.491650 0.000000 0.000000 -0.037794 -0.080397 0.000000 0.000000 -0.137743 -0.114474 0.000000 0.000000
9.680000 -0.075662 -0.093581 1.040000 1.040000 0.373777 0.383134 -0.430000 -0.430000 0.397763 0.382493 -2.250000 -2.250000 1.096946 1.127132 -0.860000 -0.860000 -0.621591 -0.647519 -1.830000 -1.830000 -0.125983 -0.140018 0.170000 0.170000 -0.452706 -0.541472 6.990000 6.990000 -0.129634 -0.046633 -2.980000 -2.980000 -0.128052 -0.183268 -14.830000 -14.830000 0.718709 0.965966 -7.410000 -7.410000 0.359788 -0.157144 -25.389999 -25.389999 0.166796 -0.034745 3.600000 3.600000 -0.071175 -0.051000 1.090000 1.090000 -0.051139 -0.011190 -6.000000 -6.000000 -1.428418 -1.226712 0.000000 0.000000 0.453584 0.306117 0.000000 0.000000 -0.483363 -0.505465 0.000000 0.000000 -0.192263 -0.239617 0.000000 0.000000 0.374818 0.318150 0.000000 0.000000 -1.372999 -1.111796 0.000000 0.000000 -0.524605 -0.479334 0.000000 0.000000 0.552700 0.511174 0.000000 0.000000 -0.072729 -0.081498 0.000000 0.000000 -0.142119 -0.115800 0.000000 0.000000
9.700000 -0.087056 -0.090313 0.180000 0.180000 0.361531 0.387000 -0.650000 -0.650000 0.423981 0.396990 -3.040000 -3.040000 1.038909 1.121388 -1.410000 -1.410000 -0.502832 -0.649684 -6.100000 -6.100000 -0.108928 -0.132753 -0.180000 -0.180000 -0.521279 -0.542822 2.280000 2.280000 -0.131792 -0.049197 -3.810000 -3.810000 -0.137114 -0.185461 -13.750000 -13.750000 0.735696 0.964990 -3.050000 -3.050000 0.514295 -0.145938 -25.389999 -25.389999 0.212918 -0.030005 4.260000 4.260000 -0.050388 -0.050442 3.300000 3.300000 -0.065118 -0.023299 -3.950000 -3.950000 -1.409865 -1.225853 0.000000 0.000000 0.508702 0.340845 0.000000 0.000000 -0.487175 -0.504475 0.000000 0.000000 -0.191186 -0.229849 0.000000 0.000000 0.382805 0.329312 0.000000 0.000000 -1.322657 -1.119896 0.000000 0.000000 -0.542536 -0.483979 0.000000 0.000000 0.515336 0.522013 0.000000 0.000000 -0.107690 -0.086208 0.000000 0.000000 -0.147666 -0.119229 0.000000 0.000000
9.720000 -0.038681 -0.087307 3.780000 3.780000 0.363654 0.379179 -0.140000 -0.140000 0.425643 0.415932 -2.160000 -2.160000 0.957243 1.099673 -4.590000 -4.590000 -0.388831 -0.649021 -14.420000 -14.420000 -0.069912 -0.121845 0.500000 0.500000 -0.580017 -0.549725 -1.820000 -1.820000 -0.117507 -0.048023 -6.480000 -6.480000 -0.183672 -0.187634 -7.260000 -7.260000 0.826925 0.955247 2.360000 2.360000 0.536502 -0.128580 -21.010000 -21.010000 0.262207 -0.009946 3.750000 3.750000 -0.030990 -0.051617 6.840000 6.840000 -0.083745 -0.040097 -2.050000 -2.050000 -1.400083 -1.225362 0.000000 0.000000 0.584920 0.386588 0.000000 0.000000 -0.473491 -0.503974 0.000000 0.000000 -0.209788 -0.222419 0.000000 0.000000 0.384497 0.338316 0.000000 0.000000 -1.272260 -1.121123 0.000000 0.000000 -0.584710 -0.491791 0.000000 0.000000 0.471828 0.520092 0.000000 0.000000 -0.155029 -0.094414 0.000000 0.000000 -0.156699 -0.120803 0.000000 0.000000
9.740000 -0.039508 -0.080174 2.980000 2.980000 0.387021 0.370927 0.310000 0.310000 0.413337 0.423166 2.640000 2.640000 0.925370 1.084349 -5.740000 -5.740000 -0.367321 -0.642750 -15.710000 -15.710000 -0.044105 -0.114303 0.670000 0.670000 -0.611154 -0.560064 -4.140000 -4.140000 -0.109109 -0.057264 -4.140000 -4.140000 -0.195930 -0.189474 -3.530000 -3.530000 0.904728 0.955854 6.580000 6.580000 0.558667 -0.109908 -15.120000 -15.120000 0.243477 0.014864 2.440000 2.440000 -0.047673 -0.060163 5.220000 5.220000 -0.080753 -0.050033 -0.670000 -0.670000 -1.394939 -1.223889 0.000000 0.000000 0.643373 0.434857 0.000000 0.000000 -0.470718 -0.501087 0.000000 0.000000 -0.211964 -0.219609 0.000000 0.000000 0.386038 0.339507 0.000000 0.000000 -1.280864 -1.119405 0.000000 0.000000 -0.646624 -0.501478 0.000000 0.000000 0.460109 0.515249 0.000000 0.000000 -0.178672 -0.107038 0.000000 0.000000 -0.158113 -0.133741 0.000000 0.000000
9.760000 -0.070427 -0.075311 0.700000 0.700000 0.450089 0.368049 5.970000 5.970000 0.411795 0.429079 10.620000 10.620000 0.830258 1.067141 -12.650000 -12.650000 -0.512008 -0.636716 -15.870000 -15.870000 -0.006318 -0.099932 1.080000 1.080000 -0.662195 -0.573671 -6.230000 -6.230000 -0.121932 -0.081041 -3.070000 -3.070000 -0.195292 -0.193908 -3.990000 -3.990000 1.024188 0.969850 11.020000 11.020000 0.468614 -0.072872 -5.190000 -5.190000 0.202662 0.044415 1.570000 1.570000 -0.042254 -0.067857 3.840000 3.840000 -0.073152 -0.058471 0.690000 0.690000 -1.377062 -1.222539 0.000000 0.000000 0.693029 0.491671 0.000000 0.000000 -0.426738 -0.494567 0.000000 0.000000 -0.221684 -0.219418 0.000000 0.000000 0.387518 0.339676 0.000000 0.000000 -1.247842 -1.118791 0.000000 0.000000 -0.683706 -0.526695 0.000000 0.000000 0.445869 0.506703 0.000000 0.000000 -0.212738 -0.121089 0.000000 0.000000 -0.168821 -0.145769 0.000000 0.000000
9.780000 -0.083353 -0.075848 -0.680000 -0.680000 0.469913 0.367971 8.110000 8.110000 0.435130 0.440454 14.429999 14.429999 0.791250 1.048884 -14.679999 -14.679999 -0.600516 -0.643791 -17.850000 -17.850000 0.007469 -0.091069 1.370000 1.370000 -0.664357 -0.598751 -2.580000 -2.580000 -0.157220 -0.100962 -3.360000 -3.360000 -0.200858 -0.204060 -6.310000 -6.310000 1.131042 0.996998 11.960000 11.960000 0.361062 -0.027991 2.760000 2.760000 0.152910 0.069065 0.160000 0.160000 -0.004609 -0.060721 4.200000 4.200000 -0.058457 -0.062025 5.470000 5.470000 -1.332082 -1.222417 0.000000 0.000000 0.729124 0.538519 0.000000 0.000000 -0.375751 -0.480550 0.000000 0.000000 -0.222618 -0.219418 0.000000 0.000000 0.388044 0.339676 0.000000 0.000000 -1.210602 -1.118669 0.000000 0.000000 -0.729575 -0.558280 0.000000 0.000000 0.438597 0.495166 0.000000 0.000000 -0.230792 -0.136444 0.000000 0.000000 -0.178981 -0.160494 0.000000 0.000000
9.800000 -0.100473 -0.070509 -2.600000 -2.600000 0.491141 0.373736 11.179999 11.179999 0.454789 0.466718 12.950000 12.950000 0.782383 1.047975 -16.289999 -16.289999 -0.605838 -0.645389 -18.340000 -18.340000 0.005254 -0.082856 1.210000 1.210000 -0.705666 -0.639233 -4.120000 -4.120000 -0.170417 -0.123105 -1.680000 -1.680000 -0.208627 -0.220525 -4.890000 -4.890000 1.207692 1.049810 7.070000 7.070000 0.313613 0.038710 5.740000 5.740000 0.118114 0.090381 -0.250000 -0.250000 -0.007279 -0.049738 2.780000 2.780000 -0.060185 -0.070541 4.860000 4.860000 -1.300672 -1.221803 0.000000 0.000000 0.735168 0.584017 0.000000 0.000000 -0.353050 -0.454798 0.000000 0.000000 -0.198450 -0.218709 0.000000 0.000000 0.388841 0.339957 0.000000 0.000000 -1.197809 -1.117810 0.000000 0.000000 -0.782713 -0.603673 0.000000 0.000000 0.426015 0.481905 0.000000 0.000000 -0.235056 -0.150461 0.000000 0.000000 -0.183064 -0.173140 0.000000 0.000000
9.820000 -0.112618 -0.064849 -3.630000 -3.630000 0.491079 0.384808 10.530000 10.530000 0.472222 0.478670 12.420000 12.420000 0.790844 1.049712 -16.699999 -16.699999 -0.591028 -0.644892 -20.350000 -20.350000 -0.011916 -0.076358 0.990000 0.990000 -0.742621 -0.685299 -3.160000 -3.160000 -0.191262 -0.149006 -1.030000 -1.030000 -0.210721 -0.229315 -6.860000 -6.860000 1.299195 1.125059 6.040000 6.040000 0.291424 0.103943 6.580000 6.580000 0.093972 0.095963 -0.140000 -0.140000 0.026238 -0.033527 3.480000 3.480000 -0.050396 -0.069974 6.620000 6.620000 -1.261834 -1.220821 0.000000 0.000000 0.761441 0.622984 0.000000 0.000000 -0.357614 -0.431012 0.000000 0.000000 -0.167385 -0.214696 0.000000 0.000000 0.388076 0.341317 0.000000 0.000000 -1.173886 -1.117319 0.000000 0.000000 -0.831831 -0.651406 0.000000 0.000000 0.412125 0.466281 0.000000 0.000000 -0.216020 -0.160263 0.000000 0.000000 -0.186759 -0.181346 0.000000 0.000000
9.840000 -0.124678 -0.062732 -5.070000 -5.070000 0.488863 0.389781 8.830000 8.830000 0.487746 0.490671 9.830000 9.830000 0.813433 1.061217 -15.719999 -15.719999 -0.554032 -0.657174 -21.520000 -21.520000 -0.009158 -0.075325 1.180000 1.180000 -0.800573 -0.731778 -1.960000 -1.960000 -0.194320 -0.172549 0.120000 0.120000 -0.225874 -0.236432 -2.800000 -2.800000 1.359809 1.220252 2.880000 2.880000 0.297891 0.162290 6.540000 6.540000 0.078464 0.094813 -0.170000 -0.170000 0.028677 -0.014008 2.130000 2.130000 -0.054035 -0.067918 4.350000 4.350000 -1.254393 -1.220698 0.000000 0.000000 0.769094 0.657142 0.000000 0.000000 -0.388828 -0.412874 0.000000 0.000000 -0.115894 -0.201769 0.000000 0.000000 0.394224 0.352019 0.000000 0.000000 -1.173667 -1.115478 0.000000 0.000000 -0.863885 -0.699826 0.000000 0.000000 0.413125 0.453184 0.000000 0.000000 -0.176015 -0.162208 0.000000 0.000000 -0.183931 -0.179244 0.000000 0.000000
9.860000 -0.137880 -0.060324 -6.230000 -6.230000 0.495769 0.400607 9.790000 9.790000 0.505087 0.495429 8.440000 8.440000 0.821653 1.080514 -14.370000 -14.370000 -0.520113 -0.665847 -21.090000 -21.090000 -0.011619 -0.073897 0.990000 0.990000 -0.857240 -0.797463 -0.800000 -0.800000 -0.203873 -0.193801 0.050000 0.050000 -0.232955 -0.240651 -0.510000 -0.510000 1.425077 1.331048 1.940000 1.940000 0.321666 0.211597 3.490000 3.490000 0.058541 0.089689 -0.210000 -0.210000 0.039719 0.011121 1.690000 1.690000 -0.057842 -0.061995 1.760000 1.760000 -1.266369 -1.218735 0.000000 0.000000 0.768247 0.687214 0.000000 0.000000 -0.419109 -0.410068 0.000000 0.000000 -0.069868 -0.183042 0.000000 0.000000 0.396131 0.368071 0.000000 0.000000 -1.174693 -1.114005 0.000000 0.000000 -0.877752 -0.745324 0.000000 0.000000 0.419613 0.443265 0.000000 0.000000 -0.139131 -0.158116 0.000000 0.000000 -0.181672 -0.179334 0.000000 0.000000
9.880000 -0.162549 -0.062211 -8.280000 -8.280000 0.503741 0.417484 8.480000 8.480000 0.512121 0.500245 6.920000 6.920000 0.821954 1.089692 -15.370000 -15.370000 -0.520698 -0.673207 -21.520000 -21.520000 -0.001222 -0.071426 1.120000 1.120000 -0.881872 -0.843498 0.330000 0.330000 -0.193825 -0.207956 1.510000 1.510000 -0.227960 -0.233975 1.150000 1.150000 1.496533 1.431724 -0.020000 -0.020000 0.359548 0.248917 1.330000 1.330000 0.058197 0.082679 -0.080000 -0.080000 0.049877 0.033704 0.950000 0.950000 -0.058512 -0.056543 0.430000 0.430000 -1.264581 -1.220576 0.000000 0.000000 0.759250 0.713863 0.000000 0.000000 -0.452348 -0.412711 0.000000 0.000000 -0.006165 -0.160774 0.000000 0.000000 0.395780 0.385573 0.000000 0.000000 -1.178125 -1.114005 0.000000 0.000000 -0.858173 -0.784582 0.000000 0.000000 0.432264 0.437956 0.000000 0.000000 -0.084490 -0.148460 0.000000 0.000000 -0.179393 -0.183055 0.000000 0.000000
9.900000 -0.191252 -0.062211 -10.639999 -10.639999 0.528470 0.433244 8.630000 8.630000 0.503680 0.503221 8.090000 8.090000 0.826123 1.104007 -15.639999 -15.639999 -0.464862 -0.682898 -21.809999 -21.809999 0.000649 -0.069924 1.280000 1.280000 -0.934812 -0.889947 -4.310000 -4.310000 -0.188223 -0.212616 3.260000 3.260000 -0.211532 -0.224773 2.010000 2.010000 1.543815 1.524558 -0.640000 -0.640000 0.391525 0.283409 -0.790000 -0.790000 0.077258 0.077087 0.210000 0.210000 0.060388 0.053233 0.960000 0.960000 -0.065563 -0.053655 -0.280000 -0.280000 -1.331907 -1.219962 0.000000 0.000000 0.775780 0.733992 0.000000 0.000000 -0.501200 -0.424551 0.000000 0.000000 0.053924 -0.124533 0.000000 0.000000 0.394834 0.389462 0.000000 0.000000 -1.229913 -1.113392 0.000000 0.000000 -0.840929 -0.807063 0.000000 0.000000 0.451325 0.437432 0.000000 0.000000 -0.003436 -0.131239 0.000000 0.000000 -0.177794 -0.179031 0.000000 0.000000
9.920000 -0.234246 -0.068669 -13.000000 -13.000000 0.540802 0.452949 8.860000 8.860000 0.500829 0.503387 8.830000 8.830000 0.838978 1.118659 -13.840000 -13.840000 -0.405437 -0.687939 -21.850000 -21.850000 -0.026650 -0.071266 0.980000 0.980000 -0.956540 -0.936887 -0.950000 -0.950000 -0.167749 -0.206566 4.130000 4.130000 -0.183346 -0.207368 2.070000 2.070000 1.600491 1.602560 -1.780000 -1.780000 0.437690 0.317120 -2.590000 -2.590000 0.093454 0.077843 0.180000 0.180000 0.066947 0.071431 0.690000 0.690000 -0.077945 -0.055721 -3.200000 -3.200000 -1.403439 -1.221312 0.000000 0.000000 0.815979 0.753470 0.000000 0.000000 -0.574885 -0.445798 0.000000 0.000000 0.129708 -0.082065 0.000000 0.000000 0.393668 0.390226 0.000000 0.000000 -1.305654 -1.114374 0.000000 0.000000 -0.780844 -0.811289 0.000000 0.000000 0.480741 0.444149 0.000000 0.000000 0.097152 -0.095482 0.000000 0.000000 -0.173805 -0.177873 0.000000 0.000000
9.940000 -0.262757 -0.087629 -12.710000 -12.710000 0.526400 0.466370 6.770000 6.770000 0.497370 0.496878 5.440000 5.440000 0.856772 1.128017 -11.660000 -11.660000 -0.324529 -0.687300 -25.219999 -25.219999 -0.047042 -0.073706 0.710000 0.710000 -0.988393 -0.962013 -0.380000 -0.380000 -0.142010 -0.186058 3.330000 3.330000 -0.172120 -0.185235 2.590000 2.590000 1.604372 1.660158 -4.000000 -4.000000 0.471397 0.352606 -3.990000 -3.990000 0.120357 0.081241 0.340000 0.340000 0.096337 0.086741 0.770000 0.770000 -0.070000 -0.064981 -0.150000 -0.150000 -1.480309 -1.228307 0.000000 0.000000 0.834807 0.777662 0.000000 0.000000 -0.659773 -0.479374 0.000000 0.000000 0.200320 -0.032796 0.000000 0.000000 0.388414 0.394464 0.000000 0.000000 -1.401958 -1.117196 0.000000 0.000000 -0.725990 -0.801801 0.000000 0.000000 0.503465 0.453917 0.000000 0.000000 0.217711 -0.040491 0.000000 0.000000 -0.175029 -0.170724 0.000000 0.000000
9.960000 -0.284119 -0.114519 -13.809999 -13.809999 0.509767 0.474622 5.170000 5.170000 0.498153 0.486805 1.390000 1.390000 0.865528 1.136564 -10.150000 -10.150000 -0.258711 -0.679479 -25.639999 -25.639999 -0.070604 -0.077605 0.340000 0.340000 -1.009779 -0.992172 -1.680000 -1.680000 -0.112334 -0.150357 2.190000 2.190000 -0.148589 -0.167547 0.720000 0.720000 1.587792 1.683692 -6.130000 -6.130000 0.477820 0.389074 -6.550000 -6.550000 0.148023 0.091297 0.460000 0.460000 0.105617 0.098185 1.140000 1.140000 -0.087543 -0.072705 -0.140000 -0.140000 -1.540570 -1.244260 0.000000 0.000000 0.836477 0.801331 0.000000 0.000000 -0.732733 -0.527212 0.000000 0.000000 0.283135 0.028670 0.000000 0.000000 0.395360 0.397657 0.000000 0.000000 -1.467177 -1.121246 0.000000 0.000000 -0.689518 -0.782894 0.000000 0.000000 0.512691 0.467096 0.000000 0.000000 0.325846 0.031102 0.000000 0.000000 -0.179890 -0.169611 0.000000 0.000000
9.980000 -0.294660 -0.146687 -10.710000 -10.710000 0.490774 0.479722 3.500000 3.500000 0.497445 0.476908 -0.770000 -0.770000 0.884135 1.147405 -8.900000 -8.900000 -0.227246 -0.677006 -25.789999 -25.789999 -0.088263 -0.080523 -0.030000 -0.030000 -1.019166 -1.005072 -1.020000 -1.020000 -0.082307 -0.101902 0.370000 0.370000 -0.134057 -0.143015 0.300000 0.300000 1.548551 1.685167 -7.800000 -7.800000 0.487230 0.424099 -7.310000 -7.310000 0.183636 0.109428 0.050000 0.050000 0.114656 0.099721 2.450000 2.450000 -0.094206 -0.081818 0.510000 0.510000 -1.606076 -1.266227 0.000000 0.000000 0.816162 0.817944 0.000000 0.000000 -0.787885 -0.584131 0.000000 0.000000 0.344590 0.090911 0.000000 0.000000 0.399552 0.399849 0.000000 0.000000 -1.517995 -1.130818 0.000000 0.000000 -0.670337 -0.760436 0.000000 0.000000 0.521500 0.481824 0.000000 0.000000 0.419767 0.106990 0.000000 0.000000 -0.188224 -0.180750 0.000000 0.000000
10.000000 -0.300630 -0.179821 -7.630000 -7.630000 0.482896 0.478626 0.780000 0.780000 0.475657 0.473560 -0.170000 -0.170000 0.905525 1.154730 -8.070000 -8.070000 -0.182468 -0.675089 -24.500000 -24.500000 -0.092813 -0.080257 -0.470000 -0.470000 -1.022148 -1.009183 -1.210000 -1.210000 -0.051506 -0.060817 -1.300000 -1.300000 -0.114000 -0.120863 -0.360000 -0.360000 1.490823 1.656724 -8.800000 -8.800000 0.554432 0.449456 -9.809999 -9.809999 0.213641 0.129562 0.360000 0.360000 0.101508 0.096491 1.820000 1.820000 -0.093331 -0.085597 0.690000 0.690000 -1.632585 -1.293593 0.000000 0.000000 0.795872 0.827596 0.000000 0.000000 -0.826099 -0.634042 0.000000 0.000000 0.378716 0.146902 0.000000 0.000000 0.410729 0.403772 0.000000 0.000000 -1.554523 -1.147262 0.000000 0.000000 -0.692238 -0.740819 0.000000 0.000000 0.524926 0.493990 0.000000 0.000000 0.505024 0.187542 0.000000 0.000000 -0.198519 -0.189383 0.000000 0.000000
10.020000 -0.306945 -0.222542 -6.240000 -6.240000 0.465991 0.475542 0.550000 0.550000 0.461138 0.466659 -0.460000 -0.460000 0.932804 1.159958 -6.280000 -6.280000 -0.161788 -0.666688 -24.139999 -24.139999 -0.093165 -0.076422 -0.750000 -0.750000 -0.989362 -1.000455 -0.060000 -0.060000 -0.014079 -0.023080 -1.230000 -1.230000 -0.088383 -0.094794 0.390000 0.390000 1.430759 1.594808 -7.950000 -7.950000 0.624721 0.484363 -7.780000 -7.780000 0.237489 0.154617 0.240000 0.240000 0.085878 0.082424 0.880000 0.880000 -0.088941 -0.087036 0.800000 0.800000 -1.643794 -1.322555 0.000000 0.000000 0.781646 0.824732 0.000000 0.000000 -0.843489 -0.685826 0.000000 0.000000 0.400898 0.198464 0.000000 0.000000 0.421689 0.411449 0.000000 0.000000 -1.563606 -1.168983 0.000000 0.000000 -0.699679 -0.724729 0.000000 0.000000 0.548350 0.510312 0.000000 0.000000 0.571577 0.267645 0.000000 0.000000 -0.206383 -0.194397 0.000000 0.000000
10.040000 -0.304509 -0.256551 -1.350000 -1.350000 0.439104 0.462542 -2.600000 -2.600000 0.458837 0.458495 -0.500000 -0.500000 0.977657 1.165572 -3.410000 -3.410000 -0.143023 -0.658582 -21.539999 -21.539999 -0.093395 -0.069647 -0.710000 -0.710000 -0.937326 -0.979624 1.620000 1.620000 0.025517 0.000550 -0.190000 -0.190000 -0.076115 -0.069402 2.680000 2.680000 1.365517 1.515560 -5.920000 -5.920000 0.697942 0.524818 -6.480000 -6.480000 0.245675 0.176433 0.120000 0.120000 0.065648 0.067163 0.160000 0.160000 -0.075294 -0.085714 1.890000 1.890000 -1.607704 -1.351394 0.000000 0.000000 0.768368 0.817374 0.000000 0.000000 -0.846540 -0.722359 0.000000 0.000000 0.416877 0.239785 0.000000 0.000000 0.425840 0.416890 0.000000 0.000000 -1.541012 -1.192791 0.000000 0.000000 -0.710012 -0.715380 0.000000 0.000000 0.556045 0.522129 0.000000 0.000000 0.610107 0.337878 0.000000 0.000000 -0.205045 -0.196375 0.000000 0.000000
10.060000 -0.315643 -0.295560 -0.570000 -0.570000 0.414882 0.438696 -1.420000 -1.420000 0.462024 0.460492 -1.060000 -1.060000 1.047483 1.172291 0.490000 0.490000 -0.110997 -0.651743 -19.549999 -19.549999 -0.092748 -0.064885 -0.710000 -0.710000 -0.889777 -0.942992 1.640000 1.640000 0.044809 0.025689 -0.660000 -0.660000 -0.057246 -0.046789 3.570000 3.570000 1.290363 1.400249 -1.710000 -1.710000 0.790744 0.576338 -2.480000 -2.480000 0.224379 0.194489 -0.150000 -0.150000 0.046669 0.044208 -0.260000 -0.260000 -0.061635 -0.080125 2.930000 2.930000 -1.563001 -1.372010 0.000000 0.000000 0.778415 0.808409 0.000000 0.000000 -0.852882 -0.753747 0.000000 0.000000 0.407528 0.276184 0.000000 0.000000 0.431043 0.423724 0.000000 0.000000 -1.522211 -1.215494 0.000000 0.000000 -0.706488 -0.710246 0.000000 0.000000 0.574394 0.531944 0.000000 0.000000 0.641458 0.404380 0.000000 0.000000 -0.199476 -0.199793 0.000000 0.000000
10.080000 -0.350650 -0.322128 -0.760000 -0.760000 0.419952 0.423083 -2.780000 -2.780000 0.448177 0.462342 -0.670000 -0.670000 1.126742 1.186967 3.740000 3.740000 -0.244537 -0.652962 -11.940000 -11.940000 -0.063106 -0.058664 -0.530000 -0.530000 -0.829069 -0.923925 10.710000 10.710000 0.023535 0.042477 -3.630000 -3.630000 -0.019798 -0.019624 -0.670000 -0.670000 1.219473 1.318322 -3.310000 -3.310000 0.906810 0.596335 -17.850000 -17.850000 0.180048 0.199507 -0.390000 -0.390000 -0.008863 0.023181 -8.410000 -8.410000 -0.042995 -0.070316 -1.160000 -1.160000 -1.511477 -1.384896 0.000000 0.000000 0.816894 0.801878 0.000000 0.000000 -0.849128 -0.775274 0.000000 0.000000 0.358241 0.295540 0.000000 0.000000 0.446310 0.427097 0.000000 0.000000 -1.501175 -1.238197 0.000000 0.000000 -0.694929 -0.705613 0.000000 0.000000 0.577728 0.541607 0.000000 0.000000 0.613955 0.453311 0.000000 0.000000 -0.197929 -0.201153 0.000000 0.000000
10.100000 -0.384033 -0.347823 -1.210000 -1.210000 0.399786 0.434321 -4.350000 -4.350000 0.437373 0.451241 -2.960000 -2.960000 1.154540 1.191097 1.520000 1.520000 -0.444496 -0.655163 -5.240000 -5.240000 -0.050214 -0.054861 0.130000 0.130000 -0.803990 -0.956997 13.840000 13.840000 -0.007824 0.049858 -4.150000 -4.150000 0.012654 -0.000301 -6.020000 -6.020000 1.144914 1.351075 -6.520000 -6.520000 0.932845 0.574196 -19.400000 -19.400000 0.145217 0.198964 -0.760000 -0.760000 -0.052328 0.032715 -10.450000 -10.450000 -0.021631 -0.060880 -4.550000 -4.550000 -1.462690 -1.376060 0.000000 0.000000 0.825162 0.790178 0.000000 0.000000 -0.823986 -0.796404 0.000000 0.000000 0.308245 0.303117 0.000000 0.000000 0.446875 0.438720 0.000000 0.000000 -1.492235 -1.247278 0.000000 0.000000 -0.669492 -0.702097 0.000000 0.000000 0.566095 0.547498 0.000000 0.000000 0.561693 0.492508 0.000000 0.000000 -0.185126 -0.199478 0.000000 0.000000
10.120000 -0.435101 -0.378349 -5.280000 -5.280000 0.420550 0.428075 -1.160000 -1.160000 0.397290 0.433915 3.180000 3.180000 1.173015 1.182542 3.410000 3.410000 -0.396049 -0.641129 -4.380000 -4.380000 -0.081756 -0.054733 -0.520000 -0.520000 -0.829099 -0.972322 13.410000 13.410000 -0.059849 0.029223 -5.810000 -5.810000 0.022550 0.005357 -7.060000 -7.060000 1.155472 1.341029 -4.930000 -4.930000 0.985499 0.594359 -18.039999 -18.039999 0.101782 0.188290 -0.980000 -0.980000 -0.081443 0.009731 -11.460000 -11.460000 -0.005682 -0.048408 -2.340000 -2.340000 -1.426075 -1.369065 0.000000 0.000000 0.865735 0.793275 0.000000 0.000000 -0.782172 -0.803972 0.000000 0.000000 0.274288 0.301993 0.000000 0.000000 0.453347 0.442317 0.000000 0.000000 -1.502899 -1.247032 0.000000 0.000000 -0.624935 -0.690280 0.000000 0.000000 0.545268 0.553423 0.000000 0.000000 0.538802 0.500591 0.000000 0.000000 -0.175996 -0.188990 0.000000 0.000000
10.140000 -0.429725 -0.399748 -2.040000 -2.040000 0.438205 0.402389 1.760000 1.760000 0.374337 0.407974 6.740000 6.740000 1.087816 1.181452 -0.260000 -0.260000 -0.299159 -0.626326 -10.340000 -10.340000 -0.077348 -0.054872 -0.520000 -0.520000 -0.900490 -0.988060 7.770000 7.770000 -0.063883 -0.010629 -1.420000 -1.420000 0.024350 0.007932 -7.690000 -7.690000 1.231751 1.314397 -4.410000 -4.410000 0.849191 0.620461 -12.450000 -12.450000 0.109770 0.179150 -1.120000 -1.120000 -0.072281 -0.022270 -6.540000 -6.540000 -0.033197 -0.053469 -2.750000 -2.750000 -1.414366 -1.373483 0.000000 0.000000 0.867002 0.793985 0.000000 0.000000 -0.766495 -0.800630 0.000000 0.000000 0.283700 0.303724 0.000000 0.000000 0.451962 0.442160 0.000000 0.000000 -1.469093 -1.247278 0.000000 0.000000 -0.585947 -0.676251 0.000000 0.000000 0.515190 0.550757 0.000000 0.000000 0.536379 0.507178 0.000000 0.000000 -0.173767 -0.180402 0.000000 0.000000
10.160000 -0.417471 -0.415778 0.110000 0.110000 0.408202 0.384602 2.700000 2.700000 0.386471 0.384588 3.010000 3.010000 1.021718 1.172193 -0.970000 -0.970000 -0.128731 -0.611417 -15.799999 -15.799999 -0.107826 -0.055799 -0.910000 -0.910000 -0.955614 -1.009674 5.160000 5.160000 -0.041687 -0.036834 2.540000 2.540000 0.000377 -0.017921 -3.370000 -3.370000 1.226372 1.337874 -5.260000 -5.260000 0.721212 0.630413 -6.850000 -6.850000 0.133990 0.173450 -0.480000 -0.480000 -0.052629 -0.041055 -0.240000 -0.240000 -0.053811 -0.050934 -0.920000 -0.920000 -1.436099 -1.366365 0.000000 0.000000 0.828784 0.798374 0.000000 0.000000 -0.766304 -0.801410 0.000000 0.000000 0.277431 0.304275 0.000000 0.000000 0.448460 0.441878 0.000000 0.000000 -1.447317 -1.247401 0.000000 0.000000 -0.611253 -0.658205 0.000000 0.000000 0.503071 0.542631 0.000000 0.000000 0.509151 0.512720 0.000000 0.000000 -0.167991 -0.176232 0.000000 0.000000
10.180000 -0.376777 -0.418662 2.700000 2.700000 0.382569 0.369928 3.130000 3.130000 0.392927 0.379448 0.380000 0.380000 0.976028 1.155468 1.590000 1.590000 0.093930 -0.602200 -24.119999 -24.119999 -0.137960 -0.057098 -1.540000 -1.540000 -0.985189 -1.025551 3.530000 3.530000 -0.045043 -0.045654 1.690000 1.690000 -0.021396 -0.034083 -1.150000 -1.150000 1.250805 1.332294 -5.320000 -5.320000 0.607400 0.637074 -4.620000 -4.620000 0.135124 0.168497 -0.100000 -0.100000 -0.010778 -0.052625 6.800000 6.800000 -0.078944 -0.050797 0.810000 0.810000 -1.476354 -1.362929 0.000000 0.000000 0.798429 0.801878 0.000000 0.000000 -0.747924 -0.797696 0.000000 0.000000 0.266717 0.302746 0.000000 0.000000 0.437107 0.441069 0.000000 0.000000 -1.416691 -1.247401 0.000000 0.000000 -0.607028 -0.640637 0.000000 0.000000 0.493310 0.537148 0.000000 0.000000 0.496820 0.511292 0.000000 0.000000 -0.154798 -0.174309 0.000000 0.000000
10.200000 -0.336772 -0.413293 6.050000 6.050000 0.343162 0.358955 0.170000 0.170000 0.406801 0.385801 -1.590000 -1.590000 0.934625 1.138448 5.950000 5.950000 0.354972 -0.612577 -32.469997 -32.469997 -0.177774 -0.044922 -3.230000 -3.230000 -1.035806 -1.031288 -0.300000 -0.300000 -0.037690 -0.047543 0.540000 0.540000 -0.048165 -0.041023 0.130000 0.130000 1.258620 1.327197 -6.720000 -6.720000 0.490504 0.631087 -3.480000 -3.480000 0.125216 0.161839 -0.430000 -0.430000 0.029623 -0.050374 14.490000 14.490000 -0.104422 -0.051502 2.760000 2.760000 -1.482855 -1.361825 0.000000 0.000000 0.776146 0.803613 0.000000 0.000000 -0.743221 -0.789070 0.000000 0.000000 0.261411 0.302903 0.000000 0.000000 0.421556 0.438978 0.000000 0.000000 -1.352786 -1.247646 0.000000 0.000000 -0.578106 -0.621998 0.000000 0.000000 0.477953 0.525051 0.000000 0.000000 0.479297 0.509505 0.000000 0.000000 -0.145129 -0.172522 0.000000 0.000000
10.220000 -0.315149 -0.413278 7.270000 7.270000 0.301488 0.359151 -2.430000 -2.430000 0.423866 0.394338 -8.660000 -8.660000 0.910371 1.132966 5.880000 5.880000 0.658952 -0.611311 -37.840000 -37.840000 -0.260040 -0.045583 -3.530000 -3.530000 -1.073334 -1.033344 -3.330000 -3.330000 0.027210 -0.032311 2.320000 2.320000 -0.083597 -0.055922 5.270000 5.270000 1.269673 1.325918 -6.460000 -6.460000 0.350081 0.612131 -0.580000 -0.580000 0.122264 0.159655 -0.430000 -0.430000 0.046633 -0.054045 20.309999 20.309999 -0.148793 -0.054057 2.460000 2.460000 -1.462382 -1.356916 0.000000 0.000000 0.755143 0.805580 0.000000 0.000000 -0.746662 -0.785751 0.000000 0.000000 0.263484 0.302836 0.000000 0.000000 0.418292 0.439023 0.000000 0.000000 -1.305223 -1.246051 0.000000 0.000000 -0.546972 -0.598702 0.000000 0.000000 0.455424 0.515423 0.000000 0.000000 0.445680 0.506593 0.000000 0.000000 -0.134752 -0.171297 0.000000 0.000000
10.240000 -0.311031 -0.408952 8.099999 8.099999 0.290045 0.356958 -4.120000 -4.120000 0.425128 0.395747 -10.260000 -10.260000 0.929320 1.131385 10.480000 10.480000 0.701554 -0.584628 -39.279999 -39.279999 -0.249433 -0.045029 -3.660000 -3.660000 -1.039419 -1.024124 -1.600000 -1.600000 0.036969 -0.005656 0.690000 0.690000 -0.097427 -0.070674 8.630000 8.630000 1.274646 1.319011 -4.620000 -4.620000 0.310609 0.573924 -0.240000 -0.240000 0.139488 0.151304 0.200000 0.200000 0.063280 -0.059047 18.510000 18.510000 -0.121623 -0.059783 5.590000 5.590000 -1.430619 -1.350412 0.000000 0.000000 0.752358 0.808398 0.000000 0.000000 -0.756331 -0.784005 0.000000 0.000000 0.266642 0.303072 0.000000 0.000000 0.409367 0.438225 0.000000 0.000000 -1.294200 -1.240160 0.000000 0.000000 -0.565647 -0.572612 0.000000 0.000000 0.455368 0.504282 0.000000 0.000000 0.415849 0.493857 0.000000 0.000000 -0.133955 -0.162090 0.000000 0.000000
10.260000 -0.314491 -0.407679 7.040000 7.040000 0.294711 0.359180 -4.650000 -4.650000 0.406003 0.393192 -7.970000 -7.970000 0.914342 1.125985 8.349999 8.349999 0.602766 -0.582179 -36.880001 -36.880001 -0.236467 -0.049418 -3.120000 -3.120000 -0.988896 -1.007343 0.370000 0.370000 0.046129 0.005572 -0.030000 -0.030000 -0.088001 -0.062677 6.620000 6.620000 1.253674 1.307735 -3.130000 -3.130000 0.340396 0.529196 -1.970000 -1.970000 0.140693 0.147714 -0.070000 -0.070000 0.025573 -0.052968 16.490000 16.490000 -0.131736 -0.065431 2.590000 2.590000 -1.364167 -1.343540 0.000000 0.000000 0.742912 0.805289 0.000000 0.000000 -0.726028 -0.779570 0.000000 0.000000 0.275932 0.303308 0.000000 0.000000 0.403477 0.437989 0.000000 0.000000 -1.275930 -1.237583 0.000000 0.000000 -0.565080 -0.555509 0.000000 0.000000 0.431252 0.496563 0.000000 0.000000 0.415542 0.475939 0.000000 0.000000 -0.134507 -0.153143 0.000000 0.000000
10.280000 -0.296923 -0.395606 7.270000 7.270000 0.288826 0.350987 -5.750000 -5.750000 0.393824 0.387446 -7.310000 -7.310000 0.911545 1.120290 8.590000 8.590000 0.648384 -0.590000 -36.660000 -36.660000 -0.247724 -0.055309 -3.330000 -3.330000 -0.980614 -0.986204 -0.460000 -0.460000 0.064661 0.020285 0.090000 0.090000 -0.100999 -0.057948 8.270000 8.270000 1.232980 1.290953 -3.980000 -3.980000 0.327478 0.482434 -2.800000 -2.800000 0.153780 0.147639 0.090000 0.090000 0.035169 -0.051353 15.200000 15.200000 -0.127931 -0.075876 3.660000 3.660000 -1.314585 -1.330041 0.000000 0.000000 0.735966 0.795021 0.000000 0.000000 -0.719026 -0.773632 0.000000 0.000000 0.281119 0.303780 0.000000 0.000000 0.389737 0.437270 0.000000 0.000000 -1.237266 -1.235374 0.000000 0.000000 -0.548952 -0.541504 0.000000 0.000000 0.429610 0.484909 0.000000 0.000000 0.418192 0.470847 0.000000 0.000000 -0.129609 -0.153963 0.000000 0.000000
10.300000 -0.292833 -0.383595 6.410000 6.410000 0.263366 0.345064 -7.750000 -7.750000 0.387099 0.383599 -9.030000 -9.030000 0.950485 1.110276 10.610000 10.610000 0.613056 -0.587610 -34.719997 -34.719997 -0.228317 -0.055671 -3.210000 -3.210000 -0.910126 -0.957948 3.290000 3.290000 0.068199 0.033128 -0.660000 -0.660000 -0.092343 -0.058575 8.550000 8.550000 1.202802 1.275736 -2.660000 -2.660000 0.398148 0.437434 -5.500000 -5.500000 0.140785 0.147639 -0.140000 -0.140000 0.016384 -0.041485 8.120000 8.120000 -0.119488 -0.085920 2.090000 2.090000 -1.325647 -1.311387 0.000000 0.000000 0.729711 0.782971 0.000000 0.000000 -0.723303 -0.762793 0.000000 0.000000 0.273874 0.302161 0.000000 0.000000 0.395135 0.434864 0.000000 0.000000 -1.233699 -1.230465 0.000000 0.000000 -0.570761 -0.532132 0.000000 0.000000 0.444444 0.473884 0.000000 0.000000 0.410967 0.466047 0.000000 0.000000 -0.128878 -0.149366 0.000000 0.000000
10.320000 -0.376630 -0.373501 0.110000 0.110000 0.281326 0.337850 -5.230000 -5.230000 0.367607 0.374074 -5.690000 -5.690000 1.016666 1.104573 11.080000 11.080000 0.366853 -0.579375 -23.879999 -23.879999 -0.225744 -0.056853 -2.910000 -2.910000 -0.821941 -0.917482 5.390000 5.390000 0.026012 0.031171 -0.500000 -0.500000 -0.043954 -0.045908 2.190000 2.190000 1.151147 1.256553 -1.990000 -1.990000 0.569282 0.407202 -10.530000 -10.530000 0.082811 0.146329 -0.850000 -0.850000 -0.057535 -0.035710 -0.280000 -0.280000 -0.092730 -0.093242 -0.440000 -0.440000 -1.258602 -1.291384 0.000000 0.000000 0.766794 0.774344 0.000000 0.000000 -0.702696 -0.757240 0.000000 0.000000 0.294067 0.300543 0.000000 0.000000 0.397569 0.433246 0.000000 0.000000 -1.237192 -1.225557 0.000000 0.000000 -0.527531 -0.530409 0.000000 0.000000 0.428936 0.470181 0.000000 0.000000 0.429260 0.461124 0.000000 0.000000 -0.138515 -0.142284 0.000000 0.000000
10.340000 -0.476921 -0.374652 -8.330000 -8.330000 0.337495 0.332290 -2.420000 -2.420000 0.321232 0.359743 2.110000 2.110000 1.093307 1.109973 8.450000 8.450000 -0.034689 -0.579221 -12.889999 -12.889999 -0.206854 -0.065247 -1.860000 -1.860000 -0.708824 -0.880881 10.849999 10.849999 -0.047939 0.010212 -0.260000 -0.260000 0.031060 -0.023873 -6.650000 -6.650000 1.134522 1.235584 1.070000 1.070000 0.743206 0.384826 -14.790000 -14.790000 0.009763 0.132949 -1.050000 -1.050000 -0.119790 -0.051392 -11.250000 -11.250000 -0.042343 -0.092518 -0.380000 -0.380000 -1.144510 -1.267700 0.000000 0.000000 0.834005 0.770828 0.000000 0.000000 -0.662948 -0.747740 0.000000 0.000000 0.302426 0.300633 0.000000 0.000000 0.391949 0.432661 0.000000 0.000000 -1.239196 -1.217335 0.000000 0.000000 -0.456612 -0.520559 0.000000 0.000000 0.434157 0.464011 0.000000 0.000000 0.472150 0.465699 0.000000 0.000000 -0.151073 -0.144319 0.000000 0.000000
10.360000 -0.574472 -0.380773 -14.830000 -14.830000 0.390913 0.336117 2.000000 2.000000 0.263868 0.325060 10.550000 10.550000 1.138926 1.133835 0.610000 0.610000 -0.441377 -0.576310 -2.270000 -2.270000 -0.162716 -0.083080 -0.430000 -0.430000 -0.660970 -0.857979 15.450000 15.450000 -0.109686 -0.028249 -0.130000 -0.130000 0.098755 0.016194 -16.109999 -16.109999 1.133595 1.224751 3.140000 3.140000 0.812487 0.367030 -14.480000 -14.480000 -0.013707 0.117279 -1.450000 -1.450000 -0.169194 -0.075953 -16.010000 -16.010000 -0.000376 -0.086556 -0.820000 -0.820000 -1.104579 -1.239475 0.000000 0.000000 0.845641 0.768674 0.000000 0.000000 -0.651121 -0.732942 0.000000 0.000000 0.287646 0.295282 0.000000 0.000000 0.394394 0.427310 0.000000 0.000000 -1.240084 -1.201995 0.000000 0.000000 -0.419472 -0.505797 0.000000 0.000000 0.448706 0.458493 0.000000 0.000000 0.470958 0.465440 0.000000 0.000000 -0.174803 -0.145342 0.000000 0.000000
10.380000 -0.597497 -0.400990 -15.320000 -15.320000 0.427075 0.321580 3.910000 3.910000 0.201671 0.287598 18.250000 18.250000 1.111993 1.167653 -7.290000 -7.290000 -0.647428 -0.556064 -1.940000 -1.940000 -0.103602 -0.102617 0.750000 0.750000 -0.714964 -0.851275 11.179999 11.179999 -0.129332 -0.039947 0.100000 0.100000 0.123834 0.030319 -15.200000 -15.200000 1.158071 1.217589 2.440000 2.440000 0.680080 0.354913 -10.370000 -10.370000 0.005374 0.107660 -1.660000 -1.660000 -0.167584 -0.103000 -14.230000 -14.230000 0.024038 -0.076190 2.440000 2.440000 -1.113909 -1.213090 0.000000 0.000000 0.789226 0.764367 0.000000 0.000000 -0.638491 -0.719530 0.000000 0.000000 0.250762 0.290403 0.000000 0.000000 0.391072 0.426344 0.000000 0.000000 -1.257686 -1.191073 0.000000 0.000000 -0.380834 -0.497403 0.000000 0.000000 0.444111 0.453382 0.000000 0.000000 0.460283 0.466587 0.000000 0.000000 -0.192102 -0.147050 0.000000 0.000000
10.400000 -0.542141 -0.435750 -6.360000 -6.360000 0.451303 0.326132 9.020000 9.020000 0.189980 0.241090 14.940000 14.940000 1.020695 1.192949 -11.759999 -11.759999 -0.562365 -0.542989 -9.630000 -9.630000 -0.081139 -0.102351 0.240000 0.240000 -0.825928 -0.853116 2.650000 2.650000 -0.088548 -0.032106 -0.330000 -0.330000 0.108432 0.036320 -13.540000 -13.540000 1.186585 1.222645 1.150000 1.150000 0.512810 0.345365 -5.970000 -5.970000 0.065834 0.104038 -0.420000 -0.420000 -0.129632 -0.119044 -4.830000 -4.830000 -0.005042 -0.052197 3.080000 3.080000 -1.183708 -1.192841 0.000000 0.000000 0.735165 0.757870 0.000000 0.000000 -0.651120 -0.704535 0.000000 0.000000 0.243217 0.288964 0.000000 0.000000 0.392534 0.425242 0.000000 0.000000 -1.249903 -1.183832 0.000000 0.000000 -0.405015 -0.485318 0.000000 0.000000 0.424039 0.449167 0.000000 0.000000 0.461321 0.466441 0.000000 0.000000 -0.200587 -0.147601 0.000000 0.000000
10.420000 -0.472871 -0.458177 -1.360000 -1.360000 0.400774 0.349332 7.140000 7.140000 0.244450 0.212350 2.880000 2.880000 0.856674 1.183050 -17.369999 -17.369999 -0.350261 -0.537049 -22.189999 -22.189999 -0.134582 -0.100476 -0.360000 -0.360000 -0.898585 -0.860893 -2.110000 -2.110000 -0.027807 -0.015396 0.670000 0.670000 0.063476 0.043300 -6.610000 -6.610000 1.213748 1.228627 0.780000 0.780000 0.429567 0.337697 -3.210000 -3.210000 0.141123 0.103228 0.600000 0.600000 -0.063473 -0.118036 5.010000 5.010000 -0.046654 -0.033686 1.940000 1.940000 -1.280931 -1.182288 0.000000 0.000000 0.679542 0.744645 0.000000 0.000000 -0.705244 -0.697131 0.000000 0.000000 0.306669 0.289684 0.000000 0.000000 0.387205 0.421128 0.000000 0.000000 -1.240090 -1.181501 0.000000 0.000000 -0.499729 -0.476912 0.000000 0.000000 0.395469 0.443183 0.000000 0.000000 0.457907 0.465969 0.000000 0.000000 -0.201435 -0.148523 0.000000 0.000000
10.440000 -0.451305 -0.458729 -0.260000 -0.260000 0.379151 0.372239 2.920000 2.920000 0.260967 0.221473 -5.560000 -5.560000 0.792505 1.105278 -10.950000 -10.950000 -0.146609 -0.510035 -32.529999 -32.529999 -0.234432 -0.117190 -0.790000 -0.790000 -0.897021 -0.880283 -1.120000 -1.120000 0.017320 0.011808 0.130000 0.130000 0.039713 0.031719 -1.540000 -1.540000 1.248577 1.232954 0.630000 0.630000 0.308904 0.332088 -0.030000 -0.030000 0.169284 0.117950 -0.000000 -0.000000 -0.029849 -0.102442 13.049999 13.049999 -0.070439 -0.024474 2.240000 2.240000 -1.341279 -1.175293 0.000000 0.000000 0.635942 0.728951 0.000000 0.000000 -0.736229 -0.706817 0.000000 0.000000 0.354106 0.299475 0.000000 0.000000 0.371227 0.419588 0.000000 0.000000 -1.201640 -1.182114 0.000000 0.000000 -0.538096 -0.476668 0.000000 0.000000 0.392913 0.434836 0.000000 0.000000 0.459491 0.464575 0.000000 0.000000 -0.188999 -0.149265 0.000000 0.000000
10.460000 -0.453425 -0.461475 1.190000 1.190000 0.354659 0.405120 -3.020000 -3.020000 0.270353 0.229784 -7.810000 -7.810000 0.825651 1.035667 -9.440000 -9.440000 -0.039881 -0.513100 -26.910000 -26.910000 -0.268508 -0.124945 -2.930000 -2.930000 -0.868067 -0.887232 1.250000 1.250000 0.009080 0.026961 -1.430000 -1.430000 0.031088 0.028430 -0.430000 -0.430000 1.257829 1.246753 -0.680000 -0.680000 0.217172 0.320421 0.540000 0.540000 0.169574 0.133684 -0.220000 -0.220000 0.003314 -0.101796 17.029999 17.029999 -0.061840 -0.018933 8.400000 8.400000 -1.320112 -1.176520 0.000000 0.000000 0.647406 0.716995 0.000000 0.000000 -0.732280 -0.715444 0.000000 0.000000 0.368582 0.314313 0.000000 0.000000 0.361709 0.406031 0.000000 0.000000 -1.151469 -1.183341 0.000000 0.000000 -0.533897 -0.475783 0.000000 0.000000 0.403667 0.428758 0.000000 0.000000 0.459732 0.462697 0.000000 0.000000 -0.182624 -0.148646 0.000000 0.000000
10.480000 -0.466434 -0.467995 0.130000 0.130000 0.356570 0.398297 -0.690000 -0.690000 0.260744 0.249822 -3.930000 -3.930000 0.798161 1.091929 -10.870000 -10.870000 -0.032810 -0.523181 -28.209999 -28.209999 -0.295029 -0.124444 -3.010000 -3.010000 -0.884251 -0.882016 -0.120000 -0.120000 0.035082 0.015048 -1.390000 -1.390000 0.012284 0.040833 4.880000 4.880000 1.255986 1.257504 0.040000 0.040000 0.194578 0.294508 0.460000 0.460000 0.190355 0.145125 0.150000 0.150000 -0.008696 -0.122343 15.049999 15.049999 -0.059782 -0.017514 8.460000 8.460000 -1.301750 -1.169525 0.000000 0.000000 0.636224 0.711406 0.000000 0.000000 -0.724022 -0.717656 0.000000 0.000000 0.352202 0.334153 0.000000 0.000000 0.352074 0.387967 0.000000 0.000000 -1.147060 -1.166284 0.000000 0.000000 -0.506591 -0.467284 0.000000 0.000000 0.406562 0.429829 0.000000 0.000000 0.448308 0.464934 0.000000 0.000000 -0.177784 -0.147871 0.000000 0.000000
10.500000 -0.466954 -0.471216 0.900000 0.900000 0.388138 0.380980 0.360000 0.360000 0.245018 0.239690 -3.150000 -3.150000 0.809740 1.122887 -7.970000 -7.970000 -0.015006 -0.522945 -30.150000 -30.150000 -0.293676 -0.131677 -2.770000 -2.770000 -0.867612 -0.878289 0.680000 0.680000 0.046526 0.019512 -0.660000 -0.660000 -0.005394 0.035135 4.390000 4.390000 1.249382 1.256299 -0.470000 -0.470000 0.212809 0.269529 -0.400000 -0.400000 0.207745 0.157152 0.200000 0.200000 -0.056143 -0.126317 9.599999 9.599999 -0.045087 -0.022232 4.400000 4.400000 -1.212527 -1.156271 0.000000 0.000000 0.622931 0.700404 0.000000 0.000000 -0.698303 -0.722418 0.000000 0.000000 0.328963 0.335626 0.000000 0.000000 0.344683 0.382807 0.000000 0.000000 -1.145404 -1.143458 0.000000 0.000000 -0.529286 -0.466877 0.000000 0.000000 0.385504 0.427513 0.000000 0.000000 0.428381 0.462068 0.000000 0.000000 -0.178472 -0.147163 0.000000 0.000000
10.520000 -0.433313 -0.483488 3.700000 3.700000 0.360360 0.395204 -0.860000 -0.860000 0.248436 0.227151 -5.570000 -5.570000 0.896182 1.098468 -5.280000 -5.280000 0.087555 -0.524791 -26.320000 -26.320000 -0.208925 -0.125904 -2.250000 -2.250000 -0.831669 -0.867904 1.720000 1.720000 0.025298 0.026364 -2.400000 -2.400000 -0.011211 0.017104 3.820000 3.820000 1.216945 1.253997 0.010000 0.010000 0.282718 0.248100 -3.900000 -3.900000 0.206720 0.168582 0.450000 0.450000 -0.048329 -0.122079 9.020000 9.020000 -0.030052 -0.019952 6.570000 6.570000 -1.168531 -1.145227 0.000000 0.000000 0.622455 0.690520 0.000000 0.000000 -0.651630 -0.714326 0.000000 0.000000 0.290004 0.335266 0.000000 0.000000 0.353201 0.381324 0.000000 0.000000 -1.108533 -1.131922 0.000000 0.000000 -0.531320 -0.468740 0.000000 0.000000 0.408103 0.421272 0.000000 0.000000 0.402343 0.455604 0.000000 0.000000 -0.177026 -0.151670 0.000000 0.000000
10.540000 -0.431326 -0.480083 3.460000 3.460000 0.350381 0.391366 -1.730000 -1.730000 0.251360 0.228325 -5.490000 -5.490000 0.861531 1.115766 -6.270000 -6.270000 0.076439 -0.517845 -25.680000 -25.680000 -0.191642 -0.115134 -1.630000 -1.630000 -0.842984 -0.849619 0.810000 0.810000 0.008500 0.014216 -0.790000 -0.790000 -0.005372 0.012689 2.370000 2.370000 1.187018 1.243811 -0.890000 -0.890000 0.291862 0.227097 -5.490000 -5.490000 0.210482 0.171693 0.480000 0.480000 -0.054282 -0.120356 9.940000 9.940000 -0.044154 -0.019952 4.040000 4.040000 -1.176984 -1.135532 0.000000 0.000000 0.612527 0.678342 0.000000 0.000000 -0.626210 -0.698330 0.000000 0.000000 0.296493 0.332860 0.000000 0.000000 0.349985 0.382897 0.000000 0.000000 -1.104187 -1.118546 0.000000 0.000000 -0.508111 -0.472861 0.000000 0.000000 0.396399 0.419014 0.000000 0.000000 0.392538 0.446825 0.000000 0.000000 -0.178003 -0.160449 0.000000 0.000000
10.560000 -0.424911 -0.472566 3.150000 3.150000 0.346536 0.382145 -1.760000 -1.760000 0.253440 0.232965 -6.370000 -6.370000 0.868342 1.119462 -2.210000 -2.210000 0.230305 -0.519868 -31.359999 -31.359999 -0.214761 -0.115933 -1.740000 -1.740000 -0.872046 -0.846182 -1.610000 -1.610000 0.053713 0.001343 1.340000 1.340000 -0.034763 0.005377 8.370000 8.370000 1.191039 1.232855 -0.480000 -0.480000 0.263686 0.209526 -5.100000 -5.100000 0.219925 0.181227 -0.000000 -0.000000 -0.068016 -0.122020 9.370000 9.370000 -0.053796 -0.020421 2.650000 2.650000 -1.180753 -1.120928 0.000000 0.000000 0.609569 0.666025 0.000000 0.000000 -0.641343 -0.685477 0.000000 0.000000 0.305502 0.331939 0.000000 0.000000 0.350694 0.383055 0.000000 0.000000 -1.144148 -1.092898 0.000000 0.000000 -0.517590 -0.472500 0.000000 0.000000 0.392870 0.416650 0.000000 0.000000 0.398033 0.445780 0.000000 0.000000 -0.172290 -0.160011 0.000000 0.000000
10.580000 -0.425611 -0.466906 2.970000 2.970000 0.305359 0.379394 -3.730000 -3.730000 0.274662 0.236303 -10.469999 -10.469999 0.893429 1.113390 0.100000 0.100000 0.333125 -0.526412 -30.959999 -30.959999 -0.200468 -0.115943 -1.540000 -1.540000 -0.866817 -0.841964 -2.450000 -2.450000 0.054290 0.006737 1.730000 1.730000 -0.039345 -0.008357 8.030000 8.030000 1.180161 1.228135 -1.290000 -1.290000 0.300636 0.195161 -4.550000 -4.550000 0.214949 0.192039 -0.000000 -0.000000 -0.032096 -0.120982 11.780000 11.780000 -0.043522 -0.020030 5.550000 5.550000 -1.198940 -1.112829 0.000000 0.000000 0.635651 0.657538 0.000000 0.000000 -0.663680 -0.676990 0.000000 0.000000 0.297387 0.331287 0.000000 0.000000 0.357752 0.383707 0.000000 0.000000 -1.127158 -1.076331 0.000000 0.000000 -0.527188 -0.471115 0.000000 0.000000 0.396083 0.414939 0.000000 0.000000 0.391834 0.441227 0.000000 0.000000 -0.182826 -0.164024 0.000000 0.000000
10.600000 -0.399700 -0.461951 4.710000 4.710000 0.312995 0.373296 -3.970000 -3.970000 0.261834 0.242402 -9.130000 -9.130000 0.892659 1.115316 0.670000 0.670000 0.317747 -0.523513 -30.260000 -30.260000 -0.217443 -0.117168 -1.850000 -1.850000 -0.849813 -0.838037 -0.990000 -0.990000 0.034624 0.009811 0.990000 0.990000 -0.023715 -0.009669 4.810000 4.810000 1.183968 1.223571 -0.500000 -0.500000 0.284297 0.193777 -4.710000 -4.710000 0.193266 0.190686 0.320000 0.320000 -0.027988 -0.116949 12.929999 12.929999 -0.050572 -0.016897 5.860000 5.860000 -1.200970 -1.107920 0.000000 0.000000 0.634947 0.657025 0.000000 0.000000 -0.674910 -0.676477 0.000000 0.000000 0.287747 0.330421 0.000000 0.000000 0.341345 0.383426 0.000000 0.000000 -1.116815 -1.064550 0.000000 0.000000 -0.528739 -0.472744 0.000000 0.000000 0.401704 0.414892 0.000000 0.000000 0.403470 0.436877 0.000000 0.000000 -0.181712 -0.171769 0.000000 0.000000
10.620000 -0.399371 -0.456321 4.410000 4.410000 0.311833 0.373717 -4.540000 -4.540000 0.263305 0.242255 -8.490000 -8.490000 0.884945 1.113685 0.630000 0.630000 0.318639 -0.524660 -30.049999 -30.049999 -0.222397 -0.117935 -2.020000 -2.020000 -0.843387 -0.837868 -0.490000 -0.490000 0.046838 0.005827 1.810000 1.810000 -0.028798 -0.004334 7.120000 7.120000 1.177261 1.220384 -0.780000 -0.780000 0.277792 0.189221 -4.630000 -4.630000 0.183091 0.188481 -0.040000 -0.040000 -0.040533 -0.114629 10.380000 10.380000 -0.041655 -0.014577 5.140000 5.140000 -1.185631 -1.103011 0.000000 0.000000 0.607195 0.657084 0.000000 0.000000 -0.662408 -0.676536 0.000000 0.000000 0.284394 0.329454 0.000000 0.000000 0.337241 0.382639 0.000000 0.000000 -1.102892 -1.056328 0.000000 0.000000 -0.504231 -0.473490 0.000000 0.000000 0.397773 0.414566 0.000000 0.000000 0.394293 0.435146 0.000000 0.000000 -0.172919 -0.170532 0.000000 0.000000
10.640000 -0.406657 -0.450860 3.530000 3.530000 0.296676 0.368989 -6.460000 -6.460000 0.258933 0.249450 -7.610000 -7.610000 0.896037 1.106015 0.440000 0.440000 0.300018 -0.519762 -31.590000 -31.590000 -0.204118 -0.117254 -1.640000 -1.640000 -0.825694 -0.836917 0.700000 0.700000 0.033382 0.003800 0.400000 0.400000 -0.028510 -0.003091 5.750000 5.750000 1.151708 1.216016 -1.890000 -1.890000 0.295431 0.183601 -6.290000 -6.290000 0.172554 0.188290 -0.290000 -0.290000 -0.055293 -0.112290 6.860000 6.860000 -0.023985 -0.015625 5.310000 5.310000 -1.149318 -1.098225 0.000000 0.000000 0.583110 0.653358 0.000000 0.000000 -0.634898 -0.673579 0.000000 0.000000 0.277943 0.327004 0.000000 0.000000 0.337979 0.380346 0.000000 0.000000 -1.061654 -1.050437 0.000000 0.000000 -0.496722 -0.472628 0.000000 0.000000 0.395762 0.413705 0.000000 0.000000 0.373154 0.434696 0.000000 0.000000 -0.173793 -0.170420 0.000000 0.000000
10.660000 -0.398479 -0.444448 3.430000 3.430000 0.299427 0.358955 -5.570000 -5.570000 0.264911 0.255235 -7.140000 -7.140000 0.895491 1.106277 0.310000 0.310000 0.238590 -0.521087 -27.299999 -27.299999 -0.213215 -0.117254 -1.870000 -1.870000 -0.806694 -0.832300 1.820000 1.820000 0.016673 0.001118 -0.140000 -0.140000 -0.023998 -0.002777 4.470000 4.470000 1.165684 1.213041 -0.960000 -0.960000 0.291509 0.179637 -5.790000 -5.790000 0.167119 0.186329 -0.260000 -0.260000 -0.054436 -0.113053 7.550000 7.550000 -0.029475 -0.016467 4.780000 4.780000 -1.113373 -1.092949 0.000000 0.000000 0.576459 0.644138 0.000000 0.000000 -0.621830 -0.664358 0.000000 0.000000 0.275082 0.320844 0.000000 0.000000 0.342191 0.374186 0.000000 0.000000 -1.039552 -1.039638 0.000000 0.000000 -0.474658 -0.471650 0.000000 0.000000 0.387620 0.412727 0.000000 0.000000 0.365195 0.431976 0.000000 0.000000 -0.177498 -0.171072 0.000000 0.000000
10.680000 -0.389006 -0.434692 3.480000 3.480000 0.284961 0.355206 -6.930000 -6.930000 0.265360 0.259924 -6.530000 -6.530000 0.894441 1.101393 1.050000 1.050000 0.264153 -0.526838 -28.599998 -28.599998 -0.217242 -0.116487 -1.860000 -1.860000 -0.800605 -0.823909 1.560000 1.560000 0.016008 -0.009415 -0.030000 -0.030000 -0.031195 -0.000546 5.970000 5.970000 1.140765 1.210550 -1.430000 -1.430000 0.304962 0.173673 -6.970000 -6.970000 0.159781 0.182420 -0.070000 -0.070000 -0.049377 -0.113112 7.250000 7.250000 -0.025213 -0.016819 6.140000 6.140000 -1.111075 -1.086076 0.000000 0.000000 0.576166 0.632577 0.000000 0.000000 -0.619533 -0.653193 0.000000 0.000000 0.272098 0.319697 0.000000 0.000000 0.336996 0.373646 0.000000 0.000000 -1.019623 -1.026384 0.000000 0.000000 -0.472580 -0.469240 0.000000 0.000000 0.383179 0.409991 0.000000 0.000000 0.364599 0.427704 0.000000 0.000000 -0.181995 -0.175299 0.000000 0.000000
10.700000 -0.397756 -0.425319 1.920000 1.920000 0.279078 0.346200 -6.950000 -6.950000 0.264144 0.266835 -6.310000 -6.310000 0.895638 1.096887 0.930000 0.930000 0.239377 -0.531358 -27.750000 -27.750000 -0.191905 -0.115198 -1.440000 -1.440000 -0.780580 -0.817727 2.610000 2.610000 0.004578 -0.020212 0.650000 0.650000 -0.026856 -0.002239 5.380000 5.380000 1.124962 1.203839 -1.610000 -1.610000 0.324018 0.166396 -8.360000 -8.360000 0.157351 0.177019 -0.130000 -0.130000 -0.063232 -0.110361 5.510000 5.510000 -0.021440 -0.019570 4.680000 4.680000 -1.112046 -1.076504 0.000000 0.000000 0.563730 0.620515 0.000000 0.000000 -0.614353 -0.645137 0.000000 0.000000 0.282219 0.318292 0.000000 0.000000 0.332559 0.372443 0.000000 0.000000 -1.008728 -1.014113 0.000000 0.000000 -0.480991 -0.466073 0.000000 0.000000 0.390360 0.408524 0.000000 0.000000 0.359609 0.421129 0.000000 0.000000 -0.181561 -0.183178 0.000000 0.000000
10.720000 -0.397794 -0.416468 1.240000 1.240000 0.284035 0.339308 -6.050000 -6.050000 0.261161 0.265112 -5.360000 -5.360000 0.896725 1.089241 0.460000 0.460000 0.186843 -0.527512 -25.000000 -25.000000 -0.180875 -0.114846 -1.250000 -1.250000 -0.762662 -0.806667 3.170000 3.170000 -0.009222 -0.026164 0.250000 0.250000 -0.021915 -0.004256 4.370000 4.370000 1.122262 1.197046 -1.100000 -1.100000 0.331773 0.158054 -8.500000 -8.500000 0.154714 0.175059 -0.370000 -0.370000 -0.062194 -0.108002 4.280000 4.280000 -0.013896 -0.018033 4.910000 4.910000 -1.112400 -1.064969 0.000000 0.000000 0.554862 0.607243 0.000000 0.000000 -0.613982 -0.637639 0.000000 0.000000 0.277823 0.318045 0.000000 0.000000 0.332633 0.372196 0.000000 0.000000 -1.007289 -0.997546 0.000000 0.000000 -0.480734 -0.462232 0.000000 0.000000 0.391325 0.406359 0.000000 0.000000 0.351653 0.417565 0.000000 0.000000 -0.184721 -0.182605 0.000000 0.000000
10.740000 -0.399598 -0.409105 0.670000 0.670000 0.294629 0.334717 -3.940000 -3.940000 0.255468 0.262851 -3.180000 -3.180000 0.890773 1.080588 -0.290000 -0.290000 0.101534 -0.527086 -25.500000 -25.500000 -0.169494 -0.112130 -1.420000 -1.420000 -0.746367 -0.795116 3.850000 3.850000 -0.021427 -0.033584 0.300000 0.300000 -0.017093 -0.003453 3.220000 3.220000 1.113729 1.190958 -0.790000 -0.790000 0.334073 0.149262 -8.860000 -8.860000 0.148171 0.174473 -0.390000 -0.390000 -0.069467 -0.104821 3.160000 3.160000 -0.008079 -0.015752 4.410000 4.410000 -1.091626 -1.058219 0.000000 0.000000 0.549552 0.595135 0.000000 0.000000 -0.608007 -0.633704 0.000000 0.000000 0.274374 0.318034 0.000000 0.000000 0.332196 0.372185 0.000000 0.000000 -0.993555 -0.982574 0.000000 0.000000 -0.468580 -0.461451 0.000000 0.000000 0.385965 0.404345 0.000000 0.000000 0.343987 0.414620 0.000000 0.000000 -0.188223 -0.185123 0.000000 0.000000
10.760000 -0.402944 -0.401543 -0.300000 -0.300000 0.297679 0.327659 -4.510000 -4.510000 0.248251 0.260335 -1.960000 -1.960000 0.880638 1.074041 -1.070000 -1.070000 0.053183 -0.537392 -24.049999 -24.049999 -0.159640 -0.107677 -1.060000 -1.060000 -0.734669 -0.783980 3.770000 3.770000 -0.034917 -0.041954 0.100000 0.100000 -0.011659 -0.001035 2.480000 2.480000 1.108897 1.181649 0.060000 0.060000 0.336650 0.135891 -8.940000 -8.940000 0.142539 0.174239 -0.430000 -0.430000 -0.066651 -0.102109 1.940000 1.940000 -0.002949 -0.013961 4.170000 4.170000 -1.094688 -1.046806 0.000000 0.000000 0.545948 0.583656 0.000000 0.000000 -0.603414 -0.628558 0.000000 0.000000 0.272399 0.316628 0.000000 0.000000 0.331279 0.371027 0.000000 0.000000 -0.993302 -0.963307 0.000000 0.000000 -0.458099 -0.460590 0.000000 0.000000 0.389892 0.403902 0.000000 0.000000 0.342065 0.408482 0.000000 0.000000 -0.187771 -0.192295 0.000000 0.000000
10.780000 -0.396632 -0.397922 -0.070000 -0.070000 0.293718 0.323685 -3.640000 -3.640000 0.247623 0.259337 -2.020000 -2.020000 0.873426 1.064191 -2.220000 -2.220000 0.037969 -0.539522 -21.189999 -21.189999 -0.155228 -0.107325 -0.910000 -0.910000 -0.729570 -0.774653 3.370000 3.370000 -0.031838 -0.048336 -0.010000 -0.010000 -0.016653 0.000140 2.760000 2.760000 1.107601 1.173373 0.090000 0.090000 0.324971 0.123940 -8.500000 -8.500000 0.148240 0.174239 -0.590000 -0.590000 -0.064522 -0.098095 2.510000 2.510000 -0.004460 -0.012531 4.650000 4.650000 -1.091963 -1.038707 0.000000 0.000000 0.531590 0.575530 0.000000 0.000000 -0.601780 -0.621829 0.000000 0.000000 0.267344 0.316010 0.000000 0.000000 0.331768 0.370431 0.000000 0.000000 -0.992036 -0.947476 0.000000 0.000000 -0.458604 -0.457807 0.000000 0.000000 0.383557 0.401679 0.000000 0.000000 0.336218 0.404301 0.000000 0.000000 -0.191475 -0.194655 0.000000 0.000000
10.800000 -0.398476 -0.394440 -0.190000 -0.190000 0.295649 0.318937 -3.240000 -3.240000 0.247188 0.256762 -1.350000 -1.350000 0.862444 1.055104 -3.150000 -3.150000 0.005868 -0.528601 -24.289999 -24.289999 -0.153486 -0.106186 -0.930000 -0.930000 -0.726724 -0.767090 3.010000 3.010000 -0.037499 -0.047729 0.060000 0.060000 -0.013423 -0.002680 2.700000 2.700000 1.096932 1.165694 -0.040000 -0.040000 0.308221 0.112853 -8.520000 -8.520000 0.149958 0.174143 -0.390000 -0.390000 -0.058355 -0.096431 2.600000 2.600000 0.000930 -0.011318 4.950000 4.950000 -1.078834 -1.030976 0.000000 0.000000 0.520334 0.566309 0.000000 0.000000 -0.596607 -0.616357 0.000000 0.000000 0.264159 0.314965 0.000000 0.000000 0.332223 0.369476 0.000000 0.000000 -0.979579 -0.933364 0.000000 0.000000 -0.452915 -0.453907 0.000000 0.000000 0.378336 0.397848 0.000000 0.000000 0.335610 0.402660 0.000000 0.000000 -0.195477 -0.194453 0.000000 0.000000
10.820000 -0.394950 -0.394425 0.010000 0.010000 0.298423 0.317772 -3.110000 -3.110000 0.246675 0.256420 -1.110000 -1.110000 0.858062 1.051908 -3.160000 -3.160000 -0.035345 -0.531346 -22.500000 -22.500000 -0.146140 -0.104993 -0.780000 -0.780000 -0.719519 -0.759497 3.110000 3.110000 -0.038127 -0.050842 0.020000 0.020000 -0.012755 -0.001446 2.300000 2.300000 1.096911 1.156935 0.240000 0.240000 0.292896 0.100204 -7.920000 -7.920000 0.154689 0.174079 -0.550000 -0.550000 -0.053393 -0.091126 2.220000 2.220000 0.002700 -0.009810 4.630000 4.630000 -1.074731 -1.023122 0.000000 0.000000 0.514345 0.558183 0.000000 0.000000 -0.592633 -0.610978 0.000000 0.000000 0.257128 0.309715 0.000000 0.000000 0.334431 0.364226 0.000000 0.000000 -0.977837 -0.920478 0.000000 0.000000 -0.448187 -0.450904 0.000000 0.000000 0.377898 0.396405 0.000000 0.000000 0.337972 0.399051 0.000000 0.000000 -0.195759 -0.191834 0.000000 0.000000
10.840000 -0.389487 -0.394425 0.150000 0.150000 0.293840 0.318321 -3.190000 -3.190000 0.248594 0.255872 -1.560000 -1.560000 0.865957 1.048769 -3.130000 -3.130000 -0.017607 -0.535239 -21.469999 -21.469999 -0.141252 -0.104513 -0.840000 -0.840000 -0.724437 -0.754174 2.330000 2.330000 -0.028393 -0.049785 0.270000 0.270000 -0.019063 -0.002543 3.550000 3.550000 1.086085 1.149412 0.630000 0.630000 0.292892 0.090785 -7.660000 -7.660000 0.161104 0.174079 -0.260000 -0.260000 -0.056788 -0.085800 2.300000 2.300000 0.001172 -0.008205 3.630000 3.630000 -1.072042 -1.016495 0.000000 0.000000 0.504365 0.549614 0.000000 0.000000 -0.584223 -0.605832 0.000000 0.000000 0.248144 0.303623 0.000000 0.000000 0.335068 0.359370 0.000000 0.000000 -0.979601 -0.909556 0.000000 0.000000 -0.451889 -0.449961 0.000000 0.000000 0.373297 0.394484 0.000000 0.000000 0.334567 0.393431 0.000000 0.000000 -0.196428 -0.186214 0.000000 0.000000
10.860000 -0.385715 -0.394425 0.800000 0.800000 0.279929 0.315560 -3.390000 -3.390000 0.255636 0.254266 -3.570000 -3.570000 0.865205 1.044107 -2.200000 -2.200000 0.040219 -0.524483 -22.699999 -22.699999 -0.149542 -0.104087 -0.970000 -0.970000 -0.729389 -0.750309 1.490000 1.490000 -0.024847 -0.047142 0.460000 0.460000 -0.020245 -0.002445 3.890000 3.890000 1.080259 1.140194 0.350000 0.350000 0.277655 0.079982 -7.380000 -7.380000 0.161338 0.174079 -0.270000 -0.270000 -0.039907 -0.081063 4.190000 4.190000 -0.000072 -0.003330 4.490000 4.490000 -1.063261 -1.012445 0.000000 0.000000 0.498708 0.539101 0.000000 0.000000 -0.580094 -0.603143 0.000000 0.000000 0.249913 0.302532 0.000000 0.000000 0.335923 0.358415 0.000000 0.000000 -0.963401 -0.903175 0.000000 0.000000 -0.447121 -0.446491 0.000000 0.000000 0.368655 0.391736 0.000000 0.000000 0.340591 0.392509 0.000000 0.000000 -0.197441 -0.187090 0.000000 0.000000
10.880000 -0.385686 -0.396342 0.970000 0.970000 0.282997 0.312173 -2.860000 -2.860000 0.255372 0.252817 -3.000000 -3.000000 0.865061 1.041853 -1.600000 -1.600000 0.020367 -0.518484 -21.939999 -21.939999 -0.140881 -0.103704 -0.840000 -0.840000 -0.724915 -0.746811 1.720000 1.720000 -0.019834 -0.045585 0.900000 0.900000 -0.020234 -0.003140 4.280000 4.280000 1.069536 1.133646 0.090000 0.090000 0.258435 0.069629 -8.130000 -8.130000 0.167439 0.174079 -0.060000 -0.060000 -0.047657 -0.079105 3.440000 3.440000 -0.000997 0.001545 2.600000 2.600000 -1.048239 -1.007659 0.000000 0.000000 0.492041 0.530789 0.000000 0.000000 -0.573146 -0.598649 0.000000 0.000000 0.246141 0.300689 0.000000 0.000000 0.337721 0.357066 0.000000 0.000000 -0.961064 -0.898266 0.000000 0.000000 -0.451071 -0.442335 0.000000 0.000000 0.365521 0.388022 0.000000 0.000000 0.339955 0.392059 0.000000 0.000000 -0.200827 -0.187540 0.000000 0.000000
10.900000 -0.387649 -0.396941 0.860000 0.860000 0.278296 0.310176 -3.770000 -3.770000 0.257686 0.255813 -3.390000 -3.390000 0.862103 1.041083 -1.770000 -1.770000 0.031960 -0.519596 -21.539999 -21.539999 -0.140513 -0.103661 -0.640000 -0.640000 -0.721938 -0.743728 1.240000 1.240000 -0.020908 -0.045605 1.020000 1.020000 -0.019452 -0.004275 4.240000 4.240000 1.065782 1.126222 0.390000 0.390000 0.265176 0.058908 -8.200000 -8.200000 0.166559 0.174079 -0.070000 -0.070000 -0.041698 -0.074984 4.270000 4.270000 -0.001278 0.004707 2.440000 2.440000 -1.052868 -0.999805 0.000000 0.000000 0.483632 0.524513 0.000000 0.000000 -0.563137 -0.592700 0.000000 0.000000 0.240857 0.296249 0.000000 0.000000 0.336911 0.352693 0.000000 0.000000 -0.956873 -0.895198 0.000000 0.000000 -0.443095 -0.437061 0.000000 0.000000 0.367041 0.384634 0.000000 0.000000 0.336145 0.387496 0.000000 0.000000 -0.203981 -0.192104 0.000000 0.000000
10.920000 -0.383980 -0.399518 1.160000 1.160000 0.275065 0.309931 -3.350000 -3.350000 0.258340 0.258289 -3.670000 -3.670000 0.870960 1.036879 -0.820000 -0.820000 0.042819 -0.514449 -20.080000 -20.080000 -0.140672 -0.103405 -0.890000 -0.890000 -0.715273 -0.738973 1.650000 1.650000 -0.017726 -0.045536 0.790000 0.790000 -0.025607 -0.004598 4.990000 4.990000 1.063271 1.118667 1.060000 1.060000 0.260578 0.047999 -8.099999 -8.099999 0.170638 0.174079 -0.070000 -0.070000 -0.043569 -0.072233 3.620000 3.620000 0.002039 0.008065 2.390000 2.390000 -1.034365 -0.990969 0.000000 0.000000 0.475816 0.518390 0.000000 0.000000 -0.557482 -0.586576 0.000000 0.000000 0.236744 0.292011 0.000000 0.000000 0.336506 0.349085 0.000000 0.000000 -0.949780 -0.892376 0.000000 0.000000 -0.444765 -0.434535 0.000000 0.000000 0.363123 0.382364 0.000000 0.000000 0.329390 0.382044 0.000000 0.000000 -0.205639 -0.198657 0.000000 0.000000
10.940000 -0.387561 -0.399656 0.990000 0.990000 0.271041 0.307396 -3.500000 -3.500000 0.262001 0.258084 -3.540000 -3.540000 0.866823 1.033946 -1.750000 -1.750000 0.007029 -0.510213 -20.609999 -20.609999 -0.128996 -0.102969 -0.520000 -0.520000 -0.707548 -0.734033 1.820000 1.820000 -0.019892 -0.045184 0.880000 0.880000 -0.022527 -0.004951 4.530000 4.530000 1.052090 1.111120 0.970000 0.970000 0.256752 0.037101 -8.309999 -8.309999 0.173399 0.174079 0.010000 0.010000 -0.039501 -0.070716 3.790000 3.790000 0.005905 0.010306 2.700000 2.700000 -1.022737 -0.984220 0.000000 0.000000 0.474902 0.512219 0.000000 0.000000 -0.545532 -0.580406 0.000000 0.000000 0.236954 0.291898 0.000000 0.000000 0.339013 0.349152 0.000000 0.000000 -0.943836 -0.888940 0.000000 0.000000 -0.439286 -0.431158 0.000000 0.000000 0.363119 0.378988 0.000000 0.000000 0.329728 0.380751 0.000000 0.000000 -0.208903 -0.198736 0.000000 0.000000
10.960000 -0.392852 -0.399656 0.510000 0.510000 0.276692 0.305820 -2.810000 -2.810000 0.261839 0.260247 -3.290000 -3.290000 0.847737 1.031709 -2.990000 -2.990000 -0.023370 -0.508544 -20.699999 -20.699999 -0.129974 -0.102926 -0.620000 -0.620000 -0.703326 -0.728818 2.080000 2.080000 -0.018792 -0.045634 1.000000 1.000000 -0.022215 -0.004755 4.730000 4.730000 1.053037 1.104950 1.520000 1.520000 0.253060 0.028191 -7.900000 -7.900000 0.174492 0.174079 0.040000 0.040000 -0.039707 -0.069325 3.640000 3.640000 0.005989 0.010737 2.370000 2.370000 -1.006888 -0.974648 0.000000 0.000000 0.471992 0.505851 0.000000 0.000000 -0.539344 -0.574037 0.000000 0.000000 0.238366 0.291640 0.000000 0.000000 0.339436 0.349186 0.000000 0.000000 -0.934836 -0.885013 0.000000 0.000000 -0.427888 -0.427514 0.000000 0.000000 0.358494 0.375786 0.000000 0.000000 0.330995 0.380582 0.000000 0.000000 -0.210919 -0.198905 0.000000 0.000000
10.980000 -0.393261 -0.399656 0.430000 0.430000 0.273793 0.305771 -2.970000 -2.970000 0.264556 0.260746 -3.630000 -3.630000 0.857098 1.025071 -3.240000 -3.240000 -0.044124 -0.505397 -20.600000 -20.600000 -0.120747 -0.102926 -0.420000 -0.420000 -0.695304 -0.724354 2.150000 2.150000 -0.020526 -0.045820 1.020000 1.020000 -0.020948 -0.004569 4.620000 4.620000 1.042420 1.098411 1.450000 1.450000 0.251515 0.018748 -8.360000 -8.360000 0.172721 0.174079 -0.060000 -0.060000 -0.037807 -0.067544 3.180000 3.180000 0.011478 0.012264 2.880000 2.880000 -1.005517 -0.964217 0.000000 0.000000 0.464109 0.500589 0.000000 0.000000 -0.533374 -0.567751 0.000000 0.000000 0.230590 0.291145 0.000000 0.000000 0.340536 0.349073 0.000000 0.000000 -0.940160 -0.882068 0.000000 0.000000 -0.426534 -0.422741 0.000000 0.000000 0.361141 0.373248 0.000000 0.000000 0.329926 0.380425 0.000000 0.000000 -0.211876 -0.199062 0.000000 0.000000
11.000000 -0.398453 -0.398490 0.090000 0.090000 0.272307 0.305164 -2.860000 -2.860000 0.267002 0.261549 -4.060000 -4.060000 0.848260 1.025833 -3.650000 -3.650000 -0.080014 -0.506119 -19.580000 -19.580000 -0.115747 -0.103767 -0.150000 -0.150000 -0.688401 -0.721178 2.280000 2.280000 -0.022738 -0.046417 1.090000 1.090000 -0.016851 -0.003972 3.870000 3.870000 1.033166 1.092863 1.040000 1.040000 0.249676 0.010738 -8.550000 -8.550000 0.173866 0.174079 -0.020000 -0.020000 -0.034702 -0.066183 3.430000 3.430000 0.013962 0.013429 3.150000 3.150000 -0.984391 -0.955504 0.000000 0.000000 0.461661 0.494965 0.000000 0.000000 -0.524374 -0.562127 0.000000 0.000000 0.236379 0.291134 0.000000 0.000000 0.341357 0.349062 0.000000 0.000000 -0.925096 -0.878877 0.000000 0.000000 -0.419531 -0.419935 0.000000 0.000000 0.356753 0.373050 0.000000 0.000000 0.328892 0.380324 0.000000 0.000000 -0.216881 -0.199163 0.000000 0.000000
11.020000 -0.397169 -0.398444 0.130000 0.130000 0.274065 0.305791 -3.300000 -3.300000 0.264740 0.262430 -3.560000 -3.560000 0.847990 1.024129 -3.970000 -3.970000 -0.084230 -0.506639 -19.439999 -19.439999 -0.114658 -0.104705 -0.150000 -0.150000 -0.680471 -0.717144 3.230000 3.230000 -0.022084 -0.046564 1.250000 1.250000 -0.016635 -0.003825 3.840000 3.840000 1.030977 1.086922 1.280000 1.280000 0.234584 0.002159 -8.170000 -8.170000 0.176308 0.174079 -0.070000 -0.070000 -0.034975 -0.064509 3.110000 3.110000 0.014448 0.014907 3.100000 3.100000 -0.977753 -0.944705 0.000000 0.000000 0.449892 0.487072 0.000000 0.000000 -0.517687 -0.554234 0.000000 0.000000 0.228494 0.290134 0.000000 0.000000 0.341419 0.348736 0.000000 0.000000 -0.922233 -0.877772 0.000000 0.000000 -0.416884 -0.415581 0.000000 0.000000 0.358904 0.372794 0.000000 0.000000 0.329794 0.379605 0.000000 0.000000 -0.219758 -0.199882 0.000000 0.000000
11.040000 -0.401293 -0.398444 -0.180000 -0.180000 0.272962 0.305663 -3.290000 -3.290000 0.265841 0.262871 -3.860000 -3.860000 0.841073 1.022179 -4.900000 -4.900000 -0.106442 -0.504107 -18.779999 -18.779999 -0.108616 -0.105387 -0.010000 -0.010000 -0.677035 -0.715441 3.160000 3.160000 -0.022112 -0.046574 1.300000 1.300000 -0.016730 -0.003815 3.990000 3.990000 1.024282 1.080883 1.000000 1.000000 0.233773 -0.006562 -8.510000 -8.510000 0.175638 0.174079 -0.060000 -0.060000 -0.031566 -0.061964 3.370000 3.370000 0.016508 0.016513 3.150000 3.150000 -0.966601 -0.935869 0.000000 0.000000 0.448271 0.480517 0.000000 0.000000 -0.508551 -0.547679 0.000000 0.000000 0.228476 0.290055 0.000000 0.000000 0.342985 0.348703 0.000000 0.000000 -0.918677 -0.877281 0.000000 0.000000 -0.412614 -0.411879 0.000000 0.000000 0.357982 0.372398 0.000000 0.000000 0.330151 0.378649 0.000000 0.000000 -0.222741 -0.200838 0.000000 0.000000
11.060000 -0.404373 -0.399702 -0.460000 -0.460000 0.273359 0.305536 -3.150000 -3.150000 0.263537 0.262998 -3.440000 -3.440000 0.842687 1.019761 -5.510000 -5.510000 -0.152440 -0.500617 -17.859999 -17.859999 -0.105204 -0.106143 0.140000 0.140000 -0.663170 -0.710947 4.060000 4.060000 -0.025280 -0.046319 1.180000 1.180000 -0.013875 -0.003247 3.600000 3.600000 1.021426 1.075729 1.210000 1.210000 0.213305 -0.014454 -8.070000 -8.070000 0.173636 0.174079 -0.020000 -0.020000 -0.031577 -0.060829 2.870000 2.870000 0.018494 0.018862 3.060000 3.060000 -0.947562 -0.924579 0.000000 0.000000 0.441167 0.473194 0.000000 0.000000 -0.502574 -0.540356 0.000000 0.000000 0.228362 0.289729 0.000000 0.000000 0.343440 0.348781 0.000000 0.000000 -0.903800 -0.875809 0.000000 0.000000 -0.406531 -0.406221 0.000000 0.000000 0.357448 0.371583 0.000000 0.000000 0.328668 0.375243 0.000000 0.000000 -0.225771 -0.205233 0.000000 0.000000
11.080000 -0.412030 -0.399855 -0.880000 -0.880000 0.279508 0.305330 -3.210000 -3.210000 0.258630 0.263204 -2.310000 -2.310000 0.832512 1.017918 -6.440000 -6.440000 -0.221809 -0.499137 -17.559999 -17.559999 -0.095453 -0.106750 0.220000 0.220000 -0.648050 -0.707649 4.620000 4.620000 -0.027774 -0.047504 1.040000 1.040000 -0.011614 -0.002807 3.200000 3.200000 1.013959 1.069411 0.970000 0.970000 0.191215 -0.023601 -8.030000 -8.030000 0.173756 0.174079 0.130000 0.130000 -0.031929 -0.059272 2.580000 2.580000 0.022962 0.019185 3.260000 3.260000 -0.935225 -0.911939 0.000000 0.000000 0.434877 0.466302 0.000000 0.000000 -0.495257 -0.533464 0.000000 0.000000 0.227131 0.289650 0.000000 0.000000 0.344853 0.348815 0.000000 0.000000 -0.898999 -0.873477 0.000000 0.000000 -0.397936 -0.400283 0.000000 0.000000 0.361824 0.371141 0.000000 0.000000 0.328517 0.370241 0.000000 0.000000 -0.231101 -0.210932 0.000000 0.000000
11.100000 -0.417400 -0.401267 -1.260000 -1.260000 0.277005 0.304880 -3.430000 -3.430000 0.256421 0.262753 -2.290000 -2.290000 0.834566 1.015836 -7.030000 -7.030000 -0.246227 -0.502143 -16.879999 -16.879999 -0.093041 -0.105919 0.210000 0.210000 -0.642543 -0.702740 4.560000 4.560000 -0.028707 -0.048287 1.290000 1.290000 -0.008530 -0.001260 3.310000 3.310000 1.007522 1.062151 0.920000 0.920000 0.178449 -0.034084 -7.980000 -7.980000 0.173495 0.174079 -0.060000 -0.060000 -0.029335 -0.058058 2.590000 2.590000 0.024347 0.019537 3.290000 3.290000 -0.926020 -0.899912 0.000000 0.000000 0.427996 0.459119 0.000000 0.000000 -0.492915 -0.527422 0.000000 0.000000 0.226055 0.289189 0.000000 0.000000 0.344309 0.348894 0.000000 0.000000 -0.892776 -0.872127 0.000000 0.000000 -0.395681 -0.396185 0.000000 0.000000 0.361104 0.371187 0.000000 0.000000 0.326816 0.369847 0.000000 0.000000 -0.234121 -0.211326 0.000000 0.000000
11.120000 -0.418561 -0.405408 -0.760000 -0.760000 0.275045 0.302795 -3.360000 -3.360000 0.251892 0.260668 -2.120000 -2.120000 0.830798 1.014476 -8.160000 -8.160000 -0.268540 -0.500534 -15.089999 -15.089999 -0.088574 -0.105632 0.300000 0.300000 -0.635317 -0.697555 4.590000 4.590000 -0.024908 -0.048649 1.390000 1.390000 -0.009242 0.000355 3.400000 3.400000 0.998774 1.053293 1.140000 1.140000 0.155271 -0.046875 -7.820000 -7.820000 0.175342 0.174079 0.130000 0.130000 -0.028116 -0.055836 2.630000 2.630000 0.024372 0.021662 2.930000 2.930000 -0.918423 -0.889113 0.000000 0.000000 0.420150 0.450969 0.000000 0.000000 -0.487821 -0.519296 0.000000 0.000000 0.227250 0.288672 0.000000 0.000000 0.346089 0.348759 0.000000 0.000000 -0.891440 -0.869918 0.000000 0.000000 -0.393094 -0.393915 0.000000 0.000000 0.359901 0.370570 0.000000 0.000000 0.328144 0.369285 0.000000 0.000000 -0.239820 -0.211888 0.000000 0.000000
11.140000 -0.423129 -0.408584 -1.120000 -1.120000 0.276902 0.300495 -3.150000 -3.150000 0.248810 0.257134 -1.580000 -1.580000 0.827304 1.011485 -9.040000 -9.040000 -0.308274 -0.496215 -16.250000 -16.250000 -0.085666 -0.106303 0.450000 0.450000 -0.625701 -0.691603 5.110000 5.110000 -0.024074 -0.046799 1.630000 1.630000 -0.005493 0.000835 3.000000 3.000000 0.990697 1.044320 1.620000 1.620000 0.128877 -0.059927 -7.560000 -7.560000 0.172403 0.174015 -0.030000 -0.030000 -0.027196 -0.054358 2.750000 2.750000 0.024183 0.024354 3.100000 3.100000 -0.900622 -0.879541 0.000000 0.000000 0.414307 0.444915 0.000000 0.000000 -0.482287 -0.513242 0.000000 0.000000 0.226836 0.288672 0.000000 0.000000 0.346955 0.348759 0.000000 0.000000 -0.880440 -0.865869 0.000000 0.000000 -0.389170 -0.391738 0.000000 0.000000 0.358537 0.368766 0.000000 0.000000 0.332522 0.368667 0.000000 0.000000 -0.244430 -0.212506 0.000000 0.000000
11.160000 -0.430226 -0.410777 -1.500000 -1.500000 0.275264 0.298713 -3.550000 -3.550000 0.242618 0.255059 -1.300000 -1.300000 0.828598 1.011485 -9.300000 -9.300000 -0.340100 -0.496215 -14.990000 -14.990000 -0.080833 -0.106090 0.470000 0.470000 -0.614241 -0.681678 5.170000 5.170000 -0.027482 -0.046623 1.630000 1.630000 -0.000467 0.002283 2.380000 2.380000 0.978270 1.031528 1.260000 1.260000 0.101451 -0.080078 -7.530000 -7.530000 0.168744 0.172758 -0.050000 -0.050000 -0.024210 -0.053986 2.710000 2.710000 0.027543 0.024824 3.320000 3.320000 -0.894444 -0.867637 0.000000 0.000000 0.404298 0.438163 0.000000 0.000000 -0.478079 -0.506489 0.000000 0.000000 0.224729 0.288672 0.000000 0.000000 0.347440 0.348759 0.000000 0.000000 -0.879813 -0.858383 0.000000 0.000000 -0.383859 -0.387768 0.000000 0.000000 0.360083 0.366985 0.000000 0.000000 0.332917 0.368454 0.000000 0.000000 -0.249487 -0.212765 0.000000 0.000000
11.180000 -0.432611 -0.413983 -1.510000 -1.510000 0.270808 0.297118 -3.280000 -3.280000 0.237947 0.251271 -1.570000 -1.570000 0.831862 1.010723 -9.500000 -9.500000 -0.358465 -0.495114 -13.610000 -13.610000 -0.074350 -0.105877 0.540000 0.540000 -0.609779 -0.667704 4.180000 4.180000 -0.021436 -0.046505 1.710000 1.710000 -0.000559 0.003654 2.930000 2.930000 0.960238 1.016598 1.750000 1.750000 0.079516 -0.101661 -7.850000 -7.850000 0.166438 0.169956 0.200000 0.200000 -0.023520 -0.052087 2.730000 2.730000 0.027811 0.024706 3.070000 3.070000 -0.880681 -0.857697 0.000000 0.000000 0.394334 0.432947 0.000000 0.000000 -0.474233 -0.501273 0.000000 0.000000 0.220673 0.288661 0.000000 0.000000 0.347857 0.348770 0.000000 0.000000 -0.875084 -0.849056 0.000000 0.000000 -0.378058 -0.383530 0.000000 0.000000 0.359691 0.367124 0.000000 0.000000 0.333678 0.368071 0.000000 0.000000 -0.254323 -0.213529 0.000000 0.000000
11.200000 -0.435056 -0.415302 -1.420000 -1.420000 0.265669 0.292291 -3.500000 -3.500000 0.231487 0.245290 -1.380000 -1.380000 0.835121 1.009625 -9.450000 -9.450000 -0.384066 -0.493529 -12.900000 -12.900000 -0.069466 -0.105877 0.580000 0.580000 -0.598874 -0.654665 3.670000 3.670000 -0.020484 -0.044489 2.000000 2.000000 0.004890 0.006179 2.770000 2.770000 0.942205 0.999562 1.420000 1.420000 0.044782 -0.126261 -7.970000 -7.970000 0.162634 0.164151 0.370000 0.370000 -0.022745 -0.050697 2.830000 2.830000 0.027939 0.025587 2.930000 2.930000 -0.863892 -0.847021 0.000000 0.000000 0.385884 0.426171 0.000000 0.000000 -0.469850 -0.496034 0.000000 0.000000 0.219633 0.288268 0.000000 0.000000 0.348182 0.348894 0.000000 0.000000 -0.866918 -0.840834 0.000000 0.000000 -0.372581 -0.378547 0.000000 0.000000 0.359204 0.367217 0.000000 0.000000 0.334992 0.367363 0.000000 0.000000 -0.260685 -0.215249 0.000000 0.000000
11.220000 -0.440387 -0.418754 -1.590000 -1.590000 0.260595 0.285097 -3.230000 -3.230000 0.224710 0.236803 -1.540000 -1.540000 0.836463 1.009805 -10.219999 -10.219999 -0.414988 -0.493789 -12.950000 -12.950000 -0.065917 -0.105877 0.740000 0.740000 -0.587390 -0.635413 2.660000 2.660000 -0.016479 -0.041650 1.920000 1.920000 0.007038 0.011152 3.000000 3.000000 0.923657 0.976307 1.820000 1.820000 0.012279 -0.159842 -7.800000 -7.800000 0.157003 0.157471 0.450000 0.450000 -0.023644 -0.049092 2.580000 2.580000 0.029007 0.028054 2.290000 2.290000 -0.847116 -0.834626 0.000000 0.000000 0.376835 0.419035 0.000000 0.000000 -0.463575 -0.489457 0.000000 0.000000 0.215354 0.287627 0.000000 0.000000 0.348188 0.349017 0.000000 0.000000 -0.857007 -0.829789 0.000000 0.000000 -0.366815 -0.372656 0.000000 0.000000 0.356914 0.367706 0.000000 0.000000 0.334486 0.361889 0.000000 0.000000 -0.265391 -0.222050 0.000000 0.000000
11.240000 -0.444666 -0.421776 -1.670000 -1.670000 0.257123 0.279967 -3.040000 -3.040000 0.215954 0.228110 -1.320000 -1.320000 0.840339 1.009838 -10.550000 -10.550000 -0.454230 -0.493836 -12.190000 -12.190000 -0.059845 -0.105877 0.820000 0.820000 -0.570509 -0.619644 2.920000 2.920000 -0.012935 -0.039085 2.320000 2.320000 0.011159 0.014363 3.330000 3.330000 0.899134 0.954559 1.690000 1.690000 -0.037201 -0.190417 -7.710000 -7.710000 0.152516 0.148630 0.680000 0.680000 -0.027786 -0.046869 2.150000 2.150000 0.030470 0.030550 2.180000 2.180000 -0.823879 -0.821863 0.000000 0.000000 0.363408 0.412352 0.000000 0.000000 -0.456845 -0.483170 0.000000 0.000000 0.213019 0.286829 0.000000 0.000000 0.348034 0.349096 0.000000 0.000000 -0.847778 -0.821567 0.000000 0.000000 -0.361106 -0.368989 0.000000 0.000000 0.354648 0.368230 0.000000 0.000000 0.335288 0.358494 0.000000 0.000000 -0.273037 -0.226816 0.000000 0.000000
11.260000 -0.452127 -0.425918 -1.890000 -1.890000 0.247756 0.274094 -3.080000 -3.080000 0.208381 0.220044 -1.280000 -1.280000 0.843317 1.010133 -10.670000 -10.670000 -0.469790 -0.494262 -11.360000 -11.360000 -0.059225 -0.105877 0.820000 0.820000 -0.556580 -0.603215 3.210000 3.210000 -0.009014 -0.039996 2.800000 2.800000 0.015195 0.018289 4.140000 4.140000 0.880516 0.930771 2.640000 2.640000 -0.067844 -0.224294 -7.380000 -7.380000 0.144562 0.140321 0.590000 0.590000 -0.024063 -0.046125 2.130000 2.130000 0.034110 0.032214 2.200000 2.200000 -0.804929 -0.807137 0.000000 0.000000 0.356705 0.404901 0.000000 0.000000 -0.450182 -0.475789 0.000000 0.000000 0.211350 0.286087 0.000000 0.000000 0.347025 0.348646 0.000000 0.000000 -0.835155 -0.813468 0.000000 0.000000 -0.354989 -0.362085 0.000000 0.000000 0.352869 0.366449 0.000000 0.000000 0.340801 0.358427 0.000000 0.000000 -0.277882 -0.227018 0.000000 0.000000
11.280000 -0.453309 -0.429707 -1.700000 -1.700000 0.241421 0.265215 -3.200000 -3.200000 0.198945 0.212124 -1.160000 -1.160000 0.846229 1.011739 -10.380000 -10.380000 -0.472834 -0.492298 -11.290000 -11.290000 -0.059886 -0.105877 0.900000 0.900000 -0.543769 -0.585099 4.040000 4.040000 -0.004208 -0.041063 2.590000 2.590000 0.016056 0.023428 4.510000 4.510000 0.859996 0.902992 2.630000 2.630000 -0.101355 -0.263342 -7.710000 -7.710000 0.143193 0.125439 1.590000 1.590000 -0.027754 -0.047271 1.920000 1.920000 0.035531 0.033360 2.220000 2.220000 -0.786437 -0.791061 0.000000 0.000000 0.347809 0.397951 0.000000 0.000000 -0.445613 -0.468955 0.000000 0.000000 0.207298 0.285075 0.000000 0.000000 0.345983 0.348421 0.000000 0.000000 -0.829001 -0.803650 0.000000 0.000000 -0.346040 -0.356031 0.000000 0.000000 0.349023 0.363865 0.000000 0.000000 0.346762 0.358292 0.000000 0.000000 -0.281565 -0.227153 0.000000 0.000000
11.300000 -0.460066 -0.434385 -2.250000 -2.250000 0.234416 0.260076 -3.430000 -3.430000 0.190108 0.202521 -2.130000 -2.130000 0.855585 1.012985 -10.160000 -10.160000 -0.479397 -0.493174 -10.330000 -10.330000 -0.057852 -0.106292 0.910000 0.910000 -0.534026 -0.585191 4.070000 4.070000 -0.007377 -0.033564 1.350000 1.350000 0.021926 0.029497 3.800000 3.800000 0.823881 0.896125 -3.280000 -3.280000 -0.144511 -0.283457 -6.770000 -6.770000 0.136036 0.104720 0.840000 0.840000 -0.027358 -0.042132 0.400000 0.400000 0.041232 0.033448 1.890000 1.890000 -0.766290 -0.773021 0.000000 0.000000 0.344962 0.389696 0.000000 0.000000 -0.435276 -0.461748 0.000000 0.000000 0.200783 0.283704 0.000000 0.000000 0.343444 0.347455 0.000000 0.000000 -0.826329 -0.795428 0.000000 0.000000 -0.340765 -0.350070 0.000000 0.000000 0.344685 0.361187 0.000000 0.000000 0.349985 0.359079 0.000000 0.000000 -0.283612 -0.227940 0.000000 0.000000
11.320000 -0.457270 -0.434692 -1.700000 -1.700000 0.221509 0.256473 -2.670000 -2.670000 0.186068 0.190657 -2.850000 -2.850000 0.862173 1.012985 -9.500000 -9.500000 -0.466306 -0.493174 -10.400000 -10.400000 -0.059131 -0.105717 0.860000 0.860000 -0.548485 -0.585191 2.980000 2.980000 0.004829 -0.029003 1.750000 1.750000 0.020821 0.034176 4.570000 4.570000 0.800795 0.898116 -4.080000 -4.080000 -0.178103 -0.273033 -6.520000 -6.520000 0.144470 0.105433 0.760000 0.760000 -0.031708 -0.037668 0.300000 0.300000 0.035917 0.033017 1.280000 1.280000 -0.742012 -0.750564 0.000000 0.000000 0.332601 0.378939 0.000000 0.000000 -0.429637 -0.456509 0.000000 0.000000 0.194617 0.275307 0.000000 0.000000 0.346162 0.340474 0.000000 0.000000 -0.813330 -0.780825 0.000000 0.000000 -0.338722 -0.345308 0.000000 0.000000 0.329296 0.360034 0.000000 0.000000 0.351643 0.359686 0.000000 0.000000 -0.293257 -0.229109 0.000000 0.000000
11.340000 -0.460249 -0.437131 -1.970000 -1.970000 0.223876 0.247614 -2.360000 -2.360000 0.177121 0.181034 -2.510000 -2.510000 0.859359 1.011411 -10.099999 -10.099999 -0.490228 -0.491801 -10.490000 -10.490000 -0.060100 -0.105717 0.810000 0.810000 -0.549153 -0.585943 2.930000 2.930000 -0.005711 -0.025508 1.210000 1.210000 0.029284 0.037025 2.960000 2.960000 0.790083 0.892134 -5.860000 -5.860000 -0.219813 -0.269743 -8.120000 -8.120000 0.139537 0.104059 0.860000 0.860000 -0.029547 -0.036777 0.280000 0.280000 0.034001 0.032126 0.970000 0.970000 -0.723542 -0.732279 0.000000 0.000000 0.326002 0.369322 0.000000 0.000000 -0.423152 -0.449966 0.000000 0.000000 0.192714 0.271361 0.000000 0.000000 0.342944 0.340058 0.000000 0.000000 -0.794130 -0.772480 0.000000 0.000000 -0.331675 -0.339092 0.000000 0.000000 0.317318 0.353887 0.000000 0.000000 0.346925 0.359641 0.000000 0.000000 -0.297331 -0.229671 0.000000 0.000000
11.360000 -0.459200 -0.437791 -1.530000 -1.530000 0.209059 0.242779 -2.410000 -2.410000 0.172248 0.170658 -3.550000 -3.550000 0.859529 1.011067 -9.840000 -9.840000 -0.475173 -0.491304 -10.309999 -10.309999 -0.068433 -0.105717 0.700000 0.700000 -0.547494 -0.585943 3.160000 3.160000 0.006768 -0.024901 1.800000 1.800000 0.023553 0.037730 4.230000 4.230000 0.787028 0.892249 -6.400000 -6.400000 -0.240028 -0.271400 -7.360000 -7.360000 0.137963 0.102376 0.680000 0.680000 -0.025591 -0.034692 0.790000 0.790000 0.033390 0.031568 0.900000 0.900000 -0.700687 -0.711417 0.000000 0.000000 0.317456 0.360160 0.000000 0.000000 -0.416192 -0.444948 0.000000 0.000000 0.190997 0.263819 0.000000 0.000000 0.342280 0.347601 0.000000 0.000000 -0.773045 -0.760453 0.000000 0.000000 -0.323531 -0.333119 0.000000 0.000000 0.312210 0.348380 0.000000 0.000000 0.348457 0.362327 0.000000 0.000000 -0.302201 -0.233032 0.000000 0.000000
11.380000 -0.468944 -0.438619 -2.430000 -2.430000 0.207767 0.237130 -2.020000 -2.020000 0.167587 0.162504 -4.120000 -4.120000 0.846727 1.010272 -10.590000 -10.590000 -0.486690 -0.491813 -11.290000 -11.290000 -0.070634 -0.106569 0.680000 0.680000 -0.537207 -0.585943 3.930000 3.930000 0.011605 -0.021994 2.000000 2.000000 0.022795 0.035468 5.070000 5.070000 0.789345 0.892249 -6.320000 -6.320000 -0.253408 -0.271400 -7.080000 -7.080000 0.130806 0.101470 0.690000 0.690000 -0.031737 -0.032450 0.410000 0.410000 0.027989 0.032831 -0.080000 -0.080000 -0.672246 -0.691414 0.000000 0.000000 0.309398 0.350881 0.000000 0.000000 -0.404525 -0.439395 0.000000 0.000000 0.189219 0.261492 0.000000 0.000000 0.344731 0.348736 0.000000 0.000000 -0.759971 -0.749286 0.000000 0.000000 -0.319241 -0.325878 0.000000 0.000000 0.303161 0.342163 0.000000 0.000000 0.342957 0.363710 0.000000 0.000000 -0.307450 -0.247477 0.000000 0.000000
11.400000 -0.472756 -0.438987 -2.820000 -2.820000 0.197395 0.232872 -2.050000 -2.050000 0.165456 0.154937 -4.500000 -4.500000 0.833140 1.009961 -12.219999 -12.219999 -0.509774 -0.492239 -11.469999 -11.469999 -0.074522 -0.106708 0.590000 0.590000 -0.531804 -0.585943 4.480000 4.480000 0.003796 -0.020584 1.170000 1.170000 0.024164 0.037779 4.280000 4.280000 0.783208 0.892241 -7.370000 -7.370000 -0.282002 -0.271412 -7.100000 -7.100000 0.124847 0.099873 0.500000 0.500000 -0.019694 -0.032352 1.230000 1.230000 0.032357 0.031832 0.770000 0.770000 -0.637037 -0.672515 0.000000 0.000000 0.299454 0.341148 0.000000 0.000000 -0.397460 -0.432363 0.000000 0.000000 0.179791 0.260244 0.000000 0.000000 0.341136 0.348568 0.000000 0.000000 -0.729177 -0.737505 0.000000 0.000000 -0.306906 -0.319311 0.000000 0.000000 0.288291 0.335597 0.000000 0.000000 0.331722 0.360472 0.000000 0.000000 -0.314396 -0.257369 0.000000 0.000000
11.420000 -0.485261 -0.439202 -3.800000 -3.800000 0.199062 0.228026 -1.580000 -1.580000 0.162358 0.150189 -4.140000 -4.140000 0.811974 1.009543 -13.630000 -13.630000 -0.522683 -0.492393 -12.280000 -12.280000 -0.080326 -0.107634 0.550000 0.550000 -0.529385 -0.585943 4.630000 4.630000 0.009735 -0.020065 1.050000 1.050000 0.018925 0.037573 5.100000 5.100000 0.785835 0.892249 -7.490000 -7.490000 -0.294540 -0.271423 -6.460000 -6.460000 0.115304 0.097987 0.430000 0.430000 -0.031808 -0.029739 0.440000 0.440000 0.028084 0.034427 -0.390000 -0.390000 -0.613627 -0.649567 0.000000 0.000000 0.284429 0.330926 0.000000 0.000000 -0.392921 -0.425354 0.000000 0.000000 0.178156 0.257872 0.000000 0.000000 0.344934 0.347118 0.000000 0.000000 -0.717661 -0.722902 0.000000 0.000000 -0.299777 -0.310277 0.000000 0.000000 0.272490 0.325725 0.000000 0.000000 0.333298 0.358236 0.000000 0.000000 -0.318428 -0.258549 0.000000 0.000000
11.440000 -0.483764 -0.438650 -3.450000 -3.450000 0.191253 0.226284 -2.230000 -2.230000 0.162024 0.146978 -5.210000 -5.210000 0.805220 1.004938 -14.630000 -14.630000 -0.520813 -0.492677 -12.059999 -12.059999 -0.081990 -0.107922 0.570000 0.570000 -0.526287 -0.585943 4.850000 4.850000 0.013945 -0.018019 1.400000 1.400000 0.017483 0.035782 5.160000 5.160000 0.784389 0.892249 -7.860000 -7.860000 -0.308205 -0.271423 -6.340000 -6.340000 0.113320 0.095675 0.560000 0.560000 -0.023194 -0.030698 0.930000 0.930000 0.031515 0.033389 0.330000 0.330000 -0.576787 -0.628091 0.000000 0.000000 0.280289 0.322230 0.000000 0.000000 -0.383455 -0.418427 0.000000 0.000000 0.174733 0.251622 0.000000 0.000000 0.345737 0.341385 0.000000 0.000000 -0.687370 -0.708175 0.000000 0.000000 -0.287113 -0.302221 0.000000 0.000000 0.258496 0.316760 0.000000 0.000000 0.324137 0.355639 0.000000 0.000000 -0.326404 -0.261146 0.000000 0.000000
11.460000 -0.487545 -0.438634 -4.070000 -4.070000 0.187665 0.225413 -2.480000 -2.480000 0.160567 0.147047 -5.450000 -5.450000 0.797906 1.001480 -14.969999 -14.969999 -0.511760 -0.489553 -12.200000 -12.200000 -0.081388 -0.108657 0.480000 0.480000 -0.518119 -0.585943 5.460000 5.460000 0.010170 -0.016385 0.860000 0.860000 0.015861 0.034675 5.090000 5.090000 0.780776 0.892249 -8.300000 -8.300000 -0.318894 -0.271423 -6.640000 -6.640000 0.107654 0.092565 0.330000 0.330000 -0.023796 -0.030169 0.850000 0.850000 0.031079 0.033918 0.490000 0.490000 -0.554691 -0.604161 0.000000 0.000000 0.273872 0.312334 0.000000 0.000000 -0.382020 -0.411046 0.000000 0.000000 0.164241 0.246485 0.000000 0.000000 0.346631 0.339980 0.000000 0.000000 -0.668806 -0.689768 0.000000 0.000000 -0.283775 -0.293512 0.000000 0.000000 0.241232 0.304466 0.000000 0.000000 0.316150 0.347298 0.000000 0.000000 -0.329872 -0.270790 0.000000 0.000000
11.480000 -0.489054 -0.438619 -4.140000 -4.140000 0.184890 0.225178 -2.890000 -2.890000 0.159518 0.147282 -5.550000 -5.550000 0.798040 0.998538 -13.670000 -13.670000 -0.506950 -0.484879 -11.960000 -11.960000 -0.078208 -0.108657 0.580000 0.580000 -0.524661 -0.585943 5.020000 5.020000 0.010090 -0.017236 0.980000 0.980000 0.014366 0.034372 5.200000 5.200000 0.772753 0.889398 -8.929999 -8.929999 -0.319689 -0.268252 -6.320000 -6.320000 0.104496 0.091105 0.340000 0.340000 -0.023024 -0.032215 0.670000 0.670000 0.037232 0.032342 1.330000 1.330000 -0.534923 -0.578513 0.000000 0.000000 0.269793 0.304999 0.000000 0.000000 -0.377587 -0.404457 0.000000 0.000000 0.161875 0.238302 0.000000 0.000000 0.348985 0.347893 0.000000 0.000000 -0.659405 -0.668046 0.000000 0.000000 -0.277141 -0.283220 0.000000 0.000000 0.225704 0.291636 0.000000 0.000000 0.320601 0.343780 0.000000 0.000000 -0.334446 -0.274309 0.000000 0.000000
11.500000 -0.474349 -0.438558 -2.830000 -2.830000 0.184121 0.224551 -3.860000 -3.860000 0.147920 0.147321 -4.440000 -4.440000 0.822726 0.995375 -11.309999 -11.309999 -0.474066 -0.480312 -11.050000 -11.050000 -0.069115 -0.108657 0.750000 0.750000 -0.514738 -0.585943 5.810000 5.810000 0.012352 -0.017510 1.140000 1.140000 0.014597 0.034059 5.190000 5.190000 0.765365 0.885554 -9.370000 -9.370000 -0.331443 -0.263649 -5.960000 -5.960000 0.099679 0.090019 0.260000 0.260000 -0.028635 -0.032881 0.350000 0.350000 0.034665 0.032733 0.560000 0.560000 -0.494948 -0.554951 0.000000 0.000000 0.261327 0.298118 0.000000 0.000000 -0.371335 -0.398554 0.000000 0.000000 0.154589 0.234469 0.000000 0.000000 0.350655 0.349478 0.000000 0.000000 -0.630772 -0.649148 0.000000 0.000000 -0.265598 -0.276468 0.000000 0.000000 0.212401 0.278806 0.000000 0.000000 0.318203 0.338721 0.000000 0.000000 -0.339284 -0.281256 0.000000 0.000000
11.520000 -0.481509 -0.438558 -3.650000 -3.650000 0.177364 0.221478 -3.510000 -3.510000 0.144377 0.142446 -4.880000 -4.880000 0.809360 0.992917 -12.110000 -12.110000 -0.464068 -0.476762 -11.849999 -11.849999 -0.066510 -0.108657 0.800000 0.800000 -0.524018 -0.585943 5.040000 5.040000 0.007687 -0.017080 0.650000 0.650000 0.013699 0.034313 4.880000 4.880000 0.750502 0.880933 -8.809999 -8.809999 -0.327141 -0.261448 -6.800000 -6.800000 0.092508 0.088506 0.120000 0.120000 -0.031140 -0.033478 0.190000 0.190000 0.034211 0.032684 0.730000 0.730000 -0.478896 -0.528321 0.000000 0.000000 0.251987 0.291343 0.000000 0.000000 -0.366439 -0.391848 0.000000 0.000000 0.153726 0.232895 0.000000 0.000000 0.349941 0.348804 0.000000 0.000000 -0.614674 -0.629145 0.000000 0.000000 -0.260998 -0.268772 0.000000 0.000000 0.195771 0.264708 0.000000 0.000000 0.314182 0.339980 0.000000 0.000000 -0.345559 -0.289596 0.000000 0.000000
11.540000 -0.472004 -0.438558 -2.710000 -2.710000 0.170631 0.213774 -3.480000 -3.480000 0.140150 0.134742 -5.200000 -5.200000 0.814767 0.988467 -11.300000 -11.300000 -0.439981 -0.470337 -11.300000 -11.300000 -0.064851 -0.108657 0.810000 0.810000 -0.520107 -0.585943 5.370000 5.370000 0.004669 -0.018695 0.260000 0.260000 0.010582 0.032698 4.980000 4.980000 0.764009 0.876418 -8.849999 -8.849999 -0.316457 -0.261768 -6.750000 -6.750000 0.093476 0.088059 0.120000 0.120000 -0.027324 -0.034437 0.590000 0.590000 0.033661 0.032332 0.740000 0.740000 -0.458206 -0.501077 0.000000 0.000000 0.247838 0.284171 0.000000 0.000000 -0.358380 -0.384676 0.000000 0.000000 0.152374 0.230658 0.000000 0.000000 0.353916 0.348860 0.000000 0.000000 -0.595414 -0.610491 0.000000 0.000000 -0.253266 -0.260285 0.000000 0.000000 0.183588 0.249747 0.000000 0.000000 0.314193 0.340486 0.000000 0.000000 -0.347000 -0.295700 0.000000 0.000000
11.560000 -0.477108 -0.438558 -3.080000 -3.080000 0.164585 0.207225 -3.530000 -3.530000 0.137251 0.129113 -5.070000 -5.070000 0.803484 0.985255 -10.260000 -10.260000 -0.431176 -0.468160 -11.400000 -11.400000 -0.065571 -0.108124 0.690000 0.690000 -0.523321 -0.585943 5.140000 5.140000 0.007052 -0.021739 0.880000 0.880000 0.007947 0.030417 5.360000 5.360000 0.753440 0.876098 -9.349999 -9.349999 -0.315211 -0.260928 -6.640000 -6.640000 0.094020 0.088037 0.140000 0.140000 -0.032176 -0.035778 0.430000 0.430000 0.034365 0.032948 0.880000 0.880000 -0.440589 -0.474202 0.000000 0.000000 0.242314 0.279386 0.000000 0.000000 -0.347842 -0.379100 0.000000 0.000000 0.147788 0.227949 0.000000 0.000000 0.356976 0.349591 0.000000 0.000000 -0.582643 -0.590488 0.000000 0.000000 -0.247942 -0.252857 0.000000 0.000000 0.167885 0.237150 0.000000 0.000000 0.314908 0.336417 0.000000 0.000000 -0.354238 -0.299882 0.000000 0.000000
11.580000 -0.471690 -0.440245 -2.580000 -2.580000 0.162774 0.202467 -3.480000 -3.480000 0.131935 0.125276 -4.970000 -4.970000 0.804518 0.977798 -10.750000 -10.750000 -0.440422 -0.468917 -11.650000 -11.650000 -0.064852 -0.107666 0.770000 0.770000 -0.527212 -0.585943 4.860000 4.860000 0.001184 -0.024930 0.880000 0.880000 0.008430 0.027970 4.900000 4.900000 0.749383 0.872419 -9.150000 -9.150000 -0.310074 -0.257059 -7.270000 -7.270000 0.096007 0.087761 0.140000 0.140000 -0.034634 -0.037580 0.350000 0.350000 0.031960 0.031774 0.380000 0.380000 -0.416955 -0.448554 0.000000 0.000000 0.240340 0.272692 0.000000 0.000000 -0.342913 -0.372033 0.000000 0.000000 0.140519 0.217281 0.000000 0.000000 0.358066 0.353896 0.000000 0.000000 -0.563201 -0.572203 0.000000 0.000000 -0.248914 -0.245651 0.000000 0.000000 0.148538 0.223238 0.000000 0.000000 0.310981 0.332854 0.000000 0.000000 -0.356139 -0.304299 0.000000 0.000000
11.600000 -0.471772 -0.440245 -2.650000 -2.650000 0.158450 0.199756 -3.240000 -3.240000 0.127892 0.122564 -4.990000 -4.990000 0.807507 0.975643 -10.559999 -10.559999 -0.436530 -0.467248 -11.820000 -11.820000 -0.064939 -0.107666 0.740000 0.740000 -0.528714 -0.585421 4.910000 4.910000 -0.000485 -0.027926 0.980000 0.980000 0.005637 0.026580 5.050000 5.050000 0.747333 0.869207 -9.400000 -9.400000 -0.308518 -0.257579 -7.040000 -7.040000 0.098882 0.087718 0.190000 0.190000 -0.034026 -0.038206 0.500000 0.500000 0.033367 0.032087 0.530000 0.530000 -0.396862 -0.424378 0.000000 0.000000 0.235860 0.266847 0.000000 0.000000 -0.337047 -0.366864 0.000000 0.000000 0.134458 0.210919 0.000000 0.000000 0.361517 0.350793 0.000000 0.000000 -0.550260 -0.553795 0.000000 0.000000 -0.242804 -0.239585 0.000000 0.000000 0.134000 0.207952 0.000000 0.000000 0.305968 0.332797 0.000000 0.000000 -0.359748 -0.304356 0.000000 0.000000
11.620000 -0.470512 -0.441794 -2.000000 -2.000000 0.152345 0.195243 -3.390000 -3.390000 0.125872 0.118052 -5.390000 -5.390000 0.801796 0.973218 -11.080000 -11.080000 -0.428388 -0.464432 -10.820000 -10.820000 -0.061005 -0.107453 0.920000 0.920000 -0.538970 -0.583734 3.660000 3.660000 0.000214 -0.030706 1.300000 1.300000 0.005058 0.024113 5.320000 5.320000 0.740763 0.865749 -9.110000 -9.110000 -0.301699 -0.254929 -7.010000 -7.010000 0.100424 0.087718 0.230000 0.230000 -0.029845 -0.037501 0.720000 0.720000 0.032298 0.032107 0.900000 0.900000 -0.382405 -0.402902 0.000000 0.000000 0.232522 0.259967 0.000000 0.000000 -0.329685 -0.360006 0.000000 0.000000 0.137917 0.209750 0.000000 0.000000 0.363079 0.351827 0.000000 0.000000 -0.530432 -0.536860 0.000000 0.000000 -0.235497 -0.233182 0.000000 0.000000 0.126025 0.193934 0.000000 0.000000 0.307297 0.332404 0.000000 0.000000 -0.361201 -0.304749 0.000000 0.000000
11.640000 -0.466329 -0.444540 -1.840000 -1.840000 0.153217 0.191680 -3.320000 -3.320000 0.119485 0.113666 -4.530000 -4.530000 0.801869 0.968391 -10.889999 -10.889999 -0.436579 -0.457818 -12.370000 -12.370000 -0.060199 -0.106005 0.710000 0.710000 -0.544110 -0.583734 3.170000 3.170000 -0.004534 -0.031607 1.030000 1.030000 0.005249 0.023624 5.140000 5.140000 0.735648 0.863495 -9.750000 -9.750000 -0.323753 -0.251982 -7.410000 -7.410000 0.101792 0.087718 0.340000 0.340000 -0.036506 -0.037110 0.550000 0.550000 0.029055 0.032087 -0.080000 -0.080000 -0.361883 -0.382531 0.000000 0.000000 0.226197 0.254588 0.000000 0.000000 -0.320888 -0.353836 0.000000 0.000000 0.130739 0.208783 0.000000 0.000000 0.366449 0.352502 0.000000 0.000000 -0.516007 -0.521398 0.000000 0.000000 -0.240505 -0.228863 0.000000 0.000000 0.105810 0.180068 0.000000 0.000000 0.304299 0.332404 0.000000 0.000000 -0.362907 -0.304749 0.000000 0.000000
11.660000 -0.465525 -0.444494 -1.580000 -1.580000 0.147893 0.189164 -3.250000 -3.250000 0.117374 0.110524 -5.040000 -5.040000 0.804369 0.968375 -10.179999 -10.179999 -0.427315 -0.458504 -11.570000 -11.570000 -0.059549 -0.105621 0.820000 0.820000 -0.549044 -0.583734 2.920000 2.920000 -0.009315 -0.034602 0.880000 0.880000 0.004964 0.024426 5.170000 5.170000 0.734125 0.860373 -10.020000 -10.020000 -0.318218 -0.254266 -6.610000 -6.610000 0.103342 0.087718 0.280000 0.280000 -0.030481 -0.038216 0.780000 0.780000 0.030007 0.032058 0.350000 0.350000 -0.346539 -0.363510 0.000000 0.000000 0.231690 0.250059 0.000000 0.000000 -0.313693 -0.348096 0.000000 0.000000 0.123633 0.206445 0.000000 0.000000 0.370196 0.354840 0.000000 0.000000 -0.503735 -0.505935 0.000000 0.000000 -0.239422 -0.224218 0.000000 0.000000 0.091614 0.164712 0.000000 0.000000 0.305857 0.332348 0.000000 0.000000 -0.366913 -0.304805 0.000000 0.000000
11.680000 -0.471400 -0.446703 -1.870000 -1.870000 0.150179 0.185571 -2.970000 -2.970000 0.112827 0.106853 -4.150000 -4.150000 0.787272 0.964884 -11.559999 -11.559999 -0.446968 -0.454954 -11.540000 -11.540000 -0.061623 -0.105610 0.770000 0.770000 -0.556152 -0.583734 2.350000 2.350000 -0.006432 -0.038341 1.370000 1.370000 0.000570 0.021587 5.580000 5.580000 0.730013 0.857595 -9.750000 -9.750000 -0.334294 -0.251959 -7.210000 -7.210000 0.107952 0.087718 0.360000 0.360000 -0.038635 -0.037178 0.190000 0.190000 0.029749 0.031901 -0.240000 -0.240000 -0.320076 -0.344734 0.000000 0.000000 0.223583 0.244634 0.000000 0.000000 -0.304298 -0.342042 0.000000 0.000000 0.121775 0.197340 0.000000 0.000000 0.373445 0.365227 0.000000 0.000000 -0.486650 -0.491332 0.000000 0.000000 -0.234795 -0.220259 0.000000 0.000000 0.075121 0.149135 0.000000 0.000000 0.299425 0.331505 0.000000 0.000000 -0.366832 -0.305648 0.000000 0.000000
11.700000 -0.471625 -0.447409 -1.900000 -1.900000 0.146940 0.182840 -2.790000 -2.790000 0.108628 0.104337 -4.200000 -4.200000 0.784748 0.958623 -11.990000 -11.990000 -0.453657 -0.453889 -12.450000 -12.450000 -0.060702 -0.104971 0.730000 0.730000 -0.560467 -0.583734 1.980000 1.980000 -0.014140 -0.041405 1.420000 1.420000 0.002642 0.019385 5.380000 5.380000 0.726092 0.857538 -10.330000 -10.330000 -0.337842 -0.251852 -7.280000 -7.280000 0.109090 0.088133 0.310000 0.310000 -0.034393 -0.038118 0.620000 0.620000 0.030683 0.031901 0.160000 0.160000 -0.297605 -0.327921 0.000000 0.000000 0.223349 0.239535 0.000000 0.000000 -0.293474 -0.336687 0.000000 0.000000 0.115064 0.194226 0.000000 0.000000 0.377644 0.366250 0.000000 0.000000 -0.470328 -0.477465 0.000000 0.000000 -0.232747 -0.218816 0.000000 0.000000 0.063415 0.134396 0.000000 0.000000 0.292670 0.331201 0.000000 0.000000 -0.367736 -0.305952 0.000000 0.000000
11.720000 -0.474199 -0.447409 -2.180000 -2.180000 0.148589 0.179375 -2.690000 -2.690000 0.107012 0.102419 -3.780000 -3.780000 0.772849 0.955796 -13.030000 -13.030000 -0.471004 -0.457617 -12.240000 -12.240000 -0.064368 -0.104971 0.620000 0.620000 -0.566834 -0.583734 1.350000 1.350000 -0.021572 -0.046691 1.090000 1.090000 0.002781 0.019052 4.370000 4.370000 0.724743 0.855997 -9.520000 -9.520000 -0.339029 -0.252113 -6.940000 -6.940000 0.109572 0.088698 0.310000 0.310000 -0.034778 -0.038784 0.620000 0.620000 0.030168 0.031725 0.310000 0.310000 -0.275969 -0.309882 0.000000 0.000000 0.224217 0.235367 0.000000 0.000000 -0.285019 -0.328910 0.000000 0.000000 0.108325 0.188336 0.000000 0.000000 0.378487 0.372095 0.000000 0.000000 -0.452664 -0.462984 0.000000 0.000000 -0.232380 -0.214461 0.000000 0.000000 0.049011 0.119284 0.000000 0.000000 0.285735 0.327716 0.000000 0.000000 -0.368110 -0.308695 0.000000 0.000000
11.740000 -0.471978 -0.447808 -1.860000 -1.860000 0.149360 0.178768 -3.390000 -3.390000 0.098805 0.101851 -2.910000 -2.910000 0.780190 0.954428 -11.620000 -11.620000 -0.465857 -0.457179 -10.219999 -10.219999 -0.058632 -0.105333 0.840000 0.840000 -0.567114 -0.583734 1.250000 1.250000 -0.024823 -0.048600 0.840000 0.840000 0.001501 0.018592 4.130000 4.130000 0.733544 0.851261 -9.840000 -9.840000 -0.333321 -0.251403 -6.540000 -6.540000 0.113783 0.088741 0.440000 0.440000 -0.036434 -0.038725 0.210000 0.210000 0.031120 0.031823 0.220000 0.220000 -0.251953 -0.291842 0.000000 0.000000 0.224591 0.231374 0.000000 0.000000 -0.273044 -0.324148 0.000000 0.000000 0.101301 0.181895 0.000000 0.000000 0.383126 0.378221 0.000000 0.000000 -0.446337 -0.448380 0.000000 0.000000 -0.234904 -0.214915 0.000000 0.000000 0.036274 0.105931 0.000000 0.000000 0.279628 0.319837 0.000000 0.000000 -0.368330 -0.316575 0.000000 0.000000
11.760000 -0.484896 -0.448482 -2.800000 -2.800000 0.146050 0.177564 -2.380000 -2.380000 0.100008 0.100353 -3.410000 -3.410000 0.761598 0.950413 -13.099999 -13.099999 -0.478101 -0.452470 -11.800000 -11.800000 -0.056714 -0.104652 0.850000 0.850000 -0.573007 -0.583734 0.860000 0.860000 -0.023895 -0.049325 1.000000 1.000000 0.001815 0.017868 4.540000 4.540000 0.724830 0.850827 -10.179999 -10.179999 -0.335029 -0.249687 -6.200000 -6.200000 0.117281 0.089145 0.400000 0.400000 -0.036418 -0.037090 0.090000 0.090000 0.032309 0.031539 0.200000 0.200000 -0.226472 -0.272943 0.000000 0.000000 0.217782 0.226332 0.000000 0.000000 -0.259403 -0.316057 0.000000 0.000000 0.104542 0.176870 0.000000 0.000000 0.386461 0.382841 0.000000 0.000000 -0.427666 -0.433409 0.000000 0.000000 -0.225992 -0.212471 0.000000 0.000000 0.021832 0.090866 0.000000 0.000000 0.269139 0.316183 0.000000 0.000000 -0.370088 -0.319014 0.000000 0.000000
11.780000 -0.484395 -0.450461 -2.950000 -2.950000 0.148861 0.172944 -2.390000 -2.390000 0.095595 0.095498 -2.610000 -2.610000 0.752167 0.947864 -12.590000 -12.590000 -0.500305 -0.451061 -12.340000 -12.340000 -0.059055 -0.104194 0.780000 0.780000 -0.584224 -0.584992 0.190000 0.190000 -0.038043 -0.052242 0.290000 0.290000 0.004079 0.018709 3.750000 3.750000 0.722381 0.848434 -10.200000 -10.200000 -0.342608 -0.246232 -6.820000 -6.820000 0.119011 0.089412 0.490000 0.490000 -0.035374 -0.037961 0.080000 0.080000 0.031480 0.031823 0.260000 0.260000 -0.207353 -0.252818 0.000000 0.000000 0.222910 0.223212 0.000000 0.000000 -0.255962 -0.307581 0.000000 0.000000 0.095050 0.169406 0.000000 0.000000 0.389878 0.390148 0.000000 0.000000 -0.414236 -0.421137 0.000000 0.000000 -0.238902 -0.211108 0.000000 0.000000 0.006886 0.076092 0.000000 0.000000 0.265939 0.312676 0.000000 0.000000 -0.371136 -0.322319 0.000000 0.000000
11.800000 -0.480098 -0.451428 -2.390000 -2.390000 0.151457 0.170457 -2.200000 -2.200000 0.087373 0.091504 -1.580000 -1.580000 0.751294 0.943964 -13.349999 -13.349999 -0.503811 -0.456670 -12.099999 -12.099999 -0.056741 -0.104652 0.910000 0.910000 -0.572528 -0.586786 1.110000 1.110000 -0.040603 -0.057234 0.390000 0.390000 0.001914 0.018024 3.340000 3.340000 0.740146 0.847254 -9.000000 -9.000000 -0.342056 -0.246823 -5.390000 -5.390000 0.122059 0.089635 0.560000 0.560000 -0.030957 -0.038235 0.460000 0.460000 0.034506 0.031646 0.950000 0.950000 -0.194568 -0.235514 0.000000 0.000000 0.215457 0.218788 0.000000 0.000000 -0.245684 -0.301714 0.000000 0.000000 0.088078 0.167765 0.000000 0.000000 0.392638 0.390642 0.000000 0.000000 -0.406403 -0.406288 0.000000 0.000000 -0.225314 -0.210037 0.000000 0.000000 0.003493 0.062447 0.000000 0.000000 0.255071 0.305561 0.000000 0.000000 -0.370423 -0.330378 0.000000 0.000000
11.820000 -0.487075 -0.452517 -2.510000 -2.510000 0.149350 0.167706 -1.940000 -1.940000 0.085409 0.088616 -1.780000 -1.780000 0.755953 0.942423 -13.070000 -13.070000 -0.491189 -0.458303 -11.630000 -11.630000 -0.060058 -0.104652 0.820000 0.820000 -0.587281 -0.587262 0.010000 0.010000 -0.042214 -0.060376 0.660000 0.660000 0.001816 0.013805 3.180000 3.180000 0.732484 0.846254 -8.420000 -8.420000 -0.325410 -0.246918 -5.550000 -5.550000 0.121291 0.089667 0.530000 0.530000 -0.037242 -0.038343 0.180000 0.180000 0.031788 0.032459 0.160000 0.160000 -0.168572 -0.217597 0.000000 0.000000 0.221056 0.216285 0.000000 0.000000 -0.237691 -0.293506 0.000000 0.000000 0.086336 0.165966 0.000000 0.000000 0.394025 0.392374 0.000000 0.000000 -0.392034 -0.394998 0.000000 0.000000 -0.240352 -0.210328 0.000000 0.000000 -0.015585 0.049885 0.000000 0.000000 0.255939 0.301514 0.000000 0.000000 -0.370672 -0.332469 0.000000 0.000000
11.840000 -0.489066 -0.455615 -2.900000 -2.900000 0.149433 0.164936 -1.540000 -1.540000 0.082035 0.085043 -1.520000 -1.520000 0.748089 0.940063 -13.920000 -13.920000 -0.499997 -0.453996 -12.009999 -12.009999 -0.059831 -0.104652 0.730000 0.730000 -0.580944 -0.588044 0.670000 0.670000 -0.053697 -0.061444 0.020000 0.020000 0.004864 0.013521 1.790000 1.790000 0.738737 0.842321 -9.000000 -9.000000 -0.324855 -0.248196 -5.830000 -5.830000 0.124356 0.089678 0.660000 0.660000 -0.025798 -0.037580 0.490000 0.490000 0.032044 0.031460 0.770000 0.770000 -0.162502 -0.198699 0.000000 0.000000 0.217351 0.214155 0.000000 0.000000 -0.225638 -0.284134 0.000000 0.000000 0.083314 0.156580 0.000000 0.000000 0.397491 0.401670 0.000000 0.000000 -0.389273 -0.384689 0.000000 0.000000 -0.232906 -0.210107 0.000000 0.000000 -0.019693 0.037090 0.000000 0.000000 0.256530 0.300446 0.000000 0.000000 -0.371892 -0.333537 0.000000 0.000000
11.860000 -0.488014 -0.456643 -2.470000 -2.470000 0.154083 0.163203 -1.550000 -1.550000 0.074637 0.080158 -0.430000 -0.430000 0.751305 0.937572 -13.540000 -13.540000 -0.507417 -0.450399 -11.540000 -11.540000 -0.061238 -0.103682 0.680000 0.680000 -0.601548 -0.588964 -0.760000 -0.760000 -0.056682 -0.063166 -0.030000 -0.030000 0.005275 0.013306 1.710000 1.710000 0.722798 0.842395 -9.929999 -9.929999 -0.339149 -0.247592 -5.780000 -5.780000 0.127021 0.090402 0.580000 0.580000 -0.034695 -0.036190 0.590000 0.590000 0.028338 0.030188 0.120000 0.120000 -0.141497 -0.181886 0.000000 0.000000 0.216594 0.212606 0.000000 0.000000 -0.221158 -0.274483 0.000000 0.000000 0.075034 0.154602 0.000000 0.000000 0.398599 0.402547 0.000000 0.000000 -0.383974 -0.373890 0.000000 0.000000 -0.243082 -0.211353 0.000000 0.000000 -0.032540 0.026344 0.000000 0.000000 0.258178 0.296624 0.000000 0.000000 -0.368367 -0.337359 0.000000 0.000000
11.880000 -0.490403 -0.457318 -2.240000 -2.240000 0.155029 0.163527 -1.950000 -1.950000 0.069186 0.078798 0.270000 0.270000 0.748543 0.936990 -13.049999 -13.049999 -0.507767 -0.450624 -11.360000 -11.360000 -0.059651 -0.103096 0.720000 0.720000 -0.597528 -0.591710 -0.360000 -0.360000 -0.059489 -0.066015 0.240000 0.240000 0.007380 0.013355 1.630000 1.630000 0.730848 0.840518 -8.360000 -8.360000 -0.336371 -0.248220 -5.730000 -5.730000 0.127726 0.090860 0.660000 0.660000 -0.031167 -0.037462 0.530000 0.530000 0.030524 0.030247 0.350000 0.350000 -0.126308 -0.165565 0.000000 0.000000 0.211404 0.212327 0.000000 0.000000 -0.214461 -0.266496 0.000000 0.000000 0.074047 0.152219 0.000000 0.000000 0.398557 0.402322 0.000000 0.000000 -0.365293 -0.364686 0.000000 0.000000 -0.232696 -0.211807 0.000000 0.000000 -0.039739 0.014411 0.000000 0.000000 0.249549 0.291948 0.000000 0.000000 -0.368336 -0.342035 0.000000 0.000000
11.900000 -0.491027 -0.461966 -2.470000 -2.470000 0.154140 0.163370 -2.150000 -2.150000 0.064502 0.078602 0.310000 0.310000 0.754549 0.934507 -12.170000 -12.170000 -0.514084 -0.452978 -10.770000 -10.770000 -0.064053 -0.103022 0.720000 0.720000 -0.605641 -0.594947 -0.760000 -0.760000 -0.068932 -0.068893 -0.250000 -0.250000 0.010302 0.013786 0.710000 0.710000 0.728086 0.839207 -9.400000 -9.400000 -0.347503 -0.250113 -5.610000 -5.610000 0.134159 0.091372 0.790000 0.790000 -0.026355 -0.036855 1.160000 1.160000 0.030146 0.030854 0.870000 0.870000 -0.108416 -0.150839 0.000000 0.000000 0.221238 0.212827 0.000000 0.000000 -0.206304 -0.258195 0.000000 0.000000 0.065556 0.144451 0.000000 0.000000 0.400859 0.402580 0.000000 0.000000 -0.358006 -0.355605 0.000000 0.000000 -0.236220 -0.212017 0.000000 0.000000 -0.049956 0.004562 0.000000 0.000000 0.245949 0.290374 0.000000 0.000000 -0.363863 -0.342103 0.000000 0.000000
11.920000 -0.492826 -0.466691 -1.790000 -1.790000 0.158111 0.160649 -1.450000 -1.450000 0.060173 0.074980 1.070000 1.070000 0.749930 0.933778 -13.059999 -13.059999 -0.498641 -0.454031 -11.330000 -11.330000 -0.066445 -0.103512 0.730000 0.730000 -0.601781 -0.600500 0.050000 0.050000 -0.073386 -0.071693 -0.190000 -0.190000 0.011025 0.013981 0.320000 0.320000 0.741125 0.839510 -7.900000 -7.900000 -0.330900 -0.250645 -5.290000 -5.290000 0.131542 0.091745 0.860000 0.860000 -0.026141 -0.036757 1.250000 1.250000 0.028645 0.030951 0.830000 0.830000 -0.085501 -0.133535 0.000000 0.000000 0.219372 0.212408 0.000000 0.000000 -0.196040 -0.248788 0.000000 0.000000 0.063340 0.132131 0.000000 0.000000 0.403411 0.404401 0.000000 0.000000 -0.347998 -0.349715 0.000000 0.000000 -0.239364 -0.213914 0.000000 0.000000 -0.061939 -0.007069 0.000000 0.000000 0.244605 0.290250 0.000000 0.000000 -0.362573 -0.342204 0.000000 0.000000
11.940000 -0.492898 -0.472827 -1.600000 -1.600000 0.164233 0.158808 -0.750000 -0.750000 0.055149 0.070301 1.790000 1.790000 0.759606 0.933909 -12.150000 -12.150000 -0.496119 -0.453842 -10.740000 -10.740000 -0.067970 -0.103576 0.640000 0.640000 -0.603905 -0.602172 -0.160000 -0.160000 -0.080491 -0.074668 -0.060000 -0.060000 0.016524 0.013472 -0.300000 -0.300000 0.737945 0.839674 -8.370000 -8.370000 -0.330966 -0.250882 -5.680000 -5.680000 0.132418 0.091894 0.790000 0.790000 -0.025815 -0.035867 1.120000 1.120000 0.028660 0.030178 0.880000 0.880000 -0.076856 -0.119423 0.000000 0.000000 0.222539 0.211698 0.000000 0.000000 -0.185073 -0.240115 0.000000 0.000000 0.058738 0.130479 0.000000 0.000000 0.403381 0.404907 0.000000 0.000000 -0.340417 -0.343333 0.000000 0.000000 -0.241011 -0.213064 0.000000 0.000000 -0.067085 -0.016883 0.000000 0.000000 0.247654 0.290250 0.000000 0.000000 -0.360269 -0.342204 0.000000 0.000000
11.960000 -0.492905 -0.476033 -1.190000 -1.190000 0.166890 0.158700 -0.850000 -0.850000 0.050654 0.066591 2.190000 2.190000 0.762247 0.933909 -11.889999 -11.889999 -0.476237 -0.453842 -11.030000 -11.030000 -0.067112 -0.103576 0.640000 0.640000 -0.603540 -0.606130 0.450000 0.450000 -0.084594 -0.079250 -0.110000 -0.110000 0.016810 0.014451 -0.670000 -0.670000 0.750344 0.840191 -7.080000 -7.080000 -0.315228 -0.250823 -4.750000 -4.750000 0.135885 0.092267 0.890000 0.890000 -0.023557 -0.033830 1.100000 1.100000 0.028843 0.029336 0.970000 0.970000 -0.066619 -0.105924 0.000000 0.000000 0.220562 0.212583 0.000000 0.000000 -0.175546 -0.231220 0.000000 0.000000 0.061102 0.129534 0.000000 0.000000 0.404266 0.405537 0.000000 0.000000 -0.342544 -0.338179 0.000000 0.000000 -0.240897 -0.214892 0.000000 0.000000 -0.073180 -0.025068 0.000000 0.000000 0.249801 0.290250 0.000000 0.000000 -0.358117 -0.342204 0.000000 0.000000
11.980000 -0.500758 -0.480313 -1.240000 -1.240000 0.173728 0.158828 -0.450000 -0.450000 0.044970 0.064173 3.600000 3.600000 0.762803 0.933909 -11.849999 -11.849999 -0.477085 -0.453842 -10.960000 -10.960000 -0.072641 -0.103576 0.450000 0.450000 -0.610498 -0.609689 -0.190000 -0.190000 -0.095161 -0.082695 -0.160000 -0.160000 0.025345 0.014197 -2.080000 -2.080000 0.748766 0.840313 -7.310000 -7.310000 -0.319776 -0.250977 -4.900000 -4.900000 0.136965 0.092842 0.690000 0.690000 -0.022104 -0.032734 1.050000 1.050000 0.028004 0.029708 0.850000 0.850000 -0.051123 -0.091443 0.000000 0.000000 0.225239 0.212501 0.000000 0.000000 -0.161700 -0.220474 0.000000 0.000000 0.056250 0.128186 0.000000 0.000000 0.403047 0.406638 0.000000 0.000000 -0.338447 -0.330080 0.000000 0.000000 -0.250961 -0.216685 0.000000 0.000000 -0.084938 -0.035755 0.000000 0.000000 0.247873 0.290183 0.000000 0.000000 -0.355888 -0.342136 0.000000 0.000000
12.000000 -0.497044 -0.484439 -0.940000 -0.940000 0.168152 0.159033 -1.110000 -1.110000 0.039931 0.063067 3.360000 3.360000 0.758436 0.933909 -12.370000 -12.370000 -0.489949 -0.453842 -11.139999 -11.139999 -0.075481 -0.103576 0.570000 0.570000 -0.627053 -0.612174 -0.730000 -0.730000 -0.096295 -0.084996 -0.230000 -0.230000 0.026194 0.015714 -2.250000 -2.250000 0.735464 0.841108 -8.590000 -8.590000 -0.328609 -0.252124 -5.670000 -5.670000 0.150771 0.093694 0.800000 0.800000 -0.020212 -0.030835 1.410000 1.410000 0.024561 0.028612 0.540000 0.540000 -0.040105 -0.079048 0.000000 0.000000 0.223003 0.212944 0.000000 0.000000 -0.149874 -0.211207 0.000000 0.000000 0.060098 0.122633 0.000000 0.000000 0.402455 0.411921 0.000000 0.000000 -0.326001 -0.323944 0.000000 0.000000 -0.240105 -0.217093 0.000000 0.000000 -0.091425 -0.044080 0.000000 0.000000 0.245572 0.290183 0.000000 0.000000 -0.349321 -0.342136 0.000000 0.000000
12.020000 -0.500240 -0.486172 -1.130000 -1.130000 0.176302 0.156997 -0.470000 -0.470000 0.035412 0.060443 4.650000 4.650000 0.765503 0.933909 -11.759999 -11.759999 -0.484114 -0.453842 -10.540000 -10.540000 -0.080813 -0.103576 0.400000 0.400000 -0.623966 -0.619123 -0.370000 -0.370000 -0.107175 -0.086063 -0.550000 -0.550000 0.032121 0.016781 -3.500000 -3.500000 0.749529 0.841346 -7.400000 -7.400000 -0.324471 -0.252467 -4.740000 -4.740000 0.147892 0.095345 0.960000 0.960000 -0.017654 -0.029367 1.650000 1.650000 0.023180 0.027711 0.720000 0.720000 -0.023302 -0.064567 0.000000 0.000000 0.227058 0.215819 0.000000 0.000000 -0.138685 -0.199856 0.000000 0.000000 0.052716 0.118597 0.000000 0.000000 0.403748 0.414833 0.000000 0.000000 -0.316449 -0.318421 0.000000 0.000000 -0.245854 -0.219048 0.000000 0.000000 -0.100424 -0.053254 0.000000 0.000000 0.244239 0.290082 0.000000 0.000000 -0.346446 -0.342035 0.000000 0.000000
12.040000 -0.507593 -0.488642 -1.410000 -1.410000 0.179619 0.156175 -0.370000 -0.370000 0.033421 0.059171 5.290000 5.290000 0.753551 0.933565 -13.000000 -13.000000 -0.507349 -0.454339 -11.179999 -11.179999 -0.081930 -0.103576 0.410000 0.410000 -0.630548 -0.624445 -0.230000 -0.230000 -0.109630 -0.088755 -0.450000 -0.450000 0.034776 0.018533 -3.590000 -3.590000 0.745887 0.842100 -8.040000 -8.040000 -0.337883 -0.253556 -5.320000 -5.320000 0.149250 0.095942 0.830000 0.830000 -0.018227 -0.028955 1.580000 1.580000 0.022390 0.027300 0.720000 0.720000 -0.009717 -0.051682 0.000000 0.000000 0.227028 0.215191 0.000000 0.000000 -0.130077 -0.189890 0.000000 0.000000 0.050041 0.118282 0.000000 0.000000 0.401818 0.414720 0.000000 0.000000 -0.303204 -0.313022 0.000000 0.000000 -0.247338 -0.220026 0.000000 0.000000 -0.101157 -0.060658 0.000000 0.000000 0.238371 0.289576 0.000000 0.000000 -0.342694 -0.341529 0.000000 0.000000
12.060000 -0.510822 -0.494072 -1.070000 -1.070000 0.181494 0.156821 -0.330000 -0.330000 0.031037 0.059817 5.870000 5.870000 0.760257 0.932680 -12.330000 -12.330000 -0.503291 -0.455617 -10.830000 -10.830000 -0.087233 -0.103576 0.160000 0.160000 -0.628935 -0.627161 0.040000 0.040000 -0.117987 -0.093238 -0.540000 -0.540000 0.040043 0.021078 -4.580000 -4.580000 0.757510 0.844304 -6.990000 -6.990000 -0.332759 -0.256739 -4.500000 -4.500000 0.149658 0.097923 0.760000 0.760000 -0.012838 -0.028750 1.840000 1.840000 0.025142 0.027408 1.170000 1.170000 0.004287 -0.038306 0.000000 0.000000 0.226998 0.217345 0.000000 0.000000 -0.117839 -0.179214 0.000000 0.000000 0.046594 0.117844 0.000000 0.000000 0.401149 0.414529 0.000000 0.000000 -0.306054 -0.306395 0.000000 0.000000 -0.254974 -0.221237 0.000000 0.000000 -0.112150 -0.068645 0.000000 0.000000 0.239121 0.289362 0.000000 0.000000 -0.337426 -0.341316 0.000000 0.000000
12.080000 -0.511832 -0.498337 -1.060000 -1.060000 0.186443 0.155793 -0.140000 -0.140000 0.025656 0.059592 6.940000 6.940000 0.762122 0.932410 -11.820000 -11.820000 -0.498540 -0.456812 -10.240000 -10.240000 -0.087544 -0.103075 0.150000 0.150000 -0.623081 -0.629170 0.590000 0.590000 -0.125399 -0.096968 -0.790000 -0.790000 0.044885 0.023829 -4.760000 -4.760000 0.765335 0.845943 -6.700000 -6.700000 -0.331952 -0.259082 -4.530000 -4.530000 0.155631 0.099862 0.910000 0.910000 -0.007295 -0.026655 2.080000 2.080000 0.024771 0.027564 1.620000 1.620000 0.015549 -0.027016 0.000000 0.000000 0.231365 0.217985 0.000000 0.000000 -0.105596 -0.169260 0.000000 0.000000 0.048427 0.116967 0.000000 0.000000 0.400980 0.413900 0.000000 0.000000 -0.301074 -0.302222 0.000000 0.000000 -0.247755 -0.222448 0.000000 0.000000 -0.111577 -0.075770 0.000000 0.000000 0.241017 0.289272 0.000000 0.000000 -0.334188 -0.341226 0.000000 0.000000
12.100000 -0.509640 -0.502402 -0.450000 -0.450000 0.192343 0.155127 -0.040000 -0.040000 0.019132 0.058926 8.050000 8.050000 0.767781 0.931156 -11.420000 -11.420000 -0.479444 -0.458741 -10.610000 -10.610000 -0.090563 -0.102830 0.180000 0.180000 -0.633966 -0.632882 0.050000 0.050000 -0.125649 -0.098661 -0.650000 -0.650000 0.046747 0.026267 -5.300000 -5.300000 0.762529 0.848549 -6.650000 -6.650000 -0.319189 -0.262821 -4.820000 -4.820000 0.160876 0.101417 1.050000 1.050000 -0.012419 -0.024531 1.420000 1.420000 0.025209 0.026967 1.180000 1.180000 0.036457 -0.014989 0.000000 0.000000 0.228917 0.218183 0.000000 0.000000 -0.096151 -0.158980 0.000000 0.000000 0.048683 0.116888 0.000000 0.000000 0.399149 0.413821 0.000000 0.000000 -0.293508 -0.295596 0.000000 0.000000 -0.252258 -0.224986 0.000000 0.000000 -0.121926 -0.083197 0.000000 0.000000 0.239960 0.289688 0.000000 0.000000 -0.329057 -0.340698 0.000000 0.000000
12.120000 -0.512178 -0.504289 -0.440000 -0.440000 0.201983 0.154305 0.720000 0.720000 0.019020 0.058104 9.190000 9.190000 0.774908 0.931164 -10.760000 -10.760000 -0.473004 -0.458753 -10.170000 -10.170000 -0.093278 -0.102830 0.220000 0.220000 -0.627316 -0.636993 0.620000 0.620000 -0.136262 -0.100795 -1.120000 -1.120000 0.052966 0.027676 -6.090000 -6.090000 0.777560 0.849442 -5.610000 -5.610000 -0.315139 -0.264040 -4.270000 -4.270000 0.156986 0.102514 1.000000 1.000000 -0.006343 -0.022583 1.600000 1.600000 0.025165 0.026390 1.320000 1.320000 0.037988 -0.003699 0.000000 0.000000 0.232348 0.218998 0.000000 0.000000 -0.084756 -0.147617 0.000000 0.000000 0.046685 0.116192 0.000000 0.000000 0.397544 0.413124 0.000000 0.000000 -0.290695 -0.290687 0.000000 0.000000 -0.252666 -0.226488 0.000000 0.000000 -0.125427 -0.088332 0.000000 0.000000 0.242140 0.289610 0.000000 0.000000 -0.327337 -0.340619 0.000000 0.000000
12.140000 -0.517155 -0.506789 -0.850000 -0.850000 0.201012 0.154305 0.640000 0.640000 0.016591 0.058104 9.520000 9.520000 0.775092 0.931271 -10.580000 -10.580000 -0.469948 -0.459025 -10.370000 -10.370000 -0.093218 -0.102447 0.170000 0.170000 -0.641732 -0.637254 -0.100000 -0.100000 -0.136755 -0.103859 -0.890000 -0.890000 0.056356 0.030740 -6.200000 -6.200000 0.760727 0.850925 -7.220000 -7.220000 -0.317429 -0.266182 -4.740000 -4.740000 0.162968 0.103303 0.970000 0.970000 -0.003663 -0.019117 1.680000 1.680000 0.024806 0.025763 1.610000 1.610000 0.042412 0.007346 0.000000 0.000000 0.236512 0.219929 0.000000 0.000000 -0.076879 -0.138350 0.000000 0.000000 0.047983 0.115933 0.000000 0.000000 0.394866 0.412866 0.000000 0.000000 -0.293635 -0.284674 0.000000 0.000000 -0.255809 -0.228106 0.000000 0.000000 -0.125399 -0.092744 0.000000 0.000000 0.243923 0.289621 0.000000 0.000000 -0.323478 -0.340608 0.000000 0.000000
12.160000 -0.510981 -0.507771 -0.230000 -0.230000 0.201556 0.153424 0.950000 0.950000 0.015506 0.057223 9.559999 9.559999 0.784190 0.931426 -9.849999 -9.849999 -0.463061 -0.459486 -9.870000 -9.870000 -0.099477 -0.101658 0.020000 0.020000 -0.645021 -0.641703 -0.010000 -0.010000 -0.136139 -0.103996 -0.420000 -0.420000 0.059330 0.031680 -6.030000 -6.030000 0.763792 0.851064 -6.720000 -6.720000 -0.321393 -0.266383 -4.820000 -4.820000 0.166581 0.104261 1.100000 1.100000 -0.003869 -0.017404 1.660000 1.660000 0.019474 0.024324 0.960000 0.960000 0.047212 0.017040 0.000000 0.000000 0.230219 0.221839 0.000000 0.000000 -0.071598 -0.127150 0.000000 0.000000 0.047594 0.114719 0.000000 0.000000 0.391781 0.411652 0.000000 0.000000 -0.292689 -0.279765 0.000000 0.000000 -0.251495 -0.230644 0.000000 0.000000 -0.129295 -0.096400 0.000000 0.000000 0.249149 0.289790 0.000000 0.000000 -0.319298 -0.340417 0.000000 0.000000
12.180000 -0.516042 -0.507249 -0.610000 -0.610000 0.208389 0.151682 1.680000 1.680000 0.013741 0.054795 10.380000 10.380000 0.790104 0.931476 -9.570000 -9.570000 -0.469526 -0.459581 -9.290000 -9.290000 -0.100527 -0.101360 0.020000 0.020000 -0.651085 -0.645415 -0.350000 -0.350000 -0.146810 -0.105044 -0.900000 -0.900000 0.065010 0.033491 -7.650000 -7.650000 0.757345 0.852146 -7.310000 -7.310000 -0.334287 -0.268844 -5.590000 -5.590000 0.168813 0.105060 1.210000 1.210000 0.003964 -0.014712 1.680000 1.680000 0.020633 0.021828 1.660000 1.660000 0.055216 0.024281 0.000000 0.000000 0.242549 0.222805 0.000000 0.000000 -0.064327 -0.117918 0.000000 0.000000 0.044031 0.109188 0.000000 0.000000 0.389710 0.405020 0.000000 0.000000 -0.289231 -0.276206 0.000000 0.000000 -0.254585 -0.231773 0.000000 0.000000 -0.131265 -0.101581 0.000000 0.000000 0.250567 0.290149 0.000000 0.000000 -0.317070 -0.340057 0.000000 0.000000
12.200000 -0.511488 -0.510854 0.140000 0.140000 0.210975 0.151036 1.830000 1.830000 0.012634 0.053327 10.690000 10.690000 0.790874 0.931459 -9.120000 -9.120000 -0.446313 -0.459628 -9.530000 -9.530000 -0.104297 -0.100827 -0.100000 -0.100000 -0.648886 -0.647179 -0.330000 -0.330000 -0.145060 -0.106688 -0.840000 -0.840000 0.066134 0.035135 -6.860000 -6.860000 0.767891 0.854752 -6.540000 -6.540000 -0.315651 -0.273837 -4.990000 -4.990000 0.171593 0.106935 1.040000 1.040000 0.006087 -0.010630 1.770000 1.770000 0.019154 0.021211 1.330000 1.330000 0.062885 0.032994 0.000000 0.000000 0.242312 0.225564 0.000000 0.000000 -0.057972 -0.110339 0.000000 0.000000 0.043813 0.105322 0.000000 0.000000 0.387172 0.401153 0.000000 0.000000 -0.284934 -0.274611 0.000000 0.000000 -0.252279 -0.231005 0.000000 0.000000 -0.134219 -0.105912 0.000000 0.000000 0.250496 0.290262 0.000000 0.000000 -0.312420 -0.339899 0.000000 0.000000
12.220000 -0.509006 -0.513339 0.410000 0.410000 0.215937 0.151036 2.480000 2.480000 0.011823 0.053327 11.200000 11.200000 0.797875 0.931451 -8.440000 -8.440000 -0.434039 -0.459711 -9.330000 -9.330000 -0.105958 -0.099283 -0.350000 -0.350000 -0.643780 -0.647072 0.170000 0.170000 -0.144781 -0.108969 -0.760000 -0.760000 0.068187 0.038004 -7.080000 -7.080000 0.776577 0.856637 -5.490000 -5.490000 -0.298437 -0.276559 -4.920000 -4.920000 0.169541 0.107798 1.080000 1.080000 0.009229 -0.006362 1.460000 1.460000 0.019630 0.020957 1.490000 1.490000 0.060414 0.039989 0.000000 0.000000 0.232598 0.228230 0.000000 0.000000 -0.053888 -0.101130 0.000000 0.000000 0.043511 0.104872 0.000000 0.000000 0.384687 0.401467 0.000000 0.000000 -0.288929 -0.274611 0.000000 0.000000 -0.252590 -0.229503 0.000000 0.000000 -0.129030 -0.108810 0.000000 0.000000 0.255095 0.290239 0.000000 0.000000 -0.310382 -0.339742 0.000000 0.000000
12.240000 -0.511425 -0.514919 0.590000 0.590000 0.214397 0.151085 2.300000 2.300000 0.011852 0.053278 11.000000 11.000000 0.795465 0.931549 -8.360000 -8.360000 -0.428443 -0.459853 -9.590000 -9.590000 -0.109338 -0.097184 -0.280000 -0.280000 -0.657273 -0.648912 -0.560000 -0.560000 -0.144966 -0.106796 -0.670000 -0.670000 0.072240 0.039961 -7.310000 -7.310000 0.764231 0.857235 -6.580000 -6.580000 -0.297259 -0.277564 -5.960000 -5.960000 0.176887 0.108235 1.220000 1.220000 0.013471 -0.000704 1.580000 1.580000 0.017544 0.019528 1.040000 1.040000 0.069945 0.040725 0.000000 0.000000 0.239994 0.227729 0.000000 0.000000 -0.045805 -0.093062 0.000000 0.000000 0.051692 0.104872 0.000000 0.000000 0.379499 0.401467 0.000000 0.000000 -0.292627 -0.274488 0.000000 0.000000 -0.256499 -0.229224 0.000000 0.000000 -0.133195 -0.110114 0.000000 0.000000 0.260317 0.290779 0.000000 0.000000 -0.306851 -0.339202 0.000000 0.000000
12.260000 -0.513264 -0.516330 0.200000 0.200000 0.225341 0.152759 3.330000 3.330000 0.012676 0.052289 11.010000 11.010000 0.801085 0.932254 -8.070000 -8.070000 -0.430982 -0.460989 -9.500000 -9.500000 -0.113065 -0.096801 -0.270000 -0.270000 -0.651248 -0.652441 0.290000 0.290000 -0.151988 -0.105592 -1.460000 -1.460000 0.076476 0.042810 -8.530000 -8.530000 0.771375 0.858210 -5.910000 -5.910000 -0.310312 -0.279612 -5.780000 -5.780000 0.174604 0.110280 0.800000 0.800000 0.015737 0.004151 1.310000 1.310000 0.017042 0.019469 0.790000 0.790000 0.063587 0.042689 0.000000 0.000000 0.242577 0.228917 0.000000 0.000000 -0.040469 -0.087194 0.000000 0.000000 0.049405 0.105265 0.000000 0.000000 0.378065 0.400939 0.000000 0.000000 -0.293155 -0.274365 0.000000 0.000000 -0.260964 -0.229398 0.000000 0.000000 -0.128992 -0.110336 0.000000 0.000000 0.261467 0.290846 0.000000 0.000000 -0.305208 -0.339135 0.000000 0.000000
12.280000 -0.514300 -0.518539 0.510000 0.510000 0.219385 0.156527 2.880000 2.880000 0.013467 0.049714 11.050000 11.050000 0.800416 0.934729 -8.010000 -8.010000 -0.421513 -0.464823 -9.130000 -9.130000 -0.112610 -0.096673 -0.390000 -0.390000 -0.658049 -0.654696 -0.230000 -0.230000 -0.149801 -0.105063 -1.130000 -1.130000 0.081511 0.044631 -8.700000 -8.700000 0.770195 0.858824 -5.230000 -5.230000 -0.293400 -0.287125 -6.320000 -6.320000 0.181275 0.113945 1.130000 1.130000 0.026011 0.009378 1.320000 1.320000 0.017451 0.017785 1.140000 1.140000 0.064808 0.043548 0.000000 0.000000 0.241500 0.229592 0.000000 0.000000 -0.034903 -0.080418 0.000000 0.000000 0.051827 0.105220 0.000000 0.000000 0.376586 0.400894 0.000000 0.000000 -0.296171 -0.274365 0.000000 0.000000 -0.250848 -0.229887 0.000000 0.000000 -0.124042 -0.110825 0.000000 0.000000 0.260240 0.290734 0.000000 0.000000 -0.302041 -0.339023 0.000000 0.000000
12.300000 -0.507472 -0.522129 1.190000 1.190000 0.224907 0.156772 3.360000 3.360000 0.012539 0.049470 11.059999 11.059999 0.802167 0.935409 -7.540000 -7.540000 -0.394603 -0.465829 -10.290000 -10.290000 -0.115929 -0.096673 -0.270000 -0.270000 -0.652008 -0.654297 0.170000 0.170000 -0.148064 -0.102195 -1.190000 -1.190000 0.083607 0.046598 -8.840000 -8.840000 0.785090 0.860594 -4.710000 -4.710000 -0.265131 -0.291219 -5.980000 -5.980000 0.182811 0.114648 1.230000 1.230000 0.023249 0.017278 1.170000 1.170000 0.013430 0.017991 0.380000 0.380000 0.071244 0.043548 0.000000 0.000000 0.239459 0.229988 0.000000 0.000000 -0.028540 -0.072897 0.000000 0.000000 0.058386 0.105220 0.000000 0.000000 0.375842 0.400894 0.000000 0.000000 -0.297246 -0.274365 0.000000 0.000000 -0.252395 -0.230155 0.000000 0.000000 -0.125453 -0.111092 0.000000 0.000000 0.262804 0.290959 0.000000 0.000000 -0.299604 -0.338753 0.000000 0.000000
12.320000 -0.510808 -0.522666 0.850000 0.850000 0.228555 0.156801 3.960000 3.960000 0.018506 0.050223 10.790000 10.790000 0.801570 0.935556 -7.300000 -7.300000 -0.382956 -0.466042 -10.510000 -10.510000 -0.122673 -0.096673 -0.500000 -0.500000 -0.660570 -0.655478 -0.190000 -0.190000 -0.149676 -0.099503 -1.700000 -1.700000 0.083182 0.049290 -8.940000 -8.940000 0.780268 0.863487 -4.680000 -4.680000 -0.251587 -0.294615 -6.210000 -6.210000 0.179308 0.114648 1.180000 1.180000 0.029277 0.019765 1.150000 1.150000 0.014352 0.017580 0.590000 0.590000 0.065579 0.043670 0.000000 0.000000 0.240275 0.230023 0.000000 0.000000 -0.023735 -0.066040 0.000000 0.000000 0.061010 0.105456 0.000000 0.000000 0.370985 0.400658 0.000000 0.000000 -0.303144 -0.274365 0.000000 0.000000 -0.255081 -0.229724 0.000000 0.000000 -0.121599 -0.110708 0.000000 0.000000 0.267264 0.291240 0.000000 0.000000 -0.298590 -0.338472 0.000000 0.000000
12.340000 -0.511506 -0.522666 0.940000 0.940000 0.231069 0.157643 4.390000 4.390000 0.018221 0.051359 11.550000 11.550000 0.805393 0.934753 -6.900000 -6.900000 -0.379403 -0.467272 -10.210000 -10.210000 -0.123497 -0.096673 -0.590000 -0.590000 -0.656726 -0.658162 0.020000 0.020000 -0.157688 -0.100942 -1.670000 -1.670000 0.091827 0.051473 -9.780000 -9.780000 0.782564 0.865265 -4.570000 -4.570000 -0.252095 -0.297727 -6.400000 -6.400000 0.177607 0.114648 1.130000 1.130000 0.035248 0.023915 0.890000 0.890000 0.013623 0.016287 0.520000 0.520000 0.053944 0.044652 0.000000 0.000000 0.244797 0.231548 0.000000 0.000000 -0.018921 -0.059695 0.000000 0.000000 0.061276 0.105535 0.000000 0.000000 0.368620 0.400579 0.000000 0.000000 -0.311331 -0.274365 0.000000 0.000000 -0.269479 -0.229852 0.000000 0.000000 -0.113110 -0.110045 0.000000 0.000000 0.271536 0.291577 0.000000 0.000000 -0.297230 -0.338135 0.000000 0.000000
12.360000 -0.509781 -0.522666 1.200000 1.200000 0.230867 0.157203 4.390000 4.390000 0.019763 0.051799 10.980000 10.980000 0.806215 0.931951 -6.460000 -6.460000 -0.368354 -0.471366 -10.450000 -10.450000 -0.124415 -0.096673 -0.410000 -0.410000 -0.655522 -0.658162 0.230000 0.230000 -0.148864 -0.104760 -1.400000 -1.400000 0.088053 0.055389 -8.830000 -8.830000 0.780953 0.866404 -4.500000 -4.500000 -0.238876 -0.299467 -6.680000 -6.680000 0.181108 0.114648 1.170000 1.170000 0.026657 0.028095 0.700000 0.700000 0.010592 0.015612 -0.150000 -0.150000 0.049748 0.045634 0.000000 0.000000 0.234097 0.230733 0.000000 0.000000 -0.012819 -0.054130 0.000000 0.000000 0.067701 0.105895 0.000000 0.000000 0.364849 0.400220 0.000000 0.000000 -0.311653 -0.274365 0.000000 0.000000 -0.248771 -0.230027 0.000000 0.000000 -0.107494 -0.109777 0.000000 0.000000 0.271004 0.291678 0.000000 0.000000 -0.295556 -0.338033 0.000000 0.000000
12.380000 -0.504851 -0.521439 0.860000 0.860000 0.231396 0.156997 4.730000 4.730000 0.021948 0.052005 10.840000 10.840000 0.813196 0.931074 -5.300000 -5.300000 -0.355088 -0.472632 -10.090000 -10.090000 -0.126041 -0.097536 -0.520000 -0.520000 -0.663538 -0.658224 -0.290000 -0.290000 -0.155607 -0.101657 -2.010000 -2.010000 0.092659 0.057513 -9.490000 -9.490000 0.779320 0.866331 -4.460000 -4.460000 -0.226397 -0.299597 -7.100000 -7.100000 0.185708 0.114648 1.270000 1.270000 0.040043 0.028496 0.760000 0.760000 0.011068 0.014271 0.300000 0.300000 0.054229 0.046616 0.000000 0.000000 0.244229 0.230337 0.000000 0.000000 -0.010986 -0.049031 0.000000 0.000000 0.071022 0.105929 0.000000 0.000000 0.360360 0.400186 0.000000 0.000000 -0.310376 -0.274365 0.000000 0.000000 -0.247750 -0.229643 0.000000 0.000000 -0.103824 -0.109323 0.000000 0.000000 0.275803 0.291813 0.000000 0.000000 -0.294135 -0.337899 0.000000 0.000000
12.400000 -0.504230 -0.520043 1.510000 1.510000 0.236274 0.157242 5.280000 5.280000 0.022786 0.052250 11.580000 11.580000 0.812749 0.929034 -5.310000 -5.310000 -0.351536 -0.475579 -10.260000 -10.260000 -0.125242 -0.098526 -0.380000 -0.380000 -0.649435 -0.659298 0.530000 0.530000 -0.158020 -0.100766 -2.130000 -2.130000 0.094684 0.059402 -9.590000 -9.590000 0.790053 0.866371 -3.530000 -3.530000 -0.218061 -0.299751 -6.590000 -6.590000 0.181064 0.114648 1.200000 1.200000 0.035824 0.035995 0.450000 0.450000 0.007916 0.012391 -0.350000 -0.350000 0.042814 0.048334 0.000000 0.000000 0.244469 0.229173 0.000000 0.000000 -0.008040 -0.044583 0.000000 0.000000 0.072412 0.106120 0.000000 0.000000 0.357433 0.399995 0.000000 0.000000 -0.311988 -0.274365 0.000000 0.000000 -0.255183 -0.230085 0.000000 0.000000 -0.105756 -0.108205 0.000000 0.000000 0.276976 0.292229 0.000000 0.000000 -0.293454 -0.337483 0.000000 0.000000
12.420000 -0.505091 -0.520043 1.130000 1.130000 0.233756 0.158505 5.000000 5.000000 0.024671 0.052279 11.040000 11.040000 0.812936 0.927477 -4.550000 -4.550000 -0.328207 -0.477827 -10.469999 -10.469999 -0.125789 -0.100007 -0.360000 -0.360000 -0.654986 -0.658362 0.260000 0.260000 -0.158889 -0.100512 -2.440000 -2.440000 0.094824 0.059148 -10.050000 -10.050000 0.784840 0.865732 -3.240000 -3.240000 -0.192289 -0.300768 -7.350000 -7.350000 0.178418 0.114147 1.320000 1.320000 0.045466 0.039372 0.370000 0.370000 0.009899 0.009406 0.230000 0.230000 0.038207 0.048579 0.000000 0.000000 0.243799 0.227101 0.000000 0.000000 -0.002847 -0.041277 0.000000 0.000000 0.078349 0.106412 0.000000 0.000000 0.352698 0.399703 0.000000 0.000000 -0.319774 -0.274365 0.000000 0.000000 -0.249400 -0.230097 0.000000 0.000000 -0.097972 -0.107239 0.000000 0.000000 0.275084 0.292308 0.000000 0.000000 -0.292479 -0.337404 0.000000 0.000000
12.440000 -0.501802 -0.519352 1.360000 1.360000 0.234259 0.158534 5.560000 5.560000 0.028727 0.052308 10.389999 10.389999 0.812468 0.925346 -4.570000 -4.570000 -0.315125 -0.480051 -10.480000 -10.480000 -0.129611 -0.101999 -0.380000 -0.380000 -0.644766 -0.658531 1.260000 1.260000 -0.160291 -0.100512 -2.090000 -2.090000 0.098078 0.059148 -10.520000 -10.520000 0.795770 0.865601 -2.560000 -2.560000 -0.189280 -0.305052 -7.860000 -7.860000 0.176348 0.113689 1.100000 1.100000 0.045061 0.043709 0.150000 0.150000 0.006629 0.008437 -0.030000 -0.030000 0.040261 0.048579 0.000000 0.000000 0.246647 0.226600 0.000000 0.000000 -0.003928 -0.039333 0.000000 0.000000 0.082120 0.106884 0.000000 0.000000 0.349652 0.399230 0.000000 0.000000 -0.318675 -0.274488 0.000000 0.000000 -0.254993 -0.229492 0.000000 0.000000 -0.097673 -0.104980 0.000000 0.000000 0.283165 0.292656 0.000000 0.000000 -0.291386 -0.337055 0.000000 0.000000
12.460000 -0.499032 -0.517834 1.480000 1.480000 0.229364 0.157947 5.230000 5.230000 0.030605 0.052915 9.940000 9.940000 0.808623 0.924396 -4.220000 -4.220000 -0.282383 -0.478868 -11.290000 -11.290000 -0.129461 -0.103235 -0.450000 -0.450000 -0.652056 -0.658162 0.570000 0.570000 -0.162087 -0.100874 -2.320000 -2.320000 0.097376 0.058786 -10.520000 -10.520000 0.787583 0.869452 -2.480000 -2.480000 -0.166448 -0.310708 -7.610000 -7.610000 0.177272 0.113678 1.280000 1.280000 0.050151 0.045236 0.490000 0.490000 0.005733 0.007105 0.120000 0.120000 0.023420 0.048579 0.000000 0.000000 0.237201 0.225005 0.000000 0.000000 -0.003427 -0.037644 0.000000 0.000000 0.086781 0.107041 0.000000 0.000000 0.347810 0.399073 0.000000 0.000000 -0.331598 -0.274488 0.000000 0.000000 -0.248569 -0.229748 0.000000 0.000000 -0.090836 -0.103816 0.000000 0.000000 0.280514 0.292825 0.000000 0.000000 -0.290185 -0.336887 0.000000 0.000000
12.480000 -0.496723 -0.517573 1.780000 1.780000 0.232791 0.157389 5.560000 5.560000 0.031266 0.053513 10.349999 10.349999 0.809385 0.924502 -3.890000 -3.890000 -0.272902 -0.479022 -11.719999 -11.719999 -0.128288 -0.103235 -0.490000 -0.490000 -0.643271 -0.659742 1.180000 1.180000 -0.167616 -0.101598 -2.590000 -2.590000 0.101220 0.059354 -11.620000 -11.620000 0.792420 0.869223 -2.250000 -2.250000 -0.157231 -0.313003 -8.280000 -8.280000 0.176310 0.113423 1.260000 1.260000 0.054358 0.047683 -0.010000 -0.010000 0.005289 0.005089 0.470000 0.470000 0.015723 0.048579 0.000000 0.000000 0.243090 0.224202 0.000000 0.000000 0.002338 -0.035747 0.000000 0.000000 0.094413 0.107716 0.000000 0.000000 0.345267 0.398399 0.000000 0.000000 -0.341222 -0.274611 0.000000 0.000000 -0.249819 -0.229072 0.000000 0.000000 -0.084582 -0.101464 0.000000 0.000000 0.284720 0.293364 0.000000 0.000000 -0.288634 -0.336347 0.000000 0.000000
12.500000 -0.489445 -0.517358 2.190000 2.190000 0.231438 0.157829 5.540000 5.540000 0.032369 0.053190 9.889999 9.889999 0.814836 0.923634 -2.690000 -2.690000 -0.270698 -0.480276 -11.120000 -11.120000 -0.128521 -0.103235 -0.500000 -0.500000 -0.648058 -0.658807 0.920000 0.920000 -0.160511 -0.101148 -2.330000 -2.330000 0.096558 0.058884 -9.920000 -9.920000 0.784970 0.871927 -2.530000 -2.530000 -0.148780 -0.316908 -8.570000 -8.570000 0.179968 0.112997 1.140000 1.140000 0.046905 0.053096 -0.270000 -0.270000 -0.001794 0.002749 -0.760000 -0.760000 0.008687 0.048456 0.000000 0.000000 0.241832 0.222758 0.000000 0.000000 0.002020 -0.034257 0.000000 0.000000 0.096082 0.108267 0.000000 0.000000 0.340847 0.398612 0.000000 0.000000 -0.342001 -0.274734 0.000000 0.000000 -0.251174 -0.229678 0.000000 0.000000 -0.079985 -0.099904 0.000000 0.000000 0.287782 0.293937 0.000000 0.000000 -0.287989 -0.335774 0.000000 0.000000
12.520000 -0.480456 -0.515042 2.380000 2.380000 0.224362 0.157222 5.060000 5.060000 0.035167 0.053973 9.410000 9.410000 0.818812 0.921216 -2.390000 -2.390000 -0.229744 -0.483767 -11.530000 -11.530000 -0.131294 -0.103235 -0.410000 -0.410000 -0.655545 -0.658807 0.230000 0.230000 -0.165461 -0.101882 -2.630000 -2.630000 0.097070 0.059305 -10.910000 -10.910000 0.782874 0.874050 -2.540000 -2.540000 -0.132985 -0.320186 -9.770000 -9.770000 0.180630 0.112997 1.240000 1.240000 0.060247 0.054946 0.520000 0.520000 -0.002542 0.000958 -0.160000 -0.160000 0.000582 0.048088 0.000000 0.000000 0.241094 0.221082 0.000000 0.000000 0.002099 -0.032440 0.000000 0.000000 0.101045 0.108615 0.000000 0.000000 0.336679 0.398264 0.000000 0.000000 -0.340366 -0.275102 0.000000 0.000000 -0.248307 -0.229946 0.000000 0.000000 -0.080377 -0.098193 0.000000 0.000000 0.288405 0.294612 0.000000 0.000000 -0.285738 -0.335100 0.000000 0.000000
12.540000 -0.479188 -0.512204 2.510000 2.510000 0.219686 0.155999 5.220000 5.220000 0.040872 0.055196 8.720000 8.720000 0.815715 0.920249 -1.530000 -1.530000 -0.201548 -0.485163 -12.110000 -12.110000 -0.130521 -0.103522 -0.400000 -0.400000 -0.639304 -0.658776 1.590000 1.590000 -0.161708 -0.102254 -1.830000 -1.830000 0.099922 0.059207 -10.719999 -10.719999 0.792431 0.874738 -1.430000 -1.430000 -0.106665 -0.322742 -9.389999 -9.389999 0.178313 0.112997 1.140000 1.140000 0.056770 0.057061 0.500000 0.500000 -0.007175 -0.001059 -0.560000 -0.560000 -0.007525 0.047965 0.000000 0.000000 0.240912 0.220674 0.000000 0.000000 0.007572 -0.031916 0.000000 0.000000 0.108195 0.109424 0.000000 0.000000 0.332413 0.397454 0.000000 0.000000 -0.337817 -0.275102 0.000000 0.000000 -0.242751 -0.229468 0.000000 0.000000 -0.072448 -0.097389 0.000000 0.000000 0.290543 0.295893 0.000000 0.000000 -0.286690 -0.333818 0.000000 0.000000
12.560000 -0.475363 -0.509397 2.240000 2.240000 0.217881 0.153894 5.180000 5.180000 0.041960 0.057301 8.849999 8.849999 0.814263 0.918102 -1.230000 -1.230000 -0.183946 -0.488263 -12.759999 -12.759999 -0.129176 -0.104513 -0.440000 -0.440000 -0.646674 -0.657518 0.960000 0.960000 -0.167764 -0.102430 -2.770000 -2.770000 0.098344 0.059383 -11.020000 -11.020000 0.787588 0.874263 -1.590000 -1.590000 -0.095585 -0.323641 -10.059999 -10.059999 0.177760 0.112997 1.260000 1.260000 0.064255 0.059821 0.460000 0.460000 -0.006800 -0.002605 -0.350000 -0.350000 -0.014437 0.047843 0.000000 0.000000 0.236453 0.219568 0.000000 0.000000 0.009744 -0.030810 0.000000 0.000000 0.114103 0.110369 0.000000 0.000000 0.328098 0.396510 0.000000 0.000000 -0.349615 -0.275593 0.000000 0.000000 -0.246495 -0.229701 0.000000 0.000000 -0.071330 -0.095201 0.000000 0.000000 0.290120 0.297602 0.000000 0.000000 -0.283763 -0.332109 0.000000 0.000000
12.580000 -0.467142 -0.504749 3.060000 3.060000 0.215875 0.153512 4.930000 4.930000 0.046664 0.059660 8.010000 8.010000 0.813527 0.915841 -0.750000 -0.750000 -0.172289 -0.490511 -12.710000 -12.710000 -0.129324 -0.105110 -0.480000 -0.480000 -0.633338 -0.656889 1.810000 1.810000 -0.163785 -0.103899 -2.520000 -2.520000 0.097279 0.059970 -10.160000 -10.160000 0.796066 0.874459 -0.530000 -0.530000 -0.085675 -0.325889 -10.290000 -10.290000 0.173382 0.112848 1.080000 1.080000 0.061055 0.062827 0.710000 0.710000 -0.011861 -0.003105 -0.930000 -0.930000 -0.021399 0.047843 0.000000 0.000000 0.237450 0.217054 0.000000 0.000000 0.012540 -0.027458 0.000000 0.000000 0.118643 0.113505 0.000000 0.000000 0.324420 0.393396 0.000000 0.000000 -0.347530 -0.276206 0.000000 0.000000 -0.248672 -0.231098 0.000000 0.000000 -0.064749 -0.091405 0.000000 0.000000 0.293790 0.303155 0.000000 0.000000 -0.283179 -0.326556 0.000000 0.000000
12.600000 -0.469400 -0.502233 2.630000 2.630000 0.212403 0.155813 4.520000 4.520000 0.050579 0.064329 7.760000 7.760000 0.809364 0.913391 -0.480000 -0.480000 -0.166432 -0.492748 -13.110000 -13.110000 -0.129103 -0.105131 -0.390000 -0.390000 -0.631225 -0.656368 1.940000 1.940000 -0.169754 -0.106091 -2.560000 -2.560000 0.100792 0.062143 -10.370000 -10.370000 0.797760 0.876254 -0.350000 -0.350000 -0.071732 -0.330918 -10.160000 -10.160000 0.172678 0.112837 1.050000 1.050000 0.069124 0.066595 0.600000 0.600000 -0.011076 -0.004739 -0.540000 -0.540000 -0.038200 0.047106 0.000000 0.000000 0.240327 0.213992 0.000000 0.000000 0.014181 -0.024396 0.000000 0.000000 0.132166 0.122992 0.000000 0.000000 0.319307 0.382942 0.000000 0.000000 -0.358615 -0.276942 0.000000 0.000000 -0.242296 -0.233159 0.000000 0.000000 -0.058951 -0.086411 0.000000 0.000000 0.298415 0.306291 0.000000 0.000000 -0.280053 -0.323173 0.000000 0.000000
12.620000 -0.455503 -0.499840 3.510000 3.510000 0.205882 0.153747 3.840000 3.840000 0.052115 0.069195 8.420000 8.420000 0.808292 0.911391 -0.130000 -0.130000 -0.122775 -0.495635 -13.960000 -13.960000 -0.132331 -0.105131 -0.560000 -0.560000 -0.623581 -0.656368 2.610000 2.610000 -0.162624 -0.107021 -2.700000 -2.700000 0.096440 0.064013 -9.260000 -9.260000 0.803872 0.876967 0.340000 0.340000 -0.050641 -0.332279 -10.639999 -10.639999 0.171098 0.112816 1.000000 1.000000 0.065997 0.069346 0.260000 0.260000 -0.012117 -0.008861 -0.470000 -0.470000 -0.038265 0.044529 0.000000 0.000000 0.225403 0.213340 0.000000 0.000000 0.016892 -0.022626 0.000000 0.000000 0.135931 0.126117 0.000000 0.000000 0.314639 0.380897 0.000000 0.000000 -0.361182 -0.277188 0.000000 0.000000 -0.242678 -0.232728 0.000000 0.000000 -0.055541 -0.080648 0.000000 0.000000 0.293936 0.306291 0.000000 0.000000 -0.277681 -0.323173 0.000000 0.000000
12.640000 -0.458763 -0.497309 2.590000 2.590000 0.207655 0.149469 4.500000 4.500000 0.055526 0.070810 7.720000 7.720000 0.808614 0.910916 0.340000 0.340000 -0.103463 -0.496321 -14.049999 -14.049999 -0.129660 -0.105131 -0.530000 -0.530000 -0.619238 -0.656368 3.050000 3.050000 -0.173290 -0.108127 -3.170000 -3.170000 0.101900 0.065217 -10.240000 -10.240000 0.799361 0.879917 0.550000 0.550000 -0.017326 -0.336538 -11.400000 -11.400000 0.169354 0.112816 0.940000 0.940000 0.070570 0.070824 0.080000 0.080000 -0.013728 -0.010045 -0.680000 -0.680000 -0.041232 0.040725 0.000000 0.000000 0.234246 0.211558 0.000000 0.000000 0.020288 -0.020845 0.000000 0.000000 0.145759 0.136200 0.000000 0.000000 0.309125 0.369150 0.000000 0.000000 -0.364096 -0.277188 0.000000 0.000000 -0.244008 -0.233159 0.000000 0.000000 -0.053222 -0.075723 0.000000 0.000000 0.294037 0.306763 0.000000 0.000000 -0.278538 -0.323488 0.000000 0.000000
12.660000 -0.450698 -0.493305 3.640000 3.640000 0.203170 0.148432 4.410000 4.410000 0.059918 0.073512 8.179999 8.179999 0.803976 0.910629 0.330000 0.330000 -0.097820 -0.496735 -14.360000 -14.360000 -0.127461 -0.104684 -0.670000 -0.670000 -0.610802 -0.656368 3.560000 3.560000 -0.169895 -0.112503 -3.030000 -3.030000 0.098392 0.069593 -9.870000 -9.870000 0.805523 0.880818 1.120000 1.120000 0.005697 -0.336941 -12.230000 -12.230000 0.164049 0.112677 1.120000 1.120000 0.072211 0.074691 -0.370000 -0.370000 -0.014705 -0.012385 -0.670000 -0.670000 -0.041479 0.033362 0.000000 0.000000 0.228122 0.209754 0.000000 0.000000 0.019262 -0.018574 0.000000 0.000000 0.162309 0.145283 0.000000 0.000000 0.302107 0.362338 0.000000 0.000000 -0.364347 -0.277188 0.000000 0.000000 -0.241747 -0.231622 0.000000 0.000000 -0.049440 -0.072091 0.000000 0.000000 0.290479 0.306763 0.000000 0.000000 -0.274898 -0.323488 0.000000 0.000000
12.680000 -0.446256 -0.490682 3.000000 3.000000 0.203430 0.143596 4.450000 4.450000 0.061361 0.078856 8.240000 8.240000 0.800980 0.908589 0.610000 0.610000 -0.094356 -0.499682 -14.820000 -14.820000 -0.125222 -0.104513 -0.310000 -0.310000 -0.614078 -0.655002 3.070000 3.070000 -0.169834 -0.113090 -2.690000 -2.690000 0.098239 0.069064 -9.420000 -9.420000 0.801375 0.883817 0.960000 0.960000 0.003759 -0.341271 -12.540000 -12.540000 0.164212 0.112677 0.900000 0.900000 0.068639 0.078195 -0.780000 -0.780000 -0.017644 -0.014812 -0.890000 -0.890000 -0.050758 0.028576 0.000000 0.000000 0.224436 0.207740 0.000000 0.000000 0.019049 -0.015815 0.000000 0.000000 0.169333 0.154152 0.000000 0.000000 0.296433 0.354053 0.000000 0.000000 -0.371017 -0.277188 0.000000 0.000000 -0.245799 -0.229689 0.000000 0.000000 -0.045386 -0.070158 0.000000 0.000000 0.294148 0.306842 0.000000 0.000000 -0.273922 -0.323409 0.000000 0.000000
12.700000 -0.434660 -0.486525 4.020000 4.020000 0.193565 0.140111 4.370000 4.370000 0.067347 0.081539 7.340000 7.340000 0.805985 0.906442 1.270000 1.270000 -0.050596 -0.502782 -15.059999 -15.059999 -0.126301 -0.103597 -0.400000 -0.400000 -0.599504 -0.654419 4.330000 4.330000 -0.179126 -0.116135 -3.220000 -3.220000 0.102249 0.071110 -9.120000 -9.120000 0.806907 0.885694 1.610000 1.610000 0.026960 -0.343981 -11.599999 -11.599999 0.156674 0.112677 0.900000 0.900000 0.087329 0.081827 0.100000 0.100000 -0.016581 -0.016623 -0.000000 -0.000000 -0.053738 0.020967 0.000000 0.000000 0.239369 0.208008 0.000000 0.000000 0.021884 -0.012684 0.000000 0.000000 0.179736 0.164157 0.000000 0.000000 0.288461 0.342677 0.000000 0.000000 -0.373732 -0.277924 0.000000 0.000000 -0.251400 -0.228444 0.000000 0.000000 -0.043016 -0.068773 0.000000 0.000000 0.296726 0.307224 0.000000 0.000000 -0.272524 -0.323027 0.000000 0.000000
12.720000 -0.432140 -0.481126 4.030000 4.030000 0.201921 0.138750 5.300000 5.300000 0.070461 0.083663 8.130000 8.130000 0.792523 0.906212 0.930000 0.930000 -0.063060 -0.503113 -15.589999 -15.589999 -0.125047 -0.102638 -0.350000 -0.350000 -0.597024 -0.651060 4.340000 4.340000 -0.168557 -0.120501 -2.840000 -2.840000 0.096131 0.074713 -8.650000 -8.650000 0.810060 0.885718 2.130000 2.130000 0.038191 -0.344017 -11.929999 -11.929999 0.156750 0.112677 0.740000 0.740000 0.066620 0.086027 -1.260000 -1.260000 -0.025305 -0.018571 -2.290000 -2.290000 -0.045726 0.012254 0.000000 0.000000 0.223599 0.208648 0.000000 0.000000 0.024145 -0.009761 0.000000 0.000000 0.190273 0.173250 0.000000 0.000000 0.284354 0.333876 0.000000 0.000000 -0.367870 -0.277924 0.000000 0.000000 -0.242275 -0.227966 0.000000 0.000000 -0.049230 -0.067900 0.000000 0.000000 0.297413 0.307314 0.000000 0.000000 -0.268762 -0.322937 0.000000 0.000000
12.740000 -0.433778 -0.475388 3.130000 3.130000 0.190873 0.136900 4.630000 4.630000 0.075249 0.084965 7.680000 7.680000 0.795024 0.903000 0.950000 0.950000 -0.059394 -0.507610 -15.620000 -15.620000 -0.120519 -0.102159 -0.490000 -0.490000 -0.594323 -0.647701 3.860000 3.860000 -0.184940 -0.120755 -3.610000 -3.610000 0.105756 0.074243 -9.630000 -9.630000 0.802127 0.885382 1.830000 1.830000 0.039511 -0.344502 -12.679999 -12.679999 0.151052 0.113508 0.550000 0.550000 0.098006 0.090931 -0.650000 -0.650000 -0.016481 -0.020089 -0.220000 -0.220000 -0.043527 0.002805 0.000000 0.000000 0.228018 0.208427 0.000000 0.000000 0.020388 -0.005069 0.000000 0.000000 0.206840 0.182254 0.000000 0.000000 0.279280 0.327075 0.000000 0.000000 -0.368186 -0.277924 0.000000 0.000000 -0.238603 -0.227780 0.000000 0.000000 -0.044451 -0.067387 0.000000 0.000000 0.301828 0.307674 0.000000 0.000000 -0.269512 -0.322577 0.000000 0.000000
12.760000 -0.421040 -0.466737 3.330000 3.330000 0.190804 0.132407 4.920000 4.920000 0.081543 0.090848 7.270000 7.270000 0.790598 0.899641 1.460000 1.460000 -0.063718 -0.509526 -14.580000 -14.580000 -0.115736 -0.100540 -0.390000 -0.390000 -0.572198 -0.641059 5.200000 5.200000 -0.172264 -0.124387 -2.530000 -2.530000 0.103931 0.078736 -8.120000 -8.120000 0.807575 0.882875 2.700000 2.700000 0.062347 -0.348122 -12.650000 -12.650000 0.153223 0.113593 0.680000 0.680000 0.074177 0.099232 -1.180000 -1.180000 -0.028125 -0.021263 -2.440000 -2.440000 -0.061946 -0.002963 0.000000 0.000000 0.219121 0.208939 0.000000 0.000000 0.023173 -0.003789 0.000000 0.000000 0.213059 0.194833 0.000000 0.000000 0.271684 0.315013 0.000000 0.000000 -0.378668 -0.277924 0.000000 0.000000 -0.245424 -0.227850 0.000000 0.000000 -0.046567 -0.066619 0.000000 0.000000 0.298492 0.308450 0.000000 0.000000 -0.266318 -0.321802 0.000000 0.000000
12.780000 -0.424432 -0.456705 2.450000 2.450000 0.191110 0.130068 4.850000 4.850000 0.078755 0.094734 8.480000 8.480000 0.788572 0.892528 1.440000 1.440000 -0.071496 -0.508485 -14.200000 -14.200000 -0.117818 -0.097834 -0.660000 -0.660000 -0.577843 -0.634984 4.240000 4.240000 -0.188730 -0.125934 -3.830000 -3.830000 0.107900 0.079597 -9.200000 -9.200000 0.807456 0.881465 3.050000 3.050000 0.055937 -0.350158 -12.540000 -12.540000 0.149868 0.115276 0.540000 0.540000 0.101557 0.098752 -0.830000 -0.830000 -0.020912 -0.021958 -0.610000 -0.610000 -0.064539 -0.008485 0.000000 0.000000 0.235261 0.208392 0.000000 0.000000 0.021340 -0.002846 0.000000 0.000000 0.216797 0.203151 0.000000 0.000000 0.268982 0.305773 0.000000 0.000000 -0.378187 -0.278415 0.000000 0.000000 -0.233858 -0.227361 0.000000 0.000000 -0.043371 -0.065175 0.000000 0.000000 0.299319 0.308899 0.000000 0.000000 -0.265621 -0.321352 0.000000 0.000000
12.800000 -0.414019 -0.444786 2.160000 2.160000 0.190288 0.126964 5.260000 5.260000 0.083156 0.097837 8.660000 8.660000 0.783922 0.885268 1.370000 1.370000 -0.085019 -0.511443 -13.969999 -13.969999 -0.115997 -0.094585 -0.500000 -0.500000 -0.570146 -0.626041 3.870000 3.870000 -0.173601 -0.130936 -2.650000 -2.650000 0.102198 0.084404 -6.760000 -6.760000 0.798191 0.878958 2.500000 2.500000 0.052240 -0.353778 -13.080000 -13.080000 0.161452 0.116959 0.680000 0.680000 0.076264 0.103392 -2.470000 -2.470000 -0.028521 -0.024621 -2.460000 -2.460000 -0.058581 -0.014376 0.000000 0.000000 0.231713 0.209067 0.000000 0.000000 0.023675 -0.002566 0.000000 0.000000 0.214168 0.205422 0.000000 0.000000 0.265738 0.306066 0.000000 0.000000 -0.372663 -0.278415 0.000000 0.000000 -0.240228 -0.226348 0.000000 0.000000 -0.050633 -0.061997 0.000000 0.000000 0.308505 0.309877 0.000000 0.000000 -0.262078 -0.320374 0.000000 0.000000
12.820000 -0.416112 -0.432974 1.260000 1.260000 0.186318 0.120895 5.260000 5.260000 0.085487 0.102242 9.389999 9.389999 0.776667 0.877794 1.200000 1.200000 -0.090311 -0.511349 -13.400000 -13.400000 -0.110383 -0.093860 -0.440000 -0.440000 -0.567308 -0.617052 3.800000 3.800000 -0.185908 -0.132208 -3.600000 -3.600000 0.105526 0.084952 -7.730000 -7.730000 0.798679 0.875172 2.970000 2.970000 0.063299 -0.358417 -12.610000 -12.610000 0.154146 0.118920 0.470000 0.470000 0.096557 0.104675 -1.420000 -1.420000 -0.024642 -0.025864 -1.220000 -1.220000 -0.064742 -0.017443 0.000000 0.000000 0.235074 0.208951 0.000000 0.000000 0.020645 -0.002683 0.000000 0.000000 0.227059 0.206715 0.000000 0.000000 0.261490 0.304773 0.000000 0.000000 -0.379137 -0.278415 0.000000 0.000000 -0.232136 -0.227198 0.000000 0.000000 -0.043973 -0.059354 0.000000 0.000000 0.308221 0.316532 0.000000 0.000000 -0.260158 -0.312056 0.000000 0.000000
12.840000 -0.406786 -0.421239 1.140000 1.140000 0.192716 0.118007 6.100000 6.100000 0.087007 0.104680 9.480000 9.480000 0.772067 0.871747 0.710000 0.710000 -0.136491 -0.512816 -13.650000 -13.650000 -0.106725 -0.092135 -0.290000 -0.290000 -0.558501 -0.607587 3.580000 3.580000 -0.184735 -0.137054 -2.450000 -2.450000 0.108831 0.087703 -6.830000 -6.830000 0.794062 0.873042 2.430000 2.430000 0.051118 -0.360878 -12.880000 -12.880000 0.162549 0.120954 0.560000 0.560000 0.089044 0.107239 -1.550000 -1.550000 -0.029583 -0.026980 -2.150000 -2.150000 -0.060383 -0.019652 0.000000 0.000000 0.239324 0.209614 0.000000 0.000000 0.023500 -0.002857 0.000000 0.000000 0.225587 0.215314 0.000000 0.000000 0.259865 0.294150 0.000000 0.000000 -0.389275 -0.278538 0.000000 0.000000 -0.243941 -0.226791 0.000000 0.000000 -0.048233 -0.055012 0.000000 0.000000 0.308780 0.319983 0.000000 0.000000 -0.253539 -0.308335 0.000000 0.000000
12.860000 -0.405042 -0.408568 0.320000 0.320000 0.178120 0.116040 5.150000 5.150000 0.091309 0.105806 8.410000 8.410000 0.764866 0.865511 0.290000 0.290000 -0.137467 -0.515786 -14.650000 -14.650000 -0.104339 -0.090665 -0.180000 -0.180000 -0.564720 -0.600270 2.400000 2.400000 -0.174133 -0.138982 -2.050000 -2.050000 0.103875 0.087928 -5.350000 -5.350000 0.792236 0.870370 2.670000 2.670000 0.049136 -0.363907 -13.059999 -13.059999 0.165442 0.124619 0.650000 0.650000 0.092234 0.108443 -1.580000 -1.580000 -0.031454 -0.028184 -2.350000 -2.350000 -0.066491 -0.020757 0.000000 0.000000 0.227533 0.210196 0.000000 0.000000 0.023751 -0.002275 0.000000 0.000000 0.229023 0.217416 0.000000 0.000000 0.257022 0.293375 0.000000 0.000000 -0.378086 -0.278538 0.000000 0.000000 -0.223114 -0.226243 0.000000 0.000000 -0.043077 -0.052229 0.000000 0.000000 0.312080 0.320342 0.000000 0.000000 -0.253171 -0.308133 0.000000 0.000000
12.880000 -0.397620 -0.402187 -0.060000 -0.060000 0.194701 0.112486 5.850000 5.850000 0.083578 0.108243 10.740000 10.740000 0.767600 0.863577 0.410000 0.410000 -0.157517 -0.519620 -12.500000 -12.500000 -0.100768 -0.090153 -0.260000 -0.260000 -0.560209 -0.593244 2.580000 2.580000 -0.201304 -0.141097 -3.620000 -3.620000 0.113872 0.089435 -8.620000 -8.620000 0.781619 0.868707 1.760000 1.760000 0.024268 -0.366309 -13.110000 -13.110000 0.172439 0.125748 0.950000 0.950000 0.100182 0.111018 -1.610000 -1.610000 -0.026291 -0.029251 -1.080000 -1.080000 -0.056265 -0.021125 0.000000 0.000000 0.249453 0.210837 0.000000 0.000000 0.027076 -0.001635 0.000000 0.000000 0.220744 0.217573 0.000000 0.000000 0.254474 0.293217 0.000000 0.000000 -0.389280 -0.278661 0.000000 0.000000 -0.247666 -0.224963 0.000000 0.000000 -0.055811 -0.052043 0.000000 0.000000 0.312508 0.320567 0.000000 0.000000 -0.252147 -0.307908 0.000000 0.000000
12.900000 -0.395438 -0.398720 0.160000 0.160000 0.182741 0.112829 5.420000 5.420000 0.090459 0.109545 9.550000 9.550000 0.748624 0.861733 -0.590000 -0.590000 -0.164684 -0.522400 -14.250000 -14.250000 -0.098741 -0.089322 -0.210000 -0.210000 -0.559503 -0.590575 2.330000 2.330000 -0.170788 -0.144239 -1.780000 -1.780000 0.101896 0.088995 -5.610000 -5.610000 0.789019 0.866470 2.090000 2.090000 0.032294 -0.369540 -12.880000 -12.880000 0.175359 0.125961 0.920000 0.920000 0.082177 0.112291 -2.790000 -2.790000 -0.032976 -0.029525 -3.390000 -3.390000 -0.055408 -0.021125 0.000000 0.000000 0.222914 0.210383 0.000000 0.000000 0.035052 -0.000156 0.000000 0.000000 0.232633 0.218135 0.000000 0.000000 0.252688 0.292655 0.000000 0.000000 -0.373053 -0.279029 0.000000 0.000000 -0.208293 -0.223228 0.000000 0.000000 -0.054838 -0.051798 0.000000 0.000000 0.309505 0.320635 0.000000 0.000000 -0.246877 -0.307840 0.000000 0.000000
12.920000 -0.390439 -0.395238 0.620000 0.620000 0.192015 0.112310 5.660000 5.660000 0.083934 0.110064 11.139999 11.139999 0.760163 0.859234 0.100000 0.100000 -0.165356 -0.526009 -13.170000 -13.170000 -0.100983 -0.088779 -0.190000 -0.190000 -0.562835 -0.587477 2.100000 2.100000 -0.195909 -0.141116 -3.460000 -3.460000 0.110116 0.087066 -7.410000 -7.410000 0.782086 0.866986 1.320000 1.320000 -0.005391 -0.370640 -12.200000 -12.200000 0.170914 0.127410 0.690000 0.690000 0.103656 0.113945 -2.220000 -2.220000 -0.022881 -0.029535 -1.190000 -1.190000 -0.053933 -0.021125 0.000000 0.000000 0.242565 0.210383 0.000000 0.000000 0.030091 0.002358 0.000000 0.000000 0.220673 0.218214 0.000000 0.000000 0.253933 0.292577 0.000000 0.000000 -0.385199 -0.279520 0.000000 0.000000 -0.244788 -0.223018 0.000000 0.000000 -0.058393 -0.052986 0.000000 0.000000 0.313364 0.320792 0.000000 0.000000 -0.248633 -0.307683 0.000000 0.000000
12.940000 -0.380685 -0.394272 1.090000 1.090000 0.174372 0.112575 4.610000 4.610000 0.090447 0.109976 8.530000 8.530000 0.756212 0.859365 0.660000 0.660000 -0.116819 -0.525820 -14.130000 -14.130000 -0.104179 -0.088193 -0.290000 -0.290000 -0.543701 -0.586970 3.370000 3.370000 -0.185719 -0.144308 -1.980000 -1.980000 0.113744 0.090375 -7.130000 -7.130000 0.782836 0.864577 1.800000 1.800000 0.008130 -0.374119 -12.639999 -12.639999 0.171059 0.127900 0.830000 0.830000 0.094837 0.118125 -1.820000 -1.820000 -0.031363 -0.029173 -2.580000 -2.580000 -0.080437 -0.021248 0.000000 0.000000 0.224040 0.209323 0.000000 0.000000 0.040518 0.002533 0.000000 0.000000 0.227423 0.218372 0.000000 0.000000 0.245441 0.292419 0.000000 0.000000 -0.390510 -0.279765 0.000000 0.000000 -0.228279 -0.223298 0.000000 0.000000 -0.054289 -0.053265 0.000000 0.000000 0.317194 0.321837 0.000000 0.000000 -0.244085 -0.306638 0.000000 0.000000
12.960000 -0.369267 -0.394118 1.870000 1.870000 0.181991 0.110519 5.130000 5.130000 0.088296 0.110269 9.870000 9.870000 0.759179 0.859005 1.950000 1.950000 -0.043031 -0.526341 -15.740000 -15.740000 -0.116531 -0.088140 -0.530000 -0.530000 -0.558139 -0.586587 2.150000 2.150000 -0.184055 -0.143407 -2.950000 -2.950000 0.104159 0.090023 -6.060000 -6.060000 0.787758 0.863405 2.100000 2.100000 0.019545 -0.375811 -12.230000 -12.230000 0.163102 0.128560 0.590000 0.590000 0.100949 0.115922 -2.120000 -2.120000 -0.027073 -0.028713 -1.550000 -1.550000 -0.080791 -0.022107 0.000000 0.000000 0.224987 0.207763 0.000000 0.000000 0.038466 0.005141 0.000000 0.000000 0.224621 0.218765 0.000000 0.000000 0.244269 0.292026 0.000000 0.000000 -0.397582 -0.280010 0.000000 0.000000 -0.234833 -0.223298 0.000000 0.000000 -0.055935 -0.053265 0.000000 0.000000 0.315165 0.325637 0.000000 0.000000 -0.241961 -0.301737 0.000000 0.000000
12.980000 -0.359171 -0.390161 2.700000 2.700000 0.159464 0.110118 3.500000 3.500000 0.092608 0.110612 7.470000 7.470000 0.763019 0.859283 3.650000 3.650000 0.011018 -0.525938 -16.160000 -16.160000 -0.121160 -0.087767 -0.700000 -0.700000 -0.537257 -0.586479 4.170000 4.170000 -0.184912 -0.143622 -1.860000 -1.860000 0.113530 0.089142 -6.960000 -6.960000 0.783904 0.863405 2.340000 2.340000 0.042148 -0.375811 -13.130000 -13.130000 0.162010 0.129125 0.660000 0.660000 0.107083 0.117929 -0.890000 -0.890000 -0.029065 -0.029192 -1.140000 -1.140000 -0.092825 -0.021861 0.000000 0.000000 0.217094 0.206168 0.000000 0.000000 0.041790 0.005385 0.000000 0.000000 0.227695 0.223059 0.000000 0.000000 0.239437 0.286877 0.000000 0.000000 -0.398018 -0.280501 0.000000 0.000000 -0.226715 -0.224078 0.000000 0.000000 -0.051924 -0.053067 0.000000 0.000000 0.327504 0.332662 0.000000 0.000000 -0.238685 -0.293857 0.000000 0.000000
13.000000 -0.338491 -0.390513 4.260000 4.260000 0.163082 0.107514 3.740000 3.740000 0.091400 0.110749 8.349999 8.349999 0.770735 0.859455 5.290000 5.290000 0.087770 -0.525690 -17.910000 -17.910000 -0.129676 -0.086936 -0.780000 -0.780000 -0.553300 -0.586479 2.570000 2.570000 -0.183895 -0.144337 -2.500000 -2.500000 0.104375 0.089856 -5.600000 -5.600000 0.781455 0.863380 2.270000 2.270000 0.055408 -0.375846 -13.410000 -13.410000 0.149903 0.130339 0.190000 0.190000 0.105346 0.116764 -1.150000 -1.150000 -0.031655 -0.028634 -1.650000 -1.650000 -0.094338 -0.024438 0.000000 0.000000 0.221625 0.203479 0.000000 0.000000 0.040204 0.009053 0.000000 0.000000 0.225874 0.229331 0.000000 0.000000 0.233215 0.279931 0.000000 0.000000 -0.397326 -0.280501 0.000000 0.000000 -0.236835 -0.224078 0.000000 0.000000 -0.048909 -0.053067 0.000000 0.000000 0.325338 0.335731 0.000000 0.000000 -0.233191 -0.291260 0.000000 0.000000
13.020000 -0.328581 -0.387384 4.580000 4.580000 0.150014 0.105468 2.720000 2.720000 0.092441 0.112775 7.370000 7.370000 0.775412 0.859767 6.400000 6.400000 0.128121 -0.525240 -17.629999 -17.629999 -0.132704 -0.086563 -0.950000 -0.950000 -0.539599 -0.585912 3.620000 3.620000 -0.191248 -0.147009 -2.440000 -2.440000 0.109580 0.090258 -6.170000 -6.170000 0.779940 0.863077 2.740000 2.740000 0.054857 -0.376284 -13.330000 -13.330000 0.143409 0.130392 0.300000 0.300000 0.116195 0.117342 0.150000 0.150000 -0.032672 -0.028037 -0.770000 -0.770000 -0.096292 -0.024684 0.000000 0.000000 0.222985 0.201697 0.000000 0.000000 0.047317 0.010927 0.000000 0.000000 0.231398 0.230107 0.000000 0.000000 0.224541 0.279470 0.000000 0.000000 -0.403012 -0.281606 0.000000 0.000000 -0.245200 -0.224334 0.000000 0.000000 -0.053454 -0.051624 0.000000 0.000000 0.328801 0.341318 0.000000 0.000000 -0.228204 -0.284706 0.000000 0.000000
13.040000 -0.331000 -0.382889 3.880000 3.880000 0.149327 0.103060 3.040000 3.040000 0.097707 0.114205 6.550000 6.550000 0.774295 0.859390 6.520000 6.520000 0.125881 -0.525785 -17.820000 -17.820000 -0.136610 -0.086500 -1.010000 -1.010000 -0.538669 -0.582506 2.980000 2.980000 -0.178515 -0.149114 -2.000000 -2.000000 0.102548 0.089895 -4.540000 -4.540000 0.781247 0.860504 3.070000 3.070000 0.066240 -0.380000 -13.630000 -13.630000 0.137900 0.130392 0.100000 0.100000 0.104540 0.117537 -0.100000 -0.100000 -0.040401 -0.028625 -2.510000 -2.510000 -0.106808 -0.026279 0.000000 0.000000 0.217070 0.199637 0.000000 0.000000 0.043149 0.012988 0.000000 0.000000 0.237486 0.231456 0.000000 0.000000 0.221099 0.278121 0.000000 0.000000 -0.392388 -0.284306 0.000000 0.000000 -0.235514 -0.224381 0.000000 0.000000 -0.048582 -0.051577 0.000000 0.000000 0.335944 0.345724 0.000000 0.000000 -0.227138 -0.281199 0.000000 0.000000
13.060000 -0.345361 -0.378088 2.340000 2.340000 0.153339 0.103569 3.320000 3.320000 0.096460 0.114714 7.100000 7.100000 0.771158 0.858783 5.240000 5.240000 0.058157 -0.526660 -16.740000 -16.740000 -0.128786 -0.086318 -0.790000 -0.790000 -0.518353 -0.575220 4.340000 4.340000 -0.204803 -0.149682 -3.410000 -3.410000 0.113634 0.091383 -7.890000 -7.890000 0.773813 0.858849 3.120000 3.120000 0.082385 -0.382390 -14.219999 -14.219999 0.135959 0.131873 -0.050000 -0.050000 0.121557 0.121208 -0.630000 -0.630000 -0.030114 -0.030181 -0.320000 -0.320000 -0.092144 -0.027016 0.000000 0.000000 0.227946 0.197145 0.000000 0.000000 0.045125 0.014455 0.000000 0.000000 0.255400 0.236672 0.000000 0.000000 0.214431 0.272905 0.000000 0.000000 -0.398713 -0.285410 0.000000 0.000000 -0.236092 -0.224485 0.000000 0.000000 -0.050394 -0.051472 0.000000 0.000000 0.334468 0.346028 0.000000 0.000000 -0.223591 -0.280896 0.000000 0.000000
13.080000 -0.359988 -0.373118 0.960000 0.960000 0.156326 0.103588 3.770000 3.770000 0.099089 0.114733 7.330000 7.330000 0.752578 0.855997 3.340000 3.340000 -0.006281 -0.530683 -16.940001 -16.940001 -0.128696 -0.086159 -0.820000 -0.820000 -0.499588 -0.568823 5.440000 5.440000 -0.193494 -0.152531 -2.160000 -2.160000 0.114198 0.093194 -6.680000 -6.680000 0.779718 0.857259 3.920000 3.920000 0.109400 -0.384685 -14.210000 -14.210000 0.130824 0.132289 -0.080000 -0.080000 0.105866 0.124409 -1.270000 -1.270000 -0.036182 -0.033695 -1.520000 -1.520000 -0.091498 -0.030329 0.000000 0.000000 0.222738 0.197180 0.000000 0.000000 0.050008 0.015211 0.000000 0.000000 0.268961 0.246395 0.000000 0.000000 0.208617 0.263631 0.000000 0.000000 -0.398530 -0.286269 0.000000 0.000000 -0.221608 -0.224590 0.000000 0.000000 -0.046869 -0.051577 0.000000 0.000000 0.330686 0.346433 0.000000 0.000000 -0.220208 -0.280491 0.000000 0.000000
13.100000 -0.356944 -0.368209 0.700000 0.700000 0.159471 0.102492 4.130000 4.130000 0.097644 0.115242 8.260000 8.260000 0.756171 0.850827 3.560000 3.560000 -0.033469 -0.538150 -15.960000 -15.960000 -0.125318 -0.083996 -0.900000 -0.900000 -0.494587 -0.563178 5.180000 5.180000 -0.211427 -0.152971 -3.490000 -3.490000 0.119553 0.094516 -7.660000 -7.660000 0.784728 0.857022 4.230000 4.230000 0.106847 -0.385029 -14.020000 -14.020000 0.128686 0.135250 -0.300000 -0.300000 0.126549 0.126122 -1.020000 -1.020000 -0.030686 -0.034567 0.110000 0.110000 -0.079929 -0.033520 0.000000 0.000000 0.229515 0.197751 0.000000 0.000000 0.045648 0.015409 0.000000 0.000000 0.280994 0.256231 0.000000 0.000000 0.206319 0.252402 0.000000 0.000000 -0.411875 -0.287128 0.000000 0.000000 -0.233747 -0.224218 0.000000 0.000000 -0.050714 -0.051205 0.000000 0.000000 0.331394 0.346197 0.000000 0.000000 -0.219335 -0.279985 0.000000 0.000000
13.120000 -0.364529 -0.363531 -0.160000 -0.160000 0.161068 0.100935 4.140000 4.140000 0.095525 0.117386 8.790000 8.790000 0.734291 0.848836 1.170000 1.170000 -0.065550 -0.541025 -16.430000 -16.430000 -0.121765 -0.081631 -0.820000 -0.820000 -0.484138 -0.557963 5.330000 5.330000 -0.200051 -0.155340 -2.240000 -2.240000 0.119405 0.096141 -7.580000 -7.580000 0.779015 0.856776 4.350000 4.350000 0.112750 -0.385384 -14.340000 -14.340000 0.139611 0.136560 -0.070000 -0.070000 0.109783 0.130322 -2.030000 -2.030000 -0.031610 -0.035966 -0.930000 -0.930000 -0.084426 -0.037937 0.000000 0.000000 0.217856 0.198123 0.000000 0.000000 0.052040 0.016899 0.000000 0.000000 0.282105 0.263110 0.000000 0.000000 0.203831 0.246534 0.000000 0.000000 -0.402662 -0.287128 0.000000 0.000000 -0.220521 -0.224101 0.000000 0.000000 -0.049917 -0.051088 0.000000 0.000000 0.325397 0.346916 0.000000 0.000000 -0.220781 -0.279266 0.000000 0.000000
13.140000 -0.351459 -0.360279 0.480000 0.480000 0.160462 0.097725 4.050000 4.050000 0.096769 0.119951 8.760000 8.760000 0.741121 0.847336 2.240000 2.240000 -0.039189 -0.543190 -16.270000 -16.270000 -0.125427 -0.080587 -0.870000 -0.870000 -0.492010 -0.548882 4.670000 4.670000 -0.202946 -0.155996 -2.860000 -2.860000 0.118463 0.097834 -6.920000 -6.920000 0.779795 0.852761 4.800000 4.800000 0.102030 -0.391181 -14.059999 -14.059999 0.135247 0.139682 -0.170000 -0.170000 0.122215 0.129891 -1.880000 -1.880000 -0.028699 -0.036730 -0.260000 -0.260000 -0.070654 -0.041619 0.000000 0.000000 0.231892 0.197716 0.000000 0.000000 0.048098 0.017330 0.000000 0.000000 0.285544 0.270147 0.000000 0.000000 0.200352 0.241430 0.000000 0.000000 -0.395963 -0.287128 0.000000 0.000000 -0.231774 -0.223601 0.000000 0.000000 -0.049611 -0.051519 0.000000 0.000000 0.335146 0.348107 0.000000 0.000000 -0.218359 -0.278074 0.000000 0.000000
13.160000 -0.357626 -0.356428 -0.450000 -0.450000 0.157205 0.098341 4.480000 4.480000 0.100498 0.119334 8.530000 8.530000 0.730961 0.845730 1.430000 1.430000 -0.058772 -0.545510 -16.590000 -16.590000 -0.117265 -0.079703 -0.630000 -0.630000 -0.480571 -0.541227 4.240000 4.240000 -0.206404 -0.157914 -2.660000 -2.660000 0.124134 0.100203 -7.510000 -7.510000 0.770617 0.850163 3.850000 3.850000 0.088977 -0.394932 -14.450000 -14.450000 0.144791 0.141013 -0.050000 -0.050000 0.121884 0.133171 -2.190000 -2.190000 -0.025952 -0.036524 -0.600000 -0.600000 -0.080426 -0.042233 0.000000 0.000000 0.230872 0.197774 0.000000 0.000000 0.053951 0.017388 0.000000 0.000000 0.286758 0.270428 0.000000 0.000000 0.196950 0.241172 0.000000 0.000000 -0.406409 -0.287128 0.000000 0.000000 -0.225697 -0.223577 0.000000 0.000000 -0.050042 -0.051496 0.000000 0.000000 0.335490 0.352626 0.000000 0.000000 -0.216903 -0.273398 0.000000 0.000000
13.180000 -0.338846 -0.348206 0.500000 0.500000 0.158281 0.097333 4.330000 4.330000 0.098030 0.119775 8.880000 8.880000 0.730264 0.843575 2.160000 2.160000 -0.032832 -0.548622 -17.240000 -17.240000 -0.122507 -0.079149 -0.690000 -0.690000 -0.494179 -0.535919 3.320000 3.320000 -0.196751 -0.157895 -1.920000 -1.920000 0.119825 0.100771 -5.850000 -5.850000 0.771656 0.848704 3.770000 3.770000 0.059392 -0.397039 -13.610000 -13.610000 0.148516 0.143548 -0.040000 -0.040000 0.118765 0.135618 -2.030000 -2.030000 -0.032680 -0.033333 -1.330000 -1.330000 -0.075805 -0.043705 0.000000 0.000000 0.225905 0.197599 0.000000 0.000000 0.050532 0.017563 0.000000 0.000000 0.279765 0.270653 0.000000 0.000000 0.190648 0.240947 0.000000 0.000000 -0.398213 -0.287128 0.000000 0.000000 -0.226100 -0.223577 0.000000 0.000000 -0.053775 -0.051496 0.000000 0.000000 0.349014 0.357853 0.000000 0.000000 -0.210953 -0.267362 0.000000 0.000000
13.200000 -0.326076 -0.340736 0.470000 0.470000 0.156579 0.096521 4.210000 4.210000 0.097531 0.119373 8.500000 8.500000 0.740649 0.842829 3.640000 3.640000 0.031697 -0.549698 -17.490000 -17.490000 -0.125342 -0.078755 -0.920000 -0.920000 -0.495276 -0.531670 2.830000 2.830000 -0.210706 -0.159588 -2.650000 -2.650000 0.123960 0.101544 -7.620000 -7.620000 0.758282 0.845476 2.370000 2.370000 0.025357 -0.400115 -13.809999 -13.809999 0.150593 0.144710 -0.080000 -0.080000 0.128632 0.136910 -1.680000 -1.680000 -0.023208 -0.031571 -0.660000 -0.660000 -0.077909 -0.044196 0.000000 0.000000 0.231684 0.198100 0.000000 0.000000 0.058822 0.018064 0.000000 0.000000 0.265348 0.270024 0.000000 0.000000 0.188435 0.240318 0.000000 0.000000 -0.400669 -0.287128 0.000000 0.000000 -0.235099 -0.223577 0.000000 0.000000 -0.057269 -0.051496 0.000000 0.000000 0.352250 0.358944 0.000000 0.000000 -0.209110 -0.267216 0.000000 0.000000
13.220000 -0.322077 -0.334262 0.900000 0.900000 0.153510 0.095346 4.090000 4.090000 0.098313 0.118433 8.450000 8.450000 0.731270 0.843018 3.390000 3.390000 0.039721 -0.549426 -18.420000 -18.420000 -0.130093 -0.078158 -1.140000 -1.140000 -0.484674 -0.526915 3.250000 3.250000 -0.201160 -0.159960 -1.940000 -1.940000 0.122552 0.100546 -6.780000 -6.780000 0.761444 0.842985 2.240000 2.240000 0.013896 -0.403712 -13.330000 -13.330000 0.154398 0.146808 0.030000 0.030000 0.115271 0.139161 -2.130000 -2.130000 -0.030062 -0.028811 -2.450000 -2.450000 -0.091113 -0.043828 0.000000 0.000000 0.227530 0.199753 0.000000 0.000000 0.065709 0.019973 0.000000 0.000000 0.273623 0.270113 0.000000 0.000000 0.181084 0.240228 0.000000 0.000000 -0.399991 -0.287374 0.000000 0.000000 -0.222550 -0.223542 0.000000 0.000000 -0.057834 -0.051531 0.000000 0.000000 0.357444 0.359832 0.000000 0.000000 -0.203721 -0.266373 0.000000 0.000000
13.240000 -0.310573 -0.330979 1.150000 1.150000 0.153717 0.093134 4.790000 4.790000 0.097201 0.117572 8.740000 8.740000 0.736914 0.842452 4.740000 4.740000 0.076905 -0.550243 -18.549999 -18.549999 -0.132535 -0.078116 -0.960000 -0.960000 -0.496474 -0.521408 1.870000 1.870000 -0.207143 -0.160088 -3.110000 -3.110000 0.116819 0.101437 -6.540000 -6.540000 0.761484 0.841952 2.460000 2.460000 0.003744 -0.405203 -12.950000 -12.950000 0.144714 0.149855 -0.240000 -0.240000 0.128611 0.140610 -1.780000 -1.780000 -0.023936 -0.028047 -0.980000 -0.980000 -0.082953 -0.043828 0.000000 0.000000 0.228540 0.199439 0.000000 0.000000 0.060599 0.024153 0.000000 0.000000 0.275778 0.270136 0.000000 0.000000 0.181169 0.240205 0.000000 0.000000 -0.405988 -0.287374 0.000000 0.000000 -0.231380 -0.223519 0.000000 0.000000 -0.057666 -0.051554 0.000000 0.000000 0.363339 0.367667 0.000000 0.000000 -0.201729 -0.257818 0.000000 0.000000
13.260000 -0.298256 -0.325733 2.430000 2.430000 0.149439 0.090716 4.030000 4.030000 0.096533 0.116662 9.040000 9.040000 0.745342 0.842419 5.840000 5.840000 0.117326 -0.550290 -18.830000 -18.830000 -0.140846 -0.078073 -1.280000 -1.280000 -0.486261 -0.517128 1.850000 1.850000 -0.202415 -0.162241 -1.950000 -1.950000 0.115243 0.099009 -5.690000 -5.690000 0.758381 0.839748 1.880000 1.880000 -0.022448 -0.408386 -12.620000 -12.620000 0.156505 0.151133 0.080000 0.080000 0.118635 0.139524 -2.170000 -2.170000 -0.028479 -0.027391 -2.140000 -2.140000 -0.113359 -0.044196 0.000000 0.000000 0.230759 0.201313 0.000000 0.000000 0.062705 0.027494 0.000000 0.000000 0.265202 0.269574 0.000000 0.000000 0.173240 0.239486 0.000000 0.000000 -0.408590 -0.287374 0.000000 0.000000 -0.240110 -0.224497 0.000000 0.000000 -0.051929 -0.051554 0.000000 0.000000 0.369346 0.373096 0.000000 0.000000 -0.197506 -0.252951 0.000000 0.000000
13.280000 -0.293887 -0.323862 2.030000 2.030000 0.153269 0.087495 4.120000 4.120000 0.093019 0.119197 9.040000 9.040000 0.739756 0.842395 6.080000 6.080000 0.149354 -0.550325 -19.629999 -19.629999 -0.144303 -0.078073 -1.220000 -1.220000 -0.502320 -0.511882 0.840000 0.840000 -0.210473 -0.166020 -2.890000 -2.890000 0.110531 0.096033 -6.240000 -6.240000 0.756562 0.837519 1.370000 1.370000 -0.045190 -0.411605 -12.160000 -12.160000 0.147900 0.151889 -0.110000 -0.110000 0.129491 0.140072 -1.280000 -1.280000 -0.025571 -0.027098 -0.860000 -0.860000 -0.104693 -0.044687 0.000000 0.000000 0.231425 0.203537 0.000000 0.000000 0.065603 0.030393 0.000000 0.000000 0.270792 0.269686 0.000000 0.000000 0.167809 0.239014 0.000000 0.000000 -0.409336 -0.287374 0.000000 0.000000 -0.238887 -0.224555 0.000000 0.000000 -0.058646 -0.051542 0.000000 0.000000 0.373026 0.377334 0.000000 0.000000 -0.191526 -0.248713 0.000000 0.000000
13.300000 -0.286746 -0.318401 2.500000 2.500000 0.142560 0.087299 3.810000 3.810000 0.095375 0.118551 8.170000 8.170000 0.744599 0.842378 6.770000 6.770000 0.163201 -0.550349 -19.480000 -19.480000 -0.143946 -0.078073 -1.130000 -1.130000 -0.485474 -0.510701 1.990000 1.990000 -0.204400 -0.168800 -1.620000 -1.620000 0.112717 0.093312 -5.800000 -5.800000 0.754820 0.835979 1.740000 1.740000 -0.035879 -0.413829 -12.370000 -12.370000 0.152076 0.152891 -0.020000 -0.020000 0.128170 0.140375 -1.220000 -1.220000 -0.028152 -0.026970 -1.400000 -1.400000 -0.111225 -0.044564 0.000000 0.000000 0.214237 0.204189 0.000000 0.000000 0.069643 0.031999 0.000000 0.000000 0.276273 0.270687 0.000000 0.000000 0.163717 0.238013 0.000000 0.000000 -0.417736 -0.288233 0.000000 0.000000 -0.236361 -0.225079 0.000000 0.000000 -0.055606 -0.052066 0.000000 0.000000 0.379935 0.383696 0.000000 0.000000 -0.185828 -0.240395 0.000000 0.000000
13.320000 -0.293361 -0.315824 1.680000 1.680000 0.142363 0.084754 4.600000 4.600000 0.099397 0.117552 8.090000 8.090000 0.746357 0.842313 6.670000 6.670000 0.158762 -0.550444 -19.459999 -19.459999 -0.142353 -0.078073 -1.280000 -1.280000 -0.488572 -0.505102 1.120000 1.120000 -0.206820 -0.169984 -2.200000 -2.200000 0.109937 0.093243 -5.710000 -5.710000 0.756125 0.834200 2.270000 2.270000 -0.010961 -0.416397 -12.900000 -12.900000 0.146467 0.154467 -0.240000 -0.240000 0.129887 0.140924 -0.980000 -0.980000 -0.029102 -0.027323 -1.360000 -1.360000 -0.112535 -0.044564 0.000000 0.000000 0.227994 0.203490 0.000000 0.000000 0.068009 0.035120 0.000000 0.000000 0.280606 0.274902 0.000000 0.000000 0.158599 0.233326 0.000000 0.000000 -0.406233 -0.288723 0.000000 0.000000 -0.234669 -0.225102 0.000000 0.000000 -0.049622 -0.052089 0.000000 0.000000 0.382271 0.386158 0.000000 0.000000 -0.184902 -0.238675 0.000000 0.000000
13.340000 -0.291077 -0.313584 1.920000 1.920000 0.136332 0.082649 3.780000 3.780000 0.095544 0.115604 7.820000 7.820000 0.750024 0.842313 6.880000 6.880000 0.157728 -0.550444 -19.059999 -19.059999 -0.139997 -0.078073 -1.020000 -1.020000 -0.467797 -0.498429 2.450000 2.450000 -0.215380 -0.171658 -2.000000 -2.000000 0.115503 0.094017 -6.530000 -6.530000 0.749936 0.833832 2.570000 2.570000 0.013655 -0.416929 -13.580000 -13.580000 0.137011 0.155586 -0.410000 -0.410000 0.137972 0.141951 -0.900000 -0.900000 -0.024627 -0.027939 -0.470000 -0.470000 -0.118177 -0.044932 0.000000 0.000000 0.228613 0.202501 0.000000 0.000000 0.071578 0.036971 0.000000 0.000000 0.284071 0.282861 0.000000 0.000000 0.151816 0.223029 0.000000 0.000000 -0.415005 -0.288969 0.000000 0.000000 -0.234461 -0.225102 0.000000 0.000000 -0.045056 -0.052089 0.000000 0.000000 0.376969 0.390137 0.000000 0.000000 -0.180525 -0.234696 0.000000 0.000000
13.360000 -0.300183 -0.311253 0.790000 0.790000 0.138139 0.080780 3.920000 3.920000 0.095365 0.113735 8.110000 8.110000 0.748223 0.842296 6.420000 6.420000 0.140173 -0.550467 -19.209999 -19.209999 -0.143818 -0.078073 -1.190000 -1.190000 -0.461002 -0.494241 2.470000 2.470000 -0.211527 -0.175084 -1.890000 -1.890000 0.113796 0.095465 -5.730000 -5.730000 0.753667 0.831668 3.330000 3.330000 0.044595 -0.420029 -13.639999 -13.639999 0.137741 0.157067 -0.460000 -0.460000 0.131239 0.142891 -0.960000 -0.960000 -0.029314 -0.028018 -1.310000 -1.310000 -0.111313 -0.045055 0.000000 0.000000 0.229174 0.201115 0.000000 0.000000 0.068835 0.038356 0.000000 0.000000 0.292709 0.291089 0.000000 0.000000 0.149103 0.213744 0.000000 0.000000 -0.410706 -0.289214 0.000000 0.000000 -0.235789 -0.224625 0.000000 0.000000 -0.044073 -0.051612 0.000000 0.000000 0.379195 0.395095 0.000000 0.000000 -0.179033 -0.227850 0.000000 0.000000
13.380000 -0.311067 -0.309565 0.160000 0.160000 0.139773 0.080653 4.240000 4.240000 0.093684 0.114567 8.530000 8.530000 0.744182 0.842174 5.210000 5.210000 0.079762 -0.550645 -18.109999 -18.109999 -0.141059 -0.078073 -1.020000 -1.020000 -0.440037 -0.488397 3.700000 3.700000 -0.219100 -0.177052 -1.890000 -1.890000 0.120408 0.096258 -6.820000 -6.820000 0.759126 0.830759 4.110000 4.110000 0.057184 -0.421343 -13.420000 -13.420000 0.127136 0.159229 -0.720000 -0.720000 0.136608 0.142568 -1.550000 -1.550000 -0.020675 -0.028341 -0.290000 -0.290000 -0.100296 -0.045423 0.000000 0.000000 0.225747 0.199986 0.000000 0.000000 0.073681 0.039811 0.000000 0.000000 0.303149 0.295439 0.000000 0.000000 0.142649 0.210450 0.000000 0.000000 -0.405306 -0.289214 0.000000 0.000000 -0.223088 -0.223845 0.000000 0.000000 -0.042772 -0.050762 0.000000 0.000000 0.369748 0.394679 0.000000 0.000000 -0.174193 -0.227187 0.000000 0.000000
13.400000 -0.329429 -0.311437 -1.710000 -1.710000 0.140373 0.079977 4.480000 4.480000 0.096052 0.114028 8.120000 8.120000 0.739290 0.840461 5.080000 5.080000 0.045927 -0.553118 -17.879999 -17.879999 -0.144280 -0.078435 -1.220000 -1.220000 -0.426974 -0.482644 4.200000 4.200000 -0.222074 -0.177806 -1.760000 -1.760000 0.125198 0.097697 -7.600000 -7.600000 0.746879 0.829472 5.030000 5.030000 0.108710 -0.421710 -15.170000 -15.170000 0.129658 0.160816 -0.590000 -0.590000 0.130690 0.144076 -2.160000 -2.160000 -0.022028 -0.027577 -0.660000 -0.660000 -0.095162 -0.044932 0.000000 0.000000 0.230900 0.199148 0.000000 0.000000 0.075205 0.040650 0.000000 0.000000 0.303484 0.302094 0.000000 0.000000 0.137396 0.201705 0.000000 0.000000 -0.415510 -0.289214 0.000000 0.000000 -0.225122 -0.224101 0.000000 0.000000 -0.043995 -0.051018 0.000000 0.000000 0.375643 0.390868 0.000000 0.000000 -0.173129 -0.221645 0.000000 0.000000
13.420000 -0.338373 -0.309412 -2.540000 -2.540000 0.143570 0.079458 4.700000 4.700000 0.095757 0.113510 8.500000 8.500000 0.742849 0.837109 4.050000 4.050000 0.004495 -0.558336 -16.770000 -16.770000 -0.142364 -0.078585 -1.100000 -1.100000 -0.404480 -0.475573 5.490000 5.490000 -0.225281 -0.178794 -1.740000 -1.740000 0.129033 0.098686 -7.820000 -7.820000 0.764053 0.824179 6.780000 6.780000 0.140447 -0.424739 -13.860000 -13.860000 0.116068 0.162020 -0.950000 -0.950000 0.137789 0.145495 -2.650000 -2.650000 -0.015545 -0.028409 -0.030000 -0.030000 -0.082675 -0.045546 0.000000 0.000000 0.237320 0.198961 0.000000 0.000000 0.074243 0.041022 0.000000 0.000000 0.306491 0.306725 0.000000 0.000000 0.136358 0.197456 0.000000 0.000000 -0.407138 -0.289214 0.000000 0.000000 -0.213864 -0.223601 0.000000 0.000000 -0.038596 -0.050518 0.000000 0.000000 0.363783 0.387417 0.000000 0.000000 -0.170795 -0.218127 0.000000 0.000000
13.440000 -0.342699 -0.306927 -2.650000 -2.650000 0.138504 0.079781 4.150000 4.150000 0.094153 0.112912 8.330000 8.330000 0.739162 0.835069 5.050000 5.050000 0.010930 -0.561850 -16.920000 -16.920000 -0.147531 -0.078585 -1.220000 -1.220000 -0.403580 -0.471109 5.320000 5.320000 -0.223714 -0.179920 -1.350000 -1.350000 0.130245 0.100223 -7.890000 -7.890000 0.747237 0.820819 6.080000 6.080000 0.155737 -0.425922 -15.559999 -15.559999 0.125372 0.164033 -0.800000 -0.800000 0.128113 0.149724 -3.190000 -3.190000 -0.014503 -0.027900 -0.860000 -0.860000 -0.066642 -0.045423 0.000000 0.000000 0.236505 0.199031 0.000000 0.000000 0.076267 0.041092 0.000000 0.000000 0.297102 0.306883 0.000000 0.000000 0.131712 0.197298 0.000000 0.000000 -0.407493 -0.289214 0.000000 0.000000 -0.213597 -0.223496 0.000000 0.000000 -0.042461 -0.050413 0.000000 0.000000 0.370023 0.386720 0.000000 0.000000 -0.171144 -0.217902 0.000000 0.000000
13.460000 -0.308656 -0.306420 -0.310000 -0.310000 0.137687 0.078646 4.500000 4.500000 0.090461 0.111777 8.389999 8.389999 0.745851 0.832267 6.080000 6.080000 0.093502 -0.565897 -18.400000 -18.400000 -0.151540 -0.078585 -1.290000 -1.290000 -0.417717 -0.469621 4.170000 4.170000 -0.219989 -0.180860 -1.860000 -1.860000 0.124466 0.102004 -6.050000 -6.050000 0.752513 0.818689 5.700000 5.700000 0.100348 -0.428999 -14.130000 -14.130000 0.124404 0.164033 -0.840000 -0.840000 0.137340 0.147962 -2.340000 -2.340000 -0.016493 -0.025551 -0.440000 -0.440000 -0.058514 -0.045301 0.000000 0.000000 0.228740 0.199381 0.000000 0.000000 0.074575 0.041441 0.000000 0.000000 0.298623 0.306478 0.000000 0.000000 0.129694 0.196714 0.000000 0.000000 -0.403592 -0.289214 0.000000 0.000000 -0.226777 -0.222960 0.000000 0.000000 -0.044700 -0.050669 0.000000 0.000000 0.382265 0.387158 0.000000 0.000000 -0.170303 -0.217463 0.000000 0.000000
13.480000 -0.289272 -0.303460 0.930000 0.930000 0.135076 0.075592 4.870000 4.870000 0.090635 0.108233 8.080000 8.080000 0.747956 0.832242 8.130000 8.130000 0.178184 -0.565933 -19.480000 -19.480000 -0.157945 -0.078052 -1.480000 -1.480000 -0.423371 -0.466016 3.630000 3.630000 -0.213989 -0.181976 -1.530000 -1.530000 0.120180 0.104667 -5.320000 -5.320000 0.746009 0.814157 5.350000 5.350000 0.066627 -0.435542 -13.920000 -13.920000 0.135073 0.164417 -0.570000 -0.570000 0.131360 0.148931 -2.400000 -2.400000 -0.018817 -0.025247 -0.710000 -0.710000 -0.072389 -0.045055 0.000000 0.000000 0.237293 0.200137 0.000000 0.000000 0.075137 0.042198 0.000000 0.000000 0.286103 0.306298 0.000000 0.000000 0.124862 0.196467 0.000000 0.000000 -0.406398 -0.289214 0.000000 0.000000 -0.236175 -0.223531 0.000000 0.000000 -0.042288 -0.051240 0.000000 0.000000 0.388719 0.387338 0.000000 0.000000 -0.170455 -0.217283 0.000000 0.000000
13.500000 -0.251158 -0.300315 3.940000 3.940000 0.125000 0.072547 4.270000 4.270000 0.087149 0.104425 7.230000 7.230000 0.761996 0.832635 10.960000 10.960000 0.301277 -0.565365 -20.650000 -20.650000 -0.156337 -0.076848 -1.620000 -1.620000 -0.440763 -0.464144 2.140000 2.140000 -0.206750 -0.180605 -1.460000 -1.460000 0.113813 0.103962 -3.540000 -3.540000 0.738901 0.808683 3.460000 3.460000 0.007572 -0.443446 -12.960000 -12.960000 0.140769 0.168976 -0.770000 -0.770000 0.137447 0.147776 -1.420000 -1.420000 -0.022248 -0.024151 -0.690000 -0.690000 -0.085089 -0.044932 0.000000 0.000000 0.225284 0.200161 0.000000 0.000000 0.068725 0.042221 0.000000 0.000000 0.283820 0.306051 0.000000 0.000000 0.118795 0.196219 0.000000 0.000000 -0.407280 -0.289214 0.000000 0.000000 -0.239000 -0.224148 0.000000 0.000000 -0.040261 -0.050716 0.000000 0.000000 0.404213 0.390542 0.000000 0.000000 -0.166164 -0.215541 0.000000 0.000000
13.520000 -0.225784 -0.296020 5.710000 5.710000 0.128085 0.069591 4.060000 4.060000 0.083210 0.101097 8.490000 8.490000 0.767910 0.834414 13.679999 13.679999 0.383285 -0.562797 -21.830000 -21.830000 -0.160663 -0.074909 -1.590000 -1.590000 -0.464498 -0.461337 -0.280000 -0.280000 -0.201869 -0.182818 -1.370000 -1.370000 0.106384 0.101691 -2.520000 -2.520000 0.735315 0.806241 2.720000 2.720000 -0.057114 -0.446972 -11.820000 -11.820000 0.151101 0.172726 -0.600000 -0.600000 0.137284 0.148187 -0.290000 -0.290000 -0.031308 -0.022644 -1.980000 -1.980000 -0.098867 -0.043705 0.000000 0.000000 0.232397 0.200161 0.000000 0.000000 0.070247 0.042221 0.000000 0.000000 0.281878 0.305893 0.000000 0.000000 0.114951 0.196062 0.000000 0.000000 -0.402030 -0.289460 0.000000 0.000000 -0.257258 -0.225289 0.000000 0.000000 -0.046388 -0.050203 0.000000 0.000000 0.412545 0.400074 0.000000 0.000000 -0.162373 -0.206009 0.000000 0.000000
13.540000 -0.215598 -0.289086 6.000000 6.000000 0.128407 0.069346 4.220000 4.220000 0.080762 0.100852 8.440000 8.440000 0.765800 0.834512 13.320000 13.320000 0.410698 -0.561235 -22.910000 -22.910000 -0.164862 -0.074909 -1.610000 -1.610000 -0.479006 -0.458576 -2.110000 -2.110000 -0.198200 -0.184678 -1.050000 -1.050000 0.099641 0.099048 -1.630000 -1.630000 0.731025 0.802898 1.540000 1.540000 -0.125832 -0.451800 -10.750000 -10.750000 0.159760 0.174409 -0.310000 -0.310000 0.135841 0.148520 0.010000 0.010000 -0.033015 -0.022056 -2.330000 -2.330000 -0.115481 -0.042724 0.000000 0.000000 0.230150 0.199613 0.000000 0.000000 0.076806 0.041837 0.000000 0.000000 0.285890 0.305680 0.000000 0.000000 0.106827 0.195399 0.000000 0.000000 -0.397155 -0.290196 0.000000 0.000000 -0.253380 -0.225219 0.000000 0.000000 -0.045973 -0.050576 0.000000 0.000000 0.421143 0.405155 0.000000 0.000000 -0.152015 -0.201400 0.000000 0.000000
13.560000 -0.230034 -0.282567 3.970000 3.970000 0.125587 0.068446 4.320000 4.320000 0.083323 0.101185 8.020000 8.020000 0.768498 0.834143 13.290000 13.290000 0.393170 -0.561768 -21.969999 -21.969999 -0.167123 -0.075826 -1.600000 -1.600000 -0.470097 -0.449157 -1.860000 -1.860000 -0.210975 -0.187693 -1.450000 -1.450000 0.103991 0.097051 -3.080000 -3.080000 0.729891 0.800227 1.900000 1.900000 -0.123769 -0.456462 -10.770000 -10.770000 0.148963 0.174984 -0.470000 -0.470000 0.145886 0.149117 0.330000 0.330000 -0.031166 -0.022105 -1.730000 -1.730000 -0.123647 -0.042478 0.000000 0.000000 0.235643 0.200417 0.000000 0.000000 0.084281 0.042734 0.000000 0.000000 0.291684 0.306467 0.000000 0.000000 0.102908 0.189284 0.000000 0.000000 -0.410571 -0.290810 0.000000 0.000000 -0.255405 -0.225196 0.000000 0.000000 -0.043189 -0.049808 0.000000 0.000000 0.423250 0.413316 0.000000 0.000000 -0.148257 -0.191845 0.000000 0.000000
13.580000 -0.249932 -0.276799 2.220000 2.220000 0.122518 0.067408 4.270000 4.270000 0.087354 0.100696 7.560000 7.560000 0.767316 0.834012 12.210000 12.210000 0.345859 -0.561957 -21.139999 -21.139999 -0.169742 -0.077977 -1.570000 -1.570000 -0.440591 -0.439754 -0.220000 -0.220000 -0.209706 -0.188505 -1.620000 -1.620000 0.102793 0.095730 -2.950000 -2.950000 0.730256 0.797252 3.080000 3.080000 -0.053039 -0.460757 -12.190000 -12.190000 0.138202 0.175038 -0.720000 -0.720000 0.138311 0.152563 -0.720000 -0.720000 -0.029679 -0.023476 -1.950000 -1.950000 -0.123444 -0.044073 0.000000 0.000000 0.240013 0.201837 0.000000 0.000000 0.089120 0.044200 0.000000 0.000000 0.302882 0.309299 0.000000 0.000000 0.098891 0.164621 0.000000 0.000000 -0.406545 -0.293632 0.000000 0.000000 -0.241574 -0.225673 0.000000 0.000000 -0.034454 -0.050285 0.000000 0.000000 0.415475 0.416025 0.000000 0.000000 -0.144870 -0.189159 0.000000 0.000000
13.600000 -0.288080 -0.273317 -0.660000 -0.660000 0.124675 0.067007 4.910000 4.910000 0.090727 0.101097 7.300000 7.300000 0.771953 0.834454 10.670000 10.670000 0.248930 -0.562596 -18.600000 -18.600000 -0.175852 -0.080427 -1.650000 -1.650000 -0.402774 -0.430964 1.600000 1.600000 -0.229514 -0.189376 -2.740000 -2.740000 0.110535 0.097717 -5.170000 -5.170000 0.731221 0.796646 4.660000 4.660000 0.034119 -0.461633 -13.480000 -13.480000 0.117165 0.175048 -0.990000 -0.990000 0.142444 0.153219 -1.650000 -1.650000 -0.020964 -0.026246 -0.990000 -0.990000 -0.105500 -0.044687 0.000000 0.000000 0.240027 0.205213 0.000000 0.000000 0.091505 0.047577 0.000000 0.000000 0.317463 0.313425 0.000000 0.000000 0.094756 0.149592 0.000000 0.000000 -0.405426 -0.294123 0.000000 0.000000 -0.228403 -0.225265 0.000000 0.000000 -0.028441 -0.049295 0.000000 0.000000 0.403075 0.418779 0.000000 0.000000 -0.143059 -0.186202 0.000000 0.000000
13.620000 -0.334488 -0.278011 -5.120000 -5.120000 0.126397 0.067202 5.400000 5.400000 0.092470 0.101547 7.130000 7.130000 0.762818 0.834135 7.110000 7.110000 0.114872 -0.563554 -17.629999 -17.629999 -0.175309 -0.082270 -1.590000 -1.590000 -0.354020 -0.415410 4.890000 4.890000 -0.234108 -0.194222 -2.460000 -2.460000 0.119516 0.102562 -6.420000 -6.420000 0.730847 0.796629 7.000000 7.000000 0.145342 -0.461657 -15.589999 -15.589999 0.107898 0.174399 -1.150000 -1.150000 0.128323 0.152788 -3.800000 -3.800000 -0.016510 -0.026109 -1.330000 -1.330000 -0.091734 -0.044687 0.000000 0.000000 0.241522 0.208613 0.000000 0.000000 0.093843 0.051069 0.000000 0.000000 0.329247 0.320619 0.000000 0.000000 0.090753 0.136845 0.000000 0.000000 -0.412836 -0.295105 0.000000 0.000000 -0.208614 -0.222599 0.000000 0.000000 -0.024116 -0.047677 0.000000 0.000000 0.391842 0.422106 0.000000 0.000000 -0.143249 -0.181076 0.000000 0.000000
13.640000 -0.391180 -0.278594 -9.220000 -9.220000 0.135666 0.066860 6.170000 6.170000 0.090368 0.101205 8.340000 8.340000 0.760765 0.835995 5.280000 5.280000 -0.036999 -0.562407 -15.190000 -15.190000 -0.172141 -0.085967 -1.380000 -1.380000 -0.303243 -0.411207 8.770000 8.770000 -0.247291 -0.194565 -1.990000 -1.990000 0.136585 0.104099 -8.720000 -8.720000 0.743075 0.796433 9.920000 9.920000 0.258209 -0.461941 -17.059999 -17.059999 0.092112 0.174399 -1.400000 -1.400000 0.120408 0.151457 -5.730000 -5.730000 -0.003195 -0.025698 -1.030000 -1.030000 -0.069539 -0.045055 0.000000 0.000000 0.251990 0.211931 0.000000 0.000000 0.096239 0.054387 0.000000 0.000000 0.333957 0.323676 0.000000 0.000000 0.088910 0.134349 0.000000 0.000000 -0.417135 -0.295105 0.000000 0.000000 -0.186868 -0.219165 0.000000 0.000000 -0.018260 -0.045104 0.000000 0.000000 0.373629 0.422466 0.000000 0.000000 -0.143471 -0.180492 0.000000 0.000000
13.660000 -0.438523 -0.285236 -11.509999 -11.509999 0.143251 0.067183 6.660000 6.660000 0.085958 0.100882 9.730000 9.730000 0.752903 0.840510 1.560000 1.560000 -0.178869 -0.570062 -14.330000 -14.330000 -0.168970 -0.090185 -0.960000 -0.960000 -0.274426 -0.409182 11.050000 11.050000 -0.256661 -0.198979 -1.650000 -1.650000 0.152195 0.108984 -10.010000 -10.010000 0.739033 0.795712 10.760000 10.760000 0.322671 -0.460450 -18.020000 -18.020000 0.091383 0.172801 -1.400000 -1.400000 0.109630 0.150683 -7.110000 -7.110000 0.005213 -0.024200 -1.230000 -1.230000 -0.036541 -0.045055 0.000000 0.000000 0.261909 0.214201 0.000000 0.000000 0.102562 0.056658 0.000000 0.000000 0.323219 0.325194 0.000000 0.000000 0.086623 0.132629 0.000000 0.000000 -0.425218 -0.295105 0.000000 0.000000 -0.176754 -0.214776 0.000000 0.000000 -0.019238 -0.040808 0.000000 0.000000 0.368456 0.421286 0.000000 0.000000 -0.142308 -0.179312 0.000000 0.000000
13.680000 -0.466161 -0.297738 -12.290000 -12.290000 0.144404 0.067604 6.010000 6.010000 0.080520 0.100461 10.290000 10.290000 0.745352 0.846599 -0.290000 -0.290000 -0.236549 -0.575115 -12.050000 -12.050000 -0.168679 -0.099102 -0.770000 -0.770000 -0.265973 -0.409182 11.809999 11.809999 -0.259585 -0.201711 -2.180000 -2.180000 0.160572 0.117217 -10.380000 -10.380000 0.746842 0.792344 11.960000 11.960000 0.362552 -0.455586 -18.490000 -18.490000 0.088472 0.172225 -1.480000 -1.480000 0.111678 0.148236 -6.590000 -6.590000 0.012205 -0.021439 -0.590000 -0.590000 -0.010325 -0.046037 0.000000 0.000000 0.262183 0.217624 0.000000 0.000000 0.106715 0.060080 0.000000 0.000000 0.311996 0.326464 0.000000 0.000000 0.087422 0.129561 0.000000 0.000000 -0.441287 -0.296332 0.000000 0.000000 -0.165427 -0.211178 0.000000 0.000000 -0.019381 -0.037769 0.000000 0.000000 0.366600 0.418633 0.000000 0.000000 -0.144701 -0.177895 0.000000 0.000000
13.700000 -0.445983 -0.313446 -10.599999 -10.599999 0.142620 0.068455 4.980000 4.980000 0.072439 0.099609 10.420000 10.420000 0.751588 0.849139 0.360000 0.360000 -0.179021 -0.572228 -13.639999 -13.639999 -0.174498 -0.106228 -0.970000 -0.970000 -0.286011 -0.409826 9.750000 9.750000 -0.253479 -0.198157 -3.620000 -3.620000 0.158442 0.126408 -8.920000 -8.920000 0.742610 0.789607 13.330000 13.330000 0.337312 -0.458474 -17.900000 -17.900000 0.103297 0.172193 -1.350000 -1.350000 0.102673 0.147179 -8.470000 -8.470000 0.013842 -0.017837 -0.990000 -0.990000 0.010844 -0.047510 0.000000 0.000000 0.260654 0.221676 0.000000 0.000000 0.103747 0.064272 0.000000 0.000000 0.287043 0.327712 0.000000 0.000000 0.090525 0.124536 0.000000 0.000000 -0.449924 -0.297436 0.000000 0.000000 -0.177529 -0.206195 0.000000 0.000000 -0.023691 -0.035115 0.000000 0.000000 0.379960 0.413485 0.000000 0.000000 -0.149274 -0.170971 0.000000 0.000000
13.720000 -0.393661 -0.324583 -5.410000 -5.410000 0.131553 0.068015 4.340000 4.340000 0.069878 0.097328 9.520000 9.520000 0.765518 0.850138 5.270000 5.270000 0.018257 -0.569222 -15.870000 -15.870000 -0.180783 -0.107144 -1.380000 -1.380000 -0.313183 -0.409826 7.920000 7.920000 -0.243448 -0.196033 -2.870000 -2.870000 0.150881 0.133173 -6.750000 -6.750000 0.731908 0.782093 10.460000 10.460000 0.280651 -0.468993 -17.090000 -17.090000 0.128334 0.172896 -1.050000 -1.050000 0.107008 0.146396 -6.860000 -6.860000 0.013148 -0.018307 -0.850000 -0.850000 -0.013953 -0.046528 0.000000 0.000000 0.261595 0.224656 0.000000 0.000000 0.090982 0.066437 0.000000 0.000000 0.264786 0.326172 0.000000 0.000000 0.094499 0.123828 0.000000 0.000000 -0.463738 -0.297436 0.000000 0.000000 -0.201580 -0.203960 0.000000 0.000000 -0.020570 -0.033765 0.000000 0.000000 0.401236 0.412518 0.000000 0.000000 -0.158135 -0.169959 0.000000 0.000000
