time jpLt jpLc tpLt mpLc jrLt jrLc trLt mrLc jyLt jyLc tyLt myLc jkLt jkLc tkLt mkLc japLt japLc tapLt mapLc jarLt jarLc tarLt marLc jpRt jpRc tpRt mpRc jrRt jrRc trRt mrRc jyRt jyRc tyRt myRc jkRt jkRc tkRt mkRc japRt japRc tapRt mapRc jarRt jarRc tarRt marRc jwrt jwrc twrt mwrc jwyt jwyc twyt mwyc jspLt jspLc tspLt mspLt jsrLt jsrLc tsrLt msrLt jsyLt jsyLc tsyLt msyLt jeLt jeLc teLt meLt jwrLt jwrLc twrLt mwrLt jspRt jspRc tspRt mspRt jsrRt jsrRc tsrRt msrRt jsyRt jsyRc tsyRt msyRt jeRt jeRc teRt meRt jwrRt jwrRc twrRt mwrRt r p y step
0.018000 -0.300000 -0.300000 0.000000 0.000000 0.000000 -0.000000 0.000000 0.000000 0.000000 0.000000 -0.000000 0.000000 0.600000 0.600000 -0.000000 0.000000 -0.300000 -0.300000 0.000000 0.000000 0.000000 0.000000 -0.000000 0.000000 -0.300000 -0.300000 0.000000 0.000000 0.000000 -0.000000 0.000000 0.000000 0.000000 -0.000000 0.000000 0.000000 0.600000 0.600000 -0.000000 0.000000 -0.300000 -0.300000 -0.000000 0.000000 0.000000 -0.000000 0.000000 0.000000 0.000000 -0.000000 0.000000 0.000000 0.000000 0.000000 -0.000000 0.000000 0.000000 -0.000000 0.000000 0.000000 0.000000 0.000000 -0.000000 0.000000 0.000000 -0.000000 0.000000 0.000000 0.000000 -0.000000 0.000000 0.000000 0.000000 -0.000000 0.000000 0.000000 0.000000 -0.000000 0.000000 0.000000 -0.000000 0.000000 -0.000000 0.000000 0.000000 -0.000000 -0.000000 0.000000 0.000000 -0.000000 0.000000 0.000000 0.000000 -0.000000 0.000000 0.000000 0.000000 0.030000 0.000000 0.000000
0.036000 -0.300000 -0.300000 0.000000 0.000000 0.000000 -0.000000 0.000000 0.000000 0.000000 0.000000 -0.000000 0.000000 0.600000 0.600000 -0.000000 0.000000 -0.300000 -0.300000 0.000000 0.000000 0.000000 0.000000 -0.000000 0.000000 -0.300000 -0.300000 0.000000 0.000000 0.000000 0.000000 -0.000000 0.000000 0.000000 -0.000000 0.000000 0.000000 0.600000 0.600000 -0.000000 0.000000 -0.300000 -0.300000 -0.000000 0.000000 0.000000 -0.000000 0.000000 0.000000 0.000000 -0.000000 0.000000 0.000000 0.000000 0.000000 -0.000000 0.000000 0.000000 -0.000000 0.000000 0.000000 0.000000 0.000000 -0.000000 0.000000 0.000000 -0.000000 0.000000 0.000000 0.000000 -0.000000 0.000000 0.000000 0.000000 -0.000000 0.000000 0.000000 0.000000 -0.000000 0.000000 0.000000 -0.000000 0.000000 -0.000000 0.000000 0.000000 0.000000 -0.000000 0.000000 0.000000 -0.000000 0.000000 0.000000 0.000000 -0.000000 0.000000 0.000000 0.000000 0.030000 0.000000 1.000000
0.054000 -0.300000 -0.300000 0.000000 0.000000 0.000000 -0.000000 0.000000 0.000000 0.000000 0.000000 -0.000000 0.000000 0.600000 0.600000 -0.000000 0.000000 -0.300000 -0.300000 0.000000 0.000000 0.000000 0.000000 -0.000000 0.000000 -0.300000 -0.300000 0.000000 0.000000 0.000000 0.000000 -0.000000 0.000000 0.000000 -0.000000 0.000000 0.000000 0.600000 0.600000 -0.000000 0.000000 -0.300000 -0.300000 -0.000000 0.000000 0.000000 -0.000000 0.000000 0.000000 0.000000 -0.000000 0.000000 0.000000 0.000000 0.000000 -0.000000 0.000000 0.000000 -0.000000 0.000000 0.000000 0.000000 0.000000 -0.000000 0.000000 0.000000 -0.000000 0.000000 0.000000 0.000000 -0.000000 0.000000 0.000000 0.000000 -0.000000 0.000000 0.000000 0.000000 -0.000000 0.000000 0.000000 -0.000000 0.000000 -0.000000 0.000000 0.000000 0.000000 -0.000000 0.000000 0.000000 -0.000000 0.000000 0.000000 0.000000 -0.000000 0.000000 0.000000 0.000000 0.030000 0.000000 2.000000
0.072000 -0.300000 -0.300000 0.000000 0.000000 0.000000 -0.000000 0.000000 0.000000 0.000000 0.000000 -0.000000 0.000000 0.600000 0.600000 -0.000000 0.000000 -0.300000 -0.300000 0.000000 0.000000 0.000000 0.000000 -0.000000 0.000000 -0.300000 -0.300000 0.000000 0.000000 0.000000 0.000000 -0.000000 0.000000 0.000000 -0.000000 0.000000 0.000000 0.600000 0.600000 -0.000000 0.000000 -0.300000 -0.300000 -0.000000 0.000000 0.000000 -0.000000 0.000000 0.000000 0.000000 -0.000000 0.000000 0.000000 0.000000 0.000000 0.000000 0.000000 0.000000 -0.000000 0.000000 0.000000 0.000000 0.000000 -0.000000 0.000000 0.000000 -0.000000 -0.000000 0.000000 0.000000 -0.000000 0.000000 0.000000 0.000000 -0.000000 0.000000 0.000000 0.000000 -0.000000 0.000000 0.000000 -0.000000 0.000000 -0.000000 0.000000 0.000000 0.000000 -0.000000 0.000000 0.000000 -0.000000 0.000000 0.000000 0.000000 -0.000000 0.000000 0.000000 0.000000 0.030000 0.000000 3.000000
0.090000 -0.300000 -0.327005 10.618899 0.000000 0.000000 0.001582 -0.286216 0.000000 0.000000 -0.000697 0.238804 0.000000 0.600000 0.654217 -22.764464 0.000000 -0.300000 -0.324793 4.488345 0.000000 0.000000 0.000002 0.001069 0.000000 -0.300000 -0.331431 11.508603 0.000000 0.000000 0.001597 -0.288948 0.000000 0.000000 -0.000617 0.218225 0.000000 0.600000 0.660724 -23.988977 0.000000 -0.300000 -0.320077 4.005958 0.000000 0.000000 -0.000119 0.003652 0.000000 0.000000 0.001911 -0.343698 0.000000 0.000000 0.000176 0.096504 0.000000 0.000000 0.000520 -0.602722 0.000000 0.000000 -0.000359 -0.011138 0.000000 0.000000 -0.000077 -0.016553 0.000000 0.000000 0.016023 -3.295363 0.000000 0.000000 0.000009 -0.002432 0.000000 0.000000 0.001247 -0.619414 0.000000 -0.000000 -0.000363 -0.010299 0.000000 0.000000 -0.000076 -0.016818 0.000000 0.000000 0.009395 -2.542208 0.000000 0.000000 0.000010 -0.002487 0.000000 -0.001554 0.028105 -0.000142 4.000000
0.108000 -0.300000 -0.343141 8.313690 0.000000 0.000000 0.001137 -0.171663 0.000000 0.000000 -0.000746 0.096607 0.000000 0.600000 0.721859 -32.211048 0.000000 -0.300000 -0.360022 4.890878 0.000000 0.000000 -0.000031 0.005627 0.000000 -0.300000 -0.346750 8.902018 0.000000 0.000000 0.001154 -0.175878 0.000000 0.000000 -0.000652 0.076733 0.000000 0.600000 0.726476 -32.836030 0.000000 -0.300000 -0.352990 4.521451 0.000000 0.000000 -0.000107 0.002856 0.000000 0.000000 0.000952 -0.017849 0.000000 0.000000 -0.000276 0.059199 0.000000 0.000000 0.009233 -2.203386 0.000000 0.000000 -0.000126 -0.024506 0.000000 0.000000 0.000041 -0.013392 0.000000 0.000000 0.031518 -3.293789 0.000000 0.000000 0.000023 -0.002763 0.000000 0.000000 0.009488 -2.123225 0.000000 -0.000000 -0.000134 -0.023749 0.000000 0.000000 0.000043 -0.013387 0.000000 0.000000 0.025049 -3.342394 0.000000 0.000000 0.000023 -0.002767 0.000000 -0.001213 0.013304 0.000086 5.000000
0.126000 -0.300000 -0.321590 -0.832090 0.000000 0.000000 0.000994 -0.201398 0.000000 0.000000 -0.000321 0.011252 0.000000 0.600000 0.753721 -33.249637 0.000000 -0.300000 -0.384066 4.376758 0.000000 0.000000 -0.000088 0.008780 0.000000 -0.300000 -0.324571 -0.302565 0.000000 0.000000 0.001016 -0.206174 0.000000 0.000000 -0.000225 -0.007672 0.000000 0.600000 0.756891 -33.729578 0.000000 -0.300000 -0.376025 4.071567 0.000000 0.000000 -0.000122 0.006421 0.000000 0.000000 -0.000036 0.127716 0.000000 0.000000 -0.000113 -0.005277 0.000000 0.000000 0.024122 -3.405532 0.000000 0.000000 -0.000019 -0.006004 0.000000 0.000000 0.000077 -0.003408 0.000000 0.000000 0.041777 -2.755840 0.000000 0.000000 0.000033 -0.002413 0.000000 0.000000 0.023747 -3.298933 0.000000 -0.000000 -0.000030 -0.004287 0.000000 0.000000 0.000079 -0.003953 0.000000 0.000000 0.038650 -3.245912 0.000000 0.000000 0.000033 -0.002403 0.000000 -0.000893 -0.015187 -0.000245 6.000000
0.144000 -0.300000 -0.280848 -10.157119 0.000000 0.000000 0.001104 -0.242756 0.000000 0.000000 -0.000186 0.042782 0.000000 0.600000 0.757228 -30.700127 0.000000 -0.300000 -0.396698 3.720488 0.000000 0.000000 -0.000143 0.008787 0.000000 -0.300000 -0.283486 -9.675000 0.000000 0.000000 0.001125 -0.246592 0.000000 0.000000 -0.000093 0.024786 0.000000 0.600000 0.759688 -31.111196 0.000000 -0.300000 -0.388277 3.444607 0.000000 0.000000 -0.000153 0.007253 0.000000 0.000000 -0.000606 0.181517 0.000000 0.000000 -0.000026 0.002991 0.000000 0.000000 0.040123 -3.863137 0.000000 0.000000 -0.000003 -0.000423 0.000000 0.000000 0.000034 0.009976 0.000000 0.000000 0.045172 -1.875609 0.000000 0.000000 0.000037 -0.001821 0.000000 0.000000 0.039306 -3.793191 0.000000 -0.000000 -0.000045 0.008326 0.000000 0.000000 0.000047 0.007385 0.000000 0.000000 0.046273 -2.520320 0.000000 0.000000 0.000037 -0.001831 0.000000 -0.000898 -0.047119 -0.000409 7.000000
0.162000 -0.300000 -0.244807 -15.324120 0.000000 0.000000 0.001229 -0.259832 0.000000 0.000000 -0.000342 0.099874 0.000000 0.600000 0.746966 -27.461799 0.000000 -0.300000 -0.400486 3.074267 0.000000 0.000000 -0.000163 0.004510 0.000000 -0.300000 -0.247153 -14.895792 0.000000 0.000000 0.001246 -0.262358 0.000000 0.000000 -0.000254 0.082796 0.000000 0.600000 0.748978 -27.807956 0.000000 -0.300000 -0.391929 2.809980 0.000000 0.000000 -0.000159 0.003250 0.000000 0.000000 -0.000865 0.197005 0.000000 0.000000 -0.000024 0.001854 0.000000 0.000000 0.052694 -3.637246 0.000000 0.000000 -0.000003 0.000227 0.000000 0.000000 -0.000059 0.016776 0.000000 0.000000 0.043039 -1.161981 0.000000 0.000000 0.000037 -0.001340 0.000000 0.000000 0.051920 -3.646614 0.000000 -0.000000 -0.000099 0.012328 0.000000 0.000000 -0.000037 0.015331 0.000000 0.000000 0.047229 -1.654681 0.000000 0.000000 0.000037 -0.001339 0.000000 -0.001070 -0.070433 -0.000277 8.000000
0.180000 -0.300000 -0.228682 -15.103662 0.000000 0.000000 0.001260 -0.247931 0.000000 0.000000 -0.000532 0.128843 0.000000 0.600000 0.733784 -24.838712 0.000000 -0.300000 -0.398092 2.488764 0.000000 0.000000 -0.000125 -0.002823 0.000000 -0.300000 -0.230794 -14.711584 0.000000 0.000000 0.001271 -0.249662 0.000000 0.000000 -0.000447 0.112392 0.000000 0.600000 0.735495 -25.142716 0.000000 -0.300000 -0.389487 2.226605 0.000000 0.000000 -0.000113 -0.003661 0.000000 0.000000 -0.000938 0.189572 0.000000 0.000000 0.000037 -0.020698 0.000000 0.000000 0.059723 -3.066477 0.000000 0.000000 -0.000003 0.000012 0.000000 0.000000 -0.000133 0.012658 0.000000 0.000000 0.038636 -0.871978 0.000000 0.000000 0.000035 -0.001078 0.000000 0.000000 0.059393 -3.132635 0.000000 -0.000000 -0.000144 0.010507 0.000000 0.000000 -0.000116 0.013568 0.000000 0.000000 0.043736 -1.065003 0.000000 0.000000 0.000036 -0.001059 0.000000 -0.001222 -0.077502 -0.000072 9.000000
0.200000 -0.329934 -0.264456 -4.228928 -15.103662 0.098317 0.020634 10.629507 -0.188387 -0.027218 -0.019961 1.820446 0.059544 0.742309 0.757380 -9.614439 10.622468 -0.436867 -0.404384 0.416471 -14.216243 -0.344893 -0.031097 -4.403418 -0.002823 -0.307475 -0.242857 -8.818711 -14.711584 -0.039712 0.007439 -10.838126 0.068635 -0.054990 -0.040597 5.369529 -0.181027 0.752864 0.734787 1.784958 10.963749 -0.331422 -0.382630 0.549883 -14.178966 -0.003926 0.000331 -0.194055 -0.003661 0.095089 0.024496 7.915704 0.105135 -0.145692 -0.066983 -1.982251 -0.084437 0.225516 0.081750 1.393459 -3.066477 0.370144 0.014469 10.078549 -0.006323 0.049374 0.002225 1.721900 -0.006335 -0.020321 0.020367 0.674153 -0.435450 0.088396 0.011212 0.443163 0.436528 0.267419 0.060366 7.583967 -3.132635 -0.403913 -0.018584 -10.305961 -0.001531 -0.077263 0.003835 -3.495561 -0.012037 -0.090876 0.023475 0.129689 -0.531972 -0.026930 -0.003363 -0.140727 0.533031 -0.018331 -0.064294 0.037206 10.000000
0.220000 -0.329685 -0.324860 7.376418 -4.228928 0.127890 0.042489 15.814352 4.404531 -0.078538 -0.027839 -9.237697 -6.224977 0.816106 0.806136 -4.946300 4.506528 -0.263216 -0.414391 5.996376 -5.107911 -0.171589 -0.073839 0.440046 -4.403418 -0.369975 -0.294281 -5.864414 -8.818711 -0.106147 0.007095 -20.906072 2.734298 -0.029004 -0.062326 6.913217 -8.103828 0.700663 0.754771 -13.076371 -1.289495 -0.346820 -0.374848 -0.264454 0.495463 0.097593 0.013086 0.480035 -0.194055 0.067349 0.056782 -1.123498 4.948978 0.021811 -0.062623 7.216507 -2.966726 -0.107250 0.079654 -4.415529 1.393459 0.179098 0.045013 0.738781 4.178324 -0.026279 -0.008922 1.512043 -5.900225 -0.042047 0.017989 -1.879033 0.115495 0.101037 0.031177 -0.238258 -0.558658 -0.100212 0.073022 -8.721610 7.583967 -0.264327 -0.061775 -1.010693 -3.405200 -0.021443 -0.005004 1.039510 6.900761 0.033879 0.004318 2.037179 0.135208 -0.099953 -0.018237 -0.262793 0.005519 -0.036819 -0.037186 0.046007 11.000000
0.240000 -0.417416 -0.363847 -6.128017 7.376418 0.200708 0.046131 31.348728 12.526025 -0.028178 -0.011840 -7.216263 -3.288327 0.669895 0.826354 -33.064095 -1.856233 -0.126036 -0.432092 10.916892 -6.802534 -0.223866 -0.095265 -3.237506 0.440046 -0.265258 -0.352790 25.009981 -5.864414 -0.051884 -0.003308 -7.970818 6.996427 0.001143 -0.039862 3.370045 -13.909644 0.850961 0.786970 6.655387 6.729122 -0.015241 -0.383777 12.186076 -6.347250 0.059810 0.028729 0.623876 0.480035 -0.097534 0.048088 -24.158126 -4.170003 -0.059649 -0.022505 -8.943889 -3.046504 -0.122210 0.057119 -3.819000 -4.415529 0.053576 0.076310 -5.499425 -0.386631 -0.041328 -0.013554 -1.368909 -1.125412 0.085085 0.029017 -0.680390 -0.820387 0.081872 0.047075 -0.507047 1.058646 -0.026017 0.071307 -2.251152 -8.721610 -0.201197 -0.098775 0.100414 -1.025102 -0.072832 -0.013614 -1.290886 -0.014408 0.084344 0.021982 -2.255582 1.149986 -0.100503 -0.038233 0.342678 -0.887193 -0.031121 -0.011052 0.014595 12.000000
0.260000 -0.370822 -0.394672 9.396472 -6.128017 0.097956 0.036275 14.068450 19.282495 -0.060218 0.003591 -13.233275 -12.066233 0.757801 0.841438 -19.112168 8.650051 0.036490 -0.434217 13.425274 -24.414044 -0.208378 -0.089193 -4.884986 -3.237506 -0.438267 -0.395408 -2.807642 25.009981 -0.181487 -0.019070 -30.272860 2.300387 0.008633 -0.023575 5.771861 -5.670431 0.684538 0.815185 -29.271707 -12.126040 -0.047851 -0.391893 10.122165 -5.470653 0.100944 0.023203 2.880615 0.623876 0.107634 0.022557 18.788427 -7.607119 0.061916 0.001878 7.351652 16.551008 -0.090612 0.025286 0.479968 -3.819000 0.130453 0.098520 -0.958859 -2.065258 -0.029784 -0.016840 0.339381 3.434167 0.148647 0.070012 -3.512887 -0.086671 0.082301 0.057254 -0.274650 0.593719 -0.119418 0.060518 -5.367012 -2.251152 -0.243676 -0.129990 0.669748 0.695650 -0.051002 -0.024552 0.744448 0.595236 0.160639 0.057502 -1.484355 -1.299130 -0.110302 -0.056129 0.340356 0.956452 -0.014785 0.007458 0.002219 13.000000
0.280000 -0.327528 -0.417266 19.969537 9.396472 0.173440 0.024755 31.233908 13.650863 -0.029398 0.003643 -6.764408 -0.417588 0.800450 0.850463 -10.517502 -0.136963 0.147124 -0.427268 16.647478 -19.249132 -0.234874 -0.079322 -5.373432 -4.884986 -0.427469 -0.422558 1.567900 -2.807642 -0.109172 -0.034672 -12.532179 12.250499 -0.010877 -0.027506 4.539207 -18.022361 0.760452 0.834696 -17.403566 7.327650 -0.037579 -0.394882 11.256474 -21.944057 0.066136 0.022330 1.310508 2.880615 -0.077207 0.004578 -12.670166 5.718387 -0.050201 0.000587 -7.273880 -13.070039 -0.132085 0.002839 -2.837337 0.479968 0.155404 0.114274 -0.888297 -0.649120 0.045365 -0.009686 0.022330 0.309739 0.116209 0.093081 -1.684935 -1.619119 0.069080 0.062638 -0.250578 1.893769 -0.016731 0.039733 1.321423 -5.367012 -0.177273 -0.155054 1.622543 -0.037350 -0.084444 -0.033944 -0.679563 -0.707098 0.199107 0.102565 -3.317926 -0.912355 -0.119820 -0.071935 0.296925 0.572000 -0.004245 0.020763 0.003981 14.000000
0.300000 -0.404589 -0.437932 10.633643 19.969537 0.113374 0.018787 19.319269 18.999158 -0.040144 0.003015 -8.176395 -12.234750 0.788123 0.854867 -13.961235 -6.760728 0.253222 -0.419901 19.539611 -17.278230 -0.239668 -0.072014 -5.825373 -5.373432 -0.579039 -0.452151 -19.401872 1.567900 -0.149502 -0.047153 -18.989367 3.996486 -0.021377 -0.037854 5.333114 -8.535693 0.737276 0.853057 -25.630784 0.574608 -0.069849 -0.395050 9.219839 -16.828957 0.113201 0.027769 2.161411 1.310508 0.041430 -0.011984 11.871896 -2.698143 0.011842 -0.004220 2.045799 9.972023 -0.077723 -0.016523 0.457964 -2.837337 0.271111 0.133440 2.398442 -0.455314 0.008823 -0.002203 0.039394 0.432983 0.150800 0.113511 -1.498186 -0.717179 0.074014 0.065520 -0.051504 0.967757 -0.052751 0.019381 -0.124106 1.321423 -0.175693 -0.169321 1.719460 1.151053 -0.079138 -0.046422 0.764550 -0.471490 0.232526 0.142987 -1.615688 -1.807426 -0.139539 -0.087359 0.214779 1.510501 0.003496 0.032379 0.007707 15.000000
0.320000 -0.398355 -0.455730 12.842795 10.633643 0.121151 0.020102 19.554622 13.747832 -0.007183 0.009955 -5.336048 -5.571437 0.831435 0.860160 -6.773322 -7.126982 0.266793 -0.412245 19.442685 -21.088217 -0.220639 -0.064340 -5.408068 -5.825373 -0.379974 -0.479006 21.723756 -19.401872 -0.117523 -0.051822 -13.139232 6.828126 -0.008453 -0.040977 5.923907 -12.161241 0.863567 0.863842 -1.445537 6.158669 0.242490 -0.383705 18.341027 -19.472116 0.104435 0.029383 2.178529 2.161411 -0.051251 -0.022254 -3.956233 4.913048 0.003618 0.007291 -2.157993 -6.958848 -0.219368 -0.040173 -3.224582 0.457964 0.137740 0.151004 -2.628591 1.179524 -0.007507 -0.000474 -0.528537 -1.218918 0.138309 0.134639 -2.809556 -0.723341 0.097785 0.070872 0.049177 0.774845 -0.090553 0.002892 -1.401071 -0.124106 -0.180270 -0.178383 0.781692 0.477455 -0.069961 -0.057182 0.658151 -1.242005 0.159074 0.171179 -3.995365 -0.915234 -0.146809 -0.102038 0.270333 0.700454 0.007380 0.045169 -0.002536 16.000000
0.340000 -0.510959 -0.471737 -4.488214 12.842795 0.123648 0.030873 16.445466 12.445335 0.005564 0.027311 -7.104312 -7.109287 0.742226 0.863663 -24.112093 -10.650958 0.063192 -0.408068 14.229372 -17.424280 -0.220192 -0.058370 -5.396385 -5.408068 -0.555656 -0.498118 -7.511034 21.723756 -0.161202 -0.051655 -21.908562 3.607663 -0.028631 -0.049269 6.615134 -9.531570 0.795328 0.871822 -16.226388 -12.519453 0.105149 -0.377563 13.626888 -13.964990 0.077467 0.033591 0.723345 2.178529 0.034574 -0.024424 10.895273 -0.899120 0.010353 0.007670 1.366653 3.057113 -0.081379 -0.061912 1.761986 -3.224582 0.207429 0.162917 0.160956 -1.050027 0.004360 0.001437 -0.158407 1.578564 0.233978 0.158986 -0.802855 -1.429366 0.058699 0.072535 -0.303755 1.380189 -0.050375 -0.013346 0.943362 -1.401071 -0.132092 -0.181009 1.980114 0.061770 -0.066083 -0.063665 0.769068 -0.719922 0.188983 0.185625 -1.126163 -2.132849 -0.153761 -0.114982 0.255212 1.862516 0.006762 0.052584 -0.005590 17.000000
0.360000 -0.389255 -0.483561 19.113661 -4.488214 0.153710 0.044780 20.037606 11.774889 -0.003778 0.035580 -7.773511 -4.670577 0.851136 0.864250 -3.319243 1.782440 0.120725 -0.412406 16.316094 -22.329653 -0.221248 -0.055822 -5.085777 -5.396385 -0.415990 -0.508723 17.969640 -7.511034 -0.139193 -0.050243 -18.173796 7.646714 -0.054126 -0.071690 6.819812 -14.261848 0.871067 0.872736 -0.113152 -1.725419 0.160628 -0.372974 15.899040 -17.951807 0.069279 0.034905 1.249834 0.723345 -0.017003 -0.014191 -2.081102 4.764310 -0.000837 0.000657 0.428246 -6.130963 -0.175428 -0.078952 -1.249968 1.761986 0.180292 0.170802 -0.477421 0.159682 -0.036307 -0.001999 -0.328152 -0.001274 0.200122 0.184342 -2.751889 -0.249550 0.058488 0.069817 0.002212 0.553305 -0.072234 -0.025647 -0.518943 0.943362 -0.315776 -0.186667 -3.654371 0.605523 -0.068197 -0.065096 -0.334743 -1.374591 0.161744 0.193151 -2.367441 -0.690687 -0.145504 -0.124359 0.275291 0.435476 -0.000647 0.061187 -0.000561 18.000000
0.380000 -0.464537 -0.486733 5.330924 19.113661 0.165712 0.056158 20.257041 13.905558 0.012683 0.036511 -5.523101 -6.132048 0.747651 0.867468 -24.032380 -10.120599 0.011708 -0.411562 12.302686 -13.439842 -0.234124 -0.051857 -6.050596 -5.085777 -0.568473 -0.505532 -12.409446 17.969640 -0.140021 -0.050608 -17.540867 5.676992 -0.083101 -0.099722 7.733911 -12.496804 0.765696 0.866146 -18.631657 -11.422531 -0.085136 -0.372014 8.312312 -11.535683 0.089829 0.029797 2.630554 1.249834 0.017215 -0.004026 2.876702 -1.254674 -0.017851 -0.003807 -2.377573 0.826428 -0.101189 -0.091146 0.673746 -1.249968 0.229561 0.178095 0.704997 -0.074634 -0.054283 -0.011166 -0.206817 0.402786 0.278686 0.208923 -0.798649 -1.377050 0.053480 0.066295 0.036879 1.374838 -0.063327 -0.035927 0.602633 -0.518943 -0.271748 -0.196265 -1.750829 -1.659814 -0.106015 -0.066551 -1.005064 1.994557 0.236954 0.203811 -0.574880 -1.321366 -0.153519 -0.131450 0.125425 1.046075 -0.008276 0.059449 0.002071 19.000000
0.400000 -0.471616 -0.488593 3.182196 5.330924 0.181733 0.069379 20.426972 12.890071 0.025950 0.049523 -7.029168 -7.366970 0.769613 0.866460 -19.112002 3.133650 0.044034 -0.408115 13.279006 -20.898729 -0.237479 -0.047986 -5.854932 -6.050596 -0.466578 -0.503385 6.884518 -12.409446 -0.160889 -0.050169 -22.566025 4.903478 -0.077963 -0.120271 10.043005 -12.637389 0.809150 0.852736 -7.019649 3.314339 -0.150279 -0.372359 6.577437 -15.317318 0.044828 0.017960 2.314990 2.630554 0.037126 0.005170 4.892643 2.627137 0.015338 0.004923 0.086495 -0.249564 -0.097111 -0.096271 0.382965 0.673746 0.178121 0.183813 -0.649015 0.455907 -0.056015 -0.021992 0.209970 -0.249090 0.263138 0.231350 -1.669458 -0.417764 0.036516 0.060804 -0.011105 0.380885 -0.037856 -0.042567 0.705485 0.602633 -0.294891 -0.206254 -1.857224 -0.372882 -0.119864 -0.074022 -0.457112 1.377946 0.281433 0.220903 -0.592214 -0.350152 -0.143843 -0.136112 0.180122 0.224727 -0.012596 0.061245 -0.008553 20.000000
0.420000 -0.493181 -0.484614 -2.634225 3.182196 0.184969 0.079869 19.844635 13.728070 0.039438 0.061355 -5.761609 -6.698902 0.785507 0.865366 -15.889693 -0.031441 -0.034197 -0.404204 10.629457 -19.143444 -0.204572 -0.049431 -4.271826 -5.854932 -0.410925 -0.496442 15.592297 6.884518 -0.131633 -0.049453 -16.276767 6.261510 -0.101147 -0.129454 7.005580 -16.304515 0.820390 0.845267 -4.317663 -1.239085 -0.124265 -0.366165 6.696308 -8.258734 0.051727 0.004733 2.383054 2.314990 -0.016408 0.010666 -5.528410 2.403074 -0.006755 0.005880 -1.430562 -2.489569 -0.159789 -0.097906 -2.209073 0.382965 0.225316 0.189287 0.298630 -0.429493 -0.088328 -0.034522 -0.062446 0.219522 0.276389 0.250125 -1.541316 -0.829176 0.052135 0.056696 0.190698 0.840281 -0.046499 -0.045835 0.321793 0.705485 -0.189880 -0.211843 0.967311 -0.700056 -0.080004 -0.079935 0.521378 1.157168 0.302734 0.245575 -1.691117 -0.386168 -0.161573 -0.140810 -0.006798 0.206046 -0.014882 0.057786 -0.015019 21.000000
0.440000 -0.520410 -0.483959 -6.515923 -2.634225 0.156001 0.088595 12.237583 12.803122 0.057298 0.072943 -4.806306 -7.041513 0.786100 0.865463 -15.977340 0.270379 -0.106024 -0.400716 8.545922 -15.619314 -0.182556 -0.054111 -3.412750 -4.271826 -0.504372 -0.493495 -1.597832 15.592297 -0.172188 -0.050422 -24.196870 4.635594 -0.114234 -0.137542 5.731303 -11.641174 0.753232 0.843863 -18.189616 -2.675903 -0.174444 -0.362723 5.416096 -6.993566 0.065222 0.000747 1.929622 2.383054 0.056082 0.014309 7.345767 -2.048924 0.034862 0.005323 5.245407 3.479486 -0.139799 -0.103279 -0.368419 -2.209073 0.236802 0.195302 0.988949 0.180538 -0.109560 -0.052137 0.583739 -0.118092 0.291872 0.266781 -1.193299 -0.866007 0.043533 0.053943 0.022139 0.675309 -0.114508 -0.046765 -2.593739 0.321793 -0.211376 -0.212398 0.194074 0.222966 -0.102515 -0.085899 0.444468 -0.744345 0.329006 0.270000 -1.029758 -0.842160 -0.156154 -0.145353 0.129599 0.848957 -0.015644 0.053766 -0.013924 22.000000
0.460000 -0.461941 -0.485185 4.051273 -6.515923 0.192468 0.094643 18.837580 8.521945 0.051367 0.078777 -5.925093 -3.715639 0.816370 0.866714 -10.256912 1.818514 -0.108078 -0.397972 8.505006 -14.158826 -0.158925 -0.056570 -2.929472 -3.412750 -0.421811 -0.492123 13.032857 -1.597832 -0.126582 -0.052293 -14.567264 9.232783 -0.127246 -0.146175 5.112019 -14.964086 0.802242 0.844715 -8.725537 5.184386 -0.063519 -0.361327 8.974215 -13.005229 0.077551 -0.001273 2.655964 1.929622 -0.021788 0.017799 -7.895426 1.050180 -0.002550 0.003189 -0.237350 -6.295587 -0.147275 -0.107641 -1.167431 -0.368419 0.233526 0.200780 0.384711 0.202605 -0.109818 -0.068659 0.520354 -0.786344 0.274633 0.276909 -1.342408 -0.607719 0.053015 0.052479 0.097054 0.585580 -0.109888 -0.049994 -1.766115 -2.593739 -0.204393 -0.209924 -0.573423 -0.125197 -0.104724 -0.091038 -0.006959 -0.319271 0.320469 0.293869 -2.509989 -0.579678 -0.171269 -0.150352 0.008194 0.450080 -0.016252 0.051992 -0.010413 23.000000
0.480000 -0.508332 -0.486967 -3.042311 4.051273 0.177866 0.100315 14.637465 12.381337 0.058639 0.082993 -5.570853 -6.456244 0.785764 0.868008 -16.629645 -1.012158 -0.116677 -0.394861 7.892102 -11.269071 -0.140591 -0.053938 -3.174574 -2.929472 -0.537199 -0.493615 -7.312904 13.032857 -0.162072 -0.052263 -22.129464 4.727623 -0.127330 -0.151391 5.267304 -9.839642 0.735526 0.847256 -22.770584 -2.116615 -0.088330 -0.360164 7.863230 -10.842152 0.091671 -0.001855 2.747788 2.655964 0.040286 0.019362 3.624187 -3.829038 0.026270 0.005108 3.195881 4.066388 -0.094082 -0.109982 0.833176 -1.167431 0.245803 0.205425 1.095686 -0.067821 -0.111540 -0.082091 0.662438 -0.452533 0.294759 0.284133 -0.551729 -0.719731 0.049049 0.051859 -0.002188 0.622677 -0.123904 -0.053874 -2.160912 -1.766115 -0.217874 -0.205367 -1.038179 -0.283232 -0.127842 -0.097288 -0.058324 0.290191 0.338593 0.313079 -1.363426 -1.259092 -0.175797 -0.156235 0.084458 1.250898 -0.016568 0.049113 -0.008428 24.000000
0.500000 -0.472873 -0.492634 4.219786 -3.042311 0.205347 0.106174 18.954406 10.104159 0.058532 0.086149 -5.825218 -4.533306 0.819453 0.869458 -10.245442 2.616725 -0.127886 -0.391095 7.602587 -14.012920 -0.131277 -0.047966 -3.058936 -3.174574 -0.442305 -0.498575 11.264643 -7.312904 -0.133075 -0.051482 -16.409085 8.431080 -0.135769 -0.156866 5.244981 -13.698384 0.789998 0.849455 -12.240465 5.708040 -0.029448 -0.358439 9.848076 -17.062544 0.086674 -0.004683 3.142793 2.747788 -0.018686 0.020673 -7.637317 0.214153 0.002360 0.006916 -0.670338 -3.410034 -0.129371 -0.109009 -1.117280 0.833176 0.234746 0.209128 0.450321 0.216624 -0.111195 -0.091783 0.422876 -0.879062 0.272977 0.288866 -1.268213 -0.274771 0.042809 0.050373 -0.020120 0.276958 -0.110672 -0.059258 -1.246433 -2.160912 -0.221165 -0.200767 -1.635566 -0.489928 -0.125459 -0.103227 -0.201370 0.548251 0.353181 0.331187 -2.011895 -0.723942 -0.176571 -0.161484 0.107204 0.639484 -0.017400 0.050707 -0.007608 25.000000
0.520000 -0.503675 -0.497532 0.019928 4.219786 0.187859 0.110892 14.918598 12.389812 0.064939 0.086756 -4.251053 -6.564594 0.798520 0.871162 -14.829389 -0.366347 -0.170422 -0.387408 6.121539 -10.611789 -0.121026 -0.042492 -2.588373 -3.058936 -0.519897 -0.502000 -2.485307 11.264643 -0.163697 -0.051659 -22.287900 5.582052 -0.139080 -0.164141 5.987131 -10.827033 0.741841 0.852305 -22.554905 -0.990078 -0.081795 -0.357580 8.095021 -13.230543 0.090845 -0.007414 3.144572 3.142793 0.029828 0.019560 2.134917 -3.483489 0.012965 0.005432 1.547835 4.153828 -0.107584 -0.106469 -0.512765 -1.117280 0.250933 0.212483 1.101014 0.013723 -0.116122 -0.099312 0.404031 -0.436598 0.295258 0.294887 -0.988949 -0.624046 0.041040 0.048290 0.025160 0.644167 -0.134835 -0.065647 -1.698316 -1.246433 -0.207203 -0.195752 -1.134359 -0.717098 -0.122572 -0.107474 -0.001092 0.918468 0.378816 0.349479 -1.394196 -1.059550 -0.184588 -0.166596 0.058496 0.952345 -0.018154 0.049940 -0.003597 26.000000
0.540000 -0.502139 -0.505753 1.786850 0.019928 0.201960 0.113936 17.127879 9.584825 0.066130 0.087482 -4.557418 -5.333772 0.816550 0.873631 -11.784726 2.994944 -0.213573 -0.384385 4.874579 -11.834445 -0.127102 -0.045615 -1.853414 -2.588373 -0.487662 -0.509780 5.477450 -2.485307 -0.158947 -0.052343 -21.238470 8.150384 -0.133473 -0.168091 7.298211 -14.137515 0.750183 0.855459 -21.509191 5.432848 -0.124970 -0.355717 6.743337 -17.122058 0.090430 -0.010054 3.327484 3.144572 -0.000069 0.016976 -2.791289 0.293541 0.008293 0.006839 -0.067886 -1.841376 -0.102021 -0.101491 -0.907717 -0.512765 0.223102 0.214127 0.294597 0.348491 -0.109632 -0.104355 0.331266 -0.752523 0.270627 0.296935 -1.190903 -0.507055 0.034544 0.045578 0.006707 0.481895 -0.134113 -0.072911 -1.397878 -1.698316 -0.226150 -0.191771 -1.888664 -0.566633 -0.134821 -0.111502 -0.329599 0.567725 0.397293 0.367759 -1.631068 -0.726346 -0.178631 -0.170520 0.126147 0.667850 -0.017485 0.052478 -0.001880 27.000000
0.560000 -0.505073 -0.511630 2.026645 1.786850 0.195823 0.118211 14.817758 10.842648 0.072604 0.090346 -4.008846 -6.285230 0.814813 0.875547 -12.356731 2.372917 -0.236428 -0.381189 3.987844 -9.411809 -0.122743 -0.049569 -1.931148 -1.853414 -0.496024 -0.515275 4.486066 5.477450 -0.154998 -0.052262 -20.621971 6.970129 -0.133972 -0.170692 7.742126 -14.268340 0.746901 0.857644 -22.376354 5.885906 -0.149201 -0.353821 5.939161 -15.623284 0.088996 -0.013377 3.404792 3.327484 0.012461 0.013703 0.120038 -1.361701 0.004208 0.007591 -0.619492 1.429587 -0.080164 -0.093199 -0.983954 -0.907717 0.236720 0.214056 0.962399 -0.018335 -0.112656 -0.107347 0.202614 -0.312932 0.278072 0.298878 -1.237930 -0.598805 0.035987 0.042960 0.062600 0.592098 -0.125588 -0.080010 -0.794976 -1.397878 -0.211044 -0.188658 -1.331144 -0.779532 -0.128028 -0.114588 -0.170473 1.109132 0.407115 0.385760 -1.680783 -0.878607 -0.187001 -0.173964 0.025824 0.752460 -0.016554 0.053634 -0.001142 28.000000
0.580000 -0.530526 -0.517598 -1.524660 2.026645 0.201549 0.124689 14.305820 9.413302 0.076895 0.094244 -4.040574 -5.404456 0.811509 0.877114 -13.338698 3.299142 -0.258470 -0.377426 3.155150 -9.057589 -0.115717 -0.051637 -1.758425 -1.931148 -0.507289 -0.520312 3.469375 4.486066 -0.163296 -0.050082 -23.083451 6.439922 -0.132688 -0.172898 8.380615 -14.182048 0.728693 0.857917 -25.749767 6.900103 -0.192456 -0.350869 4.385567 -15.476251 0.088020 -0.016624 3.450360 3.404792 0.019103 0.013331 0.990945 0.369765 0.015549 0.010203 0.428377 0.249727 -0.087329 -0.083610 -1.508322 -0.983954 0.236967 0.212500 1.333668 0.379892 -0.114249 -0.110729 0.407546 -0.582507 0.271524 0.300439 -1.321295 -0.650265 0.031165 0.040423 0.023871 0.587665 -0.133671 -0.085515 -1.241576 -0.794976 -0.241885 -0.188114 -1.949623 -0.580336 -0.140848 -0.117991 -0.315094 0.750808 0.432926 0.402565 -1.280202 -0.853304 -0.189582 -0.177642 0.054972 0.827479 -0.017122 0.054776 -0.001501 29.000000
0.600000 -0.516344 -0.522281 1.502100 -1.524660 0.211474 0.132228 14.801914 9.173197 0.077234 0.098184 -4.731578 -5.132623 0.818802 0.877961 -11.903147 4.391331 -0.300913 -0.373086 1.846627 -8.947368 -0.115059 -0.053251 -1.688753 -1.758425 -0.484989 -0.523060 7.622934 3.469375 -0.150650 -0.047913 -20.732446 7.351418 -0.135238 -0.176858 9.045527 -15.732033 0.743264 0.856904 -22.580671 9.708504 -0.236430 -0.347929 3.126649 -16.041263 0.080904 -0.019825 3.336926 3.450360 0.002313 0.013828 -2.198328 0.281284 0.004253 0.011004 -1.126313 -0.709661 -0.085761 -0.073562 -2.047295 -1.508322 0.233120 0.210608 1.118814 0.463061 -0.116710 -0.113880 0.317171 -0.870607 0.267016 0.300911 -1.443511 -0.672583 0.035540 0.038584 0.070609 0.648712 -0.124183 -0.089710 -0.853481 -1.241576 -0.213092 -0.188749 -1.007515 -0.817264 -0.134101 -0.121195 -0.122268 1.132358 0.439334 0.419597 -1.724051 -0.667587 -0.194539 -0.181432 0.046376 0.612615 -0.018697 0.055577 -0.000561 30.000000
0.620000 -0.535358 -0.525454 -1.300035 1.502100 0.207268 0.139496 12.612587 9.766746 0.081179 0.101682 -4.468663 -5.035168 0.807782 0.877585 -13.822617 4.618309 -0.319990 -0.368358 1.018951 -7.284839 -0.109535 -0.054641 -1.519566 -1.688753 -0.524455 -0.524150 0.334438 7.622934 -0.162522 -0.045900 -23.665220 5.843459 -0.135495 -0.181305 9.732966 -14.888986 0.702165 0.854770 -30.072976 9.032895 -0.295629 -0.344845 1.079402 -13.547776 0.091343 -0.022325 3.589458 3.336926 0.027200 0.014820 2.140348 -0.536007 0.016538 0.011727 0.580337 1.662320 -0.067275 -0.063773 -1.550354 -2.047295 0.240265 0.208568 1.627454 0.400822 -0.115276 -0.116883 0.507058 -0.717993 0.271281 0.301550 -1.303646 -0.757060 0.035783 0.037663 0.030603 0.686451 -0.129613 -0.091811 -1.325768 -0.853481 -0.226066 -0.189449 -1.237717 -0.442624 -0.148905 -0.125339 -0.182084 0.564892 0.455793 0.435043 -1.322139 -0.885213 -0.196396 -0.185097 0.065025 0.838838 -0.020349 0.055077 0.001530 31.000000
0.640000 -0.519868 -0.528099 1.729650 -1.300035 0.216296 0.145813 13.143547 8.540625 0.082312 0.105259 -5.308118 -4.071962 0.819234 0.875402 -10.734596 6.175626 -0.341236 -0.362638 -0.104885 -7.646991 -0.104651 -0.055975 -1.318596 -1.519566 -0.501408 -0.524938 4.540014 0.334438 -0.149197 -0.044552 -20.989581 6.966127 -0.137807 -0.185658 10.288545 -16.699093 0.711527 0.851430 -27.476358 14.257160 -0.330759 -0.341276 0.002032 -15.815816 0.089014 -0.024044 3.573018 3.589458 0.004451 0.015932 -2.262472 0.780006 0.004671 0.011597 -1.077166 -1.360342 -0.055353 -0.052764 -1.857486 -1.550354 0.232477 0.206775 1.225766 0.560198 -0.110618 -0.118309 0.387826 -1.067256 0.261876 0.300292 -1.322698 -0.667124 0.037770 0.037366 0.023880 0.636522 -0.117999 -0.092753 -0.959574 -1.325768 -0.218879 -0.189995 -1.191226 -0.527817 -0.155146 -0.130514 -0.212166 0.709901 0.463213 0.449641 -1.610605 -0.693582 -0.197269 -0.188232 0.064602 0.628557 -0.021777 0.055532 0.003641 32.000000
0.660000 -0.528026 -0.528762 0.318124 1.729650 0.214567 0.151457 11.778371 9.225833 0.085270 0.108594 -5.097563 -3.917715 0.808035 0.871957 -12.145156 5.443025 -0.346902 -0.357730 -0.287651 -5.291571 -0.100284 -0.057796 -1.145593 -1.318596 -0.525707 -0.523946 -0.429477 4.540014 -0.151811 -0.043209 -22.036280 5.350518 -0.142216 -0.189768 10.071905 -15.639063 0.684490 0.846646 -31.554533 13.736712 -0.369792 -0.337217 -1.453411 -13.739646 0.094255 -0.025681 3.742092 3.573018 0.024486 0.017006 1.137986 -0.592653 0.013260 0.011432 0.210166 1.669819 -0.032347 -0.040963 -1.446163 -1.857486 0.248692 0.205549 1.874827 0.418970 -0.107091 -0.118666 0.497943 -0.806796 0.267600 0.299827 -1.258813 -0.673289 0.038532 0.037502 0.006940 0.649409 -0.114973 -0.091819 -1.196428 -0.959574 -0.224827 -0.190407 -1.225138 -0.489530 -0.161493 -0.136289 -0.106167 0.701696 0.476181 0.463007 -1.337152 -0.837603 -0.198565 -0.190844 0.050847 0.773001 -0.022898 0.054936 0.005821 33.000000
0.680000 -0.527622 -0.529124 0.223388 0.318124 0.219571 0.156521 11.879054 8.437967 0.088999 0.111501 -5.022498 -3.340404 0.807326 0.866977 -11.029146 6.280262 -0.361472 -0.352244 -0.942241 -5.864894 -0.097507 -0.059785 -0.950565 -1.145593 -0.509590 -0.522684 2.326975 -0.429477 -0.144078 -0.041311 -20.783208 5.982188 -0.143951 -0.193292 10.388524 -16.054093 0.682556 0.839978 -30.430172 16.826629 -0.397782 -0.332326 -2.445153 -14.727904 0.091638 -0.027214 3.712215 3.742092 0.010170 0.018675 -1.824452 0.463910 0.007389 0.011552 -0.729300 -0.674076 -0.026934 -0.028195 -1.884512 -1.446163 0.236695 0.205009 1.300064 0.688442 -0.104571 -0.117949 0.350571 -1.186385 0.257957 0.298009 -1.283469 -0.632876 0.038653 0.037763 -0.004029 0.625937 -0.111988 -0.089745 -1.257652 -1.196428 -0.225454 -0.191162 -1.290634 -0.559486 -0.165792 -0.142016 -0.135700 0.665653 0.491050 0.476233 -1.422662 -0.693999 -0.198486 -0.192912 0.047483 0.643152 -0.024370 0.055186 0.007100 34.000000
0.700000 -0.528828 -0.528497 -0.135803 0.223388 0.218667 0.161097 10.951894 8.450776 0.091961 0.114546 -4.856547 -3.428278 0.799160 0.860463 -11.254731 6.194870 -0.369118 -0.346114 -1.202530 -4.834275 -0.096793 -0.061149 -0.918029 -0.950565 -0.516860 -0.520607 0.477590 2.326975 -0.145676 -0.039275 -21.608792 5.197342 -0.145502 -0.196359 10.552473 -15.585866 0.668657 0.831959 -31.374338 16.980486 -0.422103 -0.327048 -3.416471 -13.449685 0.089815 -0.028379 3.634798 3.712215 0.025024 0.020331 0.606214 -0.547576 0.011617 0.011559 -0.086172 1.276876 -0.010356 -0.015372 -1.697867 -1.884512 0.243321 0.204818 1.552942 0.474746 -0.101347 -0.116537 0.386820 -0.825318 0.257500 0.296231 -1.309569 -0.639720 0.039955 0.038165 0.001020 0.643749 -0.108931 -0.086687 -1.407756 -1.257652 -0.223898 -0.192028 -1.106652 -0.577467 -0.169055 -0.147499 -0.053792 0.713167 0.501851 0.489309 -1.371144 -0.735073 -0.198711 -0.194468 0.035282 0.687589 -0.025686 0.055382 0.008362 35.000000
0.720000 -0.532919 -0.528272 -0.909185 -0.135803 0.221104 0.165181 10.644148 7.904221 0.096185 0.117391 -4.647569 -3.047674 0.795362 0.853108 -10.419121 6.495592 -0.367016 -0.339819 -1.415914 -4.759139 -0.092665 -0.062350 -0.785291 -0.918029 -0.513201 -0.519060 1.008375 0.477590 -0.141876 -0.036650 -21.422365 5.528159 -0.146715 -0.198482 10.621817 -16.080633 0.658542 0.822603 -31.374891 18.153861 -0.438887 -0.320890 -4.174476 -13.220477 0.090945 -0.029465 3.684074 3.634798 0.023533 0.023086 -0.332805 0.346193 0.012746 0.012947 -0.299734 -0.260021 -0.001589 -0.002939 -1.749496 -1.697867 0.238688 0.204695 1.373800 0.583061 -0.099260 -0.114824 0.347311 -0.969881 0.252353 0.293801 -1.271718 -0.655295 0.039810 0.038598 -0.009799 0.654274 -0.101872 -0.082776 -1.395190 -1.407756 -0.226718 -0.193358 -1.117856 -0.526430 -0.178243 -0.153342 -0.096207 0.580222 0.518350 0.502145 -1.278138 -0.703213 -0.198756 -0.195633 0.026848 0.667931 -0.027225 0.056511 0.008579 36.000000
0.740000 -0.529257 -0.528277 -0.200817 -0.909185 0.225712 0.168779 10.919833 7.645859 0.097577 0.120278 -4.943816 -2.998290 0.790622 0.845321 -9.785589 6.231850 -0.368789 -0.333459 -1.659934 -4.187271 -0.090809 -0.062982 -0.785644 -0.785291 -0.508838 -0.517807 1.609131 1.008375 -0.135976 -0.034190 -20.671344 5.400274 -0.149024 -0.200289 10.517192 -16.022091 0.658539 0.812860 -29.442426 18.701417 -0.450030 -0.314529 -4.681869 -12.673474 0.084176 -0.030345 3.506417 3.684074 0.023415 0.026001 -0.921463 -0.016536 0.011685 0.014144 -0.595397 0.316270 0.014812 0.009188 -1.581260 -1.749496 0.237965 0.204844 1.265759 0.513244 -0.101149 -0.113099 0.243093 -0.860555 0.251605 0.291168 -1.216530 -0.630959 0.041125 0.039098 -0.002021 0.640759 -0.090207 -0.078235 -1.203064 -1.395190 -0.224826 -0.194656 -1.036520 -0.510825 -0.181659 -0.159206 -0.056091 0.607032 0.529098 0.515078 -1.337755 -0.652493 -0.199006 -0.196520 0.018755 0.625645 -0.028688 0.058251 0.008714 37.000000
0.760000 -0.534415 -0.528779 -0.952994 -0.200817 0.224853 0.172163 10.078531 7.931824 0.102355 0.123099 -4.524044 -2.988009 0.783265 0.837651 -9.755392 6.091267 -0.362375 -0.327137 -1.662379 -3.694322 -0.088352 -0.063357 -0.701117 -0.785644 -0.512232 -0.517020 0.934887 1.609131 -0.133962 -0.031677 -20.829629 5.077076 -0.151791 -0.201825 10.214620 -15.594268 0.643320 0.803009 -30.463102 18.101522 -0.460318 -0.308017 -5.230076 -11.340903 0.084651 -0.031116 3.512442 3.506417 0.030276 0.029369 -0.370232 -0.163033 0.016884 0.015919 -0.152384 0.758430 0.024133 0.020473 -1.465278 -1.581260 0.238081 0.205079 1.292522 0.511333 -0.101896 -0.112022 0.284550 -0.754426 0.253469 0.289509 -1.226717 -0.607255 0.041205 0.039627 -0.010490 0.609276 -0.084779 -0.072734 -1.359513 -1.203064 -0.227096 -0.196058 -1.007559 -0.490214 -0.188472 -0.165148 -0.037611 0.546305 0.543088 0.527741 -1.254238 -0.678255 -0.200366 -0.197366 0.008454 0.659500 -0.030210 0.060374 0.008717 38.000000
0.780000 -0.533252 -0.529886 -0.525436 -0.952994 0.229824 0.175239 10.491175 7.301288 0.104996 0.126017 -4.675897 -2.777243 0.779599 0.830332 -9.084767 6.077934 -0.362550 -0.320931 -1.870661 -3.677458 -0.087580 -0.063501 -0.727828 -0.701117 -0.503726 -0.516844 2.600076 0.934887 -0.127989 -0.029532 -19.933111 5.307504 -0.152663 -0.203247 10.334624 -15.522124 0.646342 0.793617 -28.157009 19.007666 -0.464374 -0.301688 -5.465230 -11.455436 0.077055 -0.031714 3.297263 3.512442 0.026589 0.032699 -1.640723 -0.108924 0.013997 0.017253 -0.718868 0.261308 0.037674 0.031514 -1.412765 -1.465278 0.235884 0.205513 1.117629 0.503986 -0.103634 -0.111284 0.208999 -0.788536 0.250925 0.287513 -1.170260 -0.608113 0.040876 0.040013 -0.011967 0.618603 -0.073793 -0.066852 -1.169371 -1.359513 -0.227475 -0.197307 -1.061396 -0.484974 -0.192755 -0.170839 -0.071276 0.522585 0.553984 0.540414 -1.333302 -0.631346 -0.201611 -0.198301 0.009765 0.622892 -0.031691 0.063035 0.008782 39.000000
0.800000 -0.537560 -0.531323 -0.953220 -0.525436 0.228542 0.178165 9.660083 7.583536 0.109364 0.129026 -4.341432 -2.907639 0.770913 0.823622 -9.571170 5.893000 -0.357982 -0.315228 -1.845781 -3.191766 -0.086758 -0.063481 -0.667356 -0.727828 -0.510197 -0.517070 1.480579 2.600076 -0.127088 -0.027503 -20.230666 4.799244 -0.155181 -0.204355 9.981753 -15.133867 0.628844 0.784774 -29.867757 18.024401 -0.475799 -0.295608 -6.018792 -10.132609 0.077529 -0.032069 3.296067 3.297263 0.035695 0.036032 -0.618174 -0.460928 0.019627 0.018826 -0.149162 1.179796 0.047408 0.041873 -1.264569 -1.412765 0.240213 0.206031 1.294982 0.454315 -0.104571 -0.111172 0.288858 -0.663314 0.253091 0.286469 -1.213784 -0.579147 0.040853 0.040261 -0.007185 0.591113 -0.067477 -0.060309 -1.312698 -1.169371 -0.229297 -0.198495 -1.033312 -0.495060 -0.198698 -0.176473 -0.044869 0.566336 0.565712 0.552731 -1.277293 -0.671533 -0.202646 -0.199290 0.012281 0.661768 -0.033065 0.065736 0.008822 40.000000
0.820000 -0.537508 -0.533204 -0.591266 -0.953220 0.233015 0.180926 10.081535 7.000757 0.112409 0.132003 -4.334057 -2.659325 0.768836 0.817425 -8.864610 6.118239 -0.353266 -0.309755 -1.761525 -3.452931 -0.085304 -0.063246 -0.668657 -0.667356 -0.503333 -0.517720 2.975798 1.480579 -0.122894 -0.025647 -19.652763 5.124456 -0.156075 -0.205360 10.002246 -15.106210 0.629995 0.776415 -28.133179 19.279447 -0.475716 -0.289752 -6.120992 -10.588311 0.072820 -0.032262 3.146057 3.296067 0.032628 0.039429 -1.788123 -0.234506 0.017763 0.020280 -0.628818 0.383668 0.057117 0.051856 -1.272051 -1.264569 0.239534 0.206748 1.173348 0.503062 -0.107313 -0.111526 0.239187 -0.791920 0.251302 0.285277 -1.186177 -0.603300 0.040037 0.040327 -0.008674 0.610484 -0.057487 -0.053501 -1.175099 -1.312698 -0.230389 -0.199597 -1.100249 -0.494221 -0.203565 -0.181942 -0.081689 0.539090 0.578449 0.565067 -1.312899 -0.644787 -0.203680 -0.200298 0.013275 0.632506 -0.034538 0.068761 0.008739 41.000000
0.840000 -0.541195 -0.535063 -0.912345 -0.591266 0.233366 0.183475 9.655820 7.207796 0.116625 0.135058 -4.084891 -2.873739 0.760408 0.811821 -9.499093 5.704126 -0.349470 -0.304755 -1.765367 -3.160484 -0.085954 -0.062901 -0.698436 -0.668657 -0.507243 -0.518426 2.376668 2.975798 -0.121401 -0.024093 -19.674936 4.825258 -0.158375 -0.206247 9.689464 -14.827504 0.618401 0.768755 -28.953074 18.485946 -0.484357 -0.284303 -6.538252 -9.647233 0.070363 -0.032355 3.073800 3.146057 0.038639 0.042503 -1.227426 -0.579652 0.021117 0.021535 -0.295271 1.208470 0.067107 0.061251 -1.124474 -1.272051 0.242672 0.207681 1.253699 0.467081 -0.109644 -0.112444 0.281655 -0.706267 0.254053 0.284866 -1.206600 -0.588751 0.039070 0.040154 -0.005289 0.597425 -0.049936 -0.046385 -1.231804 -1.175099 -0.232923 -0.200570 -1.141671 -0.509280 -0.208998 -0.187289 -0.078143 0.590969 0.589044 0.577276 -1.314178 -0.663087 -0.204815 -0.201327 0.012880 0.649812 -0.035850 0.071558 0.008771 42.000000
0.860000 -0.543550 -0.536955 -1.049021 -0.912345 0.235964 0.185915 9.695554 6.870356 0.120984 0.138204 -3.892107 -2.785465 0.756537 0.806693 -9.320450 6.024141 -0.346423 -0.300223 -1.770240 -3.474952 -0.085253 -0.062394 -0.713593 -0.698436 -0.502631 -0.519198 3.418453 2.376668 -0.119007 -0.022720 -19.412466 4.992736 -0.159964 -0.207052 9.539871 -14.682200 0.616308 0.761541 -28.027719 19.197155 -0.484110 -0.279137 -6.638626 -9.755919 0.067902 -0.032232 2.983189 3.073800 0.038864 0.045428 -1.698812 -0.466078 0.021665 0.022881 -0.403932 0.761348 0.074004 0.070036 -1.118688 -1.124474 0.242959 0.208753 1.193929 0.486022 -0.112772 -0.113866 0.275511 -0.767677 0.254027 0.284718 -1.210300 -0.600655 0.037725 0.039724 -0.002542 0.605944 -0.040970 -0.038993 -1.190893 -1.231804 -0.232786 -0.201495 -1.131510 -0.531764 -0.213365 -0.192514 -0.077827 0.609907 0.600403 0.589267 -1.327670 -0.663529 -0.205660 -0.202345 0.014787 0.650649 -0.037176 0.074338 0.008683 43.000000
0.880000 -0.546326 -0.538565 -1.312194 -1.049021 0.237297 0.188233 9.519715 6.793830 0.125715 0.141631 -3.666297 -2.901723 0.748601 0.801940 -9.994754 5.938338 -0.345189 -0.296011 -1.841452 -3.382112 -0.086048 -0.061718 -0.771773 -0.713593 -0.503591 -0.519763 3.321596 3.418453 -0.117038 -0.021731 -19.168726 4.936298 -0.162032 -0.207895 9.296216 -14.476168 0.610747 0.754885 -27.870689 18.806948 -0.487748 -0.274374 -6.860675 -9.220772 0.064990 -0.032012 2.880831 2.983189 0.042609 0.047984 -1.428020 -0.647440 0.022821 0.023871 -0.325127 1.051372 0.083305 0.078283 -1.005042 -1.118688 0.245155 0.209967 1.217855 0.459209 -0.115376 -0.115647 0.289618 -0.734720 0.256266 0.284996 -1.208915 -0.603879 0.036063 0.039015 0.001172 0.606421 -0.032959 -0.031498 -1.179032 -1.190893 -0.233292 -0.202204 -1.151497 -0.526842 -0.217811 -0.197533 -0.081880 0.604669 0.609024 0.600831 -1.344459 -0.671229 -0.206823 -0.203365 0.012945 0.656442 -0.038364 0.076795 0.008768 44.000000
0.900000 -0.548786 -0.539934 -1.588065 -1.312194 0.238859 0.190572 9.280657 6.593006 0.130834 0.145448 -3.539965 -2.926709 0.744038 0.797474 -10.006089 6.326905 -0.342590 -0.292026 -1.986080 -3.667849 -0.085851 -0.061056 -0.851920 -0.771773 -0.501650 -0.520142 3.736085 3.321596 -0.115419 -0.020988 -18.979167 4.936255 -0.164265 -0.208738 9.044560 -14.232471 0.606349 0.748575 -27.531492 18.888752 -0.487217 -0.269881 -6.951377 -8.981937 0.064458 -0.031683 2.843901 2.880831 0.044422 0.050345 -1.530936 -0.551447 0.024419 0.024813 -0.191325 0.876574 0.089169 0.085903 -0.967467 -1.005042 0.246015 0.211214 1.206375 0.464119 -0.118007 -0.117718 0.305828 -0.753736 0.257687 0.285652 -1.208788 -0.605043 0.034421 0.038059 0.006618 0.603872 -0.025149 -0.023921 -1.184223 -1.179032 -0.232929 -0.202744 -1.136828 -0.534809 -0.221932 -0.202397 -0.074196 0.616689 0.618970 0.611838 -1.319357 -0.678702 -0.207647 -0.204373 0.014772 0.665757 -0.039474 0.079042 0.008860 45.000000
0.920000 -0.550827 -0.541023 -1.806889 -1.588065 0.241362 0.193041 9.319754 6.410311 0.136386 0.149763 -3.320785 -2.870346 0.736921 0.793253 -10.656167 6.436994 -0.343607 -0.288267 -2.009799 -3.569094 -0.086419 -0.060192 -0.861506 -0.851920 -0.501015 -0.520238 3.849077 3.736085 -0.113089 -0.020548 -18.535299 4.967304 -0.166758 -0.209768 8.771635 -14.011863 0.603183 0.742583 -27.015972 18.784641 -0.489237 -0.265683 -7.109182 -8.746852 0.061401 -0.031247 2.728601 2.843901 0.045773 0.052437 -1.611614 -0.669806 0.024097 0.025308 -0.253928 0.861130 0.097186 0.093047 -0.882542 -0.967467 0.246929 0.212471 1.187794 0.450274 -0.120489 -0.119880 0.295002 -0.756101 0.259209 0.286404 -1.198806 -0.607703 0.032306 0.036854 0.008940 0.601085 -0.017508 -0.016499 -1.130418 -1.184223 -0.233184 -0.203042 -1.180385 -0.531316 -0.225299 -0.206952 -0.085096 0.605512 0.626992 0.622324 -1.328568 -0.667065 -0.208681 -0.205367 0.013358 0.652292 -0.040566 0.081022 0.009171 46.000000
0.940000 -0.552603 -0.541875 -2.029804 -1.806889 0.242181 0.195660 8.902682 6.320270 0.142362 0.154544 -3.167917 -2.999484 0.731760 0.789192 -10.863383 6.779158 -0.341593 -0.284650 -2.119661 -3.877009 -0.086843 -0.059351 -0.940063 -0.861506 -0.500423 -0.520080 3.894753 3.849077 -0.111753 -0.020294 -18.320792 4.881832 -0.169313 -0.210920 8.510868 -13.653467 0.597882 0.736743 -26.908325 18.640816 -0.490093 -0.261672 -7.244968 -8.375157 0.060614 -0.030697 2.676376 2.728601 0.048879 0.054365 -1.389475 -0.678843 0.025586 0.025628 -0.046890 0.932771 0.102374 0.099583 -0.821690 -0.882542 0.247633 0.213618 1.202336 0.446396 -0.122328 -0.122100 0.319456 -0.741398 0.260811 0.287438 -1.206324 -0.603873 0.030359 0.035436 0.014632 0.594933 -0.010174 -0.009178 -1.131996 -1.130418 -0.232923 -0.203178 -1.172451 -0.547645 -0.228667 -0.211234 -0.078509 0.632741 0.634998 0.632137 -1.298180 -0.670963 -0.209558 -0.206346 0.013845 0.657605 -0.041626 0.082813 0.009621 47.000000
0.960000 -0.554409 -0.542598 -2.253163 -2.029804 0.244645 0.198381 8.857283 6.035299 0.148567 0.159715 -3.013426 -2.867382 0.726466 0.785307 -11.201724 6.962087 -0.341106 -0.281062 -2.169571 -3.901296 -0.086792 -0.058508 -0.916488 -0.940063 -0.498772 -0.519762 4.149504 3.894753 -0.109710 -0.020280 -17.851295 4.904962 -0.172102 -0.212255 8.252038 -13.415830 0.596739 0.731120 -26.072798 18.685030 -0.488812 -0.257860 -7.292130 -8.223296 0.057694 -0.030030 2.557697 2.676376 0.049691 0.056134 -1.526351 -0.671293 0.025139 0.025716 -0.076128 0.718183 0.108698 0.105577 -0.743861 -0.821690 0.248583 0.214666 1.199946 0.441440 -0.124734 -0.124301 0.305647 -0.760896 0.261782 0.288338 -1.180049 -0.610478 0.028188 0.033840 0.017442 0.595846 -0.003133 -0.002087 -1.078005 -1.131996 -0.233126 -0.203192 -1.205854 -0.546971 -0.231104 -0.215148 -0.087505 0.625480 0.642872 0.641378 -1.277597 -0.656012 -0.210683 -0.207333 0.012325 0.642167 -0.042708 0.084476 0.010237 48.000000
0.980000 -0.555594 -0.543223 -2.370776 -2.253163 0.245668 0.201075 8.591613 5.935355 0.155036 0.165145 -2.750253 -2.921929 0.721270 0.781656 -11.576425 7.167292 -0.339006 -0.277766 -2.069523 -4.034431 -0.087113 -0.057253 -1.032541 -0.916488 -0.498386 -0.519385 4.153200 4.149504 -0.108494 -0.020476 -17.553592 4.799628 -0.174771 -0.213648 7.967498 -13.051666 0.592800 0.725786 -25.820201 18.301316 -0.489069 -0.254255 -7.398282 -7.771481 0.055959 -0.029246 2.468817 2.557697 0.053035 0.057780 -1.185480 -0.725112 0.026237 0.025791 0.058437 0.801240 0.114914 0.111009 -0.620448 -0.743861 0.249185 0.215589 1.218919 0.447149 -0.126256 -0.126473 0.324458 -0.752797 0.263528 0.289389 -1.188044 -0.598745 0.026288 0.032126 0.022134 0.581303 0.003565 0.004765 -1.057124 -1.078005 -0.233268 -0.203153 -1.209004 -0.559174 -0.233956 -0.218747 -0.090554 0.646680 0.649865 0.650030 -1.251733 -0.644961 -0.211685 -0.208335 0.013289 0.632636 -0.043752 0.086022 0.010977 49.000000
1.000000 -0.557316 -0.543803 -2.604981 -2.370776 0.248028 0.203481 8.632857 5.670933 0.161324 0.170499 -2.552611 -2.920680 0.716999 0.778431 -11.877985 7.282408 -0.337692 -0.275035 -2.037884 -4.294017 -0.086813 -0.056087 -0.990129 -1.032541 -0.495694 -0.519068 4.642727 4.153200 -0.106159 -0.020911 -16.944123 4.793047 -0.177497 -0.214926 7.660206 -12.760545 0.594148 0.720918 -24.682589 18.251660 -0.483934 -0.250915 -7.305153 -7.568541 0.053220 -0.028345 2.348919 2.468817 0.053224 0.059243 -1.381398 -0.621958 0.026111 0.026022 -0.009997 0.563521 0.120688 0.116053 -0.548671 -0.620448 0.249589 0.216418 1.202911 0.447231 -0.128445 -0.128556 0.306318 -0.771689 0.264163 0.290235 -1.155905 -0.605089 0.024273 0.030338 0.023503 0.582955 0.010751 0.011310 -0.973357 -1.057124 -0.233435 -0.203097 -1.228101 -0.559225 -0.235334 -0.221939 -0.095515 0.649779 0.657322 0.658199 -1.223219 -0.632511 -0.213030 -0.209383 0.011855 0.619222 -0.044712 0.087467 0.011599 50.000000
1.020000 -0.559244 -0.544352 -2.890605 -2.604981 0.249038 0.205773 8.327843 5.592734 0.167949 0.175954 -2.393064 -3.040123 0.711758 0.775678 -12.393293 7.410345 -0.337148 -0.272494 -2.210545 -4.467640 -0.087442 -0.054840 -1.114782 -0.990129 -0.494811 -0.518856 4.787306 4.642727 -0.104571 -0.021598 -16.479066 4.641958 -0.180130 -0.216145 7.385794 -12.302164 0.593123 0.716732 -24.137818 17.615615 -0.481457 -0.247960 -7.285483 -7.066974 0.051167 -0.027343 2.248592 2.348919 0.055629 0.060510 -1.166267 -0.685700 0.026975 0.026343 0.083385 0.695697 0.126608 0.120764 -0.456813 -0.548671 0.250024 0.217187 1.205918 0.448297 -0.130237 -0.130578 0.307015 -0.754615 0.265711 0.291116 -1.137418 -0.589704 0.022486 0.028518 0.026019 0.566201 0.016485 0.017512 -0.942728 -0.973357 -0.233569 -0.203035 -1.227699 -0.566293 -0.236658 -0.224665 -0.102791 0.661808 0.663735 0.665917 -1.200199 -0.617537 -0.214302 -0.210493 0.013431 0.605682 -0.045558 0.088737 0.012163 51.000000
1.040000 -0.560998 -0.544948 -3.127106 -2.890605 0.250276 0.207976 8.071978 5.360454 0.174395 0.181378 -2.268931 -2.967390 0.707761 0.773458 -12.778040 7.792660 -0.337875 -0.270252 -2.410515 -4.600633 -0.087432 -0.053615 -1.181907 -1.114782 -0.493316 -0.518764 5.069645 4.787306 -0.102760 -0.022434 -15.942791 4.546636 -0.182561 -0.217277 7.141125 -11.932430 0.592758 0.713127 -23.571875 17.329028 -0.478417 -0.245306 -7.244451 -6.808790 0.049764 -0.026242 2.165801 2.248592 0.056497 0.061716 -1.243964 -0.624826 0.027353 0.026805 0.082681 0.541441 0.131125 0.125217 -0.422905 -0.456813 0.249343 0.217823 1.176948 0.449452 -0.132055 -0.132509 0.295996 -0.756466 0.266584 0.291992 -1.124661 -0.581719 0.020947 0.026732 0.027462 0.555700 0.022096 0.023313 -0.887646 -0.942728 -0.233623 -0.202987 -1.230649 -0.562454 -0.237850 -0.226987 -0.115046 0.665245 0.670041 0.673197 -1.178580 -0.606815 -0.215749 -0.211671 0.013800 0.593384 -0.046381 0.089881 0.012605 52.000000
1.060000 -0.563554 -0.545648 -3.462275 -3.127106 0.250226 0.209992 7.778483 5.170454 0.181919 0.186715 -1.725473 -2.901524 0.701344 0.771606 -13.778019 8.129412 -0.342474 -0.268501 -2.384457 -4.648628 -0.088380 -0.052155 -1.260005 -1.181907 -0.493688 -0.518775 5.029715 5.069645 -0.100953 -0.023448 -15.333608 4.400833 -0.185337 -0.218410 6.789539 -11.541958 0.589815 0.709846 -23.521870 17.016431 -0.479619 -0.242813 -7.351822 -6.555444 0.048932 -0.025049 2.094084 2.165801 0.058613 0.062886 -1.030918 -0.663322 0.027209 0.027126 -0.001332 0.580642 0.134002 0.129412 -0.429069 -0.422905 0.248840 0.218259 1.173343 0.440476 -0.133875 -0.134346 0.285792 -0.736472 0.267909 0.293039 -1.160038 -0.576061 0.019524 0.025020 0.027098 0.548599 0.026412 0.028574 -0.832309 -0.887646 -0.233029 -0.202891 -1.225351 -0.557801 -0.238178 -0.228889 -0.116805 0.672847 0.675473 0.680046 -1.168202 -0.596190 -0.217328 -0.212935 0.014729 0.582390 -0.047199 0.090976 0.013095 53.000000
1.080000 -0.564890 -0.546393 -3.585746 -3.462275 0.251672 0.211989 7.677502 4.751978 0.187967 0.192220 -1.624467 -3.026505 0.698010 0.769815 -14.107296 8.610587 -0.342522 -0.266676 -2.419458 -5.167431 -0.088815 -0.050713 -1.321892 -1.260005 -0.491759 -0.518812 5.414267 5.029715 -0.099052 -0.024590 -14.709687 4.272035 -0.187782 -0.219603 6.544193 -11.061574 0.590133 0.706637 -22.831928 17.068950 -0.476833 -0.240381 -7.331723 -6.452920 0.047875 -0.023770 2.016332 2.094084 0.058800 0.064026 -1.204704 -0.514793 0.027288 0.027248 0.003767 0.516125 0.137317 0.133302 -0.398036 -0.429069 0.248458 0.218509 1.170479 0.443776 -0.135795 -0.136162 0.283797 -0.729567 0.268881 0.294104 -1.158757 -0.593568 0.017873 0.023352 0.024454 0.566470 0.032187 0.033372 -0.743098 -0.832309 -0.232848 -0.202703 -1.241288 -0.554273 -0.238044 -0.230324 -0.124912 0.671078 0.680349 0.686396 -1.152298 -0.591465 -0.218765 -0.214262 0.016998 0.576737 -0.047985 0.092136 0.013649 54.000000
1.100000 -0.566561 -0.547166 -3.744884 -3.585746 0.252458 0.213832 7.478571 4.650985 0.194354 0.197702 -1.458087 -3.026518 0.694397 0.768200 -14.546206 8.800497 -0.342535 -0.265075 -2.461835 -5.306799 -0.089276 -0.049281 -1.304533 -1.321892 -0.491868 -0.518894 5.429762 5.414267 -0.097963 -0.025943 -14.176068 4.082747 -0.190104 -0.220884 6.358723 -10.626940 0.590227 0.703597 -22.236943 16.709468 -0.475048 -0.237922 -7.362664 -6.122460 0.046354 -0.022377 1.915704 2.016332 0.060493 0.065026 -1.046048 -0.604235 0.027244 0.027314 -0.006548 0.600468 0.140538 0.136841 -0.360046 -0.398036 0.249021 0.218668 1.193813 0.443341 -0.137913 -0.138028 0.284407 -0.727138 0.270062 0.295125 -1.148129 -0.591605 0.016497 0.021730 0.025255 0.567152 0.036504 0.037823 -0.692412 -0.743098 -0.233344 -0.202448 -1.275952 -0.558188 -0.237928 -0.231314 -0.142039 0.683100 0.684657 0.692197 -1.126488 -0.584648 -0.220673 -0.215684 0.015838 0.567650 -0.048716 0.093295 0.014220 55.000000
1.120000 -0.567720 -0.547971 -3.828879 -3.744884 0.252687 0.215563 7.174969 4.468329 0.200700 0.203248 -1.323669 -3.010242 0.691279 0.766690 -14.846192 9.050548 -0.342407 -0.263460 -2.573840 -5.495658 -0.089397 -0.047394 -1.494798 -1.304533 -0.491132 -0.519136 5.640302 5.429762 -0.096747 -0.027402 -13.650030 3.908672 -0.192484 -0.222066 6.093508 -10.267395 0.590603 0.700876 -21.670481 16.434315 -0.472322 -0.235746 -7.299010 -5.802629 0.044981 -0.020947 1.832721 1.915704 0.061859 0.065975 -0.973293 -0.519750 0.027700 0.027473 0.033725 0.526298 0.143806 0.140001 -0.300076 -0.360046 0.248543 0.218751 1.187142 0.454703 -0.139822 -0.139954 0.291021 -0.739110 0.271291 0.296174 -1.141194 -0.586692 0.015546 0.020223 0.026140 0.561437 0.041586 0.042000 -0.626720 -0.692412 -0.233521 -0.202204 -1.285816 -0.566956 -0.237915 -0.231983 -0.153867 0.708996 0.688986 0.697473 -1.092888 -0.571163 -0.222558 -0.217222 0.018129 0.555325 -0.049386 0.094489 0.014730 56.000000
1.140000 -0.568962 -0.548756 -3.938119 -3.828879 0.253190 0.216994 6.978287 4.249319 0.207035 0.208652 -1.183008 -2.925650 0.688329 0.765520 -15.225930 9.281408 -0.343584 -0.262336 -2.684300 -5.564784 -0.089411 -0.045951 -1.481245 -1.494798 -0.490174 -0.519453 5.893775 5.640302 -0.094967 -0.029109 -12.926193 3.778261 -0.194826 -0.223141 5.835705 -9.871769 0.592043 0.698494 -20.961728 16.105126 -0.468827 -0.233653 -7.240717 -5.565355 0.043781 -0.019431 1.745759 1.832721 0.062088 0.066726 -1.054472 -0.503509 0.027533 0.027705 -0.022933 0.469784 0.146726 0.142881 -0.270328 -0.300076 0.247887 0.218767 1.168150 0.448061 -0.141859 -0.141867 0.280554 -0.739081 0.272502 0.297212 -1.124922 -0.583667 0.014558 0.018849 0.023377 0.557527 0.046080 0.045903 -0.557468 -0.626720 -0.233319 -0.201937 -1.294954 -0.565975 -0.237636 -0.232384 -0.166784 0.719842 0.692992 0.702352 -1.073479 -0.555509 -0.224531 -0.218866 0.020015 0.537380 -0.049911 0.095629 0.015137 57.000000
1.160000 -0.571321 -0.549493 -4.240771 -3.938119 0.252896 0.218305 6.740841 4.080647 0.213961 0.214093 -0.808346 -2.897639 0.683099 0.764432 -16.111889 9.551029 -0.348270 -0.261319 -2.706046 -5.674900 -0.090080 -0.044066 -1.541431 -1.481245 -0.490721 -0.519825 5.883017 5.893775 -0.093338 -0.030894 -12.219791 3.545244 -0.197392 -0.224116 5.488661 -9.380949 0.591353 0.696335 -20.675869 15.708662 -0.468390 -0.231726 -7.285713 -5.253066 0.043197 -0.017880 1.675267 1.745759 0.063422 0.067390 -0.895776 -0.515770 0.027704 0.027886 -0.045235 0.538702 0.149187 0.145517 -0.234196 -0.270328 0.247501 0.218712 1.166889 0.443798 -0.144467 -0.143835 0.271634 -0.724352 0.273989 0.298350 -1.141055 -0.574150 0.013949 0.017629 0.022684 0.550772 0.049861 0.049537 -0.510641 -0.557468 -0.233283 -0.201650 -1.308067 -0.564085 -0.236858 -0.232517 -0.170131 0.730869 0.696126 0.706805 -1.059423 -0.546747 -0.226573 -0.220606 0.021701 0.526732 -0.050388 0.096727 0.015530 58.000000
1.180000 -0.571720 -0.550163 -4.212909 -4.240771 0.253544 0.219554 6.661180 3.774594 0.219759 0.219485 -0.668108 -2.966247 0.681197 0.763499 -16.365445 10.009709 -0.348674 -0.260495 -2.643298 -6.102179 -0.090159 -0.042326 -1.602015 -1.541431 -0.488591 -0.520157 6.353904 5.883017 -0.091502 -0.032721 -11.481139 3.365565 -0.199478 -0.225045 5.234477 -8.854226 0.594645 0.694334 -19.662077 15.598220 -0.463835 -0.229947 -7.173143 -5.077650 0.042198 -0.016281 1.593548 1.675267 0.063624 0.068007 -0.959085 -0.425271 0.027595 0.027993 -0.083925 0.470505 0.151999 0.147974 -0.197951 -0.234196 0.247392 0.218626 1.164260 0.447628 -0.146787 -0.145901 0.274180 -0.719261 0.275050 0.299472 -1.137481 -0.581869 0.013160 0.016541 0.018681 0.559186 0.054982 0.052986 -0.425822 -0.510641 -0.232759 -0.201333 -1.309291 -0.568968 -0.235847 -0.232369 -0.177659 0.739099 0.698503 0.710759 -1.046651 -0.540562 -0.228810 -0.222452 0.022662 0.518861 -0.050836 0.097804 0.015878 59.000000
1.200000 -0.574254 -0.550781 -4.582030 -4.212909 0.252943 0.220751 6.260000 3.664644 0.226325 0.224789 -0.468634 -2.996536 0.677683 0.762786 -16.929518 10.091184 -0.349963 -0.259708 -2.814644 -6.274262 -0.090676 -0.040601 -1.627488 -1.602015 -0.489376 -0.520473 6.276241 6.353904 -0.090421 -0.034622 -10.868623 3.123331 -0.201869 -0.225985 4.976198 -8.357808 0.595372 0.692623 -19.211938 15.010047 -0.461353 -0.228315 -7.147924 -4.652030 0.041569 -0.014634 1.519429 1.593548 0.065023 0.068581 -0.804531 -0.437580 0.027921 0.028110 -0.036533 0.521505 0.153643 0.150193 -0.176992 -0.197951 0.246921 0.218543 1.150567 0.445040 -0.149999 -0.148140 0.268983 -0.719220 0.276659 0.300628 -1.124861 -0.578081 0.012876 0.015604 0.018758 0.559400 0.059030 0.056373 -0.393992 -0.425822 -0.232708 -0.201001 -1.315688 -0.565816 -0.234827 -0.231983 -0.182874 0.743475 0.701108 0.714206 -1.007087 -0.534656 -0.231306 -0.224432 0.023531 0.511995 -0.051260 0.098761 0.016171 60.000000
1.220000 -0.574661 -0.551451 -4.538699 -4.582030 0.253234 0.221877 6.114544 3.364317 0.231968 0.229943 -0.324134 -2.895683 0.676272 0.762312 -17.162252 10.496932 -0.350454 -0.259124 -2.789846 -6.432586 -0.090946 -0.038518 -1.764518 -1.627488 -0.488562 -0.520881 6.517372 6.276241 -0.089240 -0.036526 -10.256120 2.946213 -0.203857 -0.226867 4.742338 -7.922411 0.596786 0.691190 -18.680565 14.766770 -0.459044 -0.226865 -7.111040 -4.445168 0.040669 -0.012979 1.441610 1.519429 0.065183 0.069165 -0.886896 -0.383999 0.028115 0.028340 -0.067305 0.420532 0.156162 0.152165 -0.127642 -0.176992 0.245868 0.218409 1.125109 0.440792 -0.152823 -0.150541 0.268802 -0.709775 0.278096 0.301831 -1.124090 -0.571809 0.012692 0.014845 0.015918 0.553052 0.063097 0.059697 -0.353266 -0.393992 -0.233232 -0.200702 -1.343457 -0.566407 -0.234577 -0.231483 -0.200696 0.749281 0.703380 0.717274 -0.993399 -0.515309 -0.233560 -0.226514 0.027492 0.491778 -0.051699 0.099717 0.016393 61.000000
1.240000 -0.576717 -0.552158 -4.802770 -4.538699 0.252207 0.222837 5.739962 3.219339 0.238374 0.234812 0.001053 -2.895205 0.673087 0.762219 -17.809689 10.595395 -0.353119 -0.259076 -2.844890 -6.566857 -0.091575 -0.037121 -1.805517 -1.764518 -0.488646 -0.521339 6.607010 6.517372 -0.087353 -0.038471 -9.481363 2.756891 -0.205981 -0.227601 4.442230 -7.499229 0.598355 0.690025 -18.168841 14.474453 -0.456797 -0.225589 -7.067508 -4.206112 0.040078 -0.011320 1.373324 1.441610 0.066088 0.069653 -0.789279 -0.409796 0.028012 0.028559 -0.116546 0.477101 0.157148 0.153972 -0.136447 -0.127642 0.245276 0.218206 1.119556 0.428153 -0.155343 -0.152994 0.269288 -0.696955 0.279511 0.303097 -1.125338 -0.570004 0.012627 0.014253 0.013054 0.554086 0.067050 0.062897 -0.301750 -0.353266 -0.232952 -0.200410 -1.344101 -0.571381 -0.233470 -0.230882 -0.200468 0.772076 0.705147 0.720011 -0.978627 -0.510445 -0.236290 -0.228711 0.026960 0.482954 -0.052085 0.100611 0.016514 62.000000
1.260000 -0.578475 -0.552875 -4.998423 -4.802770 0.251952 0.223721 5.519102 2.869454 0.244253 0.239664 0.222222 -2.870508 0.670535 0.762165 -18.335113 10.958855 -0.355715 -0.258975 -2.913524 -6.850834 -0.092139 -0.035266 -1.835337 -1.805517 -0.488428 -0.521896 6.781648 6.607010 -0.085998 -0.040456 -8.813042 2.519567 -0.208263 -0.228295 4.111868 -6.961796 0.600183 0.689062 -17.645170 14.187162 -0.454015 -0.224424 -6.987348 -3.981680 0.039915 -0.009648 1.321093 1.373324 0.066391 0.070072 -0.799632 -0.336367 0.028309 0.028752 -0.096770 0.452912 0.158252 0.155573 -0.118270 -0.136447 0.245178 0.217981 1.123078 0.425134 -0.158618 -0.155557 0.265340 -0.694422 0.280698 0.304350 -1.126992 -0.569196 0.012865 0.013841 0.011276 0.556142 0.070733 0.066010 -0.269622 -0.301750 -0.232949 -0.200130 -1.353575 -0.571817 -0.232099 -0.230122 -0.201739 0.772284 0.706758 0.722404 -0.963629 -0.502793 -0.238785 -0.231011 0.030524 0.475833 -0.052429 0.101528 0.016571 63.000000
1.280000 -0.579426 -0.553609 -5.055243 -4.998423 0.251653 0.224588 5.265635 2.648440 0.249735 0.244419 0.353850 -2.870662 0.669244 0.762228 -18.597867 11.271121 -0.356374 -0.258939 -2.985842 -7.063992 -0.092310 -0.033333 -1.969529 -1.835337 -0.488234 -0.522522 6.941790 6.781648 -0.084945 -0.042422 -8.212709 2.350587 -0.210050 -0.228950 3.901778 -6.462455 0.602395 0.688298 -17.072373 13.867450 -0.451122 -0.223446 -6.934724 -3.777720 0.039439 -0.007982 1.253319 1.321093 0.067055 0.070455 -0.750067 -0.351431 0.028495 0.028960 -0.099101 0.448201 0.159624 0.156948 -0.091531 -0.118270 0.244690 0.217761 1.112575 0.428869 -0.161737 -0.158264 0.267377 -0.694209 0.282143 0.305612 -1.118400 -0.569134 0.013150 0.013604 0.007917 0.557858 0.074633 0.069085 -0.233882 -0.269622 -0.232167 -0.199845 -1.335743 -0.575918 -0.230834 -0.229221 -0.204609 0.777657 0.707685 0.724447 -0.951363 -0.497077 -0.241443 -0.233390 0.031540 0.466552 -0.052764 0.102465 0.016565 64.000000
1.300000 -0.581593 -0.554468 -5.277786 -5.055243 0.250719 0.225258 5.023402 2.455893 0.255812 0.248905 0.759367 -2.809742 0.666855 0.762552 -19.201200 11.454712 -0.358446 -0.259437 -2.887375 -7.143155 -0.092548 -0.031834 -1.951854 -1.969529 -0.489128 -0.523286 6.959223 6.941790 -0.084204 -0.044497 -7.627712 2.155465 -0.212099 -0.229586 3.586918 -6.057243 0.603290 0.687695 -16.793734 13.543057 -0.449332 -0.222511 -6.892871 -3.529315 0.039095 -0.006308 1.195277 1.253319 0.067816 0.070745 -0.627761 -0.325483 0.028629 0.029195 -0.138132 0.424584 0.159585 0.158060 -0.090688 -0.091531 0.243840 0.217523 1.094284 0.422599 -0.165240 -0.161111 0.262907 -0.689976 0.283652 0.306965 -1.129042 -0.563159 0.013750 0.013547 0.006092 0.555241 0.078146 0.072095 -0.197394 -0.233882 -0.232309 -0.199540 -1.355811 -0.565567 -0.229770 -0.228235 -0.211467 0.770176 0.709092 0.726188 -0.929453 -0.491451 -0.244261 -0.235863 0.032403 0.459912 -0.053037 0.103450 0.016488 65.000000
1.320000 -0.582394 -0.555336 -5.268654 -5.277786 0.250656 0.226043 4.832062 2.132017 0.260790 0.253544 0.816279 -2.891385 0.666603 0.762759 -19.300138 11.685285 -0.357512 -0.259332 -2.908961 -7.515915 -0.092664 -0.029802 -2.051405 -1.951854 -0.488428 -0.524140 7.268772 6.959223 -0.083028 -0.046550 -6.980304 2.020397 -0.213964 -0.230279 3.373603 -5.607315 0.606572 0.687246 -16.080742 13.373520 -0.444907 -0.221681 -6.779697 -3.420214 0.038389 -0.004660 1.125670 1.195277 0.067519 0.071056 -0.746875 -0.244814 0.028779 0.029362 -0.126243 0.382947 0.160529 0.158948 -0.057166 -0.090688 0.242931 0.217243 1.073344 0.415689 -0.168782 -0.164095 0.260437 -0.678595 0.285203 0.308303 -1.120281 -0.567567 0.014177 0.013640 0.001595 0.561475 0.082070 0.075048 -0.155072 -0.197394 -0.232099 -0.199252 -1.357849 -0.572172 -0.228299 -0.227148 -0.213660 0.783639 0.710300 0.727726 -0.918144 -0.480928 -0.246979 -0.238413 0.034730 0.448525 -0.053314 0.104511 0.016377 66.000000
1.340000 -0.583812 -0.556355 -5.330165 -5.268654 0.250216 0.226587 4.656995 2.007892 0.265800 0.257657 1.052644 -2.824171 0.666026 0.763481 -19.619292 11.750339 -0.356652 -0.260205 -2.794781 -7.549799 -0.092394 -0.028404 -2.051981 -2.051405 -0.489198 -0.525120 7.331522 7.268772 -0.082274 -0.048636 -6.411211 1.803351 -0.215837 -0.230854 3.101484 -5.176954 0.609061 0.687102 -15.592858 12.935312 -0.441051 -0.221063 -6.677136 -3.145430 0.038000 -0.003044 1.066491 1.125670 0.068052 0.071232 -0.663093 -0.310316 0.029106 0.029605 -0.131149 0.436559 0.161381 0.159602 -0.020603 -0.057166 0.243025 0.216964 1.085087 0.406453 -0.172279 -0.167214 0.264219 -0.666891 0.287044 0.309710 -1.109112 -0.560938 0.014911 0.013867 0.000510 0.559343 0.085552 0.077965 -0.126508 -0.155072 -0.232113 -0.198962 -1.367813 -0.572094 -0.227263 -0.226001 -0.221633 0.785755 0.711291 0.729098 -0.906503 -0.476437 -0.249843 -0.241030 0.035405 0.441707 -0.053526 0.105557 0.016168 67.000000
1.360000 -0.585982 -0.557438 -5.532111 -5.330165 0.249077 0.227282 4.241819 1.802175 0.271233 0.261831 1.269762 -2.854819 0.664505 0.764269 -20.076110 11.827478 -0.357544 -0.260540 -2.915136 -7.791814 -0.092482 -0.026812 -2.112699 -2.051981 -0.489683 -0.526231 7.482771 7.331522 -0.081072 -0.050683 -5.783923 1.654864 -0.217991 -0.231478 2.793510 -4.756347 0.612109 0.687236 -15.068973 12.617321 -0.436918 -0.220582 -6.509256 -2.975537 0.037679 -0.001463 1.021764 1.066491 0.068728 0.071450 -0.591538 -0.265972 0.029420 0.029858 -0.095688 0.397121 0.161194 0.160064 -0.012588 -0.020603 0.242415 0.216698 1.071435 0.410434 -0.176066 -0.170466 0.263711 -0.674653 0.288829 0.311186 -1.113955 -0.554811 0.015966 0.014267 -0.000729 0.554301 0.088921 0.080840 -0.100379 -0.126508 -0.231929 -0.198713 -1.362249 -0.573090 -0.225498 -0.224776 -0.216613 0.794723 0.712353 0.730305 -0.891111 -0.470954 -0.252996 -0.243748 0.035390 0.435549 -0.053770 0.106615 0.015851 68.000000
1.380000 -0.587067 -0.558639 -5.502538 -5.532111 0.248873 0.227875 4.128220 1.486028 0.275863 0.265719 1.495735 -2.755791 0.664643 0.765356 -20.323264 12.142783 -0.356716 -0.261314 -2.758590 -7.933327 -0.092223 -0.025320 -2.160456 -2.112699 -0.489910 -0.527453 7.687171 7.482771 -0.080659 -0.052784 -5.265717 1.495206 -0.219811 -0.232139 2.564351 -4.288716 0.614583 0.687642 -14.680649 12.234169 -0.432911 -0.220253 -6.409201 -2.834803 0.037439 0.000084 0.967135 1.021764 0.068788 0.071637 -0.600908 -0.247925 0.029688 0.030097 -0.109354 0.343613 0.161311 0.160293 0.013845 -0.012588 0.241759 0.216434 1.056051 0.403862 -0.179905 -0.173848 0.262673 -0.667573 0.290644 0.312770 -1.115970 -0.556613 0.016967 0.014828 -0.004524 0.557342 0.092126 0.083670 -0.077117 -0.100379 -0.231453 -0.198471 -1.356710 -0.572818 -0.224311 -0.223500 -0.222207 0.789431 0.713061 0.731395 -0.891065 -0.463250 -0.255760 -0.246526 0.039462 0.427861 -0.053997 0.107689 0.015547 69.000000
1.400000 -0.589825 -0.559928 -5.772275 -5.502538 0.247902 0.228345 3.848947 1.316242 0.281022 0.269341 1.822654 -2.811978 0.663019 0.766552 -20.879390 12.153334 -0.357457 -0.262354 -2.759559 -8.169930 -0.092291 -0.023731 -2.219062 -2.160456 -0.491479 -0.528797 7.674419 7.687171 -0.079780 -0.054857 -4.684934 1.350683 -0.221888 -0.232750 2.261108 -3.915034 0.616362 0.688179 -14.442643 11.967768 -0.430409 -0.220027 -6.326870 -2.712881 0.037286 0.001580 0.925153 0.967135 0.069106 0.071787 -0.564385 -0.245777 0.029715 0.030336 -0.141062 0.355131 0.160554 0.160326 0.011940 0.013845 0.240892 0.216144 1.039406 0.396689 -0.183915 -0.177332 0.256101 -0.659362 0.292710 0.314449 -1.116464 -0.555723 0.018102 0.015528 -0.006870 0.560247 0.095120 0.086392 -0.044481 -0.077117 -0.231239 -0.198206 -1.362077 -0.567251 -0.222684 -0.222169 -0.222518 0.789458 0.713734 0.732361 -0.882063 -0.465264 -0.258835 -0.249351 0.038746 0.425802 -0.054189 0.108804 0.015139 70.000000
1.420000 -0.590652 -0.561297 -5.666527 -5.772275 0.248098 0.228844 3.775296 1.013147 0.284969 0.272864 1.920823 -2.835800 0.664081 0.767760 -20.922034 12.432096 -0.354642 -0.263290 -2.652156 -8.447294 -0.092039 -0.022108 -2.259747 -2.219062 -0.491562 -0.530235 7.940094 7.674419 -0.079716 -0.056871 -4.276090 1.211913 -0.223538 -0.233398 2.078538 -3.473021 0.619653 0.688771 -13.911881 11.789322 -0.425920 -0.219845 -6.202558 -2.653321 0.036842 0.003023 0.871372 0.925153 0.069100 0.071941 -0.598002 -0.211661 0.029958 0.030540 -0.134008 0.352723 0.160015 0.160166 0.025287 0.011940 0.240789 0.215839 1.045167 0.391653 -0.187912 -0.180938 0.260293 -0.647753 0.294412 0.316161 -1.115747 -0.554797 0.019267 0.016347 -0.009351 0.561667 0.098280 0.089005 -0.011492 -0.044481 -0.231485 -0.197938 -1.380600 -0.569780 -0.221430 -0.220791 -0.230593 0.792298 0.714412 0.733217 -0.876636 -0.460405 -0.261712 -0.252213 0.040775 0.421659 -0.054392 0.110020 0.014656 71.000000
1.440000 -0.593412 -0.562743 -5.901644 -5.666527 0.246786 0.229338 3.425071 0.927237 0.289885 0.276280 2.238062 -2.848059 0.663173 0.768972 -21.333963 12.375873 -0.353429 -0.264106 -2.608626 -8.546160 -0.091787 -0.020449 -2.307740 -2.259747 -0.493414 -0.531779 7.917150 7.940094 -0.079404 -0.058856 -3.823517 1.098776 -0.225543 -0.234085 1.804847 -3.177314 0.621538 0.689446 -13.684646 11.434187 -0.422568 -0.219726 -6.082716 -2.477694 0.036629 0.004408 0.833369 0.871372 0.069967 0.072100 -0.458611 -0.231997 0.030274 0.030768 -0.119431 0.366005 0.158610 0.159753 0.029741 0.025287 0.239976 0.215525 1.030859 0.392437 -0.191903 -0.184652 0.262391 -0.652730 0.296330 0.317916 -1.118687 -0.553198 0.020640 0.017287 -0.010622 0.562549 0.101004 0.091535 0.011395 -0.011492 -0.230727 -0.197675 -1.361575 -0.575004 -0.219925 -0.219407 -0.225879 0.805597 0.715209 0.733982 -0.861537 -0.458705 -0.264876 -0.255120 0.039931 0.417930 -0.054598 0.111288 0.014088 72.000000
1.460000 -0.594220 -0.564253 -5.771685 -5.901644 0.246854 0.229777 3.354129 0.593504 0.293730 0.279644 2.331709 -2.831566 0.664336 0.770166 -21.349067 12.550410 -0.350296 -0.264866 -2.485729 -8.783553 -0.091205 -0.018790 -2.334234 -2.307740 -0.493698 -0.533450 8.190542 7.917150 -0.079331 -0.060886 -3.381732 1.009335 -0.227215 -0.234808 1.639763 -2.814182 0.624992 0.690204 -13.154420 11.234044 -0.417821 -0.219625 -5.968126 -2.450602 0.036212 0.005748 0.778659 0.833369 0.069651 0.072213 -0.528828 -0.169590 0.030404 0.030984 -0.133329 0.289021 0.158119 0.159110 0.061330 0.029741 0.239551 0.215203 1.023596 0.384234 -0.196016 -0.188444 0.260036 -0.646625 0.298500 0.319731 -1.111861 -0.554032 0.021989 0.018337 -0.013131 0.564655 0.104157 0.093961 0.054252 0.011395 -0.230752 -0.197398 -1.376611 -0.567848 -0.218636 -0.218014 -0.231961 0.793727 0.716133 0.734720 -0.856290 -0.450734 -0.267743 -0.258052 0.042470 0.410803 -0.054747 0.112667 0.013457 73.000000
1.480000 -0.596759 -0.565813 -5.943547 -5.771685 0.246154 0.230227 3.119439 0.511210 0.297979 0.282925 2.542522 -2.842919 0.663954 0.771409 -21.678003 12.469230 -0.348480 -0.265656 -2.406444 -8.879838 -0.090666 -0.017204 -2.358538 -2.334234 -0.495482 -0.535197 8.208175 8.190542 -0.079158 -0.062895 -2.959481 0.870985 -0.229209 -0.235556 1.387297 -2.510747 0.627219 0.691079 -12.899889 10.886197 -0.414254 -0.219658 -5.833675 -2.268223 0.036098 0.007020 0.747634 0.778659 0.070105 0.072312 -0.464047 -0.197749 0.030745 0.031158 -0.093497 0.331079 0.156786 0.158262 0.077279 0.061330 0.239074 0.214883 1.018796 0.381780 -0.200108 -0.192306 0.261203 -0.641816 0.300490 0.321581 -1.109973 -0.549365 0.023469 0.019485 -0.014538 0.562496 0.106497 0.096296 0.068357 0.054252 -0.230354 -0.197117 -1.371078 -0.572325 -0.217180 -0.216616 -0.229631 0.804286 0.716885 0.735444 -0.849883 -0.449380 -0.270837 -0.261003 0.041556 0.406910 -0.054865 0.114071 0.012792 74.000000
1.500000 -0.597710 -0.567422 -5.819350 -5.943547 0.246234 0.230701 3.032641 0.288459 0.301606 0.286148 2.629266 -2.830981 0.665086 0.772707 -21.724521 12.576454 -0.345015 -0.266503 -2.267120 -9.101549 -0.089721 -0.015698 -2.366212 -2.358538 -0.496159 -0.536999 8.429793 8.208175 -0.079308 -0.064931 -2.583161 0.786092 -0.231016 -0.236416 1.207038 -2.173389 0.630616 0.692029 -12.432494 10.661858 -0.409268 -0.219684 -5.668204 -2.238031 0.035952 0.008249 0.713245 0.747634 0.069908 0.072386 -0.511621 -0.185275 0.030943 0.031313 -0.080818 0.278772 0.156217 0.157226 0.118259 0.077279 0.238952 0.214590 1.017984 0.378797 -0.204272 -0.196235 0.260992 -0.639999 0.302771 0.323482 -1.106105 -0.547718 0.024991 0.020726 -0.016260 0.562255 0.109506 0.098562 0.105951 0.068357 -0.230052 -0.196823 -1.374448 -0.570724 -0.215920 -0.215226 -0.232779 0.800355 0.717713 0.736157 -0.846921 -0.445719 -0.273711 -0.263960 0.043133 0.404164 -0.054959 0.115533 0.012115 75.000000
1.520000 -0.600143 -0.569071 -5.955307 -5.819350 0.245595 0.231203 2.801588 0.201688 0.305562 0.289296 2.805478 -2.830953 0.665210 0.774066 -21.975170 12.499122 -0.342286 -0.267404 -2.157255 -9.225400 -0.088895 -0.014266 -2.378559 -2.366212 -0.498188 -0.538860 8.420757 8.429793 -0.079591 -0.066944 -2.247758 0.688061 -0.232816 -0.237310 1.020425 -1.895099 0.632756 0.693105 -12.238387 10.308690 -0.405727 -0.219853 -5.533288 -2.123804 0.035807 0.009405 0.684444 0.713245 0.070421 0.072445 -0.424947 -0.215401 0.031249 0.031445 -0.043633 0.296219 0.154439 0.156012 0.127174 0.118259 0.238440 0.214328 1.006958 0.378496 -0.208400 -0.200214 0.261363 -0.639488 0.304943 0.325442 -1.105717 -0.544923 0.026694 0.022066 -0.017189 0.561182 0.111409 0.100753 0.109413 0.105951 -0.229702 -0.196521 -1.371472 -0.570834 -0.214528 -0.213852 -0.229899 0.803614 0.718651 0.736880 -0.839596 -0.445027 -0.276845 -0.266933 0.041791 0.401894 -0.055030 0.117003 0.011449 76.000000
1.540000 -0.601194 -0.570791 -5.823541 -5.955307 0.245839 0.231681 2.778421 -0.001945 0.308898 0.292290 2.920012 -2.803533 0.666795 0.775483 -21.958791 12.545123 -0.337777 -0.268417 -1.956729 -9.430047 -0.087739 -0.013008 -2.335832 -2.378559 -0.499265 -0.540799 8.592107 8.420757 -0.080183 -0.068939 -1.955992 0.613666 -0.234467 -0.238228 0.885565 -1.634092 0.635563 0.694265 -11.914261 10.114227 -0.401287 -0.220076 -5.415299 -2.124160 0.035621 0.010499 0.646170 0.684444 0.070250 0.072505 -0.460645 -0.190657 0.031415 0.031590 -0.054245 0.234290 0.153453 0.154624 0.162494 0.127174 0.238061 0.214075 0.999615 0.372798 -0.212626 -0.204232 0.258509 -0.634161 0.307428 0.327487 -1.101509 -0.544264 0.028350 0.023494 -0.019402 0.561453 0.113954 0.102842 0.142378 0.109413 -0.229599 -0.196227 -1.377807 -0.570786 -0.213529 -0.212518 -0.234618 0.800685 0.719837 0.737658 -0.835805 -0.440694 -0.279676 -0.269904 0.043790 0.398903 -0.055080 0.118533 0.010797 77.000000
1.560000 -0.603322 -0.572544 -5.888186 -5.823541 0.245754 0.232129 2.656209 -0.070796 0.312343 0.295086 3.049754 -2.849217 0.667519 0.776968 -22.112189 12.392154 -0.333931 -0.269565 -1.818810 -9.566637 -0.086779 -0.011974 -2.346376 -2.335832 -0.501212 -0.542793 8.613266 8.592107 -0.080613 -0.070864 -1.670733 0.535213 -0.236113 -0.239102 0.731284 -1.420778 0.637795 0.695511 -11.724782 9.866977 -0.397969 -0.220382 -5.301917 -2.047284 0.035467 0.011520 0.618188 0.646170 0.070265 0.072549 -0.468309 -0.203200 0.031562 0.031764 -0.054453 0.257445 0.151794 0.153133 0.169263 0.162494 0.237689 0.213832 0.992522 0.370553 -0.216694 -0.208262 0.256402 -0.629062 0.309690 0.329568 -1.094743 -0.541054 0.030067 0.024993 -0.020707 0.560455 0.115997 0.104803 0.167076 0.142378 -0.229543 -0.195953 -1.382928 -0.571594 -0.212369 -0.211227 -0.235096 0.806213 0.720948 0.738505 -0.832993 -0.439798 -0.282661 -0.272865 0.042754 0.396007 -0.055102 0.120069 0.010080 78.000000
1.580000 -0.604727 -0.574345 -5.805449 -5.888186 0.245910 0.232609 2.591667 -0.196773 0.315445 0.297762 3.166575 -2.852981 0.669008 0.778491 -22.127923 12.369276 -0.329062 -0.270726 -1.627602 -9.742914 -0.085563 -0.011011 -2.320916 -2.346376 -0.502674 -0.544830 8.732175 8.613266 -0.081372 -0.072732 -1.463254 0.469724 -0.237755 -0.240018 0.584582 -1.201009 0.640364 0.696789 -11.477750 9.690375 -0.393732 -0.220666 -5.152240 -2.034407 0.035564 0.012485 0.600830 0.618188 0.070435 0.072605 -0.449980 -0.206928 0.031853 0.031961 -0.043915 0.261381 0.150384 0.151546 0.190873 0.169263 0.237626 0.213603 0.996641 0.368060 -0.220662 -0.212289 0.258185 -0.624462 0.312057 0.331700 -1.096505 -0.537018 0.031819 0.026556 -0.021882 0.557725 0.118164 0.106638 0.197505 0.167076 -0.229247 -0.195708 -1.376142 -0.573916 -0.211328 -0.209985 -0.234376 0.809012 0.722255 0.739415 -0.828061 -0.437874 -0.285412 -0.275800 0.043773 0.395120 -0.055125 0.121638 0.009326 79.000000
1.600000 -0.606771 -0.576181 -5.841047 -5.805449 0.245882 0.233108 2.484820 -0.287454 0.318606 0.300325 3.289045 -2.879121 0.670084 0.780034 -22.220535 12.239090 -0.324670 -0.271877 -1.468318 -9.888833 -0.084451 -0.010098 -2.316868 -2.320916 -0.504543 -0.546923 8.786799 8.732175 -0.081978 -0.074529 -1.221304 0.439336 -0.239271 -0.240920 0.471964 -1.023918 0.642824 0.698147 -11.261678 9.458793 -0.389952 -0.221059 -5.041986 -2.018958 0.035650 0.013374 0.579047 0.600830 0.070482 0.072664 -0.445014 -0.203033 0.032024 0.032158 -0.046824 0.246948 0.148549 0.149879 0.194698 0.190873 0.237170 0.213398 0.982441 0.369228 -0.224660 -0.216295 0.253993 -0.627413 0.314344 0.333853 -1.090323 -0.537311 0.033613 0.028174 -0.022884 0.559194 0.119835 0.108335 0.219190 0.197505 -0.228883 -0.195480 -1.369908 -0.570883 -0.210115 -0.208777 -0.231715 0.805259 0.723520 0.740390 -0.824745 -0.435917 -0.288260 -0.278703 0.042610 0.392144 -0.055144 0.123222 0.008545 80.000000
1.620000 -0.608439 -0.578064 -5.791113 -5.841047 0.246306 0.233618 2.453969 -0.402113 0.321427 0.302801 3.368421 -2.886933 0.671512 0.781579 -22.242288 12.170393 -0.320081 -0.273009 -1.304792 -10.050142 -0.083198 -0.009246 -2.305290 -2.316868 -0.506294 -0.549079 8.876867 8.786799 -0.082984 -0.076288 -1.094513 0.374670 -0.240719 -0.241843 0.357218 -0.846634 0.644941 0.699543 -11.130080 9.271153 -0.386441 -0.221447 -4.895109 -1.990525 0.035814 0.014203 0.571897 0.579047 0.070507 0.072709 -0.456687 -0.199095 0.032223 0.032344 -0.038178 0.245919 0.146942 0.148141 0.210377 0.194698 0.237050 0.213211 0.983235 0.364224 -0.228576 -0.220273 0.252708 -0.618217 0.316615 0.336025 -1.091635 -0.533720 0.035354 0.029833 -0.024202 0.556603 0.121599 0.109881 0.249876 0.219190 -0.228717 -0.195266 -1.368636 -0.569097 -0.209148 -0.207602 -0.233185 0.800811 0.724835 0.741421 -0.821581 -0.433677 -0.290895 -0.281562 0.043105 0.391068 -0.055132 0.124845 0.007738 81.000000
1.640000 -0.610302 -0.579995 -5.769591 -5.791113 0.246497 0.234147 2.387697 -0.457226 0.324250 0.305184 3.468794 -2.911195 0.672978 0.783112 -22.252831 12.063204 -0.315511 -0.274104 -1.138842 -10.179084 -0.081844 -0.008446 -2.283618 -2.305290 -0.508264 -0.551297 8.938124 8.876867 -0.083944 -0.077982 -0.950961 0.368647 -0.242146 -0.242765 0.257568 -0.725866 0.647284 0.700992 -10.959499 9.099309 -0.382687 -0.221930 -4.764741 -2.030771 0.035942 0.014951 0.559849 0.571897 0.070612 0.072760 -0.443208 -0.209255 0.032378 0.032492 -0.030627 0.247432 0.145230 0.146348 0.221496 0.210377 0.236738 0.213041 0.975101 0.365263 -0.232464 -0.224219 0.249893 -0.617971 0.318910 0.338206 -1.087900 -0.533716 0.037126 0.031520 -0.024741 0.557919 0.123044 0.111276 0.274653 0.249876 -0.228301 -0.195065 -1.359102 -0.567726 -0.208058 -0.206465 -0.230451 0.800910 0.726163 0.742496 -0.816956 -0.432343 -0.293567 -0.284371 0.041923 0.389238 -0.055112 0.126500 0.006936 82.000000
1.660000 -0.612012 -0.581971 -5.709550 -5.769591 0.247121 0.234695 2.398250 -0.540549 0.326846 0.307506 3.538261 -2.928245 0.674660 0.784641 -22.223178 11.948660 -0.310542 -0.275176 -0.955843 -10.304171 -0.080355 -0.007714 -2.248057 -2.283618 -0.510219 -0.553575 9.012629 8.938124 -0.085124 -0.079647 -0.868322 0.346696 -0.243465 -0.243713 0.177467 -0.604265 0.649283 0.702462 -10.859409 8.919892 -0.379056 -0.222365 -4.634442 -2.039606 0.036074 0.015642 0.552119 0.559849 0.070559 0.072801 -0.463529 -0.206290 0.032527 0.032633 -0.031352 0.236917 0.143665 0.144510 0.238329 0.221496 0.236723 0.212891 0.977308 0.362604 -0.236364 -0.228140 0.247818 -0.612497 0.321290 0.340408 -1.085421 -0.531579 0.038886 0.033228 -0.025317 0.556320 0.124484 0.112525 0.303933 0.274653 -0.228234 -0.194878 -1.360151 -0.564326 -0.207123 -0.205363 -0.231420 0.794777 0.727597 0.743616 -0.812223 -0.429439 -0.296140 -0.287129 0.041460 0.387517 -0.055062 0.128190 0.006115 83.000000
1.680000 -0.613945 -0.583992 -5.688155 -5.709550 0.247572 0.235291 2.366879 -0.570006 0.329501 0.309772 3.615251 -2.968255 0.676209 0.786153 -22.211512 11.801707 -0.305741 -0.276197 -0.787942 -10.421471 -0.078861 -0.007032 -2.222300 -2.248057 -0.512255 -0.555923 9.079480 9.012629 -0.086156 -0.081216 -0.754239 0.345427 -0.244779 -0.244619 0.112735 -0.522894 0.651439 0.703973 -10.722605 8.775771 -0.375381 -0.222895 -4.539427 -2.083637 0.036154 0.016242 0.536867 0.552119 0.070519 0.072846 -0.472823 -0.216088 0.032634 0.032760 -0.034407 0.247440 0.141990 0.142644 0.247892 0.238329 0.236380 0.212760 0.965298 0.364745 -0.240323 -0.232043 0.243268 -0.612563 0.323626 0.342623 -1.078282 -0.530052 0.040603 0.034945 -0.025905 0.555369 0.125859 0.113631 0.334474 0.303933 -0.227981 -0.194715 -1.354317 -0.564365 -0.206056 -0.204285 -0.229748 0.795786 0.729176 0.744798 -0.805571 -0.426841 -0.298710 -0.289839 0.040446 0.385381 -0.055009 0.129914 0.005275 84.000000
1.700000 -0.615631 -0.586034 -5.617182 -5.688155 0.248309 0.235938 2.375488 -0.624186 0.331936 0.312016 3.656506 -2.991065 0.677974 0.787644 -22.154242 11.674650 -0.300903 -0.277153 -0.619821 -10.536862 -0.077329 -0.006370 -2.193511 -2.222300 -0.514199 -0.558290 9.162122 9.079480 -0.087482 -0.082753 -0.716072 0.320752 -0.245985 -0.245587 0.078602 -0.433487 0.653318 0.705466 -10.640055 8.638769 -0.372095 -0.223318 -4.441360 -2.083836 0.036224 0.016792 0.526858 0.536867 0.070568 0.072889 -0.473380 -0.219208 0.032742 0.032864 -0.031092 0.253615 0.140463 0.140772 0.261417 0.247892 0.236385 0.212643 0.967976 0.361015 -0.244146 -0.235930 0.243309 -0.604283 0.325898 0.344841 -1.077431 -0.526189 0.042314 0.036663 -0.026042 0.552094 0.127117 0.114611 0.362322 0.334474 -0.227953 -0.194579 -1.353337 -0.562284 -0.205155 -0.203233 -0.230686 0.792032 0.730674 0.746036 -0.802528 -0.423008 -0.301176 -0.292497 0.040040 0.382562 -0.054938 0.131656 0.004423 85.000000
1.720000 -0.617585 -0.588091 -5.593406 -5.617182 0.248879 0.236635 2.345204 -0.640509 0.334506 0.314215 3.735993 -3.015997 0.679413 0.789088 -22.144813 11.524632 -0.296646 -0.278035 -0.474014 -10.629610 -0.075801 -0.005740 -2.163245 -2.193511 -0.516422 -0.560679 9.201824 9.162122 -0.088696 -0.084205 -0.680485 0.318735 -0.247241 -0.246550 0.016608 -0.397337 0.655053 0.706968 -10.594771 8.526690 -0.369094 -0.223835 -4.324431 -2.113366 0.036464 0.017257 0.528709 0.526858 0.070710 0.072960 -0.462445 -0.221144 0.032782 0.032924 -0.028290 0.252236 0.138772 0.138904 0.268281 0.261417 0.236275 0.212535 0.966900 0.362334 -0.247868 -0.239786 0.243044 -0.605642 0.328062 0.347044 -1.076135 -0.525694 0.044058 0.038384 -0.025883 0.551737 0.128290 0.115479 0.390787 0.362322 -0.227658 -0.194475 -1.341681 -0.561326 -0.204169 -0.202211 -0.227972 0.792011 0.732291 0.747323 -0.796365 -0.421284 -0.303653 -0.295108 0.038946 0.381244 -0.054867 0.133410 0.003584 86.000000
1.740000 -0.619324 -0.590139 -5.536159 -5.593406 0.249640 0.237355 2.349322 -0.695395 0.336867 0.316387 3.778167 -3.040599 0.681177 0.790464 -22.057973 11.414645 -0.292224 -0.278843 -0.323412 -10.730168 -0.074159 -0.005150 -2.126722 -2.163245 -0.518269 -0.563069 9.306926 9.201824 -0.090011 -0.085619 -0.666540 0.331938 -0.248442 -0.247547 -0.019197 -0.348546 0.656908 0.708445 -10.516505 8.419625 -0.366038 -0.224345 -4.216459 -2.175147 0.036616 0.017664 0.527232 0.528709 0.070735 0.073043 -0.476054 -0.217077 0.032864 0.032957 -0.016024 0.245368 0.137230 0.137036 0.281477 0.268281 0.236411 0.212445 0.971985 0.361928 -0.251620 -0.243614 0.242923 -0.604972 0.330344 0.349247 -1.073703 -0.525126 0.045812 0.040112 -0.025907 0.551009 0.129370 0.116258 0.414149 0.390787 -0.227373 -0.194393 -1.330973 -0.556855 -0.203149 -0.201210 -0.225105 0.784827 0.733922 0.748661 -0.792565 -0.417655 -0.306050 -0.297671 0.038432 0.378710 -0.054775 0.135174 0.002764 87.000000
1.760000 -0.621210 -0.592166 -5.510511 -5.536159 0.250564 0.238109 2.379766 -0.714422 0.339197 0.318537 3.813514 -3.063744 0.682756 0.791778 -21.995343 11.262490 -0.288120 -0.279586 -0.184329 -10.795483 -0.072426 -0.004612 -2.085690 -2.126722 -0.520465 -0.565449 9.341689 9.306926 -0.091401 -0.086976 -0.674706 0.342869 -0.249549 -0.248551 -0.031395 -0.323672 0.658406 0.709900 -10.497050 8.302536 -0.363244 -0.224863 -4.135328 -2.213969 0.036790 0.018005 0.524667 0.527232 0.070729 0.073139 -0.495259 -0.230015 0.032851 0.032971 -0.019226 0.246039 0.135824 0.135189 0.292924 0.281477 0.236419 0.212381 0.970374 0.364531 -0.255285 -0.247406 0.241125 -0.607454 0.332535 0.351425 -1.065999 -0.523898 0.047545 0.041843 -0.026149 0.549805 0.130297 0.116952 0.436565 0.414149 -0.227262 -0.194327 -1.327012 -0.552934 -0.202271 -0.200228 -0.225630 0.778039 0.735611 0.750052 -0.787983 -0.415499 -0.308427 -0.300189 0.037603 0.377066 -0.054669 0.136931 0.001958 88.000000
1.780000 -0.622925 -0.594173 -5.453124 -5.510511 0.251537 0.238900 2.406715 -0.716874 0.341461 0.320666 3.852103 -3.096640 0.684344 0.793025 -21.916060 11.130757 -0.284218 -0.280263 -0.054780 -10.864586 -0.070734 -0.004129 -2.043368 -2.085690 -0.522438 -0.567812 9.422303 9.341689 -0.092826 -0.088278 -0.729091 0.353050 -0.250681 -0.249578 -0.073420 -0.321655 0.659891 0.711311 -10.492247 8.234232 -0.360700 -0.225360 -3.997970 -2.262818 0.036931 0.018287 0.536643 0.524667 0.070789 0.073254 -0.517482 -0.238017 0.032813 0.032954 -0.014770 0.257242 0.134399 0.133384 0.303462 0.292924 0.236486 0.212340 0.972965 0.364625 -0.258930 -0.251155 0.239723 -0.605750 0.334668 0.353581 -1.068367 -0.519925 0.049259 0.043574 -0.026285 0.546074 0.131352 0.117568 0.464870 0.436565 -0.227049 -0.194278 -1.317295 -0.550691 -0.201394 -0.199274 -0.224161 0.776321 0.737214 0.751479 -0.785115 -0.412793 -0.310740 -0.302660 0.037034 0.375190 -0.054545 0.138683 0.001162 89.000000
1.800000 -0.624625 -0.596150 -5.403947 -5.453124 0.252613 0.239734 2.450288 -0.722694 0.343651 0.322785 3.861125 -3.129409 0.686199 0.794215 -21.777048 10.997582 -0.279948 -0.280879 0.086885 -10.918479 -0.068903 -0.003701 -1.996268 -2.043368 -0.524572 -0.570151 9.456673 9.422303 -0.094292 -0.089522 -0.769457 0.401255 -0.251692 -0.250616 -0.053104 -0.327836 0.661244 0.712677 -10.479147 8.132658 -0.357797 -0.225809 -3.932461 -2.359589 0.037080 0.018515 0.533402 0.536643 0.070752 0.073383 -0.546648 -0.251356 0.032779 0.032927 -0.019091 0.266126 0.133201 0.131636 0.314837 0.303462 0.236490 0.212321 0.969530 0.366621 -0.262543 -0.254862 0.236959 -0.606344 0.336862 0.355710 -1.059867 -0.521041 0.050928 0.045294 -0.026454 0.547326 0.132207 0.118121 0.485755 0.464870 -0.226927 -0.194243 -1.312061 -0.546567 -0.200581 -0.198352 -0.223715 0.770728 0.738969 0.752939 -0.778840 -0.411075 -0.312952 -0.305078 0.036599 0.374040 -0.054418 0.140421 0.000373 90.000000
1.820000 -0.626454 -0.598109 -5.378029 -5.403947 0.253674 0.240620 2.475995 -0.705419 0.345910 0.324901 3.894210 -3.155707 0.687575 0.795352 -21.718986 10.825793 -0.276344 -0.281431 0.203840 -10.951256 -0.067181 -0.003323 -1.950972 -1.996268 -0.526637 -0.572488 9.515792 9.456673 -0.095617 -0.090677 -0.827775 0.411281 -0.252653 -0.251614 -0.065048 -0.358177 0.662500 0.714010 -10.497210 8.078811 -0.355380 -0.226255 -3.822412 -2.400337 0.037219 0.018677 0.544433 0.533402 0.070868 0.073527 -0.558592 -0.263779 0.032684 0.032887 -0.024792 0.282869 0.131895 0.129956 0.320022 0.314837 0.236562 0.212320 0.971100 0.366286 -0.266074 -0.258523 0.235246 -0.603245 0.338934 0.357817 -1.060037 -0.516706 0.052564 0.046998 -0.026384 0.543160 0.133089 0.118609 0.511580 0.485755 -0.226769 -0.194226 -1.303402 -0.544173 -0.199725 -0.197456 -0.221933 0.767888 0.740641 0.754428 -0.774845 -0.407719 -0.315199 -0.307447 0.035331 0.371121 -0.054280 0.142148 -0.000429 91.000000
1.840000 -0.628038 -0.600045 -5.312021 -5.378029 0.254843 0.241556 2.514616 -0.709108 0.348056 0.327003 3.906855 -3.185103 0.689290 0.796431 -21.584455 10.712320 -0.272683 -0.281917 0.322041 -11.006666 -0.065444 -0.002994 -1.903842 -1.950972 -0.528624 -0.574811 9.579586 9.515792 -0.097011 -0.091741 -0.909897 0.446412 -0.253556 -0.252580 -0.059759 -0.381363 0.663715 0.715302 -10.509373 8.008387 -0.352945 -0.226702 -3.729291 -2.488823 0.037374 0.018777 0.553305 0.544433 0.070977 0.073702 -0.578167 -0.266900 0.032583 0.032818 -0.025747 0.291692 0.130783 0.128355 0.327534 0.320022 0.236606 0.212328 0.971909 0.367927 -0.269532 -0.262135 0.234026 -0.603173 0.340997 0.359900 -1.057485 -0.516827 0.054156 0.048679 -0.026229 0.543210 0.133984 0.119043 0.536770 0.511580 -0.226665 -0.194229 -1.295428 -0.540735 -0.198935 -0.196586 -0.220997 0.762667 0.742340 0.755936 -0.769635 -0.405088 -0.317316 -0.309765 0.035083 0.369757 -0.054143 0.143861 -0.001234 92.000000
1.860000 -0.629842 -0.601958 -5.292397 -5.312021 0.255974 0.242520 2.545002 -0.696120 0.350231 0.329076 3.930833 -3.210736 0.690723 0.797465 -21.496205 10.559714 -0.269298 -0.282362 0.431628 -11.024741 -0.063674 -0.002796 -1.846066 -1.903842 -0.530697 -0.577115 9.625586 9.579586 -0.098362 -0.092739 -0.990251 0.484828 -0.254420 -0.253526 -0.047949 -0.425069 0.664785 0.716549 -10.538764 7.947235 -0.350472 -0.227109 -3.645249 -2.562138 0.037578 0.018829 0.563090 0.553305 0.071168 0.073903 -0.584496 -0.276210 0.032485 0.032725 -0.023728 0.301957 0.129702 0.126835 0.333651 0.327534 0.236788 0.212344 0.976750 0.368941 -0.272936 -0.265698 0.233403 -0.602967 0.343019 0.361953 -1.053999 -0.515628 0.055757 0.050338 -0.025709 0.541857 0.134738 0.119438 0.556686 0.536770 -0.226417 -0.194252 -1.282396 -0.537215 -0.198116 -0.195743 -0.218170 0.758213 0.744008 0.757452 -0.764247 -0.402359 -0.319434 -0.312031 0.034034 0.367276 -0.054000 0.145552 -0.002040 93.000000
1.880000 -0.631541 -0.603852 -5.256364 -5.292397 0.257290 0.243508 2.607793 -0.692915 0.352309 0.331132 3.939101 -3.237918 0.692138 0.798438 -21.399530 10.436467 -0.266167 -0.282740 0.531358 -11.059738 -0.061931 -0.002646 -1.789649 -1.846066 -0.532674 -0.579406 9.685682 9.625586 -0.099688 -0.093680 -1.075244 0.519100 -0.255221 -0.254462 -0.022333 -0.471151 0.665815 0.717742 -10.563247 7.901251 -0.348321 -0.227456 -3.576268 -2.637513 0.037775 0.018837 0.572937 0.563090 0.071297 0.074137 -0.610011 -0.280384 0.032297 0.032602 -0.031788 0.304112 0.128633 0.125391 0.337286 0.333651 0.236939 0.212374 0.979453 0.371673 -0.276353 -0.269218 0.231743 -0.605077 0.345076 0.363989 -1.051478 -0.514145 0.057319 0.051976 -0.025488 0.539854 0.135555 0.119796 0.580240 0.556686 -0.226323 -0.194290 -1.274827 -0.532113 -0.197347 -0.194922 -0.217047 0.750283 0.745778 0.758983 -0.757958 -0.399140 -0.321524 -0.314254 0.033208 0.365106 -0.053848 0.147229 -0.002845 94.000000
1.900000 -0.633305 -0.605729 -5.236785 -5.256364 0.258577 0.244520 2.660829 -0.665654 0.354378 0.333162 3.949885 -3.273447 0.693511 0.799347 -21.298216 10.316125 -0.263333 -0.283046 0.620266 -11.083405 -0.060284 -0.002532 -1.734289 -1.789649 -0.534630 -0.581674 9.743726 9.685682 -0.101023 -0.094557 -1.170040 0.548789 -0.256001 -0.255393 0.013904 -0.526455 0.666638 0.718874 -10.612008 7.863689 -0.346507 -0.227757 -3.528718 -2.699558 0.037930 0.018800 0.580885 0.572937 0.071474 0.074411 -0.632927 -0.289111 0.032120 0.032443 -0.033439 0.320900 0.127547 0.124019 0.339107 0.337286 0.236998 0.212412 0.979308 0.373855 -0.279707 -0.272699 0.230925 -0.605598 0.346932 0.365982 -1.049515 -0.512995 0.058847 0.053590 -0.025223 0.538483 0.136258 0.120129 0.597375 0.580240 -0.226261 -0.194345 -1.267477 -0.528890 -0.196618 -0.194126 -0.215706 0.745937 0.747392 0.760523 -0.754724 -0.395583 -0.323548 -0.316433 0.032682 0.362375 -0.053694 0.148889 -0.003638 95.000000
1.920000 -0.635022 -0.607585 -5.215532 -5.236785 0.259960 0.245561 2.727534 -0.644528 0.356470 0.335179 3.958719 -3.305357 0.694715 0.800179 -21.210028 10.201276 -0.260836 -0.283268 0.691947 -11.096940 -0.058646 -0.002428 -1.694652 -1.734289 -0.536602 -0.583923 9.790458 9.743726 -0.102340 -0.095363 -1.268002 0.578068 -0.256764 -0.256310 0.060236 -0.591972 0.667338 0.719941 -10.663447 7.853738 -0.344826 -0.228040 -3.503248 -2.758270 0.038152 0.018714 0.588309 0.580885 0.071695 0.074728 -0.653519 -0.299744 0.031862 0.032251 -0.043585 0.333183 0.126628 0.122715 0.343030 0.339107 0.237156 0.212453 0.982461 0.374191 -0.282987 -0.276134 0.230044 -0.605116 0.348800 0.367929 -1.044849 -0.512146 0.060326 0.055175 -0.024963 0.537369 0.137065 0.120442 0.619004 0.597375 -0.226158 -0.194417 -1.258898 -0.525886 -0.195924 -0.193358 -0.214495 0.741592 0.749125 0.762070 -0.748501 -0.393703 -0.325517 -0.318564 0.032082 0.361021 -0.053544 0.150535 -0.004424 96.000000
1.940000 -0.636846 -0.609417 -5.215101 -5.215532 0.261222 0.246622 2.762432 -0.615592 0.358596 0.337183 3.990757 -3.343127 0.695665 0.800913 -21.148391 10.105428 -0.258935 -0.283403 0.740430 -11.104600 -0.057164 -0.002356 -1.656602 -1.694652 -0.538435 -0.586151 9.870485 9.790458 -0.103546 -0.096095 -1.390535 0.603883 -0.257560 -0.257211 0.060725 -0.664119 0.667957 0.720936 -10.737881 7.861069 -0.343789 -0.228354 -3.424345 -2.802378 0.038346 0.018569 0.611119 0.588309 0.072049 0.075098 -0.671972 -0.304967 0.031613 0.032027 -0.039038 0.348552 0.125494 0.121465 0.342366 0.343030 0.237250 0.212489 0.986924 0.376208 -0.286229 -0.279526 0.230005 -0.606253 0.350548 0.369841 -1.045718 -0.509943 0.061825 0.056736 -0.024293 0.534906 0.137866 0.120747 0.639026 0.619004 -0.225967 -0.194504 -1.245406 -0.522201 -0.195160 -0.192612 -0.211057 0.736696 0.750683 0.763609 -0.745299 -0.390291 -0.327511 -0.320656 0.031021 0.358210 -0.053391 0.152169 -0.005209 97.000000
1.960000 -0.638509 -0.611202 -5.197856 -5.215101 0.262634 0.247680 2.832821 -0.614162 0.360677 0.339215 3.994244 -3.376594 0.696857 0.801539 -21.022620 10.039605 -0.256944 -0.283452 0.796666 -11.108786 -0.055559 -0.002308 -1.597651 -1.656602 -0.540325 -0.588325 9.922107 9.870485 -0.104836 -0.096835 -1.498931 0.664905 -0.258280 -0.258183 0.118234 -0.725630 0.668452 0.721783 -10.789382 7.841318 -0.342461 -0.228422 -3.405272 -2.896563 0.038482 0.018427 0.620308 0.611119 0.072320 0.075493 -0.698463 -0.316467 0.031344 0.031798 -0.050934 0.355505 0.124732 0.120270 0.350617 0.342366 0.237409 0.212527 0.991205 0.378459 -0.289442 -0.282874 0.228668 -0.608464 0.352315 0.371689 -1.041208 -0.510712 0.063269 0.058271 -0.024100 0.535006 0.138606 0.121061 0.655745 0.639026 -0.225943 -0.194598 -1.239186 -0.517174 -0.194522 -0.191888 -0.210783 0.728231 0.752363 0.765139 -0.739109 -0.388160 -0.329397 -0.322707 0.030837 0.357139 -0.053221 0.153791 -0.005999 98.000000
1.980000 -0.640336 -0.612960 -5.215921 -5.197856 0.264026 0.248769 2.892295 -0.580711 0.362808 0.341256 4.011650 -3.413533 0.697569 0.802055 -20.963945 9.936117 -0.255487 -0.283401 0.827457 -11.086503 -0.054021 -0.002261 -1.555385 -1.597651 -0.542075 -0.590504 10.006221 9.922107 -0.105982 -0.097446 -1.620837 0.690348 -0.258973 -0.259042 0.140125 -0.808583 0.668933 0.722589 -10.843009 7.853297 -0.341420 -0.228673 -3.358784 -2.936084 0.038592 0.018195 0.636625 0.620308 0.072669 0.075950 -0.727876 -0.323765 0.031073 0.031552 -0.050317 0.374698 0.123919 0.119127 0.356120 0.350617 0.237571 0.212563 0.995953 0.381268 -0.292647 -0.286182 0.227595 -0.609936 0.354054 0.373501 -1.037632 -0.508554 0.064708 0.059783 -0.023617 0.532654 0.139475 0.121376 0.676214 0.655745 -0.225726 -0.194701 -1.226256 -0.514201 -0.193828 -0.191187 -0.208101 0.724985 0.753981 0.766666 -0.734281 -0.384973 -0.331323 -0.324721 0.029798 0.354136 -0.053061 0.155406 -0.006807 99.000000
2.000000 -0.641960 -0.614666 -5.205366 -5.215921 0.265608 0.249862 2.984936 -0.559677 0.364819 0.343349 3.990979 -3.451972 0.698543 0.802477 -20.843553 9.884549 -0.253976 -0.283273 0.862849 -11.079397 -0.052445 -0.002229 -1.504156 -1.555385 -0.543811 -0.592617 10.075126 10.006221 -0.107210 -0.098103 -1.738175 0.740356 -0.259665 -0.260023 0.206448 -0.880481 0.669251 0.723222 -10.889445 7.846547 -0.340561 -0.228549 -3.351938 -2.996462 0.038646 0.017988 0.646785 0.636625 0.072941 0.076418 -0.772548 -0.338780 0.030765 0.031309 -0.063541 0.389097 0.123226 0.118049 0.361770 0.356120 0.237716 0.212609 0.999034 0.384179 -0.295885 -0.289461 0.225482 -0.611774 0.355817 0.375272 -1.033658 -0.507007 0.066104 0.061269 -0.023354 0.530624 0.140353 0.121713 0.695176 0.676214 -0.225766 -0.194806 -1.222213 -0.509077 -0.193301 -0.190514 -0.208781 0.717179 0.755647 0.768188 -0.728685 -0.382039 -0.333164 -0.326699 0.029557 0.352242 -0.052872 0.157004 -0.007645 100.000000
2.020000 -0.647169 -0.616625 -5.790393 -5.205366 0.269895 0.251722 3.285695 -0.503021 0.371202 0.345472 4.823261 -3.487957 0.697028 0.803478 -21.511009 9.798800 -0.255723 -0.283351 0.854360 -11.044753 -0.056335 -0.002187 -1.634182 -1.504156 -0.542597 -0.594602 10.694373 10.075126 -0.105692 -0.098644 -1.330696 0.765864 -0.263720 -0.261888 -0.010636 -0.972312 0.679675 0.724027 -9.026396 7.864822 -0.347945 -0.228750 -3.540391 -3.024623 0.033842 0.017687 0.517918 0.646785 0.078711 0.077753 -0.090264 -0.354503 0.029602 0.031107 -0.273717 0.418045 0.112763 0.116562 0.106165 0.361770 0.236265 0.212615 0.946968 0.386776 -0.307564 -0.293696 0.163829 -0.612258 0.359200 0.377573 -1.079042 -0.505152 0.067972 0.062789 -0.019883 0.528506 0.139551 0.121988 0.676505 0.695176 -0.231073 -0.195429 -1.281137 -0.506716 -0.186883 -0.189183 -0.169961 0.715497 0.760411 0.769946 -0.669114 -0.379121 -0.336928 -0.328885 0.019484 0.349564 -0.053079 0.158512 -0.008556 101.000000
2.040000 -0.655750 -0.619365 -6.804421 -5.790393 0.277781 0.255799 3.648467 -0.768783 0.380215 0.348353 5.884388 -4.054478 0.694285 0.806227 -22.913838 10.138656 -0.251526 -0.284291 1.107937 -11.372353 -0.061535 -0.002310 -1.751960 -1.634182 -0.542363 -0.596645 11.203777 10.694373 -0.102952 -0.098864 -0.817116 0.670666 -0.268218 -0.265569 0.085699 -0.660030 0.688354 0.725185 -7.589102 7.069361 -0.362327 -0.228866 -3.971404 -1.957036 0.026224 0.017197 0.335952 0.517918 0.086726 0.081143 0.478787 0.091727 0.027217 0.031215 -0.815813 0.181990 0.095244 0.113876 -0.269593 0.106165 0.234838 0.212688 0.862689 0.391569 -0.330691 -0.300868 0.080861 -0.555399 0.365407 0.381004 -1.139224 -0.529579 0.071037 0.064537 -0.014286 0.549462 0.136538 0.121754 0.694703 0.676505 -0.233952 -0.197132 -1.161107 -0.555588 -0.174365 -0.186023 -0.131677 0.725549 0.765450 0.772178 -0.632448 -0.344299 -0.343054 -0.331746 0.014546 0.324815 -0.054315 0.159939 -0.010166 102.000000
2.060000 -0.664624 -0.623205 -7.669363 -6.804421 0.287833 0.263468 3.586680 -1.117961 0.388764 0.353424 6.226158 -4.766427 0.694679 0.810978 -24.037552 10.656988 -0.244460 -0.285257 1.322283 -12.256849 -0.063606 -0.001879 -1.904194 -1.751960 -0.540548 -0.599027 12.088241 11.203777 -0.099500 -0.097694 -0.608401 0.365708 -0.270940 -0.270224 0.548168 -0.451407 0.689753 0.726457 -7.541976 6.661905 -0.381910 -0.229115 -4.558146 -0.927197 0.021333 0.016425 0.230391 0.335952 0.092963 0.087120 0.170230 0.647300 0.025250 0.031274 -1.171580 0.168513 0.082411 0.109775 -0.416226 -0.269593 0.237079 0.213083 0.866971 0.390914 -0.353827 -0.311817 0.140684 -0.471775 0.372355 0.385422 -1.165280 -0.562469 0.072702 0.066422 -0.026096 0.576755 0.135825 0.120454 0.889346 0.694703 -0.229612 -0.199486 -0.865445 -0.514715 -0.160367 -0.180550 -0.131969 0.646392 0.771340 0.775012 -0.608095 -0.323497 -0.348235 -0.335302 0.035038 0.308951 -0.057021 0.161507 -0.013032 103.000000
2.080000 -0.675494 -0.627999 -8.784503 -7.669363 0.297949 0.274384 3.041978 -1.319739 0.399956 0.360289 6.926842 -4.906419 0.695204 0.817173 -25.283044 11.064088 -0.240731 -0.286226 1.469397 -12.973464 -0.066855 -0.001250 -2.113654 -1.904194 -0.536879 -0.601585 13.344195 12.088241 -0.093668 -0.094651 -0.323069 0.030116 -0.275872 -0.275266 0.624567 -0.578284 0.691639 0.727424 -7.298275 7.061969 -0.403193 -0.229913 -5.093618 -0.480007 0.019384 0.015339 0.239739 0.230391 0.102807 0.095585 0.084483 0.670905 0.024344 0.030888 -1.218243 0.500675 0.074031 0.104504 -0.380764 -0.416226 0.244389 0.214035 1.023276 0.363143 -0.373526 -0.325811 0.295201 -0.503828 0.377518 0.390186 -1.166775 -0.569592 0.072303 0.068019 -0.037170 0.595688 0.138976 0.118312 1.174622 0.889346 -0.228464 -0.201795 -0.758891 -0.366738 -0.145912 -0.172926 -0.159030 0.498707 0.779506 0.778603 -0.549103 -0.321567 -0.352367 -0.339188 0.052381 0.286528 -0.061225 0.163281 -0.017092 104.000000
2.100000 -0.682554 -0.632524 -9.248043 -8.784503 0.309367 0.287867 2.342028 -1.942432 0.408896 0.369900 6.483667 -4.984410 0.707006 0.822766 -24.094206 11.580618 -0.213338 -0.287126 2.242531 -13.702426 -0.065524 -0.001450 -1.748498 -2.113654 -0.534104 -0.604125 14.428842 13.344195 -0.091110 -0.090323 -0.734550 -0.150749 -0.279807 -0.281186 1.163525 -0.473818 0.695343 0.728450 -6.857324 7.326729 -0.406208 -0.231199 -5.118537 0.028455 0.019585 0.014033 0.292927 0.239739 0.111033 0.106168 -0.580825 0.651363 0.025090 0.029791 -0.725518 0.566880 0.069981 0.098288 -0.133392 -0.380764 0.255149 0.215957 1.186228 0.364038 -0.391191 -0.341724 0.443722 -0.659238 0.382317 0.394493 -1.087619 -0.564802 0.072278 0.069189 -0.028078 0.601972 0.143358 0.116454 1.297168 1.174622 -0.228704 -0.203719 -0.782067 -0.299930 -0.133149 -0.163715 -0.207393 0.458961 0.784888 0.782677 -0.545394 -0.300742 -0.355859 -0.343098 0.059647 0.248361 -0.066764 0.165136 -0.021615 105.000000
2.120000 -0.685744 -0.638775 -8.491890 -9.248043 0.325628 0.301381 2.860824 -2.070820 0.414927 0.378150 6.094600 -4.412848 0.728527 0.831875 -22.134113 10.427996 -0.170070 -0.288540 3.819009 -13.666210 -0.057336 -0.003944 -1.424499 -1.748498 -0.534683 -0.607577 15.137573 14.428842 -0.091726 -0.086432 -1.575650 -0.214487 -0.281839 -0.286286 1.581197 -0.949038 0.700091 0.730951 -6.691071 7.124246 -0.393739 -0.232255 -4.755843 0.266922 0.020705 0.012780 0.357203 0.292927 0.116775 0.116157 -1.274486 0.072347 0.026567 0.029589 -0.587375 0.653171 0.070393 0.091239 0.217655 -0.133392 0.265592 0.219473 1.210077 0.371253 -0.408086 -0.358470 0.494077 -0.814975 0.386765 0.398231 -0.961519 -0.529770 0.072215 0.070031 -0.020853 0.557848 0.146068 0.115724 1.252313 1.297168 -0.230289 -0.204802 -0.924764 -0.287337 -0.121389 -0.153503 -0.273130 0.494730 0.787175 0.786830 -0.602375 -0.302521 -0.358733 -0.346842 0.061796 0.242874 -0.071874 0.166822 -0.026940 106.000000
2.140000 -0.695151 -0.644213 -9.407445 -8.491890 0.339239 0.315783 2.540348 -1.616888 0.424084 0.388665 5.370732 -4.477712 0.736944 0.841127 -22.154625 8.309732 -0.139631 -0.292421 4.930321 -13.824381 -0.050197 -0.000341 -1.951268 -1.424499 -0.535907 -0.611577 15.753860 15.137573 -0.088516 -0.082440 -1.755444 -0.002774 -0.285117 -0.290884 1.882550 -1.578423 0.704938 0.735180 -6.802181 6.779254 -0.378234 -0.232795 -4.327462 0.088183 0.023794 0.011541 0.489470 0.357203 0.123004 0.125728 -1.924090 -0.343556 0.028217 0.029679 -0.165378 0.930930 0.071423 0.084279 0.502886 0.217655 0.274244 0.224482 1.155788 0.358000 -0.423869 -0.375165 0.488678 -0.852077 0.391186 0.401510 -0.886110 -0.470333 0.070171 0.070374 -0.024887 0.491186 0.151055 0.116396 1.200336 1.252313 -0.234403 -0.205329 -1.124584 -0.325817 -0.110443 -0.142667 -0.335174 0.598947 0.787572 0.790481 -0.627697 -0.332086 -0.360648 -0.350247 0.061937 0.270290 -0.076845 0.167922 -0.032854 107.000000
2.160000 -0.697626 -0.650079 -8.748758 -9.407445 0.351037 0.330528 2.123286 -1.415192 0.434546 0.400416 5.239797 -3.955540 0.745331 0.851641 -22.712832 7.517621 -0.108266 -0.294057 5.807246 -14.637004 -0.043848 -0.000492 -1.397003 -1.951268 -0.537701 -0.615785 16.243247 15.753860 -0.085021 -0.079240 -1.552239 -0.063553 -0.287744 -0.295105 2.021978 -1.818997 0.707624 0.740612 -7.476960 6.525518 -0.355255 -0.232395 -3.765196 -0.276663 0.026791 0.010309 0.618152 0.489470 0.129256 0.134007 -2.048581 -0.879356 0.028080 0.028523 0.138528 1.044734 0.077898 0.077927 0.866102 0.502886 0.279637 0.230542 1.020166 0.333555 -0.437116 -0.391099 0.447985 -0.822233 0.396715 0.405236 -0.909896 -0.430611 0.068652 0.070196 -0.012035 0.455499 0.155536 0.118380 1.108516 1.200336 -0.235811 -0.205306 -1.260429 -0.394705 -0.101898 -0.131811 -0.387357 0.729879 0.781995 0.793015 -0.736428 -0.344817 -0.362117 -0.353221 0.056840 0.282880 -0.081167 0.168576 -0.037465 108.000000
2.180000 -0.697069 -0.654169 -8.043907 -8.748758 0.359846 0.342953 1.683293 -1.558256 0.446185 0.411195 5.436442 -3.681541 0.754266 0.860729 -22.566758 7.163585 -0.076894 -0.296281 6.643456 -15.549247 -0.035706 0.000484 -1.160855 -1.397003 -0.543061 -0.620459 16.173579 16.243247 -0.082915 -0.075832 -1.905631 -0.234869 -0.286849 -0.295699 1.637580 -1.787109 0.707954 0.747138 -8.863173 6.456951 -0.320959 -0.233603 -2.370510 -1.020008 0.029085 0.008461 0.818799 0.618152 0.133317 0.140123 -2.115938 -1.093555 0.027131 0.027244 0.289518 0.955027 0.086622 0.073337 1.075075 0.866102 0.279181 0.236708 0.808181 0.286090 -0.443626 -0.405144 0.393963 -0.734076 0.400579 0.409244 -0.958766 -0.448931 0.068014 0.069762 0.000447 0.460965 0.157935 0.121162 1.040104 1.108516 -0.233348 -0.204725 -1.278173 -0.436536 -0.094136 -0.121432 -0.404020 0.823893 0.776279 0.794074 -0.791706 -0.396634 -0.363992 -0.355855 0.046903 0.339794 -0.084076 0.168652 -0.042243 109.000000
2.200000 -0.691406 -0.655542 -7.141872 -8.043907 0.363380 0.352343 1.121856 -1.876574 0.457722 0.422818 5.382715 -3.559867 0.759755 0.867090 -22.211960 6.486804 -0.053462 -0.297360 7.367067 -16.079954 -0.031012 0.000413 -0.879045 -1.160855 -0.550043 -0.625015 15.617385 16.173579 -0.081316 -0.073163 -1.895954 0.134026 -0.283254 -0.292607 1.274215 -1.771606 0.708923 0.753740 -9.888856 6.143095 -0.284684 -0.236045 -1.234271 -2.720079 0.029942 0.006600 0.872327 0.818799 0.136815 0.143313 -1.582638 -1.202728 0.026502 0.025647 0.446743 0.913210 0.093748 0.071045 1.105630 1.075075 0.273647 0.241863 0.612878 0.207109 -0.443976 -0.416251 0.348638 -0.601072 0.402821 0.413390 -1.040861 -0.479606 0.066798 0.069174 0.000531 0.479159 0.160490 0.124192 0.990463 1.040104 -0.231134 -0.203513 -1.314766 -0.437076 -0.090583 -0.112163 -0.419266 0.841097 0.772717 0.793963 -0.779806 -0.419304 -0.364440 -0.358091 0.048026 0.372401 -0.084800 0.168158 -0.047187 110.000000
2.220000 -0.684706 -0.653814 -6.656342 -7.141872 0.366010 0.357505 1.178694 -2.130429 0.463926 0.433466 4.586576 -3.252285 0.767559 0.870119 -20.672232 5.786957 -0.043930 -0.297100 7.571196 -16.425003 -0.030019 0.000214 -0.942870 -0.879045 -0.555451 -0.628645 15.051487 15.617385 -0.085254 -0.071963 -2.771304 0.310870 -0.274191 -0.286873 1.650857 -1.585085 0.704324 0.758960 -11.555633 5.835571 -0.260952 -0.237625 -0.591294 -4.053284 0.029236 0.005029 0.871467 0.872327 0.137350 0.143744 -1.282288 -1.014690 0.026928 0.024701 0.620193 0.567948 0.099592 0.070925 1.035471 1.105630 0.269563 0.245026 0.670741 0.132120 -0.439275 -0.423959 0.331217 -0.480758 0.403146 0.417124 -1.067596 -0.520696 0.063930 0.068217 -0.004298 0.520165 0.161725 0.127464 0.867867 0.990463 -0.230302 -0.202018 -1.336617 -0.447750 -0.091854 -0.104876 -0.420903 0.867016 0.766801 0.792780 -0.792904 -0.413916 -0.363412 -0.359689 0.046214 0.365890 -0.082962 0.167050 -0.052885 111.000000
2.240000 -0.681553 -0.649717 -7.018255 -6.656342 0.369637 0.359884 1.713068 -1.703941 0.462171 0.442161 2.945989 -2.882635 0.778005 0.869890 -18.225377 4.869713 -0.049665 -0.296474 7.289956 -15.802520 -0.032797 -0.000001 -0.910045 -0.942870 -0.555819 -0.630339 15.000721 15.051487 -0.091830 -0.071073 -4.286326 0.560224 -0.260972 -0.280810 3.160898 -2.211080 0.697048 0.761756 -13.184874 6.204731 -0.247148 -0.238055 -0.275740 -5.350902 0.027771 0.003711 0.845394 0.871467 0.134620 0.143738 -1.873033 -0.951240 0.028274 0.024107 0.944368 0.331048 0.105677 0.072463 1.027199 1.035471 0.266008 0.245710 0.871312 0.169762 -0.433211 -0.428482 0.313968 -0.500979 0.401402 0.419553 -1.011016 -0.531649 0.058883 0.066512 -0.006031 0.535947 0.166096 0.131352 0.759257 0.867867 -0.229244 -0.200907 -1.254801 -0.457857 -0.095571 -0.100116 -0.371506 0.878760 0.758822 0.790157 -0.777644 -0.419559 -0.360526 -0.360379 0.040700 0.373345 -0.080264 0.165323 -0.058357 112.000000
2.260000 -0.682505 -0.645441 -8.007161 -7.018255 0.370112 0.361107 1.677449 -0.616460 0.457752 0.447910 1.294254 -2.329528 0.781008 0.868014 -17.019709 3.849340 -0.078998 -0.294873 6.273672 -14.376037 -0.042318 -0.000912 -1.153321 -0.910045 -0.556972 -0.630106 14.493584 15.000721 -0.098818 -0.069663 -6.069411 0.562714 -0.244310 -0.275962 5.734952 -3.723612 0.684266 0.761749 -15.315258 6.791521 -0.254244 -0.237293 -0.637415 -6.393353 0.022946 0.002544 0.724493 0.845394 0.136412 0.144884 -1.971383 -1.408701 0.029718 0.023864 1.208752 0.464332 0.113360 0.074970 1.109102 1.027199 0.261298 0.244000 1.086407 0.278672 -0.430297 -0.430707 0.246054 -0.592640 0.401027 0.420859 -0.926387 -0.502492 0.054171 0.064009 0.012204 0.508524 0.168065 0.136128 0.523665 0.759257 -0.223358 -0.200353 -0.971537 -0.441648 -0.100169 -0.097959 -0.265631 0.813153 0.745700 0.785551 -0.785030 -0.409172 -0.357745 -0.360163 0.021052 0.368472 -0.078149 0.163333 -0.062640 113.000000
2.280000 -0.679214 -0.641825 -7.959930 -8.007161 0.372728 0.361885 2.089820 0.191598 0.449694 0.451467 -0.761334 -1.485851 0.782504 0.864841 -15.918717 3.980264 -0.114768 -0.292486 5.058953 -13.039446 -0.051901 -0.001806 -1.421510 -1.153321 -0.559485 -0.628762 13.613715 14.493584 -0.104831 -0.067363 -7.870911 0.167229 -0.226559 -0.272173 8.620902 -5.902181 0.670378 0.759119 -17.217969 8.117843 -0.277423 -0.235349 -1.500826 -7.197415 0.017981 0.001529 0.588251 0.724493 0.139895 0.147669 -2.060266 -1.590067 0.029956 0.024201 1.088619 0.381316 0.121202 0.078417 1.122940 1.109102 0.258776 0.240499 1.333348 0.420176 -0.430074 -0.431778 0.190642 -0.666231 0.400822 0.421358 -0.851688 -0.469296 0.051111 0.061108 0.035481 0.457092 0.170883 0.141436 0.386421 0.523665 -0.214833 -0.199981 -0.658070 -0.352953 -0.105964 -0.098155 -0.164745 0.618584 0.730060 0.778560 -0.769026 -0.403041 -0.356448 -0.359440 -0.002235 0.381989 -0.077037 0.161666 -0.065804 114.000000
2.300000 -0.673632 -0.638865 -7.333414 -7.959930 0.374744 0.362185 2.539715 1.425577 0.445256 0.454506 -2.289079 -0.664243 0.777543 0.860373 -15.801580 4.306794 -0.145970 -0.289323 3.942382 -11.611922 -0.058998 -0.002536 -1.634103 -1.421510 -0.568878 -0.627664 11.657201 13.613715 -0.105498 -0.064270 -8.725198 -0.374996 -0.213000 -0.267722 10.208678 -8.245907 0.655919 0.754644 -18.982567 9.692581 -0.315378 -0.232445 -2.830522 -7.525388 0.014161 0.000651 0.509742 0.588251 0.142163 0.151057 -2.276104 -1.574443 0.029393 0.025380 0.632162 0.485824 0.130388 0.083282 1.046389 1.122940 0.257797 0.236284 1.499632 0.571353 -0.431728 -0.432513 0.139288 -0.761995 0.400367 0.421190 -0.784299 -0.443584 0.051906 0.058596 0.059756 0.408103 0.172763 0.146324 0.405354 0.386421 -0.209312 -0.199172 -0.568125 -0.246662 -0.112142 -0.100125 -0.113078 0.411407 0.718593 0.769799 -0.680279 -0.383395 -0.358395 -0.358927 -0.024553 0.385631 -0.076319 0.160754 -0.068899 115.000000
2.320000 -0.665865 -0.636668 -6.081690 -7.333414 0.375825 0.361093 3.251570 2.414397 0.442254 0.458301 -3.778133 -0.125318 0.769765 0.854017 -15.755496 5.054390 -0.160001 -0.285020 3.257607 -10.747190 -0.057945 -0.002938 -1.638903 -1.634103 -0.582296 -0.628517 9.516094 11.657201 -0.104156 -0.060136 -9.438769 -0.741740 -0.199356 -0.259485 10.598158 -9.466938 0.641147 0.748968 -20.645688 11.534920 -0.336589 -0.228572 -3.658885 -7.447647 0.012004 -0.001121 0.587533 0.509742 0.140968 0.153352 -2.726309 -1.454133 0.029017 0.026712 0.339739 0.821971 0.142837 0.090030 0.976893 1.046389 0.257997 0.232301 1.592525 0.680172 -0.433607 -0.433237 0.104254 -0.819460 0.402374 0.421061 -0.752575 -0.422028 0.055007 0.057149 0.059269 0.362271 0.166115 0.149296 0.398821 0.405354 -0.213057 -0.197759 -0.838248 -0.227523 -0.117711 -0.102995 -0.136449 0.340601 0.713092 0.760853 -0.615079 -0.327863 -0.362152 -0.359210 -0.025402 0.352416 -0.074862 0.161285 -0.072608 116.000000
2.340000 -0.656899 -0.635637 -4.307355 -6.081690 0.374107 0.357379 4.109918 3.514851 0.440422 0.462573 -4.978303 0.263281 0.767828 0.845493 -14.114988 5.525756 -0.164070 -0.279456 2.884192 -10.229741 -0.046253 -0.002515 -1.448266 -1.638903 -0.596482 -0.632286 7.888999 9.516094 -0.105418 -0.055433 -10.615067 -0.579695 -0.183060 -0.245882 10.417997 -10.018464 0.629252 0.742436 -21.639860 12.964559 -0.339115 -0.222311 -4.153510 -7.681129 0.013139 -0.002481 0.505231 0.587533 0.139407 0.153358 -2.670798 -1.533024 0.029355 0.027201 0.407250 1.193285 0.158296 0.098896 0.933996 0.976893 0.258723 0.229022 1.649392 0.744136 -0.431134 -0.433663 0.146865 -0.848389 0.402671 0.420890 -0.738288 -0.405922 0.059867 0.057078 0.044707 0.346653 0.152526 0.149364 0.304207 0.398821 -0.218898 -0.196288 -1.078971 -0.350900 -0.119465 -0.105826 -0.146180 0.487349 0.705575 0.752457 -0.650770 -0.294839 -0.367279 -0.360540 -0.015335 0.320241 -0.071783 0.163730 -0.076666 117.000000
2.360000 -0.646359 -0.635488 -2.109087 -4.307355 0.369417 0.350796 4.878453 4.544110 0.440509 0.467464 -6.056125 0.434192 0.760618 0.834875 -13.151436 4.975107 -0.177395 -0.273147 2.214935 -9.139880 -0.032039 -0.000584 -1.200366 -1.448266 -0.612040 -0.638896 6.467259 7.888999 -0.103522 -0.051715 -10.891204 0.098535 -0.165637 -0.228893 9.977461 -10.516532 0.618742 0.735818 -22.348485 13.818765 -0.338090 -0.215457 -4.489129 -7.821096 0.017868 -0.002165 0.599309 0.505231 0.135671 0.150812 -2.564074 -1.539024 0.028056 0.027262 0.282586 1.131774 0.175562 0.109910 0.857100 0.933996 0.262948 0.226470 1.797549 0.751263 -0.426858 -0.433355 0.181172 -0.898129 0.404682 0.421142 -0.749468 -0.391498 0.066851 0.058562 0.027493 0.346790 0.137340 0.146130 0.339988 0.304207 -0.226492 -0.195562 -1.259776 -0.466395 -0.120769 -0.108112 -0.196433 0.612576 0.697023 0.744410 -0.700549 -0.317717 -0.373409 -0.362984 0.000900 0.333053 -0.066770 0.168063 -0.081867 118.000000
2.380000 -0.635686 -0.635527 -0.018189 -2.109087 0.361914 0.341813 5.428779 5.467289 0.445893 0.473095 -6.299698 0.588836 0.746754 0.822166 -13.110765 4.976535 -0.207175 -0.265600 1.015069 -8.174901 -0.020383 0.000965 -0.717834 -1.200366 -0.623971 -0.646969 5.776004 6.467259 -0.100612 -0.048564 -10.809847 0.456872 -0.149055 -0.209245 9.166800 -10.434333 0.611921 0.728495 -22.123593 14.415394 -0.344558 -0.207515 -4.945963 -7.933091 0.024070 -0.002064 0.729130 0.599309 0.136316 0.146809 -1.540176 -1.423330 0.025506 0.026127 0.182550 1.140744 0.190788 0.122904 0.682755 0.857100 0.263941 0.224456 1.871982 0.808189 -0.421497 -0.432212 0.233411 -0.989360 0.406625 0.422361 -0.878171 -0.388481 0.073014 0.061372 -0.006736 0.360987 0.124049 0.139692 0.502022 0.339988 -0.228685 -0.196112 -1.110324 -0.531672 -0.119180 -0.109723 -0.169108 0.728104 0.687600 0.736266 -0.706858 -0.350724 -0.379209 -0.366361 0.024406 0.349825 -0.060270 0.173628 -0.087897 119.000000
2.400000 -0.629468 -0.633820 0.526295 -0.018189 0.355845 0.333155 5.699978 5.864239 0.462981 0.482423 -5.503518 0.435460 0.727748 0.807688 -13.791404 5.822502 -0.244054 -0.257977 -0.365678 -7.288262 -0.006425 0.003200 -0.479103 -0.717834 -0.627253 -0.653835 6.161303 5.776004 -0.098259 -0.046352 -10.647912 0.821523 -0.137457 -0.190968 8.270443 -9.988324 0.607010 0.719459 -20.979055 14.632782 -0.349764 -0.199474 -5.312379 -7.490811 0.033060 -0.001021 0.929423 0.729130 0.142164 0.144050 -0.205953 -0.861363 0.022312 0.024042 0.084379 0.678813 0.208967 0.137370 0.627738 0.682755 0.256602 0.222030 1.806757 0.819286 -0.419315 -0.430654 0.232907 -1.052697 0.413384 0.425480 -1.002110 -0.435718 0.076266 0.064745 -0.043600 0.442453 0.116199 0.130973 0.807772 0.502022 -0.225085 -0.198246 -0.642774 -0.470608 -0.113273 -0.110430 -0.060792 0.639716 0.682376 0.728024 -0.595682 -0.365632 -0.384630 -0.370364 0.043522 0.341226 -0.053543 0.179302 -0.094818 120.000000
2.420000 -0.625284 -0.629487 0.064793 0.526295 0.357432 0.326705 6.983450 5.601748 0.486137 0.496217 -4.153429 -0.098230 0.708121 0.792762 -14.723339 7.159722 -0.272305 -0.250476 -1.374919 -6.631682 0.004551 0.005235 -0.229144 -0.479103 -0.622858 -0.658008 7.439825 6.161303 -0.092555 -0.044188 -10.003603 1.188734 -0.131471 -0.174586 6.370640 -9.459178 0.608313 0.708064 -18.107450 14.325065 -0.357694 -0.190193 -6.023874 -6.653990 0.040351 0.000265 1.057915 0.929423 0.141807 0.143903 -0.613214 -0.145166 0.021466 0.022615 -0.037055 0.060787 0.230526 0.152851 0.725939 0.627738 0.253708 0.218961 1.869140 0.786925 -0.418866 -0.429329 0.253826 -1.019832 0.422729 0.430081 -0.967790 -0.479255 0.076240 0.067763 -0.065582 0.522855 0.111639 0.121376 1.054240 0.807772 -0.224938 -0.201565 -0.378249 -0.290991 -0.108076 -0.110104 -0.023500 0.351783 0.681009 0.720432 -0.503079 -0.319602 -0.388931 -0.374631 0.059602 0.276080 -0.047598 0.184064 -0.103298 121.000000
2.440000 -0.616743 -0.621956 -0.223556 0.064793 0.364501 0.322924 8.722091 5.568440 0.508745 0.513243 -3.435297 -1.415010 0.695634 0.778915 -14.757852 8.354361 -0.286320 -0.244258 -1.808980 -6.368978 0.008340 0.007045 -0.119806 -0.229144 -0.616055 -0.659439 8.692956 7.439825 -0.085140 -0.041351 -9.206030 1.816482 -0.125901 -0.159017 4.447714 -8.187121 0.614949 0.696146 -14.537557 13.402962 -0.366891 -0.180867 -6.449992 -4.704488 0.043850 0.001683 1.128750 1.057915 0.135959 0.145373 -2.216513 -0.288080 0.022390 0.023742 -0.446445 0.325135 0.251886 0.169337 0.757114 0.725939 0.260112 0.216370 2.056170 0.807657 -0.417896 -0.428411 0.303442 -1.061483 0.431814 0.435142 -0.849352 -0.451104 0.075203 0.069939 -0.059206 0.516686 0.108297 0.112139 1.185383 1.054240 -0.233101 -0.205372 -0.516388 -0.177375 -0.107155 -0.109027 -0.114296 0.200874 0.677342 0.713885 -0.537793 -0.281341 -0.391558 -0.378734 0.070633 0.221738 -0.042571 0.186887 -0.114763 122.000000
2.460000 -0.606976 -0.611835 -0.595110 -0.223556 0.370517 0.322385 9.533643 6.078694 0.530813 0.531779 -2.813796 -2.643397 0.690074 0.768818 -14.588495 8.685010 -0.290563 -0.240506 -1.775259 -6.072842 0.009715 0.008171 -0.032815 -0.119806 -0.612289 -0.658609 9.010325 8.692956 -0.076423 -0.037701 -8.269325 2.379158 -0.119970 -0.144056 2.791558 -6.826872 0.626958 0.686969 -10.950535 11.925673 -0.370945 -0.173610 -6.486835 -2.611885 0.044876 0.002998 1.142069 1.128750 0.135069 0.147595 -2.917734 -0.885034 0.024167 0.026176 -0.653070 1.331479 0.270933 0.186810 0.684132 0.757114 0.265040 0.215289 2.034733 0.876364 -0.413271 -0.427288 0.357346 -1.179806 0.445149 0.441183 -0.743601 -0.395073 0.075535 0.071461 -0.035460 0.454279 0.106353 0.103931 1.248679 1.185383 -0.240239 -0.209304 -0.635660 -0.201046 -0.106444 -0.107594 -0.176109 0.315342 0.673828 0.708047 -0.524071 -0.304213 -0.392203 -0.382238 0.074640 0.233580 -0.038537 0.186751 -0.128359 123.000000
2.480000 -0.600520 -0.600602 -1.616027 -0.595110 0.374885 0.325600 9.210403 6.173720 0.551274 0.550099 -2.240320 -3.359924 0.686381 0.764784 -15.529151 8.575985 -0.306214 -0.239210 -2.047858 -6.012510 0.008952 0.008944 -0.028597 -0.032815 -0.609412 -0.656609 9.106903 9.010325 -0.065406 -0.034373 -6.590640 2.738883 -0.115416 -0.131863 1.809388 -5.530441 0.642121 0.683972 -8.421916 10.158762 -0.383535 -0.171001 -6.410236 -0.791773 0.044380 0.004356 1.058659 1.142069 0.137000 0.150560 -3.212922 -1.132332 0.024579 0.027589 -0.608630 1.785402 0.286024 0.204811 0.533103 0.684132 0.270908 0.215945 1.970275 0.838694 -0.405007 -0.425073 0.392190 -1.196039 0.466393 0.449898 -0.702784 -0.354071 0.077367 0.072812 -0.017860 0.389531 0.103694 0.097043 1.203344 1.248679 -0.240738 -0.213157 -0.540914 -0.229776 -0.102661 -0.105826 -0.155094 0.405884 0.668966 0.702426 -0.502239 -0.299355 -0.391891 -0.384908 0.065517 0.224716 -0.035641 0.183258 -0.141929 124.000000
2.500000 -0.599767 -0.590197 -3.337034 -1.616027 0.381805 0.331944 8.857896 5.725362 0.571062 0.565898 -1.084830 -3.485041 0.674738 0.767301 -19.227988 9.243129 -0.343504 -0.241060 -2.878473 -6.286022 0.002948 0.008318 -0.085409 -0.028597 -0.612146 -0.654973 8.375792 9.106903 -0.053138 -0.031667 -4.652917 2.390626 -0.112515 -0.123103 1.084236 -4.200014 0.647882 0.688186 -9.095970 8.839148 -0.413438 -0.174208 -6.653369 0.417233 0.045874 0.006824 0.880383 1.058659 0.138696 0.154112 -3.652998 -1.302146 0.020458 0.026715 -0.885625 1.910776 0.291869 0.222177 0.238688 0.533103 0.283149 0.218527 2.038654 0.789042 -0.401694 -0.422020 0.337453 -1.181232 0.497772 0.463572 -0.777715 -0.342462 0.079214 0.074240 -0.016309 0.360322 0.099310 0.091128 1.160964 1.203344 -0.237215 -0.216373 -0.418513 -0.192910 -0.099166 -0.103706 -0.146546 0.348004 0.665518 0.697053 -0.485417 -0.283878 -0.391148 -0.386747 0.051055 0.218361 -0.033868 0.177120 -0.154169 125.000000
2.520000 -0.599778 -0.581870 -4.652776 -3.337034 0.392823 0.341695 8.631910 4.971363 0.581719 0.577647 -0.521208 -3.886533 0.675678 0.775295 -21.428436 11.692252 -0.361771 -0.244341 -3.147433 -7.535737 -0.004137 0.007081 -0.204736 -0.085409 -0.605292 -0.653559 9.424666 8.375792 -0.043446 -0.028425 -3.512498 1.784340 -0.111115 -0.118159 0.946589 -2.868576 0.658199 0.697566 -9.526722 9.351717 -0.433717 -0.181763 -6.706628 0.255747 0.044371 0.010173 0.699232 0.880383 0.138801 0.158715 -4.693519 -1.383686 0.016110 0.022987 -0.648390 2.269311 0.294518 0.237504 0.136534 0.238688 0.296024 0.223464 1.970056 0.850600 -0.408745 -0.420000 0.261645 -1.188053 0.531744 0.482345 -0.868250 -0.380703 0.080265 0.075666 -0.021779 0.397012 0.102836 0.086400 1.231600 1.160964 -0.233058 -0.218430 -0.373189 -0.135984 -0.099677 -0.101829 -0.152892 0.282530 0.669751 0.692865 -0.417741 -0.268236 -0.391510 -0.388036 0.029435 0.217181 -0.033930 0.169331 -0.164005 126.000000
2.540000 -0.594161 -0.575583 -4.574970 -4.652776 0.402091 0.353931 7.730370 4.576559 0.585315 0.583474 -0.156436 -4.055351 0.691604 0.787569 -21.197068 12.986665 -0.341584 -0.248995 -2.310588 -8.441772 -0.005580 0.005257 -0.123735 -0.204736 -0.601192 -0.650931 9.443605 9.424666 -0.037860 -0.023397 -3.732311 1.282955 -0.107151 -0.115938 1.551073 -2.229544 0.653457 0.708524 -12.640258 9.605546 -0.440927 -0.188817 -7.017394 0.078824 0.041817 0.011739 0.921117 0.699232 0.137905 0.163568 -5.762694 -2.022565 0.012276 0.018190 -0.457412 2.670954 0.295541 0.249681 0.194401 0.136534 0.313016 0.231211 1.901174 0.854206 -0.418494 -0.420412 0.273155 -1.115851 0.562817 0.504575 -0.927200 -0.423235 0.084392 0.077407 -0.007090 0.445015 0.103851 0.083715 1.054246 1.231600 -0.225677 -0.218778 -0.361961 -0.110149 -0.106004 -0.101308 -0.164659 0.263040 0.680807 0.691585 -0.461806 -0.223588 -0.394828 -0.389410 0.006301 0.194153 -0.036094 0.159960 -0.171459 127.000000
2.560000 -0.595678 -0.570564 -5.674490 -4.574970 0.403164 0.366810 5.449366 3.943403 0.595130 0.586078 1.504861 -3.786967 0.697640 0.800391 -22.302277 12.266778 -0.326007 -0.253046 -1.870180 -8.930289 -0.010230 0.002780 -0.137357 -0.123735 -0.610599 -0.646992 6.682449 9.443605 -0.032602 -0.016788 -4.151538 1.090619 -0.105388 -0.114807 1.775973 -2.641692 0.625038 0.716450 -19.141047 11.386688 -0.463070 -0.189625 -8.467270 -1.253570 0.038059 0.007857 1.567610 0.921117 0.140380 0.166808 -5.573830 -2.652641 0.006984 0.014204 -0.898371 3.110053 0.280586 0.258158 -0.126231 0.194401 0.325757 0.241446 1.711705 0.814010 -0.427405 -0.422998 0.294461 -1.087165 0.579634 0.527167 -1.076886 -0.460055 0.091811 0.080137 -0.001606 0.467145 0.099955 0.082669 0.781047 1.054246 -0.219878 -0.217169 -0.469950 -0.098651 -0.111328 -0.102379 -0.125964 0.263310 0.691499 0.693851 -0.622085 -0.234053 -0.401914 -0.391696 -0.006599 0.227753 -0.039266 0.150178 -0.177827 128.000000
2.580000 -0.600875 -0.567242 -7.073375 -5.674490 0.398885 0.376719 3.285692 1.972252 0.608697 0.588464 3.637379 -3.477113 0.687610 0.808243 -24.783167 12.501408 -0.341303 -0.254128 -2.696677 -9.800868 -0.022075 0.000721 -0.531074 -0.137357 -0.620321 -0.643422 4.198133 6.682449 -0.028570 -0.010960 -4.249895 1.187782 -0.106140 -0.114747 1.785357 -2.963755 0.592900 0.717816 -24.701293 15.683892 -0.509645 -0.182875 -10.735186 -3.457155 0.035028 -0.001463 2.159968 1.567610 0.145682 0.167385 -4.242419 -2.337730 -0.001247 0.010095 -1.593797 3.236100 0.254920 0.262193 -0.583555 -0.126231 0.332722 0.252544 1.555472 0.708622 -0.432969 -0.426695 0.324236 -1.003083 0.584406 0.547526 -1.279785 -0.537640 0.097813 0.083860 -0.031203 0.539246 0.096982 0.081936 0.718127 0.781047 -0.218461 -0.214206 -0.664806 -0.171993 -0.112882 -0.104100 -0.089670 0.297957 0.692468 0.697929 -0.845152 -0.307743 -0.406804 -0.394880 0.025028 0.314342 -0.041676 0.142978 -0.183096 129.000000
2.600000 -0.607556 -0.566904 -7.938707 -7.073375 0.400340 0.382647 2.862172 -0.175843 0.617385 0.591439 4.691827 -3.461536 0.681538 0.807992 -24.683801 14.338585 -0.364155 -0.250830 -3.944531 -10.444583 -0.033313 -0.000182 -0.961611 -0.531074 -0.622992 -0.642065 3.814787 4.198133 -0.029853 -0.006359 -5.358667 1.232269 -0.107412 -0.116033 1.991625 -3.017626 0.568083 0.712253 -27.589710 20.101451 -0.562890 -0.174153 -12.428993 -4.599843 0.034949 -0.008577 1.691812 2.159968 0.149459 0.167004 -3.477514 -1.324311 -0.006344 0.005388 -1.636288 2.918108 0.234945 0.261168 -0.558300 -0.583555 0.335880 0.262561 1.552086 0.615618 -0.433936 -0.430391 0.369542 -0.939854 0.582518 0.563568 -1.294546 -0.624291 0.101428 0.087935 -0.060605 0.655494 0.094664 0.081159 0.649203 0.718127 -0.219027 -0.211175 -0.731651 -0.287568 -0.113351 -0.105763 -0.070055 0.377238 0.685236 0.701034 -0.968046 -0.435090 -0.406087 -0.397858 0.065775 0.410062 -0.043326 0.140784 -0.187024 130.000000
2.620000 -0.613069 -0.570460 -7.771645 -7.938707 0.412427 0.387948 4.054287 -0.914828 0.613894 0.594388 3.468475 -3.776999 0.697779 0.802480 -19.970564 15.189851 -0.363815 -0.244497 -4.268683 -9.493949 -0.035646 0.000060 -1.133710 -0.961611 -0.608116 -0.642997 7.240412 3.814787 -0.034691 -0.001670 -7.295923 1.683521 -0.107635 -0.120190 3.349941 -3.675146 0.580699 0.702025 -22.590272 22.768588 -0.581009 -0.168506 -12.794890 -4.821122 0.032404 -0.010412 1.306223 1.691812 0.152734 0.168434 -3.466555 -0.920613 -0.004034 0.001179 -0.508111 2.556901 0.231878 0.255666 0.130621 -0.558300 0.330474 0.270730 1.283373 0.591272 -0.433828 -0.433305 0.343633 -0.960814 0.574898 0.573003 -0.985782 -0.616971 0.102057 0.091592 -0.079087 0.677576 0.101991 0.081808 0.550938 0.649203 -0.220962 -0.209181 -0.692853 -0.330798 -0.115993 -0.107545 -0.057730 0.400853 0.676426 0.701369 -0.879802 -0.516911 -0.401053 -0.399453 0.074957 0.451135 -0.046285 0.143494 -0.189682 131.000000
2.640000 -0.616615 -0.577171 -6.760853 -7.771645 0.425996 0.395718 4.764232 0.292906 0.604521 0.596392 1.458097 -3.761381 0.720052 0.798662 -15.511091 13.067271 -0.355849 -0.237669 -4.119788 -6.903293 -0.030448 0.000090 -0.904671 -1.133710 -0.590636 -0.646877 12.058900 7.240412 -0.038084 0.002042 -8.414740 1.972991 -0.110528 -0.128555 5.063586 -5.322932 0.636051 0.696306 -11.910449 20.533047 -0.552255 -0.172247 -10.464342 -2.057226 0.026246 -0.006605 0.304562 1.306223 0.163590 0.172037 -2.282015 -1.479222 0.003660 -0.000616 0.908903 1.987333 0.245042 0.247321 1.272699 0.130621 0.318677 0.277368 0.756170 0.469870 -0.435177 -0.435257 0.228426 -0.813503 0.567610 0.576106 -0.593067 -0.453348 0.099077 0.094073 -0.084993 0.532435 0.123775 0.086356 0.523638 0.550938 -0.218600 -0.208414 -0.468000 -0.317562 -0.122048 -0.110238 -0.010011 0.375291 0.673674 0.699096 -0.597925 -0.477380 -0.394346 -0.399183 0.051752 0.402423 -0.051120 0.147960 -0.190968 132.000000
2.660000 -0.609180 -0.584342 -4.083210 -6.760853 0.451678 0.407851 6.671298 1.653068 0.585160 0.595511 -1.633740 -3.111164 0.763790 0.806176 -10.652457 10.730032 -0.347085 -0.236283 -3.117659 -4.781059 -0.022005 -0.000997 -0.532514 -0.904671 -0.562931 -0.655067 19.769789 12.058900 -0.036125 0.003228 -7.850885 1.675577 -0.113856 -0.139249 6.678354 -6.739163 0.746277 0.711475 2.951821 13.510480 -0.492127 -0.198447 -5.162502 1.600030 0.025428 0.003115 -0.471894 0.304562 0.166958 0.175882 -2.257103 -1.595459 0.013292 0.001128 2.027025 0.686556 0.285389 0.239970 2.698510 1.272699 0.302957 0.283250 -0.043461 0.263872 -0.438146 -0.436231 0.011755 -0.492298 0.562913 0.574258 -0.154692 -0.254037 0.093292 0.094830 -0.071604 0.339030 0.160508 0.096462 0.670790 0.523638 -0.219817 -0.208230 -0.487821 -0.228994 -0.132638 -0.114353 -0.044314 0.239005 0.683488 0.696741 -0.313927 -0.324839 -0.386378 -0.397068 0.021802 0.273086 -0.056632 0.148728 -0.191580 133.000000
2.680000 -0.613208 -0.588253 -4.744464 -4.083210 0.470507 0.423343 7.179663 4.152519 0.571875 0.587876 -1.425433 -2.518779 0.781031 0.830146 -14.446196 7.577179 -0.355699 -0.243517 -2.276416 -3.075278 -0.020973 -0.001694 -0.433508 -0.532514 -0.549834 -0.662819 22.733857 19.769789 -0.025090 0.002241 -5.130075 0.586266 -0.120069 -0.146536 5.632404 -7.264620 0.819071 0.752326 6.552948 2.251416 -0.451148 -0.243908 -0.916102 5.203237 0.030616 0.014701 -0.599556 -0.471894 0.159136 0.177199 -3.440710 -2.142064 0.019491 0.003972 2.964196 0.115039 0.329564 0.238063 3.475864 2.698510 0.288779 0.288429 -0.718484 -0.027608 -0.433946 -0.435422 -0.190885 0.015853 0.557004 0.570095 0.068070 -0.041544 0.084791 0.093555 -0.049873 0.113148 0.191804 0.112241 0.467612 0.670790 -0.226732 -0.207771 -0.898840 -0.221753 -0.148242 -0.120173 -0.162265 0.266067 0.695238 0.697226 -0.390201 -0.167865 -0.377888 -0.393332 -0.010640 0.146062 -0.061461 0.139618 -0.190832 134.000000
2.700000 -0.614521 -0.586357 -6.350719 -4.744464 0.469938 0.438829 4.019872 4.302548 0.568277 0.575725 0.364207 -2.877115 0.752766 0.862998 -26.977869 8.866671 -0.371410 -0.255897 -2.146853 -5.579526 -0.023748 -0.004232 -0.205551 -0.433508 -0.577218 -0.660432 15.698308 22.733857 -0.006238 0.000620 -1.205996 -0.251165 -0.136951 -0.150970 3.469754 -5.381239 0.772685 0.792903 -9.208708 -2.615048 -0.441298 -0.278062 -3.058439 3.937900 0.032512 0.024695 -0.654605 -0.599556 0.145252 0.173657 -4.821004 -3.202453 0.021240 0.007227 2.220570 0.238257 0.344009 0.242043 3.189668 3.475864 0.288175 0.292096 -0.527540 -0.263799 -0.440116 -0.433944 -0.430500 0.454685 0.538436 0.565021 -0.379504 0.058971 0.080920 0.090992 0.011423 -0.009098 0.201729 0.131992 -0.269583 0.467612 -0.235913 -0.206590 -1.390042 -0.368288 -0.157342 -0.127101 -0.166938 0.530553 0.698130 0.701341 -0.950181 -0.189781 -0.370787 -0.388482 -0.048852 0.200421 -0.064290 0.120973 -0.187574 135.000000
2.720000 -0.639071 -0.580977 -12.400626 -6.350719 0.454308 0.447393 0.893013 1.827832 0.588078 0.563638 6.500787 -2.192040 0.676583 0.885724 -43.818766 15.038962 -0.421676 -0.264629 -4.289968 -11.938906 -0.053174 -0.008019 -1.040614 -0.205551 -0.626791 -0.648054 1.930784 15.698308 -0.006574 0.001345 -1.914797 -1.131879 -0.136943 -0.152882 3.071402 -2.337875 0.611875 0.804060 -37.466339 6.812547 -0.520947 -0.259844 -12.213069 -2.396161 0.025580 0.031701 -0.732715 -0.654605 0.138143 0.165635 -3.999762 -3.520787 0.002847 0.007674 -0.725261 1.300217 0.263715 0.247181 0.115692 3.189668 0.290341 0.291940 0.300407 -0.048520 -0.450043 -0.434374 -0.374108 0.479020 0.497781 0.558560 -1.384771 -0.195464 0.085395 0.089002 0.070352 0.184040 0.187088 0.149590 -0.766371 -0.269583 -0.251566 -0.205346 -2.007943 -0.611552 -0.151931 -0.132396 -0.164416 0.778490 0.687699 0.707208 -1.621261 -0.450664 -0.368811 -0.383617 -0.092289 0.499517 -0.065186 0.101736 -0.181710 136.000000
2.740000 -0.620846 -0.575073 -10.069624 -12.400626 0.448147 0.447319 0.618816 -2.803887 0.596386 0.557212 8.265738 -3.696900 0.669962 0.885400 -41.424736 25.006740 -0.448465 -0.262478 -6.307832 -18.812026 -0.078973 -0.010001 -1.986861 -1.040614 -0.639171 -0.632649 -3.605406 1.930784 -0.025935 0.005618 -7.114823 -0.578303 -0.132980 -0.154114 4.578630 -2.493099 0.523184 0.786647 -48.711637 27.551005 -0.647992 -0.218005 -16.893689 -9.915334 0.031112 0.009652 4.056049 -0.732715 0.156457 0.158591 0.283676 -1.637251 -0.007457 0.007478 -3.051267 2.362511 0.180279 0.245706 -1.803237 0.115692 0.295020 0.285245 1.865435 0.337258 -0.458589 -0.439045 0.175367 0.036851 0.454371 0.548698 -2.021530 -0.727562 0.091802 0.088731 0.061297 0.657209 0.198381 0.161799 -0.007386 -0.766371 -0.248895 -0.206253 -1.365232 -0.921764 -0.147930 -0.135687 -0.082117 1.086180 0.702135 0.713464 -1.397101 -0.764486 -0.369110 -0.379664 -0.095648 0.856775 -0.065430 0.091279 -0.174995 137.000000
2.760000 -0.624889 -0.570253 -11.351900 -10.069624 0.433897 0.439778 0.387944 -3.823461 0.611529 0.560024 9.217545 -4.442277 0.653419 0.860743 -36.240141 25.266623 -0.476993 -0.248728 -8.693504 -16.158113 -0.095786 -0.009090 -2.817158 -1.986861 -0.650582 -0.619622 -7.703171 -3.605406 -0.038972 0.009797 -10.274725 1.268097 -0.138466 -0.157886 4.543703 -5.846727 0.465064 0.749910 -50.426590 36.553062 -0.743956 -0.183762 -19.619285 -12.158574 0.030988 -0.020632 3.494251 4.056049 0.161850 0.155628 1.419074 1.667471 -0.005937 0.010440 -3.859683 1.383796 0.089609 0.232749 -2.939230 -1.803237 0.308583 0.273700 3.301765 0.845034 -0.462842 -0.447533 0.771272 -1.020401 0.415062 0.532224 -1.877169 -1.041414 0.096128 0.089900 0.017648 0.980117 0.206005 0.170135 0.425662 -0.007386 -0.225754 -0.208667 -0.329387 -0.641557 -0.144737 -0.138365 0.109348 0.723674 0.702594 0.718559 -1.223286 -0.650727 -0.361322 -0.375746 -0.036526 0.746375 -0.065971 0.092509 -0.170704 138.000000
2.780000 -0.623042 -0.570403 -10.052004 -11.351900 0.428397 0.424796 3.357730 -4.414800 0.615772 0.572491 6.139588 -4.802744 0.621133 0.812814 -29.781697 24.396780 -0.442555 -0.221881 -9.819980 -11.843361 -0.081246 -0.005668 -2.682413 -2.817158 -0.653886 -0.612857 -8.770926 -7.703171 -0.046643 0.009506 -10.822800 2.865511 -0.159839 -0.166836 3.290395 -7.409214 0.434419 0.696855 -43.453332 39.378419 -0.755906 -0.157536 -20.454065 -11.048171 0.037981 -0.027798 1.962798 3.494251 0.151574 0.154736 -0.541903 2.639378 0.003814 0.014856 -2.820726 1.220305 0.008855 0.205430 -2.908119 -2.939230 0.316714 0.261321 3.961810 1.265246 -0.458138 -0.456589 1.164251 -2.036518 0.402905 0.513038 -1.342315 -0.947408 0.089370 0.090564 -0.059101 0.929761 0.192582 0.175380 0.123795 0.425662 -0.200576 -0.209196 0.209652 -0.219368 -0.149504 -0.141496 0.167638 0.110020 0.705289 0.721717 -1.005520 -0.593380 -0.348724 -0.370391 -0.021310 0.629906 -0.065664 0.107969 -0.165832 139.000000
2.800000 -0.598795 -0.575765 -3.528104 -10.052004 0.466313 0.405350 14.900620 -1.390929 0.582172 0.591573 -4.883524 -4.748659 0.652070 0.756648 -13.183627 21.980874 -0.319856 -0.191381 -6.241051 -7.800823 -0.045922 -0.001955 -1.681018 -2.682413 -0.592157 -0.618080 6.974813 -8.770926 -0.081996 -0.002560 -13.420231 3.766203 -0.166421 -0.187605 8.029324 -7.056597 0.629018 0.654552 -1.214407 36.494501 -0.557805 -0.159741 -9.448009 -6.958830 0.021768 -0.019884 -0.046334 1.962798 0.151099 0.151523 0.459620 1.139411 0.024636 0.019905 0.129083 1.681315 0.030619 0.169495 0.082127 -2.908119 0.296495 0.252505 2.813965 1.398780 -0.443337 -0.461593 1.109151 -2.563030 0.387723 0.487258 -0.057269 -0.641607 0.072245 0.088226 -0.085554 0.700708 0.209761 0.180684 0.217471 0.123795 -0.187862 -0.206062 0.076557 0.021007 -0.171045 -0.146968 0.023838 -0.188645 0.699218 0.721286 -0.566621 -0.492105 -0.336115 -0.363248 -0.053358 0.513415 -0.062507 0.132828 -0.157795 140.000000
2.820000 -0.576775 -0.588181 4.075107 -3.528104 0.531079 0.404789 22.971153 9.892072 0.519192 0.587209 -10.130393 -5.008548 0.813904 0.753002 7.084787 11.097853 -0.227502 -0.184064 -1.003320 -2.085775 -0.035793 -0.005517 -0.067398 -1.681018 -0.459888 -0.642244 39.830212 6.974813 -0.112013 -0.024588 -13.659115 2.695453 -0.149974 -0.199090 9.609487 -10.724778 0.940495 0.704957 31.682738 7.428666 -0.380383 -0.213429 2.040191 6.214259 0.031414 -0.004272 -0.537964 -0.046334 0.107192 0.144118 -5.988107 0.165268 0.054436 0.027523 4.391350 -0.294351 0.210508 0.140153 6.174618 0.082127 0.275492 0.248839 1.323269 0.852407 -0.383597 -0.454309 0.823042 -1.961558 0.381816 0.456398 1.138282 0.014143 0.077196 0.085055 0.084099 0.071411 0.258308 0.191621 0.431525 0.217471 -0.198050 -0.199708 -1.049113 0.026359 -0.209176 -0.156674 -0.392232 -0.050198 0.688375 0.717757 -0.652286 -0.256632 -0.338931 -0.356616 -0.158789 0.309990 -0.058412 0.147693 -0.149583 141.000000
2.840000 -0.573051 -0.584353 -0.592998 4.075107 0.494295 0.430862 7.824207 16.550773 0.529954 0.559379 -1.781925 -6.420380 0.829568 0.806135 -4.148703 -2.817997 -0.378274 -0.206754 -1.655872 4.266791 -0.052503 -0.016870 0.178475 -0.067398 -0.441917 -0.632456 32.236297 39.830212 -0.064920 -0.051288 1.024422 2.024814 -0.190214 -0.199831 2.243411 -11.634301 0.919875 0.813427 6.314786 -17.314387 -0.480368 -0.292775 2.438810 14.368351 0.046293 0.011141 -0.386510 -0.537964 0.062441 0.130274 -10.915916 -5.189729 0.053643 0.028127 5.398275 0.798379 0.349747 0.132274 8.177526 6.174618 0.284187 0.248700 1.176171 0.250113 -0.328754 -0.431425 -0.070839 -1.073155 0.422928 0.438279 1.301450 0.527091 0.066176 0.081462 -0.000002 -0.611190 0.297092 0.210202 0.194845 0.431525 -0.217614 -0.191762 -2.250230 -0.328441 -0.208717 -0.166610 -0.365226 0.720673 0.702993 0.717571 -0.869915 -0.246749 -0.330545 -0.350655 -0.083799 0.405537 -0.055934 0.131812 -0.137054 142.000000
2.860000 -0.520994 -0.540728 -4.913899 -0.592998 0.464243 0.458001 -2.151844 4.803066 0.517180 0.530341 1.719203 -3.021141 0.770944 0.832725 -12.274349 3.269892 -0.366590 -0.242446 -0.303937 -0.878812 -0.050378 -0.028187 0.317824 0.178475 -0.478692 -0.561838 3.348340 32.236297 -0.041685 -0.068163 6.569207 -1.633916 -0.214455 -0.205378 -0.966501 -0.609494 0.886572 0.884094 -6.629756 -4.918214 -0.461268 -0.359980 2.407533 1.396572 0.043260 0.022813 -0.330191 -0.386510 0.094156 0.115195 -2.308033 -8.157096 0.034850 0.022241 3.442979 2.758820 0.387681 0.147902 5.928237 8.177526 0.268668 0.249457 0.653430 0.623505 -0.317824 -0.401935 -1.001222 -0.552666 0.462033 0.435896 1.036905 0.650726 0.053793 0.076026 0.016168 -0.650724 0.333378 0.233914 0.195355 0.194845 -0.248376 -0.187441 -2.614291 -0.942502 -0.206602 -0.173739 -0.373262 1.307728 0.748718 0.723560 -0.164774 -0.393058 -0.309385 -0.342640 -0.021230 0.476857 -0.057348 0.092561 -0.121153 143.000000
2.880000 -0.500166 -0.477462 -10.088380 -4.913899 0.396412 0.462312 -12.651698 -1.935523 0.539454 0.509322 7.789728 0.216321 0.626983 0.788105 -27.890573 6.356617 -0.392983 -0.255059 -6.941829 -5.917732 -0.079727 -0.044063 2.039101 0.317824 -0.534613 -0.451077 -34.054616 3.348340 -0.007226 -0.062401 9.678651 -2.801353 -0.218413 -0.202691 -4.861641 3.767854 0.622909 0.848035 -30.778267 1.576639 -0.440285 -0.389216 -0.363311 -5.053117 0.042182 0.029624 -0.096614 -0.330191 0.090420 0.099784 2.059846 -2.875506 0.003548 0.010222 0.898286 -0.567473 0.283008 0.176339 0.111430 5.928237 0.242402 0.250896 -0.884159 0.827326 -0.345214 -0.378161 -1.604068 0.173896 0.416808 0.433217 -0.337849 0.510368 0.075806 0.073183 0.216508 -0.526537 0.327336 0.257023 -0.112352 0.195355 -0.254539 -0.188384 -2.728633 -1.120514 -0.168501 -0.174951 -0.057634 1.493776 0.726101 0.729465 -0.833014 -0.071772 -0.319567 -0.335460 -0.223109 0.093002 -0.061877 0.054801 -0.102474 144.000000
2.900000 -0.497714 -0.474626 -2.668226 -10.088380 0.364799 0.452873 -17.417391 -10.220713 0.529518 0.498870 7.067333 2.430985 0.649470 0.784794 -27.382200 18.957287 -0.352124 -0.217733 -7.106692 -8.933285 -0.105466 -0.067529 0.677173 2.039101 -0.529952 -0.370138 -34.261469 -34.054616 -0.082121 -0.058321 -5.171669 -2.408505 -0.160862 -0.181966 2.222887 7.270146 0.444856 0.742780 -54.100885 15.651444 -0.581990 -0.394298 -6.003078 -15.126823 0.075204 0.034751 0.976145 -0.096614 0.129912 0.070161 14.088905 0.580780 -0.015109 0.004597 -4.997035 -1.479066 0.064548 0.191925 -5.667324 0.111430 0.239588 0.251548 0.764862 0.359955 -0.321619 -0.363066 -0.071357 1.244114 0.325012 0.428609 -4.081743 -0.277178 0.075400 0.073236 0.026483 0.060671 0.309328 0.271262 0.222240 -0.112352 -0.207128 -0.187423 -0.319810 -1.335499 -0.169336 -0.173554 0.128120 1.393133 0.752038 0.735669 -0.625825 -0.304952 -0.330170 -0.332214 -0.174307 0.528061 -0.049468 0.043618 -0.085984 145.000000
2.920000 -0.486703 -0.487998 1.852672 -2.668226 0.369230 0.449809 -14.918120 -12.242362 0.508170 0.492792 4.133317 5.175029 0.696538 0.779317 -14.542868 18.822132 -0.350012 -0.196035 -6.318441 -8.560068 -0.111355 -0.080170 -0.081679 0.677173 -0.443554 -0.382762 -9.327105 -34.261469 -0.084759 -0.057732 -5.247361 1.474391 -0.137498 -0.175944 7.393089 -3.697278 0.471941 0.741922 -55.035216 31.384665 -0.670288 -0.384679 -9.863056 -22.716220 0.110925 0.036022 2.139081 0.976145 0.086846 0.064606 4.726947 9.542970 0.001950 0.014786 -3.935483 -4.545935 0.010493 0.187332 -5.530990 -5.667324 0.256576 0.239434 2.728461 0.418109 -0.293313 -0.352701 0.904690 -0.346752 0.291886 0.418894 -2.991289 -2.054113 0.079603 0.074248 0.016232 2.027630 0.316747 0.277974 0.673096 0.222240 -0.201376 -0.190881 0.023716 -0.223965 -0.202557 -0.177357 -0.088822 0.095845 0.754831 0.745894 -1.246073 -0.225759 -0.322876 -0.330323 -0.007837 0.400066 -0.047562 0.050989 -0.085104 146.000000
2.940000 -0.532305 -0.496635 -6.063666 1.852672 0.406520 0.436035 -3.430300 -9.525718 0.510887 0.485017 6.152179 5.392401 0.630968 0.754285 -19.706411 11.833348 -0.395701 -0.176124 -8.769067 -2.709520 -0.131818 -0.084085 -1.260203 -0.081679 -0.435574 -0.397207 -6.108126 -9.327105 -0.088020 -0.059871 -5.376858 -1.072864 -0.159819 -0.180462 5.283713 -6.320225 0.495962 0.739009 -46.735387 34.638734 -0.742853 -0.369098 -12.937441 -20.396482 0.095549 0.036812 1.697985 2.139081 0.059059 0.063996 -1.000588 4.331215 0.004761 0.018402 -2.812841 -0.395732 -0.023103 0.169424 -4.278573 -5.530990 0.229556 0.225641 2.185040 0.911885 -0.318810 -0.346062 0.407600 -1.816575 0.316107 0.407976 -2.069159 -1.503760 0.070963 0.074445 -0.061985 1.487528 0.329047 0.283661 0.960146 0.673096 -0.194600 -0.191638 -0.246298 0.056269 -0.224737 -0.186230 -0.027092 0.032553 0.780356 0.757963 -0.987622 -0.619118 -0.313656 -0.327250 0.005367 0.626955 -0.046967 0.061518 -0.077544 147.000000
2.960000 -0.484657 -0.502824 4.426422 -6.063666 0.425679 0.419552 3.400036 -4.791240 0.458842 0.476242 -2.080274 -1.360940 0.709059 0.722356 1.606744 16.184471 -0.188845 -0.156226 -2.648510 -3.521939 -0.091042 -0.086149 0.103002 -1.260203 -0.415738 -0.403951 -1.718446 -6.108126 -0.104204 -0.061326 -8.488439 0.046572 -0.172948 -0.189679 4.704542 -5.330286 0.590394 0.723087 -24.054774 32.708526 -0.610748 -0.352531 -9.250536 -14.026861 0.059678 0.036965 0.690410 1.697985 0.052294 0.064332 -2.504644 0.906127 0.027912 0.022862 -0.145664 1.906715 0.033138 0.143361 -0.313467 -4.278573 0.224958 0.214031 1.976096 0.888720 -0.354250 -0.346510 0.182757 -1.296320 0.322886 0.394227 -0.655114 -1.003587 0.060361 0.072359 -0.042068 1.065572 0.335945 0.292368 0.176624 0.960146 -0.190872 -0.189375 -0.492128 -0.109603 -0.249977 -0.198888 0.003125 0.136695 0.785709 0.769310 -0.896393 -0.496495 -0.316227 -0.324151 -0.080435 0.491128 -0.047019 0.073537 -0.065675 148.000000
2.980000 -0.475943 -0.511152 8.501918 4.426422 0.396243 0.402373 1.336058 2.740155 0.442556 0.460903 -1.177541 -0.659881 0.708686 0.700250 4.071346 1.108853 -0.109678 -0.138656 -0.941311 2.715596 -0.055693 -0.085228 0.360507 0.103002 -0.426971 -0.410313 -1.985591 -1.718446 -0.095975 -0.066173 -4.874193 1.891948 -0.186533 -0.199703 3.905451 -6.596490 0.697954 0.714627 -3.237086 18.706274 -0.353837 -0.341307 -1.139576 -5.348500 0.065292 0.037936 0.699267 0.690410 0.088422 0.064862 4.575706 -1.179490 0.010931 0.023367 -2.046565 1.325154 0.059279 0.119208 0.776132 -0.313467 0.225246 0.204937 1.993421 0.896669 -0.335966 -0.347674 0.415423 -1.079427 0.358297 0.384728 -0.060490 -0.306523 0.060712 0.069461 0.058576 0.348591 0.341704 0.300520 0.677670 0.176624 -0.205845 -0.188035 -0.690615 -0.247627 -0.257459 -0.211977 0.048292 0.244501 0.782896 0.776478 -0.469258 -0.407979 -0.323687 -0.322913 -0.085838 0.488414 -0.046132 0.082429 -0.053501 149.000000
3.000000 -0.509386 -0.523167 4.638431 8.501918 0.390872 0.390017 1.289273 1.256800 0.443077 0.445217 1.533874 -0.079258 0.701230 0.696776 -0.115270 -1.356047 -0.213218 -0.130504 -2.493569 2.715299 -0.053595 -0.077957 0.117483 0.360507 -0.396761 -0.419539 5.964720 -1.985591 -0.081113 -0.075247 0.263459 0.484371 -0.208685 -0.209981 1.683088 -4.389822 0.731904 0.723079 -0.547697 2.441317 -0.364714 -0.339761 -0.462922 -0.795769 0.073817 0.039150 0.979412 0.699267 0.069198 0.066700 0.208524 3.311135 0.004268 0.013966 -0.280933 -1.264570 0.065467 0.100406 1.105565 0.776132 0.197172 0.197216 1.068758 0.788999 -0.320861 -0.344457 0.229181 -1.204422 0.410015 0.388731 -0.341246 -0.059533 0.063145 0.067400 0.068893 0.000957 0.346408 0.305362 0.998578 0.677670 -0.216255 -0.190032 -0.611653 -0.369453 -0.239249 -0.220795 0.214192 0.321162 0.794501 0.781361 -0.253146 -0.191710 -0.317967 -0.322159 0.014077 0.277548 -0.043554 0.086897 -0.040033 150.000000
3.020000 -0.518637 -0.533198 3.823144 4.638431 0.394566 0.390324 -0.119988 -0.122301 0.440966 0.434748 2.231906 -1.411573 0.697797 0.712054 -5.788977 1.857992 -0.285599 -0.136896 -3.672347 1.742722 -0.064144 -0.074560 0.236885 0.117483 -0.387587 -0.423287 6.997782 5.964720 -0.076000 -0.082322 1.946647 -0.973274 -0.227656 -0.221131 0.336378 -0.709815 0.683345 0.740492 -14.182396 0.608078 -0.508994 -0.346029 -4.036507 0.060381 0.069450 0.038761 1.007948 0.979412 0.049419 0.070069 -4.690296 0.244729 -0.003079 0.001275 0.912712 0.036204 0.044635 0.084736 0.567651 1.105565 0.203643 0.191047 1.260965 0.419789 -0.332241 -0.340999 0.006978 -0.648970 0.436765 0.403126 -0.988470 -0.205070 0.060897 0.065851 0.025809 0.136176 0.342995 0.309260 0.733682 0.998578 -0.214861 -0.193069 -0.480417 -0.412923 -0.234758 -0.225037 0.055418 0.198731 0.808776 0.789187 -0.643413 -0.133611 -0.312068 -0.320381 0.009009 0.119534 -0.043159 0.083782 -0.026661 151.000000
3.040000 -0.570229 -0.541265 -4.276191 3.823144 0.392457 0.403875 -4.799344 -1.175947 0.452321 0.431382 4.388459 -1.055959 0.695736 0.732090 -10.096727 5.545923 -0.275392 -0.141633 -3.811629 -0.243054 -0.092926 -0.075665 -0.500454 0.236885 -0.452745 -0.423765 -5.377820 6.997782 -0.083669 -0.080860 -1.318940 -1.141513 -0.224871 -0.230058 2.051242 0.805135 0.574566 0.755979 -38.219280 10.005556 -0.652933 -0.353455 -8.396297 -4.176840 0.043134 0.036662 0.468862 1.007948 0.049930 0.076276 -6.291858 -2.801504 -0.009522 -0.007537 0.500270 1.888792 0.010507 0.070987 -0.388217 0.567651 0.226668 0.187744 1.848066 0.626993 -0.356682 -0.342239 -0.054864 -0.633972 0.424510 0.414152 -0.946481 -0.507140 0.066955 0.065302 0.058796 0.481331 0.317290 0.312079 -0.000130 0.733682 -0.231421 -0.195817 -1.041368 -0.267917 -0.241307 -0.227756 -0.158597 0.212499 0.794463 0.797409 -1.188618 -0.326211 -0.330577 -0.320663 -0.128333 0.317202 -0.048272 0.077279 -0.017131 152.000000
3.060000 -0.573401 -0.556074 -0.967130 -4.276191 0.386320 0.421905 -9.690676 -4.593902 0.435896 0.423825 4.073099 0.205442 0.756576 0.752003 -2.002879 7.800359 -0.192753 -0.145060 -0.953523 -2.296368 -0.082217 -0.075552 -0.194758 -0.500454 -0.454679 -0.428196 -4.464570 -5.377820 -0.092124 -0.071299 -5.857819 -0.366151 -0.215701 -0.235855 4.694499 -1.685091 0.554843 0.765521 -43.243973 25.171766 -0.660304 -0.357282 -8.866560 -13.047514 0.044631 0.033861 0.576747 0.468862 0.082256 0.087168 -2.837914 -3.396064 -0.007369 -0.010359 0.642580 2.895794 -0.019183 0.056866 -0.866897 -0.388217 0.267002 0.187531 2.973287 0.951465 -0.361998 -0.348430 0.572007 -0.896601 0.405040 0.419372 -1.127303 -0.502638 0.082469 0.067540 0.078880 0.443843 0.310776 0.312976 -0.113069 -0.000130 -0.225868 -0.198940 -0.598903 -0.441385 -0.245148 -0.231005 -0.037125 0.599982 0.780552 0.801473 -1.175197 -0.530143 -0.342853 -0.324397 -0.035057 0.658475 -0.058532 0.075840 -0.013202 153.000000
3.080000 -0.588692 -0.574401 -0.200352 -0.967130 0.387915 0.436471 -11.471482 -6.881887 0.430369 0.410538 5.792788 2.808788 0.773236 0.769903 -1.698025 1.689884 -0.160556 -0.149701 0.097418 -0.312996 -0.078135 -0.075312 -0.147665 -0.194758 -0.456080 -0.434752 -3.145232 -4.464570 -0.092690 -0.060806 -7.652172 0.581660 -0.214011 -0.240614 5.894456 -5.276159 0.569410 0.771839 -41.380722 28.023643 -0.675896 -0.359062 -9.373738 -15.220330 0.042968 0.032084 0.431388 0.576747 0.107011 0.100772 -0.686480 -1.740247 -0.018465 -0.014663 0.161858 1.097667 -0.027691 0.043966 -1.080267 -0.866897 0.291526 0.191232 3.145996 1.200640 -0.350011 -0.354308 0.866880 -1.772647 0.406341 0.422340 -1.114196 -0.603091 0.094983 0.072692 0.003573 0.524212 0.286011 0.309408 -0.005711 -0.113069 -0.248382 -0.203249 -1.087346 -0.280889 -0.257437 -0.235282 -0.177089 0.318014 0.778093 0.802385 -0.999258 -0.570070 -0.350790 -0.329997 0.050689 0.605127 -0.070070 0.077564 -0.011067 154.000000
3.100000 -0.594977 -0.590063 0.908516 -0.200352 0.419707 0.446141 -6.481124 -8.632135 0.411542 0.398378 4.214298 2.839347 0.783659 0.784517 -2.194630 0.778677 -0.155286 -0.153959 0.400866 -0.919348 -0.089543 -0.074864 -0.469546 -0.147665 -0.434691 -0.440339 1.717397 -3.145232 -0.086379 -0.054069 -7.226490 0.878858 -0.223295 -0.245105 4.917515 -6.773314 0.600173 0.777692 -36.399087 27.458199 -0.695908 -0.360851 -9.867218 -13.922522 0.035397 0.031729 0.090171 0.431388 0.096381 0.112277 -4.548603 -0.424169 -0.025476 -0.022900 0.709148 0.262311 -0.036457 0.032381 -1.020486 -1.080267 0.283513 0.198974 2.000074 1.139558 -0.360576 -0.358817 0.588431 -2.006438 0.409346 0.426003 -1.242380 -0.558884 0.087080 0.077297 -0.146443 0.555311 0.289633 0.301660 0.753859 -0.005711 -0.259240 -0.208278 -1.320691 -0.455128 -0.265698 -0.240473 -0.205818 0.632218 0.790119 0.803498 -0.819869 -0.524974 -0.348546 -0.335100 0.124518 0.474284 -0.078967 0.079541 -0.008194 155.000000
3.120000 -0.611781 -0.600967 -0.791270 0.908516 0.439271 0.455037 -4.520212 -5.347711 0.399312 0.389541 2.997660 1.133413 0.798342 0.798446 -2.107062 0.807890 -0.152818 -0.159066 0.745672 -1.386740 -0.094003 -0.074924 -0.548312 -0.469546 -0.440460 -0.443638 1.068487 1.717397 -0.088721 -0.048407 -8.891180 1.154487 -0.219317 -0.247036 5.602607 -6.072002 0.603269 0.783784 -37.045300 25.323674 -0.698023 -0.363117 -9.804070 -11.075412 0.025533 0.031891 -0.214466 0.090171 0.102173 0.120600 -4.731909 -2.628875 -0.025205 -0.028131 1.018620 1.919728 -0.018358 0.021187 0.003455 -1.020486 0.284469 0.209006 1.436139 0.705822 -0.376611 -0.364149 0.354993 -1.294253 0.418915 0.429838 -0.997931 -0.547969 0.083303 0.079669 -0.096918 0.694412 0.292628 0.294516 0.873381 0.753859 -0.245810 -0.212634 -0.761392 -0.557436 -0.264584 -0.245673 -0.026493 0.763255 0.782381 0.804241 -0.879933 -0.472194 -0.344590 -0.338308 0.108779 0.347676 -0.086100 0.079329 -0.007006 156.000000
3.140000 -0.624566 -0.609779 -1.705325 -0.791270 0.443005 0.464348 -5.560386 -3.758936 0.397891 0.384667 3.135995 0.761276 0.815266 0.812958 -1.714383 0.515156 -0.146871 -0.165310 1.213588 -1.591906 -0.094394 -0.075015 -0.596624 -0.548312 -0.452635 -0.447830 -0.196754 1.068487 -0.092555 -0.043336 -10.440066 1.644287 -0.212895 -0.245477 6.105363 -7.246894 0.610617 0.790970 -37.260469 25.601189 -0.664015 -0.365528 -8.698843 -11.444111 0.023166 0.032317 -0.355175 -0.214466 0.117983 0.126975 -2.622763 -2.875265 -0.025502 -0.029046 0.729936 1.856644 0.000345 0.012491 0.555743 0.003455 0.283645 0.219501 1.021162 0.540573 -0.390616 -0.370491 0.175582 -0.895566 0.427691 0.433636 -0.837563 -0.450506 0.079876 0.080405 -0.054923 0.547424 0.287164 0.288832 0.755927 0.873381 -0.239076 -0.216166 -0.434237 -0.367450 -0.257599 -0.249347 0.085113 0.393942 0.766155 0.801744 -0.827333 -0.494356 -0.341283 -0.339749 0.067490 0.385577 -0.092116 0.078757 -0.009293 157.000000
3.160000 -0.632842 -0.618395 -1.604835 -1.705325 0.450832 0.472121 -5.236065 -4.348191 0.392407 0.382650 2.129582 1.212195 0.820606 0.827386 -3.442175 -0.019019 -0.138614 -0.172156 1.693479 -1.733402 -0.086224 -0.074432 -0.449762 -0.596624 -0.460375 -0.454368 -0.110067 -0.196754 -0.094361 -0.040461 -11.025312 2.167352 -0.205546 -0.241707 6.601163 -8.272715 0.623011 0.799533 -36.625268 24.910799 -0.590666 -0.368118 -6.415210 -12.349670 0.026119 0.033849 -0.434273 -0.355175 0.127817 0.132278 -1.627597 -1.676350 -0.025082 -0.028884 0.786893 0.946413 0.015383 0.007782 0.714537 0.555743 0.288746 0.229380 0.953991 0.422790 -0.406523 -0.378139 0.091612 -0.598372 0.440901 0.439166 -0.854459 -0.391320 0.071544 0.079351 -0.048425 0.446243 0.280817 0.283402 0.734601 0.755927 -0.229233 -0.218949 -0.073711 -0.259675 -0.245648 -0.250322 0.155503 0.174562 0.746821 0.795146 -0.736629 -0.447412 -0.339099 -0.340028 0.030768 0.379922 -0.096311 0.079318 -0.013393 158.000000
3.180000 -0.636009 -0.626214 -0.889595 -1.604835 0.455770 0.477938 -5.148603 -3.682823 0.390030 0.383544 0.993251 1.553242 0.814478 0.840064 -6.813250 0.498396 -0.127840 -0.178821 2.161723 -2.943780 -0.081709 -0.073151 -0.412567 -0.449762 -0.467506 -0.462502 0.237016 -0.110067 -0.086341 -0.039260 -9.504353 2.212075 -0.198536 -0.235803 6.475606 -8.813237 0.635705 0.807669 -35.475973 22.944415 -0.526175 -0.370084 -4.536525 -13.680853 0.027707 0.036188 -0.513796 -0.434273 0.132510 0.136963 -1.556335 -1.207245 -0.021882 -0.028233 1.185834 0.420352 0.035777 0.007519 0.843339 0.714537 0.294444 0.238200 1.010264 0.431189 -0.417623 -0.387029 0.141354 -0.522802 0.457667 0.447504 -0.936226 -0.403017 0.059788 0.076006 -0.027256 0.451442 0.263279 0.277046 0.516309 0.734601 -0.238720 -0.220818 -0.490930 -0.114607 -0.239138 -0.248706 0.016919 -0.040896 0.732062 0.785966 -0.716318 -0.383698 -0.339452 -0.339916 -0.000505 0.352930 -0.098788 0.081260 -0.018712 159.000000
3.200000 -0.639575 -0.631825 -0.848300 -0.889595 0.459754 0.482557 -5.136108 -3.070927 0.391036 0.388233 -0.283582 2.077676 0.806367 0.849257 -9.659254 1.845861 -0.115517 -0.184539 2.574444 -4.967389 -0.084743 -0.071512 -0.573803 -0.412567 -0.473250 -0.471017 0.759272 0.237016 -0.075037 -0.038165 -7.534996 1.514374 -0.189246 -0.227149 6.235586 -7.989979 0.642905 0.812902 -34.495248 21.013357 -0.483114 -0.370349 -3.440392 -14.462616 0.021671 0.038820 -0.785744 -0.513796 0.130902 0.140959 -2.569282 -1.371085 -0.015809 -0.025427 1.437675 0.185251 0.062318 0.012053 1.008850 0.843339 0.287485 0.245406 0.747550 0.434455 -0.431225 -0.396720 0.094728 -0.575809 0.466259 0.456775 -0.989322 -0.454485 0.051343 0.070909 0.033185 0.481741 0.252651 0.269399 0.558923 0.516309 -0.244882 -0.221840 -0.826907 -0.253924 -0.231766 -0.245160 -0.089287 0.237005 0.720389 0.776005 -0.740181 -0.357906 -0.337523 -0.339545 0.005355 0.358412 -0.100048 0.084446 -0.026198 160.000000
3.220000 -0.629089 -0.633689 0.968320 -0.848300 0.458529 0.486323 -5.974560 -2.426263 0.396947 0.397501 -1.651790 2.709845 0.804552 0.853700 -10.145906 2.970878 -0.087750 -0.188875 3.393328 -6.688375 -0.083775 -0.069669 -0.619262 -0.573803 -0.481925 -0.478558 0.293006 0.759272 -0.070673 -0.036363 -7.132700 0.649705 -0.171670 -0.215406 6.920511 -6.885291 0.645336 0.813407 -33.322301 19.731587 -0.426146 -0.368223 -2.059153 -14.763661 0.016864 0.041667 -1.046620 -0.785744 0.142591 0.144522 -0.955192 -2.003478 -0.010311 -0.019663 1.020191 0.565803 0.093629 0.021775 1.029930 1.008850 0.286674 0.250276 0.889915 0.326411 -0.440845 -0.406769 0.129236 -0.421139 0.477214 0.466805 -1.069256 -0.511253 0.046558 0.065276 0.079816 0.478069 0.242120 0.260632 0.679783 0.558923 -0.241147 -0.222066 -0.768903 -0.368810 -0.220387 -0.239890 -0.100359 0.458097 0.702875 0.765161 -0.797427 -0.372768 -0.334559 -0.338666 0.004682 0.367413 -0.100452 0.088516 -0.036531 161.000000
3.240000 -0.619317 -0.631188 1.847918 0.968320 0.459075 0.488120 -5.825865 -2.161385 0.408480 0.411918 -2.953963 3.813175 0.799101 0.852781 -10.252056 2.622970 -0.068006 -0.191616 3.895716 -7.522936 -0.080240 -0.067480 -0.619978 -0.619262 -0.494803 -0.485118 -1.033716 0.293006 -0.068958 -0.034716 -6.999224 0.106095 -0.153619 -0.200154 6.978768 -7.026606 0.647895 0.809156 -31.312163 18.147859 -0.372647 -0.363474 -0.851877 -15.174442 0.016959 0.044972 -1.196519 -1.046620 0.149467 0.147552 -0.076547 -0.987691 -0.004838 -0.012327 0.533439 -0.032499 0.123468 0.037464 0.725869 1.029930 0.290093 0.253220 1.150266 0.380339 -0.446967 -0.416494 0.195627 -0.509576 0.481044 0.475827 -1.060657 -0.574536 0.042362 0.059807 0.088534 0.494720 0.224662 0.249906 0.766915 0.679783 -0.241709 -0.221813 -0.843628 -0.334272 -0.200826 -0.231998 -0.101210 0.434631 0.689164 0.753185 -0.720666 -0.401055 -0.332382 -0.337360 -0.009450 0.396373 -0.099338 0.093300 -0.049755 162.000000
3.260000 -0.601788 -0.624315 3.275542 1.847918 0.459375 0.486762 -4.948318 -1.435951 0.421774 0.430606 -4.439542 4.389914 0.793752 0.846510 -9.264303 2.313321 -0.058284 -0.192921 4.158092 -7.938735 -0.075506 -0.064679 -0.699743 -0.619978 -0.497714 -0.490559 -0.788989 -1.033716 -0.066127 -0.034136 -6.399324 0.010228 -0.134503 -0.181716 6.650873 -6.988996 0.647692 0.800713 -29.046476 16.271137 -0.314865 -0.356408 0.455321 -15.041026 0.023216 0.048901 -1.190241 -1.196519 0.149518 0.149565 -0.317287 -0.304993 0.001085 -0.004873 0.233351 -0.228446 0.162287 0.059023 0.564779 0.725869 0.293254 0.254798 1.403464 0.477320 -0.446856 -0.425000 0.302287 -0.672947 0.478541 0.482578 -1.068240 -0.574596 0.035760 0.054329 0.072883 0.486061 0.206950 0.236767 0.921497 0.766915 -0.244468 -0.221399 -0.974167 -0.371209 -0.180916 -0.220935 -0.202306 0.472419 0.672248 0.740277 -0.734247 -0.355608 -0.329143 -0.335662 -0.011537 0.365058 -0.096113 0.098717 -0.065200 163.000000
3.280000 -0.587020 -0.613203 3.468979 3.275542 0.457577 0.481824 -3.770473 -0.254388 0.438714 0.450328 -4.837904 4.693930 0.786518 0.835128 -7.642560 1.630009 -0.061551 -0.193290 3.650232 -7.634294 -0.073275 -0.062346 -0.415476 -0.699743 -0.501951 -0.494338 -1.075650 -0.788989 -0.060271 -0.034003 -5.277292 -0.125775 -0.116168 -0.160144 5.497745 -6.525098 0.643799 0.788446 -26.860929 14.194496 -0.280274 -0.347363 1.036943 -14.851980 0.027013 0.053339 -1.250800 -1.190241 0.145931 0.150771 -1.199568 -0.275319 0.007918 0.003058 -0.168146 0.041968 0.208155 0.086044 0.537683 0.564779 0.287060 0.254802 1.436808 0.550588 -0.439774 -0.430916 0.351514 -0.852875 0.474212 0.486494 -0.971078 -0.570561 0.028937 0.048583 0.073585 0.497679 0.189638 0.221803 1.048501 0.921497 -0.246628 -0.221101 -1.022870 -0.385930 -0.162475 -0.207367 -0.319659 0.588236 0.654992 0.726274 -0.685071 -0.361355 -0.327537 -0.333778 -0.027544 0.372892 -0.091273 0.104056 -0.083024 164.000000
3.300000 -0.573158 -0.599571 3.175909 3.468979 0.453562 0.475254 -3.146404 0.533715 0.459044 0.470594 -4.947880 4.304189 0.777259 0.821165 -6.497334 1.185812 -0.070340 -0.192644 3.852016 -6.456747 -0.075328 -0.060986 -0.681181 -0.415476 -0.500172 -0.496131 -0.705440 -1.075650 -0.055419 -0.033809 -4.341116 -0.110226 -0.099125 -0.136964 4.208555 -5.387519 0.637850 0.772992 -24.531664 12.681792 -0.264056 -0.336921 1.106779 -14.179137 0.028727 0.058045 -1.355845 -1.250800 0.140874 0.151631 -2.328897 -0.515711 0.015447 0.011191 -0.241095 0.683857 0.250243 0.117223 0.463460 0.537683 0.279997 0.252888 1.499256 0.542647 -0.430880 -0.433629 0.346253 -0.894161 0.475411 0.489206 -0.911935 -0.522332 0.023050 0.042685 0.083173 0.448746 0.179101 0.206104 1.265227 1.048501 -0.248350 -0.220941 -1.099724 -0.351605 -0.147191 -0.192475 -0.425531 0.671264 0.640243 0.711431 -0.593269 -0.328763 -0.324595 -0.331749 -0.023698 0.356307 -0.085862 0.109074 -0.102624 165.000000
3.320000 -0.556135 -0.584066 3.308389 3.175909 0.447543 0.467182 -2.600694 0.900738 0.482097 0.491674 -4.861885 4.047142 0.765143 0.804716 -5.250291 0.467512 -0.072713 -0.192249 3.280044 -6.029823 -0.074625 -0.060227 -0.424943 -0.681181 -0.506596 -0.496638 -1.975919 -0.705440 -0.055198 -0.034050 -4.149427 0.066280 -0.080935 -0.113336 3.124858 -4.274836 0.628362 0.755759 -22.839923 11.466737 -0.246385 -0.325771 1.264088 -13.064927 0.034030 0.062963 -1.366398 -1.355845 0.141288 0.151845 -2.211731 -1.043901 0.021399 0.019351 -0.635050 1.284996 0.282610 0.150788 0.162685 0.463460 0.284178 0.249723 1.907401 0.576501 -0.418125 -0.433328 0.407877 -0.922755 0.478364 0.491510 -0.842865 -0.497554 0.018861 0.036978 0.093846 0.414381 0.167250 0.190714 1.335437 1.265227 -0.243354 -0.220618 -0.947609 -0.337097 -0.133238 -0.177388 -0.447227 0.762628 0.627342 0.696205 -0.463463 -0.284785 -0.321944 -0.329538 -0.028709 0.308483 -0.080137 0.113816 -0.122703 166.000000
3.340000 -0.531493 -0.568471 5.238885 3.308389 0.444177 0.459086 -1.739704 1.130595 0.505934 0.515908 -5.486913 3.731289 0.755499 0.788689 -4.431135 0.256954 -0.074897 -0.190514 3.350867 -4.993338 -0.073101 -0.058617 -0.653464 -0.424943 -0.510419 -0.496566 -2.856082 -1.975919 -0.056055 -0.035664 -3.709170 0.512284 -0.065922 -0.090695 1.842250 -3.637143 0.624366 0.738670 -20.367616 10.507290 -0.245100 -0.314912 1.057788 -12.332633 0.040893 0.068070 -1.328990 -1.366398 0.140961 0.151183 -1.960156 -0.788340 0.025808 0.025952 -0.726085 1.423390 0.310352 0.185174 -0.120425 0.162685 0.294195 0.246755 2.278925 0.749762 -0.402907 -0.430208 0.486916 -1.157639 0.483657 0.494226 -0.833315 -0.468356 0.015767 0.031762 0.094841 0.374509 0.151479 0.175603 1.275623 1.335437 -0.239823 -0.219712 -0.969671 -0.250191 -0.122815 -0.162912 -0.475965 0.697418 0.615550 0.681248 -0.425450 -0.217377 -0.319847 -0.327275 -0.034151 0.246086 -0.073991 0.118361 -0.141790 167.000000
3.360000 -0.512888 -0.553400 6.047693 5.238885 0.441124 0.450716 -0.660192 1.873604 0.531511 0.540938 -5.326594 3.613309 0.739914 0.773979 -4.721765 -0.203758 -0.070922 -0.190309 3.607982 -4.634894 -0.070778 -0.055135 -0.885074 -0.653464 -0.516284 -0.496509 -3.969363 -2.856082 -0.052007 -0.038455 -2.265414 0.933460 -0.054269 -0.069290 0.070538 -2.775710 0.618942 0.723219 -18.661400 9.420085 -0.257096 -0.305035 0.507681 -10.947531 0.048276 0.073205 -1.250693 -1.328990 0.137630 0.149602 -2.219678 -0.617035 0.030196 0.031341 -0.831400 1.343120 0.340112 0.219056 -0.155389 -0.120425 0.296859 0.244882 2.283140 0.896005 -0.383766 -0.423978 0.498926 -1.382921 0.492288 0.497885 -0.785771 -0.464078 0.013306 0.027161 0.087300 0.369237 0.137755 0.160983 1.217986 1.275623 -0.233291 -0.217975 -0.907590 -0.246853 -0.113941 -0.149619 -0.458786 0.722818 0.606897 0.667174 -0.374467 -0.195649 -0.319215 -0.325226 -0.041569 0.229800 -0.067473 0.122369 -0.159478 168.000000
3.380000 -0.492145 -0.539363 7.519835 6.047693 0.440577 0.443246 0.479522 2.333201 0.559005 0.565594 -4.748993 2.993393 0.727710 0.761519 -5.148410 -0.244080 -0.055241 -0.190602 4.108267 -4.965846 -0.069100 -0.051665 -0.838794 -0.885074 -0.516946 -0.496707 -4.066497 -3.969363 -0.049023 -0.041492 -1.051284 1.097438 -0.042790 -0.049239 -1.439238 -1.167976 0.619739 0.710346 -16.385956 8.964154 -0.279007 -0.296591 -0.228530 -9.697246 0.053514 0.078115 -1.210629 -1.250693 0.134885 0.147449 -2.249012 -0.694139 0.031487 0.035644 -1.228409 1.525539 0.366030 0.251883 -0.260153 -0.155389 0.299000 0.244304 2.181181 0.892107 -0.361834 -0.414179 0.447745 -1.391033 0.503007 0.503082 -0.810360 -0.436535 0.010893 0.023124 0.075813 0.349236 0.128017 0.146885 1.314332 1.217986 -0.231820 -0.215410 -1.065822 -0.224402 -0.106951 -0.137566 -0.484074 0.683188 0.600576 0.654573 -0.372855 -0.166449 -0.319720 -0.323662 -0.041238 0.208018 -0.061290 0.125628 -0.176165 169.000000
3.400000 -0.479282 -0.526582 7.764097 7.519835 0.440684 0.437579 1.334939 2.614258 0.588110 0.589098 -3.385018 2.134736 0.714689 0.752810 -6.639829 -0.391964 -0.042465 -0.191739 4.645722 -5.540374 -0.067699 -0.048830 -0.828403 -0.838794 -0.519553 -0.497367 -4.316814 -4.066497 -0.045071 -0.044359 0.268390 1.245261 -0.034280 -0.030555 -3.284984 0.193977 0.626250 0.701313 -13.941494 8.357977 -0.303585 -0.290178 -0.935658 -8.027980 0.058540 0.082635 -1.149956 -1.210629 0.133437 0.144805 -1.931721 -0.510301 0.032670 0.038693 -1.442265 1.738711 0.389235 0.283091 -0.296519 -0.260153 0.297447 0.245003 1.909351 0.866718 -0.339316 -0.400968 0.336408 -1.314463 0.520387 0.510797 -0.826588 -0.443086 0.009895 0.019709 0.072141 0.367274 0.120805 0.133508 1.427777 1.314332 -0.231559 -0.212329 -1.232388 -0.290874 -0.098249 -0.126414 -0.477727 0.774948 0.598475 0.643821 -0.322979 -0.165809 -0.320749 -0.322687 -0.033766 0.207047 -0.055642 0.127573 -0.191975 170.000000
3.420000 -0.467482 -0.515516 8.123659 7.764097 0.440147 0.433671 1.753578 2.359978 0.613455 0.609468 -1.852126 1.025039 0.705240 0.748611 -8.383964 -0.034297 -0.030475 -0.194209 5.220755 -6.674126 -0.068575 -0.046564 -0.860250 -0.828403 -0.516359 -0.498381 -3.485803 -4.316814 -0.039117 -0.047340 2.102763 1.508297 -0.029672 -0.014557 -5.079863 1.776687 0.637726 0.697183 -11.600331 7.646292 -0.324653 -0.286538 -1.366159 -6.295202 0.065370 0.086555 -0.993538 -1.149956 0.129486 0.141751 -2.028017 -0.244728 0.030316 0.039042 -1.502234 1.686993 0.406649 0.312094 -0.392252 -0.296519 0.297417 0.246806 1.667231 0.786472 -0.316684 -0.384912 0.225304 -1.122879 0.542667 0.521943 -0.899870 -0.449365 0.010501 0.017117 0.067150 0.377224 0.114199 0.121000 1.508278 1.427777 -0.231559 -0.209033 -1.390111 -0.377331 -0.088127 -0.115588 -0.484884 0.855058 0.596600 0.635144 -0.366478 -0.144607 -0.321990 -0.322264 -0.023556 0.178373 -0.050611 0.127898 -0.206022 171.000000
3.440000 -0.463526 -0.506647 7.509189 8.123659 0.440283 0.431882 1.762204 1.802852 0.633148 0.625220 -0.385820 0.049274 0.697835 0.749282 -10.728085 0.422597 -0.029441 -0.198048 5.496783 -7.961367 -0.068523 -0.044889 -0.852477 -0.860250 -0.518166 -0.499356 -3.613903 -3.485803 -0.035329 -0.050789 3.618840 1.488550 -0.028224 -0.003492 -6.184232 3.591313 0.646095 0.698088 -10.828049 6.786532 -0.348687 -0.286019 -1.814863 -4.813799 0.073913 0.090079 -0.829873 -0.993538 0.128022 0.138807 -1.783782 -0.262891 0.026520 0.035929 -1.222425 1.765125 0.420637 0.338079 -0.354708 -0.392252 0.296048 0.249516 1.385452 0.720964 -0.297535 -0.367113 0.096440 -0.946268 0.567148 0.536409 -0.953842 -0.483510 0.011102 0.015345 0.049930 0.416360 0.107546 0.109829 1.443606 1.508278 -0.230165 -0.205813 -1.434091 -0.452614 -0.077767 -0.104917 -0.467718 0.937498 0.596945 0.628465 -0.378596 -0.171461 -0.323493 -0.322319 -0.014938 0.195017 -0.046549 0.126279 -0.217150 172.000000
3.460000 -0.462779 -0.500442 6.784710 7.509189 0.439768 0.432985 0.971954 1.074012 0.647315 0.636385 0.822088 -0.688192 0.696158 0.754723 -12.820477 1.395365 -0.020158 -0.203057 6.027982 -9.332720 -0.066609 -0.043747 -0.776277 -0.852477 -0.517493 -0.500644 -3.163288 -3.613903 -0.029441 -0.054931 5.698350 1.282696 -0.030529 0.000703 -6.484215 4.901536 0.655823 0.703091 -10.421931 6.724355 -0.361897 -0.286542 -2.163078 -4.103694 0.082969 0.092609 -0.500745 -0.829873 0.125632 0.136492 -1.884025 -0.280679 0.021180 0.030687 -1.052032 1.503103 0.428328 0.360133 -0.294035 -0.354708 0.292529 0.252818 1.043863 0.644506 -0.282566 -0.348865 -0.032013 -0.740946 0.590799 0.553404 -1.012361 -0.501886 0.012108 0.014271 0.036117 0.451956 0.104095 0.100658 1.337299 1.443606 -0.228182 -0.202897 -1.427402 -0.483187 -0.067699 -0.094490 -0.443492 0.950905 0.596330 0.623509 -0.445465 -0.181829 -0.324874 -0.322745 -0.005806 0.196767 -0.043975 0.123240 -0.225724 173.000000
3.480000 -0.469196 -0.497419 5.419992 6.784710 0.437244 0.437052 -0.746774 0.074933 0.657282 0.642927 2.184922 -0.897021 0.697061 0.764073 -14.999362 2.058036 -0.014418 -0.208665 6.390984 -10.762441 -0.065116 -0.043008 -0.723011 -0.776277 -0.519034 -0.502443 -2.992250 -3.163288 -0.022436 -0.058619 7.663355 0.392933 -0.035818 -0.000275 -6.826544 6.091282 0.665660 0.711038 -10.418598 6.772708 -0.374562 -0.288416 -2.281763 -3.649223 0.088581 0.095129 -0.491354 -0.500745 0.124824 0.134937 -1.826883 -0.415997 0.015770 0.024385 -0.781472 1.468028 0.424751 0.377211 -0.290676 -0.294035 0.287810 0.256446 0.679521 0.537938 -0.272679 -0.331438 -0.143814 -0.505925 0.611389 0.571785 -1.076529 -0.524239 0.014889 0.013988 0.030666 0.488122 0.102109 0.093929 1.147124 1.337299 -0.228593 -0.200360 -1.485946 -0.491955 -0.059560 -0.084521 -0.432338 0.935447 0.597903 0.620109 -0.483557 -0.219829 -0.326878 -0.323514 -0.002589 0.225635 -0.043157 0.119444 -0.231991 174.000000
3.500000 -0.471287 -0.497315 5.304365 5.419992 0.432874 0.443339 -3.128574 -1.465848 0.664302 0.645801 3.430203 -0.719074 0.709016 0.776117 -15.338945 2.885391 -0.004406 -0.214401 6.871023 -12.113972 -0.062073 -0.042500 -0.628459 -0.723011 -0.519396 -0.505203 -2.385376 -2.992250 -0.018268 -0.061341 8.956698 -0.418405 -0.041953 -0.004069 -6.949332 7.244949 0.676973 0.721142 -10.447515 6.856732 -0.379257 -0.291042 -2.378930 -3.561866 0.095607 0.096995 -0.198666 -0.491354 0.128289 0.133891 -0.972008 -0.522705 0.011029 0.018407 -0.671190 1.304178 0.418222 0.388563 -0.136801 -0.290676 0.284008 0.260100 0.413189 0.411668 -0.265547 -0.315771 -0.187725 -0.267853 0.624431 0.589639 -1.111477 -0.553597 0.017772 0.014507 0.014449 0.522931 0.105844 0.090063 1.003252 1.147124 -0.232152 -0.198479 -1.576605 -0.526804 -0.054465 -0.075434 -0.436079 0.959142 0.597559 0.617923 -0.558313 -0.240484 -0.327024 -0.324366 0.013039 0.243073 -0.043753 0.115541 -0.236286 175.000000
3.520000 -0.480900 -0.499400 4.095061 5.304365 0.430302 0.450753 -5.224508 -3.279389 0.667523 0.645019 4.821496 -0.150815 0.722736 0.789852 -15.532142 2.708594 -0.013114 -0.220076 6.764497 -12.630351 -0.061507 -0.042135 -0.610876 -0.628459 -0.514069 -0.507986 -0.845710 -2.385376 -0.014836 -0.063346 9.937038 -1.003683 -0.050335 -0.009839 -7.222510 7.953015 0.687727 0.732654 -10.759863 6.941345 -0.392865 -0.294639 -2.528585 -3.506170 0.100062 0.098032 -0.060146 -0.198666 0.128983 0.133566 -0.892669 -0.150409 0.007709 0.012991 -0.327369 0.821599 0.407152 0.394050 0.098049 -0.136801 0.279214 0.263327 0.192343 0.300457 -0.262752 -0.302520 -0.215911 -0.112732 0.627447 0.604614 -1.095350 -0.562963 0.020874 0.015697 -0.000239 0.548514 0.117846 0.089776 0.901112 1.003252 -0.239184 -0.197819 -1.664289 -0.570263 -0.053750 -0.067870 -0.443239 1.006342 0.594654 0.616181 -0.628390 -0.285676 -0.326783 -0.325029 0.014171 0.272637 -0.045314 0.111293 -0.238341 176.000000
3.540000 -0.489223 -0.503029 3.295770 4.095061 0.429486 0.458338 -6.871101 -5.023002 0.666123 0.640115 6.076122 0.201506 0.737009 0.804296 -15.600682 2.882104 -0.036155 -0.225500 6.206002 -12.650038 -0.064255 -0.041901 -0.686748 -0.610876 -0.509730 -0.509479 0.068209 -0.845710 -0.012926 -0.064866 10.616780 -1.357264 -0.060302 -0.017472 -7.368494 8.579774 0.694065 0.744616 -11.882493 7.205570 -0.411783 -0.299466 -2.914314 -3.554293 0.103813 0.098748 0.106399 -0.060146 0.129664 0.134207 -1.010130 -0.282650 0.004431 0.008053 -0.107081 0.610019 0.394191 0.393695 0.443419 0.098049 0.276165 0.265754 0.117370 0.204127 -0.267462 -0.292590 -0.249726 0.011784 0.623697 0.615387 -1.032094 -0.547556 0.024252 0.017443 -0.011604 0.547794 0.133108 0.093664 0.723772 0.901112 -0.246723 -0.198754 -1.681245 -0.610525 -0.060163 -0.062841 -0.461345 1.053764 0.594345 0.614772 -0.662232 -0.321280 -0.326183 -0.325421 0.011775 0.307109 -0.047781 0.106332 -0.237216 177.000000
3.560000 -0.499159 -0.507119 2.142079 3.295770 0.432296 0.465367 -7.605142 -6.473611 0.659849 0.631756 6.964777 0.397489 0.750818 0.818594 -15.637432 3.319607 -0.070748 -0.230579 5.282276 -12.281075 -0.068721 -0.041833 -0.804866 -0.686748 -0.503410 -0.508923 0.893758 0.068209 -0.013803 -0.066430 10.732090 -1.624143 -0.069614 -0.026982 -7.145794 8.992637 0.699623 0.756327 -13.079914 8.045382 -0.435200 -0.304684 -3.355513 -3.837112 0.104152 0.099063 0.120290 0.106399 0.127743 0.135385 -1.667482 -0.451524 0.002112 0.004041 0.073622 0.558605 0.376445 0.387919 0.738104 0.443419 0.270961 0.267126 0.034166 0.183548 -0.279952 -0.287011 -0.277376 0.066178 0.616427 0.621765 -0.953698 -0.510245 0.028156 0.019699 -0.019661 0.521849 0.149966 0.101633 0.497593 0.723772 -0.251806 -0.201172 -1.590170 -0.609950 -0.070174 -0.061103 -0.424971 1.071295 0.599537 0.614549 -0.689427 -0.337003 -0.325517 -0.325549 0.006762 0.325229 -0.050835 0.100322 -0.233093 178.000000
3.580000 -0.506845 -0.510964 1.306739 2.142079 0.436403 0.471445 -7.842176 -7.284959 0.650364 0.621017 7.471712 0.320183 0.762201 0.832089 -15.901208 4.004913 -0.110147 -0.235192 4.186361 -11.632519 -0.073654 -0.041928 -0.936587 -0.804866 -0.501595 -0.506325 0.464409 0.893758 -0.017645 -0.068066 10.329815 -1.793148 -0.078589 -0.037536 -6.688437 8.938942 0.700014 0.767449 -15.094498 8.962637 -0.456788 -0.310227 -3.870929 -4.117277 0.101240 0.099001 0.089872 0.120290 0.127209 0.136426 -1.920495 -0.870552 0.000398 0.001424 0.017990 0.796930 0.355970 0.377367 0.990741 0.738104 0.267519 0.267144 0.121719 0.155771 -0.296020 -0.286255 -0.234670 0.121605 0.608473 0.624454 -0.875320 -0.467018 0.031792 0.022357 -0.030700 0.486680 0.166779 0.112999 0.275945 0.497593 -0.251970 -0.204504 -1.374011 -0.582600 -0.083073 -0.062877 -0.351288 1.007571 0.610649 0.616632 -0.728113 -0.348095 -0.324842 -0.325464 0.002353 0.341333 -0.054173 0.093289 -0.226588 179.000000
3.600000 -0.512370 -0.514342 0.807708 1.306739 0.441518 0.476535 -7.705028 -7.656944 0.638146 0.608823 7.647324 0.185232 0.772325 0.844217 -16.067737 4.928052 -0.155419 -0.239152 2.873022 -10.973157 -0.079582 -0.042150 -1.096231 -0.936587 -0.500123 -0.501926 -0.376196 0.464409 -0.022542 -0.069534 9.575159 -1.820689 -0.086655 -0.048517 -6.085112 8.509126 0.695835 0.777285 -17.667663 10.342060 -0.481084 -0.315530 -4.450986 -4.752438 0.094098 0.098666 -0.088106 0.089872 0.126452 0.137096 -2.156917 -0.969243 -0.001379 0.000107 -0.233902 0.951253 0.329875 0.362958 1.040166 0.990741 0.264579 0.265525 0.330241 0.178194 -0.316509 -0.290398 -0.161341 0.056476 0.597734 0.623988 -0.849406 -0.422310 0.035767 0.025333 -0.035808 0.453010 0.182872 0.126652 0.108894 0.275945 -0.247160 -0.208004 -1.066779 -0.511362 -0.094800 -0.067704 -0.226708 0.862650 0.624034 0.621609 -0.827822 -0.365233 -0.325115 -0.325342 -0.005391 0.362880 -0.057694 0.085624 -0.218483 180.000000
3.620000 -0.519163 -0.517586 0.118551 0.807708 0.446453 0.480841 -7.474055 -7.676176 0.624431 0.595520 7.706747 0.028852 0.779910 0.854640 -16.368716 5.959547 -0.198111 -0.242257 1.592934 -10.108190 -0.086704 -0.042436 -1.299935 -1.096231 -0.498299 -0.496122 -1.335708 -0.376196 -0.027962 -0.070461 8.600772 -1.745023 -0.095211 -0.059805 -5.467789 7.830135 0.690958 0.785275 -19.929662 12.047443 -0.506710 -0.320481 -5.145569 -5.620220 0.085081 0.098119 -0.341607 -0.088106 0.126480 0.137549 -2.215372 -0.961508 -0.001395 -0.000302 -0.280690 1.195410 0.304172 0.345581 1.097930 1.040166 0.262508 0.262161 0.638928 0.245791 -0.336817 -0.298988 -0.022346 -0.084450 0.584752 0.620499 -0.797357 -0.406799 0.039777 0.028579 -0.041545 0.442607 0.196433 0.141604 -0.086911 0.108894 -0.244302 -0.211142 -0.902471 -0.420035 -0.104697 -0.074557 -0.116116 0.646744 0.636546 0.629118 -0.954777 -0.411216 -0.325186 -0.325274 -0.004004 0.416606 -0.061623 0.077848 -0.209207 181.000000
3.640000 -0.526389 -0.521123 -0.571983 0.118551 0.449791 0.484262 -7.345989 -7.590401 0.608584 0.581044 7.613139 -0.116346 0.783914 0.863069 -16.931151 7.034260 -0.235920 -0.244327 0.410609 -9.334456 -0.094007 -0.042682 -1.518427 -1.299935 -0.491285 -0.489131 -1.513735 -1.335708 -0.032595 -0.071071 7.750055 -1.566492 -0.104344 -0.072087 -4.671591 7.034281 0.686590 0.790815 -21.520644 13.679932 -0.530549 -0.324247 -5.859941 -6.249730 0.074443 0.097388 -0.606517 -0.341607 0.126452 0.137859 -2.263393 -0.967341 0.000107 -0.000164 -0.078770 1.248031 0.279098 0.326060 1.156529 1.097930 0.260008 0.257180 0.964731 0.330637 -0.353464 -0.310734 0.156359 -0.308291 0.567088 0.613749 -0.758687 -0.377906 0.043275 0.031968 -0.049185 0.419451 0.209311 0.157274 -0.283553 -0.086911 -0.243785 -0.213705 -0.872941 -0.393177 -0.113585 -0.082450 -0.050248 0.509294 0.647081 0.638293 -1.091541 -0.475387 -0.324820 -0.325187 -0.001207 0.479390 -0.066068 0.070471 -0.198797 182.000000
3.660000 -0.533841 -0.525145 -1.173213 -0.571983 0.451476 0.486421 -7.229086 -7.479564 0.592086 0.565365 7.598378 -0.133575 0.784235 0.869072 -17.678629 8.169115 -0.263737 -0.245146 -0.532677 -8.762035 -0.100164 -0.042776 -1.720825 -1.518427 -0.485318 -0.481104 -2.044465 -1.513735 -0.037507 -0.071514 6.849392 -1.539232 -0.115077 -0.085576 -3.942982 6.210823 0.681341 0.793664 -22.724846 14.991199 -0.553190 -0.327064 -6.562485 -6.529444 0.062632 0.096332 -0.895148 -0.606517 0.128068 0.137965 -1.920567 -1.092311 0.002011 0.000283 0.155849 1.171082 0.254618 0.305060 1.204226 1.156529 0.259260 0.250958 1.333739 0.404186 -0.367012 -0.324137 0.315746 -0.560545 0.545569 0.603530 -0.711277 -0.354751 0.046179 0.035329 -0.054108 0.403936 0.220670 0.173209 -0.472126 -0.283553 -0.243526 -0.215581 -0.897132 -0.411346 -0.120801 -0.090627 -0.008817 0.461595 0.658162 0.648461 -1.170721 -0.545167 -0.324552 -0.325049 -0.002640 0.546374 -0.070977 0.063803 -0.187037 183.000000
3.680000 -0.539229 -0.529509 -1.351030 -1.173213 0.449166 0.486573 -7.372355 -7.413732 0.575551 0.549155 7.556047 -0.184646 0.780812 0.872061 -18.471631 9.223907 -0.280652 -0.244487 -1.215541 -8.454721 -0.106030 -0.042562 -1.940377 -1.720825 -0.479167 -0.472503 -2.594190 -2.044465 -0.042131 -0.072316 6.167322 -1.453205 -0.126235 -0.099980 -3.203950 5.396187 0.676338 0.793713 -23.309778 16.100537 -0.571734 -0.328659 -7.210746 -6.624309 0.050480 0.095016 -1.198044 -0.895148 0.131519 0.137509 -1.040130 -1.038208 0.003803 0.001126 0.277251 0.882359 0.226730 0.282960 1.124616 1.204226 0.260025 0.244131 1.682635 0.508997 -0.378511 -0.338115 0.450823 -0.824742 0.521151 0.590125 -0.706649 -0.328584 0.048944 0.038569 -0.053121 0.382692 0.232308 0.188936 -0.576697 -0.472126 -0.241890 -0.216578 -0.934545 -0.444157 -0.127284 -0.098632 0.010343 0.452974 0.668518 0.659121 -1.221822 -0.584041 -0.324354 -0.324884 -0.003697 0.586680 -0.075835 0.058248 -0.174035 184.000000
3.700000 -0.543698 -0.534000 -1.318536 -1.351030 0.446876 0.484340 -7.041417 -7.464201 0.558004 0.533101 7.216982 -0.091846 0.775278 0.871568 -18.944124 10.113436 -0.286120 -0.242148 -1.625278 -8.358195 -0.110938 -0.041945 -2.147396 -1.940377 -0.473918 -0.463695 -3.313504 -2.594190 -0.046605 -0.073507 5.525157 -1.481686 -0.137242 -0.114612 -2.493131 4.685636 0.667877 0.790784 -23.959026 16.861048 -0.588541 -0.328841 -7.831651 -6.448730 0.037679 0.093548 -1.527628 -1.198044 0.133005 0.136461 -0.473392 -0.658690 0.005569 0.002656 0.207250 0.381440 0.193013 0.259738 0.888361 1.124616 0.262131 0.237436 1.970895 0.615906 -0.390789 -0.352266 0.543796 -1.066729 0.493324 0.573684 -0.724986 -0.326764 0.050739 0.041560 -0.054581 0.379885 0.245482 0.204127 -0.557965 -0.576697 -0.239914 -0.216544 -1.012072 -0.472444 -0.135225 -0.106475 -0.006460 0.462101 0.681134 0.670086 -1.204458 -0.609063 -0.324667 -0.324774 -0.006267 0.612759 -0.080199 0.054097 -0.160067 185.000000
3.720000 -0.549415 -0.538862 -1.396244 -1.318536 0.440872 0.479713 -6.956552 -7.129200 0.541618 0.517552 6.964021 -0.087783 0.767095 0.867350 -19.170796 10.645513 -0.282005 -0.237910 -1.828597 -8.298611 -0.115375 -0.040820 -2.372846 -2.147396 -0.469406 -0.455332 -3.955129 -3.313504 -0.049481 -0.074593 5.130598 -1.516013 -0.147527 -0.128568 -1.904118 4.009144 0.659546 0.784876 -24.015166 17.633965 -0.599463 -0.327858 -8.284180 -6.325061 0.024982 0.091949 -1.837847 -1.527628 0.134357 0.135009 0.132187 -0.340321 0.007978 0.005073 0.079129 0.133071 0.154092 0.234985 0.579703 0.888361 0.265987 0.231551 2.199501 0.713549 -0.402245 -0.366422 0.635623 -1.257345 0.464980 0.554674 -0.744789 -0.335202 0.052525 0.044249 -0.048401 0.389783 0.256888 0.218432 -0.511736 -0.557965 -0.238065 -0.215437 -1.136856 -0.502806 -0.144718 -0.114427 -0.035307 0.509266 0.694839 0.681446 -1.170806 -0.599096 -0.326051 -0.324903 -0.009467 0.605363 -0.083986 0.051772 -0.145387 186.000000
3.740000 -0.554042 -0.544419 -1.095457 -1.396244 0.432705 0.472564 -6.782496 -6.960287 0.524288 0.502475 6.470120 -0.003735 0.758580 0.859385 -18.734879 10.905645 -0.268817 -0.231663 -1.817745 -8.265151 -0.118192 -0.039132 -2.559243 -2.372846 -0.462729 -0.448065 -3.889329 -3.955129 -0.051652 -0.075311 4.765882 -1.613240 -0.156496 -0.141232 -1.381315 3.517358 0.653238 0.776393 -23.238568 17.988761 -0.601460 -0.326173 -8.428329 -6.026405 0.013991 0.089750 -1.991714 -1.837847 0.134823 0.133307 0.582602 0.026529 0.011345 0.008134 0.075298 -0.105658 0.115422 0.208367 0.384706 0.579703 0.269705 0.226947 2.319265 0.781939 -0.411103 -0.380097 0.718450 -1.417562 0.437782 0.533798 -0.752065 -0.348194 0.054603 0.046731 -0.040969 0.396595 0.268240 0.231560 -0.400251 -0.511736 -0.235536 -0.213339 -1.254500 -0.550775 -0.155482 -0.122770 -0.059362 0.586081 0.707831 0.693100 -1.145580 -0.580669 -0.328218 -0.325441 -0.007341 0.590137 -0.087042 0.051610 -0.129961 187.000000
3.760000 -0.556058 -0.550691 -0.138025 -1.095457 0.423446 0.462926 -6.354136 -6.626308 0.504842 0.487671 5.511080 0.156188 0.753094 0.848110 -17.133017 10.679852 -0.242555 -0.223552 -1.455712 -8.055027 -0.115898 -0.036889 -2.626872 -2.559243 -0.457738 -0.442192 -3.849032 -3.889329 -0.054625 -0.075477 4.122574 -1.692284 -0.163014 -0.152004 -0.837726 3.073599 0.647399 0.766012 -22.092977 17.704537 -0.589575 -0.323951 -8.207599 -5.534031 0.005929 0.086596 -2.069159 -1.991714 0.134197 0.131456 0.842460 0.253652 0.015106 0.011469 0.142603 -0.328950 0.079102 0.179936 0.318787 0.384706 0.271189 0.223788 2.285837 0.800407 -0.417059 -0.392548 0.751770 -1.518857 0.413484 0.511878 -0.726339 -0.355548 0.056932 0.049122 -0.036148 0.396517 0.278075 0.243436 -0.293167 -0.400251 -0.230175 -0.210344 -1.287114 -0.597569 -0.167511 -0.131770 -0.068518 0.656931 0.717698 0.704533 -1.131757 -0.569120 -0.331512 -0.326541 -0.003795 0.576460 -0.089259 0.053473 -0.113637 188.000000
3.780000 -0.556351 -0.557447 1.209933 -0.138025 0.413361 0.451108 -5.717039 -5.932608 0.484616 0.473183 4.320984 0.421528 0.748138 0.834419 -15.102099 9.617533 -0.212955 -0.213980 -0.962581 -7.515484 -0.110160 -0.034087 -2.573280 -2.626872 -0.453884 -0.437790 -3.746746 -3.849032 -0.057596 -0.075335 3.483943 -1.642424 -0.168367 -0.160643 -0.474683 2.480150 0.641898 0.754517 -20.791555 16.972375 -0.566384 -0.320727 -7.711106 -5.120602 0.001176 0.083234 -2.117613 -2.069159 0.131951 0.129371 0.845464 0.349929 0.019625 0.015046 0.287590 -0.492531 0.046230 0.150096 0.371570 0.318787 0.269738 0.221939 2.123710 0.767034 -0.419854 -0.403036 0.730686 -1.518803 0.391958 0.489705 -0.693663 -0.345095 0.059897 0.051567 -0.031993 0.381243 0.286263 0.254041 -0.200271 -0.293167 -0.224236 -0.206561 -1.304960 -0.609298 -0.179872 -0.141525 -0.062580 0.677816 0.726573 0.715285 -1.091594 -0.563981 -0.336074 -0.328368 0.002005 0.567776 -0.090486 0.056938 -0.096586 189.000000
3.800000 -0.558563 -0.564415 2.188294 1.209933 0.400341 0.437298 -5.271638 -5.019012 0.466513 0.459067 3.470727 0.698027 0.739435 0.819139 -13.593478 8.246033 -0.188765 -0.203499 -0.620249 -6.856066 -0.103330 -0.030920 -2.489444 -2.573280 -0.451622 -0.434781 -3.698148 -3.746746 -0.060665 -0.075590 3.028318 -1.504630 -0.173529 -0.167529 -0.352388 1.979313 0.634240 0.742620 -19.907781 15.963196 -0.540169 -0.316027 -7.245154 -4.828359 -0.000688 0.080512 -2.195701 -2.117613 0.128752 0.126839 0.786486 0.278937 0.024513 0.018842 0.485569 -0.566527 0.017674 0.119483 0.520500 0.371570 0.266915 0.221039 1.930304 0.696512 -0.419940 -0.411041 0.661154 -1.427198 0.373437 0.468008 -0.662415 -0.330835 0.063152 0.054171 -0.032639 0.362828 0.294650 0.263407 -0.063174 -0.200271 -0.221041 -0.202285 -1.392827 -0.621190 -0.191410 -0.151795 -0.057613 0.683770 0.734314 0.725177 -1.041668 -0.546800 -0.341471 -0.331007 0.012677 0.544794 -0.090549 0.061527 -0.079009 190.000000
3.820000 -0.560084 -0.571285 3.225086 2.188294 0.384971 0.421466 -4.887439 -4.371183 0.450435 0.445597 2.831890 0.900455 0.729082 0.802559 -12.160038 7.244559 -0.172116 -0.192321 -0.523427 -6.348919 -0.094207 -0.027376 -2.364166 -2.489444 -0.452387 -0.432924 -4.076070 -3.698148 -0.065490 -0.076957 2.528975 -1.337965 -0.177755 -0.173006 -0.292118 1.690353 0.620162 0.730255 -20.146469 15.184892 -0.513443 -0.308656 -6.987962 -4.722890 0.001161 0.080013 -2.424952 -2.195701 0.124479 0.123597 0.686386 0.150459 0.028626 0.022646 0.556411 -0.636027 -0.009377 0.088943 0.593435 0.520500 0.263264 0.220657 1.750971 0.634575 -0.416980 -0.416275 0.571397 -1.295729 0.356085 0.447189 -0.663493 -0.314888 0.066314 0.056931 -0.036673 0.347527 0.300765 0.271440 0.069646 -0.063174 -0.218283 -0.197943 -1.436459 -0.667607 -0.201311 -0.162138 -0.053130 0.725220 0.742677 0.734356 -0.985923 -0.527172 -0.347554 -0.334458 0.025289 0.514495 -0.089213 0.066978 -0.060987 191.000000
3.840000 -0.560921 -0.577608 4.185569 3.225086 0.369135 0.404079 -4.450703 -3.859665 0.437342 0.433281 2.407497 1.027775 0.714874 0.784697 -11.236855 6.457933 -0.169297 -0.180574 -0.840329 -5.702105 -0.087366 -0.023559 -2.295094 -2.364166 -0.453744 -0.431790 -4.472802 -4.076070 -0.068668 -0.079998 2.880288 -1.118429 -0.184149 -0.178299 -0.218019 1.410547 0.605411 0.717353 -20.554993 15.118543 -0.496921 -0.299211 -6.667201 -5.027926 0.005824 0.082454 -2.551035 -2.424952 0.118947 0.119813 0.363683 0.064987 0.031216 0.026344 0.253640 -0.621399 -0.036876 0.059332 0.493991 0.593435 0.257048 0.220241 1.581053 0.589787 -0.410647 -0.418569 0.479867 -1.161184 0.338176 0.427281 -0.730780 -0.313410 0.069120 0.059758 -0.041431 0.350083 0.306296 0.277930 0.268839 0.069646 -0.216820 -0.194051 -1.416019 -0.691665 -0.208667 -0.172019 -0.048348 0.744794 0.751031 0.743087 -0.944824 -0.505606 -0.354340 -0.338696 0.037625 0.480317 -0.086555 0.073089 -0.042857 192.000000
3.860000 -0.562704 -0.582322 4.527208 4.185569 0.351613 0.386641 -4.483897 -3.429100 0.430477 0.424292 2.331346 1.021603 0.696008 0.765229 -10.844976 6.225145 -0.178223 -0.168432 -1.516761 -5.011710 -0.082631 -0.019730 -2.257327 -2.295094 -0.455680 -0.431690 -4.736578 -4.472802 -0.071036 -0.085967 3.848824 -1.331134 -0.191137 -0.186480 0.191380 1.549153 0.591160 0.705415 -21.030049 15.091215 -0.486103 -0.293229 -6.395385 -5.463777 0.013633 0.083966 -2.147092 -2.551035 0.112208 0.115847 -0.163851 0.055021 0.032673 0.031220 -0.497158 -0.308662 -0.063461 0.031661 0.177294 0.493991 0.249620 0.219181 1.419134 0.550593 -0.400085 -0.417678 0.376307 -1.030460 0.317553 0.407662 -0.756166 -0.344675 0.072057 0.062610 -0.041677 0.386106 0.313829 0.282630 0.677301 0.268839 -0.216519 -0.191240 -1.344035 -0.683836 -0.212166 -0.180742 -0.057282 0.732183 0.755469 0.751070 -0.928993 -0.491225 -0.360155 -0.343488 0.057868 0.453599 -0.082953 0.079812 -0.027001 193.000000
3.880000 -0.564715 -0.585351 4.470865 4.527208 0.333760 0.368966 -4.484546 -3.407621 0.429082 0.418630 2.666478 1.076276 0.676287 0.743811 -10.217662 6.517590 -0.190433 -0.155754 -2.309770 -4.327386 -0.079328 -0.015965 -2.261560 -2.257327 -0.455506 -0.432601 -4.365897 -4.736578 -0.074391 -0.092357 4.544764 -2.020102 -0.198032 -0.192889 -0.175151 1.828722 0.581570 0.692844 -20.364906 15.132493 -0.475281 -0.285939 -6.348114 -5.897556 0.022979 0.084081 -1.853301 -2.147092 0.105240 0.111155 -0.485179 0.166653 0.034808 0.035851 -0.954246 0.330504 -0.087868 0.006533 -0.162239 0.177294 0.240371 0.217594 1.207615 0.521414 -0.385185 -0.413377 0.296586 -0.897721 0.294017 0.387471 -0.806360 -0.357245 0.074360 0.065403 -0.045322 0.398922 0.321783 0.285602 1.088911 0.677301 -0.216491 -0.189453 -1.260264 -0.643376 -0.212134 -0.187656 -0.068803 0.700659 0.758249 0.757674 -0.848515 -0.493430 -0.364708 -0.348429 0.072972 0.435562 -0.078320 0.087157 -0.013301 194.000000
3.900000 -0.567508 -0.586840 4.048521 4.470865 0.316945 0.351025 -4.210728 -3.575512 0.431523 0.416707 3.036157 0.909034 0.654698 0.720660 -9.689986 6.776485 -0.204553 -0.142712 -3.153686 -3.441177 -0.076805 -0.012305 -2.286509 -2.261560 -0.457244 -0.434996 -3.977511 -4.365897 -0.079510 -0.099641 5.097750 -2.184807 -0.205122 -0.197340 -1.021075 2.359958 0.575272 0.680287 -19.140795 14.765792 -0.468580 -0.278185 -6.475287 -5.599115 0.031922 0.084370 -1.607586 -1.853301 0.097207 0.105185 -0.696181 0.234534 0.038124 0.040345 -1.125704 0.719713 -0.105559 -0.016256 -0.295840 -0.162239 0.230908 0.215347 1.020590 0.455515 -0.369974 -0.405966 0.182299 -0.752100 0.274084 0.367068 -0.778686 -0.380519 0.075979 0.067996 -0.046973 0.425841 0.327192 0.287476 1.358317 1.088911 -0.216580 -0.188582 -1.172103 -0.595730 -0.210608 -0.192608 -0.095992 0.664533 0.759493 0.762599 -0.738830 -0.460743 -0.368229 -0.353180 0.078916 0.387771 -0.072352 0.095176 -0.001991 195.000000
3.920000 -0.568892 -0.587532 3.839834 4.048521 0.304793 0.333352 -3.222324 -3.623443 0.435391 0.418088 3.093261 0.587286 0.634096 0.696805 -9.036477 7.121954 -0.221382 -0.129696 -4.019654 -2.568032 -0.075853 -0.008754 -2.382790 -2.286509 -0.458167 -0.439314 -3.022666 -3.977511 -0.085973 -0.107656 5.473274 -2.038337 -0.210962 -0.199931 -1.911685 3.059413 0.572669 0.668684 -17.541936 14.245555 -0.469868 -0.270414 -6.726157 -4.895241 0.039016 0.084781 -1.409025 -1.607586 0.086267 0.097882 -1.247992 0.214762 0.041737 0.044560 -1.167768 0.910942 -0.113718 -0.036604 -0.202745 -0.295840 0.222525 0.212422 0.898267 0.419145 -0.353326 -0.395889 0.073843 -0.601444 0.258582 0.347157 -0.713253 -0.365856 0.076964 0.070267 -0.045636 0.412830 0.330187 0.288702 1.503376 1.358317 -0.215698 -0.188414 -1.055901 -0.538056 -0.209127 -0.195848 -0.136266 0.634047 0.757498 0.765702 -0.666904 -0.408873 -0.369408 -0.357337 0.085210 0.329957 -0.065234 0.103901 0.007052 196.000000
3.940000 -0.570854 -0.588394 3.690859 3.839834 0.296186 0.317682 -2.304103 -3.157793 0.439157 0.421957 2.674994 0.064531 0.617933 0.674502 -8.200092 7.420429 -0.232433 -0.117553 -4.677813 -1.616048 -0.075510 -0.005061 -2.451450 -2.382790 -0.457939 -0.445357 -1.558006 -3.022666 -0.092458 -0.115686 5.728256 -1.780795 -0.216363 -0.201739 -2.621167 3.692479 0.577885 0.659450 -15.118136 13.627253 -0.473225 -0.263932 -6.833526 -3.914683 0.043337 0.085042 -1.261304 -1.409025 0.074952 0.089860 -1.861228 -0.040112 0.045633 0.048008 -0.890589 1.207880 -0.116588 -0.054220 -0.029568 -0.202745 0.213673 0.208852 0.780758 0.412212 -0.335315 -0.383536 -0.009664 -0.486055 0.246906 0.328435 -0.638306 -0.333808 0.077483 0.072150 -0.041411 0.379445 0.332736 0.289730 1.550103 1.503376 -0.212075 -0.188625 -0.875981 -0.459818 -0.206410 -0.197700 -0.143743 0.596083 0.754856 0.767027 -0.578788 -0.376057 -0.369336 -0.360598 0.077441 0.290847 -0.057923 0.112852 0.014308 197.000000
3.960000 -0.573296 -0.590494 3.871878 3.690859 0.289428 0.306103 -1.979066 -2.489549 0.441871 0.427283 2.100945 -0.185445 0.607446 0.657049 -7.763151 7.477427 -0.235582 -0.107221 -4.804582 -0.722665 -0.075231 -0.002375 -2.404044 -2.451450 -0.455763 -0.452578 0.466548 -1.558006 -0.097592 -0.123395 6.209323 -1.553544 -0.222278 -0.204801 -2.929227 4.174712 0.593803 0.654864 -11.876312 12.492874 -0.474436 -0.260874 -6.544799 -2.625262 0.046661 0.084809 -1.096830 -1.261304 0.066333 0.081934 -2.022986 -0.485319 0.050317 0.050113 -0.183281 1.375908 -0.111116 -0.069147 0.378382 -0.029568 0.209350 0.204769 0.820425 0.395211 -0.317390 -0.369531 -0.055652 -0.385547 0.243303 0.312281 -0.582454 -0.298447 0.077983 0.073676 -0.033781 0.339858 0.334752 0.291255 1.452712 1.550103 -0.210443 -0.188849 -0.826434 -0.366119 -0.204020 -0.198489 -0.153966 0.509862 0.751783 0.766911 -0.518822 -0.328115 -0.367723 -0.362798 0.066208 0.250674 -0.051591 0.121110 0.021143 198.000000
3.980000 -0.574489 -0.594674 4.767082 3.871878 0.287148 0.299446 -1.876987 -2.040005 0.442348 0.431338 1.710309 -0.060939 0.604922 0.647892 -7.828432 7.350484 -0.232652 -0.100574 -4.531532 -0.412667 -0.074689 -0.000766 -2.365489 -2.404044 -0.455102 -0.460429 2.212420 0.466548 -0.098755 -0.130289 7.185744 -1.640048 -0.229321 -0.209812 -3.076767 4.569275 0.617204 0.657391 -8.895265 10.663501 -0.475301 -0.263414 -5.864203 -1.212812 0.049874 0.082593 -0.662539 -1.096830 0.059578 0.074767 -2.074696 -0.919853 0.052519 0.050755 0.333819 1.103134 -0.096188 -0.080845 0.883131 0.378382 0.207527 0.200603 0.883376 0.438039 -0.301008 -0.354486 -0.122866 -0.382386 0.248697 0.300205 -0.546865 -0.274336 0.078777 0.074958 -0.025487 0.308118 0.336491 0.293458 1.347000 1.452712 -0.210665 -0.188983 -0.847918 -0.336234 -0.201813 -0.198451 -0.179313 0.490200 0.751474 0.766169 -0.474523 -0.292515 -0.364935 -0.363857 0.050661 0.226307 -0.047012 0.127418 0.028267 199.000000
4.000000 -0.580197 -0.601002 5.191003 4.767082 0.287342 0.298087 -2.309044 -1.793648 0.443845 0.432428 2.281171 0.083339 0.606237 0.648488 -9.127867 7.185982 -0.227515 -0.097787 -4.077361 -0.642450 -0.073450 0.000810 -2.428100 -2.365489 -0.460281 -0.468128 2.657041 2.212420 -0.098307 -0.135531 8.063317 -2.054488 -0.237802 -0.216215 -3.363076 5.131255 0.636364 0.667475 -8.129645 8.681587 -0.476998 -0.271406 -5.233107 -0.213678 0.052845 0.078241 -0.304996 -0.662539 0.055028 0.068799 -1.941025 -1.204257 0.050558 0.049477 0.491820 0.870438 -0.081888 -0.088171 1.038483 0.883131 0.203850 0.196903 0.782889 0.503121 -0.287477 -0.338976 -0.228937 -0.380255 0.257620 0.292741 -0.590009 -0.260689 0.080444 0.076207 -0.017160 0.286176 0.336215 0.295641 1.312330 1.347000 -0.211671 -0.189097 -0.894288 -0.334303 -0.198719 -0.197628 -0.204149 0.513616 0.755718 0.765951 -0.445265 -0.262592 -0.362398 -0.363937 0.027651 0.211931 -0.044777 0.130771 0.035713 200.000000
4.020000 -0.589710 -0.609319 5.226179 5.191003 0.286839 0.300579 -3.334389 -2.295107 0.447000 0.429860 3.937570 0.013936 0.604488 0.657211 -12.219404 7.507789 -0.225917 -0.098706 -3.642942 -1.620079 -0.075202 0.002199 -2.344976 -2.428100 -0.473045 -0.475145 1.409156 2.657041 -0.097114 -0.139032 8.777406 -2.350120 -0.247433 -0.223131 -3.897218 5.713197 0.641854 0.682226 -10.403175 7.843126 -0.489075 -0.281345 -5.285590 -0.286519 0.052363 0.073745 -0.259254 -0.304996 0.054677 0.063818 -1.117951 -1.216422 0.043697 0.045460 0.358207 0.724602 -0.078970 -0.090699 0.562830 1.038483 0.204356 0.194260 0.712027 0.505913 -0.280126 -0.324144 -0.333683 -0.276976 0.266840 0.289920 -0.786189 -0.286424 0.082789 0.077623 -0.013781 0.303585 0.328381 0.296319 1.304210 1.312330 -0.218843 -0.189349 -1.137433 -0.345070 -0.197690 -0.196256 -0.270205 0.549219 0.761537 0.767138 -0.496773 -0.236458 -0.362412 -0.363627 -0.001286 0.208807 -0.044547 0.131527 0.043312 201.000000
4.040000 -0.601328 -0.618914 4.978999 5.226179 0.287009 0.305479 -4.499565 -3.635980 0.450221 0.426023 5.388785 -0.301590 0.608028 0.669476 -14.152774 8.739906 -0.214056 -0.100782 -3.160048 -3.479498 -0.077627 0.001999 -2.375364 -2.344976 -0.491730 -0.481737 -1.000599 1.409156 -0.103113 -0.140787 7.683997 -2.440094 -0.252308 -0.229223 -3.870925 6.337312 0.629040 0.696891 -15.588179 9.017784 -0.509490 -0.288374 -6.173216 -1.385392 0.048798 0.071754 -0.663190 -0.259254 0.057085 0.059721 0.055215 -0.738079 0.034206 0.038852 0.093922 0.379872 -0.091584 -0.089444 -0.430794 0.562830 0.210409 0.193204 0.740350 0.522855 -0.279874 -0.311797 -0.338398 -0.189172 0.272728 0.290806 -1.063397 -0.386204 0.085040 0.079249 -0.017262 0.399985 0.311529 0.294043 1.238481 1.304210 -0.227174 -0.190024 -1.359589 -0.433614 -0.201487 -0.195271 -0.331902 0.703819 0.768463 0.769947 -0.565933 -0.247744 -0.364870 -0.363638 -0.016432 0.249029 -0.045523 0.131376 0.050381 202.000000
4.060000 -0.612949 -0.629368 4.833218 4.978999 0.290149 0.312032 -5.460448 -4.944175 0.451293 0.422628 6.102714 -0.444610 0.620378 0.681617 -13.926610 9.357942 -0.198640 -0.102693 -2.779684 -4.794832 -0.079409 0.001866 -2.478205 -2.375364 -0.501244 -0.488251 -1.632276 -1.000599 -0.109217 -0.140503 6.082020 -1.906536 -0.255153 -0.234209 -3.528079 5.777461 0.619156 0.708186 -19.229142 12.251151 -0.536761 -0.290353 -7.407942 -3.337028 0.044462 0.073272 -1.153788 -0.663190 0.061102 0.057441 0.938383 -0.019353 0.025249 0.030775 0.086191 -0.074569 -0.109106 -0.086586 -1.335272 -0.430794 0.219903 0.193765 0.870232 0.539374 -0.285374 -0.303555 -0.208303 -0.200976 0.277515 0.294385 -1.334328 -0.523067 0.087563 0.081073 -0.018982 0.540329 0.290219 0.288237 1.139051 1.238481 -0.232936 -0.191455 -1.400275 -0.513843 -0.209265 -0.195861 -0.326930 0.845746 0.777755 0.774370 -0.611129 -0.274750 -0.368983 -0.364441 -0.015009 0.291182 -0.047491 0.131964 0.056044 203.000000
4.080000 -0.627421 -0.640311 4.161482 4.833218 0.291429 0.319910 -6.926871 -5.781581 0.452946 0.419895 6.868535 -0.321133 0.630606 0.691826 -13.523280 8.970237 -0.198741 -0.103544 -2.914997 -4.956373 -0.079839 0.002155 -2.523958 -2.478205 -0.504607 -0.494173 -1.237886 -1.632276 -0.111623 -0.138238 4.891155 -1.276971 -0.258589 -0.239498 -3.030090 4.805049 0.609849 0.715126 -21.816918 14.963105 -0.569669 -0.288525 -8.743609 -4.266037 0.040779 0.077051 -1.522361 -1.153788 0.067640 0.058368 1.529048 0.426096 0.016590 0.021558 0.361926 -0.512287 -0.123615 -0.084186 -1.842460 -1.335272 0.232207 0.195740 1.077854 0.539268 -0.296201 -0.300261 -0.017567 -0.330965 0.286093 0.300283 -1.523534 -0.657673 0.090617 0.083143 -0.019763 0.676655 0.268339 0.279226 1.062319 1.139051 -0.235910 -0.193747 -1.308571 -0.536672 -0.218832 -0.198678 -0.252969 0.863603 0.785347 0.780067 -0.684809 -0.298060 -0.373529 -0.366138 -0.000466 0.313069 -0.050848 0.133729 0.060786 204.000000
4.100000 -0.639245 -0.651026 3.827575 4.161482 0.294120 0.328625 -8.233323 -6.897703 0.450816 0.417604 6.831996 0.029168 0.644334 0.699155 -11.773822 8.866267 -0.204673 -0.102733 -3.306895 -4.657012 -0.078998 0.002411 -2.574057 -2.523958 -0.502991 -0.499168 -0.078106 -1.237886 -0.112219 -0.134368 3.773066 -0.930533 -0.262672 -0.246334 -2.207001 3.960622 0.603685 0.718985 -23.515140 17.221345 -0.599330 -0.287334 -9.347314 -4.595573 0.035851 0.077739 -1.093290 -1.522361 0.073919 0.063330 1.164698 0.583561 0.008595 0.011575 0.828119 -0.945487 -0.129987 -0.083328 -1.874061 -1.842460 0.244598 0.198811 1.310408 0.547711 -0.308784 -0.301769 0.210921 -0.530144 0.297531 0.308101 -1.609022 -0.751886 0.093646 0.085460 -0.025021 0.771648 0.249926 0.267939 1.036149 1.062319 -0.238963 -0.196837 -1.191918 -0.527801 -0.229999 -0.203776 -0.168705 0.780770 0.792106 0.786445 -0.741511 -0.342171 -0.377009 -0.368455 0.021033 0.342637 -0.055710 0.136490 0.065443 205.000000
4.120000 -0.650032 -0.660960 3.472137 3.827575 0.301654 0.337553 -8.621625 -7.532659 0.445595 0.415007 6.216427 0.700663 0.662195 0.704585 -9.054293 8.274489 -0.213556 -0.101881 -3.751608 -3.499333 -0.078826 0.002776 -2.521074 -2.574057 -0.499908 -0.502401 0.843997 -0.078106 -0.112622 -0.129409 2.565363 -0.783032 -0.267192 -0.254650 -1.254168 2.990034 0.601393 0.720709 -24.022059 18.506331 -0.620700 -0.288236 -9.848920 -5.008809 0.027962 0.075293 -1.155457 -1.093290 0.078275 0.071787 -0.109208 0.168289 -0.000858 0.001200 1.072024 -0.996408 -0.131481 -0.084181 -1.662587 -1.874061 0.255030 0.202900 1.403066 0.549743 -0.324501 -0.307358 0.362002 -0.760664 0.312582 0.317219 -1.513611 -0.792000 0.096750 0.087981 -0.029669 0.817021 0.237293 0.255657 1.075132 1.036149 -0.241651 -0.200445 -1.100109 -0.511606 -0.241866 -0.210797 -0.108356 0.680312 0.797548 0.792919 -0.758261 -0.381272 -0.379187 -0.370953 0.036547 0.360239 -0.061811 0.139414 0.070659 206.000000
4.140000 -0.656010 -0.670170 4.100822 3.472137 0.316108 0.347752 -7.962446 -7.419026 0.436711 0.413041 4.820777 1.202599 0.690166 0.710986 -5.207527 7.235808 -0.215331 -0.102172 -3.423239 -1.818486 -0.074618 0.001820 -2.107523 -2.521074 -0.503322 -0.503989 0.330709 0.843997 -0.115376 -0.123653 0.798335 -0.655597 -0.269354 -0.262958 -0.162199 1.909766 0.599767 0.721740 -24.634860 19.121950 -0.630113 -0.289746 -10.040095 -4.900109 0.019681 0.072734 -1.359357 -1.155457 0.082087 0.082330 -1.627785 -0.590616 -0.011338 -0.008715 0.835219 -0.481408 -0.126830 -0.086383 -1.245339 -1.662587 0.263595 0.208093 1.361635 0.520532 -0.343036 -0.316255 0.413026 -0.882534 0.335005 0.327989 -1.321774 -0.741971 0.101823 0.090916 -0.024820 0.771640 0.229970 0.243621 1.185598 1.075132 -0.243561 -0.204279 -1.005289 -0.495877 -0.253483 -0.219180 -0.074203 0.604233 0.801487 0.798829 -0.723502 -0.397404 -0.381922 -0.373479 0.035134 0.360857 -0.068733 0.141609 0.076219 207.000000
4.160000 -0.654203 -0.679302 6.351532 4.100822 0.341119 0.361826 -6.397641 -6.391612 0.422689 0.412599 2.081637 1.570834 0.736359 0.723703 0.072109 5.075342 -0.208971 -0.106404 -2.351209 -0.132185 -0.069498 -0.002620 -1.436965 -2.107523 -0.506641 -0.505087 -0.124448 0.330709 -0.116920 -0.116734 -1.043371 -0.318068 -0.266569 -0.268770 1.030017 0.480267 0.611547 0.725929 -23.913919 19.566379 -0.626066 -0.292779 -9.592353 -5.068482 0.011764 0.070557 -1.576030 -1.359357 0.083194 0.093504 -3.591013 -1.231502 -0.021854 -0.017130 0.178382 0.396283 -0.109512 -0.088614 -0.592777 -1.245339 0.273795 0.214624 1.272454 0.474304 -0.363862 -0.327769 0.386080 -0.887330 0.365850 0.341338 -1.064548 -0.648477 0.107750 0.094489 -0.030845 0.673297 0.233802 0.232873 1.528717 1.185598 -0.247233 -0.208400 -0.940335 -0.465543 -0.261859 -0.227955 -0.069637 0.539746 0.805615 0.803770 -0.613751 -0.379318 -0.384031 -0.375972 0.038711 0.344184 -0.076341 0.141940 0.080572 208.000000
4.180000 -0.657646 -0.689105 7.726975 6.351532 0.365255 0.379403 -5.502572 -4.239639 0.410682 0.410809 0.427959 2.158002 0.778385 0.747281 2.113283 1.661519 -0.208105 -0.120775 -0.877346 1.733627 -0.066073 -0.009282 -1.023279 -1.436965 -0.514387 -0.507129 -1.057705 -0.124448 -0.115560 -0.108836 -2.460404 0.006677 -0.259875 -0.269339 1.618638 -1.036694 0.625368 0.737110 -24.570975 18.882638 -0.614414 -0.298559 -8.781583 -5.031281 0.008471 0.068848 -1.679777 -1.576030 0.087947 0.103375 -4.340111 -1.884698 -0.028450 -0.023047 -0.339644 1.706316 -0.083446 -0.088941 0.031598 -0.592777 0.285587 0.222834 1.160077 0.443187 -0.386683 -0.341461 0.322972 -0.829267 0.399997 0.357979 -0.880811 -0.516852 0.113022 0.098590 -0.047174 0.547696 0.242743 0.224340 1.853407 1.528717 -0.250697 -0.212868 -0.841148 -0.435349 -0.263647 -0.235792 -0.046156 0.504986 0.804888 0.807254 -0.527027 -0.326231 -0.384745 -0.378197 0.043854 0.287520 -0.084128 0.139139 0.081740 209.000000
4.200000 -0.665908 -0.698448 7.733174 7.726975 0.383236 0.398033 -5.615589 -2.965266 0.402992 0.405677 0.427508 2.537307 0.798192 0.778105 -0.742152 -0.423197 -0.217491 -0.138292 -0.762322 1.690086 -0.067234 -0.016238 -0.987684 -1.023279 -0.519483 -0.510220 -1.390194 -1.057705 -0.108215 -0.100679 -2.625292 0.420883 -0.253071 -0.264437 1.293562 -2.039521 0.638446 0.755390 -26.507267 18.625790 -0.598122 -0.306592 -7.879175 -5.945184 0.008074 0.067876 -1.740954 -1.679777 0.095634 0.111091 -4.038156 -2.000233 -0.031086 -0.026856 -0.323227 2.339878 -0.051816 -0.085052 0.375129 0.031598 0.295966 0.232397 1.045211 0.418553 -0.404519 -0.356404 0.320843 -0.741525 0.428907 0.377427 -0.892578 -0.416818 0.115533 0.102679 -0.069956 0.463993 0.247415 0.218379 1.897545 1.853407 -0.253005 -0.217611 -0.718078 -0.397496 -0.260581 -0.241630 -0.027008 0.443652 0.794676 0.808363 -0.567234 -0.285440 -0.383364 -0.379786 0.047353 0.241587 -0.091432 0.133050 0.078955 210.000000
4.220000 -0.680663 -0.704953 5.562179 7.733174 0.393857 0.414859 -6.445551 -3.021548 0.402832 0.398902 1.822842 2.594040 0.792431 0.808089 -7.227625 0.921473 -0.237717 -0.150465 -1.809592 0.179320 -0.076157 -0.017834 -1.940499 -0.987684 -0.526781 -0.513383 -2.237350 -1.390194 -0.103901 -0.093123 -3.128990 0.665865 -0.244264 -0.256286 1.159254 -1.959427 0.635662 0.776881 -31.502712 18.942398 -0.599592 -0.316099 -7.418338 -7.564869 0.006910 0.068020 -1.925405 -1.740954 0.108508 0.117118 -2.519504 -1.857464 -0.029735 -0.029266 0.185579 2.180692 -0.022332 -0.075266 0.243480 0.375129 0.305147 0.242239 1.078909 0.362184 -0.415221 -0.371173 0.380362 -0.683027 0.445258 0.397639 -1.068859 -0.411311 0.115570 0.106117 -0.079185 0.481267 0.238320 0.214455 1.458003 1.897545 -0.253461 -0.222256 -0.588102 -0.345535 -0.252432 -0.244898 0.027260 0.372543 0.774215 0.806027 -0.714049 -0.307294 -0.380317 -0.380420 0.040966 0.259941 -0.097801 0.124806 0.072714 211.000000
4.240000 -0.695148 -0.707267 2.533545 5.562179 0.400971 0.428421 -7.257020 -4.134196 0.409070 0.394116 3.447968 2.311355 0.772369 0.830249 -14.326426 4.920338 -0.273050 -0.153165 -3.489906 -2.307287 -0.090953 -0.011986 -3.209231 -1.940499 -0.529630 -0.515937 -2.449986 -2.237350 -0.100074 -0.086319 -3.688190 0.984868 -0.231796 -0.246727 1.549239 -2.144122 0.627530 0.795727 -36.033337 21.107396 -0.613530 -0.326066 -7.750664 -10.395316 0.005458 0.069316 -2.068219 -1.925405 0.122243 0.122681 -0.897672 -1.352542 -0.029000 -0.030524 0.571387 1.166962 -0.002557 -0.059599 -0.396758 0.243480 0.308131 0.250985 1.079978 0.349273 -0.424310 -0.384925 0.401115 -0.729636 0.455301 0.417411 -1.345411 -0.494837 0.113393 0.108438 -0.074877 0.574022 0.219402 0.210878 0.929761 1.458003 -0.252152 -0.226358 -0.503875 -0.307681 -0.235937 -0.244704 0.098363 0.280421 0.753579 0.800180 -0.820409 -0.377508 -0.374506 -0.379754 0.034213 0.336542 -0.103009 0.116815 0.063231 212.000000
4.260000 -0.703831 -0.706412 0.225025 2.533545 0.403935 0.439275 -8.356619 -5.352494 0.421123 0.396410 4.182160 1.904526 0.748519 0.845040 -20.897351 9.682925 -0.321364 -0.159440 -4.096471 -4.643501 -0.107036 -0.006785 -3.206078 -3.209231 -0.532653 -0.517481 -2.855895 -2.449986 -0.094479 -0.080456 -3.527864 1.069476 -0.216280 -0.236033 2.354000 -2.618714 0.618014 0.806050 -38.450083 23.612648 -0.624617 -0.331975 -8.434130 -12.420689 0.005130 0.070923 -2.141781 -2.068219 0.136269 0.127823 0.955692 -0.734529 -0.029751 -0.032689 1.010712 0.163142 0.008333 -0.040199 -1.097686 -0.396758 0.303594 0.257794 0.985434 0.339431 -0.439391 -0.398333 0.372482 -0.740547 0.465462 0.436934 -1.651992 -0.635267 0.109837 0.109436 -0.058151 0.710144 0.196559 0.205729 0.529845 0.929761 -0.245525 -0.228788 -0.451035 -0.301119 -0.210941 -0.239865 0.157767 0.202756 0.736913 0.791939 -0.863280 -0.427311 -0.367762 -0.377648 0.010948 0.393098 -0.106203 0.111512 0.053068 213.000000
4.280000 -0.697807 -0.701752 -0.103845 0.225025 0.412281 0.446710 -7.696205 -6.269389 0.431280 0.406826 2.995791 2.087230 0.750075 0.850041 -20.044366 13.406328 -0.336463 -0.165876 -4.634051 -7.491023 -0.114581 -0.006645 -3.184886 -3.206078 -0.533388 -0.519068 -2.649094 -2.855895 -0.089845 -0.075030 -3.733443 0.586932 -0.197418 -0.222002 2.718056 -2.940932 0.617569 0.806127 -37.069107 25.314483 -0.613832 -0.332240 -8.661630 -13.135599 0.001385 0.072582 -2.302992 -2.141781 0.142902 0.132660 1.265890 -0.027510 -0.026981 -0.032247 0.875797 -0.983202 0.028491 -0.019605 -1.212106 -1.097686 0.299256 0.261850 1.085301 0.306476 -0.463908 -0.413396 0.350653 -0.678958 0.478251 0.455433 -1.649272 -0.796920 0.105182 0.109097 -0.036675 0.855071 0.176443 0.199017 0.212923 0.529845 -0.244162 -0.229481 -0.567082 -0.304401 -0.187264 -0.230348 0.067368 0.146634 0.722413 0.782112 -0.848271 -0.437114 -0.361593 -0.374381 -0.019930 0.426166 -0.106732 0.110219 0.040981 214.000000
4.300000 -0.686168 -0.693745 0.282373 -0.103845 0.424030 0.451371 -5.873670 -5.345998 0.440392 0.423850 0.682311 2.350207 0.761991 0.846378 -15.912771 13.367967 -0.314000 -0.169255 -4.095245 -6.676398 -0.110218 -0.007282 -2.998998 -3.184886 -0.533798 -0.521301 -2.154855 -2.649094 -0.088921 -0.069375 -4.674281 0.507693 -0.176221 -0.204099 2.888863 -3.225749 0.625204 0.798135 -32.985395 24.788251 -0.581453 -0.327686 -8.226073 -12.280856 -0.007636 0.074220 -2.623944 -2.302992 0.144860 0.137881 0.539141 0.195047 -0.021302 -0.027475 0.489339 -1.070843 0.050719 0.001239 -1.157264 -1.212106 0.304039 0.263659 1.455994 0.367324 -0.488953 -0.431145 0.461443 -0.717977 0.489780 0.471499 -1.433864 -0.806298 0.099819 0.107517 -0.013234 0.842974 0.159221 0.190859 0.085017 0.212923 -0.251995 -0.229421 -0.917223 -0.317225 -0.168464 -0.217295 -0.138477 0.249857 0.711373 0.771398 -0.771175 -0.414171 -0.357950 -0.370623 -0.052179 0.434100 -0.105418 0.112349 0.025389 215.000000
4.320000 -0.668077 -0.684495 1.998896 0.282373 0.430844 0.453251 -4.465356 -3.277990 0.448685 0.443916 -1.866486 2.595680 0.774971 0.838193 -11.284813 10.913152 -0.265535 -0.171333 -2.606995 -4.999618 -0.093918 -0.007889 -2.500010 -2.998998 -0.536957 -0.524681 -1.920870 -2.154855 -0.086205 -0.064248 -5.026925 0.892709 -0.154438 -0.183423 2.771814 -3.781572 0.634128 0.785891 -28.369680 22.431922 -0.522812 -0.320049 -6.919371 -10.553473 -0.015348 0.076081 -2.947363 -2.623944 0.146704 0.143305 -0.187234 0.024901 -0.011220 -0.019098 0.350470 -0.514240 0.079999 0.021968 -0.797257 -1.157264 0.308708 0.264332 1.725528 0.497275 -0.508237 -0.450666 0.627058 -0.958718 0.499931 0.484842 -1.181311 -0.710315 0.093244 0.104766 0.004684 0.723549 0.146043 0.181352 0.122220 0.085017 -0.256331 -0.229407 -1.051909 -0.389373 -0.151976 -0.202266 -0.285516 0.527850 0.704582 0.760616 -0.654599 -0.359498 -0.358841 -0.367392 -0.079048 0.411677 -0.102726 0.116916 0.007087 216.000000
4.340000 -0.644429 -0.674867 4.734513 1.998896 0.435501 0.451873 -2.878073 -1.299435 0.456198 0.463261 -4.037315 3.165921 0.789073 0.829009 -6.784173 7.524657 -0.216658 -0.172309 -1.053711 -3.760156 -0.075634 -0.008568 -1.922039 -2.500010 -0.538527 -0.529183 -1.233968 -1.920870 -0.079215 -0.060449 -4.162301 1.127555 -0.133357 -0.160293 2.035398 -3.899369 0.647910 0.773595 -23.417140 19.180626 -0.455377 -0.311603 -5.112568 -9.189054 -0.017075 0.078491 -3.133392 -2.947363 0.141397 0.147681 -1.866736 -0.268852 -0.001157 -0.008165 -0.060590 -0.081618 0.123912 0.043612 -0.167103 -0.797257 0.310298 0.264770 1.748234 0.549235 -0.519465 -0.469549 0.680926 -1.176293 0.511539 0.496001 -0.914237 -0.592998 0.087450 0.101104 0.030629 0.588314 0.138059 0.170608 0.415424 0.122220 -0.257485 -0.229469 -1.112914 -0.383196 -0.141009 -0.186806 -0.442327 0.668713 0.700683 0.750663 -0.586661 -0.287776 -0.362132 -0.365444 -0.074069 0.366823 -0.098612 0.122303 -0.013343 217.000000
4.360000 -0.626412 -0.664734 6.237330 4.734513 0.432661 0.448388 -2.506142 0.579621 0.470597 0.481445 -4.632802 3.457694 0.787452 0.821408 -5.846524 4.152866 -0.195079 -0.174063 -0.322638 -2.631307 -0.064222 -0.008499 -1.742502 -1.922039 -0.546044 -0.533970 -1.766357 -1.233968 -0.070767 -0.058503 -2.590821 1.063452 -0.115838 -0.136001 0.594440 -3.098850 0.651860 0.764005 -21.187208 15.399844 -0.404033 -0.304276 -3.635354 -8.017296 -0.011871 0.081650 -3.148813 -3.133392 0.138290 0.149973 -2.624583 -0.903073 0.008361 0.002703 -0.197564 0.963663 0.172737 0.067902 0.340454 -0.167103 0.307546 0.265290 1.624718 0.533654 -0.522314 -0.485336 0.630194 -1.214580 0.524006 0.506313 -0.778131 -0.472433 0.083872 0.097123 0.056035 0.441804 0.130064 0.158576 0.747275 0.415424 -0.252568 -0.229020 -1.048480 -0.335294 -0.134001 -0.172336 -0.516011 0.777621 0.702043 0.742440 -0.508091 -0.256296 -0.365055 -0.364790 -0.044476 0.330365 -0.093120 0.126819 -0.034546 218.000000
4.380000 -0.611306 -0.653916 6.942687 6.237330 0.429235 0.444617 -2.533606 1.063330 0.487403 0.499010 -4.743420 3.569472 0.780390 0.815379 -6.220164 3.156207 -0.190034 -0.176833 -0.023043 -2.690318 -0.061015 -0.006524 -1.887350 -1.742502 -0.548327 -0.537318 -1.922564 -1.766357 -0.064534 -0.057789 -1.388574 0.998190 -0.100900 -0.113196 -0.586588 -1.592630 0.641625 0.756503 -21.901958 13.218329 -0.377786 -0.298482 -2.886914 -7.968878 -0.003459 0.085502 -3.067687 -3.148813 0.134557 0.151118 -3.527998 -1.213509 0.015784 0.011051 0.057030 1.411073 0.212964 0.095478 0.392688 0.340454 0.304510 0.265297 1.627539 0.497262 -0.515016 -0.496444 0.616218 -1.127456 0.531123 0.516220 -0.823843 -0.417083 0.079641 0.093098 0.055247 0.361048 0.118933 0.145745 0.859551 0.747275 -0.244763 -0.227742 -0.921274 -0.266234 -0.122924 -0.159104 -0.446942 0.782246 0.700677 0.736206 -0.591794 -0.231808 -0.365922 -0.364852 -0.011818 0.276283 -0.087319 0.129860 -0.054403 219.000000
4.400000 -0.599860 -0.642203 6.771047 6.942687 0.423546 0.441653 -3.214881 1.104907 0.507893 0.516316 -4.124779 3.638513 0.770637 0.809387 -6.865790 3.126719 -0.189516 -0.178800 -0.081403 -3.093445 -0.062259 -0.002874 -2.185594 -1.887350 -0.553378 -0.537924 -3.210056 -1.922564 -0.060654 -0.057351 -0.693242 0.987581 -0.087728 -0.093607 -1.375065 -0.400993 0.621906 0.748914 -24.179561 13.035331 -0.376450 -0.293519 -2.962031 -8.866627 0.006876 0.089725 -2.905734 -3.067687 0.133605 0.152243 -3.961532 -1.792514 0.020712 0.016610 0.266370 1.735484 0.242891 0.125477 0.136798 0.392688 0.304333 0.264259 1.827646 0.505661 -0.496589 -0.501769 0.652375 -1.121878 0.532744 0.524895 -0.883598 -0.439545 0.073397 0.088769 0.046117 0.384298 0.102795 0.133005 0.664604 0.859551 -0.237876 -0.225661 -0.845314 -0.237166 -0.107278 -0.146227 -0.346861 0.684108 0.692038 0.730908 -0.766453 -0.289988 -0.365794 -0.365070 0.002171 0.301806 -0.082492 0.131431 -0.071651 220.000000
4.420000 -0.585043 -0.629831 7.157394 6.771047 0.416376 0.439286 -4.173646 0.454949 0.528921 0.534494 -3.698170 3.669830 0.762737 0.802861 -6.987436 3.491668 -0.177090 -0.181392 0.375676 -3.374122 -0.064406 -0.000794 -1.975364 -2.185594 -0.556667 -0.536352 -4.434496 -3.210056 -0.056355 -0.057357 0.261644 1.034153 -0.074359 -0.076718 -1.798692 0.340911 0.607651 0.739936 -24.996137 14.228367 -0.373063 -0.288681 -3.013380 -9.951194 0.018761 0.093822 -2.640197 -2.905734 0.134457 0.152810 -3.749878 -2.113951 0.024564 0.020749 0.279059 1.847581 0.268814 0.156266 -0.069421 0.136798 0.303406 0.262292 1.988792 0.587636 -0.468548 -0.500325 0.663281 -1.240010 0.530726 0.531603 -0.918327 -0.464858 0.067128 0.083978 0.053559 0.418741 0.088162 0.120863 0.457156 0.664604 -0.229406 -0.222574 -0.792563 -0.249227 -0.092663 -0.133205 -0.307446 0.596088 0.681209 0.725284 -0.866703 -0.384312 -0.364777 -0.365121 0.006961 0.382141 -0.078382 0.132398 -0.086496 221.000000
4.440000 -0.571240 -0.617154 7.388860 7.157394 0.411615 0.436139 -4.341821 -0.237738 0.550546 0.553085 -3.110335 3.935908 0.754472 0.795083 -6.906326 3.222480 -0.169808 -0.183437 0.576807 -3.764956 -0.066947 -0.000215 -2.062364 -1.975364 -0.558778 -0.533876 -5.401306 -4.434496 -0.052990 -0.058113 1.197540 0.768524 -0.062932 -0.061095 -2.501992 1.030168 0.603990 0.729760 -23.569607 14.673729 -0.376959 -0.283613 -3.313188 -10.322408 0.030355 0.097671 -2.392391 -2.640197 0.137469 0.152269 -2.891554 -2.014469 0.027880 0.025119 -0.018994 1.735410 0.291112 0.186484 -0.231502 -0.069421 0.301112 0.259734 2.063420 0.662756 -0.436376 -0.491848 0.584876 -1.326036 0.527187 0.535957 -0.888848 -0.485943 0.061304 0.078849 0.065145 0.432384 0.076574 0.109467 0.348138 0.457156 -0.225184 -0.218647 -0.870267 -0.242558 -0.079122 -0.120037 -0.312192 0.550005 0.671942 0.718740 -0.826659 -0.436832 -0.364133 -0.364962 0.000801 0.429871 -0.074213 0.133387 -0.099996 222.000000
4.460000 -0.557616 -0.604768 7.698450 7.388860 0.412123 0.432163 -3.372608 -0.615743 0.572234 0.571578 -2.444118 3.726078 0.743606 0.786731 -7.414549 3.036709 -0.163985 -0.184853 0.757351 -3.869617 -0.068366 0.000792 -2.194724 -2.062364 -0.556530 -0.531375 -5.431073 -5.401306 -0.050092 -0.059616 2.181798 0.652226 -0.054111 -0.046388 -3.539014 1.849766 0.608300 0.719512 -20.740182 14.176925 -0.384393 -0.278544 -3.659496 -9.392682 0.041352 0.101360 -2.158162 -2.392391 0.137323 0.150845 -2.517216 -1.436280 0.030645 0.029925 -0.465601 1.455274 0.318765 0.215601 -0.129789 -0.231502 0.293922 0.256847 1.929405 0.739272 -0.402198 -0.476786 0.413604 -1.324148 0.524713 0.538301 -0.820780 -0.476996 0.055289 0.073488 0.070673 0.411851 0.073569 0.098866 0.519278 0.348138 -0.225175 -0.214343 -1.070553 -0.279037 -0.071342 -0.107268 -0.400415 0.591230 0.663043 0.711189 -0.736440 -0.413730 -0.362286 -0.364512 0.003199 0.412929 -0.069887 0.134533 -0.112611 223.000000
4.480000 -0.544304 -0.593019 8.115634 7.698450 0.417243 0.428288 -1.667075 -0.464245 0.592687 0.589441 -1.797233 2.908363 0.733237 0.779633 -8.400025 3.160467 -0.156601 -0.186590 1.107799 -4.254082 -0.067571 0.002023 -2.211044 -2.194724 -0.552101 -0.529163 -4.927667 -5.431073 -0.049053 -0.061752 2.903270 0.678608 -0.046557 -0.032887 -4.528441 2.860406 0.621056 0.710964 -16.873759 13.012247 -0.393330 -0.274443 -3.904133 -7.727935 0.048127 0.104702 -2.014811 -2.158162 0.137151 0.148815 -2.068634 -1.025808 0.033018 0.034706 -0.919872 1.491408 0.345742 0.243595 -0.011651 -0.129789 0.282603 0.253690 1.641506 0.757901 -0.368343 -0.456180 0.200684 -1.171505 0.526069 0.539840 -0.767841 -0.445727 0.049472 0.067970 0.076707 0.375054 0.077359 0.089500 0.822833 0.519278 -0.223082 -0.209921 -1.175498 -0.335069 -0.067444 -0.095821 -0.457570 0.735484 0.653405 0.702579 -0.619818 -0.369819 -0.360081 -0.363672 -0.001039 0.366621 -0.065575 0.135331 -0.124408 224.000000
4.500000 -0.533003 -0.581814 8.172777 8.115634 0.424831 0.425889 0.014717 0.065079 0.615384 0.606677 -0.664476 1.732154 0.723773 0.775987 -10.214508 3.400182 -0.153939 -0.189691 1.459477 -4.999843 -0.064456 0.003090 -2.121236 -2.211044 -0.545534 -0.527635 -3.789669 -4.927667 -0.047613 -0.064825 4.009430 0.812586 -0.042845 -0.021675 -5.564118 3.715856 0.642316 0.706651 -12.550754 11.255663 -0.399039 -0.273240 -3.782280 -5.618096 0.055354 0.107035 -1.701838 -2.014811 0.136957 0.146355 -1.543843 -0.574381 0.034836 0.039196 -1.418048 1.494253 0.371567 0.270612 0.061902 -0.011651 0.272448 0.250307 1.395432 0.720411 -0.335300 -0.431447 0.007393 -0.921095 0.532217 0.541922 -0.738264 -0.422274 0.044375 0.062449 0.083765 0.345567 0.081939 0.081742 1.068462 0.822833 -0.221306 -0.205527 -1.268157 -0.358964 -0.061752 -0.085783 -0.452449 0.816534 0.642437 0.692926 -0.526885 -0.309389 -0.357788 -0.362466 -0.007979 0.310428 -0.061438 0.134970 -0.135826 225.000000
4.520000 -0.527283 -0.570842 7.145381 8.172777 0.432776 0.426212 1.039630 0.339596 0.637629 0.623664 0.414434 0.324880 0.714945 0.777811 -13.277398 4.053512 -0.156017 -0.195061 1.810792 -6.160996 -0.063010 0.003669 -2.034413 -2.121236 -0.537271 -0.527328 -1.982979 -3.789669 -0.042170 -0.070820 6.792453 0.777344 -0.045487 -0.016972 -5.883384 4.786774 0.673432 0.708992 -7.928038 9.006183 -0.401394 -0.274315 -3.598251 -3.544571 0.063256 0.105598 -0.977371 -1.701838 0.134058 0.143295 -1.409020 -0.062898 0.034851 0.042937 -2.024792 1.480946 0.390092 0.296728 -0.102291 0.061902 0.264615 0.246917 1.194647 0.694020 -0.306969 -0.404380 -0.171498 -0.701412 0.544549 0.545982 -0.756662 -0.411014 0.040785 0.057204 0.091354 0.327249 0.083900 0.075287 1.246661 1.068462 -0.223496 -0.201384 -1.471349 -0.407854 -0.053968 -0.076384 -0.473692 0.860303 0.635448 0.682898 -0.417889 -0.259453 -0.355569 -0.360977 -0.015073 0.267432 -0.057402 0.132655 -0.147655 226.000000
4.540000 -0.526571 -0.561046 5.566322 7.145381 0.437973 0.430254 0.669556 0.312598 0.654096 0.638484 1.160417 -0.727032 0.712885 0.786094 -16.297331 5.331307 -0.155474 -0.202664 2.253126 -7.946091 -0.061744 0.003626 -1.930281 -2.034413 -0.532531 -0.528023 -0.820264 -1.982979 -0.036595 -0.078309 9.468735 -0.454534 -0.049928 -0.018529 -5.672402 6.337919 0.696749 0.718618 -6.183210 6.561956 -0.405112 -0.280276 -2.713947 -1.366082 0.071026 0.101991 -0.776783 -0.977371 0.128426 0.140209 -1.928521 0.307886 0.033169 0.044375 -2.273465 1.716906 0.401548 0.321278 -0.318051 -0.102291 0.259634 0.243812 1.050751 0.683072 -0.286522 -0.377235 -0.314222 -0.511575 0.561952 0.553193 -0.830329 -0.424008 0.039235 0.052614 0.094846 0.332654 0.083754 0.069596 1.359013 1.246661 -0.225713 -0.197689 -1.639206 -0.498828 -0.046708 -0.067199 -0.517051 0.972521 0.632970 0.673695 -0.346368 -0.201408 -0.353640 -0.359321 -0.021841 0.216481 -0.054161 0.128117 -0.159419 227.000000
4.560000 -0.530896 -0.554346 3.947894 5.566322 0.440511 0.438124 -0.889631 -0.245430 0.662896 0.647812 2.110640 -0.914986 0.720417 0.800311 -18.428073 6.521909 -0.144006 -0.211641 2.954752 -9.775422 -0.059015 0.003051 -1.784853 -1.930281 -0.529534 -0.529021 0.057080 -0.820264 -0.031522 -0.084156 11.157012 -1.898167 -0.056916 -0.023131 -6.113252 7.570569 0.714788 0.733414 -6.157521 5.051075 -0.408739 -0.290729 -2.579546 -1.132135 0.077560 0.099245 -0.343012 -0.776783 0.124134 0.138016 -2.502777 0.172472 0.031264 0.042324 -1.657181 2.100993 0.400584 0.342344 -0.507180 -0.318051 0.259171 0.241515 0.949937 0.682486 -0.276315 -0.352632 -0.366492 -0.368265 0.579634 0.563413 -0.925679 -0.462587 0.039055 0.048956 0.086715 0.367741 0.085639 0.065103 1.351664 1.359013 -0.231137 -0.194762 -1.832894 -0.561078 -0.043128 -0.058755 -0.546969 1.078128 0.637401 0.666565 -0.275735 -0.162264 -0.353403 -0.357791 -0.033743 0.184105 -0.052877 0.121880 -0.169199 228.000000
4.580000 -0.538816 -0.552441 2.733045 3.947894 0.438594 0.447787 -3.300381 -1.500136 0.665609 0.649015 3.583813 -0.610505 0.728641 0.818104 -20.634951 7.080706 -0.132265 -0.220726 3.523007 -11.347368 -0.060415 0.001756 -1.716676 -1.784853 -0.534399 -0.529890 -0.769759 0.057080 -0.027506 -0.086937 12.117871 -2.521880 -0.064897 -0.028240 -6.632526 8.635132 0.716236 0.749944 -9.185146 4.941193 -0.425934 -0.300234 -2.936135 -1.216328 0.078831 0.098095 -0.620801 -0.343012 0.122943 0.136695 -2.537656 -0.422798 0.026554 0.036412 -0.967169 2.079979 0.387508 0.357324 -0.554963 -0.507180 0.266278 0.240904 0.956780 0.658214 -0.277138 -0.332965 -0.342085 -0.291723 0.591869 0.575139 -1.039304 -0.506197 0.041693 0.046560 0.080540 0.419482 0.085991 0.062957 1.038472 1.351664 -0.238996 -0.193066 -2.001560 -0.642962 -0.042910 -0.051916 -0.531020 1.189932 0.639684 0.661995 -0.374699 -0.120996 -0.355418 -0.356840 -0.041493 0.154739 -0.053810 0.114977 -0.173974 229.000000
4.600000 -0.543718 -0.555234 2.920438 2.733045 0.435357 0.456923 -5.579654 -3.442097 0.661337 0.643221 4.745464 -0.141716 0.745458 0.836223 -20.767230 7.773864 -0.110747 -0.228536 4.236359 -12.861087 -0.060758 0.000409 -1.713037 -1.716676 -0.539291 -0.530583 -1.627564 -0.769759 -0.026783 -0.087587 12.171150 -2.742672 -0.071074 -0.033461 -6.809387 9.375199 0.713936 0.765329 -12.443273 6.712463 -0.448105 -0.307041 -3.717488 -2.472684 0.078562 0.100418 -1.041374 -0.620801 0.124347 0.135446 -1.961036 -0.785243 0.021278 0.028615 -0.364279 1.752412 0.368948 0.364432 -0.343204 -0.554963 0.276308 0.242568 0.943797 0.649432 -0.284845 -0.319503 -0.243672 -0.307348 0.597596 0.586338 -1.097868 -0.559922 0.046687 0.045754 0.064682 0.479382 0.087105 0.063900 0.566330 1.038472 -0.245955 -0.192982 -2.024660 -0.735270 -0.046044 -0.047328 -0.480864 1.266290 0.638945 0.659459 -0.560660 -0.166603 -0.357296 -0.356598 -0.028079 0.208096 -0.056130 0.108754 -0.173303 230.000000
4.620000 -0.552354 -0.561469 2.844987 2.920438 0.432316 0.463981 -7.233736 -5.162559 0.651679 0.631922 5.811811 0.417095 0.760407 0.852516 -20.668241 7.324964 -0.101974 -0.234443 4.477137 -13.442266 -0.063230 -0.000577 -1.795514 -1.713037 -0.535776 -0.530512 -1.115033 -1.627564 -0.025729 -0.087666 12.382513 -2.680882 -0.079590 -0.040194 -6.848477 9.490269 0.715784 0.778485 -14.347438 8.905663 -0.477448 -0.311344 -4.646966 -3.537610 0.076282 0.105021 -1.371532 -1.041374 0.124856 0.134032 -1.560281 -0.798379 0.016406 0.020468 0.263578 1.162657 0.351269 0.363391 0.177574 -0.343204 0.279330 0.246151 0.697481 0.593734 -0.299944 -0.312446 -0.190130 -0.350063 0.599108 0.595658 -1.088076 -0.581275 0.052175 0.046521 0.033926 0.516593 0.096472 0.068190 0.256772 0.566330 -0.250365 -0.194642 -1.879846 -0.771898 -0.053423 -0.045500 -0.414570 1.252762 0.641972 0.658682 -0.678935 -0.266291 -0.357374 -0.356697 -0.006235 0.294369 -0.059112 0.103490 -0.167616 231.000000
4.640000 -0.558500 -0.568926 3.105427 2.844987 0.427983 0.468224 -8.515149 -6.522773 0.640573 0.616827 7.010324 0.710962 0.771334 0.865593 -20.545332 7.101628 -0.113760 -0.238369 4.049803 -13.566613 -0.069406 -0.001257 -1.983908 -1.795514 -0.530244 -0.528442 -0.799134 -1.115033 -0.025795 -0.088103 12.529912 -2.767018 -0.089873 -0.049273 -6.771947 9.615495 0.715716 0.788929 -16.015530 10.528828 -0.510135 -0.314738 -5.546170 -3.818610 0.071909 0.109746 -1.570579 -1.371532 0.127106 0.132616 -0.840241 -0.911929 0.010880 0.012841 0.548574 0.648352 0.336705 0.355321 0.838303 0.177574 0.276933 0.250322 0.455864 0.443806 -0.316599 -0.311094 -0.132307 -0.253676 0.600123 0.603004 -1.052708 -0.561001 0.057022 0.048483 0.000338 0.527075 0.111091 0.075695 0.092131 0.256772 -0.251751 -0.197720 -1.635358 -0.732638 -0.065507 -0.046890 -0.346399 1.147208 0.650684 0.660179 -0.766801 -0.336350 -0.355391 -0.356588 0.008772 0.342585 -0.062418 0.098608 -0.157605 232.000000
4.660000 -0.567782 -0.575700 2.433391 3.105427 0.427134 0.469973 -8.726465 -7.762737 0.626786 0.599462 8.002112 0.752413 0.779908 0.875021 -20.192978 7.348709 -0.152830 -0.240601 2.796058 -13.196623 -0.077938 -0.001806 -2.228848 -1.983908 -0.520908 -0.523298 -0.455241 -0.799134 -0.030010 -0.088935 11.884025 -2.878983 -0.101135 -0.060890 -6.313335 9.650929 0.715236 0.796370 -17.158006 12.012100 -0.546866 -0.318829 -6.387931 -4.003430 0.065689 0.112767 -1.605487 -1.570579 0.129852 0.131958 -0.342564 -0.694407 0.005805 0.006361 0.619379 0.145833 0.315642 0.342043 1.204339 0.838303 0.273233 0.253632 0.385728 0.294086 -0.335394 -0.314596 -0.064294 -0.161779 0.594845 0.607553 -0.997415 -0.526523 0.059909 0.051013 -0.030473 0.526185 0.132486 0.086245 0.069959 0.092131 -0.254236 -0.201958 -1.398406 -0.644479 -0.077635 -0.051356 -0.232355 0.990879 0.663632 0.664297 -0.805745 -0.387786 -0.350988 -0.355737 0.014186 0.379014 -0.066092 0.093401 -0.144490 233.000000
4.680000 -0.577814 -0.581303 1.385702 2.433391 0.427789 0.469819 -8.302492 -8.364288 0.610759 0.580977 8.564459 0.362177 0.785285 0.881061 -19.835559 8.077736 -0.202900 -0.241472 1.193510 -12.115243 -0.085406 -0.002262 -2.453597 -2.228848 -0.515301 -0.515361 -1.249405 -0.455241 -0.038208 -0.090075 10.525668 -2.785345 -0.111957 -0.074865 -5.382405 9.098680 0.708574 0.800917 -18.984243 13.191089 -0.573777 -0.324074 -6.939125 -3.966917 0.061003 0.113005 -1.461122 -1.605487 0.131436 0.132509 -0.305426 -0.480971 0.000586 0.001400 0.335870 -0.138407 0.290912 0.325179 1.328198 1.204339 0.268621 0.255132 0.459786 0.225011 -0.355508 -0.322219 0.000930 -0.160717 0.583106 0.608260 -0.915521 -0.483471 0.061722 0.053577 -0.043530 0.513944 0.154146 0.099600 0.026292 0.069959 -0.257588 -0.207160 -1.202253 -0.583026 -0.088733 -0.058073 -0.135186 0.815380 0.674774 0.670578 -0.877584 -0.409965 -0.344743 -0.353768 0.006519 0.395779 -0.070309 0.087865 -0.129370 234.000000
4.700000 -0.587334 -0.586230 0.425461 1.385702 0.427735 0.468219 -7.807172 -8.433476 0.593003 0.562491 8.670607 -0.130983 0.787421 0.884072 -19.588520 9.056065 -0.245435 -0.241135 -0.208784 -10.779494 -0.091578 -0.002519 -2.655228 -2.453597 -0.509263 -0.505907 -2.074446 -1.249405 -0.046221 -0.091138 9.081233 -2.571632 -0.122622 -0.089948 -4.431718 7.954037 0.701150 0.802369 -20.273323 14.502170 -0.589601 -0.329067 -7.376168 -4.482073 0.055870 0.111590 -1.506151 -1.461122 0.135169 0.134243 -0.090751 -0.320648 -0.001999 -0.001788 0.191005 -0.015222 0.263779 0.306019 1.295920 1.328198 0.265360 0.254406 0.699807 0.229428 -0.371779 -0.332829 0.134857 -0.230358 0.564604 0.604420 -0.835279 -0.435995 0.062376 0.055837 -0.047868 0.479525 0.172938 0.115157 -0.123696 0.026292 -0.258277 -0.212906 -0.954937 -0.533534 -0.097424 -0.066065 -0.031047 0.668719 0.683053 0.677997 -0.947310 -0.442052 -0.339838 -0.350870 -0.022367 0.435533 -0.074899 0.082776 -0.113402 235.000000
4.720000 -0.594577 -0.591142 -0.004671 0.425461 0.428541 0.465802 -7.078613 -8.238890 0.574593 0.544810 8.371070 -0.431718 0.788943 0.884649 -19.081000 9.945002 -0.265082 -0.239724 -0.939881 -9.643518 -0.095936 -0.002530 -2.810064 -2.655228 -0.501937 -0.496291 -2.476269 -2.074446 -0.052096 -0.091544 7.879229 -2.324758 -0.133972 -0.104779 -3.813468 6.756476 0.696492 0.800855 -20.508896 15.462255 -0.592182 -0.332460 -7.520963 -4.811068 0.050149 0.109818 -1.595846 -1.506151 0.138135 0.137040 -0.198636 -0.140878 -0.001850 -0.002810 0.102239 -0.050127 0.238191 0.285506 1.242572 1.295920 0.262452 0.251596 0.984573 0.282475 -0.382961 -0.344826 0.273412 -0.417332 0.540534 0.595625 -0.739937 -0.393705 0.061047 0.057450 -0.050024 0.441574 0.189409 0.132159 -0.298155 -0.123696 -0.257031 -0.218559 -0.739995 -0.461945 -0.103489 -0.074383 0.050098 0.492992 0.690020 0.685760 -0.997840 -0.462471 -0.336098 -0.347540 -0.043454 0.484838 -0.079753 0.078857 -0.097561 236.000000
4.740000 -0.598360 -0.596180 0.258929 -0.004671 0.427406 0.462859 -6.630075 -7.724842 0.557128 0.528521 7.923664 -0.646228 0.787806 0.883176 -18.713087 10.219094 -0.268692 -0.237314 -1.219993 -8.861906 -0.100492 -0.002252 -2.982698 -2.810064 -0.494701 -0.487375 -2.693536 -2.476269 -0.055449 -0.091377 7.118723 -2.032880 -0.146238 -0.118929 -3.522883 5.846349 0.691402 0.797064 -20.465279 15.684583 -0.586273 -0.334199 -7.440364 -4.824313 0.040129 0.107507 -1.756962 -1.595846 0.141661 0.140457 -0.244753 -0.150437 0.000444 -0.001529 -0.010076 0.048199 0.210046 0.264251 1.063076 1.242572 0.261556 0.247273 1.303997 0.355580 -0.390044 -0.356797 0.397360 -0.628993 0.509816 0.581784 -0.699501 -0.344956 0.059612 0.058311 -0.035989 0.394980 0.204648 0.149743 -0.419297 -0.298155 -0.253843 -0.223350 -0.597533 -0.395046 -0.108755 -0.082384 0.087367 0.344948 0.697977 0.693697 -1.027442 -0.477193 -0.333981 -0.344260 -0.056985 0.520647 -0.084625 0.076364 -0.082496 237.000000
4.760000 -0.599269 -0.601109 1.041972 0.258929 0.425329 0.459007 -6.102933 -7.276870 0.539294 0.513845 7.065268 -0.646794 0.785886 0.879569 -18.045406 10.237379 -0.256688 -0.233820 -1.080000 -8.475708 -0.100864 -0.001646 -3.048733 -2.982698 -0.490291 -0.479405 -3.261614 -2.693536 -0.059057 -0.091039 6.326960 -1.797920 -0.156500 -0.132105 -3.099328 5.320803 0.683161 0.791382 -20.705076 15.604582 -0.572908 -0.334165 -7.230688 -4.860697 0.028813 0.104822 -2.005917 -1.756962 0.144077 0.143790 -0.375515 -0.117338 0.003876 0.001815 -0.254230 0.127415 0.175339 0.242197 0.703982 1.063076 0.264028 0.242327 1.632363 0.453318 -0.394653 -0.367939 0.502850 -0.850678 0.474094 0.563101 -0.700055 -0.331756 0.058335 0.058573 -0.020365 0.367745 0.218548 0.167068 -0.460432 -0.419297 -0.249786 -0.226521 -0.588834 -0.342450 -0.115989 -0.090048 0.067163 0.255083 0.707545 0.702013 -1.045619 -0.485228 -0.333877 -0.341497 -0.062877 0.542213 -0.089057 0.075221 -0.068305 238.000000
4.780000 -0.599397 -0.605936 1.984064 1.041972 0.420353 0.453449 -5.686079 -6.584100 0.520894 0.500274 6.002558 -0.481167 0.783620 0.873669 -16.981089 9.802463 -0.232294 -0.229021 -0.624310 -8.242943 -0.099458 -0.000516 -3.094825 -3.048733 -0.485847 -0.472278 -3.689092 -3.261614 -0.063364 -0.091172 5.601958 -1.613816 -0.166534 -0.144546 -2.683383 4.713144 0.675777 0.784065 -20.496082 15.573095 -0.551580 -0.332094 -6.856908 -5.131981 0.019260 0.102529 -2.293853 -2.005917 0.146129 0.146400 -0.359152 -0.060643 0.008962 0.006408 -0.287120 0.314872 0.136906 0.218687 0.380563 0.703982 0.269258 0.237698 1.923005 0.564757 -0.396360 -0.377784 0.610611 -1.067607 0.437228 0.540329 -0.705273 -0.339845 0.057254 0.058429 -0.008110 0.360210 0.231612 0.183465 -0.428403 -0.460432 -0.245313 -0.227582 -0.694639 -0.327998 -0.126602 -0.097892 0.022370 0.260836 0.721174 0.711150 -1.018900 -0.491371 -0.334875 -0.339534 -0.055726 0.554248 -0.092593 0.075285 -0.054345 239.000000
4.800000 -0.599996 -0.610952 2.908535 1.984064 0.413288 0.445398 -5.101523 -5.844319 0.501987 0.486529 5.058226 -0.158239 0.777035 0.865442 -16.302078 8.941296 -0.206344 -0.222920 -0.163657 -8.039793 -0.098050 0.001013 -3.137248 -3.094825 -0.481063 -0.465465 -4.082535 -3.689092 -0.068643 -0.092477 4.995929 -1.459287 -0.178272 -0.157478 -2.304768 4.142671 0.666566 0.775197 -20.325347 15.198729 -0.529508 -0.327933 -6.525580 -5.297353 0.011939 0.101348 -2.607401 -2.293853 0.147555 0.148163 -0.316201 -0.036016 0.014056 0.011016 -0.147262 0.323136 0.098809 0.193072 0.225197 0.380563 0.272172 0.233898 2.054132 0.656197 -0.395130 -0.385797 0.675985 -1.266808 0.400334 0.514391 -0.715677 -0.348582 0.057599 0.058197 0.005906 0.356692 0.243517 0.198537 -0.346611 -0.428403 -0.241050 -0.226496 -0.872769 -0.358504 -0.140335 -0.106566 -0.021184 0.336134 0.736579 0.721516 -1.010543 -0.481587 -0.337514 -0.338547 -0.047153 0.537313 -0.095091 0.076351 -0.039309 240.000000
4.820000 -0.600777 -0.616222 3.836894 2.908535 0.402565 0.434425 -4.614665 -5.079874 0.481903 0.471798 4.146096 0.021648 0.767930 0.854676 -15.580061 8.269199 -0.178441 -0.215290 0.287253 -8.032879 -0.093681 0.003043 -3.117324 -3.137248 -0.476015 -0.458384 -4.546563 -4.082535 -0.074854 -0.095249 4.516383 -1.345581 -0.191503 -0.171829 -1.866988 3.650348 0.654563 0.764472 -20.279507 14.874142 -0.503881 -0.321342 -6.217137 -5.451204 0.008508 0.102018 -2.943108 -2.607401 0.147614 0.149143 -0.384208 -0.084470 0.019074 0.014901 0.173461 0.231731 0.062355 0.165097 0.243349 0.225197 0.272277 0.230917 2.063727 0.689074 -0.389925 -0.391322 0.699527 -1.365059 0.364480 0.486157 -0.714110 -0.360792 0.058523 0.058150 0.008417 0.354885 0.254081 0.212187 -0.267516 -0.346611 -0.235779 -0.223486 -1.050350 -0.425793 -0.155839 -0.116508 -0.039352 0.446976 0.751254 0.733047 -1.036943 -0.481695 -0.341122 -0.338623 -0.032146 0.528848 -0.096615 0.078273 -0.022208 241.000000
4.840000 -0.602355 -0.621474 4.543140 3.836894 0.389065 0.420963 -4.325807 -4.380381 0.461938 0.456266 3.324163 0.234285 0.753748 0.841061 -15.242685 7.582633 -0.161137 -0.206002 0.345910 -7.997427 -0.090814 0.005502 -3.155448 -3.117324 -0.470697 -0.450995 -4.997433 -4.546563 -0.079591 -0.099758 4.726083 -1.324698 -0.208077 -0.189014 -1.228697 3.191685 0.641222 0.752502 -20.395836 14.628526 -0.485845 -0.315499 -5.647525 -5.650981 0.006817 0.103155 -2.945906 -2.943108 0.146953 0.149731 -0.617616 -0.278834 0.023679 0.018651 0.286246 0.105374 0.026377 0.134836 0.327417 0.243349 0.269941 0.228310 2.051360 0.682100 -0.383130 -0.394036 0.660515 -1.381627 0.329471 0.456436 -0.721386 -0.361263 0.059991 0.058412 0.006532 0.352846 0.265346 0.224566 -0.131735 -0.267516 -0.231285 -0.219091 -1.207701 -0.505499 -0.171173 -0.127700 -0.035871 0.544851 0.764441 0.745282 -1.067381 -0.502398 -0.345529 -0.339731 -0.015692 0.534544 -0.097432 0.081049 -0.003231 242.000000
4.860000 -0.605175 -0.626468 4.938998 4.543140 0.371333 0.405221 -4.370223 -3.824985 0.443738 0.440610 2.785948 0.500822 0.738906 0.824163 -14.316693 7.371595 -0.150741 -0.194856 0.135316 -7.871089 -0.086124 0.008359 -3.134843 -3.155448 -0.466669 -0.443658 -5.599631 -4.997433 -0.085680 -0.105340 4.740136 -1.748693 -0.224581 -0.207989 -0.614510 2.977390 0.624878 0.738846 -20.643174 14.275432 -0.467919 -0.309607 -5.387257 -6.120405 0.008209 0.103937 -2.920999 -2.945906 0.144660 0.149706 -0.934482 -0.451931 0.027879 0.022636 0.280104 0.165685 -0.010477 0.102945 0.331067 0.327417 0.266633 0.225821 2.009216 0.695423 -0.371311 -0.393583 0.619596 -1.355937 0.293019 0.425137 -0.698017 -0.363959 0.062174 0.059075 0.003396 0.357427 0.276022 0.235729 0.027353 -0.131735 -0.226900 -0.213783 -1.353919 -0.585915 -0.183892 -0.139521 -0.024782 0.621786 0.771755 0.757174 -1.115216 -0.525844 -0.349199 -0.341619 0.007099 0.541536 -0.097578 0.084917 0.016963 243.000000
4.880000 -0.606683 -0.631105 5.512552 4.938998 0.352519 0.386864 -4.082021 -3.578085 0.425218 0.425357 2.059473 0.792138 0.724272 0.803826 -12.690004 7.060648 -0.152334 -0.181809 -0.475062 -7.256044 -0.080659 0.011614 -3.094519 -3.134843 -0.462069 -0.437110 -5.834290 -5.599631 -0.093798 -0.111926 4.590712 -2.062813 -0.242072 -0.227385 -0.197315 2.677323 0.610349 0.723712 -20.361982 14.211187 -0.454395 -0.302684 -5.273066 -6.431987 0.013486 0.104462 -2.708561 -2.920999 0.139979 0.148251 -1.338636 -0.607293 0.032012 0.026758 0.268193 0.327189 -0.047758 0.070195 0.243859 0.331067 0.263552 0.223320 1.998570 0.694810 -0.350854 -0.389137 0.614687 -1.314406 0.253342 0.391877 -0.665277 -0.350707 0.063910 0.060075 -0.007032 0.347311 0.285432 0.245677 0.180280 0.027353 -0.225913 -0.208123 -1.542674 -0.664568 -0.193557 -0.151065 -0.038939 0.689351 0.776100 0.767648 -1.102865 -0.561157 -0.352536 -0.343971 0.021592 0.554059 -0.096508 0.090150 0.037982 244.000000
4.900000 -0.609280 -0.635299 5.772605 5.512552 0.333623 0.365825 -3.272293 -3.070747 0.409239 0.411004 1.576440 1.011274 0.706133 0.780461 -11.233509 6.687997 -0.167512 -0.167284 -1.497772 -6.002007 -0.077002 0.015078 -3.143488 -3.094519 -0.458287 -0.432093 -5.819354 -5.834290 -0.104540 -0.120048 4.316962 -2.196698 -0.260395 -0.246777 -0.009281 2.394013 0.598002 0.708374 -19.800847 13.988145 -0.451264 -0.295351 -5.422061 -6.373837 0.022258 0.104189 -2.413911 -2.708561 0.131961 0.144534 -1.825259 -0.803415 0.034835 0.030699 0.091466 0.535221 -0.086142 0.037145 0.059509 0.243859 0.258956 0.220733 1.935647 0.691942 -0.324380 -0.379915 0.570225 -1.306629 0.210969 0.356393 -0.624107 -0.329123 0.065671 0.061291 -0.012666 0.336155 0.297837 0.254614 0.439046 0.180280 -0.228754 -0.202853 -1.756493 -0.751868 -0.199925 -0.161475 -0.084493 0.790806 0.775793 0.775842 -1.052105 -0.562229 -0.354013 -0.346370 0.037629 0.540636 -0.093753 0.096738 0.059611 245.000000
4.920000 -0.610063 -0.639064 6.335858 5.772605 0.315814 0.342766 -2.010424 -2.424367 0.394617 0.398132 1.004376 0.847926 0.686390 0.754905 -9.849928 6.698146 -0.191160 -0.151760 -2.726063 -4.535363 -0.074330 0.018951 -3.120286 -3.143488 -0.457700 -0.429219 -5.934251 -5.819354 -0.117946 -0.129752 3.776778 -2.153840 -0.277006 -0.265382 0.226092 2.163122 0.585639 0.693917 -19.569574 13.815152 -0.457557 -0.288027 -5.805252 -5.985695 0.032716 0.104004 -2.118211 -2.413911 0.122909 0.138164 -1.987474 -0.958363 0.036208 0.034379 -0.316380 0.866896 -0.124923 0.004079 -0.179407 0.059509 0.253114 0.217999 1.839973 0.682711 -0.295467 -0.365843 0.465700 -1.252936 0.168504 0.319107 -0.608586 -0.305721 0.067187 0.062627 -0.017334 0.318386 0.310947 0.262857 0.725274 0.439046 -0.229453 -0.198623 -1.762694 -0.836000 -0.202680 -0.170169 -0.121019 0.920493 0.773151 0.781213 -0.941327 -0.544867 -0.352933 -0.348250 0.048367 0.507238 -0.089149 0.104565 0.081314 246.000000
4.940000 -0.611449 -0.642975 6.919507 6.335858 0.301845 0.319450 -0.234122 -1.507400 0.381258 0.386501 0.554938 0.503024 0.667897 0.729485 -8.683760 6.893181 -0.219188 -0.136586 -3.926985 -2.956747 -0.073651 0.020960 -2.923682 -3.120286 -0.454846 -0.428772 -5.097667 -5.934251 -0.127991 -0.140169 3.849293 -2.001435 -0.293617 -0.282327 -0.031953 1.775343 0.586523 0.681728 -17.409469 13.976178 -0.466397 -0.281393 -6.158703 -5.593395 0.040191 0.103704 -1.842672 -2.118211 0.110495 0.129486 -2.432665 -0.835547 0.036196 0.037424 -0.763459 1.151927 -0.158441 -0.028787 -0.256793 -0.179407 0.241757 0.214991 1.554254 0.687137 -0.267192 -0.347505 0.281431 -1.152836 0.132232 0.281370 -0.556382 -0.295626 0.068556 0.064001 -0.019758 0.312960 0.327776 0.270679 1.120297 0.725274 -0.227696 -0.195735 -1.606585 -0.820837 -0.201900 -0.176780 -0.149272 0.941857 0.770718 0.783855 -0.765861 -0.494847 -0.350860 -0.349285 0.040806 0.446480 -0.083237 0.113168 0.102481 247.000000
4.960000 -0.616747 -0.647972 7.093501 6.919507 0.291631 0.298045 1.562151 -0.394530 0.369445 0.375050 0.491596 -0.160408 0.650942 0.707486 -8.457673 7.177164 -0.242224 -0.122722 -4.797756 -1.506597 -0.072472 0.021056 -2.753034 -2.923682 -0.449770 -0.430872 -3.293504 -5.097667 -0.134998 -0.150270 4.419272 -1.908670 -0.312590 -0.297426 -0.977108 1.940623 0.603941 0.674407 -13.393419 13.151318 -0.469755 -0.277454 -5.986472 -4.258151 0.046133 0.102765 -1.557769 -1.842672 0.097033 0.119139 -2.836521 -0.834603 0.037855 0.039527 -0.692191 1.598062 -0.176020 -0.060985 0.171456 -0.256793 0.231101 0.211645 1.304118 0.636412 -0.239006 -0.325798 0.095416 -0.917843 0.105835 0.244919 -0.436743 -0.268312 0.070536 0.065459 -0.017589 0.288070 0.348006 0.278937 1.463391 1.120297 -0.226942 -0.194136 -1.466844 -0.728657 -0.197329 -0.180989 -0.169992 0.877929 0.765491 0.783911 -0.605754 -0.403334 -0.347148 -0.349305 0.031428 0.362528 -0.077124 0.121599 0.122955 248.000000
4.980000 -0.620720 -0.654559 7.831514 7.093501 0.285442 0.281529 2.737075 0.535278 0.356430 0.363622 0.188557 -1.026874 0.641553 0.693033 -8.810485 7.692816 -0.248754 -0.112052 -4.945162 -0.764857 -0.070524 0.020583 -2.696590 -2.753034 -0.440508 -0.434609 -0.577566 -3.293504 -0.136222 -0.159867 6.003173 -1.721082 -0.332780 -0.312969 -1.709517 2.698190 0.636001 0.675228 -8.527067 11.018942 -0.466846 -0.280000 -5.056181 -2.374477 0.053752 0.099686 -0.968226 -1.557769 0.082122 0.107957 -3.484137 -1.072165 0.039334 0.040179 -0.261686 1.764356 -0.173935 -0.091156 1.017181 0.171456 0.219687 0.208002 1.023203 0.604351 -0.213823 -0.301747 -0.137325 -0.699767 0.092561 0.212243 -0.327838 -0.209577 0.073276 0.067142 -0.016739 0.227166 0.367725 0.288439 1.652447 1.463391 -0.229442 -0.193705 -1.426365 -0.648426 -0.189713 -0.182488 -0.219385 0.818418 0.759437 0.781856 -0.505301 -0.318591 -0.341849 -0.348155 0.018534 0.287163 -0.072178 0.128384 0.142971 249.000000
5.000000 -0.632955 -0.663192 7.459464 7.831514 0.279005 0.271045 2.717505 1.274259 0.345055 0.350529 0.965350 -1.462816 0.635017 0.688828 -10.867405 7.975649 -0.231777 -0.105589 -4.176979 -0.834836 -0.071708 0.020865 -2.862065 -2.696590 -0.434821 -0.438414 1.275478 -0.577566 -0.135816 -0.168582 7.685652 -2.146828 -0.355505 -0.330659 -2.382016 3.856345 0.666726 0.685153 -5.670878 7.914096 -0.464396 -0.289805 -4.039560 -0.612971 0.063088 0.094115 -0.326242 -0.968226 0.070581 0.096577 -3.479419 -1.611225 0.040207 0.038926 0.398702 1.872911 -0.165916 -0.117452 1.704834 1.017181 0.206342 0.204049 0.702267 0.580264 -0.192869 -0.276703 -0.356546 -0.442939 0.085724 0.184729 -0.299893 -0.155550 0.076537 0.069160 -0.020165 0.172289 0.383903 0.299418 1.644693 1.652447 -0.232880 -0.194305 -1.408216 -0.603490 -0.178259 -0.181087 -0.250885 0.822875 0.754633 0.778566 -0.443333 -0.261917 -0.336289 -0.345889 -0.003592 0.243383 -0.069577 0.132100 0.163014 250.000000
5.020000 -0.647727 -0.673825 6.853256 7.459464 0.272598 0.265691 1.835081 0.876077 0.338387 0.334728 3.128413 -1.841427 0.625959 0.693704 -14.763412 8.449482 -0.219692 -0.102491 -3.653245 -2.417923 -0.083001 0.022536 -3.394806 -2.862065 -0.434174 -0.441032 1.689824 1.275478 -0.135435 -0.175821 8.956768 -2.651818 -0.379605 -0.350555 -2.961687 5.033834 0.683990 0.701341 -6.094287 5.752001 -0.478783 -0.303801 -3.817918 0.081123 0.069540 0.087881 0.027830 -0.326242 0.063972 0.085355 -2.574752 -1.939060 0.034993 0.035073 0.549540 1.540358 -0.168510 -0.138197 1.530136 1.704834 0.198913 0.200058 0.532079 0.529406 -0.175622 -0.252031 -0.513206 -0.172860 0.075818 0.161901 -0.444389 -0.139864 0.080084 0.071537 -0.025712 0.160029 0.390448 0.310738 1.520666 1.644693 -0.247616 -0.196158 -1.705018 -0.578665 -0.166204 -0.176790 -0.352619 0.829551 0.747315 0.774714 -0.515009 -0.219870 -0.330845 -0.342751 -0.024323 0.223462 -0.069639 0.132803 0.183222 251.000000
5.040000 -0.667917 -0.685980 5.483078 6.853256 0.266339 0.264265 0.410954 -0.646666 0.334428 0.318415 5.510211 -2.481747 0.622043 0.703315 -17.851022 10.019349 -0.200025 -0.100337 -3.093417 -4.744063 -0.099744 0.024738 -3.960474 -3.394806 -0.443581 -0.442544 0.055935 1.689824 -0.145427 -0.181077 7.732455 -2.997540 -0.399394 -0.371267 -2.761003 5.959227 0.677342 0.718561 -10.685477 5.803681 -0.505933 -0.316365 -4.658791 -0.290607 0.071036 0.083592 -0.093838 0.027830 0.063204 0.074512 -0.622605 -1.562146 0.024812 0.028094 0.347328 1.012606 -0.193470 -0.153106 0.356288 1.530136 0.195577 0.196696 0.415791 0.522643 -0.162768 -0.229108 -0.567383 -0.009436 0.052472 0.140983 -0.703562 -0.209339 0.083497 0.074204 -0.032634 0.235051 0.384718 0.320332 1.293723 1.520666 -0.265514 -0.199889 -1.951959 -0.676199 -0.154806 -0.170206 -0.438909 1.028818 0.736947 0.770131 -0.600929 -0.245343 -0.325438 -0.338986 -0.039428 0.269666 -0.071825 0.132033 0.203118 252.000000
5.060000 -0.683897 -0.699812 5.189423 5.483078 0.263888 0.266100 -1.185919 -2.549628 0.328263 0.303359 6.668880 -2.960583 0.638761 0.715050 -16.911071 11.158958 -0.165385 -0.099790 -2.374117 -6.692064 -0.116939 0.025138 -4.213682 -3.960474 -0.446338 -0.444057 -0.230162 0.055935 -0.159599 -0.183954 5.030742 -2.485726 -0.414069 -0.391135 -1.831143 5.246729 0.669602 0.733095 -14.627939 8.706386 -0.535374 -0.323778 -5.861281 -1.979092 0.070250 0.082932 -0.491104 -0.093838 0.066555 0.065063 1.535643 -0.484967 0.014964 0.019245 0.386552 0.137639 -0.218135 -0.163776 -0.726593 0.356288 0.195858 0.194083 0.438110 0.491587 -0.152771 -0.209067 -0.491614 0.075796 0.023816 0.120210 -0.959309 -0.335464 0.086566 0.077030 -0.038390 0.368098 0.368001 0.326571 0.924203 1.293723 -0.279026 -0.206040 -1.849330 -0.756525 -0.144931 -0.162492 -0.446663 1.195434 0.728400 0.764734 -0.615010 -0.280750 -0.319740 -0.334733 -0.048532 0.320178 -0.075460 0.131749 0.221232 253.000000
5.080000 -0.704982 -0.715648 4.587952 5.189423 0.259293 0.271845 -3.516110 -3.927400 0.320811 0.290687 7.767879 -2.741480 0.666745 0.728065 -14.277283 10.169647 -0.122106 -0.099367 -0.580292 -6.741423 -0.135030 0.021718 -4.218920 -4.213682 -0.450272 -0.445962 -0.454829 -0.230162 -0.172074 -0.183833 2.174437 -1.599799 -0.425865 -0.409871 -0.675159 3.430942 0.656355 0.744054 -18.971433 11.545814 -0.570164 -0.325828 -7.356199 -3.082125 0.068261 0.086100 -1.003559 -0.491104 0.072786 0.059272 3.378116 0.574545 0.006676 0.009337 0.781052 -0.961098 -0.235841 -0.172046 -1.339678 -0.726593 0.198578 0.191947 0.565884 0.464862 -0.146701 -0.192569 -0.361091 0.026752 -0.001476 0.099297 -1.134518 -0.460460 0.089228 0.079876 -0.041788 0.498849 0.342819 0.328646 0.519657 0.924203 -0.280811 -0.214499 -1.309171 -0.701334 -0.135690 -0.154796 -0.329876 1.147996 0.726168 0.759305 -0.560709 -0.283239 -0.314949 -0.330210 -0.061022 0.331771 -0.081069 0.132514 0.237317 254.000000
5.100000 -0.727439 -0.734919 4.493519 4.587952 0.260382 0.280979 -5.683913 -5.641994 0.305775 0.279525 6.698512 -2.125885 0.713956 0.743474 -8.323814 7.557613 -0.052707 -0.098930 1.448581 -6.719671 -0.150240 0.013756 -4.105141 -4.218920 -0.452958 -0.449205 -0.078952 -0.454829 -0.185433 -0.180739 -1.540633 -0.749639 -0.432556 -0.427181 1.316206 1.424798 0.641776 0.752830 -23.642645 14.796892 -0.608220 -0.324368 -8.528922 -4.174541 0.062600 0.091280 -1.071134 -1.003559 0.075688 0.058487 3.280776 1.298532 0.000116 -0.000537 1.406682 -2.079584 -0.250489 -0.179743 -1.601186 -1.339678 0.206896 0.190280 0.890863 0.463487 -0.145906 -0.180204 -0.179039 -0.102396 -0.022551 0.078574 -1.204177 -0.546365 0.090152 0.082459 -0.049064 0.588153 0.312540 0.326254 0.069057 0.519657 -0.276471 -0.224220 -0.634433 -0.489647 -0.126112 -0.147583 -0.164785 0.819524 0.732499 0.755456 -0.505832 -0.249843 -0.312148 -0.325842 -0.074230 0.310865 -0.088665 0.134682 0.251642 255.000000
5.120000 -0.752058 -0.759321 5.159618 4.493519 0.272512 0.294060 -6.537165 -6.191212 0.282942 0.269654 3.672335 -0.507299 0.779722 0.764626 -0.335503 3.116031 0.044024 -0.099980 4.737636 -5.207783 -0.164920 -0.001729 -2.879868 -4.105141 -0.457638 -0.454414 0.193773 -0.078952 -0.200748 -0.174822 -6.207662 0.112213 -0.436769 -0.444237 3.961990 -1.428419 0.626299 0.764127 -29.460740 17.979204 -0.656698 -0.327721 -9.343319 -5.663441 0.047779 0.089161 -0.849897 -1.071134 0.074888 0.063684 1.170885 0.937047 -0.006312 -0.010101 2.092031 -2.343729 -0.252307 -0.187778 -1.316251 -1.601186 0.223634 0.189529 1.381301 0.534951 -0.150716 -0.172415 0.008380 -0.355912 -0.032708 0.059346 -1.079137 -0.577556 0.089075 0.084384 -0.051205 0.626621 0.281958 0.319441 -0.250215 0.069057 -0.275907 -0.234304 -0.208301 -0.234824 -0.119577 -0.140910 -0.091034 0.399609 0.740737 0.754384 -0.571562 -0.215801 -0.311440 -0.322102 -0.079024 0.290031 -0.099087 0.137606 0.265157 256.000000
5.140000 -0.780230 -0.793208 8.237955 5.159618 0.296686 0.310591 -5.315695 -5.104750 0.254912 0.256213 2.152825 1.432415 0.862678 0.799683 6.316923 -3.252822 0.165542 -0.094413 6.466849 -3.588325 -0.179403 -0.027190 -1.803486 -2.879868 -0.473481 -0.461655 -1.110458 0.193773 -0.221230 -0.168011 -11.463942 1.122836 -0.436505 -0.458957 6.192527 -5.084826 0.602169 0.779250 -38.003701 21.476246 -0.717534 -0.334891 -10.657582 -7.984494 0.021582 0.084489 -1.422280 -0.849897 0.068259 0.071389 -1.518290 -0.460573 -0.016103 -0.018249 1.271337 -1.631458 -0.242677 -0.195517 -0.807098 -1.316251 0.243783 0.191510 1.536662 0.686460 -0.163055 -0.169283 0.049270 -0.694841 -0.033915 0.042695 -0.955446 -0.513966 0.089596 0.085760 -0.029408 0.565171 0.262907 0.308603 0.046270 -0.250215 -0.276444 -0.243309 -0.156579 -0.058634 -0.115247 -0.134677 -0.125386 0.149668 0.737692 0.754888 -0.818202 -0.246269 -0.312106 -0.319294 -0.070509 0.325293 -0.111164 0.140331 0.277519 257.000000
5.160000 -0.824206 -0.841444 10.938533 8.237955 0.333458 0.328912 -1.904373 -3.734260 0.219072 0.232750 0.932140 1.581435 0.957559 0.863097 7.894754 -7.827527 0.293864 -0.061549 5.651228 -1.510603 -0.198480 -0.058751 -0.743144 -1.803486 -0.484935 -0.471546 -1.191676 -1.110458 -0.240983 -0.163909 -15.749868 2.635707 -0.431272 -0.465377 7.036320 -8.828235 0.586640 0.799538 -45.944983 26.696625 -0.786738 -0.344226 -12.264052 -11.307077 -0.004550 0.080224 -2.203038 -1.422280 0.047416 0.073736 -4.977486 -1.394813 -0.025487 -0.021831 -0.576118 0.123477 -0.232901 -0.200824 -0.761861 -0.807098 0.271194 0.198599 1.476066 0.743696 -0.181018 -0.170541 0.010865 -0.792966 -0.029967 0.029936 -0.921730 -0.463019 0.092649 0.087191 -0.010031 0.492427 0.257616 0.294243 0.857742 0.046270 -0.285007 -0.249905 -0.604808 -0.015596 -0.105009 -0.127567 -0.242818 0.140983 0.717962 0.753769 -1.095848 -0.373847 -0.313213 -0.317440 -0.053690 0.444356 -0.120423 0.141123 0.283580 258.000000
5.180000 -0.892141 -0.900867 10.737494 10.938533 0.363954 0.347389 0.612755 -1.418257 0.183522 0.202975 0.416496 0.486116 1.023774 0.947687 2.503960 -8.027564 0.382645 -0.013246 6.723522 -0.132810 -0.229867 -0.098136 0.294349 -0.743144 -0.499805 -0.482208 -2.030269 -1.191676 -0.258055 -0.163417 -18.734182 4.356774 -0.422492 -0.463618 7.518198 -11.393094 0.571499 0.823092 -53.846061 31.827137 -0.869061 -0.355329 -14.321611 -14.117846 -0.019388 0.077378 -2.676367 -2.203038 0.033153 0.067516 -5.318235 -2.200684 -0.029623 -0.023218 -1.160349 2.776802 -0.227784 -0.202026 -1.142209 -0.761861 0.301908 0.211729 1.290478 0.732600 -0.202918 -0.176124 0.011385 -0.743465 -0.024104 0.021745 -1.053540 -0.455850 0.094596 0.088844 -0.020306 0.465880 0.255392 0.278173 1.528364 0.857742 -0.299468 -0.254287 -1.298549 -0.180995 -0.081092 -0.117293 -0.300223 0.423813 0.658174 0.744604 -1.455479 -0.521079 -0.309442 -0.315746 -0.014607 0.574769 -0.125156 0.139022 0.283120 259.000000
5.200000 -0.954725 -0.960994 9.732219 10.737494 0.392699 0.365224 3.038074 0.098130 0.141798 0.170417 -0.937535 -0.514625 1.083937 1.032732 -1.570048 -6.106363 0.438713 0.057059 3.939817 -3.602403 -0.254566 -0.141535 0.904640 0.294349 -0.515998 -0.492350 -3.356884 -2.030269 -0.269187 -0.163605 -21.039113 5.607992 -0.405916 -0.454541 7.961527 -13.126190 0.567861 0.845780 -58.783527 37.263234 -0.908623 -0.365515 -15.346898 -16.582828 -0.027716 0.075470 -2.959041 -2.676367 0.018233 0.054804 -4.996220 -2.078943 -0.034059 -0.023161 -2.218305 3.239292 -0.218444 -0.197758 -1.823032 -1.142209 0.318819 0.229213 0.791083 0.639547 -0.218865 -0.184853 0.058164 -0.650932 -0.030944 0.015117 -1.127213 -0.516617 0.091284 0.089932 -0.050069 0.536923 0.247760 0.263102 1.596421 1.528364 -0.309411 -0.258036 -1.528758 -0.499163 -0.046542 -0.101979 -0.355138 0.799386 0.554959 0.719102 -1.690612 -0.720436 -0.298591 -0.312716 0.014957 0.735043 -0.126646 0.134959 0.276632 260.000000
5.220000 -1.009019 -1.014806 8.241917 9.732219 0.416121 0.382196 4.181611 1.987804 0.107466 0.137328 -1.324333 -1.050269 1.134131 1.105144 -3.623258 -2.059524 0.449686 0.138434 0.778236 -3.629572 -0.263636 -0.180998 1.083560 0.904640 -0.540529 -0.502325 -6.221388 -3.356884 -0.277038 -0.162310 -23.201209 6.538793 -0.387069 -0.439613 8.033412 -14.500320 0.571224 0.865225 -61.418016 40.472224 -0.914655 -0.373833 -15.518265 -18.311303 -0.024462 0.074581 -2.932097 -2.959041 0.011589 0.038726 -2.882118 -1.388958 -0.042326 -0.024469 -3.220355 3.607263 -0.196962 -0.186277 -2.564016 -1.823032 0.320155 0.248329 0.052295 0.366460 -0.221425 -0.193268 0.042088 -0.424623 -0.052279 0.005873 -1.105179 -0.538572 0.087000 0.089869 -0.040234 0.588641 0.227029 0.248299 1.416901 1.596421 -0.311318 -0.262381 -1.285943 -0.586810 -0.005798 -0.080926 -0.403980 0.941948 0.436043 0.672964 -1.451843 -0.852784 -0.282693 -0.307147 0.006522 0.837828 -0.126666 0.130344 0.264236 261.000000
5.240000 -1.041555 -1.057787 8.515516 8.241917 0.430570 0.399715 3.476658 2.752972 0.083969 0.107914 -0.842899 -1.428639 1.170924 1.157719 -3.537027 1.249742 0.436362 0.215028 -0.864372 -2.373516 -0.251011 -0.210305 1.126317 1.083560 -0.568485 -0.513079 -9.463054 -6.221388 -0.278370 -0.159256 -24.314562 7.583899 -0.372999 -0.422051 7.171151 -15.617310 0.583768 0.880214 -61.202172 41.913196 -0.864854 -0.379203 -14.207132 -19.504821 -0.008032 0.075015 -2.594907 -2.932097 0.019014 0.023525 1.181222 0.169119 -0.051044 -0.030138 -3.073108 3.051236 -0.161392 -0.167254 -2.977605 -2.564016 0.304492 0.265053 -0.579242 0.005103 -0.209528 -0.198083 0.037244 -0.047192 -0.074233 -0.005678 -1.230803 -0.532472 0.084747 0.088978 -0.008599 0.572707 0.207075 0.232306 1.457116 1.416901 -0.300362 -0.267342 -0.594684 -0.440981 0.025386 -0.056378 -0.436689 0.844961 0.324257 0.607907 -0.763697 -0.729183 -0.268275 -0.299146 -0.051465 0.722660 -0.126658 0.127275 0.247603 262.000000
5.260000 -1.063967 -1.088990 8.617980 8.515516 0.448997 0.417523 3.526249 2.159778 0.065795 0.084550 -0.773398 -1.316879 1.191928 1.190505 -3.044598 2.392590 0.420376 0.273359 -0.815114 -1.144437 -0.212653 -0.225447 1.195277 1.126317 -0.572100 -0.523462 -8.313330 -9.463054 -0.273491 -0.154443 -24.641993 8.571705 -0.367361 -0.407224 6.056156 -15.742856 0.608160 0.889626 -57.321205 40.858635 -0.757540 -0.381112 -11.213045 -20.343537 0.025998 0.077332 -1.851234 -2.594907 0.028277 0.014331 3.671226 2.127165 -0.062003 -0.042483 -1.779002 0.945943 -0.145975 -0.143107 -3.762419 -2.977605 0.271028 0.274536 -0.919165 -0.308243 -0.183490 -0.197323 0.166258 0.270999 -0.106536 -0.019193 -1.626408 -0.611102 0.088286 0.088405 0.031179 0.619701 0.172452 0.214355 1.091574 1.457116 -0.266510 -0.271299 0.579391 -0.078998 0.055369 -0.031178 -0.227087 0.515687 0.225484 0.530221 -0.179674 -0.356116 -0.261881 -0.290408 -0.131264 0.407581 -0.128586 0.127012 0.230352 263.000000
5.280000 -1.087318 -1.112202 7.827452 8.617980 0.459467 0.433839 2.844957 2.149823 0.057756 0.069764 -0.834214 -1.376426 1.193758 1.209265 -4.864507 2.110811 0.422063 0.307140 0.789848 -0.933786 -0.165890 -0.226035 1.254481 1.195277 -0.567715 -0.532454 -5.770988 -8.313330 -0.258937 -0.147630 -23.437727 9.292918 -0.371438 -0.398471 4.392737 -15.349075 0.639598 0.892803 -50.758810 36.756421 -0.587806 -0.379351 -6.470335 -20.564784 0.064322 0.080811 -0.805104 -1.851234 0.037428 0.013838 4.253260 2.725114 -0.063843 -0.058516 1.231550 -0.946112 -0.137049 -0.120181 -3.686345 -3.762419 0.228956 0.272976 -0.740340 -0.542711 -0.157801 -0.191613 0.329019 0.376453 -0.142484 -0.035467 -1.886587 -0.828794 0.098531 0.089625 0.050278 0.797614 0.118226 0.194460 0.008108 1.091574 -0.240614 -0.271563 0.929618 0.403239 0.074160 -0.007509 -0.086157 -0.176152 0.146513 0.447912 0.166245 -0.024205 -0.265632 -0.283350 -0.183752 0.155469 -0.134252 0.129630 0.215019 264.000000
5.300000 -1.095407 -1.128531 8.577292 7.827452 0.457190 0.444137 1.624041 1.839585 0.049976 0.061743 -1.415441 -1.005371 1.183999 1.218776 -8.023736 1.861983 0.451749 0.321105 3.347466 -3.002524 -0.140430 -0.215425 0.863957 1.254481 -0.556936 -0.540755 -2.053467 -5.770988 -0.246845 -0.140872 -22.009996 9.522495 -0.367837 -0.393135 4.298970 -13.915232 0.663456 0.891016 -44.971170 30.050987 -0.470654 -0.375004 -3.410392 -20.707823 0.079836 0.083063 -0.377501 -0.805104 0.040153 0.018370 3.659407 1.510855 -0.063057 -0.071928 3.380089 -2.742405 -0.150383 -0.105182 -3.316266 -3.686345 0.209996 0.261391 0.159839 -0.534679 -0.148880 -0.184506 0.432485 0.205660 -0.174386 -0.054135 -2.054309 -0.968433 0.104465 0.092515 -0.008676 0.918154 0.063477 0.172842 -1.020731 0.008108 -0.247522 -0.266808 -0.293835 0.507887 0.090184 0.014529 -0.181403 -0.421731 0.073909 0.367125 0.019282 0.174999 -0.277576 -0.279923 -0.181256 0.008754 -0.141746 0.134604 0.201565 265.000000
5.320000 -1.092443 -1.134155 8.296344 8.577292 0.457726 0.445612 2.780754 1.519741 0.043074 0.057717 -2.562971 -0.104300 1.164842 1.221850 -11.389026 1.594997 0.437670 0.317791 4.549382 -6.428738 -0.143330 -0.201409 0.400747 0.863957 -0.538029 -0.547378 2.623424 -2.053467 -0.252569 -0.137616 -23.213265 8.855513 -0.343832 -0.385486 6.945024 -13.154483 0.667215 0.885202 -42.434562 24.947888 -0.445029 -0.368076 -3.097291 -20.023282 0.073054 0.086810 -0.883991 -0.377501 0.045834 0.021155 4.698993 0.139659 -0.066771 -0.079107 3.111540 -3.519748 -0.172542 -0.100243 -2.986078 -3.316266 0.216049 0.245605 1.262667 -0.136323 -0.160418 -0.180176 0.423209 -0.296162 -0.211240 -0.075747 -2.166522 -1.022817 0.107162 0.095899 -0.047509 1.031492 0.023666 0.148676 -1.183141 -1.020731 -0.258058 -0.257682 -1.587005 -0.056216 0.109099 0.036728 -0.441847 0.237619 0.015960 0.291344 -0.135720 0.100269 -0.289840 -0.280423 -0.106388 0.080987 -0.146000 0.139656 0.188855 266.000000
5.340000 -1.084714 -1.124917 5.751278 8.296344 0.462864 0.438866 6.248680 2.671863 0.030779 0.056688 -5.088146 -0.108891 1.154533 1.217942 -11.699876 2.409859 0.362437 0.299429 4.293253 -8.979167 -0.163169 -0.192112 0.252894 0.400747 -0.522580 -0.549800 5.422338 2.623424 -0.267930 -0.137732 -25.898469 8.134120 -0.313893 -0.372871 9.677136 -15.079145 0.656130 0.874921 -41.873041 23.453525 -0.460802 -0.358848 -4.072247 -18.981037 0.053550 0.092168 -1.756739 -0.883991 0.043509 0.020947 4.586018 0.793727 -0.071638 -0.080031 1.493390 -3.905267 -0.194688 -0.103329 -2.749511 -2.986078 0.216214 0.230117 1.685183 0.419729 -0.183837 -0.181086 0.366701 -0.842938 -0.247124 -0.100848 -2.040583 -1.059507 0.110599 0.099299 -0.047204 1.107016 -0.009142 0.120923 -0.798897 -1.183141 -0.254670 -0.246223 -2.116022 -0.572579 0.127307 0.059711 -0.727158 1.014426 -0.022639 0.222847 -0.127603 -0.014666 -0.298456 -0.283624 -0.015486 0.121054 -0.145467 0.142219 0.175447 267.000000
5.360000 -1.062321 -1.101754 3.695977 5.751278 0.466254 0.425355 10.520101 5.668413 0.005932 0.052972 -8.430784 -0.580267 1.170329 1.208717 -6.049038 2.750209 0.216848 0.264933 2.654988 -8.949667 -0.188029 -0.191425 0.387830 0.252894 -0.523808 -0.546873 3.835577 5.422338 -0.277259 -0.137764 -28.057252 8.110667 -0.282568 -0.355130 11.598891 -17.787802 0.631354 0.859753 -43.094517 23.876683 -0.465175 -0.347437 -4.766189 -17.996358 0.026384 0.098637 -2.847423 -1.756739 0.030855 0.020673 1.899543 1.546314 -0.083936 -0.077366 -1.808769 -3.039704 -0.232969 -0.111583 -3.324696 -2.749511 0.205684 0.216211 1.571665 0.659241 -0.210449 -0.187131 0.244000 -1.025942 -0.280353 -0.129627 -1.666298 -0.996690 0.119802 0.103448 -0.021265 1.043894 -0.052079 0.087841 -0.252616 -0.798897 -0.247036 -0.234821 -2.115528 -0.694432 0.155025 0.084294 -0.922404 1.421590 -0.054290 0.162628 -0.201777 -0.056058 -0.303764 -0.288004 0.044550 0.071544 -0.142587 0.141143 0.159731 268.000000
5.380000 -1.023481 -1.067385 2.926221 3.695977 0.473824 0.408948 15.160945 9.475443 -0.027454 0.040766 -11.031991 -1.044659 1.193420 1.197492 1.162468 1.107618 0.068725 0.213420 0.989305 -4.941420 -0.195739 -0.196581 0.545278 0.387830 -0.546089 -0.542116 -1.454341 3.835577 -0.283981 -0.135564 -30.186381 8.229181 -0.248458 -0.329366 11.810725 -19.828071 0.621290 0.842783 -41.832905 24.988447 -0.431019 -0.334520 -4.197074 -18.106070 0.015774 0.105809 -3.443982 -2.847423 0.013857 0.020389 -1.280708 1.854156 -0.100948 -0.072959 -6.227020 -0.045387 -0.288680 -0.124189 -4.388269 -3.324696 0.199323 0.204937 1.255556 0.663832 -0.234992 -0.197007 0.121198 -0.907832 -0.305021 -0.161118 -1.042821 -0.822517 0.130360 0.108983 -0.036114 0.843781 -0.086347 0.048164 0.952383 -0.252616 -0.239009 -0.224531 -2.046971 -0.596562 0.189935 0.111793 -1.127278 1.518966 -0.084605 0.109460 -0.192960 -0.123164 -0.304856 -0.292231 0.079733 0.078614 -0.139106 0.136673 0.137783 269.000000
5.400000 -0.966595 -1.021289 3.631471 2.926221 0.450413 0.391246 14.616408 13.096468 -0.055297 0.014172 -9.011430 -2.064477 1.196896 1.183051 4.699435 -1.295512 -0.057551 0.150296 0.742775 -0.133044 -0.212193 -0.202981 0.421054 0.545278 -0.567009 -0.539968 -5.448049 -1.454341 -0.262240 -0.133809 -25.805946 9.187828 -0.225713 -0.295012 8.405173 -20.998553 0.633993 0.829644 -37.537009 23.946740 -0.346071 -0.322322 -1.843549 -17.886165 0.037511 0.114040 -3.165537 -3.443982 -0.003008 0.016852 -3.214080 2.473156 -0.110740 -0.070434 -8.025674 3.753864 -0.356805 -0.143673 -5.049402 -4.388269 0.187503 0.197173 0.571544 0.567179 -0.263165 -0.210226 0.029113 -0.688377 -0.309505 -0.189679 -0.787932 -0.503354 0.138854 0.115568 -0.075402 0.539468 -0.110992 0.003879 2.188027 0.952383 -0.216834 -0.214372 -1.669393 -0.459847 0.235729 0.142739 -1.053926 1.587125 -0.118245 0.061018 -0.171238 -0.136346 -0.305268 -0.295666 0.073358 0.056614 -0.133839 0.130008 0.108599 270.000000
5.420000 -0.900021 -0.963510 3.565659 3.631471 0.394771 0.364916 10.405633 11.813919 -0.083634 -0.028075 -4.028632 -2.802489 1.160135 1.163670 2.472775 -2.886000 -0.135062 0.073170 2.150152 1.813434 -0.236192 -0.212409 0.389411 0.421054 -0.579124 -0.542433 -6.632990 -5.448049 -0.221422 -0.134776 -17.166776 8.700386 -0.202366 -0.254649 4.248437 -17.105559 0.651087 0.822081 -33.312624 20.099547 -0.262068 -0.311796 0.472404 -17.437462 0.054783 0.123494 -3.039473 -3.165537 -0.010119 0.008584 -2.407752 2.405797 -0.105267 -0.070740 -6.683526 5.619877 -0.428054 -0.174496 -4.770953 -5.049402 0.185324 0.192209 0.336958 0.271215 -0.298493 -0.228214 0.137592 -0.300328 -0.300826 -0.209791 -0.952461 -0.356265 0.144061 0.122317 -0.108221 0.431667 -0.137514 -0.040157 2.530869 2.188027 -0.203537 -0.204016 -1.497963 -0.307734 0.291450 0.177213 -0.756238 1.361660 -0.149940 0.015730 -0.041026 -0.122298 -0.305995 -0.298357 0.054913 0.048940 -0.125718 0.123050 0.075575 271.000000
5.440000 -0.843041 -0.894802 0.012124 3.565659 0.318596 0.324950 5.286762 7.217132 -0.109167 -0.082338 3.012660 -3.188501 1.099633 1.132183 -1.222890 -2.788798 -0.180580 -0.020403 5.676665 -0.316023 -0.257327 -0.226256 0.623426 0.389411 -0.568024 -0.549024 -2.587484 -6.632990 -0.183554 -0.136532 -9.314496 6.459169 -0.174912 -0.211004 0.730706 -10.707606 0.665023 0.816777 -29.463030 16.315236 -0.166734 -0.301317 2.920829 -16.997388 0.063783 0.133951 -3.169090 -3.039473 -0.014851 -0.002046 -1.094017 2.137887 -0.088757 -0.069898 -3.971495 4.545639 -0.481019 -0.217951 -3.365600 -4.770953 0.172340 0.187974 0.052166 0.099683 -0.340740 -0.252093 0.290105 -0.237275 -0.287869 -0.220848 -1.210489 -0.422120 0.144491 0.128153 -0.129975 0.530341 -0.160426 -0.079230 2.208853 2.530869 -0.215793 -0.195945 -1.750885 -0.370863 0.347016 0.215278 -0.590251 1.127101 -0.175267 -0.026458 0.118257 -0.047970 -0.302925 -0.300017 0.058911 -0.006944 -0.116507 0.117363 0.039845 272.000000
5.460000 -0.781615 -0.817325 -4.625636 0.012124 0.227678 0.276777 -3.107596 1.137051 -0.140208 -0.143881 10.017065 -4.149711 1.001070 1.082572 -7.964187 -3.487107 -0.153859 -0.125926 9.886112 -4.709997 -0.288041 -0.242376 0.171848 0.623426 -0.536483 -0.556997 5.287218 -2.587484 -0.156088 -0.137323 -3.786982 4.291895 -0.145045 -0.166739 -2.023289 -5.022601 0.704095 0.809795 -19.883114 12.622677 -0.021367 -0.289371 6.772253 -16.840354 0.088032 0.145310 -2.871384 -3.169090 -0.001499 -0.012047 3.288232 1.438739 -0.058782 -0.064315 0.107157 2.532756 -0.528870 -0.271590 -1.852731 -3.365600 0.166030 0.183004 0.106876 -0.118970 -0.386912 -0.281892 0.483237 -0.171135 -0.277283 -0.224612 -1.532977 -0.540257 0.141526 0.132237 -0.121028 0.670232 -0.233306 -0.112932 0.048282 2.208853 -0.246211 -0.193163 -2.146532 -0.580317 0.405984 0.257572 -0.617998 1.170568 -0.194983 -0.064065 0.059380 0.029673 -0.292265 -0.299524 0.072507 -0.088584 -0.107993 0.113198 0.002623 273.000000
5.480000 -0.708456 -0.734418 -6.951824 -4.625636 0.153980 0.233755 -10.420731 -6.562330 -0.178657 -0.207166 14.528276 -3.454735 0.919638 1.016741 -8.839767 -3.155680 -0.089217 -0.232186 14.354481 -11.119867 -0.308661 -0.257285 -0.128491 0.171848 -0.513930 -0.563853 10.940233 5.287218 -0.142029 -0.140289 0.323635 2.905135 -0.124938 -0.126298 -5.209000 -0.881846 0.746706 0.801611 -9.771172 5.051990 0.066328 -0.276957 9.093808 -14.831124 0.113025 0.157808 -2.614495 -2.871384 0.007349 -0.020332 6.446175 1.590537 -0.034687 -0.056707 3.430726 -1.697695 -0.575233 -0.331409 -0.597016 -1.852731 0.169931 0.178608 0.266654 -0.188180 -0.445040 -0.317588 0.505412 -0.295056 -0.271471 -0.225141 -1.618643 -0.705975 0.135572 0.134125 -0.095798 0.827003 -0.320938 -0.146173 -1.819252 0.048282 -0.274927 -0.196537 -2.220982 -0.764267 0.474019 0.305708 -0.758348 1.382265 -0.199397 -0.094920 0.009916 -0.006564 -0.275792 -0.295758 0.052447 -0.065943 -0.099603 0.109684 -0.031342 274.000000
5.500000 -0.623277 -0.654129 -4.950103 -6.951824 0.112232 0.203325 -14.770119 -12.474504 -0.205169 -0.255598 15.507699 -2.053773 0.868017 0.939095 -2.531429 -5.944052 -0.048877 -0.321587 16.037012 -14.783818 -0.298654 -0.268414 -0.023558 -0.128491 -0.513764 -0.569301 11.838481 10.940233 -0.136321 -0.149065 4.246997 2.442683 -0.114454 -0.094041 -8.032407 2.766318 0.771828 0.796101 -4.314600 -1.680143 0.060026 -0.266725 8.934866 -11.451315 0.137905 0.171377 -2.438441 -2.614495 0.009033 -0.025374 7.133849 1.507724 -0.030433 -0.053027 4.467117 -4.938450 -0.630674 -0.393506 -0.131923 -0.597016 0.171508 0.175905 0.194987 -0.119379 -0.503494 -0.358483 0.514307 -0.386033 -0.289516 -0.229068 -1.504074 -0.761423 0.131389 0.134191 -0.042691 0.857221 -0.401917 -0.184796 -2.423624 -1.819252 -0.286971 -0.205051 -1.709401 -0.731317 0.530219 0.358807 -1.159274 1.489665 -0.192394 -0.117653 -0.049379 -0.021265 -0.264844 -0.289435 -0.040727 -0.031181 -0.090530 0.106142 -0.056520 275.000000
5.520000 -0.540790 -0.592432 4.778689 -4.950103 0.107048 0.183864 -12.154428 -15.138909 -0.212484 -0.272481 12.319385 -0.368790 0.840495 0.877217 -2.979740 -10.313008 -0.089675 -0.400723 15.017103 -12.844437 -0.260580 -0.256626 -3.492958 -0.023558 -0.532850 -0.574298 9.000770 11.838481 -0.144064 -0.165759 7.452687 1.892705 -0.114427 -0.074035 -10.137086 6.139702 0.782006 0.796812 -3.355954 -4.293674 -0.006082 -0.259759 6.722173 -8.608273 0.163350 0.186357 -2.451915 -2.438441 0.001187 -0.026909 5.857538 1.333366 -0.037897 -0.055715 4.198743 -5.800483 -0.695242 -0.456617 -0.041131 -0.131923 0.180689 0.175598 0.048651 -0.159660 -0.557867 -0.403248 0.629190 -0.354647 -0.314351 -0.238265 -1.626418 -0.730692 0.136198 0.134194 0.031472 0.773383 -0.481232 -0.231724 -2.510920 -2.423624 -0.281547 -0.215137 -1.325259 -0.275064 0.569532 0.412450 -1.517831 1.434338 -0.176195 -0.131107 -0.461317 -0.004326 -0.257456 -0.282157 -0.099105 0.045053 -0.081145 0.101817 -0.071322 276.000000
5.540000 -0.494318 -0.578039 15.552394 4.778689 0.126694 0.164044 -5.102491 -12.236907 -0.197815 -0.254908 7.378229 -0.082478 0.797971 0.881195 -19.229082 -9.352478 -0.184401 -0.418610 7.312862 -12.332218 -0.231410 -0.223305 -3.274622 -3.492958 -0.565225 -0.577163 2.515341 9.000770 -0.148550 -0.189147 11.539693 1.342199 -0.117564 -0.066321 -10.866846 8.794887 0.786446 0.799457 -3.054091 -3.175432 -0.101681 -0.250543 3.243627 -6.531386 0.177374 0.195665 -1.068638 -2.451915 -0.004531 -0.031155 5.808335 0.829398 -0.055261 -0.054516 -0.955097 -5.028141 -0.742176 -0.517197 -0.492868 -0.041131 0.187691 0.179951 -0.599635 -0.290270 -0.602918 -0.449172 0.577147 -0.338921 -0.318801 -0.247985 -1.337149 -0.828945 0.149090 0.136260 0.057558 0.797473 -0.539741 -0.284668 -2.016993 -2.510920 -0.292606 -0.221176 -2.188784 0.096286 0.593419 0.463133 -2.061764 1.421545 -0.156201 -0.133456 -1.124117 -0.181106 -0.252945 -0.275061 -0.127484 0.280211 -0.068876 0.093930 -0.086536 277.000000
5.560000 -0.523537 -0.569090 7.628613 15.552394 0.143935 0.155989 -2.014526 -6.240360 -0.171308 -0.222285 5.220139 -1.137869 0.753294 0.899322 -31.715705 4.334655 -0.336236 -0.418773 2.443090 -14.894428 -0.232121 -0.198270 -3.111915 -3.274622 -0.574039 -0.573998 -0.952726 2.515341 -0.156161 -0.207261 12.331580 -0.336424 -0.106781 -0.061814 -9.662068 11.203270 0.760966 0.796826 -6.137823 -0.814853 -0.208651 -0.236505 -0.690949 -3.868944 0.178686 0.202357 -1.435532 -1.068638 -0.011752 -0.031154 3.347726 3.381716 -0.063661 -0.046761 -4.368874 -2.426619 -0.743186 -0.566738 -0.524165 -0.492868 0.181799 0.187026 -1.309010 -0.588391 -0.616132 -0.490574 0.690357 0.011244 -0.320374 -0.260108 -0.530388 -0.697353 0.164917 0.141392 0.016917 0.639795 -0.537718 -0.337796 -0.352624 -2.016993 -0.305775 -0.224442 -2.873186 -0.063510 0.604947 0.507657 -2.199390 2.125274 -0.164419 -0.131926 -1.444082 -0.498316 -0.251494 -0.268936 -0.133571 0.625801 -0.059572 0.080939 -0.112769 278.000000
5.580000 -0.557748 -0.557593 -1.770770 7.628613 0.118361 0.154938 -7.111695 -3.617332 -0.142019 -0.190135 5.393644 -1.602806 0.747783 0.910960 -33.756160 14.093941 -0.399374 -0.418111 0.425800 -17.621763 -0.244758 -0.180750 -3.439609 -3.111915 -0.539128 -0.564774 3.541410 -0.952726 -0.171807 -0.217399 10.270571 -1.334756 -0.085456 -0.053737 -7.978515 10.996824 0.730618 0.784168 -8.374496 3.567777 -0.252933 -0.222481 -2.433780 -2.570046 0.195010 0.210982 -1.210361 -1.435532 -0.016768 -0.027236 1.415937 3.858300 -0.050010 -0.041031 -2.122798 0.510574 -0.729646 -0.603553 -0.324769 -0.524165 0.161719 0.191292 -1.417303 -0.999683 -0.593253 -0.522279 1.165181 0.309327 -0.333039 -0.273027 -0.487810 -0.273653 0.178155 0.149009 -0.058003 0.256735 -0.488201 -0.379705 0.824122 -0.352624 -0.314951 -0.227752 -2.847738 -0.336898 0.605933 0.541315 -1.670900 2.536288 -0.195438 -0.136015 -1.242798 -0.655256 -0.247778 -0.263705 -0.096530 0.788827 -0.054733 0.068277 -0.140137 279.000000
5.600000 -0.571647 -0.545463 -6.991374 -1.770770 0.097315 0.149283 -9.016469 -6.252669 -0.119620 -0.165714 6.120299 0.859026 0.750574 0.913088 -32.293265 16.570652 -0.398060 -0.415406 0.150335 -17.185508 -0.264667 -0.167060 -4.197807 -3.439609 -0.508885 -0.552895 6.880381 3.541410 -0.188605 -0.226667 9.303135 -1.146028 -0.067883 -0.041266 -7.060073 9.124543 0.723327 0.766716 -5.850037 5.944437 -0.257150 -0.208914 -2.752716 -2.430059 0.222013 0.219831 -0.886282 -1.210361 -0.018457 -0.025920 1.608604 1.769368 -0.042796 -0.041432 0.190685 0.353430 -0.723400 -0.630091 -0.346735 -0.324769 0.172674 0.189876 -0.194095 -1.291242 -0.582396 -0.544121 1.195778 0.126061 -0.327675 -0.282886 -0.471004 -0.214904 0.180900 0.156889 -0.147462 0.272907 -0.427556 -0.402107 1.016760 0.824122 -0.344796 -0.234819 -2.978616 -0.588419 0.593974 0.562554 -1.200618 2.259319 -0.211093 -0.147580 -0.474612 -0.573134 -0.239821 -0.258420 -0.059560 0.669664 -0.049409 0.058566 -0.157697 280.000000
5.620000 -0.556615 -0.532869 -6.601278 -6.991374 0.096093 0.135560 -5.492901 -7.568384 -0.113908 -0.147466 4.342298 1.448085 0.755981 0.907447 -29.104030 16.038090 -0.415004 -0.410779 -0.627900 -16.255174 -0.245535 -0.155082 -3.819767 -4.197807 -0.497516 -0.539290 6.243366 6.880381 -0.211240 -0.242283 8.891814 -1.121531 -0.064078 -0.031578 -7.602292 8.181604 0.712693 0.747409 -3.995844 4.912479 -0.217719 -0.196970 -1.757176 -0.937558 0.249138 0.230418 -0.502766 -0.886282 -0.036204 -0.031618 0.296146 0.708960 -0.037166 -0.044324 1.885034 -0.899645 -0.699477 -0.648160 0.073551 -0.346735 0.197976 0.185485 1.197681 -0.694937 -0.574973 -0.558989 1.192992 -0.500841 -0.317689 -0.288668 -0.407763 -0.161771 0.180998 0.163356 -0.149868 0.309233 -0.352044 -0.402693 0.762559 1.016760 -0.369602 -0.247455 -2.616410 -0.888999 0.567663 0.571695 -0.854842 2.089617 -0.213197 -0.162121 0.107564 -0.207526 -0.234420 -0.252888 -0.076593 0.267086 -0.040155 0.051540 -0.164921 281.000000
5.640000 -0.525425 -0.520003 -2.884257 -6.601278 0.112761 0.117328 1.829030 -4.917599 -0.115945 -0.130367 0.343187 0.575301 0.782426 0.899213 -22.336422 15.005358 -0.466377 -0.406853 -2.047091 -14.098671 -0.200835 -0.144687 -2.643772 -3.819767 -0.504434 -0.528032 3.328366 6.243366 -0.248530 -0.264644 6.794462 -0.644761 -0.055272 -0.026486 -6.120437 8.247053 0.735596 0.732234 2.434157 3.266603 -0.119312 -0.186583 1.108225 -0.729241 0.263510 0.240474 -0.153590 -0.502766 -0.058913 -0.045380 -0.322527 -0.794444 -0.035811 -0.043930 1.314437 -1.090590 -0.680139 -0.658790 0.267489 0.073551 0.235284 0.183107 2.090074 0.002344 -0.555016 -0.567139 1.215071 -1.195336 -0.304009 -0.291496 -0.146426 -0.128947 0.186119 0.168848 -0.091863 0.278816 -0.291130 -0.384538 0.129442 0.762559 -0.373615 -0.263692 -1.847001 -0.880784 0.532830 0.569906 -0.671175 1.735626 -0.211495 -0.174857 0.198353 0.092079 -0.225617 -0.246904 -0.064985 -0.015485 -0.026995 0.045793 -0.167748 282.000000
5.660000 -0.499186 -0.509539 0.857258 -2.884257 0.140340 0.101993 9.467037 0.742922 -0.116277 -0.109860 -4.387068 -1.086108 0.788787 0.895936 -21.555862 12.646211 -0.495569 -0.406289 -2.530334 -9.690211 -0.153038 -0.134141 -1.561060 -2.643772 -0.533227 -0.530462 0.961095 3.328366 -0.284650 -0.287294 3.480741 -0.337012 -0.036446 -0.025869 -1.844376 6.457449 0.776970 0.736154 6.061943 -2.017217 0.015781 -0.174876 4.495053 0.416940 0.258210 0.247982 -0.262064 -0.153590 -0.066452 -0.062649 1.592345 -0.818482 -0.042477 -0.037729 -1.955061 -0.495955 -0.679481 -0.663245 -0.438459 0.267489 0.263963 0.188067 1.673769 0.437501 -0.543926 -0.568218 0.711880 -1.652573 -0.284178 -0.291306 0.093298 -0.027282 0.187257 0.173586 -0.097772 0.119144 -0.254302 -0.356703 -0.299536 0.129442 -0.364901 -0.279309 -1.248816 -0.587913 0.499299 0.560083 -0.635559 1.259088 -0.208292 -0.183285 -0.071372 0.131669 -0.213656 -0.239828 -0.063587 -0.066684 -0.012805 0.040409 -0.174395 283.000000
5.680000 -0.486123 -0.503516 2.846323 0.857258 0.163654 0.093017 15.067116 6.927052 -0.118685 -0.090215 -8.069215 -2.539985 0.761708 0.900245 -28.789708 12.604832 -0.513392 -0.409423 -2.686273 -8.951030 -0.117216 -0.125905 -0.434585 -1.561060 -0.555332 -0.553252 3.890303 0.961095 -0.307977 -0.302618 0.637373 -0.818183 -0.010794 -0.020428 0.579873 2.662559 0.825122 0.767339 5.406921 -6.276399 0.157746 -0.156451 7.135346 -0.214457 0.235104 0.250394 -0.457372 -0.262064 -0.082430 -0.077698 0.943691 1.773703 -0.051679 -0.033174 -3.671694 0.181358 -0.670874 -0.661124 -1.251153 -0.438459 0.284887 0.202256 0.639200 0.480944 -0.547524 -0.565286 0.164239 -1.192824 -0.260483 -0.285666 -0.167198 0.095535 0.188006 0.177393 -0.085843 0.002237 -0.213138 -0.324994 -0.487647 -0.299536 -0.390051 -0.292355 -2.050056 -0.306629 0.453519 0.543803 -0.843197 0.942187 -0.211112 -0.187281 -0.622100 -0.003893 -0.203192 -0.231701 -0.097551 0.067480 -0.002169 0.035309 -0.184898 284.000000
5.700000 -0.496460 -0.502238 1.302870 2.846323 0.156399 0.088360 14.103746 11.568165 -0.104537 -0.076265 -7.223395 -3.498950 0.738514 0.909171 -35.647676 16.334343 -0.516714 -0.413817 -2.649350 -12.455365 -0.088585 -0.119157 0.276394 -0.434585 -0.610874 -0.594053 3.455348 3.890303 -0.332507 -0.310555 -3.571924 -0.608623 0.013815 -0.003704 0.726014 0.028750 0.863389 0.821407 -0.455795 -7.855180 0.290816 -0.122245 8.237173 -2.448259 0.211045 0.247328 -0.604945 -0.457372 -0.067456 -0.087831 5.060647 2.307692 -0.053537 -0.036088 -2.446982 1.364001 -0.628736 -0.650392 -1.448571 -1.251153 0.305549 0.223176 -0.116874 0.237481 -0.554770 -0.561912 -0.170874 -0.401720 -0.230804 -0.273925 -0.366783 -0.040677 0.193262 0.180983 -0.049234 0.126520 -0.179919 -0.289884 -1.055948 -0.487647 -0.441970 -0.306211 -3.092587 -0.603429 0.404509 0.521033 -0.919284 1.446627 -0.197296 -0.187886 -0.518087 -0.262275 -0.202733 -0.224174 -0.162638 0.359825 0.003575 0.030988 -0.193381 285.000000
5.720000 -0.499347 -0.504150 1.246950 1.302870 0.160077 0.085555 15.180673 10.663570 -0.091420 -0.067584 -5.694045 -3.440175 0.737273 0.919848 -38.134540 19.736668 -0.495071 -0.418740 -1.752404 -15.911008 -0.078166 -0.114148 0.700967 0.276394 -0.647744 -0.644830 7.046581 3.455348 -0.338890 -0.314757 -4.349184 1.422955 0.030406 0.016575 0.036354 -2.148969 0.923376 0.885476 -2.058181 -5.719341 0.374322 -0.067540 7.467711 -6.175136 0.201448 0.240847 -0.485725 -0.604945 -0.075990 -0.093003 3.832410 3.753814 -0.064278 -0.046176 -1.660581 -1.306833 -0.572033 -0.629129 -1.666579 -1.448571 0.333181 0.247723 -0.375723 0.027000 -0.551781 -0.559024 -0.107307 0.143874 -0.195300 -0.255218 -0.768899 -0.158775 0.200697 0.185179 -0.040131 0.208009 -0.134019 -0.251128 -1.379392 -1.055948 -0.511514 -0.325528 -4.038390 -1.086652 0.360383 0.492937 -0.885538 2.005936 -0.179298 -0.184363 -0.657629 -0.177725 -0.206157 -0.218750 -0.161235 0.340363 0.005977 0.028058 -0.198251 286.000000
5.740000 -0.529512 -0.508603 -3.293838 1.246950 0.153816 0.085517 13.373078 10.437359 -0.075548 -0.062644 -3.160750 -4.743314 0.729270 0.931743 -42.354240 20.332506 -0.481273 -0.424164 -1.191267 -17.802034 -0.087712 -0.110725 0.328574 0.700967 -0.703923 -0.699300 7.227147 7.046581 -0.341413 -0.318970 -3.836331 2.156415 0.028204 0.027679 -0.612221 -2.192769 0.987936 0.950759 -1.870773 -4.362597 0.411074 0.003485 4.693800 -6.420777 0.198569 0.232907 -0.233827 -0.485725 -0.060118 -0.092162 5.747639 2.746496 -0.069392 -0.059907 0.189968 -1.085914 -0.505785 -0.597454 -1.730668 -1.666579 0.358372 0.272813 -0.270417 -0.134208 -0.549779 -0.556543 -0.057486 0.241515 -0.148018 -0.229325 -0.928258 -0.364384 0.208713 0.190243 -0.051143 0.404515 -0.078441 -0.207760 -1.634711 -1.379392 -0.593630 -0.354830 -4.397046 -1.576426 0.321278 0.461026 -0.671434 2.461964 -0.149347 -0.176341 -0.434278 -0.248197 -0.210012 -0.215622 -0.117758 0.409432 0.005091 0.026108 -0.200127 287.000000
5.760000 -0.555642 -0.517374 -6.183202 -3.293838 0.144689 0.088962 10.464690 8.266914 -0.064369 -0.060294 -1.047121 -5.106164 0.733542 0.945588 -44.572811 22.037215 -0.445011 -0.429811 0.147599 -20.317025 -0.103236 -0.107858 -0.097312 0.328574 -0.746316 -0.755417 9.918641 7.227147 -0.338628 -0.325046 -1.714461 2.224276 0.018349 0.024944 -0.237397 -1.612055 1.060101 1.012900 0.806221 -2.453537 0.446240 0.086056 2.150340 -4.324310 0.208196 0.225662 0.120350 -0.233827 -0.046179 -0.083419 5.707608 2.778835 -0.075307 -0.073225 1.424547 -2.968804 -0.426132 -0.556034 -1.634332 -1.730668 0.384270 0.296718 -0.004890 -0.106466 -0.543892 -0.554019 0.031990 0.163951 -0.105976 -0.198261 -1.126157 -0.438558 0.216707 0.196075 -0.067172 0.489701 -0.013958 -0.159176 -1.816418 -1.634711 -0.681071 -0.396671 -4.336448 -1.862806 0.290152 0.427204 -0.429103 2.534240 -0.122272 -0.163905 -0.516361 -0.158260 -0.209804 -0.213854 -0.054652 0.276018 0.000485 0.026727 -0.200660 288.000000
5.780000 -0.577189 -0.529775 -7.515627 -6.183202 0.130468 0.093008 6.957819 5.755906 -0.049235 -0.058109 1.277970 -4.708784 0.746801 0.960592 -44.985461 22.179839 -0.402915 -0.435781 1.589675 -22.392972 -0.110236 -0.105261 -0.420499 -0.097312 -0.801548 -0.811007 9.879539 9.918641 -0.347619 -0.336013 -0.391105 0.975929 -0.001275 0.011341 -0.057801 -0.738532 1.116389 1.070437 1.112710 -1.955656 0.473010 0.173235 0.122775 -1.149435 0.223169 0.221536 0.291382 0.120350 -0.027099 -0.069717 6.326249 2.141530 -0.081855 -0.084237 1.865700 -3.566078 -0.322922 -0.503780 -1.320706 -1.634332 0.401564 0.319765 -0.125053 -0.018440 -0.535671 -0.550215 -0.054687 -0.013550 -0.082751 -0.167505 -1.180231 -0.529493 0.229911 0.203164 -0.057263 0.596665 0.065898 -0.104696 -1.724565 -1.816418 -0.732300 -0.448460 -3.182431 -1.953672 0.260077 0.392633 -0.151490 2.382776 -0.101726 -0.147921 -0.763461 -0.230854 -0.206418 -0.212251 -0.016229 0.285506 -0.005007 0.030221 -0.201417 289.000000
5.800000 -0.593195 -0.543591 -7.945796 -7.515627 0.122498 0.093904 5.835917 2.839925 -0.039671 -0.052769 1.528899 -4.117894 0.760278 0.974754 -44.879200 21.344985 -0.386890 -0.441960 2.295162 -23.640475 -0.103404 -0.102209 -0.372376 -0.420499 -0.838707 -0.862621 11.828214 9.879539 -0.374221 -0.355349 -0.517007 0.224453 -0.019161 -0.009269 1.243770 -0.166652 1.159185 1.121676 0.648961 -0.644999 0.471947 0.252866 -0.836146 0.467711 0.235198 0.221608 0.224840 0.291382 -0.011832 -0.055507 6.681549 2.230274 -0.079926 -0.091001 2.826235 -4.095975 -0.225524 -0.440166 -1.606602 -1.320706 0.419585 0.341759 -0.077148 -0.035183 -0.526179 -0.544994 -0.048692 0.089870 -0.079533 -0.140263 -1.522966 -0.561484 0.240413 0.211425 -0.097979 0.618747 0.160092 -0.042627 -1.689421 -1.724565 -0.751271 -0.504039 -1.593866 -1.515470 0.239988 0.357922 0.361335 1.666961 -0.085144 -0.129691 -1.098790 -0.373616 -0.201971 -0.210177 -0.008942 0.389845 -0.007057 0.036535 -0.204116 290.000000
5.820000 -0.613732 -0.556567 -9.584389 -7.945796 0.120012 0.089993 6.804208 2.153509 -0.034911 -0.042814 -0.255455 -3.682408 0.763204 0.986069 -46.028373 20.782494 -0.385703 -0.447869 2.420360 -24.096707 -0.076152 -0.097893 0.175614 -0.372376 -0.866910 -0.904251 12.819335 11.828214 -0.414439 -0.383372 -1.737242 -0.363382 -0.031966 -0.032547 3.455538 -0.880388 1.172393 1.158301 -1.243027 0.279217 0.432885 0.309966 -0.729690 0.928178 0.239519 0.224952 0.003986 0.224840 0.001756 -0.043212 7.245639 1.927657 -0.068630 -0.091588 4.201793 -4.753892 -0.130547 -0.366751 -2.049257 -1.606602 0.436522 0.361713 0.183282 -0.014228 -0.512972 -0.538819 0.096524 0.062920 -0.082827 -0.117543 -1.866806 -0.712494 0.243413 0.219398 -0.152222 0.810472 0.254710 0.028268 -2.031250 -1.689421 -0.730519 -0.555871 0.232910 -0.977601 0.229435 0.324578 0.944980 0.616266 -0.063920 -0.109442 -1.369023 -0.544924 -0.196454 -0.207402 -0.010307 0.553866 -0.003510 0.044907 -0.209439 291.000000
5.840000 -0.618490 -0.568008 -8.504532 -9.584389 0.132388 0.084797 10.159034 3.529831 -0.029913 -0.027002 -3.292872 -3.274377 0.775749 0.993780 -44.535553 21.266686 -0.390379 -0.453135 2.387019 -24.761687 -0.032866 -0.092676 1.277250 0.175614 -0.888762 -0.933371 12.488480 12.819335 -0.452067 -0.416069 -2.448996 -0.859148 -0.054394 -0.057447 4.387653 -2.596390 1.160565 1.173299 -3.702322 1.148350 0.381777 0.332537 0.721801 -0.094677 0.236482 0.229587 -0.304911 0.003986 0.001496 -0.031824 4.920390 1.521923 -0.052602 -0.083313 4.289595 -5.723716 -0.028864 -0.285818 -2.218463 -2.049257 0.440491 0.377857 0.370688 0.043379 -0.492869 -0.531009 0.258619 -0.139903 -0.085707 -0.098694 -2.157301 -0.857292 0.246929 0.226324 -0.136606 1.009514 0.336614 0.106105 -2.616470 -2.031250 -0.701435 -0.597010 1.073210 -0.356035 0.210240 0.293568 1.034615 -0.588945 -0.034501 -0.085934 -1.718817 -0.679358 -0.192735 -0.204166 -0.032129 0.689665 0.004168 0.055227 -0.218809 292.000000
5.860000 -0.622657 -0.576887 -8.008737 -8.504532 0.150825 0.083897 13.174767 6.725953 -0.018099 -0.006374 -5.650183 -3.433081 0.774344 0.997434 -44.843054 20.544349 -0.435727 -0.457890 1.089072 -23.991204 0.014812 -0.087680 2.615240 1.277250 -0.893412 -0.948249 12.231658 12.488480 -0.479574 -0.446087 -2.716022 -0.969328 -0.088033 -0.088965 5.252127 -3.418324 1.126049 1.173482 -8.722224 1.330021 0.315281 0.321055 2.352280 -2.372301 0.235958 0.235122 -0.579797 -0.304911 -0.003657 -0.018628 0.917658 0.315398 -0.036746 -0.066084 2.862233 -4.604992 0.105437 -0.197132 -1.701425 -2.218463 0.432905 0.388408 0.540964 0.056035 -0.467237 -0.519609 0.171811 -0.314654 -0.072241 -0.080801 -2.296794 -1.010347 0.262033 0.233839 -0.064375 1.146954 0.410032 0.185522 -2.681923 -2.616470 -0.674065 -0.623080 0.780930 0.019298 0.182504 0.265006 0.722125 -1.053912 -0.000481 -0.057727 -2.204708 -0.843344 -0.192477 -0.201189 -0.056554 0.875473 0.011615 0.066853 -0.233910 293.000000
5.880000 -0.626851 -0.582554 -8.200988 -8.008737 0.170747 0.088426 15.596205 9.412475 -0.004040 0.016966 -7.833413 -3.762292 0.757505 0.995284 -46.769678 21.635217 -0.490329 -0.461169 -0.669487 -23.207837 0.037447 -0.083724 3.302396 2.615240 -0.887390 -0.946421 10.583412 12.231658 -0.500993 -0.470614 -2.924102 -1.268052 -0.134788 -0.131850 6.273705 -3.984075 1.089629 1.160534 -11.386997 2.662765 0.238964 0.278661 4.168102 -6.059458 0.232479 0.240890 -0.829300 -0.579797 -0.010514 -0.004223 -3.241773 -0.972288 -0.021182 -0.044481 1.333568 -1.889945 0.268483 -0.097689 -0.945747 -1.701425 0.412386 0.392611 0.509856 0.184576 -0.433487 -0.502419 -0.123644 -0.356387 -0.053876 -0.062719 -2.312884 -1.116209 0.289263 0.244646 -0.033329 1.180584 0.463047 0.260068 -2.447416 -2.681923 -0.650938 -0.632596 -0.377489 0.029402 0.140995 0.237643 0.122363 -0.751528 0.027563 -0.025856 -2.721754 -1.074077 -0.197314 -0.199477 -0.074246 1.130631 0.016618 0.079715 -0.253775 294.000000
5.900000 -0.616931 -0.584402 -6.480955 -8.200988 0.191916 0.096292 17.858892 11.714809 0.005568 0.040710 -10.562174 -3.881396 0.743067 0.986536 -46.958113 23.868209 -0.512656 -0.462129 -1.542445 -22.901469 0.031488 -0.081692 3.289223 3.302396 -0.861776 -0.926298 9.121041 10.583412 -0.509586 -0.487641 -2.613079 -1.674802 -0.187075 -0.185467 7.768207 -4.598904 1.067761 1.132082 -8.043681 2.684129 0.169677 0.214044 6.082146 -8.702868 0.233155 0.246154 -0.940375 -0.829300 -0.015162 0.007634 -5.940249 -2.287670 -0.008687 -0.024020 0.182747 0.954103 0.427209 0.014194 -0.874799 -0.945747 0.399611 0.391270 0.794932 0.316750 -0.382652 -0.477822 -0.231808 -0.193106 -0.052583 -0.047073 -2.381842 -1.139777 0.314305 0.259242 -0.118725 1.173106 0.502163 0.324935 -1.852135 -2.447416 -0.620633 -0.626627 -1.565142 -0.249926 0.098651 0.209951 -0.332934 0.127563 0.044849 0.006169 -3.071029 -1.323754 -0.197774 -0.198802 -0.027355 1.398000 0.019820 0.093491 -0.275939 295.000000
5.920000 -0.601699 -0.582243 -4.431688 -6.480955 0.202508 0.105794 17.968601 14.210533 0.013177 0.061013 -12.372512 -3.648359 0.730620 0.972197 -45.838389 24.592702 -0.500131 -0.460696 -1.437704 -22.365411 0.004328 -0.082189 2.744083 3.289223 -0.827546 -0.889090 6.115180 9.121041 -0.509030 -0.493411 -3.162930 -2.577564 -0.242743 -0.244801 8.901446 -5.190643 1.030019 1.089594 -4.965480 -0.369469 0.103320 0.134289 7.533224 -8.413150 0.230569 0.250767 -1.044924 -0.940375 -0.006624 0.015575 -5.200830 -3.061498 0.000088 -0.009081 -0.037644 2.878751 0.584914 0.136847 -0.883356 -0.874799 0.387961 0.385112 1.251173 0.513370 -0.318353 -0.444982 -0.219038 -0.281562 -0.058711 -0.035460 -2.437766 -1.131558 0.322457 0.274533 -0.265223 1.250284 0.544020 0.379519 -0.980955 -1.852135 -0.571219 -0.607552 -2.163000 -0.616104 0.048254 0.179517 -0.527396 0.949038 0.052531 0.034170 -3.040205 -1.521837 -0.190240 -0.197512 0.024503 1.549192 0.021021 0.106734 -0.297000 296.000000
5.940000 -0.585420 -0.576550 -2.797010 -4.431688 0.191724 0.112395 15.283991 15.170557 0.023826 0.075599 -12.285498 -2.798045 0.726008 0.952823 -42.133698 23.957217 -0.484003 -0.456614 -1.359815 -21.881173 -0.031693 -0.084575 1.864940 2.744083 -0.787416 -0.838307 2.379553 6.115180 -0.506807 -0.488911 -4.863814 -2.869258 -0.294008 -0.302135 9.261704 -6.032188 0.966986 1.032917 -4.273982 -2.956248 0.052707 0.048356 8.956258 -7.921728 0.213256 0.252730 -1.246733 -1.044924 0.002489 0.017345 -2.639168 -2.581593 0.002920 -0.002196 0.387600 2.619237 0.730172 0.266114 -0.890271 -0.883356 0.349838 0.374173 0.939222 0.735106 -0.260659 -0.405034 -0.416580 -0.516067 -0.075163 -0.029269 -2.472261 -1.086271 0.315490 0.286462 -0.328619 1.351495 0.591730 0.426995 -0.184375 -0.980955 -0.498231 -0.576534 -2.223712 -0.817802 -0.011288 0.143183 -0.410868 1.345198 0.062559 0.056137 -2.606289 -1.532354 -0.180609 -0.194513 0.014087 1.507851 0.022216 0.118547 -0.312728 297.000000
5.960000 -0.566074 -0.568229 -0.870665 -2.797010 0.167991 0.111697 11.903084 13.784745 0.037140 0.084738 -10.680183 -1.499246 0.747236 0.929003 -32.583239 22.048636 -0.468731 -0.449733 -1.367245 -20.085062 -0.059153 -0.087456 1.120888 1.864940 -0.740046 -0.778450 -1.271171 2.379553 -0.499602 -0.476526 -6.944855 -2.198945 -0.333536 -0.348410 8.495289 -7.062759 0.873100 0.961129 -6.359236 -4.329428 0.024240 -0.038571 10.748662 -8.603409 0.200351 0.251186 -1.265738 -1.246733 0.003243 0.010920 -0.007520 -1.513384 -0.001918 -0.003038 0.606824 1.125784 0.860095 0.397167 -0.907001 -0.890271 0.283206 0.356483 0.197681 0.677901 -0.190701 -0.358588 -0.475438 -0.261321 -0.100818 -0.030125 -2.360634 -1.071821 0.302048 0.292953 -0.277371 1.400440 0.636678 0.470244 0.379056 -0.184375 -0.394403 -0.533475 -1.590931 -0.906422 -0.086349 0.098073 -0.135295 1.317290 0.103977 0.075604 -1.735114 -1.310188 -0.171604 -0.189896 -0.022919 1.296101 0.026853 0.128776 -0.320515 298.000000
5.980000 -0.564812 -0.562837 -0.745053 -0.870665 0.143209 0.105241 8.757701 11.291634 0.048072 0.086995 -7.684170 -0.611451 0.805741 0.905287 -16.614222 17.278770 -0.409008 -0.440930 0.046032 -15.304469 -0.065568 -0.089600 0.879923 1.120888 -0.696304 -0.723532 -1.543596 -1.271171 -0.493716 -0.460652 -8.977149 -0.775217 -0.367742 -0.381189 6.602973 -7.720072 0.789834 0.891227 -10.938698 -4.580916 0.056848 -0.130286 14.376902 -10.940152 0.206578 0.229879 2.881713 -1.265738 -0.003323 0.001552 0.322717 -0.307172 -0.008239 -0.008415 0.842972 -0.299652 0.934336 0.522622 -1.514473 -0.907001 0.226074 0.329182 0.549985 0.336559 -0.105787 -0.305676 -0.139379 0.138878 -0.139406 -0.039821 -2.128312 -1.041632 0.284396 0.293730 -0.185520 1.319003 0.670373 0.510899 0.419557 0.379056 -0.284497 -0.480133 -0.650798 -0.727818 -0.172386 0.041720 0.440020 0.863113 0.172278 0.099044 -0.941946 -0.856098 -0.165808 -0.184484 -0.067678 0.879016 0.033621 0.138790 -0.319960 299.000000
6.000000 -0.563595 -0.566869 1.762567 -0.745053 0.114350 0.098864 3.651237 8.220935 0.055240 0.078564 -2.666424 -0.536765 0.881188 0.889924 -0.100285 8.273876 -0.337564 -0.432489 2.190061 -8.340346 -0.059443 -0.090326 0.969677 0.879923 -0.667066 -0.692232 3.124372 -1.543596 -0.472958 -0.448498 -6.005986 1.187088 -0.399478 -0.404207 3.706047 -7.790061 0.748236 0.844404 -15.228382 -4.910774 0.137951 -0.181650 10.423295 -15.849472 0.225638 0.185215 6.143082 2.881713 -0.013570 -0.001295 -2.900236 -0.260127 -0.015962 -0.013941 0.079463 -0.582845 0.962187 0.633909 -2.252229 -1.514473 0.186696 0.293089 1.584935 0.344682 -0.031145 -0.248407 0.102923 -0.205303 -0.171109 -0.057091 -1.819222 -0.971396 0.270740 0.290105 -0.052388 1.156916 0.672840 0.548253 -0.279960 0.419557 -0.219729 -0.421711 -0.668078 -0.545409 -0.264631 -0.025033 0.798735 0.105389 0.226447 0.129181 -0.987297 -0.437134 -0.167372 -0.179786 -0.116239 0.504812 0.036747 0.149658 -0.312036 300.000000
6.020000 -0.563558 -0.578191 4.912519 1.762567 0.090606 0.093437 0.308915 3.158831 0.052292 0.059917 1.208273 -0.492407 0.901989 0.883354 4.226592 -1.531081 -0.334999 -0.427019 2.292332 -1.631366 -0.050582 -0.088937 0.887972 0.969677 -0.689999 -0.689216 0.141620 3.124372 -0.460679 -0.447244 -2.385736 1.149970 -0.437530 -0.421583 -0.858418 -4.856017 0.712959 0.829745 -22.074186 0.088572 0.126722 -0.171674 7.288781 -15.139810 0.233919 0.141268 6.580687 6.143082 -0.036447 0.001929 -7.998576 -1.489850 -0.028643 -0.018365 -1.536966 1.410386 0.986869 0.729017 -2.885999 -2.252229 0.180560 0.253744 2.811083 0.741006 0.026888 -0.189544 -0.060658 -0.843929 -0.209237 -0.082024 -1.205657 -0.883417 0.274041 0.285752 0.107231 0.935805 0.663210 0.577448 -0.287461 -0.279960 -0.220223 -0.365001 -2.401053 -0.733407 -0.329170 -0.094628 0.791441 -0.065329 0.258495 0.164139 -1.555365 -0.435529 -0.182181 -0.178220 -0.160913 0.551768 0.034213 0.159916 -0.299965 301.000000
6.040000 -0.564863 -0.592424 7.758958 4.912519 0.088367 0.088513 0.535389 -0.449679 0.048182 0.045847 1.986134 -0.758594 0.892158 0.880681 2.556889 -3.768360 -0.357087 -0.422903 1.489062 0.458232 -0.070658 -0.088520 0.711367 0.887972 -0.721490 -0.693897 -4.541714 0.141620 -0.449015 -0.451220 1.093379 1.622077 -0.474047 -0.436702 -5.428912 -0.763659 0.675400 0.823538 -28.809099 5.774593 0.029582 -0.154894 3.936170 -16.299593 0.234271 0.109817 6.369655 6.580687 -0.059854 0.001021 -11.647370 -3.230805 -0.039954 -0.020873 -3.724622 4.767771 0.967969 0.807107 -3.938533 -2.885999 0.199217 0.219164 3.862168 1.435870 0.062159 -0.133226 -0.226084 -1.375213 -0.243858 -0.110512 -1.198020 -0.656444 0.282016 0.283503 0.125383 0.549213 0.658454 0.596229 0.348650 -0.287461 -0.204763 -0.313333 -2.963549 -1.596247 -0.350106 -0.157482 0.962744 0.804806 0.269565 0.198947 -2.161257 -0.697226 -0.196714 -0.180629 -0.088818 0.858139 0.032327 0.169912 -0.287134 302.000000
6.060000 -0.573767 -0.608097 9.054793 7.758958 0.107316 0.093487 1.151229 -0.725373 0.053475 0.044112 1.230651 -1.260762 0.909590 0.883055 4.792385 -2.353547 -0.372616 -0.417964 1.410404 0.203342 -0.106686 -0.091909 -0.216904 0.711367 -0.709380 -0.697895 -2.008221 -4.541714 -0.439455 -0.452738 2.576124 2.167766 -0.500223 -0.453975 -6.307740 3.261145 0.678649 0.818420 -27.215207 11.562635 -0.045505 -0.142755 1.963897 -17.246464 0.253153 0.093036 5.929353 6.369655 -0.073126 -0.001154 -14.144713 -3.961374 -0.041662 -0.020250 -4.465328 7.685996 0.902834 0.862987 -5.165866 -3.938533 0.233579 0.194281 4.536460 2.044126 0.087079 -0.083616 -0.086015 -1.818042 -0.277419 -0.140252 -1.095679 -0.661701 0.291207 0.283937 0.085166 0.536318 0.633562 0.605658 0.272401 0.348650 -0.182631 -0.268566 -2.768344 -1.963147 -0.351874 -0.208223 0.958372 1.000403 0.278795 0.229914 -2.332440 -1.036220 -0.203834 -0.185338 0.020565 1.125037 0.027944 0.179348 -0.275683 303.000000
6.080000 -0.592714 -0.623983 8.239077 9.054793 0.135195 0.111895 1.261051 -0.039711 0.053398 0.050693 -0.736491 -1.190940 0.914820 0.891017 3.658380 -3.414504 -0.369336 -0.416124 0.814148 1.377881 -0.134748 -0.095439 -0.486033 -0.216904 -0.693891 -0.696502 0.044194 -2.008221 -0.442070 -0.449217 0.651408 1.865808 -0.512128 -0.477322 -3.276428 4.441932 0.693135 0.813587 -23.506431 12.189670 -0.069148 -0.135676 1.479795 -15.025537 0.282762 0.086406 6.243132 5.929353 -0.066705 -0.001037 -13.209867 -4.839693 -0.036040 -0.018175 -3.985072 9.305021 0.837149 0.893469 -5.196536 -5.165866 0.253111 0.181362 4.049629 2.311238 0.091645 -0.042655 -0.176500 -2.225222 -0.297659 -0.169365 -0.905525 -0.590422 0.292267 0.285652 -0.006013 0.505257 0.584250 0.606112 -0.355124 0.272401 -0.165007 -0.230841 -2.540328 -1.863358 -0.355120 -0.246749 0.696744 0.904986 0.295015 0.256668 -2.173156 -1.176502 -0.204693 -0.190148 0.085827 1.155937 0.017261 0.186365 -0.263736 304.000000
6.100000 -0.589293 -0.636113 10.477800 8.239077 0.146597 0.133154 -0.280466 0.998771 0.059220 0.057093 -0.470859 -0.262280 0.922036 0.901421 2.882139 -2.417005 -0.376259 -0.417165 1.291207 1.241375 -0.126808 -0.098527 -0.558053 -0.486033 -0.689115 -0.692681 0.106294 0.044194 -0.455824 -0.444489 -2.867462 1.312510 -0.515953 -0.499141 -0.582221 1.963918 0.697994 0.811123 -22.529524 10.684804 -0.078871 -0.131993 1.342721 -12.821627 0.302268 0.088337 5.876517 6.243132 -0.044447 -0.002267 -8.006116 -4.612397 -0.024628 -0.012729 -3.454064 8.597469 0.776648 0.898536 -4.114764 -5.196536 0.250979 0.179151 2.673622 2.113064 0.072545 -0.012266 -0.447165 -1.936565 -0.296707 -0.192751 -1.010716 -0.449756 0.297465 0.287977 -0.004046 0.455769 0.534680 0.597166 -0.548745 -0.355124 -0.153685 -0.199807 -2.323383 -1.618536 -0.349119 -0.274748 0.573870 0.921792 0.311022 0.279906 -1.962950 -1.129491 -0.200888 -0.193544 0.104066 1.043665 0.004386 0.189639 -0.253784 305.000000
6.120000 -0.583858 -0.641099 12.048249 10.477800 0.156648 0.151932 -1.426067 0.095197 0.072565 0.065504 0.169599 0.375663 0.934794 0.912070 2.591391 -2.373321 -0.370488 -0.418190 1.731791 0.508818 -0.102324 -0.096225 -0.458172 -0.558053 -0.706775 -0.690975 -3.193012 0.106294 -0.446713 -0.440428 -1.689942 1.724842 -0.524695 -0.510068 -2.074960 -1.142621 0.697244 0.812332 -23.443318 10.295318 -0.069930 -0.129637 1.560903 -12.234207 0.319578 0.097033 5.626717 5.876517 -0.044580 -0.008568 -5.807960 -2.276026 -0.015685 -0.001653 -4.573835 5.730090 0.726806 0.882015 -2.575135 -4.114764 0.241414 0.182756 1.676473 1.560394 0.053182 0.007481 -0.528852 -1.113229 -0.273625 -0.206540 -1.152588 -0.503335 0.320015 0.293257 0.059901 0.507381 0.495393 0.578205 0.261843 -0.548745 -0.149246 -0.176095 -1.969103 -1.448627 -0.331005 -0.292255 0.393839 0.874756 0.323371 0.299781 -1.789258 -1.033508 -0.203392 -0.195981 0.043993 0.929442 -0.005868 0.188237 -0.251155 306.000000
6.140000 -0.578745 -0.643253 13.312557 12.048249 0.166392 0.164776 -1.107239 -0.797833 0.083332 0.076322 -0.169359 0.628234 0.918576 0.924454 -3.257831 -2.546048 -0.417724 -0.422724 0.482589 0.045343 -0.076152 -0.096097 0.463165 -0.458172 -0.736872 -0.694138 -7.817546 -3.193012 -0.444856 -0.439349 -0.980616 1.882451 -0.524995 -0.509129 -3.862845 0.192509 0.717394 0.818125 -21.310839 10.594687 -0.041709 -0.127246 2.324052 -12.848631 0.331961 0.111879 4.885851 5.626717 -0.031275 -0.019785 -0.465503 -0.617062 -0.013363 0.008992 -5.675155 5.190898 0.690150 0.850026 -0.881076 -2.575135 0.234525 0.186789 1.408923 1.102663 0.025226 0.017181 -0.520065 -0.573810 -0.227403 -0.206399 -1.466830 -0.606244 0.349902 0.303675 0.020747 0.546344 0.458425 0.548855 1.404163 0.261843 -0.166492 -0.161255 -1.818987 -1.181471 -0.301115 -0.298535 0.170973 0.787632 0.314563 0.313893 -1.598588 -0.916625 -0.210557 -0.198880 0.011874 0.872633 -0.011642 0.183457 -0.255792 307.000000
6.160000 -0.575578 -0.643248 13.199878 13.312557 0.182981 0.170440 2.033644 -0.468940 0.081852 0.087322 -2.645628 0.638299 0.872245 0.938943 -15.633988 1.280486 -0.561769 -0.426970 -3.471059 -1.977345 -0.057947 -0.093681 0.782124 0.463165 -0.738384 -0.700151 -6.822905 -7.817546 -0.453471 -0.443240 -1.172312 2.421731 -0.509934 -0.499830 -3.692061 1.441114 0.762973 0.829182 -15.179802 8.977454 0.007509 -0.125148 3.799914 -12.333385 0.342118 0.134394 3.710110 4.885851 -0.025734 -0.032763 3.268355 2.604826 -0.008201 0.012854 -4.248118 3.070329 0.671677 0.809610 0.830612 -0.881076 0.237057 0.189499 1.542950 0.964494 0.011109 0.018705 -0.138614 -0.444429 -0.177414 -0.193315 -1.729045 -0.743789 0.374257 0.318401 -0.108553 0.723042 0.413650 0.511319 2.098907 1.404163 -0.240104 -0.157631 -3.060183 -0.994980 -0.258162 -0.292340 -0.277556 0.824007 0.276349 0.318422 -1.686271 -0.805231 -0.209314 -0.201692 0.064372 0.793357 -0.013061 0.175246 -0.264490 308.000000
6.180000 -0.600745 -0.636947 5.881855 13.199878 0.197152 0.170999 5.339006 2.339636 0.089245 0.100704 -4.482456 0.305992 0.803646 0.954236 -32.460155 10.323099 -0.747968 -0.434574 -8.547479 -5.310889 -0.052178 -0.089837 0.687169 0.782124 -0.724973 -0.707253 -2.508694 -6.822905 -0.472126 -0.454700 -1.268789 2.432186 -0.488994 -0.488616 -1.467283 1.259874 0.828612 0.847083 -6.751243 4.846363 0.076629 -0.120711 5.323323 -10.333439 0.345941 0.164584 2.201984 3.710110 -0.022560 -0.045501 6.339868 3.758236 0.001596 0.011156 -1.511854 0.489882 0.615669 0.763634 1.315034 0.830612 0.242307 0.192905 1.332084 0.840782 0.007087 0.015655 0.276935 -0.702168 -0.123854 -0.169426 -2.013086 -0.810246 0.388785 0.334634 -0.227465 0.918799 0.341086 0.468857 1.466821 2.098907 -0.318629 -0.166335 -4.029160 -1.391314 -0.194762 -0.272695 -0.545885 1.668869 0.219487 0.310984 -1.805022 -0.875322 -0.206817 -0.203444 0.057735 0.810949 -0.010456 0.162274 -0.275807 309.000000
6.200000 -0.625167 -0.624607 -2.235476 5.881855 0.214863 0.169215 9.371222 4.910731 0.103711 0.118983 -5.862942 -0.428275 0.749085 0.969740 -46.503881 22.401357 -0.877316 -0.444284 -11.984960 -10.058797 -0.043957 -0.085025 0.748277 0.687169 -0.711886 -0.719173 3.485619 -2.508694 -0.493468 -0.475428 -0.106741 1.368036 -0.468586 -0.476279 -0.375904 0.099247 0.903778 0.875534 0.757704 -0.467818 0.156254 -0.104658 5.495068 -7.219061 0.343877 0.198653 0.981612 2.201984 -0.037950 -0.057713 5.537991 3.925861 0.007031 0.007668 0.511079 -2.414007 0.509654 0.710598 0.478341 1.315034 0.217089 0.197352 0.141071 0.527574 0.003347 0.011581 0.273151 -0.804509 -0.103253 -0.142665 -2.280628 -0.892811 0.400878 0.350444 -0.257345 1.120276 0.248102 0.422073 0.348608 1.466821 -0.376200 -0.185897 -4.089758 -1.741638 -0.121336 -0.239925 -0.788950 2.287523 0.140916 0.290317 -2.096249 -0.931378 -0.210626 -0.204905 0.004241 0.873643 -0.004075 0.145059 -0.289416 310.000000
6.220000 -0.633467 -0.609003 -7.322296 -2.235476 0.226250 0.167226 11.965147 7.617082 0.115927 0.138328 -7.116855 -1.754140 0.715638 0.985897 -56.583651 31.905081 -0.952603 -0.454205 -13.996495 -14.598799 -0.048032 -0.080429 0.554034 0.748277 -0.723657 -0.738647 5.987603 3.485619 -0.520298 -0.505587 1.895077 0.241323 -0.456844 -0.462855 -0.562059 0.134582 0.984238 0.921039 5.026695 -4.346291 0.237596 -0.066780 4.083136 -3.588587 0.333627 0.230587 0.032812 0.981612 -0.047240 -0.067436 5.104317 2.513456 0.008621 0.002890 1.912882 -3.024535 0.391472 0.647523 -0.057993 0.478341 0.204967 0.201413 -0.419835 -0.066040 0.006456 0.008483 0.294862 -0.207111 -0.109704 -0.120667 -2.456128 -1.011641 0.416162 0.365809 -0.231768 1.268986 0.150458 0.370139 -0.681239 0.348608 -0.427737 -0.213610 -4.010791 -1.650404 -0.062601 -0.197820 -1.174640 2.439354 0.053944 0.255869 -2.163018 -1.050245 -0.214054 -0.206771 0.006845 1.046004 0.003613 0.124545 -0.301940 311.000000
6.240000 -0.627698 -0.593885 -8.868565 -7.322296 0.240082 0.168266 13.783761 9.541001 0.124004 0.153928 -7.853264 -2.424146 0.718367 1.004661 -60.309344 38.397295 -0.977323 -0.463730 -14.475241 -18.186356 -0.054553 -0.077085 0.414736 0.554034 -0.756119 -0.763288 5.133058 5.987603 -0.550063 -0.540673 3.200946 -0.666509 -0.445341 -0.450241 -0.811095 1.228568 1.049578 0.983204 3.420650 -5.461372 0.337952 -0.002144 2.923565 -0.434677 0.320831 0.256354 -0.219176 0.032812 -0.051345 -0.071435 4.009963 1.595718 -0.000696 -0.002804 1.291518 -3.508599 0.274591 0.573476 -0.128606 -0.057993 0.209770 0.204643 -0.203044 -0.357348 0.017499 0.007640 0.370410 0.062486 -0.140666 -0.108838 -2.535217 -1.112180 0.432415 0.381214 -0.222511 1.343948 0.075674 0.312868 -0.580858 -0.681239 -0.471849 -0.247079 -3.695573 -1.418076 -0.022898 -0.152331 -1.551360 2.592716 -0.029491 0.208718 -1.864919 -1.084931 -0.214318 -0.208636 0.030552 1.078086 0.008915 0.101957 -0.311063 312.000000
6.260000 -0.611046 -0.581496 -7.636339 -8.868565 0.248771 0.175098 13.292669 10.818512 0.127049 0.163266 -8.153122 -2.965248 0.740534 1.026816 -60.724290 40.605796 -0.960240 -0.472828 -13.747486 -19.703548 -0.059020 -0.075146 0.336516 0.414736 -0.787359 -0.791137 4.908705 5.133058 -0.578860 -0.573899 3.615720 -1.194925 -0.437377 -0.439274 -0.967963 2.006021 1.099342 1.051800 -0.259889 -3.821139 0.442114 0.068023 4.683742 -0.400489 0.312044 0.276319 -0.746528 -0.219176 -0.049984 -0.067607 2.393845 1.359223 -0.009111 -0.007978 0.430344 -2.650741 0.156641 0.488647 0.124459 -0.128606 0.207709 0.206382 -0.067630 -0.286727 0.028119 0.009490 0.323215 -0.083683 -0.192604 -0.109907 -2.598776 -1.156353 0.445824 0.396450 -0.239202 1.378864 0.000352 0.250359 -0.303619 -0.580858 -0.485240 -0.283295 -2.644164 -1.072106 0.007311 -0.108755 -1.563237 2.623466 -0.124071 0.150463 -1.749754 -0.947735 -0.212383 -0.209886 0.039611 0.917184 0.008548 0.078628 -0.317188 313.000000
6.280000 -0.599855 -0.570619 -7.508804 -7.636339 0.241220 0.185904 9.314366 10.722896 0.132717 0.164996 -6.269526 -2.569773 0.755311 1.050194 -62.425474 40.287830 -0.924616 -0.480505 -12.626879 -20.436460 -0.059766 -0.073920 0.331415 0.336516 -0.808249 -0.815191 4.199260 4.908705 -0.590157 -0.602188 6.054360 -1.323879 -0.440796 -0.433931 -1.779493 2.291842 1.135896 1.108826 -1.768761 -3.251718 0.527162 0.141327 3.475934 -3.511606 0.312960 0.291111 -0.545321 -0.746528 -0.038424 -0.057395 2.041937 0.981751 -0.015646 -0.012319 -0.109259 -1.412095 0.020804 0.393352 -0.001029 0.124459 0.211493 0.206744 0.162797 -0.195423 0.026296 0.012402 0.125924 -0.127792 -0.245745 -0.122249 -2.669530 -1.179787 0.449420 0.410013 -0.279277 1.418989 -0.094897 0.182002 -0.460990 -0.303619 -0.479793 -0.317378 -1.773090 -0.540464 0.028117 -0.070175 -1.436933 2.103701 -0.205987 0.084465 -1.513149 -0.894683 -0.212186 -0.210588 0.019890 0.855072 0.002492 0.054589 -0.320841 314.000000
6.300000 -0.598949 -0.559584 -9.563731 -7.508804 0.235077 0.197470 5.763914 7.791946 0.142471 0.161664 -3.200712 -1.522420 0.754880 1.072202 -66.558500 40.329344 -0.903867 -0.488528 -11.624065 -22.096130 -0.063279 -0.072732 0.181025 0.331415 -0.823659 -0.831227 3.491856 4.199260 -0.597166 -0.623984 8.175125 -2.137433 -0.446497 -0.432389 -2.973009 3.916927 1.168575 1.149732 -1.445905 -1.625244 0.590529 0.220240 3.420318 -3.394004 0.315009 0.300451 -0.308694 -0.545321 -0.021854 -0.045008 2.759889 1.075598 -0.019842 -0.014037 -1.119575 -0.966339 -0.148324 0.286705 -0.714284 -0.001029 0.231920 0.207762 0.733177 0.018436 0.003806 0.012312 -0.048380 -0.144360 -0.295859 -0.142131 -2.912064 -1.195126 0.445835 0.420239 -0.270177 1.474403 -0.211049 0.106556 -0.899148 -0.460990 -0.464518 -0.344174 -1.423390 -0.168079 0.034699 -0.038357 -1.375638 1.605011 -0.268541 0.016034 -1.243482 -0.766519 -0.215601 -0.211481 -0.003855 0.746629 -0.006323 0.030283 -0.323608 315.000000
6.320000 -0.592694 -0.549158 -10.151687 -9.563731 0.236507 0.208143 4.171268 4.482313 0.146332 0.157779 -1.766010 -1.281601 0.772568 1.091011 -66.259499 41.671825 -0.839934 -0.495822 -9.704207 -24.886675 -0.065711 -0.072306 0.195841 0.181025 -0.841169 -0.843730 2.310882 3.491856 -0.614369 -0.641543 7.892793 -2.601058 -0.448099 -0.431424 -3.516931 5.574067 1.190925 1.178994 -1.382025 -1.746517 0.657725 0.299006 3.093556 -3.192422 0.309330 0.305437 -0.216356 -0.308694 -0.012367 -0.034569 3.114436 1.939732 -0.021436 -0.013246 -1.812935 -0.820157 -0.357318 0.166568 -2.086999 -0.714284 0.255053 0.211496 1.005798 0.390778 -0.042547 0.004594 -0.207510 -0.342399 -0.338706 -0.166903 -3.015773 -1.320943 0.439311 0.426572 -0.212240 1.591120 -0.357163 0.021513 -1.725210 -0.899148 -0.448858 -0.360814 -1.722952 -0.023876 0.035503 -0.013389 -1.375506 1.399514 -0.320424 -0.050432 -1.133238 -0.619814 -0.217731 -0.212785 0.009566 0.623668 -0.014674 0.007642 -0.326921 316.000000
6.340000 -0.589542 -0.541760 -10.368499 -10.151687 0.235540 0.217408 2.299918 2.968639 0.146420 0.154885 -1.285195 -1.202629 0.797961 1.107092 -64.106672 40.136187 -0.786162 -0.500667 -8.182893 -26.123312 -0.062302 -0.072604 0.366596 0.195841 -0.853110 -0.856424 2.585091 2.310882 -0.625424 -0.656149 8.083348 -2.187931 -0.446490 -0.429359 -3.786970 5.704862 1.213194 1.199868 0.019994 -1.542535 0.689516 0.374390 2.286703 -2.924560 0.302824 0.306664 -0.106513 -0.216356 -0.004819 -0.027946 3.856200 2.463686 -0.015266 -0.010980 -1.209729 -0.650751 -0.540623 0.032006 -2.004089 -2.086999 0.275544 0.218477 1.087351 0.606654 -0.093234 -0.013014 -0.056291 -0.399144 -0.364035 -0.193205 -2.866547 -1.401766 0.432899 0.429518 -0.135293 1.614007 -0.496729 -0.074275 -1.923671 -1.725210 -0.422059 -0.366962 -1.933507 -0.173723 0.034510 0.005347 -1.275659 1.549229 -0.348158 -0.111541 -0.796018 -0.571402 -0.222883 -0.214717 0.001593 0.561836 -0.020864 -0.011570 -0.330579 317.000000
6.360000 -0.596436 -0.540021 -11.099282 -10.368499 0.235872 0.225568 0.916694 1.792556 0.142093 0.151902 -1.428089 -0.507361 0.819930 1.121992 -62.586876 37.961384 -0.740716 -0.503358 -6.936276 -26.145287 -0.056666 -0.073489 0.621815 0.366596 -0.860246 -0.870697 4.264144 2.585091 -0.631615 -0.665589 7.796369 -2.148189 -0.434748 -0.424283 -2.997893 5.935159 1.234784 1.214526 2.227560 -1.660996 0.679290 0.439260 1.389797 -1.641002 0.289835 0.304521 -0.106144 -0.106513 -0.003153 -0.024957 4.134602 2.532964 -0.007423 -0.008568 -0.012016 -1.323236 -0.675985 -0.112678 -0.582918 -2.004089 0.288742 0.227878 0.934914 0.571821 -0.139209 -0.038886 0.184218 -0.515530 -0.367857 -0.217988 -2.366639 -1.365627 0.429296 0.430258 -0.060014 1.500920 -0.606349 -0.178320 -1.229585 -1.923671 -0.394038 -0.363837 -2.203459 -0.328924 0.042424 0.019557 -0.999979 1.604583 -0.357341 -0.164509 -0.373978 -0.398806 -0.229596 -0.217639 0.008249 0.397212 -0.025325 -0.025963 -0.334222 318.000000
6.380000 -0.600523 -0.544597 -10.148758 -11.099282 0.242544 0.233345 0.689431 1.172392 0.136594 0.147739 -1.488705 0.255697 0.857614 1.136640 -57.972196 36.301430 -0.699434 -0.504617 -5.761039 -26.285447 -0.052507 -0.075130 0.879457 0.621815 -0.860292 -0.885550 7.152401 4.264144 -0.636090 -0.667260 6.017260 -2.399238 -0.415530 -0.415337 -1.461593 5.397131 1.244562 1.225163 2.467038 -2.117213 0.630734 0.483721 1.069573 0.110347 0.279052 0.300147 -0.155488 -0.106144 -0.007361 -0.024795 3.604024 2.073309 -0.000553 -0.007082 1.209524 -2.061293 -0.774682 -0.259750 1.164438 -0.582918 0.298602 0.238452 0.814816 0.375348 -0.181432 -0.070102 0.377261 -0.559566 -0.358830 -0.238863 -1.833370 -1.153312 0.427876 0.429987 -0.013456 1.213326 -0.690054 -0.285134 -0.307024 -1.229585 -0.370523 -0.354150 -2.411197 -0.601740 0.061785 0.032155 -0.673017 1.601719 -0.353535 -0.207675 -0.026832 -0.191114 -0.234114 -0.221253 0.038554 0.182865 -0.028924 -0.035100 -0.337218 319.000000
6.400000 -0.601507 -0.553434 -8.113452 -10.148758 0.250841 0.241155 0.825409 1.089068 0.135381 0.143478 -0.994495 0.399637 0.892359 1.150878 -53.756113 33.145568 -0.663715 -0.505250 -4.712180 -24.826628 -0.045423 -0.077476 1.215985 0.879457 -0.870892 -0.900027 7.887442 7.152401 -0.636773 -0.661083 3.630368 -2.277834 -0.395590 -0.402628 -0.555192 3.739426 1.246275 1.233807 1.275589 -2.005751 0.591290 0.504451 1.502935 0.461287 0.271780 0.295176 -0.214168 -0.155488 -0.009508 -0.026826 3.889614 1.197250 -0.000865 -0.006739 1.272488 -2.406774 -0.856255 -0.400945 2.178791 1.164438 0.297116 0.248920 0.426575 0.218778 -0.214915 -0.103266 0.443241 -0.596039 -0.341982 -0.254730 -1.322730 -0.909957 0.428249 0.429537 0.009031 0.923413 -0.765397 -0.389829 0.306921 -0.307024 -0.343933 -0.340360 -2.410144 -0.869090 0.088200 0.046032 -0.503693 1.542107 -0.344161 -0.240478 0.134570 -0.032693 -0.236574 -0.224915 0.059472 -0.005861 -0.031868 -0.039995 -0.340151 320.000000
6.420000 -0.600387 -0.563683 -5.833751 -8.113452 0.256965 0.247281 1.206829 0.909952 0.131725 0.139661 -1.044685 0.084543 0.913029 1.163459 -51.786443 30.280251 -0.615696 -0.505305 -3.336225 -23.475862 -0.036512 -0.080032 1.557782 1.215985 -0.878224 -0.912132 8.289249 7.887442 -0.638752 -0.651945 1.346076 -1.537588 -0.380398 -0.389661 0.162870 2.092780 1.244869 1.241637 -0.478172 -1.722914 0.542271 0.504229 1.983075 -0.447325 0.266761 0.290542 -0.283307 -0.214168 -0.010138 -0.030644 4.760615 1.308563 -0.002296 -0.008493 1.652936 -2.581051 -0.942998 -0.530889 2.027870 2.178791 0.282525 0.257626 -0.106098 -0.008333 -0.248747 -0.136344 0.367395 -0.434908 -0.316188 -0.263134 -1.151123 -0.665880 0.429011 0.429292 0.010016 0.656850 -0.842416 -0.489182 0.225511 0.306921 -0.308478 -0.323610 -2.062611 -0.953226 0.131982 0.063981 -0.250125 1.456919 -0.328396 -0.263035 0.164619 0.037549 -0.241931 -0.228704 0.045868 -0.097021 -0.033279 -0.042121 -0.342649 321.000000
6.440000 -0.600153 -0.573381 -3.990455 -5.833751 0.265156 0.250417 2.672511 1.125757 0.122034 0.135968 -2.248637 -0.081072 0.923591 1.173029 -51.067274 28.301976 -0.571342 -0.504427 -2.146866 -23.484467 -0.036141 -0.082562 1.643953 1.557782 -0.886204 -0.919805 7.539820 8.289249 -0.636040 -0.643458 0.294542 -0.754473 -0.368707 -0.379469 0.869339 0.591603 1.239468 1.248462 -2.703648 -1.192694 0.491214 0.486756 2.501937 -1.670866 0.261850 0.286498 -0.362605 -0.283307 -0.017717 -0.035909 4.505927 1.553840 -0.008658 -0.012502 1.465124 -3.206776 -1.028632 -0.647597 1.286701 2.027870 0.262791 0.262782 -0.469465 -0.236746 -0.281568 -0.169067 0.325514 -0.130648 -0.298868 -0.266058 -0.995693 -0.580570 0.426305 0.428861 -0.012211 0.570553 -0.908342 -0.580507 -0.114832 0.225511 -0.283691 -0.305019 -1.985340 -0.906243 0.184198 0.088288 -0.167180 1.156368 -0.317403 -0.276890 0.023430 0.059376 -0.244219 -0.232464 0.065657 -0.105244 -0.032806 -0.042701 -0.343588 322.000000
6.460000 -0.595309 -0.581255 -1.835875 -3.990455 0.263329 0.252287 1.956290 2.460574 0.112427 0.131504 -3.124661 -0.211937 0.930644 1.178821 -50.204010 27.083674 -0.528456 -0.502454 -1.028180 -23.983600 -0.042952 -0.085310 1.555165 1.643953 -0.881213 -0.920197 7.296857 7.539820 -0.624126 -0.633754 0.336293 -0.581941 -0.366228 -0.374002 1.090178 -0.287398 1.230661 1.252298 -4.618951 -0.454575 0.439843 0.455047 3.230515 -3.158223 0.262931 0.283504 -0.380428 -0.362605 -0.016508 -0.039981 5.147234 1.520402 -0.011021 -0.017084 1.820104 -2.985525 -1.104210 -0.750598 0.313836 1.286701 0.252003 0.263149 -0.185427 -0.397490 -0.312937 -0.201785 0.405321 0.071976 -0.286031 -0.265301 -0.972240 -0.491741 0.419446 0.427381 -0.024233 0.503952 -0.964512 -0.661854 -0.670471 -0.114832 -0.266384 -0.286611 -1.882350 -0.909080 0.238574 0.119588 -0.272438 1.076260 -0.303089 -0.284033 -0.031406 -0.021113 -0.245515 -0.235778 0.067309 -0.044544 -0.032115 -0.042537 -0.343007 323.000000
6.480000 -0.602363 -0.586500 -2.554499 -1.835875 0.261299 0.254644 1.031815 2.540475 0.107366 0.126389 -3.058293 0.584186 0.929474 1.179918 -49.874804 25.844351 -0.508351 -0.499005 -0.719796 -24.359659 -0.050139 -0.088352 1.448539 1.555165 -0.869436 -0.911806 6.752931 7.296857 -0.605261 -0.619435 0.432331 -0.713235 -0.366869 -0.373048 1.268837 -0.376942 1.212922 1.250436 -6.786173 -0.022957 0.390497 0.411401 4.131484 -4.641908 0.264721 0.282094 -0.446260 -0.380428 -0.020119 -0.040984 4.235636 1.663565 -0.012319 -0.019818 1.754102 -3.483669 -1.160223 -0.839770 -0.375120 0.313836 0.240233 0.258891 0.146819 -0.295374 -0.340085 -0.234339 0.562144 -0.109947 -0.277187 -0.263434 -0.733788 -0.474003 0.415103 0.424893 0.012573 0.498236 -1.011454 -0.732368 -1.355577 -0.670471 -0.263374 -0.270252 -2.003774 -0.804956 0.285186 0.156461 -0.562233 1.077394 -0.282540 -0.285481 0.035567 -0.049358 -0.247629 -0.238688 0.052981 -0.017952 -0.032829 -0.042087 -0.341919 324.000000
6.500000 -0.598142 -0.588230 -2.016458 -2.554499 0.260340 0.257462 0.260827 2.045054 0.107229 0.121633 -2.258850 1.013239 0.933147 1.175042 -47.192630 25.457095 -0.512910 -0.493489 -1.241420 -24.417710 -0.058256 -0.091506 1.300677 1.448539 -0.843849 -0.894334 6.942873 6.752931 -0.579852 -0.598841 0.460776 -0.850584 -0.370081 -0.374897 1.335825 -0.418253 1.187334 1.240402 -8.550116 0.410155 0.344074 0.357256 5.369473 -6.376018 0.261992 0.281829 -0.594056 -0.446260 -0.024814 -0.039816 2.849685 1.240767 -0.016087 -0.020043 0.717747 -2.994869 -1.188382 -0.914446 -0.757021 -0.375120 0.223153 0.250847 0.285379 -0.207662 -0.359724 -0.265377 0.691285 -0.354481 -0.275931 -0.262685 -0.487969 -0.373180 0.414441 0.422312 0.046264 0.360608 -1.038312 -0.791517 -1.797176 -1.355577 -0.265580 -0.256990 -2.136656 -0.720771 0.326113 0.196561 -0.873491 1.283004 -0.264054 -0.281834 -0.089383 -0.008707 -0.248730 -0.241225 0.049645 -0.044274 -0.034676 -0.041269 -0.340880 325.000000
6.520000 -0.595714 -0.584738 -3.066158 -2.016458 0.254856 0.259656 -1.053459 1.259839 0.111499 0.117902 -0.838559 0.999012 0.925792 1.163001 -45.123536 24.492620 -0.544310 -0.485600 -2.673866 -22.700010 -0.068661 -0.094480 1.040016 1.300677 -0.806634 -0.865880 6.976662 6.942873 -0.550955 -0.572546 0.241204 -0.898300 -0.375876 -0.379411 1.465405 -0.437524 1.154882 1.219878 -9.225938 0.398299 0.286476 0.292485 6.642122 -8.151817 0.248202 0.280812 -0.795201 -0.594056 -0.024273 -0.037687 2.477989 1.065969 -0.016772 -0.018664 0.148714 -1.783716 -1.191400 -0.973109 -0.989981 -0.757021 0.207936 0.240111 0.421313 -0.202953 -0.380091 -0.294068 0.680288 -0.488332 -0.274557 -0.263254 -0.245107 -0.267117 0.417302 0.420579 0.059857 0.220852 -1.048875 -0.838678 -2.133120 -1.797176 -0.269011 -0.247113 -2.152640 -0.631583 0.365616 0.238058 -1.073431 1.505073 -0.242752 -0.273820 -0.154856 -0.069514 -0.249491 -0.243345 0.043014 0.019869 -0.036901 -0.040889 -0.339677 326.000000
6.540000 -0.590485 -0.575454 -4.702048 -3.066158 0.258443 0.259408 0.174621 -0.107450 0.116041 0.116430 -0.079111 0.946009 0.915432 1.143646 -42.312403 24.492299 -0.590627 -0.475271 -4.599327 -20.631237 -0.075265 -0.096903 0.849470 1.040016 -0.764581 -0.826466 6.014854 6.976662 -0.527715 -0.543245 -1.194342 -0.853305 -0.382508 -0.386376 1.852661 -0.612100 1.124248 1.187535 -7.125694 -0.182643 0.206422 0.217472 7.421998 -9.408582 0.223322 0.276085 -0.908359 -0.795201 -0.027390 -0.036892 2.078955 1.164638 -0.013895 -0.016049 -0.003988 -1.313351 -1.202767 -1.017006 -1.644049 -0.989981 0.204156 0.228537 0.705148 -0.129487 -0.407250 -0.321745 0.673520 -0.550801 -0.273334 -0.264345 -0.101707 -0.152482 0.422965 0.420326 0.054125 0.092625 -1.068319 -0.875016 -2.865287 -2.133120 -0.275217 -0.240875 -2.091092 -0.539605 0.406261 0.280061 -1.181643 1.613035 -0.218641 -0.262027 -0.198512 -0.098935 -0.250474 -0.245130 0.033249 0.055921 -0.037813 -0.041246 -0.337948 327.000000
6.560000 -0.575838 -0.560927 -5.367263 -4.702048 0.265624 0.256834 2.423741 0.126866 0.124354 0.119434 0.199140 -0.047755 0.897212 1.118372 -40.158097 24.476915 -0.623038 -0.463075 -6.087306 -17.835488 -0.077847 -0.098759 0.780424 0.849470 -0.724330 -0.777564 2.847787 6.014854 -0.500355 -0.512003 -2.311922 -0.329160 -0.394781 -0.395312 1.490610 -1.523501 1.079197 1.141539 -4.485408 -1.795836 0.093907 0.134822 6.785904 -8.921529 0.185360 0.264253 -0.827781 -0.908359 -0.029408 -0.039150 2.654643 1.041471 -0.011204 -0.011035 -0.873010 -1.037483 -1.225981 -1.050255 -2.503801 -1.644049 0.206997 0.218807 0.741147 0.015814 -0.445708 -0.350734 0.623926 -0.689334 -0.275073 -0.266258 0.055678 -0.077916 0.428587 0.421571 0.024628 0.023791 -1.092212 -0.904163 -3.441931 -2.865287 -0.277320 -0.237774 -1.923203 -0.454724 0.448106 0.322506 -1.279310 1.636367 -0.187579 -0.246270 -0.207997 -0.115881 -0.253003 -0.246883 0.019549 0.082631 -0.035855 -0.042106 -0.337276 328.000000
6.580000 -0.551724 -0.542994 -4.439995 -5.367263 0.275622 0.254139 4.746542 1.112300 0.136150 0.128665 -0.290174 -1.311441 0.886817 1.089320 -35.999218 24.474083 -0.622544 -0.449783 -6.630651 -15.684013 -0.079842 -0.100445 0.787692 0.780424 -0.684952 -0.720410 -1.646277 2.847787 -0.467541 -0.478076 -2.921872 0.410656 -0.414717 -0.407168 0.411090 -1.901266 1.010075 1.079743 -3.899794 -2.656719 -0.037645 0.044068 6.829051 -7.142127 0.147890 0.244023 -0.570040 -0.827781 -0.038929 -0.044586 2.247736 1.763826 -0.010209 -0.003314 -2.559952 -0.890817 -1.250667 -1.077298 -3.068763 -2.503801 0.213745 0.213176 0.538512 0.058610 -0.482729 -0.381938 0.695112 -0.682537 -0.279612 -0.269814 0.278477 0.015525 0.430999 0.423589 -0.018237 -0.040153 -1.105619 -0.929547 -3.354304 -3.441931 -0.274917 -0.236200 -1.769826 -0.321947 0.488287 0.365144 -1.372893 1.601256 -0.150526 -0.225985 -0.237915 -0.113773 -0.254646 -0.248681 0.024036 0.094224 -0.030930 -0.042680 -0.339938 329.000000
6.600000 -0.517524 -0.525009 -0.932880 -4.439995 0.284459 0.253292 6.317285 2.518358 0.141167 0.143139 -2.656864 -2.228184 0.913137 1.060133 -25.241241 22.786939 -0.561042 -0.435553 -5.120794 -13.212279 -0.079330 -0.102649 0.881995 0.787692 -0.635504 -0.658487 -3.917250 -1.646277 -0.438008 -0.442064 -4.354842 1.255391 -0.428706 -0.422312 0.916995 -1.666481 0.935679 1.003681 -2.946913 -2.980677 -0.146803 -0.052478 7.449635 -6.880472 0.122347 0.214307 1.283316 -0.570040 -0.053663 -0.052829 1.149941 2.403844 -0.004380 0.004970 -3.007635 0.156108 -1.273511 -1.102423 -3.103951 -3.068763 0.225891 0.211902 0.512787 -0.078300 -0.500746 -0.413185 0.994004 -0.616812 -0.284989 -0.273997 0.260583 0.148357 0.427079 0.425004 -0.058238 -0.130120 -1.109406 -0.953150 -2.743021 -3.354304 -0.272246 -0.235139 -1.606185 -0.198466 0.521393 0.406674 -1.446705 1.571360 -0.116814 -0.201580 -0.413080 -0.130975 -0.257639 -0.250619 0.016766 0.106940 -0.024140 -0.042250 -0.345875 330.000000
6.620000 -0.487068 -0.509810 2.530263 -0.932880 0.281481 0.254715 5.235696 4.487075 0.146654 0.156687 -3.762244 -1.830211 0.965864 1.035995 -10.972288 16.317834 -0.441812 -0.423317 -1.557143 -8.923407 -0.079118 -0.104641 0.983600 0.881995 -0.567845 -0.602444 -1.050914 -3.917250 -0.408422 -0.407737 -4.931057 1.718923 -0.443122 -0.439478 1.803404 -2.635919 0.880621 0.934043 -0.545146 -3.905180 -0.176912 -0.155948 9.123278 -6.852093 0.111169 0.166444 3.145400 1.283316 -0.069150 -0.060000 -0.685432 2.078788 0.010783 0.012659 -1.436114 0.928847 -1.263877 -1.125734 -2.119172 -3.103951 0.237513 0.212392 0.843677 -0.240608 -0.501298 -0.440475 1.267692 -0.753396 -0.286436 -0.276502 -0.055712 0.159410 0.421746 0.424994 -0.045374 -0.101173 -1.091436 -0.974149 -1.767115 -2.743021 -0.265803 -0.235314 -1.135092 -0.079740 0.529950 0.443290 -1.514587 1.526445 -0.088352 -0.174602 -0.632251 -0.214923 -0.264631 -0.253315 0.001943 0.198157 -0.018779 -0.041670 -0.353353 331.000000
6.640000 -0.482610 -0.497310 1.062959 2.530263 0.255378 0.261632 -2.620565 4.498970 0.171933 0.162089 1.780441 -0.736726 0.985440 1.019356 -4.708196 6.610401 -0.348017 -0.414897 1.324077 -4.361887 -0.088878 -0.107659 0.876528 0.983600 -0.503394 -0.573416 10.992623 -1.050914 -0.371574 -0.386391 0.667525 1.563827 -0.465057 -0.454920 0.333701 -3.367231 0.837320 0.896670 -8.199321 -6.314434 -0.132171 -0.181142 0.161986 -6.859580 0.120737 0.110646 5.423465 3.145400 -0.072460 -0.058570 -3.507548 0.375341 0.022500 0.018377 0.207430 1.060773 -1.245143 -1.141903 -2.291312 -2.119172 0.246845 0.212249 1.437120 -0.212008 -0.503703 -0.462086 1.258779 -1.055685 -0.289010 -0.277546 -0.356795 -0.005169 0.422524 0.424395 0.010875 0.050543 -1.075754 -0.988500 -1.994036 -1.767115 -0.269760 -0.237776 -0.767952 0.189748 0.515315 0.470569 -1.581623 1.324840 -0.070319 -0.147000 -0.998341 -0.317097 -0.274272 -0.257400 0.008769 0.315154 -0.020155 -0.043521 -0.359462 332.000000
6.660000 -0.454604 -0.481441 2.693010 1.062959 0.229799 0.270535 -9.339960 -2.200503 0.191501 0.163113 5.503653 0.420062 1.001593 1.006305 0.929353 1.398114 -0.374307 -0.409736 0.649277 -3.310081 -0.090944 -0.110101 0.756854 0.876528 -0.503830 -0.552621 6.638486 10.992623 -0.358420 -0.375296 1.955853 -0.500613 -0.488119 -0.472447 -0.798868 0.166912 0.755893 0.875069 -21.034440 3.982706 -0.263600 -0.153557 -6.014583 -4.216614 0.153613 0.067891 6.086687 5.423465 -0.071992 -0.054408 -3.919012 -1.857489 0.018706 0.022187 -1.169757 1.650059 -1.219111 -1.148652 -2.360274 -2.291312 0.239527 0.211930 1.101436 0.089170 -0.513056 -0.479731 1.078249 -1.347949 -0.289747 -0.278961 -0.115820 -0.183835 0.423660 0.424041 0.016516 0.172960 -1.047862 -0.991284 -2.580737 -1.994036 -0.283515 -0.241911 -0.976723 0.406836 0.486738 0.485813 -1.505070 1.174787 -0.070385 -0.122411 -1.255295 -0.503555 -0.277848 -0.262134 0.066886 0.494786 -0.026407 -0.050279 -0.362983 333.000000
6.680000 -0.412194 -0.460415 6.195700 2.693010 0.238524 0.277072 -8.379097 -7.421807 0.188746 0.164076 4.769491 1.918154 0.982057 0.993252 -0.240720 -0.933454 -0.447046 -0.406853 -1.409039 -0.004102 -0.091600 -0.111626 0.728982 0.756854 -0.513771 -0.529708 -0.380205 6.638486 -0.374570 -0.366988 -2.472270 -0.578492 -0.501555 -0.486255 -1.181401 1.377361 0.697013 0.859581 -30.492088 14.859749 -0.466139 -0.139148 -10.538896 -6.174691 0.210240 0.047209 5.914095 6.086687 -0.051948 -0.051671 -0.388869 -1.374628 0.011771 0.023797 -2.482529 2.544385 -1.220230 -1.146807 -3.693619 -2.360274 0.234805 0.212588 0.638432 0.011594 -0.517659 -0.493901 0.933847 -1.089843 -0.259989 -0.276162 0.022846 -0.066168 0.418961 0.423304 -0.017270 0.049652 -1.038124 -0.984204 -3.630281 -2.580737 -0.292826 -0.246678 -1.135641 0.264173 0.468160 0.491405 -1.332129 1.240896 -0.073920 -0.103179 -1.330306 -0.661090 -0.271711 -0.265486 0.118551 0.594205 -0.032031 -0.060950 -0.365472 334.000000
6.700000 -0.399314 -0.437243 4.230188 6.195700 0.255151 0.279651 -5.076008 -6.574294 0.175430 0.163410 2.630150 1.804803 0.950784 0.980948 -4.412318 1.137686 -0.515030 -0.406213 -3.164188 0.896966 -0.097429 -0.113671 0.685767 0.728982 -0.507781 -0.505765 -3.763421 -0.380205 -0.380985 -0.363252 -3.880415 1.826835 -0.505972 -0.499019 0.306179 -0.645435 0.700474 0.850074 -29.017915 22.855127 -0.554534 -0.141804 -11.361140 -7.636961 0.258404 0.050816 4.916770 5.914095 -0.038048 -0.048247 1.415446 1.046830 0.008174 0.022213 -2.412431 1.435699 -1.228533 -1.139900 -4.687947 -3.693619 0.238235 0.215553 0.281616 -0.147708 -0.515597 -0.504369 0.874262 -0.786140 -0.230337 -0.267427 0.028698 0.020058 0.417787 0.422099 0.013491 -0.002788 -1.032221 -0.973255 -4.011012 -3.630281 -0.293708 -0.251546 -0.951708 0.098244 0.473388 0.493010 -0.939009 1.233885 -0.084821 -0.090348 -1.241765 -0.724428 -0.269272 -0.267047 0.064347 0.605877 -0.036599 -0.073760 -0.367421 335.000000
6.720000 -0.380030 -0.416084 4.205568 4.230188 0.286393 0.279641 1.421991 -3.853079 0.146914 0.159594 -1.844287 1.222929 0.911189 0.972697 -11.404046 4.490703 -0.564085 -0.408268 -4.407251 0.078385 -0.085625 -0.114626 0.913207 0.685767 -0.486126 -0.484985 -3.021003 -3.763421 -0.390117 -0.363213 -5.239475 1.787118 -0.498305 -0.508272 2.926175 -2.093297 0.755178 0.850832 -19.993034 22.711700 -0.504909 -0.163375 -7.355513 -6.306215 0.296706 0.075892 3.384480 4.916770 -0.033072 -0.043640 1.419318 1.913938 -0.001499 0.016046 -2.297814 0.498493 -1.217388 -1.132184 -4.533605 -4.687947 0.241787 0.220733 -0.064501 -0.296323 -0.501063 -0.510156 0.900734 -0.577939 -0.195939 -0.252336 -0.162799 0.007603 0.411203 0.420126 -0.005081 -0.021094 -1.019241 -0.962109 -3.920253 -4.011012 -0.304676 -0.256702 -1.110739 -0.006350 0.478386 0.494183 -0.815437 0.945359 -0.108506 -0.085061 -1.228487 -0.653056 -0.262924 -0.266953 0.050865 0.588709 -0.040851 -0.087117 -0.368149 336.000000
6.740000 -0.398182 -0.400231 -1.472292 4.205568 0.308576 0.275919 7.272230 1.633139 0.120446 0.151803 -4.954476 0.211148 0.877220 0.971892 -19.491980 8.884058 -0.617008 -0.412085 -5.670291 -2.519988 -0.060502 -0.113946 1.476240 0.913207 -0.463442 -0.471135 0.085481 -3.021003 -0.415612 -0.369902 -7.654589 1.156650 -0.486613 -0.511733 5.077833 -4.082825 0.848770 0.865389 -6.386435 15.307197 -0.343392 -0.194547 -1.413434 -4.685836 0.319836 0.119997 0.958102 3.384480 -0.022181 -0.040479 3.295643 1.858566 0.004052 0.006135 1.042926 0.439248 -1.176053 -1.125584 -2.928349 -4.533605 0.252250 0.226888 0.083139 -0.482617 -0.485238 -0.510495 0.738421 -0.418117 -0.173870 -0.233866 -0.326262 -0.078859 0.409655 0.417675 0.039222 0.083940 -0.997508 -0.952179 -3.165606 -3.920253 -0.321333 -0.264023 -0.958849 -0.147651 0.484262 0.495392 -0.600675 0.963088 -0.137353 -0.088915 -0.777635 -0.639676 -0.253830 -0.264896 0.031104 0.588811 -0.043434 -0.100558 -0.365967 337.000000
6.760000 -0.438149 -0.395710 -8.343137 -1.472292 0.337761 0.268242 14.982396 6.113353 0.085579 0.137796 -7.963440 -1.158877 0.835775 0.982782 -31.875358 13.839940 -0.686716 -0.418021 -7.377546 -5.652040 -0.043513 -0.112340 1.947600 1.476240 -0.450457 -0.472397 5.429734 0.085481 -0.451691 -0.389453 -8.770424 1.288378 -0.460105 -0.501289 5.589328 -6.366211 0.963173 0.906785 3.257234 4.213717 -0.087929 -0.204527 2.862748 -2.172718 0.297087 0.170279 -1.004850 0.958102 -0.027277 -0.039542 2.309328 1.126359 0.010432 -0.005694 5.017190 -2.169284 -1.109914 -1.118955 -0.794181 -2.928349 0.269119 0.232507 0.740326 -0.327641 -0.459519 -0.504937 0.656321 -0.410780 -0.176136 -0.218808 -0.298977 -0.182742 0.410075 0.415587 0.052781 0.143520 -0.987475 -0.944265 -2.874147 -3.165606 -0.364139 -0.277241 -0.966221 -0.179087 0.488953 0.496350 -0.393320 0.779762 -0.177262 -0.103209 -0.234717 -0.404369 -0.253304 -0.262108 -0.047236 0.373265 -0.043602 -0.112084 -0.358288 338.000000
6.780000 -0.446395 -0.400000 -8.364866 -8.343137 0.330203 0.259081 15.482429 11.472918 0.063815 0.121498 -9.248285 -3.509478 0.792134 1.002366 -45.257061 21.264267 -0.786043 -0.427159 -9.699626 -10.611091 -0.033025 -0.111774 2.390189 1.947600 -0.483144 -0.485461 2.536184 5.429734 -0.471020 -0.419637 -5.563740 1.590548 -0.449588 -0.477188 1.680781 -7.179876 0.995132 0.966815 -3.109410 -3.695521 0.057573 -0.172628 2.007332 -0.438287 0.303250 0.213294 -1.128733 -1.004850 -0.038248 -0.041714 1.167560 -1.353931 0.015568 -0.011938 5.745381 -3.663259 -1.028608 -1.106506 0.541229 -0.794181 0.306814 0.237104 2.036164 0.042002 -0.440940 -0.495185 0.553433 -0.698323 -0.172710 -0.208297 0.088141 -0.175879 0.413278 0.414457 0.055342 0.123098 -0.976181 -0.933809 -3.626947 -2.874147 -0.469464 -0.302093 -2.100774 -0.286450 0.479284 0.496159 -0.563236 0.679770 -0.231990 -0.128733 0.255768 -0.093740 -0.257630 -0.260309 -0.074332 0.140976 -0.041992 -0.121015 -0.346035 339.000000
6.800000 -0.457853 -0.407826 -8.649223 -8.364866 0.300542 0.246530 12.826573 12.365357 0.059711 0.107551 -7.634529 -3.117072 0.758310 1.022831 -55.803298 29.631660 -0.876279 -0.437849 -12.242461 -15.625400 -0.038660 -0.112006 2.218676 2.390189 -0.525443 -0.501854 -2.380837 2.536184 -0.498081 -0.456267 -2.754702 1.941480 -0.440388 -0.451864 -1.145828 -3.622261 1.027073 1.022050 -6.206166 0.105411 0.106562 -0.110947 -0.279492 -3.003999 0.322423 0.247316 -0.788906 -1.128733 -0.034238 -0.048695 4.062866 -2.288911 0.010455 -0.008407 2.726917 -3.456470 -0.930363 -1.080198 0.898914 0.541229 0.334008 0.244470 2.118069 0.741365 -0.415904 -0.481690 0.372930 -1.294799 -0.178098 -0.203959 0.601593 0.016400 0.424631 0.415463 0.070886 -0.071742 -0.925563 -0.916050 -3.566864 -3.626947 -0.599399 -0.341545 -3.485793 -0.768769 0.450110 0.493109 -1.039364 1.332005 -0.273507 -0.162906 0.946035 0.165050 -0.253423 -0.258895 -0.009559 -0.090718 -0.036454 -0.126808 -0.334121 340.000000
6.820000 -0.477532 -0.420528 -9.042520 -8.649223 0.267482 0.230058 9.704617 10.230551 0.056040 0.094494 -5.760472 -2.596022 0.753000 1.040344 -59.880857 36.740706 -0.907774 -0.445175 -13.245986 -19.062592 -0.048814 -0.111873 1.904880 2.218676 -0.560328 -0.525209 -2.469439 -2.380837 -0.524824 -0.496488 -0.032399 1.950265 -0.438165 -0.433214 -3.069598 -0.804437 1.072459 1.069990 -6.673867 3.304876 0.160008 -0.058452 3.838328 -2.901290 0.324555 0.275316 -1.262828 -0.788906 -0.033681 -0.057436 5.680784 0.667975 0.015167 0.002010 0.807665 -3.394891 -0.847068 -1.036324 -0.238086 0.898914 0.343983 0.256723 1.344929 0.872569 -0.389581 -0.463871 0.087146 -1.245500 -0.193547 -0.204750 0.614676 0.265354 0.429788 0.418259 -0.009154 -0.336240 -0.839213 -0.888504 -2.867466 -3.566864 -0.684567 -0.394327 -3.014512 -1.223214 0.414868 0.484104 -1.021262 2.262578 -0.287303 -0.199040 1.613995 0.477797 -0.249356 -0.256971 -0.008797 -0.468238 -0.027598 -0.127345 -0.322928 341.000000
6.840000 -0.483490 -0.440608 -5.268192 -9.042520 0.237735 0.212558 7.563177 7.732544 0.037661 0.076803 -4.906755 -1.972073 0.780220 1.054313 -56.637050 39.504030 -0.877904 -0.448993 -12.649638 -20.376827 -0.039326 -0.111422 2.121610 1.904880 -0.585480 -0.559388 -0.133842 -2.469439 -0.541482 -0.532855 3.228634 1.550999 -0.436642 -0.426263 -2.425073 1.518599 1.096664 1.115201 -9.785187 0.565661 0.264595 -0.032845 6.285224 -6.108206 0.330764 0.299908 -1.218292 -1.262828 -0.048887 -0.063374 3.578209 2.436560 0.013502 0.011752 -0.895286 -3.244225 -0.794389 -0.976600 -2.507244 -0.238086 0.345120 0.272872 0.263752 0.628892 -0.383848 -0.445042 -0.239792 -0.716038 -0.215587 -0.207983 0.082806 0.311915 0.435778 0.421973 -0.034196 -0.302761 -0.774777 -0.849090 -3.704293 -2.867466 -0.775990 -0.457265 -2.816404 -0.996625 0.377431 0.468170 -0.908939 2.017887 -0.289755 -0.229444 1.498198 0.811396 -0.247173 -0.254742 -0.029925 -0.802599 -0.020608 -0.121316 -0.308843 342.000000
6.860000 -0.495884 -0.464559 -2.628782 -5.268192 0.205772 0.194344 4.767758 6.234966 0.025923 0.056036 -3.047326 -1.328211 0.794995 1.063891 -54.902811 37.451564 -0.848213 -0.449544 -12.000953 -19.185487 -0.035489 -0.110800 2.219709 2.121610 -0.620773 -0.595370 0.291732 -0.133842 -0.561304 -0.565376 5.243874 -0.401781 -0.436320 -0.425378 -2.270139 2.826853 1.128750 1.152422 -9.682462 0.354661 0.346569 -0.000809 6.951932 -9.430525 0.339782 0.317822 -0.866670 -1.218292 -0.044393 -0.067100 4.793809 2.236748 0.014846 0.019058 -1.922170 -1.341462 -0.686878 -0.903179 -3.264736 -2.507244 0.358590 0.292012 -0.373093 0.251772 -0.382347 -0.428307 -0.477420 -0.011980 -0.237196 -0.213491 -0.254360 0.058501 0.441306 0.426274 -0.054094 -0.024305 -0.680986 -0.797190 -3.877410 -3.704293 -0.865504 -0.527553 -2.677392 -0.953733 0.331331 0.445600 -0.868166 1.862671 -0.283382 -0.250557 1.145320 0.764061 -0.246220 -0.252627 -0.039832 -0.734137 -0.015556 -0.110468 -0.291583 343.000000
6.880000 -0.501515 -0.487835 0.502269 -2.628782 0.193540 0.177876 5.279724 3.907542 0.010905 0.037861 -2.990147 -0.860216 0.800032 1.068406 -54.020200 36.116094 -0.827387 -0.447728 -11.642914 -18.786718 -0.036579 -0.110715 2.266425 2.219709 -0.643962 -0.632042 2.923229 0.291732 -0.585931 -0.594728 5.804100 -1.486868 -0.432268 -0.424182 -1.855725 3.757007 1.172338 1.182829 -6.161159 -0.178064 0.391455 0.038471 6.499343 -9.860525 0.344025 0.330620 -0.698455 -0.866670 -0.049513 -0.068883 3.979174 3.357989 0.016247 0.025384 -2.688408 -1.435820 -0.580664 -0.816482 -4.331767 -3.264736 0.380809 0.313931 -0.772305 0.052164 -0.386380 -0.415132 -0.539800 0.425257 -0.252359 -0.218872 -0.803703 -0.100133 0.442971 0.430444 -0.082615 0.154227 -0.585171 -0.732971 -4.404566 -3.877410 -0.949581 -0.601913 -2.702017 -0.904613 0.299040 0.418503 -0.655236 1.772779 -0.279536 -0.262134 0.398638 0.592576 -0.241633 -0.250313 -0.019614 -0.552744 -0.011222 -0.096687 -0.274955 344.000000
6.900000 -0.518139 -0.507154 0.384359 0.502269 0.179228 0.164180 4.765841 4.134936 0.003408 0.024497 -2.558415 -1.144789 0.807304 1.067786 -51.702314 35.416284 -0.816807 -0.444389 -11.535652 -18.603916 -0.043326 -0.111452 2.157637 2.266425 -0.667950 -0.665941 4.267639 2.923229 -0.608753 -0.620242 5.682472 -1.974188 -0.430136 -0.422242 -1.837050 3.829913 1.189219 1.206015 -6.239186 -1.611946 0.385806 0.078924 5.398770 -7.773105 0.345608 0.339806 -0.615902 -0.698455 -0.053800 -0.070046 3.313738 3.333791 0.024633 0.031262 -2.184206 -0.645383 -0.438697 -0.717557 -4.428042 -4.331767 0.402156 0.337682 -1.030207 -0.116253 -0.398287 -0.406658 -0.617313 0.656052 -0.256055 -0.221975 -1.223997 -0.360544 0.444413 0.434033 -0.078283 0.443159 -0.460531 -0.656003 -4.428289 -4.404566 -1.009479 -0.676608 -2.313785 -1.023391 0.266933 0.389041 -0.473465 1.678627 -0.274658 -0.266126 -0.200666 0.209126 -0.241255 -0.248021 -0.045382 -0.189512 -0.006671 -0.082170 -0.260498 345.000000
6.920000 -0.531048 -0.521679 0.003480 0.384359 0.156620 0.152364 2.477214 3.662128 -0.000693 0.015879 -2.298632 -1.103713 0.810885 1.062195 -49.127614 34.179897 -0.781598 -0.440137 -10.701000 -17.522416 -0.049472 -0.112723 2.037655 2.157637 -0.691171 -0.694152 4.320259 4.267639 -0.625621 -0.639743 5.228211 -1.922711 -0.426056 -0.419608 -1.691071 3.759761 1.189922 1.220135 -7.509951 -0.778319 0.351228 0.111349 4.536896 -7.017505 0.345318 0.346310 -0.585129 -0.615902 -0.049076 -0.070801 4.357462 2.748972 0.035530 0.037504 -1.282238 -0.564766 -0.282907 -0.606223 -4.513809 -4.428042 0.419635 0.361435 -1.149408 -0.206447 -0.411724 -0.402826 -0.646694 0.823760 -0.245668 -0.220210 -1.708915 -0.572857 0.448205 0.437374 -0.056896 0.651140 -0.327986 -0.566820 -4.364210 -4.428289 -1.039543 -0.746852 -1.715126 -0.920160 0.236216 0.358118 -0.316660 1.393625 -0.261661 -0.264208 -0.571395 -0.077642 -0.242176 -0.246320 -0.044968 0.123024 -0.001244 -0.067485 -0.249758 346.000000
6.940000 -0.551259 -0.532185 -2.435653 0.003480 0.143861 0.141606 1.945253 2.387923 -0.008422 0.010163 -2.999734 -0.089291 0.811619 1.052195 -46.393300 32.289929 -0.746250 -0.435221 -9.821930 -16.837685 -0.052782 -0.114328 2.027192 2.037655 -0.694026 -0.713183 5.973071 4.320259 -0.634893 -0.651442 4.483968 -1.768570 -0.422117 -0.418031 -0.897959 3.459641 1.187092 1.224164 -7.372652 0.479336 0.280825 0.126294 4.114168 -7.030615 0.341105 0.350619 -0.634892 -0.585129 -0.055427 -0.071124 3.166630 2.819850 0.051197 0.043068 0.902567 -1.537612 -0.113161 -0.483182 -4.255130 -4.513809 0.431459 0.382632 -0.962697 -0.251357 -0.417969 -0.402499 -0.476994 0.898051 -0.223286 -0.211400 -2.230088 -0.826009 0.455643 0.441243 -0.038291 0.882906 -0.189843 -0.466944 -4.345059 -4.364210 -1.038488 -0.807374 -1.019923 -0.699233 0.207351 0.326266 -0.086391 1.015893 -0.251165 -0.257677 -0.984664 -0.263214 -0.241111 -0.245039 -0.020484 0.308181 0.004994 -0.052622 -0.242143 347.000000
6.960000 -0.575074 -0.540796 -5.578145 -2.435653 0.137092 0.133192 1.890040 2.472494 -0.016144 0.005039 -3.468588 0.527240 0.796721 1.038287 -45.978267 30.288084 -0.716991 -0.429095 -9.327510 -16.105217 -0.054571 -0.116536 2.104402 2.027192 -0.689752 -0.720068 6.351764 5.973071 -0.627415 -0.650242 3.438249 -1.793005 -0.416149 -0.417516 0.159881 2.690964 1.159478 1.216137 -9.310881 0.715897 0.186094 0.115105 4.467328 -6.656755 0.331800 0.352780 -0.758843 -0.634892 -0.057692 -0.070396 2.409865 1.132031 0.058373 0.046508 2.065916 -2.034598 0.074567 -0.348967 -3.774984 -4.255130 0.432424 0.398457 -0.595604 -0.242852 -0.401800 -0.401780 -0.222589 0.719845 -0.189078 -0.194984 -2.642311 -1.095898 0.465046 0.446223 -0.043966 1.134190 -0.042243 -0.358038 -4.027565 -4.345059 -1.018597 -0.853333 -0.833912 -0.466766 0.177045 0.293811 0.069991 0.553157 -0.240063 -0.248084 -1.281562 -0.482090 -0.237182 -0.243519 0.000812 0.502574 0.010428 -0.036847 -0.236158 348.000000
6.980000 -0.589848 -0.548280 -7.270818 -5.578145 0.130756 0.128143 1.212850 2.679314 -0.023600 -0.000435 -3.834552 0.789274 0.778252 1.019404 -45.013298 29.723596 -0.665071 -0.421009 -8.235274 -16.254672 -0.062101 -0.119864 2.096417 2.104402 -0.664673 -0.711530 7.114017 6.351764 -0.607078 -0.630890 0.860235 -1.799065 -0.410160 -0.416691 1.122309 1.639184 1.101240 1.191289 -13.103609 1.430029 0.089804 0.071722 6.229280 -7.880851 0.318875 0.353043 -0.983816 -0.758843 -0.058113 -0.068739 2.020742 0.171975 0.067846 0.047723 3.951235 -2.237890 0.249871 -0.205199 -3.689781 -3.774984 0.420966 0.406009 0.023236 -0.186507 -0.365076 -0.396130 0.075199 0.409097 -0.151597 -0.170035 -3.313114 -1.299173 0.474833 0.452382 -0.064249 1.343139 0.082908 -0.242893 -4.317224 -4.027565 -0.967912 -0.880005 -0.906870 -0.451951 0.135686 0.260245 -0.010975 0.381960 -0.212883 -0.234517 -1.463474 -0.641187 -0.228559 -0.240851 0.016000 0.640375 0.013809 -0.019235 -0.231034 349.000000
7.000000 -0.601627 -0.554719 -8.342665 -7.270818 0.122738 0.124197 0.482525 2.523701 -0.030599 -0.005983 -4.138386 1.310851 0.772959 0.993881 -39.944155 28.452517 -0.593461 -0.409491 -6.803862 -16.560781 -0.071938 -0.123670 1.876080 2.096417 -0.641503 -0.686904 4.590566 7.114017 -0.574279 -0.593008 -2.676511 -0.991272 -0.401358 -0.412302 1.220265 -0.131037 1.015507 1.143554 -16.934952 2.054265 0.013215 -0.003499 9.064088 -11.049345 0.291949 0.350278 -1.298614 -0.983816 -0.061607 -0.069199 1.995859 -0.965247 0.075025 0.049135 4.952615 -2.985989 0.408757 -0.057115 -3.482999 -3.689781 0.380338 0.403054 0.171954 -0.025981 -0.321642 -0.383067 0.105710 -0.049217 -0.113695 -0.138888 -3.698226 -1.624432 0.477810 0.458636 -0.117299 1.688682 0.193117 -0.126081 -4.493135 -4.317224 -0.882245 -0.883401 -0.986997 -0.447947 0.082800 0.223709 -0.081214 0.458922 -0.162607 -0.213904 -1.498187 -0.739737 -0.216286 -0.236252 0.006117 0.723737 0.016505 0.000738 -0.226703 350.000000
7.020000 -0.590424 -0.561312 -4.749223 -8.342665 0.105167 0.116546 -0.591438 2.310455 -0.033753 -0.011700 -3.501183 1.827930 0.790281 0.961615 -29.008491 24.884466 -0.474262 -0.394575 -4.154744 -15.059689 -0.077899 -0.126735 1.744158 1.876080 -0.613081 -0.644531 -0.458046 4.590566 -0.537497 -0.544437 -5.789243 0.728123 -0.405072 -0.407189 -0.266875 -1.948388 0.901615 1.062983 -19.236415 1.923204 -0.044032 -0.100299 12.478965 -15.011748 0.246480 0.339898 -0.837204 -1.298614 -0.068946 -0.076022 2.965109 -1.478378 0.076763 0.050832 4.785220 -3.474237 0.545985 0.088753 -3.092858 -3.482999 0.309026 0.388144 -0.149569 0.033122 -0.266365 -0.360997 0.014871 -0.138832 -0.065577 -0.102565 -3.989246 -1.790463 0.470052 0.462825 -0.161161 1.907762 0.275807 -0.014483 -4.392787 -4.493135 -0.750788 -0.860521 -0.639067 -0.452891 0.026600 0.182934 -0.004993 0.534105 -0.079831 -0.181772 -1.466389 -0.752152 -0.202576 -0.229502 -0.028293 0.746035 0.021646 0.023797 -0.220766 351.000000
7.040000 -0.580812 -0.568241 -1.404792 -4.749223 0.084101 0.104218 -1.892854 1.454873 -0.022711 -0.017047 -0.619418 2.046311 0.826038 0.923176 -13.399013 17.503971 -0.310894 -0.375264 -0.122752 -11.504520 -0.063066 -0.128344 2.030818 1.744158 -0.576048 -0.598850 -2.225403 -0.458046 -0.500609 -0.500097 -6.055373 3.028059 -0.422242 -0.411200 -0.875631 -2.761184 0.790311 0.977322 -24.106451 0.608395 -0.038833 -0.215736 16.560930 -18.628020 0.191281 0.286013 4.209611 -0.837204 -0.091355 -0.087982 1.523407 -0.910056 0.071833 0.053315 3.151718 -3.875165 0.656865 0.226933 -2.804545 -3.092858 0.232118 0.358928 0.064632 -0.082220 -0.193756 -0.328423 -0.037895 0.067349 -0.010363 -0.061023 -3.922160 -1.914042 0.457153 0.463448 -0.133206 2.075203 0.315728 0.082982 -4.067219 -4.392787 -0.603047 -0.811660 -0.445221 -0.317037 -0.039311 0.137097 0.032807 0.322030 0.034885 -0.132743 -1.604909 -0.719048 -0.190867 -0.221152 -0.081463 0.747341 0.029966 0.049337 -0.212003 352.000000
7.060000 -0.565216 -0.576043 3.395921 -1.404792 0.067888 0.095291 -5.211513 -0.636718 0.021024 -0.013140 5.334505 1.256136 0.869686 0.884292 2.556264 6.788133 -0.158203 -0.352619 3.850886 -6.610880 -0.049831 -0.124599 1.431489 2.030818 -0.541035 -0.564274 2.551005 -2.225403 -0.465083 -0.471403 -1.177644 3.465502 -0.459798 -0.430581 -2.339239 -2.589871 0.722166 0.897732 -26.689464 0.096234 -0.006183 -0.281297 7.819491 -24.010217 0.153695 0.202270 7.065532 4.209611 -0.102902 -0.099432 -0.011956 -0.814155 0.056939 0.057664 -0.636217 -2.337562 0.721645 0.353116 -3.118388 -2.804545 0.189067 0.318001 1.635095 0.051264 -0.121451 -0.286621 0.073576 -0.013368 0.027684 -0.019259 -4.126858 -1.894477 0.436172 0.459528 -0.093038 2.027683 0.350735 0.160793 -2.694373 -4.067219 -0.431023 -0.740189 0.549285 -0.239014 -0.122196 0.083290 0.285958 0.206207 0.152502 -0.066123 -2.148073 -0.761723 -0.186144 -0.212705 -0.141837 0.843186 0.038887 0.075448 -0.201446 353.000000
7.080000 -0.562599 -0.586325 6.355935 3.395921 0.067813 0.099704 -7.449334 -5.273009 0.045941 0.007457 3.478199 -0.061496 0.863079 0.852366 6.466996 -4.058471 -0.172789 -0.331835 2.506463 -1.502208 -0.043496 -0.113222 0.704364 1.431489 -0.547002 -0.556424 0.858560 2.551005 -0.468670 -0.465526 -0.669313 1.758442 -0.491979 -0.461929 -0.615944 0.580797 0.699191 0.858593 -27.302675 7.699059 -0.085176 -0.257975 2.451167 -18.990404 0.164098 0.145919 4.060273 7.065532 -0.103642 -0.099702 -1.114685 0.312131 0.039111 0.054707 -2.279220 0.324086 0.778210 0.465761 -3.429320 -3.118388 0.197297 0.273856 3.150645 0.780760 -0.051063 -0.239265 0.301482 -0.854336 0.010042 0.008883 -3.129575 -2.016910 0.417427 0.451449 0.017491 2.109948 0.420320 0.222833 -0.711052 -2.694373 -0.260961 -0.649016 0.757327 0.131663 -0.208351 0.018753 1.059607 -0.417622 0.225283 0.010343 -2.866376 -1.003118 -0.191128 -0.206290 -0.179349 1.144955 0.038862 0.098747 -0.180065 354.000000
7.100000 -0.536040 -0.593168 11.713739 6.355935 0.082513 0.102423 -3.736242 -5.463767 0.041689 0.032439 -1.148358 1.985568 0.844798 0.824524 8.064844 -5.043164 -0.258390 -0.314894 0.195407 1.423831 -0.047510 -0.100232 0.241012 0.704364 -0.565488 -0.548066 -4.798612 0.858560 -0.484463 -0.471100 -1.478144 0.642629 -0.516753 -0.499343 1.791640 -0.026685 0.677051 0.833631 -28.124079 11.881595 -0.161924 -0.235112 0.323105 -15.421080 0.223974 0.125016 4.221780 4.060273 -0.110218 -0.099457 -2.091454 0.582268 0.024345 0.049788 -4.866643 1.696953 0.811603 0.565350 -4.091855 -3.429320 0.232561 0.240111 3.840627 1.424581 0.014199 -0.188695 0.502245 -1.726064 -0.054149 0.013358 -2.374907 -1.573533 0.404217 0.441070 0.123909 1.556042 0.492545 0.278271 0.566815 -0.711052 -0.124651 -0.541034 -0.205599 -0.151140 -0.290157 -0.054208 1.608991 -0.908467 0.255183 0.082927 -3.277699 -1.343513 -0.194191 -0.202404 -0.123438 1.522862 0.038610 0.118033 -0.148543 355.000000
7.120000 -0.546703 -0.597970 11.087883 11.713739 0.103861 0.100346 0.976121 -1.293942 0.047634 0.049068 -2.327866 2.442300 0.862192 0.811033 10.736042 -4.173506 -0.269945 -0.305545 0.469124 3.891338 -0.069696 -0.090491 -0.184824 0.241012 -0.574321 -0.540780 -7.447588 -4.798612 -0.495385 -0.481182 -1.312021 -0.156748 -0.543767 -0.533642 2.617277 -1.634892 0.699776 0.818987 -22.469997 13.828758 -0.158000 -0.222546 1.130961 -14.295321 0.308075 0.120719 5.498916 4.221780 -0.111914 -0.098192 -3.277008 1.387594 0.019074 0.050090 -6.651708 3.479049 0.804901 0.650229 -5.401701 -4.091855 0.260945 0.220238 3.767968 1.669191 0.062284 -0.137236 0.375487 -2.171436 -0.115476 -0.001693 -1.741868 -1.249408 0.396967 0.430452 0.189074 1.125499 0.515592 0.328201 0.520629 0.566815 -0.048592 -0.426985 -1.794438 -0.907295 -0.347328 -0.127379 1.719530 -0.701696 0.279019 0.144062 -2.899670 -1.577130 -0.201915 -0.200990 -0.105172 1.700568 0.040149 0.133251 -0.116378 356.000000
7.140000 -0.564589 -0.608662 11.006065 11.087883 0.130006 0.104714 3.786735 1.651994 0.051388 0.059166 -2.715871 0.675872 0.871476 0.821752 7.210050 -5.706729 -0.288769 -0.307435 2.603880 5.029314 -0.097407 -0.086843 -0.353282 -0.184824 -0.581281 -0.538018 -8.643832 -7.447588 -0.504494 -0.490817 -1.286868 -0.652628 -0.582842 -0.566879 1.659691 -1.964649 0.727787 0.818763 -19.159854 10.418445 -0.168662 -0.220735 1.803236 -12.051553 0.396853 0.136567 5.245942 5.498916 -0.096610 -0.086493 -4.468401 1.687350 0.019310 0.051683 -6.603624 4.964358 0.812570 0.718730 -5.351635 -5.401701 0.262957 0.210371 3.054789 1.696240 0.087126 -0.088133 -0.052326 -2.071728 -0.155522 -0.026019 -1.465668 -0.965471 0.383583 0.419736 0.154829 0.776397 0.532232 0.370639 0.682491 0.520629 -0.057368 -0.321389 -4.310910 -1.756984 -0.383132 -0.192156 1.216646 0.037454 0.299012 0.193054 -2.410811 -1.397249 -0.208781 -0.201792 -0.058268 1.502421 0.036853 0.146731 -0.084954 357.000000
7.160000 -0.568711 -0.621222 12.104718 11.006065 0.141533 0.120112 1.548861 3.251303 0.060863 0.066661 -2.145392 -0.535432 0.880473 0.843959 4.042826 -5.485027 -0.318850 -0.325574 3.246171 1.725024 -0.104515 -0.089096 -0.078402 -0.353282 -0.587127 -0.542405 -7.734036 -8.643832 -0.499557 -0.498388 0.885973 -0.186412 -0.610359 -0.595194 0.503829 -1.473280 0.771384 0.833825 -15.659542 8.277990 -0.113446 -0.227538 4.383324 -10.881864 0.458415 0.174030 4.170879 5.245942 -0.073862 -0.062899 -6.176338 1.067612 0.027393 0.054875 -6.057498 5.536013 0.855330 0.772571 -3.971174 -5.351635 0.251425 0.206177 2.206905 1.553557 0.068948 -0.047041 -0.811253 -1.501232 -0.164404 -0.050553 -1.146173 -0.810249 0.377588 0.409393 0.192528 0.655420 0.533560 0.405748 0.397848 0.682491 -0.125241 -0.235798 -6.815721 -2.763778 -0.396432 -0.242654 0.345397 1.547132 0.275104 0.228668 -2.578151 -1.176271 -0.214436 -0.204070 -0.017825 1.234540 0.026594 0.159177 -0.057688 358.000000
7.180000 -0.579144 -0.627520 10.554486 12.104718 0.156617 0.140852 0.232520 1.847127 0.069769 0.075936 -2.789353 0.298265 0.874721 0.859998 1.147743 -4.365149 -0.326116 -0.362393 6.135049 -0.322322 -0.105104 -0.096855 1.404580 -0.078402 -0.595688 -0.560812 -3.455888 -7.734036 -0.494771 -0.504857 3.109875 -0.694901 -0.598917 -0.601140 -0.266296 0.191072 0.824784 0.863641 -12.913462 4.665011 0.057186 -0.234965 9.478258 -10.994531 0.479037 0.219803 3.277689 4.170879 -0.061940 -0.036481 -8.797976 -0.059420 0.043234 0.062243 -4.651349 6.116918 0.927443 0.818333 -2.144963 -3.971174 0.240397 0.204066 1.755361 1.509079 0.047008 -0.017486 -1.092123 -0.697826 -0.168420 -0.072834 -0.826474 -0.669351 0.392230 0.402705 0.270941 0.476822 0.515467 0.431977 0.131429 0.397848 -0.221040 -0.177164 -8.664260 -3.580559 -0.391663 -0.276069 -0.670449 3.235162 0.262557 0.251926 -2.449448 -1.280163 -0.218829 -0.207131 0.010591 1.297988 0.013949 0.169793 -0.042311 359.000000
7.200000 -0.608652 -0.652023 13.147882 10.554486 0.156734 0.150021 1.004039 1.510937 0.064761 0.079815 -2.958284 1.278417 0.826510 0.887926 -17.343711 -5.003377 -0.349084 -0.381667 1.727989 -3.855634 -0.087111 -0.101928 0.323207 1.404580 -0.636270 -0.599932 -0.472022 -3.455888 -0.512411 -0.518749 3.954547 -1.421790 -0.561529 -0.573737 -3.077043 1.688086 0.894694 0.908339 -10.104230 -0.386571 0.201187 -0.225812 10.816896 -13.300033 0.463045 0.260686 2.439152 3.277689 -0.018739 -0.018202 -2.432921 -2.073313 0.063255 0.069992 -2.553721 6.724663 0.939977 0.854667 -1.255544 -2.144963 0.249274 0.204295 1.607484 1.423742 0.026777 -0.000306 -0.715685 -0.331619 -0.152132 -0.085262 -1.431494 -0.548707 0.416254 0.402402 0.224573 0.277767 0.488558 0.447307 -0.011621 0.131429 -0.281894 -0.145909 -8.391622 -3.996906 -0.329269 -0.290356 -0.590293 4.667354 0.264843 0.268147 -2.264307 -1.230019 -0.220809 -0.210302 0.036549 1.219429 0.007918 0.179092 -0.035905 360.000000
7.220000 -0.628693 -0.680698 14.203149 13.147882 0.180211 0.147720 7.249740 1.981161 0.035522 0.077082 -7.451431 0.977122 0.780863 0.923213 -33.704609 7.424247 -0.472392 -0.389571 -1.640299 -9.919463 -0.076401 -0.098331 0.209450 0.323207 -0.684109 -0.655346 2.526667 -0.472022 -0.544726 -0.539399 2.224058 -0.438752 -0.493552 -0.519395 -3.493560 3.515795 1.000143 0.967417 -2.624527 -2.757683 0.213095 -0.183516 6.039695 -12.861914 0.421129 0.294618 0.602875 2.439152 0.024281 -0.002489 2.703683 0.060400 0.067467 0.073773 -1.035762 2.493321 0.914884 0.879247 -1.442253 -1.255544 0.247180 0.206118 1.292899 1.161585 0.034886 0.008572 0.026617 -0.445900 -0.144266 -0.090274 -1.696251 -0.828033 0.435279 0.407727 0.071033 0.603461 0.456531 0.453280 -0.226719 -0.011621 -0.313307 -0.139361 -6.568392 -3.900665 -0.253392 -0.285130 -0.541731 4.490957 0.261540 0.279138 -2.050026 -1.150428 -0.211414 -0.211806 0.094687 1.113879 0.007988 0.184358 -0.033755 361.000000
7.240000 -0.618129 -0.700309 18.517591 14.203149 0.194889 0.140982 11.767378 7.350586 -0.008358 0.070710 -14.703568 0.100846 0.762692 0.955440 -42.946847 18.036601 -0.585158 -0.398902 -4.635641 -15.668008 -0.071426 -0.094358 0.329506 0.209450 -0.772284 -0.714573 -3.111626 2.526667 -0.562345 -0.560748 2.925281 0.634751 -0.441229 -0.453705 -6.867696 2.858809 1.054549 1.033559 -5.957741 -3.048396 0.237100 -0.113008 3.983598 -5.672923 0.378838 0.321248 -0.649991 0.602875 0.034543 0.015666 0.733717 1.869722 0.067360 0.069207 0.626081 -0.833961 0.914194 0.891941 -0.181364 -1.442253 0.246235 0.208895 1.030517 0.633141 0.061479 0.016711 0.470473 -0.659758 -0.113806 -0.088165 -1.745549 -0.883642 0.447539 0.416053 -0.061872 0.812609 0.416548 0.450691 -0.453910 -0.226719 -0.324246 -0.149797 -4.621652 -3.013331 -0.193526 -0.265046 -0.746852 3.555061 0.229652 0.283538 -2.385377 -1.072357 -0.202777 -0.210824 0.052427 0.977669 0.009679 0.182913 -0.028956 362.000000
7.260000 -0.622886 -0.707486 17.165107 18.517591 0.214431 0.133859 17.055081 13.235473 -0.044913 0.064548 -20.885982 1.468095 0.751135 0.980275 -48.998487 24.820357 -0.633706 -0.408265 -5.888388 -18.126491 -0.073807 -0.091094 0.240147 0.329506 -0.839976 -0.774477 -4.694022 -3.111626 -0.580210 -0.583498 4.026580 1.971208 -0.397166 -0.391249 -9.388625 4.896489 1.123126 1.104622 -6.588626 0.102713 0.293050 -0.044717 2.971168 -5.855028 0.345415 0.337154 -0.750216 -0.649991 0.010080 0.032222 -6.691245 0.053818 0.078018 0.066057 2.641975 -0.679899 0.821302 0.890007 -1.329699 -0.181364 0.225239 0.212483 -0.053404 0.280022 0.101854 0.030288 0.389704 -0.750495 -0.110725 -0.084255 -1.610268 -0.841839 0.453366 0.424917 -0.143866 0.903711 0.339488 0.439709 -1.771104 -0.453910 -0.318184 -0.167872 -3.144747 -1.937400 -0.115805 -0.233637 -0.577921 2.684252 0.150831 0.277093 -3.309800 -1.218902 -0.200487 -0.208608 -0.024593 1.166475 0.011710 0.175191 -0.026358 363.000000
7.280000 -0.653574 -0.706560 10.182280 17.165107 0.222045 0.132329 17.616202 18.970532 -0.047799 0.059302 -20.431124 1.915451 0.748688 0.999499 -52.822242 28.750659 -0.638246 -0.416616 -5.857824 -20.247827 -0.096046 -0.090822 0.075327 0.240147 -0.891663 -0.834699 -2.889600 -4.694022 -0.584355 -0.600850 5.171943 2.681023 -0.352704 -0.338469 -9.456608 6.707602 1.219455 1.176536 -1.785409 1.149130 0.361257 0.036626 0.768839 -5.439496 0.307303 0.338232 -0.463117 -0.750216 0.014472 0.044938 -7.937682 -4.666610 0.090850 0.071306 2.777629 2.024635 0.720528 0.870163 -1.741523 -1.329699 0.228117 0.216875 -0.237627 -0.221554 0.181805 0.055192 0.558660 -0.168150 -0.159822 -0.090178 -1.455411 -0.733201 0.454771 0.432672 -0.167945 0.877067 0.282458 0.421206 -2.251357 -1.771104 -0.317723 -0.186791 -2.476755 -1.283413 -0.034251 -0.191500 -0.554898 1.861334 0.046645 0.253137 -3.528530 -1.642603 -0.202271 -0.206688 -0.060336 1.667197 0.011951 0.163537 -0.028049 364.000000
7.300000 -0.673822 -0.702583 4.977970 10.182280 0.218713 0.140122 14.184454 19.023663 -0.028356 0.054671 -15.708733 1.407461 0.767827 1.016265 -52.019551 30.640470 -0.611668 -0.423964 -4.982485 -22.181772 -0.128752 -0.095223 -0.437897 0.075327 -0.928123 -0.892029 0.522081 -2.889600 -0.571283 -0.602105 5.376298 2.142333 -0.309847 -0.295738 -8.122286 7.314276 1.285149 1.244396 -1.343065 0.337603 0.450414 0.133389 -0.401370 -1.447806 0.279612 0.327921 -0.100550 -0.463117 0.019257 0.054649 -8.309096 -5.357656 0.101414 0.085921 0.742027 2.580027 0.611661 0.830748 -1.589168 -1.741523 0.249703 0.222818 0.111091 -0.398144 0.243370 0.091586 0.131257 -0.160517 -0.212493 -0.107155 -1.403587 -0.643733 0.451529 0.438292 -0.163001 0.811678 0.239327 0.395342 -1.758249 -2.251357 -0.342444 -0.204699 -2.864134 -0.960928 0.017568 -0.142203 -1.179654 1.515827 -0.052528 0.209960 -3.055555 -1.734097 -0.196017 -0.204586 -0.010906 1.794433 0.007964 0.150299 -0.033415 365.000000
7.320000 -0.684193 -0.694501 0.469918 4.977970 0.203466 0.151316 8.935348 14.946594 0.005233 0.049216 -7.755096 0.762139 0.802046 1.030298 -47.528376 29.607130 -0.626094 -0.429813 -5.378610 -22.412422 -0.124490 -0.101617 -0.012612 -0.437897 -0.930870 -0.933442 5.113189 0.522081 -0.560621 -0.589143 3.569243 1.372994 -0.273128 -0.265499 -5.152314 6.749292 1.311811 1.297551 -3.749849 0.961321 0.499034 0.230471 -0.609907 -0.381743 0.276896 0.313932 0.285795 -0.100550 0.034452 0.059634 -5.458453 -4.525562 0.107570 0.102568 -1.123806 3.783534 0.504187 0.772606 -0.902366 -1.589168 0.266247 0.229710 0.453731 -0.010083 0.295818 0.134613 -0.155843 -0.121174 -0.247216 -0.128636 -1.580948 -0.620293 0.438407 0.440395 -0.163859 0.783294 0.185460 0.360016 -0.990215 -1.758249 -0.351230 -0.222120 -2.546462 -0.842240 0.050719 -0.091887 -1.617648 2.021894 -0.125050 0.153303 -2.159741 -1.522325 -0.183148 -0.200730 0.011834 1.533231 0.002640 0.134532 -0.038561 366.000000
7.340000 -0.700422 -0.681618 -5.889297 0.469918 0.190784 0.162091 4.301768 8.345222 0.033062 0.042663 -0.867709 -0.590126 0.809638 1.041294 -47.784114 27.647545 -0.641772 -0.434201 -5.871562 -19.880831 -0.104374 -0.108322 0.795032 -0.012612 -0.936337 -0.955357 5.492516 5.113189 -0.543155 -0.572466 3.022734 0.791536 -0.243551 -0.239332 -4.144920 4.360779 1.319609 1.330092 -5.045941 2.315278 0.503106 0.296196 -0.096043 -1.434572 0.272311 0.300369 0.382930 0.285795 0.062921 0.063029 -0.387732 -2.167323 0.118522 0.118248 -2.074389 3.291130 0.376591 0.695423 -0.111503 -0.902366 0.271142 0.235645 0.619155 0.304787 0.315850 0.176766 -0.456767 -0.148944 -0.274113 -0.149345 -1.888873 -0.708544 0.425841 0.438727 -0.085441 0.872404 0.106747 0.314458 -0.744130 -0.990215 -0.334840 -0.239318 -1.393174 -0.464407 0.073815 -0.046750 -1.474470 2.082055 -0.178541 0.090807 -1.365283 -1.085788 -0.179653 -0.195868 -0.069426 1.073954 -0.002115 0.115225 -0.040905 367.000000
7.360000 -0.723148 -0.667568 -13.074151 -5.889297 0.177505 0.171959 -0.140120 2.584739 0.049975 0.035370 4.233261 -1.717029 0.789349 1.049153 -52.899928 28.131325 -0.629387 -0.436254 -5.744572 -19.652789 -0.092139 -0.114997 1.340972 0.795032 -0.929755 -0.960655 6.225694 5.492516 -0.513214 -0.548965 3.472396 0.561093 -0.212211 -0.211672 -4.281650 3.583827 1.326918 1.345974 -5.793607 2.592314 0.446939 0.337380 0.645408 -2.453628 0.273744 0.289874 0.353041 0.382930 0.091300 0.067815 3.831141 0.843329 0.132382 0.133909 -2.363734 1.231061 0.246014 0.599921 1.113226 -0.111503 0.280606 0.240382 1.061199 0.537961 0.291726 0.209167 -0.698965 -0.081194 -0.284485 -0.166309 -2.338096 -0.901716 0.423085 0.435353 0.031303 0.987157 0.029287 0.258880 -0.206196 -0.744130 -0.306656 -0.253741 -0.219832 0.040648 0.101392 -0.008425 -0.943122 1.433822 -0.224296 0.028045 -0.886739 -0.647929 -0.186254 -0.192443 -0.123566 0.717354 -0.006259 0.095087 -0.041212 368.000000
7.380000 -0.718034 -0.654219 -14.670670 -13.074151 0.167591 0.180754 -3.661911 -2.186691 0.061103 0.028642 7.515729 -2.046570 0.779805 1.052412 -54.638025 30.597545 -0.584582 -0.434906 -4.810726 -22.302383 -0.084556 -0.121670 1.772417 1.340972 -0.917656 -0.956121 6.381478 6.225694 -0.463695 -0.516237 5.406055 0.404627 -0.195499 -0.180507 -7.531710 3.877023 1.326508 1.354616 -6.499292 2.430819 0.373660 0.345045 1.477197 -3.362788 0.288387 0.285051 0.342613 0.353041 0.094000 0.073705 3.318570 3.097438 0.150295 0.151106 -2.527380 -0.733704 0.092303 0.488777 1.466233 1.113226 0.284427 0.243473 1.371878 0.880082 0.238184 0.225003 -0.773370 -0.181117 -0.287428 -0.178860 -2.526239 -1.184700 0.428541 0.432884 0.090024 1.153396 -0.094852 0.192449 -0.717967 -0.206196 -0.274748 -0.262135 0.244564 0.361645 0.110409 0.023346 -0.884297 0.581477 -0.251308 -0.029224 -0.870102 -0.381586 -0.194013 -0.191563 -0.089086 0.505152 -0.009513 0.076739 -0.040536 369.000000
7.400000 -0.707662 -0.641103 -15.156359 -14.670670 0.167839 0.186246 -4.054721 -5.588820 0.063142 0.023729 8.673082 -1.926909 0.784997 1.049874 -52.228634 30.792357 -0.523355 -0.429503 -3.554139 -23.845668 -0.094998 -0.128559 1.698114 1.772417 -0.891610 -0.942377 7.481152 6.381478 -0.419162 -0.477327 5.979143 1.062828 -0.170056 -0.147742 -9.166229 6.468882 1.323578 1.357040 -6.757878 2.183109 0.273224 0.318920 2.658567 -4.316182 0.296589 0.285088 0.200573 0.342613 0.079392 0.075489 0.980269 2.922975 0.165566 0.168202 -2.652273 -0.395595 -0.074675 0.366374 1.125758 1.466233 0.300678 0.245513 1.975772 1.072624 0.161749 0.221187 -0.642850 -0.299254 -0.302096 -0.190974 -2.473005 -1.308132 0.430121 0.431766 0.045105 1.218107 -0.225341 0.113559 -0.923630 -0.717967 -0.251989 -0.262310 -0.087362 0.564430 0.124478 0.050185 -0.817520 0.319866 -0.274569 -0.077500 -1.227578 -0.390508 -0.205672 -0.193446 -0.059585 0.479594 -0.009485 0.060646 -0.039193 370.000000
7.420000 -0.694853 -0.628382 -15.070432 -15.156359 0.175006 0.186850 -2.076002 -6.363901 0.055018 0.018673 8.169897 -2.309180 0.782392 1.041543 -50.217502 28.680406 -0.509297 -0.419952 -3.825710 -23.548228 -0.112108 -0.135960 1.473498 1.698114 -0.851486 -0.916962 8.441389 7.481152 -0.382433 -0.436040 4.733822 1.593543 -0.132073 -0.114690 -8.194582 7.572686 1.296647 1.353095 -10.217434 1.459454 0.134133 0.257258 3.912953 -5.298424 0.305817 0.288893 -0.000331 0.200573 0.064398 0.070447 0.026709 1.816271 0.175065 0.180649 -2.346876 0.836002 -0.220777 0.237258 1.136692 1.125758 0.319148 0.247480 2.587787 1.309311 0.093517 0.199117 -0.036498 -0.666461 -0.319532 -0.204547 -2.358645 -1.259055 0.432970 0.431602 0.030494 1.213950 -0.338163 0.023618 -0.428017 -0.923630 -0.223374 -0.254627 -0.369258 0.365079 0.147619 0.074799 -0.683356 0.452441 -0.292899 -0.117246 -1.527694 -0.583997 -0.214886 -0.197557 0.004969 0.643581 -0.005514 0.046558 -0.034465 371.000000
7.440000 -0.694219 -0.617960 -16.405366 -15.070432 0.182405 0.184807 -0.022528 -5.122949 0.045190 0.013355 7.207950 -3.046947 0.771529 1.027762 -48.855960 27.870914 -0.565372 -0.406531 -6.303380 -22.346589 -0.120896 -0.144115 1.582910 1.473498 -0.819071 -0.879843 6.031887 8.441389 -0.345622 -0.390273 2.075086 1.730380 -0.084217 -0.078869 -6.470566 6.464202 1.250441 1.338979 -14.793902 2.283565 0.020306 0.164736 5.894461 -7.933869 0.313007 0.295948 -0.278381 -0.000331 0.055631 0.059757 1.095613 1.186792 0.179565 0.186732 -1.722094 1.160084 -0.342491 0.106832 1.297060 1.136692 0.334331 0.249899 2.973880 1.312142 0.029437 0.163698 0.469714 -1.275645 -0.314955 -0.216764 -2.016451 -1.194570 0.433263 0.431900 0.003200 1.164076 -0.453615 -0.074423 -0.098150 -0.428017 -0.206593 -0.240986 -0.952128 0.157049 0.171325 0.099023 -0.705465 0.526307 -0.290079 -0.149189 -1.275994 -0.766331 -0.220865 -0.202707 0.057824 0.761362 0.000874 0.035614 -0.026155 372.000000
7.460000 -0.700007 -0.614709 -16.793906 -16.405366 0.192010 0.183381 1.944768 -3.615239 0.021698 0.006376 4.382341 -3.592711 0.758272 1.010031 -47.513214 28.979020 -0.572724 -0.388234 -7.615197 -19.876940 -0.133098 -0.153210 1.432819 1.582910 -0.779016 -0.832939 3.493560 6.031887 -0.305335 -0.335524 -2.313215 2.197740 -0.021265 -0.036166 -3.730673 4.272826 1.212579 1.307393 -13.466247 3.141151 -0.107441 0.053667 7.089846 -11.652752 0.308832 0.303904 -0.609761 -0.278381 0.063819 0.048662 4.525767 1.408853 0.188046 0.186896 0.716965 0.313240 -0.460062 -0.020936 1.195945 1.297060 0.339420 0.252955 2.979500 1.252083 -0.023849 0.120363 0.933619 -1.721797 -0.292208 -0.223552 -1.767922 -1.009826 0.427786 0.431519 -0.026658 1.006626 -0.592100 -0.178799 -0.583060 -0.098150 -0.193228 -0.224604 -1.254649 -0.123331 0.199989 0.123778 -0.657176 0.828797 -0.261359 -0.172295 -0.640163 -0.666909 -0.224470 -0.207904 0.084673 0.609085 0.006805 0.030952 -0.015281 373.000000
7.480000 -0.692129 -0.622391 -12.043496 -16.793906 0.207324 0.180592 6.194209 -1.218787 -0.020770 -0.009068 0.575004 -3.163555 0.758833 0.990695 -43.450271 29.254779 -0.494426 -0.366369 -6.030089 -18.258434 -0.147222 -0.161884 1.302505 1.432819 -0.732569 -0.778940 0.772913 3.493560 -0.274555 -0.276647 -7.891355 3.021944 0.043673 0.013681 -1.582315 0.708729 1.175967 1.260023 -8.169270 1.614255 -0.214439 -0.070397 7.414744 -11.851992 0.286254 0.308767 -0.866071 -0.609761 0.068184 0.042609 5.887213 1.904401 0.187429 0.179576 3.112043 -2.621366 -0.561838 -0.144294 1.396204 1.195945 0.328507 0.255642 2.514146 1.022940 -0.075325 0.073253 1.158650 -1.956560 -0.274549 -0.225845 -1.479348 -0.870632 0.417100 0.429258 -0.030953 0.897290 -0.705942 -0.287169 -0.488568 -0.583060 -0.204664 -0.209574 -1.860562 -0.298737 0.222653 0.148914 -0.737856 0.955912 -0.225799 -0.185282 -0.215240 -0.362418 -0.225578 -0.212446 0.093387 0.277745 0.009395 0.033946 0.001387 374.000000
7.500000 -0.652163 -0.638601 0.054828 -12.043496 0.219017 0.173381 10.447440 2.809602 -0.067433 -0.033656 -2.918932 -3.384606 0.804190 0.971508 -30.685400 26.078860 -0.334797 -0.342400 -2.075646 -17.371411 -0.160154 -0.170443 1.160861 1.302505 -0.689394 -0.719795 -2.520439 0.772913 -0.253418 -0.227451 -11.237058 4.736835 0.083046 0.062295 -2.515510 -3.154520 1.127647 1.196254 -3.703610 -1.268810 -0.226304 -0.189985 10.416450 -9.438080 0.251758 0.306054 -1.005742 -0.866071 0.060515 0.040490 4.293940 1.387585 0.181765 0.168299 4.181285 -4.499628 -0.658292 -0.263622 1.786094 1.396204 0.308809 0.256433 2.162972 0.677748 -0.127573 0.023943 1.327878 -1.836398 -0.274969 -0.227688 -1.386300 -0.724198 0.401326 0.424233 -0.014730 0.755151 -0.772082 -0.393382 0.349525 -0.488568 -0.208534 -0.199562 -1.466783 -0.561353 0.252373 0.173667 -0.477434 1.299209 -0.214460 -0.190917 -0.361334 -0.154314 -0.227197 -0.216207 0.075370 0.060927 0.010135 0.042485 0.025491 375.000000
7.520000 -0.610939 -0.656488 11.639882 0.054828 0.205329 0.162708 10.159705 6.683186 -0.105237 -0.061789 -4.712795 -3.764254 0.839516 0.953757 -20.249658 16.841316 -0.180550 -0.320779 2.145164 -13.844083 -0.174305 -0.179152 1.017474 1.160861 -0.640293 -0.660425 -4.257002 -2.520439 -0.231574 -0.198997 -9.332717 6.876284 0.097805 0.096316 -3.519441 -4.360774 1.063471 1.123179 -1.234439 -5.668872 -0.140772 -0.291986 14.161033 -9.372482 0.227769 0.296047 -0.864876 -1.005742 0.054708 0.039412 3.318091 0.056327 0.174246 0.159756 3.613601 -4.237613 -0.777646 -0.380339 1.320125 1.786094 0.294912 0.253729 2.276100 0.417547 -0.186018 -0.027575 1.380465 -1.745425 -0.268747 -0.227634 -1.534604 -0.685785 0.380625 0.415822 0.018589 0.700515 -0.808056 -0.491111 1.235973 0.349525 -0.192080 -0.195244 -0.266906 -0.494675 0.299744 0.199562 0.010162 0.972108 -0.209979 -0.192475 -0.630338 -0.218352 -0.233458 -0.219980 0.040999 0.142982 0.011170 0.052116 0.053305 376.000000
7.540000 -0.590214 -0.670363 17.761287 11.639882 0.183709 0.150870 8.235149 7.436250 -0.122810 -0.086508 -4.191470 -2.723455 0.831891 0.934646 -17.509595 8.576021 -0.139590 -0.299941 2.762962 -11.673638 -0.196719 -0.187332 0.607395 1.017474 -0.612595 -0.608525 -7.649765 -4.257002 -0.210490 -0.191356 -3.909939 6.426079 0.093021 0.108526 -3.618176 -2.906638 0.987168 1.051570 -2.576685 -9.607047 -0.069685 -0.377846 16.675485 -10.841485 0.211151 0.282652 -0.731859 -0.864876 0.040321 0.035219 2.080092 -0.147755 0.158668 0.156962 0.241143 -3.465846 -0.891515 -0.492808 0.466824 1.320125 0.271399 0.248230 1.826555 0.447818 -0.245017 -0.080135 1.168015 -1.828283 -0.268615 -0.228295 -1.249179 -0.776596 0.362863 0.404601 0.098353 0.758007 -0.833635 -0.577127 1.794180 1.235973 -0.186539 -0.193473 -0.018129 -0.138534 0.352879 0.229947 0.063300 0.128372 -0.193425 -0.190049 -0.726982 -0.335669 -0.240201 -0.224356 0.044148 0.294669 0.014574 0.060443 0.079246 377.000000
7.560000 -0.577168 -0.677667 20.646515 17.761287 0.163172 0.138195 6.715591 6.213309 -0.131798 -0.104298 -3.342487 -2.021839 0.812010 0.911150 -15.817909 6.759939 -0.155389 -0.278156 1.148361 -10.749656 -0.211646 -0.196625 0.503112 0.607395 -0.574738 -0.566976 -6.324604 -7.649765 -0.208645 -0.198795 -0.662743 3.764058 0.078516 0.099420 -1.978971 -0.145881 0.921397 0.986618 -5.302240 -10.751358 -0.031936 -0.439377 18.100466 -13.328043 0.202532 0.260247 2.063498 -0.731859 0.021295 0.023507 1.637445 0.919474 0.144553 0.156171 -2.401191 -1.160618 -0.995120 -0.598529 -0.628839 0.466824 0.248165 0.241838 1.316137 0.329270 -0.283994 -0.130704 1.132988 -1.497285 -0.284137 -0.233011 -1.113196 -0.673766 0.343654 0.391344 0.137652 0.575413 -0.871070 -0.650702 1.369982 1.794180 -0.193750 -0.191108 -0.511694 -0.040714 0.415250 0.267679 -0.173169 -0.022585 -0.177731 -0.183164 -1.034922 -0.385565 -0.241545 -0.228639 0.079679 0.341417 0.022561 0.067316 0.100820 378.000000
7.580000 -0.589476 -0.677477 17.022369 20.646515 0.149144 0.126204 6.170661 5.029039 -0.141119 -0.122004 -0.913352 -1.686552 0.800714 0.881216 -11.268654 7.079838 -0.159279 -0.255258 0.667843 -8.738071 -0.209627 -0.205739 0.768580 0.503112 -0.538392 -0.552048 2.252487 -6.324604 -0.224790 -0.207831 -2.371556 1.320857 0.055249 0.077762 -1.158034 0.658114 0.878080 0.960024 -15.113910 -10.417417 -0.030429 -0.463637 12.793127 -15.719656 0.191464 0.214688 3.086603 2.063498 0.003696 0.010904 0.157696 2.019318 0.139160 0.149308 -0.485440 0.381873 -1.068936 -0.694124 -1.436083 -0.628839 0.252854 0.234121 2.017333 0.091574 -0.305025 -0.176623 1.385742 -1.224563 -0.297836 -0.240355 -1.172007 -0.625424 0.325190 0.376579 0.178681 0.487772 -0.914102 -0.712012 0.178316 1.369982 -0.208814 -0.189587 -0.835562 -0.169263 0.482231 0.313721 -0.502700 0.342431 -0.159032 -0.172376 -1.223890 -0.557300 -0.232831 -0.230977 0.117332 0.477622 0.030844 0.071662 0.121790 379.000000
7.600000 -0.594403 -0.668336 12.701997 17.022369 0.147365 0.115401 7.690140 3.542006 -0.156314 -0.144834 0.964288 -2.628654 0.788639 0.846492 -6.162235 5.152145 -0.174730 -0.233068 -0.392816 -6.116510 -0.207454 -0.214117 0.999108 0.768580 -0.513267 -0.545726 5.058071 2.252487 -0.253592 -0.215501 -6.630741 1.764795 0.039988 0.050875 1.830046 -0.606761 0.841142 0.954441 -21.764750 -1.679683 -0.172116 -0.454488 7.315184 -16.793593 0.184530 0.187831 1.947494 3.086603 -0.003090 0.002248 0.066313 0.321568 0.126921 0.132895 1.209307 0.163872 -1.106229 -0.777336 -1.505901 -1.436083 0.258186 0.225824 2.534553 0.315795 -0.311042 -0.216315 1.673303 -1.701538 -0.306243 -0.248811 -1.017047 -0.675344 0.319845 0.362441 0.269253 0.496663 -0.932728 -0.759276 -0.805949 0.178316 -0.234532 -0.191374 -1.182225 -0.166431 0.532441 0.364871 -1.009708 0.669131 -0.163242 -0.161723 -1.412228 -0.670611 -0.229315 -0.231282 0.045030 0.553279 0.035145 0.070708 0.148287 380.000000
7.620000 -0.614066 -0.651190 4.525899 12.701997 0.148555 0.111322 7.250444 3.362926 -0.169048 -0.165372 1.649058 -4.327214 0.770018 0.810936 -3.041729 3.364730 -0.196150 -0.211656 -1.663500 -2.797505 -0.216920 -0.220567 0.707809 0.999108 -0.480688 -0.529585 6.857299 5.058071 -0.269902 -0.220374 -9.545465 2.400348 0.022913 0.020867 4.786174 -4.230393 0.836728 0.945652 -20.242042 5.600813 -0.313716 -0.444192 3.007176 -16.163938 0.179464 0.171852 1.555053 1.947494 0.003643 -0.000796 0.921306 -0.571497 0.117037 0.115500 2.524761 -0.637810 -1.123329 -0.847781 -1.249775 -1.505901 0.253754 0.217793 2.588695 0.430625 -0.298387 -0.246576 1.758530 -2.103928 -0.300290 -0.256269 -0.721133 -0.643150 0.317654 0.350683 0.260456 0.373897 -0.922408 -0.793268 -0.844130 -0.805949 -0.228859 -0.196562 -0.376952 -0.086258 0.578631 0.416800 -1.138970 1.095966 -0.200308 -0.158495 -1.477453 -0.728629 -0.225939 -0.230462 0.013826 0.683599 0.035540 0.064194 0.174476 381.000000
7.640000 -0.645498 -0.633599 -4.665089 4.525899 0.142592 0.121358 1.832195 2.800693 -0.160962 -0.175329 3.384158 -4.449751 0.757818 0.781200 -0.987462 2.721911 -0.187363 -0.192765 -1.707753 -0.319817 -0.244468 -0.228432 0.235266 0.707809 -0.440993 -0.505700 9.199395 6.857299 -0.258712 -0.219286 -8.387398 2.379646 -0.006375 -0.011966 5.961828 -7.165820 0.846004 0.934528 -16.166685 7.949840 -0.410553 -0.437820 0.382316 -12.292202 0.168654 0.160656 1.236806 1.555053 0.016778 0.006390 0.460754 -0.801728 0.106945 0.098972 3.811689 -1.723034 -1.103117 -0.905129 -0.115554 -1.249775 0.239018 0.210452 2.193921 0.415082 -0.272598 -0.264112 1.486860 -2.173612 -0.291392 -0.262329 -0.371167 -0.490794 0.318255 0.341722 0.223901 0.230338 -0.904371 -0.817476 -0.397474 -0.844130 -0.214324 -0.202696 0.425944 0.381009 0.620224 0.466821 -1.063044 0.757961 -0.232760 -0.165893 -0.935131 -0.745640 -0.226831 -0.229474 -0.022158 0.731814 0.029834 0.053904 0.199070 382.000000
7.660000 -0.678108 -0.627226 -10.166072 -4.665089 0.147011 0.146981 -4.348534 -0.775981 -0.125308 -0.162786 4.308289 -2.608176 0.759440 0.767043 -0.756309 1.726729 -0.177539 -0.175284 -1.750295 0.739267 -0.283328 -0.236699 -0.461154 0.235266 -0.401678 -0.478015 11.203794 9.199395 -0.238663 -0.214641 -5.457935 1.212785 -0.049088 -0.051016 6.274047 -7.174613 0.862802 0.926421 -12.020683 7.807311 -0.455084 -0.436791 -0.379333 -8.359375 0.150562 0.151318 0.820359 1.236806 0.031984 0.024098 -1.311020 -1.675467 0.086780 0.078311 4.810121 -2.136222 -1.067696 -0.949631 1.203411 -0.115554 0.219517 0.203899 1.605109 0.353531 -0.258090 -0.270066 0.850183 -1.840391 -0.280196 -0.266367 -0.165138 -0.297534 0.322762 0.335779 0.185292 0.073633 -0.882048 -0.834571 0.147720 -0.397474 -0.204153 -0.207669 0.792764 0.744494 0.656733 0.513394 -0.877878 0.318550 -0.261223 -0.181913 -0.339350 -0.456487 -0.234392 -0.229726 -0.049539 0.478645 0.017902 0.041524 0.227418 383.000000
7.680000 -0.702044 -0.637478 -10.437027 -10.166072 0.185122 0.184883 -5.858404 -4.328411 -0.079718 -0.120469 1.193064 0.020122 0.771757 0.773754 -2.772845 1.641867 -0.118522 -0.158088 -0.719371 0.885558 -0.307894 -0.248472 -0.737712 -0.461154 -0.365761 -0.448986 12.531288 11.203794 -0.226879 -0.209445 -4.140629 -0.408056 -0.095742 -0.097555 7.138677 -5.865991 0.900337 0.926230 -5.923944 6.284220 -0.467806 -0.442205 -0.011189 -5.736464 0.122872 0.143284 0.110048 0.820359 0.057265 0.049610 -2.275634 -3.060570 0.063255 0.051482 6.141661 -1.749550 -1.019175 -0.981451 2.472783 1.203411 0.216177 0.198052 1.573998 0.377463 -0.252905 -0.269372 0.375192 -1.227646 -0.267478 -0.267050 -0.185633 -0.175215 0.324446 0.332218 0.111690 -0.010077 -0.857804 -0.844923 0.459581 0.147720 -0.206581 -0.211223 0.660800 0.835321 0.675476 0.554629 -0.843650 0.042557 -0.270319 -0.201814 0.298794 -0.144905 -0.243734 -0.231984 -0.026281 0.194444 0.001321 0.027403 0.263858 384.000000
7.700000 -0.699185 -0.657825 -5.100765 -10.437027 0.247780 0.231303 -3.691043 -3.525734 -0.041118 -0.065025 -2.813068 2.332670 0.794626 0.795090 -3.686393 1.905808 0.040805 -0.125194 0.620317 -0.867036 -0.310276 -0.260710 -0.416351 -0.737712 -0.356189 -0.421569 9.272072 12.531288 -0.215755 -0.203975 -3.093280 -1.499024 -0.149998 -0.145453 5.678754 -5.639653 0.933980 0.937743 -3.357191 2.970050 -0.502992 -0.454467 0.192224 -2.953894 0.098888 0.136630 -0.887080 0.110048 0.076376 0.078343 -4.424874 -4.208648 0.040567 0.026510 5.834614 -1.933014 -0.987833 -1.000971 2.730099 2.472783 0.215023 0.193400 1.481974 0.599403 -0.255907 -0.266973 0.141400 -0.974595 -0.258353 -0.264735 -0.243939 -0.148661 0.318862 0.329246 0.036399 0.036971 -0.856478 -0.848369 -0.308252 0.459581 -0.198124 -0.212901 0.692511 0.752225 0.662348 0.586734 -1.043547 0.091425 -0.253823 -0.218529 0.685124 0.162537 -0.248136 -0.235457 0.035488 -0.136256 -0.017724 0.010673 0.302951 385.000000
7.720000 -0.707461 -0.688234 1.730405 -5.100765 0.286774 0.274087 -2.627233 -0.438987 -0.001238 -0.015848 -3.576338 3.252055 0.840227 0.832027 -5.547123 1.395328 0.283434 -0.079205 7.058014 -2.291065 -0.313550 -0.266718 -1.469541 -0.416351 -0.370255 -0.398305 2.591382 9.272072 -0.210372 -0.200962 -1.990731 -1.292737 -0.204608 -0.190935 3.546290 -4.386017 0.902592 0.960477 -15.565363 1.539810 -0.559893 -0.472597 -0.637421 -1.817381 0.085549 0.130700 -0.785686 -0.887080 0.086143 0.103321 -6.415103 -5.129744 0.022646 0.006730 5.629875 -0.704870 -0.983978 -1.009974 1.732187 2.730099 0.216019 0.190160 1.475620 0.670287 -0.269306 -0.266772 0.127200 -0.811687 -0.254825 -0.262182 -0.134319 -0.140169 0.308472 0.325200 0.010401 0.103770 -0.849745 -0.843810 -1.645606 -0.308252 -0.182414 -0.211219 0.671077 0.868029 0.604075 0.603269 -1.303679 0.175518 -0.232144 -0.227731 0.690160 0.324818 -0.244341 -0.238280 0.092123 -0.360306 -0.035906 -0.007951 0.340794 386.000000
7.740000 -0.723275 -0.732904 8.843963 1.730405 0.318460 0.306198 -1.914813 0.474552 0.037107 0.024130 -2.678076 3.101786 0.894617 0.887116 -6.952862 -2.322324 0.530852 -0.026673 10.281019 -7.869448 -0.330262 -0.260904 -2.984893 -1.469541 -0.374622 -0.378336 -2.143842 2.591382 -0.227337 -0.202122 -4.639938 -0.777779 -0.246480 -0.232378 2.829537 -2.768510 0.844391 0.987481 -32.714007 8.242899 -0.617666 -0.492646 -1.715928 -7.322464 0.070999 0.126092 -1.133372 -0.785686 0.091577 0.118483 -6.852279 -6.022489 0.008092 -0.006907 4.350685 0.392614 -1.001965 -1.009274 -0.457778 1.732187 0.226680 0.188102 1.772047 0.674210 -0.296385 -0.272330 0.285281 -0.801410 -0.268699 -0.262056 -0.205621 -0.072360 0.304330 0.320417 0.066312 0.061959 -0.848595 -0.828156 -3.913191 -1.645606 -0.203328 -0.207693 -0.309447 0.987378 0.527455 0.600635 -1.434801 0.316301 -0.229491 -0.230597 0.157460 0.299018 -0.238173 -0.239267 0.078800 -0.391142 -0.049730 -0.026137 0.378220 387.000000
7.760000 -0.765516 -0.784056 11.456150 8.843963 0.354758 0.336200 -0.416895 0.381631 0.066689 0.057034 -2.582342 2.296444 0.956826 0.947085 -7.235560 -3.946465 0.693615 0.048732 12.005589 -10.899327 -0.348082 -0.260596 -1.385989 -2.984893 -0.393952 -0.359994 -9.366432 -2.143842 -0.244863 -0.204281 -7.694812 0.905200 -0.270962 -0.267258 3.917515 -3.734738 0.781140 1.012321 -49.619551 17.595903 -0.723228 -0.511372 -4.661810 -15.118104 0.051464 0.120015 -1.442012 -1.133372 0.095015 0.125109 -6.419543 -5.601482 -0.004898 -0.011856 1.561150 1.250797 -0.987981 -0.998406 -1.912601 -0.457778 0.239375 0.188343 1.794679 0.743383 -0.316513 -0.283282 0.528950 -1.028664 -0.281650 -0.266571 0.192513 -0.135967 0.300168 0.315650 0.073619 0.069654 -0.822478 -0.802835 -5.094896 -3.913191 -0.230583 -0.205645 -1.135338 0.562677 0.453555 0.581041 -1.323709 0.872124 -0.217121 -0.229080 -0.020309 0.039330 -0.230736 -0.238239 0.043885 -0.118130 -0.059564 -0.043494 0.411361 388.000000
7.780000 -0.803466 -0.836323 13.994277 11.456150 0.389235 0.368266 -0.757517 1.082724 0.095164 0.088691 -3.267618 1.499619 1.014999 1.007670 -6.850882 -5.050255 0.798689 0.132068 10.978376 -12.285815 -0.354041 -0.282099 0.391774 -1.385989 -0.396013 -0.341797 -13.645609 -9.366432 -0.251395 -0.204004 -9.679702 1.888649 -0.289597 -0.296910 5.551506 -5.806164 0.751860 1.030100 -57.785418 28.175603 -0.810512 -0.526864 -7.113189 -21.443948 0.030215 0.113712 -1.882296 -1.442012 0.106354 0.128396 -4.741728 -3.990346 -0.018148 -0.012235 -1.274877 2.429197 -0.941419 -0.975428 -2.916162 -1.912601 0.266311 0.193520 1.720243 0.632865 -0.324309 -0.295777 0.697251 -1.161814 -0.286227 -0.273445 0.415230 0.059447 0.292930 0.310624 0.057288 -0.133066 -0.767073 -0.770692 -5.046860 -5.094896 -0.259977 -0.206411 -1.817279 0.094186 0.399080 0.550148 -0.995994 1.229524 -0.216663 -0.224716 -0.449426 -0.032097 -0.221374 -0.235246 0.011598 -0.011788 -0.067692 -0.058764 0.439693 389.000000
7.800000 -0.853603 -0.884377 12.966862 13.994277 0.427052 0.404222 -0.645526 1.255050 0.111320 0.116123 -4.459625 2.012567 1.073315 1.057242 -3.331640 -4.500947 0.824566 0.235234 6.992104 -11.351829 -0.345686 -0.305876 0.985477 0.391774 -0.390169 -0.322324 -16.451663 -13.645609 -0.266675 -0.199971 -13.968102 2.064098 -0.303192 -0.322733 7.396803 -7.615604 0.732460 1.040085 -62.633084 34.028432 -0.882991 -0.538700 -9.307581 -23.756986 0.012880 0.107709 -2.296984 -1.882296 0.114060 0.132409 -4.147280 -1.733425 -0.024498 -0.011966 -2.549129 3.008303 -0.859418 -0.938925 -3.141849 -2.916162 0.302820 0.205682 1.584973 0.511496 -0.325188 -0.306643 0.723034 -1.208747 -0.282773 -0.279368 0.524989 0.178971 0.284969 0.304991 0.061193 -0.236259 -0.708757 -0.733769 -4.784542 -5.046860 -0.297183 -0.211572 -2.310487 -0.410642 0.360427 0.514223 -0.682430 1.406637 -0.230765 -0.221200 -0.756790 -0.230512 -0.207888 -0.230024 -0.009029 0.218914 -0.076276 -0.072574 0.463711 390.000000
7.820000 -0.904005 -0.927773 10.716214 12.966862 0.467779 0.438514 1.189790 1.907049 0.120837 0.136128 -5.564734 2.552575 1.125245 1.095251 1.287991 -3.382479 0.783601 0.347204 1.800833 -6.714119 -0.313843 -0.320291 1.095415 0.985477 -0.393124 -0.305244 -19.767960 -16.451663 -0.285400 -0.196501 -18.056178 3.285649 -0.326651 -0.343884 6.178274 -10.682452 0.731485 1.046402 -63.916007 38.036616 -0.904306 -0.547802 -9.864044 -24.596468 0.012066 0.102906 -2.310440 -2.296984 0.111271 0.135216 -4.952185 -0.799075 -0.026174 -0.011495 -3.020384 3.348205 -0.771595 -0.890418 -3.173456 -3.141849 0.346028 0.225275 1.427547 0.430969 -0.332187 -0.315620 0.582230 -1.154004 -0.269911 -0.281905 0.578407 0.231898 0.277034 0.298765 0.073112 -0.293091 -0.662001 -0.694259 -4.682354 -4.784542 -0.343701 -0.223443 -2.535192 -0.814029 0.335970 0.478091 -0.431490 1.496459 -0.247093 -0.221683 -0.691439 -0.373881 -0.196743 -0.222953 -0.067107 0.382909 -0.083147 -0.084102 0.482696 391.000000
7.840000 -0.932398 -0.963856 10.980299 10.716214 0.494880 0.465606 2.462939 3.377262 0.125166 0.149904 -6.552041 2.187472 1.163485 1.125724 3.294463 -1.944197 0.743478 0.453147 -1.267726 -0.656206 -0.274185 -0.320834 0.890139 1.095415 -0.394286 -0.295519 -20.633921 -19.767960 -0.290481 -0.199469 -17.190789 5.938952 -0.348478 -0.358607 3.759221 -12.117226 0.764742 1.055245 -59.738049 39.079843 -0.869149 -0.555890 -8.658739 -24.836164 0.027028 0.099958 -1.971589 -2.310440 0.097066 0.131579 -5.766178 -0.965900 -0.025208 -0.010382 -3.140419 3.986284 -0.711898 -0.834379 -3.809846 -3.173456 0.395125 0.252454 1.170561 0.422658 -0.345156 -0.324456 0.505268 -1.004889 -0.262074 -0.280885 0.371446 0.252648 0.268910 0.292052 0.083147 -0.325760 -0.624203 -0.654420 -4.701108 -4.682354 -0.379982 -0.242662 -2.183479 -1.051851 0.323316 0.444989 -0.213757 1.483341 -0.258569 -0.225799 -0.574323 -0.312166 -0.193406 -0.215697 -0.136336 0.379273 -0.084644 -0.092143 0.495606 392.000000
7.860000 -0.961773 -0.992677 10.067842 10.980299 0.500035 0.481996 1.876922 4.507490 0.131325 0.156061 -5.325158 2.044551 1.193579 1.155538 3.225592 -0.731933 0.691646 0.535446 -2.155590 2.562530 -0.236813 -0.308828 0.554445 0.890139 -0.403631 -0.295958 -20.793115 -20.633921 -0.294766 -0.210550 -14.796404 6.715784 -0.362786 -0.366546 1.566119 -10.475005 0.795383 1.069930 -57.442403 36.120634 -0.825329 -0.564503 -6.997552 -23.617415 0.037804 0.098851 -1.739968 -1.971589 0.088659 0.119429 -3.937221 -1.312880 -0.021943 -0.009726 -2.444427 4.453298 -0.654299 -0.774865 -4.241065 -3.809846 0.445430 0.286644 0.879236 0.332647 -0.364738 -0.334645 0.403064 -0.837915 -0.257120 -0.277749 0.166651 0.144149 0.258328 0.284643 0.080352 -0.227297 -0.572647 -0.615203 -4.122503 -4.701108 -0.417195 -0.268549 -1.657457 -0.984861 0.324073 0.417198 0.030315 1.198618 -0.263277 -0.231793 -0.334181 -0.218993 -0.198205 -0.210298 -0.166962 0.355330 -0.079205 -0.095739 0.503470 393.000000
7.880000 -0.986830 -1.016850 9.232488 10.067842 0.501288 0.489957 1.385401 3.601040 0.139248 0.155848 -3.037386 1.724118 1.228408 1.187393 3.401905 -0.056460 0.645802 0.584431 -1.707003 3.169132 -0.207352 -0.288420 0.175396 0.554445 -0.401620 -0.305214 -17.528380 -20.793115 -0.301418 -0.225533 -12.926207 6.615142 -0.368418 -0.369928 0.650276 -8.181262 0.823796 1.089043 -56.042308 33.773434 -0.784354 -0.574222 -5.294284 -23.668969 0.039396 0.097825 -1.657203 -1.739968 0.082685 0.103222 -1.697501 -0.746397 -0.021220 -0.011047 -1.667190 3.190824 -0.584929 -0.712613 -4.422262 -4.241065 0.495544 0.325836 0.739598 0.238086 -0.394179 -0.347750 0.303398 -0.641150 -0.259035 -0.273579 -0.205420 0.043149 0.249178 0.276625 0.101766 -0.123501 -0.489453 -0.574299 -2.982170 -4.122503 -0.460786 -0.300979 -1.129824 -0.843886 0.328580 0.395472 0.192856 0.813571 -0.272385 -0.238942 -0.256227 -0.083610 -0.206726 -0.207883 -0.137073 0.250571 -0.070042 -0.094378 0.509232 394.000000
7.900000 -1.022999 -1.036740 5.364802 9.232488 0.503885 0.498001 -0.220599 2.211393 0.155433 0.155252 -0.036821 0.825992 1.257974 1.221703 2.162905 -0.468497 0.600101 0.603962 -1.052677 2.933409 -0.190423 -0.264312 -0.213073 0.175396 -0.392033 -0.318536 -12.639370 -17.528380 -0.309403 -0.238423 -12.569299 6.137966 -0.365287 -0.371929 1.700785 -6.788241 0.833582 1.108280 -57.653905 31.843627 -0.742296 -0.583917 -3.825366 -24.198681 0.040290 0.097126 -1.658675 -1.657203 0.082769 0.090290 -0.034858 -0.015156 -0.016293 -0.013973 0.060545 1.682346 -0.471486 -0.644008 -3.915095 -4.422262 0.550222 0.367534 1.047386 0.218100 -0.417422 -0.363822 0.399837 -0.521498 -0.268366 -0.270422 -0.504945 -0.153593 0.246767 0.269131 0.142487 0.051827 -0.389392 -0.527048 -2.132773 -2.982170 -0.502278 -0.339524 -0.398584 -0.661340 0.337979 0.379541 0.374329 0.468484 -0.274356 -0.246375 -0.091438 -0.059577 -0.214295 -0.208201 -0.068316 0.196650 -0.062277 -0.089258 0.514383 395.000000
7.920000 -1.051399 -1.051298 2.205394 5.364802 0.515116 0.513419 -2.264590 -0.091889 0.175566 0.161070 1.492378 0.128710 1.274920 1.253972 -0.280000 -0.321419 0.590982 0.604312 0.881703 1.841485 -0.181392 -0.240917 -0.311893 -0.213073 -0.384421 -0.332817 -8.212768 -12.639370 -0.303886 -0.244701 -11.279548 5.434257 -0.353849 -0.373506 4.307754 -7.135042 0.840730 1.123892 -58.659482 31.588867 -0.690640 -0.592157 -2.204864 -26.065038 0.044747 0.096735 -1.533719 -1.658675 0.082071 0.085727 -0.568159 -0.047702 -0.015614 -0.017336 1.031438 -0.012843 -0.313715 -0.562534 -3.173944 -3.915095 0.609836 0.410439 1.546535 0.323775 -0.426553 -0.380168 0.533338 -0.723612 -0.271322 -0.268074 -0.728401 -0.323716 0.245678 0.262991 0.129988 0.181229 -0.294550 -0.470620 -2.024239 -2.132773 -0.531810 -0.381243 0.245226 -0.386457 0.339682 0.368277 0.311498 0.012127 -0.260113 -0.250765 -0.076828 -0.011561 -0.218103 -0.210061 0.001896 0.079877 -0.059398 -0.081265 0.517991 396.000000
7.940000 -1.055588 -1.065532 3.879113 2.205394 0.532186 0.536283 -4.382368 -1.878484 0.192232 0.177029 0.352093 0.386106 1.276368 1.276082 -2.264712 -0.496590 0.605702 0.580681 3.346932 -0.776589 -0.180220 -0.223379 -0.226460 -0.311893 -0.382957 -0.347556 -4.939591 -8.212768 -0.290224 -0.244435 -9.510732 3.485897 -0.344161 -0.373571 5.798110 -7.793651 0.861029 1.134902 -56.136982 30.921653 -0.647275 -0.598561 -0.886762 -27.737829 0.053428 0.096409 -1.269614 -1.533719 0.088200 0.088458 -0.807991 -0.799799 -0.010788 -0.019886 2.118886 -0.231640 -0.161021 -0.465166 -3.343756 -3.173944 0.650765 0.452770 1.769741 0.506598 -0.419801 -0.393588 0.746517 -1.039937 -0.266389 -0.262481 -1.377292 -0.429195 0.247438 0.258527 0.115369 0.299206 -0.226297 -0.405823 -2.961119 -2.024239 -0.549943 -0.421646 0.695617 -0.033136 0.345172 0.360751 0.268820 -0.278362 -0.240975 -0.248569 -0.509587 -0.039362 -0.218813 -0.212206 0.041176 0.037466 -0.060825 -0.070873 0.518825 397.000000
7.960000 -1.052637 -1.075843 6.003895 3.879113 0.545900 0.560418 -6.026299 -2.367231 0.204387 0.195621 -0.724033 2.015137 1.266915 1.287863 -5.611050 -1.284129 0.613809 0.555816 4.096531 -3.548841 -0.186094 -0.211532 -0.158161 -0.226460 -0.395074 -0.362505 -4.334935 -4.939591 -0.280833 -0.240593 -8.604382 1.856311 -0.332926 -0.369535 6.568325 -7.654421 0.874830 1.142015 -54.275152 28.708733 -0.619872 -0.603204 -0.104049 -27.428249 0.058431 0.096416 -1.175473 -1.269614 0.097934 0.094507 -0.221986 -1.463439 -0.008019 -0.019494 2.190691 -0.655448 -0.001639 -0.352534 -3.619428 -3.343756 0.648298 0.490140 1.266832 0.511612 -0.405779 -0.401586 0.720780 -1.258129 -0.254737 -0.251991 -2.054229 -0.746331 0.249106 0.255669 0.079537 0.630961 -0.154547 -0.335374 -3.566635 -2.961119 -0.557316 -0.457029 0.832001 0.213398 0.349321 0.356554 0.150306 -0.482219 -0.204307 -0.237552 -0.914045 -0.275381 -0.218370 -0.213945 0.047738 0.234205 -0.063515 -0.059494 0.514813 398.000000
7.980000 -1.038139 -1.081444 9.176216 6.003895 0.552986 0.575845 -5.947139 -2.651133 0.212091 0.210562 -1.497599 3.375166 1.251602 1.294594 -9.286577 -0.152170 0.599485 0.531541 4.512853 -5.763221 -0.203394 -0.206974 -0.021201 -0.158161 -0.417551 -0.377345 -5.913987 -4.334935 -0.279857 -0.238212 -8.461517 1.018029 -0.327300 -0.361340 5.446469 -7.586354 0.876609 1.145629 -54.085708 27.212699 -0.630831 -0.605898 -0.568884 -27.062453 0.063669 0.097368 -1.160144 -1.175473 0.108833 0.099103 1.423770 -1.206338 -0.001034 -0.016244 2.454084 -0.984352 0.164934 -0.227644 -3.542701 -3.619428 0.595177 0.515319 0.478138 0.273026 -0.377599 -0.402107 0.645033 -0.993806 -0.233550 -0.235273 -2.768496 -1.066883 0.250492 0.254020 0.046648 0.987346 -0.065820 -0.260371 -3.688479 -3.566635 -0.553213 -0.484426 0.767518 0.340848 0.339118 0.353072 -0.012298 -0.491154 -0.152860 -0.216297 -1.272784 -0.480892 -0.217137 -0.215052 0.042364 0.433153 -0.063630 -0.047594 0.507350 399.000000
8.000000 -1.012738 -1.079396 12.540072 9.176216 0.554918 0.579024 -4.480402 -2.224770 0.219463 0.222425 -2.107354 3.722369 1.241046 1.296270 -10.969283 1.385009 0.567039 0.502534 5.121300 -7.901568 -0.224285 -0.210393 0.224703 -0.021201 -0.444158 -0.391546 -8.551180 -5.913987 -0.280219 -0.239296 -7.841234 1.507524 -0.324937 -0.348732 2.738064 -6.953993 0.875018 1.145197 -53.644721 27.453588 -0.631730 -0.606160 -0.853610 -26.632119 0.070297 0.099532 -1.142260 -1.160144 0.115309 0.100307 2.952955 -0.515157 0.008793 -0.008605 2.143557 -1.938927 0.321672 -0.094988 -3.426986 -3.542701 0.514199 0.521471 0.141121 -0.083448 -0.333134 -0.393275 0.585081 -0.561585 -0.208469 -0.213039 -3.318054 -1.407572 0.253977 0.253495 0.034551 1.360924 0.035267 -0.180495 -3.546268 -3.688479 -0.525444 -0.501295 0.818831 0.389908 0.309246 0.345915 -0.122817 -0.377610 -0.100278 -0.185180 -1.784936 -0.657574 -0.216299 -0.215607 0.027941 0.615210 -0.059259 -0.035495 0.497013 400.000000
8.020000 -0.986274 -1.067785 14.044306 12.540072 0.551854 0.571927 -2.374531 -1.186524 0.225353 0.233073 -2.931631 3.293878 1.227109 1.292674 -12.238951 1.787063 0.517676 0.464344 5.806192 -9.182220 -0.244017 -0.220564 0.526733 0.224703 -0.461637 -0.403627 -10.072408 -8.551180 -0.282218 -0.242640 -7.402618 2.551585 -0.313537 -0.332386 1.285050 -5.289649 0.873059 1.139657 -52.090375 27.438667 -0.607170 -0.603657 -0.476143 -26.206054 0.072319 0.102701 -1.257829 -1.142260 0.119103 0.099212 4.100024 0.404699 0.016461 0.003084 0.846391 -2.548256 0.462879 0.040955 -3.438505 -3.426986 0.427016 0.505985 0.508880 -0.221980 -0.269975 -0.373314 0.571240 -0.363101 -0.181580 -0.187431 -3.610169 -1.676303 0.260485 0.254395 0.028080 1.641751 0.136842 -0.097179 -3.154972 -3.546268 -0.466097 -0.504539 1.103155 0.470824 0.267788 0.331823 -0.063837 -0.348007 -0.052349 -0.146328 -2.380431 -0.906439 -0.213229 -0.215488 0.028696 0.878497 -0.051107 -0.023839 0.483975 401.000000
8.040000 -0.960724 -1.046148 13.325009 14.044306 0.540741 0.556408 -0.371117 0.278550 0.233137 0.242821 -3.212037 2.653081 1.219428 1.283762 -11.220868 1.927405 0.453955 0.415281 6.449101 -10.311546 -0.261467 -0.235101 0.761181 0.526733 -0.464848 -0.410931 -10.134380 -10.072408 -0.294150 -0.247104 -8.761410 3.058784 -0.295310 -0.314833 1.397635 -4.343834 0.870004 1.128462 -49.635262 26.388963 -0.576979 -0.598721 0.071258 -25.701413 0.077827 0.106838 -1.320035 -1.257829 0.125921 0.098153 5.494976 1.626816 0.022044 0.015774 -0.550848 -2.473207 0.588002 0.176001 -3.427773 -3.438505 0.343467 0.470323 1.398107 -0.031180 -0.192691 -0.341434 0.620131 -0.540060 -0.160275 -0.161466 -3.656580 -1.819124 0.269406 0.257023 0.013948 1.791044 0.243412 -0.012531 -2.398727 -3.154972 -0.393494 -0.492380 1.223462 0.583496 0.215366 0.309022 0.125708 -0.519659 -0.011148 -0.103418 -2.778352 -1.204564 -0.206531 -0.214162 0.031227 1.175867 -0.040974 -0.013744 0.469895 402.000000
8.060000 -0.926316 -1.013624 12.032836 13.325009 0.522903 0.533282 1.737471 1.420460 0.242815 0.252981 -3.505422 1.791577 1.188233 1.268367 -13.269353 0.954183 0.385566 0.355293 7.254858 -10.266685 -0.258403 -0.249878 1.115003 0.761181 -0.468648 -0.411753 -11.682447 -10.134380 -0.301952 -0.253001 -8.926058 3.681887 -0.277756 -0.297946 1.660496 -5.079522 0.859756 1.111840 -47.562703 24.766183 -0.538018 -0.591824 0.834351 -24.869079 0.089769 0.112007 -1.207666 -1.320035 0.128563 0.098440 5.710534 3.022912 0.022451 0.026881 -2.375864 -2.472064 0.687609 0.305416 -3.492847 -3.427773 0.273437 0.419260 2.538396 0.388988 -0.121389 -0.299696 0.537658 -1.009119 -0.138347 -0.136585 -3.539932 -1.835264 0.276313 0.261001 -0.025408 1.821316 0.337240 0.071696 -1.819982 -2.398727 -0.319165 -0.464970 0.890417 0.548877 0.145546 0.276099 0.233907 -0.674585 0.037420 -0.058726 -2.831531 -1.404790 -0.201903 -0.211750 -0.004989 1.373563 -0.029575 -0.006272 0.456705 403.000000
8.080000 -0.873906 -0.968099 11.341168 12.032836 0.509622 0.505207 5.183244 2.621446 0.251730 0.266644 -5.141629 0.883976 1.145762 1.244344 -15.563636 1.396669 0.307799 0.283602 8.279289 -11.872684 -0.241794 -0.260770 1.433014 1.115003 -0.460890 -0.405551 -12.453724 -11.682447 -0.307891 -0.259832 -8.705813 3.632781 -0.261305 -0.281795 1.815067 -5.293277 0.863092 1.090099 -41.824609 23.178950 -0.532598 -0.583094 0.563365 -24.383753 0.107600 0.117876 -0.895420 -1.207666 0.132242 0.101288 5.350065 4.043199 0.019169 0.035688 -4.414323 -1.667335 0.742842 0.423931 -4.085792 -3.492847 0.228739 0.360212 3.775651 1.000369 -0.063607 -0.252841 0.509027 -1.538027 -0.115784 -0.112906 -3.330325 -1.757262 0.283143 0.265787 -0.042423 1.782670 0.398799 0.152069 -1.710504 -1.819982 -0.252784 -0.424430 0.201512 0.328255 0.067185 0.232981 0.291040 -0.562162 0.090402 -0.012413 -2.785136 -1.413271 -0.202486 -0.209345 -0.049185 1.418260 -0.017175 -0.002188 0.444356 404.000000
8.100000 -0.828069 -0.910589 7.539239 11.341168 0.496717 0.475561 8.606148 5.162437 0.262033 0.283716 -6.797061 -0.020808 1.100126 1.210126 -16.260628 1.804171 0.226677 0.201713 9.099652 -13.759464 -0.226304 -0.266269 1.522101 1.433014 -0.448909 -0.393271 -13.197480 -12.453724 -0.302413 -0.265388 -6.851983 3.445373 -0.249005 -0.266527 1.377320 -5.260440 0.862314 1.064206 -36.304249 20.505555 -0.540236 -0.572811 -0.112371 -21.319054 0.119189 0.123563 -0.649394 -0.895420 0.121027 0.108490 0.976695 4.882194 0.016526 0.041876 -5.758744 -0.467871 0.779733 0.527950 -4.489809 -4.085792 0.195465 0.300761 4.475566 1.633312 -0.019058 -0.205144 0.435264 -2.142339 -0.098402 -0.092818 -2.784697 -1.643951 0.284327 0.270398 -0.079962 1.686374 0.445929 0.225229 -1.539208 -1.710504 -0.202268 -0.375102 -0.749842 -0.044764 -0.021378 0.180147 0.288186 -0.246276 0.135159 0.034069 -2.726756 -1.367975 -0.206964 -0.208068 -0.063822 1.417161 -0.005289 -0.001753 0.431970 405.000000
8.120000 -0.780119 -0.846059 3.346257 7.539239 0.489908 0.447340 12.471667 7.701604 0.268266 0.300428 -8.554144 -0.904543 1.054035 1.164200 -14.062904 1.560365 0.129812 0.115758 8.435039 -14.700263 -0.217927 -0.267368 1.394789 1.522101 -0.437347 -0.379056 -13.682690 -13.197480 -0.294345 -0.266572 -5.875525 2.737332 -0.238891 -0.252018 0.576533 -4.114651 0.859265 1.036547 -31.354876 18.233257 -0.573741 -0.561565 -1.498597 -18.070993 0.129404 0.127902 -0.293273 -0.649394 0.109607 0.120738 -4.527193 3.367719 0.015663 0.046016 -6.513825 2.391025 0.809666 0.616897 -4.670989 -4.489809 0.200990 0.247600 5.476735 2.020151 0.015977 -0.159548 0.456170 -2.455415 -0.095999 -0.079683 -2.069621 -1.352368 0.281865 0.273764 -0.085661 1.432330 0.479638 0.289821 -1.468269 -1.539208 -0.172571 -0.322448 -1.789303 -0.519014 -0.109194 0.118986 0.317173 0.230828 0.158657 0.076940 -2.682713 -1.331467 -0.211153 -0.208156 -0.040192 1.395289 0.003746 -0.003012 0.418366 406.000000
8.140000 -0.740198 -0.781564 -0.824632 3.346257 0.475500 0.422193 14.121185 10.512906 0.280844 0.312141 -7.490569 -1.958761 1.017406 1.110026 -10.389466 0.941354 0.041673 0.029361 8.887546 -13.121550 -0.223135 -0.266719 1.226130 1.394789 -0.408604 -0.366075 -10.228485 -13.682690 -0.289264 -0.262351 -6.328938 2.649496 -0.229103 -0.240015 0.688659 -3.226029 0.863567 1.010686 -25.860054 16.759425 -0.619755 -0.550870 -3.065237 -14.595451 0.135899 0.130345 0.023260 -0.293273 0.113085 0.137940 -7.832979 0.993316 0.019550 0.047487 -5.522310 5.520509 0.806843 0.689854 -5.137365 -4.670989 0.229700 0.207018 5.977049 2.510283 0.035571 -0.119017 0.519224 -2.966453 -0.102856 -0.073679 -1.611891 -0.991980 0.278116 0.275499 -0.061990 1.077641 0.502628 0.346323 -1.671603 -1.468269 -0.163751 -0.272177 -2.806270 -1.053238 -0.181263 0.053171 0.470310 0.736065 0.153083 0.110964 -2.672611 -1.321260 -0.213153 -0.209046 -0.008411 1.361453 0.007863 -0.004234 0.404404 407.000000
8.160000 -0.710675 -0.722267 -5.872396 -0.824632 0.455018 0.402323 13.047389 10.805877 0.303099 0.320073 -4.394929 -3.315308 0.967465 1.050573 -7.694740 -1.222075 -0.076739 -0.052969 7.210820 -11.611541 -0.221754 -0.264458 0.967225 1.226130 -0.383856 -0.355710 -6.840652 -10.228485 -0.274687 -0.254013 -5.592220 2.820140 -0.230121 -0.233917 0.359096 -3.508798 0.869689 0.990069 -21.518985 15.143128 -0.650946 -0.542494 -3.936522 -10.716925 0.144010 0.131105 0.367515 0.023260 0.126563 0.159505 -10.048482 -1.155334 0.020907 0.044773 -4.013265 6.677645 0.769866 0.744104 -5.788064 -5.137365 0.274686 0.183717 5.918443 2.728912 0.032582 -0.086661 0.483131 -3.248137 -0.119204 -0.074215 -1.315451 -0.774950 0.261100 0.274088 -0.092144 0.836941 0.519171 0.396070 -2.070866 -1.671603 -0.195557 -0.230182 -4.135683 -1.638290 -0.225962 -0.010923 0.568504 1.167980 0.132666 0.132620 -2.432990 -1.332100 -0.215687 -0.210346 -0.004157 1.340511 0.006447 -0.004732 0.394003 408.000000
8.180000 -0.667806 -0.675849 -4.285669 -5.872396 0.432923 0.388594 10.516128 8.721159 0.316206 0.328039 -3.632501 -4.326230 0.914890 1.000321 -10.546315 -1.358842 -0.139554 -0.138113 8.361681 -9.053582 -0.204908 -0.244551 -1.745332 0.967225 -0.363682 -0.348455 -3.856408 -6.840652 -0.242807 -0.244578 -1.030905 2.616562 -0.239686 -0.235661 -0.163685 -2.975658 0.885374 0.976776 -16.833344 13.601661 -0.611592 -0.537418 -2.584398 -7.917324 0.141309 0.130161 0.515496 0.367515 0.130783 0.180915 -12.922261 -3.017609 0.018356 0.035256 -1.618917 7.030873 0.737463 0.778104 -5.389613 -5.788064 0.283569 0.177420 4.209811 2.717656 0.028601 -0.061831 0.270028 -3.200787 -0.135879 -0.079675 -1.147773 -0.611653 0.244674 0.268906 -0.022444 0.703798 0.527626 0.438109 -2.167118 -2.070866 -0.239154 -0.200548 -5.114665 -2.352093 -0.241167 -0.065851 0.413982 1.783589 0.096598 0.142251 -2.576590 -1.214417 -0.219225 -0.212078 -0.005876 1.218573 0.000837 -0.004292 0.390988 409.000000
8.200000 -0.641987 -0.642026 -4.300365 -4.285669 0.409647 0.380672 6.616297 7.074315 0.325581 0.334985 -2.600624 -3.441813 0.857662 0.958355 -14.107399 -0.763976 -0.033848 -0.212795 11.902590 -11.310291 -0.201787 -0.208058 -3.737870 -1.745332 -0.344817 -0.345571 0.130731 -3.856408 -0.197474 -0.233215 5.234178 0.597295 -0.254500 -0.240720 -1.954479 -0.433610 0.921742 0.970724 -9.377120 10.282607 -0.551540 -0.535306 -0.585954 -6.550737 0.124688 0.126528 0.428757 0.515496 0.141791 0.198191 -13.527025 -5.651672 0.029395 0.024846 2.196380 7.270589 0.722104 0.792354 -3.716663 -5.389613 0.228255 0.181399 0.946228 1.969891 0.026645 -0.041140 -0.221356 -2.239920 -0.156900 -0.090183 -0.830346 -0.562664 0.238057 0.261993 0.084654 0.585109 0.536518 0.473280 -2.325573 -2.167118 -0.269068 -0.184252 -4.997357 -2.764323 -0.231038 -0.107442 0.375269 2.350341 0.048398 0.140074 -2.646339 -1.285357 -0.225685 -0.214625 -0.012736 1.291233 -0.007016 -0.003332 0.392766 410.000000
8.220000 -0.618278 -0.633776 2.928713 -4.300365 0.391180 0.379623 2.170840 4.608461 0.325041 0.331910 -0.542826 -2.007837 0.846931 0.941056 -17.783465 -1.539971 0.146083 -0.224163 9.930206 -15.647370 -0.232083 -0.163628 -6.341291 -3.737870 -0.321648 -0.345252 4.548064 0.130731 -0.180357 -0.222776 7.174500 -1.639850 -0.256870 -0.243567 -2.555758 3.594328 0.952631 0.971211 -4.150056 5.111619 -0.549160 -0.535830 -0.218769 -4.265502 0.100157 0.120808 -0.002757 0.428757 0.158562 0.205454 -9.617260 -7.861702 0.033278 0.017223 4.094115 5.665323 0.723522 0.789984 -1.420152 -3.716663 0.166561 0.187448 -1.624458 0.583792 0.017537 -0.022985 -0.879653 -0.362436 -0.176258 -0.103804 -0.796692 -0.457500 0.235056 0.255362 0.116697 0.372846 0.561766 0.502008 -1.549017 -2.325573 -0.267768 -0.178015 -4.020256 -2.686313 -0.213338 -0.135079 0.202891 2.311044 0.006992 0.127954 -2.507332 -1.316802 -0.226304 -0.217412 0.037254 1.329537 -0.013389 -0.003635 0.395958 411.000000
8.240000 -0.628172 -0.632783 0.577096 2.928713 0.372843 0.379290 -1.101484 1.356833 0.322559 0.323677 1.159753 -0.814007 0.844748 0.938448 -18.672454 1.722124 0.193957 -0.207163 10.259850 -16.061342 -0.287335 -0.131622 -7.013334 -6.341291 -0.301913 -0.340690 6.673958 4.548064 -0.182433 -0.216297 5.976572 -2.309371 -0.258944 -0.244582 -2.775882 4.865129 0.960198 0.976943 -4.485413 2.232979 -0.646341 -0.542689 -2.178664 -1.917077 0.107562 0.115741 0.268364 -0.002757 0.170956 0.201937 -5.106307 -6.855687 0.042651 0.013042 6.275870 2.761573 0.706610 0.774634 0.355141 -1.420152 0.144905 0.191562 -2.318047 -0.372402 0.020200 -0.008271 -0.825026 1.252056 -0.187689 -0.118206 -0.680973 -0.456694 0.244803 0.251202 0.163417 0.339998 0.571784 0.527096 -1.800198 -1.549017 -0.222080 -0.176317 -2.022124 -2.111573 -0.181885 -0.151273 0.566407 1.908682 -0.022040 0.108314 -1.950502 -1.272293 -0.217952 -0.218655 0.083592 1.235039 -0.014893 -0.009707 0.400647 412.000000
8.260000 -0.643572 -0.633941 -1.451105 0.577096 0.383267 0.378761 0.692691 -1.130618 0.306230 0.309255 1.713428 -0.029134 0.894627 0.945110 -11.884536 1.928615 0.275854 -0.184850 11.207124 -16.743839 -0.341542 -0.124700 -6.066367 -7.013334 -0.303632 -0.328671 2.818673 6.673958 -0.213169 -0.212104 -0.692521 -1.600345 -0.252432 -0.249217 0.351579 4.376227 0.887133 0.983954 -20.481212 3.815702 -0.757601 -0.550685 -5.364376 -0.669711 0.098399 0.109536 0.335828 0.268364 0.162446 0.192591 -4.378966 -5.691089 0.033496 0.010347 4.815110 -0.584782 0.625801 0.746678 0.175368 0.355141 0.159281 0.193127 -1.400968 -0.746511 0.012951 0.001510 -0.633059 1.571536 -0.200076 -0.131218 -0.953422 -0.422195 0.252405 0.250157 0.094213 0.258778 0.552139 0.547947 -2.536021 -1.800198 -0.190814 -0.175175 -0.822010 -1.294265 -0.144488 -0.157003 0.730665 0.727858 -0.045147 0.084913 -1.634065 -1.017047 -0.206582 -0.217221 0.062288 0.933455 -0.014497 -0.021724 0.410560 413.000000
8.280000 -0.690523 -0.652815 -3.339891 -1.451105 0.395488 0.381082 2.280970 -0.510369 0.264119 0.280537 1.682968 -1.203060 0.974714 0.972084 -4.872503 -2.149275 0.387882 -0.135670 9.061812 -14.033811 -0.368602 -0.144257 -3.818496 -6.066367 -0.333955 -0.314884 -5.629940 2.818673 -0.263154 -0.209950 -10.821897 0.170471 -0.231744 -0.258589 6.658218 -0.522050 0.774857 0.992238 -44.826545 14.113685 -0.880239 -0.558731 -8.927390 -6.367527 0.055851 0.103505 -0.847425 0.335828 0.148782 0.180668 -4.350633 -4.597038 0.017445 0.010368 0.945512 -0.218072 0.458688 0.702408 -1.915599 0.175368 0.210751 0.193396 0.679381 -0.383954 -0.004370 0.003694 -0.146948 1.017014 -0.232305 -0.144444 -1.570307 -0.523818 0.250218 0.250214 -0.005406 0.429605 0.498118 0.559583 -3.383876 -2.536021 -0.181199 -0.174610 -0.294438 -0.776338 -0.093116 -0.151386 0.782337 0.045672 -0.052497 0.062286 -1.419452 -0.848177 -0.192954 -0.212937 0.020259 0.785888 -0.014553 -0.036076 0.424403 414.000000
8.300000 -0.744858 -0.699997 -0.544393 -3.339891 0.403338 0.385701 2.710242 0.299001 0.215804 0.237518 2.135978 -1.981969 1.064012 1.025259 -1.366953 -4.106376 0.477505 -0.057796 7.239673 -8.978880 -0.364687 -0.188951 -0.131412 -3.818496 -0.367825 -0.308514 -12.128026 -5.629940 -0.297232 -0.210082 -17.159162 2.081840 -0.219098 -0.266909 10.362576 -8.740058 0.733229 1.003832 -56.173155 28.858848 -0.920997 -0.564432 -10.227020 -15.967697 0.025297 0.097320 -1.543612 -0.847425 0.148485 0.166428 -1.239391 -2.648072 0.000444 0.013686 -3.433272 1.702560 0.274123 0.637502 -3.481190 -1.915599 0.262161 0.194612 2.433520 0.413164 -0.027760 -0.002629 0.400222 -0.266217 -0.257258 -0.157909 -2.084807 -0.782451 0.252249 0.250483 0.010373 0.787857 0.435680 0.556730 -3.336117 -3.383876 -0.158979 -0.175046 0.735588 -0.538387 -0.027468 -0.133314 0.799651 -0.243949 -0.069743 0.041277 -1.375087 -0.719856 -0.180879 -0.206395 -0.038438 0.699597 -0.013666 -0.047580 0.438348 415.000000
8.320000 -0.814616 -0.769706 1.825957 -0.544393 0.428075 0.391214 6.254971 0.287132 0.165057 0.191363 1.000083 -2.423110 1.124840 1.092603 -3.308230 -4.543567 0.544756 0.052861 1.852302 -5.910520 -0.357894 -0.238919 1.055008 -0.131412 -0.398621 -0.314658 -15.106791 -12.128026 -0.316373 -0.214582 -19.407540 3.398293 -0.226646 -0.272059 9.533479 -13.760869 0.748043 1.022434 -58.179782 35.470486 -0.913714 -0.570122 -9.606116 -20.702669 0.015419 0.091359 -1.729728 -1.543612 0.131555 0.150086 -1.131017 1.096941 -0.010471 0.018251 -6.490089 2.336331 0.081457 0.551601 -4.712237 -3.481190 0.320863 0.198763 4.015263 1.016649 -0.040327 -0.014943 1.016880 -1.416871 -0.275751 -0.171593 -2.221686 -1.047590 0.256246 0.251391 0.017912 1.037217 0.353392 0.536470 -3.103735 -3.336117 -0.155145 -0.176685 1.176745 -0.032032 0.047785 -0.102074 0.573791 -0.767620 -0.119393 0.017500 -1.640564 -0.668325 -0.176790 -0.199328 -0.114282 0.706763 -0.010301 -0.053826 0.449431 416.000000
8.340000 -0.885278 -0.848719 4.354766 1.825957 0.446865 0.401367 7.059765 2.627444 0.132406 0.153045 0.561298 -3.627527 1.187245 1.159572 -3.915655 0.316753 0.569978 0.184722 -1.549806 -2.991477 -0.349870 -0.278113 1.163566 1.055008 -0.424985 -0.331755 -15.608280 -15.106791 -0.327302 -0.223188 -19.300369 4.937030 -0.241891 -0.276162 7.330079 -14.470509 0.772902 1.048827 -59.515410 36.025507 -0.819289 -0.578254 -6.353588 -22.154275 0.033248 0.086183 -1.096064 -1.729728 0.109932 0.131604 -1.352816 2.679536 -0.023644 0.016317 -7.085145 3.810553 -0.047947 0.449951 -3.957527 -4.712237 0.370671 0.207835 4.732683 1.499192 -0.046796 -0.028522 1.227259 -2.516071 -0.279501 -0.184286 -2.147781 -1.119799 0.256428 0.252564 -0.012465 1.101887 0.273366 0.496649 -1.733752 -3.103735 -0.165357 -0.180115 1.138423 0.301477 0.119534 -0.058176 -0.053911 -0.875268 -0.151089 -0.010155 -1.402612 -0.763141 -0.179426 -0.193677 -0.146373 0.877423 -0.005332 -0.055165 0.458275 417.000000
8.360000 -0.973813 -0.928381 2.351786 4.354766 0.468579 0.424009 4.614054 3.249233 0.120946 0.128440 1.185583 -3.810531 1.220943 1.218694 -7.243488 3.076788 0.565819 0.305661 -3.268687 -0.838867 -0.355145 -0.305235 0.772762 1.163566 -0.427312 -0.355676 -10.560200 -15.608280 -0.320074 -0.231183 -16.751261 5.985145 -0.257882 -0.280221 5.102551 -13.315224 0.815950 1.079398 -57.339142 34.344995 -0.689075 -0.586965 -2.214289 -25.170415 0.062903 0.081012 0.011484 -1.096064 0.096798 0.114128 -1.042317 2.866164 -0.018893 0.006231 -3.181182 4.218981 -0.136652 0.338630 -1.905206 -3.957527 0.383738 0.222400 3.962392 1.752712 -0.041321 -0.039664 1.350625 -2.979971 -0.277478 -0.194316 -2.080354 -1.067658 0.251943 0.252976 -0.037541 1.080123 0.186813 0.440444 -0.936300 -1.733752 -0.192698 -0.185272 0.529036 0.596167 0.189819 -0.005058 -0.475049 -0.542256 -0.199043 -0.041359 -1.454941 -0.628119 -0.191163 -0.191190 -0.156873 0.774493 -0.001446 -0.052968 0.466161 418.000000
8.380000 -1.036926 -1.000711 2.574682 2.351786 0.493490 0.461060 0.423361 1.714235 0.121568 0.117715 1.551541 -2.899819 1.254018 1.262126 -6.743272 5.981736 0.555247 0.399844 -3.423259 -1.261752 -0.355245 -0.323286 0.517618 0.772762 -0.426181 -0.380716 -5.597182 -10.560200 -0.317764 -0.235017 -16.152317 5.824355 -0.258770 -0.284788 5.905226 -10.926906 0.840230 1.109777 -58.305143 30.268288 -0.626275 -0.595145 -0.108073 -27.070854 0.072618 0.075318 0.426226 0.011484 0.093003 0.101502 -0.085965 1.069433 -0.022054 -0.009062 -0.007651 2.111750 -0.190408 0.224598 0.349573 -1.905206 0.383070 0.239781 3.042430 1.305884 -0.029654 -0.045677 1.192959 -2.656508 -0.274118 -0.201412 -2.080634 -1.021406 0.243112 0.251671 -0.041229 1.058948 0.105315 0.373399 -0.207465 -0.936300 -0.229168 -0.193027 -0.148447 0.502042 0.250478 0.053348 -0.925208 -0.026994 -0.256279 -0.077336 -1.528619 -0.649034 -0.201723 -0.192112 -0.084407 0.805907 -0.001570 -0.049350 0.472460 419.000000
8.400000 -1.098383 -1.060512 0.376002 2.574682 0.518163 0.504798 -3.686296 -0.564090 0.123707 0.116238 1.405494 -0.987451 1.281346 1.289513 -4.689018 5.843229 0.556209 0.465380 -2.684599 -0.900043 -0.331999 -0.332307 0.515135 0.517618 -0.415730 -0.402500 0.243498 -5.597182 -0.313717 -0.235174 -15.762723 5.123545 -0.248776 -0.288045 8.229251 -11.028771 0.870711 1.137781 -57.418514 29.230600 -0.535731 -0.602973 2.805930 -29.074543 0.076692 0.070456 0.600884 0.426226 0.088198 0.093999 -0.270581 -0.039157 -0.019323 -0.025589 3.644854 0.046808 -0.243943 0.113643 1.967272 0.349573 0.363906 0.256422 1.997625 0.924736 -0.033174 -0.047820 0.790524 -2.117694 -0.265899 -0.205205 -2.056378 -1.019703 0.239283 0.249128 0.015697 1.060931 0.004755 0.299683 -0.490012 -0.207465 -0.273011 -0.204862 -0.696901 0.388381 0.322162 0.114904 -0.950785 0.536827 -0.308774 -0.117807 -1.418972 -0.722106 -0.213629 -0.195820 -0.030094 0.806513 -0.004751 -0.047066 0.476534 420.000000
8.420000 -1.132224 -1.107451 1.109178 0.376002 0.550433 0.547471 -5.281857 -2.545895 0.120062 0.117582 0.350020 1.140401 1.321342 1.309044 -0.206137 4.282790 0.519573 0.502210 -1.936721 -0.406229 -0.312904 -0.332737 0.350190 0.515135 -0.420683 -0.420142 2.155579 0.243498 -0.312563 -0.233093 -16.170977 3.766736 -0.233979 -0.286449 9.917943 -11.995987 0.890034 1.163505 -58.402523 26.683375 -0.455706 -0.610519 5.387615 -30.735139 0.080320 0.067154 0.628300 0.600884 0.085782 0.090315 -0.495331 -1.957717 -0.023470 -0.038544 4.724969 -1.687137 -0.311274 0.009323 2.213889 1.967272 0.366553 0.269698 2.121987 0.603550 -0.022426 -0.047339 0.764732 -1.394075 -0.255155 -0.205962 -2.011247 -1.036038 0.237819 0.246417 0.044299 1.020341 -0.130181 0.218901 -1.363377 -0.490012 -0.310062 -0.221983 -0.686890 0.126942 0.398459 0.179885 -1.044835 0.823843 -0.350460 -0.160109 -1.326209 -0.694439 -0.224177 -0.201564 0.027264 0.724533 -0.008864 -0.047692 0.476175 421.000000
8.440000 -1.157725 -1.141614 0.976488 1.109178 0.573782 0.583334 -6.427652 -2.815938 0.120727 0.117200 0.961651 2.465918 1.338712 1.325453 0.571420 1.501381 0.520069 0.516913 -0.758701 1.295244 -0.306575 -0.328178 0.084991 0.350190 -0.436173 -0.433680 1.209194 2.155579 -0.310708 -0.230042 -16.531114 3.126517 -0.221061 -0.279144 10.308455 -13.044460 0.901646 1.186951 -60.386467 25.311404 -0.441913 -0.617304 5.902737 -33.091119 0.065287 0.065679 0.036036 0.628300 0.101114 0.091101 1.526852 -2.610150 -0.027120 -0.046837 4.982436 -2.114819 -0.375831 -0.085726 1.927358 2.213889 0.370243 0.279272 2.435224 0.678627 -0.011015 -0.044188 0.722688 -1.443360 -0.247413 -0.204460 -1.987402 -1.027773 0.238621 0.244231 0.055700 0.983474 -0.241358 0.129974 -1.154934 -1.363377 -0.292261 -0.241074 0.670413 0.178972 0.453339 0.244966 -1.110933 0.865863 -0.368680 -0.200552 -0.936248 -0.676737 -0.234356 -0.208640 0.068869 0.649472 -0.012504 -0.051709 0.470380 422.000000
8.460000 -1.147872 -1.159000 3.513715 0.976488 0.590379 0.607588 -6.051838 -3.694652 0.116684 0.115648 0.491908 2.733001 1.344388 1.333429 1.765333 0.262072 0.580492 0.526889 0.462886 0.833492 -0.306422 -0.322591 -0.045745 0.084991 -0.456157 -0.443579 -1.340158 1.209194 -0.304598 -0.227143 -15.823747 3.111330 -0.210157 -0.266717 9.245268 -13.419785 0.917761 1.207772 -60.920055 25.931457 -0.485308 -0.623082 4.673746 -34.455010 0.045045 0.066240 -0.799637 0.036036 0.119700 0.097795 2.954722 -1.727792 -0.029599 -0.049691 4.192442 -3.254644 -0.444570 -0.170769 1.077074 1.927358 0.371769 0.285757 2.634852 0.856268 -0.004331 -0.039410 0.624446 -1.578956 -0.248814 -0.202802 -1.963635 -1.021551 0.240707 0.242929 0.050509 0.965851 -0.323280 0.036745 -0.410176 -1.154934 -0.240974 -0.254699 1.983848 0.890673 0.476058 0.303274 -1.138764 0.220260 -0.375806 -0.235979 -0.690123 -0.502559 -0.241875 -0.216289 0.109996 0.433690 -0.015095 -0.058308 0.460189 423.000000
8.480000 -1.117196 -1.154193 5.300231 3.513715 0.590098 0.616086 -5.288366 -3.271873 0.119726 0.116044 0.578086 2.779965 1.334385 1.326243 3.736468 -1.216870 0.658353 0.546234 0.945036 0.548463 -0.298112 -0.317079 0.009375 -0.045745 -0.489865 -0.451038 -6.777339 -1.340158 -0.292722 -0.226078 -13.348947 3.289239 -0.213526 -0.250312 4.849688 -12.534507 0.941234 1.226178 -59.574644 27.085582 -0.539452 -0.627815 3.077661 -33.834472 0.037301 0.069158 -1.356854 -0.799637 0.139456 0.110619 3.336290 -0.618860 -0.025969 -0.046643 3.421212 -3.573582 -0.513466 -0.247058 0.208047 1.077074 0.351848 0.289009 2.278551 1.005203 -0.008057 -0.034715 0.409965 -1.629649 -0.256454 -0.203518 -1.730284 -1.007072 0.244739 0.242746 0.041488 0.956563 -0.379988 -0.054593 0.291024 -0.410176 -0.202512 -0.258365 2.138675 1.561306 0.480411 0.350093 -0.988941 -0.422542 -0.362822 -0.264068 -0.256244 -0.400060 -0.252652 -0.224442 0.105216 0.290063 -0.015765 -0.066414 0.447005 424.000000
8.500000 -1.073708 -1.128066 5.926390 5.300231 0.584686 0.607450 -2.336439 -2.933226 0.119736 0.118828 -0.211274 2.355140 1.313940 1.302344 6.686303 -2.550550 0.711509 0.576679 0.731354 1.185918 -0.283878 -0.310467 0.073228 0.009375 -0.517789 -0.457073 -11.345394 -6.777339 -0.274515 -0.227277 -9.226141 4.249630 -0.229368 -0.233950 -1.294640 -9.099318 0.973020 1.242487 -56.197046 27.565251 -0.579972 -0.631743 1.927779 -32.009393 0.039912 0.074276 -1.617126 -1.356854 0.141856 0.129650 -0.869738 -0.042461 -0.023173 -0.039593 2.126175 -3.378751 -0.570186 -0.316782 -0.121189 0.208047 0.312323 0.287614 1.538187 0.934293 -0.028299 -0.032554 0.060887 -1.344258 -0.258373 -0.207164 -1.214113 -0.885886 0.244136 0.243069 -0.005626 0.844398 -0.420271 -0.138740 0.711338 0.291024 -0.191699 -0.253619 1.383568 1.563808 0.482413 0.385512 -0.769339 -0.574867 -0.334764 -0.282583 0.058541 -0.180730 -0.262266 -0.233093 0.121516 0.075514 -0.015670 -0.074183 0.434167 425.000000
8.520000 -1.023882 -1.085485 5.279883 5.926390 0.568990 0.584970 0.705515 -1.062582 0.117301 0.121279 -0.960930 1.273857 1.283741 1.266598 9.089317 -3.871190 0.686301 0.606234 -0.098183 2.815114 -0.278256 -0.302983 -0.008113 0.073228 -0.529696 -0.460752 -13.405768 -11.345394 -0.262318 -0.229870 -6.151989 5.260390 -0.244368 -0.221927 -5.877317 -3.965750 0.995334 1.256937 -54.372365 26.706667 -0.587921 -0.635637 1.837124 -29.490379 0.054672 0.081012 -1.506982 -1.617126 0.138760 0.153054 -6.623444 -1.497956 -0.016166 -0.030974 1.635180 -0.628219 -0.622203 -0.382053 -0.131846 -0.121189 0.264024 0.279877 0.974975 0.738650 -0.051946 -0.034975 -0.032202 -0.799537 -0.255970 -0.212192 -0.764237 -0.604244 0.247010 0.243737 0.003001 0.609869 -0.465418 -0.212774 0.267083 0.711338 -0.189544 -0.244778 0.784895 1.076454 0.493932 0.412914 -0.468984 -0.307114 -0.310445 -0.291042 -0.057108 -0.031488 -0.269349 -0.241697 0.138997 -0.090029 -0.017128 -0.081190 0.424949 426.000000
8.540000 -0.984743 -1.052774 11.565794 5.279883 0.541699 0.555702 1.366951 0.833223 0.114307 0.115262 1.526352 0.127707 1.245803 1.252553 -3.349111 -4.473771 0.606929 0.586724 6.573810 4.615547 -0.279902 -0.299187 0.539287 -0.008113 -0.535621 -0.463707 -13.847894 -13.405768 -0.260244 -0.237365 -2.710718 6.014653 -0.239115 -0.213249 -6.523702 -0.137336 0.993214 1.270157 -57.238487 25.859779 -0.543681 -0.639563 3.223642 -28.512586 0.068862 0.088819 -1.397886 -1.506982 0.134636 0.170853 -8.704810 -4.129312 -0.013167 -0.022359 0.590870 2.494132 -0.647570 -0.442920 0.478531 -0.131846 0.234609 0.267150 0.747209 0.503589 -0.083516 -0.043131 -0.060081 -0.471387 -0.255206 -0.217686 -0.700575 -0.383619 0.248657 0.244789 -0.013684 0.380618 -0.488428 -0.274921 -0.135660 0.267083 -0.210655 -0.234115 -0.858393 0.626939 0.504709 0.435901 -0.503730 -0.157956 -0.293872 -0.290564 -0.769949 -0.098052 -0.273594 -0.249593 0.146628 -0.040944 -0.017543 -0.086828 0.420888 427.000000
8.560000 -0.936038 -1.036817 17.100081 11.565794 0.512631 0.524452 2.422043 -0.079701 0.103501 0.108846 -0.802321 -1.446652 1.165330 1.268493 -22.503028 -3.071735 0.508690 0.514173 7.348194 -6.420846 -0.284789 -0.301719 0.921947 0.539287 -0.534029 -0.466841 -13.162956 -13.847894 -0.251901 -0.254688 3.315290 4.617210 -0.215328 -0.200301 -5.203758 1.906492 1.007590 1.278961 -54.968335 26.291774 -0.425725 -0.641192 6.432311 -30.946713 0.089335 0.097080 -1.029977 -1.397886 0.129463 0.170248 -7.311832 -4.647840 -0.012155 -0.012173 -1.624068 4.056970 -0.664342 -0.494177 -0.132236 0.478531 0.211997 0.251365 1.033043 0.403645 -0.102101 -0.055633 0.131062 -0.343564 -0.251796 -0.220869 -0.735443 -0.343445 0.244259 0.245268 -0.049399 0.357129 -0.490540 -0.322304 -0.580783 -0.135660 -0.226335 -0.222470 -1.750235 -0.177332 0.507612 0.456152 -0.810488 0.681061 -0.297368 -0.284047 -1.635754 -0.458289 -0.272397 -0.255879 0.152446 0.311660 -0.006990 -0.091010 0.419141 428.000000
8.580000 -0.908529 -1.005663 13.803897 17.100081 0.474923 0.487927 3.023962 1.612182 0.103473 0.111881 -2.394140 -0.809861 1.123988 1.270118 -28.150155 5.946118 0.406883 0.436264 6.964327 -16.556910 -0.276050 -0.305837 1.270190 0.921947 -0.526119 -0.467865 -11.663286 -13.162956 -0.261275 -0.274012 5.126814 0.944234 -0.191741 -0.182489 -4.592279 4.259524 1.023206 1.277862 -49.953527 22.840039 -0.269026 -0.637719 10.430524 -32.128296 0.106710 0.104787 -0.635779 -1.029977 0.125793 0.159529 -5.081022 -2.843882 0.002697 0.000755 -1.639646 4.467950 -0.644541 -0.529171 -0.601030 -0.132236 0.222671 0.233542 2.224102 0.450991 -0.111187 -0.069670 0.425458 -0.582052 -0.245889 -0.222945 -0.529749 -0.343022 0.240256 0.244646 -0.027335 0.392421 -0.493386 -0.355989 -1.179048 -0.580783 -0.233001 -0.213693 -1.801810 -0.469874 0.507758 0.473442 -1.010237 1.280362 -0.283318 -0.275675 -1.584644 -0.894100 -0.264107 -0.259379 0.149020 0.741654 0.010674 -0.094365 0.414542 429.000000
8.600000 -0.856608 -0.955402 11.187927 13.803897 0.419511 0.443570 2.128759 2.709051 0.117863 0.119221 -1.348426 -0.314911 1.096737 1.250564 -26.485052 9.046834 0.317105 0.350384 7.970378 -19.103321 -0.256887 -0.306970 1.407297 1.270190 -0.506278 -0.466197 -8.500614 -11.663286 -0.281396 -0.292418 4.663727 -0.267268 -0.162857 -0.161390 -3.492351 4.859546 1.045115 1.265662 -41.528011 17.445925 -0.166601 -0.628366 12.657322 -32.507602 0.119315 0.111669 -0.401048 -0.635779 0.134737 0.145799 -0.428407 -1.720688 0.020168 0.015547 -1.315940 3.360334 -0.639734 -0.546954 -2.114608 -0.601030 0.218237 0.216705 2.454196 0.899322 -0.116445 -0.083205 0.572798 -1.324780 -0.246538 -0.223585 -0.744501 -0.251207 0.244685 0.244178 0.036541 0.278542 -0.501305 -0.379824 -1.723673 -1.179048 -0.214628 -0.207716 -1.019009 -0.395786 0.522086 0.488653 -0.864532 1.406024 -0.255983 -0.264844 -1.403695 -0.866832 -0.255563 -0.259865 0.092349 0.717812 0.031868 -0.096664 0.405996 430.000000
8.620000 -0.791438 -0.886003 7.636338 11.187927 0.382265 0.394317 4.727473 1.738593 0.124725 0.127661 -1.702977 -0.390167 1.061275 1.209593 -22.243230 7.487913 0.214402 0.250610 9.294806 -18.997139 -0.234656 -0.302668 1.371022 1.407297 -0.480305 -0.459726 -5.456711 -8.500614 -0.292652 -0.308044 4.884142 -0.585688 -0.139499 -0.138999 -3.256484 4.078039 1.070438 1.243578 -30.734430 11.625419 -0.126231 -0.614266 13.058132 -29.902592 0.138784 0.117615 0.128688 -0.401048 0.126713 0.133974 -0.229939 0.443766 0.027305 0.029917 -2.469858 0.872174 -0.656409 -0.552038 -3.985276 -2.114608 0.210856 0.202893 2.147593 0.940699 -0.141084 -0.097033 0.362671 -1.513497 -0.246664 -0.223100 -0.856112 -0.390521 0.246298 0.244418 0.012259 0.353980 -0.514517 -0.398432 -1.996242 -1.723673 -0.186382 -0.201992 -0.266380 -0.077239 0.541135 0.503684 -0.759395 0.941771 -0.214453 -0.248774 -1.323209 -0.748022 -0.246150 -0.257808 0.039152 0.655673 0.054259 -0.099500 0.393775 431.000000
8.640000 -0.731159 -0.801423 0.621275 7.636338 0.359096 0.352901 6.342635 3.215225 0.140731 0.138063 -1.131429 -1.512248 1.021932 1.146925 -13.648780 4.410765 0.081703 0.139294 8.624243 -17.832465 -0.206383 -0.291444 1.049811 1.371022 -0.453808 -0.447073 -3.584732 -5.456711 -0.296447 -0.315122 3.875632 -0.813829 -0.126104 -0.120026 -3.511578 4.070313 1.083184 1.214017 -21.417601 5.939244 -0.124686 -0.597222 12.400432 -24.795187 0.154647 0.121550 0.727790 0.128688 0.124095 0.130686 -1.847811 1.119959 0.033433 0.040900 -2.768067 1.349898 -0.639733 -0.549825 -4.198802 -3.985276 0.223837 0.193907 2.216852 0.892461 -0.173072 -0.113680 0.305503 -1.255132 -0.251754 -0.224526 -0.548759 -0.434186 0.247973 0.245074 0.001528 0.421926 -0.512054 -0.414986 -1.439058 -1.996242 -0.182440 -0.195835 -0.303948 0.246507 0.560610 0.519449 -0.721577 0.512888 -0.171032 -0.227122 -1.144443 -0.681180 -0.239827 -0.254144 -0.023941 0.642028 0.071590 -0.103851 0.378781 432.000000
8.660000 -0.656893 -0.708242 -3.548137 0.621275 0.342214 0.330120 4.506715 3.737032 0.168626 0.154919 -0.167831 -2.605603 0.996806 1.066088 -1.198075 0.597687 -0.014794 0.030583 8.738804 -13.051093 -0.183590 -0.272953 0.583589 1.049811 -0.418256 -0.426935 -1.651164 -3.584732 -0.287718 -0.310106 2.974143 -0.182027 -0.121042 -0.110679 -2.652803 3.693605 1.070232 1.180541 -17.052289 1.755689 -0.121409 -0.579885 12.077554 -19.661913 0.155972 0.122628 1.009221 0.727790 0.127716 0.141232 -5.197551 0.460128 0.031732 0.042788 -1.723320 2.307939 -0.621054 -0.543732 -3.983742 -4.198802 0.270473 0.192468 2.799630 0.955674 -0.203910 -0.134310 0.540831 -1.261178 -0.270891 -0.231036 -0.294870 -0.275144 0.245707 0.245504 -0.022563 0.273616 -0.531991 -0.431957 -1.363584 -1.439058 -0.192218 -0.190958 -0.593827 0.208814 0.582825 0.536682 -0.751185 0.512763 -0.143067 -0.202579 -1.227252 -0.560251 -0.240412 -0.250516 -0.084476 0.584192 0.077194 -0.110215 0.364667 433.000000
8.680000 -0.594103 -0.620095 -6.738286 -3.548137 0.325243 0.324472 0.221267 2.337273 0.200608 0.179657 0.260098 -2.169442 0.959721 0.981094 7.872186 -5.710379 -0.054186 -0.062856 8.609593 -6.908455 -0.169724 -0.250199 0.068465 0.583589 -0.392369 -0.400841 -2.171155 -1.651164 -0.277997 -0.297407 1.784960 -0.160670 -0.130400 -0.114972 -1.655033 2.813473 1.047572 1.148369 -15.766293 -0.193850 -0.157985 -0.564604 10.796724 -17.246138 0.140759 0.121578 0.712692 1.009221 0.142412 0.162708 -7.628789 -1.737116 0.023452 0.031450 0.787786 3.460436 -0.595729 -0.538476 -2.731132 -3.983742 0.277692 0.197971 2.106172 1.129400 -0.243942 -0.159544 0.674890 -1.670231 -0.283978 -0.241071 -0.078047 -0.136153 0.244386 0.245441 -0.010582 0.158716 -0.545058 -0.449830 -1.149745 -1.363584 -0.208589 -0.189573 -0.645851 0.078679 0.597116 0.553902 -0.680744 0.672506 -0.124391 -0.179290 -0.990852 -0.571388 -0.245259 -0.248342 -0.094557 0.655864 0.070511 -0.118917 0.357864 434.000000
8.700000 -0.539611 -0.556182 -3.317411 -6.738286 0.303021 0.324802 -4.408547 -0.019416 0.225961 0.203213 1.869714 -0.240682 0.907364 0.913067 6.251437 -10.152219 0.040705 -0.132504 10.264304 -2.280033 -0.191280 -0.217139 -3.315044 0.068465 -0.369534 -0.376016 -1.796486 -2.171155 -0.254773 -0.286060 5.040817 -0.064963 -0.148917 -0.129426 -1.723868 1.719996 1.053018 1.123403 -11.049362 0.087912 -0.219227 -0.552825 8.988504 -15.678381 0.122981 0.119862 0.255727 0.712692 0.159063 0.184065 -7.471777 -4.208287 0.006001 0.010055 2.427608 3.420501 -0.569770 -0.537479 -1.111898 -2.731132 0.251188 0.205192 0.847419 0.715641 -0.256910 -0.186169 1.053395 -1.390531 -0.287657 -0.250835 -0.210215 -0.033733 0.248444 0.245724 0.021442 0.044314 -0.550655 -0.465868 -1.312299 -1.149745 -0.218790 -0.191860 -0.568789 0.017446 0.584306 0.566506 -0.710441 0.663298 -0.133263 -0.161353 -1.126944 -0.448147 -0.245211 -0.247299 -0.035962 0.542705 0.058041 -0.127876 0.361885 435.000000
8.720000 -0.510477 -0.534978 3.155575 -3.317411 0.268171 0.319608 -9.142450 -3.139131 0.243402 0.207879 7.041181 1.269417 0.847074 0.886112 -5.252434 -10.536546 0.174853 -0.136903 7.901769 -4.285109 -0.243953 -0.183755 -4.410114 -3.315044 -0.355646 -0.359922 -0.998657 -1.796486 -0.231339 -0.284791 11.025769 -1.658475 -0.180091 -0.140105 -6.946341 3.382343 1.063468 1.107760 -7.043068 -0.965018 -0.330331 -0.544105 5.650512 -12.014381 0.123046 0.118827 0.204094 0.255727 0.181754 0.191679 -2.352436 -4.949692 0.002388 -0.007026 3.719005 2.522085 -0.566961 -0.539060 -0.923992 -1.111898 0.233519 0.209457 0.626201 -0.102988 -0.253471 -0.209264 1.312254 -0.950407 -0.285216 -0.255393 -0.689571 -0.115828 0.255311 0.247234 0.023258 0.094386 -0.536392 -0.474204 -1.838448 -1.312299 -0.217972 -0.195815 -0.180934 0.070826 0.560155 0.570836 -0.575084 0.639615 -0.143476 -0.149544 -1.139867 -0.545491 -0.241439 -0.246202 0.001419 0.581453 0.053030 -0.135182 0.369082 436.000000
8.740000 -0.500453 -0.526597 4.250916 3.155575 0.253191 0.310702 -10.288018 -8.091816 0.244939 0.205898 8.035304 1.050635 0.815536 0.872171 -9.518221 -3.078860 0.283522 -0.116744 9.758561 -8.331294 -0.284616 -0.164630 -5.025219 -4.410114 -0.343261 -0.347711 -0.816574 -0.998657 -0.212094 -0.289147 16.135020 -2.039714 -0.200869 -0.148228 -9.282576 8.986055 1.066877 1.098201 -5.149506 -0.558136 -0.428046 -0.538011 2.802852 -7.601204 0.138857 0.117946 0.746551 0.204094 0.183517 0.191166 -1.223439 -3.035720 -0.005648 -0.017935 3.773700 -0.683285 -0.586461 -0.540111 -1.714621 -0.923992 0.249477 0.210390 1.530134 -0.343027 -0.235788 -0.225452 1.522097 -0.969228 -0.278805 -0.256727 -0.785443 -0.356415 0.258320 0.249589 -0.018723 0.333157 -0.504152 -0.473271 -1.938861 -1.838448 -0.230047 -0.201358 -0.198877 0.197075 0.531848 0.567174 -0.435901 0.378009 -0.143684 -0.142454 -0.890161 -0.570643 -0.233177 -0.243951 0.016635 0.569224 0.054286 -0.142501 0.376558 437.000000
8.760000 -0.488056 -0.523332 6.869511 4.250916 0.242492 0.305253 -12.133597 -9.161661 0.232571 0.203345 6.161431 1.126357 0.838959 0.864004 -4.266064 -2.286571 0.418029 -0.090122 12.507219 -11.804792 -0.292431 -0.151848 -5.161404 -5.025219 -0.324989 -0.333137 -0.722583 -0.816574 -0.210762 -0.293322 16.984434 -3.426222 -0.215852 -0.161546 -8.559359 12.708798 1.054057 1.092506 -7.120021 0.551094 -0.455084 -0.534995 2.248733 -4.598412 0.147777 0.116328 1.147493 0.746551 0.181683 0.189428 -1.304568 -2.498570 -0.002779 -0.025842 5.454443 -1.275131 -0.633365 -0.544398 -2.573142 -1.714621 0.246958 0.208679 1.940548 0.004019 -0.228795 -0.235808 1.530927 -1.526116 -0.261030 -0.252129 -1.189768 -0.383360 0.257230 0.251686 -0.047617 0.402083 -0.470334 -0.463173 -2.352544 -1.938861 -0.224095 -0.208828 0.607801 0.118512 0.505695 0.556198 -0.019617 0.317389 -0.135196 -0.137369 -0.644094 -0.453398 -0.221526 -0.239791 0.006365 0.436763 0.054360 -0.151950 0.389018 438.000000
8.780000 -0.514241 -0.531662 5.701876 6.869511 0.250089 0.303720 -10.717780 -9.147514 0.210459 0.194208 4.982904 2.986083 0.881586 0.869469 0.543251 -6.897180 0.520062 -0.060446 14.138563 -11.163244 -0.284789 -0.159092 -2.026435 -5.161404 -0.329659 -0.317924 -4.297593 -0.722583 -0.244011 -0.296349 10.923496 -4.212538 -0.219750 -0.180985 -4.774076 12.771896 0.992156 1.090943 -19.863752 1.936425 -0.480258 -0.533900 1.559513 -5.183595 0.135173 0.113168 0.986277 1.147493 0.179814 0.188736 -1.711047 -3.379506 -0.004184 -0.029727 5.182811 -2.074938 -0.674677 -0.555087 -2.840736 -2.573142 0.246078 0.204858 2.261476 0.204810 -0.234522 -0.243070 1.275637 -1.735738 -0.236873 -0.243708 -1.012483 -0.571075 0.249260 0.252172 -0.069766 0.618693 -0.444044 -0.445766 -2.871560 -2.352544 -0.198549 -0.216314 1.693512 0.313709 0.464553 0.537963 0.164081 -0.294092 -0.129981 -0.132874 -0.562736 -0.325230 -0.212377 -0.234040 -0.042888 0.318864 0.050971 -0.162961 0.407513 439.000000
8.800000 -0.578195 -0.565245 4.090056 5.701876 0.272046 0.306133 -7.459162 -7.850342 0.177754 0.174992 3.657991 2.867438 0.943691 0.899310 2.886204 -10.479668 0.608455 -0.011333 12.489838 -9.936417 -0.284679 -0.183923 -0.178471 -2.026435 -0.338291 -0.309525 -6.346837 -4.297593 -0.281805 -0.299070 3.873442 -3.074710 -0.214493 -0.202616 0.598867 7.848786 0.926349 1.094552 -34.537021 8.805907 -0.528827 -0.534013 0.200518 -11.057844 0.112371 0.109716 0.436600 0.986277 0.168050 0.189216 -4.253353 -3.446929 -0.007677 -0.028146 3.339982 -1.735882 -0.676830 -0.569824 -2.060678 -2.840736 0.250762 0.201104 2.438872 0.492920 -0.245673 -0.249056 0.965260 -1.768556 -0.223609 -0.236308 -0.531696 -0.471358 0.244638 0.251014 -0.018229 0.541125 -0.391264 -0.422801 -2.529035 -2.871560 -0.180163 -0.220757 1.996814 0.764715 0.407265 0.511392 0.239420 -0.928796 -0.145117 -0.130857 -0.712407 -0.259924 -0.202736 -0.227243 -0.066963 0.302812 0.045483 -0.171044 0.428940 440.000000
8.820000 -0.691732 -0.634547 0.690405 4.090056 0.305029 0.312787 -2.780332 -5.558577 0.143174 0.146650 3.538369 1.900585 1.024760 0.958743 3.064415 -10.460765 0.722058 0.081103 7.397408 -7.574561 -0.289020 -0.212219 0.389765 -0.178471 -0.340999 -0.311243 -5.043717 -6.346837 -0.309377 -0.301849 -1.051381 -2.236154 -0.224557 -0.225258 3.318492 1.637287 0.888395 1.104004 -44.931777 17.123737 -0.559240 -0.535304 -0.518714 -17.413284 0.086685 0.105564 -0.127428 0.436600 0.135847 0.188613 -10.171895 -3.796667 -0.008651 -0.022932 1.709189 0.456685 -0.666397 -0.585202 -1.088557 -2.060678 0.262307 0.199251 2.626112 0.736806 -0.259958 -0.255501 0.830897 -1.702066 -0.218516 -0.232383 -0.013899 -0.256734 0.242785 0.249210 0.020069 0.274963 -0.301324 -0.392057 -1.603347 -2.529035 -0.165870 -0.220965 1.943826 0.878697 0.352440 0.476372 0.613522 -1.118117 -0.184170 -0.135616 -0.826455 -0.322722 -0.191205 -0.219421 -0.078362 0.389685 0.038573 -0.173449 0.452423 441.000000
8.840000 -0.808868 -0.734249 0.704995 0.690405 0.327438 0.322883 -0.678219 -3.159351 0.123254 0.118139 4.446784 -0.379019 1.102993 1.041614 -0.559850 -6.873136 0.795624 0.218666 1.860284 -3.808721 -0.278367 -0.234419 0.521809 0.389765 -0.354021 -0.320161 -5.166795 -5.043717 -0.336765 -0.306311 -5.214605 -1.133555 -0.250167 -0.251029 3.978381 -2.184937 0.855626 1.118293 -54.862149 22.840400 -0.574882 -0.538218 -0.746431 -22.091377 0.075799 0.100971 -0.309866 -0.127428 0.116897 0.183692 -12.168808 -5.940542 -0.014530 -0.018334 0.056155 4.231353 -0.677432 -0.598888 -1.399345 -1.088557 0.276116 0.200620 2.572290 0.897608 -0.291764 -0.265066 0.598554 -1.728504 -0.212134 -0.229765 0.142038 -0.016984 0.241505 0.247375 0.028958 -0.003085 -0.218925 -0.350972 -1.565923 -1.603347 -0.177167 -0.217992 1.046674 0.665152 0.313087 0.437167 0.850511 -1.278674 -0.222231 -0.148272 -0.773719 -0.374046 -0.180216 -0.210689 -0.104761 0.452409 0.030460 -0.170572 0.479521 442.000000
8.860000 -0.901101 -0.843764 4.410663 0.704995 0.342949 0.331906 0.952738 -2.562502 0.102818 0.097505 3.208685 -1.884282 1.171794 1.131174 -4.629510 -1.063200 0.766345 0.370461 -2.588129 -1.623050 -0.268499 -0.247999 0.413701 0.521809 -0.367366 -0.328896 -6.536592 -5.166795 -0.348598 -0.313701 -5.689072 0.618112 -0.288914 -0.282910 3.687006 -4.596493 0.857167 1.133991 -57.684358 27.969998 -0.561510 -0.542591 -0.090704 -26.892152 0.050072 0.096484 -0.961424 -0.309866 0.102614 0.173920 -12.382819 -6.112481 -0.031324 -0.021240 -1.188935 6.056326 -0.695635 -0.608786 -2.337176 -1.399345 0.294437 0.206866 2.227828 0.986868 -0.351256 -0.281847 0.258439 -1.585422 -0.196171 -0.224544 0.008657 0.056540 0.241971 0.245886 0.034605 -0.085498 -0.168471 -0.301628 -2.480116 -1.565923 -0.215555 -0.215196 -0.311182 0.098082 0.305613 0.402156 0.816431 -0.948593 -0.259180 -0.166008 -0.972613 -0.334479 -0.172753 -0.201745 -0.142991 0.439240 0.021291 -0.165246 0.512528 443.000000
8.880000 -0.968412 -0.947216 10.079940 4.410663 0.355277 0.339009 2.192237 -1.127973 0.082388 0.085580 0.358952 -2.080711 1.255839 1.217066 -4.336980 4.183384 0.603056 0.480938 -4.757252 -0.446126 -0.258826 -0.254740 0.330196 0.413701 -0.401502 -0.334802 -12.464119 -6.536592 -0.373711 -0.322515 -8.897608 1.001033 -0.322132 -0.318438 4.253854 -4.688039 0.849331 1.148216 -61.745588 28.907667 -0.605393 -0.547275 -1.318056 -28.776691 0.006249 0.092281 -2.195037 -0.961424 0.108620 0.161882 -8.748576 -5.596942 -0.058105 -0.033494 -2.840095 6.785877 -0.640462 -0.610476 -1.781954 -2.337176 0.318093 0.219297 1.702680 0.984695 -0.421268 -0.308209 -0.042621 -1.243133 -0.158749 -0.213340 0.047024 -0.012974 0.237116 0.244205 -0.000932 -0.021631 -0.094476 -0.247641 -2.204388 -2.480116 -0.298633 -0.217859 -2.282252 -0.563807 0.300508 0.376633 0.148251 -0.252625 -0.270659 -0.184805 -0.772125 -0.414811 -0.174838 -0.194281 -0.191593 0.557802 0.011112 -0.159130 0.549357 444.000000
8.900000 -1.021115 -1.033853 13.815079 10.079940 0.369046 0.348691 2.323953 0.916643 0.078990 0.084391 -1.732978 -1.275594 1.344407 1.298097 -2.224855 5.603226 0.483049 0.527876 -3.570017 1.266246 -0.236451 -0.255321 0.378126 0.330196 -0.406083 -0.339451 -12.704525 -12.464119 -0.400970 -0.330971 -12.742581 2.321877 -0.344425 -0.349055 4.801509 -6.575731 0.848751 1.159583 -63.650364 31.824431 -0.675436 -0.551009 -3.423566 -29.921158 -0.022863 0.089115 -3.127337 -2.195037 0.117311 0.150678 -5.036848 -2.954241 -0.069900 -0.049102 -1.949676 5.794335 -0.569489 -0.597403 -1.930809 -1.781954 0.335369 0.236725 1.158102 0.872651 -0.461873 -0.341095 0.284992 -0.830030 -0.150994 -0.199026 -0.418256 0.023978 0.236297 0.242332 0.026491 -0.023046 -0.032672 -0.190342 -2.476718 -2.204388 -0.381277 -0.231433 -3.140977 -1.215251 0.295156 0.359597 -0.440228 1.067001 -0.268366 -0.200617 -0.698492 -0.290266 -0.180095 -0.189500 -0.169988 0.481859 0.002048 -0.152710 0.581663 445.000000
8.920000 -1.090080 -1.101215 10.984022 13.815079 0.388598 0.366667 1.311058 2.028465 0.084466 0.092811 -3.303475 -0.295487 1.430385 1.377708 -1.123849 3.689979 0.414932 0.524441 -1.464185 1.465125 -0.224685 -0.250932 0.219322 0.378126 -0.405445 -0.345221 -11.071529 -12.704525 -0.423469 -0.337846 -16.140066 3.970536 -0.353622 -0.367988 4.875583 -8.772045 0.853937 1.168448 -64.091114 34.296997 -0.727317 -0.553388 -5.050518 -29.353367 -0.044870 0.087454 -3.890878 -3.127337 0.123521 0.142468 -2.765836 -1.543586 -0.065160 -0.059683 0.048233 3.493262 -0.472262 -0.567035 -1.872853 -1.930809 0.355330 0.255885 1.110745 0.436555 -0.483568 -0.375123 0.646898 -0.721547 -0.155742 -0.186527 -0.639547 -0.222374 0.232484 0.240269 0.013273 0.195882 0.024286 -0.130236 -2.939788 -2.476718 -0.440698 -0.258136 -2.510260 -1.350374 0.298900 0.348044 -0.497362 1.790602 -0.253882 -0.211084 -0.586844 -0.264252 -0.184191 -0.187173 -0.107662 0.434240 -0.004043 -0.146931 0.602672 446.000000
8.940000 -1.160864 -1.155984 6.443325 10.984022 0.414510 0.393717 -0.056609 2.307266 0.093011 0.103682 -3.647938 0.996209 1.512412 1.459380 -1.453611 1.619066 0.402746 0.496182 0.373268 0.495217 -0.236199 -0.246165 -0.073097 0.219322 -0.414453 -0.354932 -10.268239 -11.071529 -0.432052 -0.341891 -17.448765 5.632242 -0.354407 -0.374395 4.391637 -10.507825 0.845690 1.175435 -66.856283 35.692031 -0.752041 -0.553917 -5.993230 -28.399083 -0.060725 0.087320 -4.542571 -3.890878 0.122162 0.139482 -3.294106 -1.407034 -0.059209 -0.063049 1.044486 1.358801 -0.343209 -0.517777 -1.617052 -1.872853 0.374799 0.274857 1.226936 0.231923 -0.483550 -0.404664 0.845485 -0.878821 -0.161085 -0.178169 -0.606517 -0.326410 0.226395 0.237512 0.007501 0.313137 0.075219 -0.069489 -3.240642 -2.939788 -0.475054 -0.295345 -1.151657 -1.006449 0.300682 0.339744 -0.453127 1.503811 -0.217821 -0.213271 -0.516377 -0.239591 -0.190252 -0.186895 -0.069092 0.347253 -0.007755 -0.140681 0.610938 447.000000
8.960000 -1.210571 -1.202054 4.400253 6.443325 0.443370 0.425290 -0.920170 1.795664 0.097591 0.111703 -3.758506 1.852273 1.592856 1.542174 -1.949863 0.457306 0.403385 0.463833 1.186624 -0.996305 -0.253895 -0.245244 -0.148473 -0.073097 -0.418008 -0.367384 -8.309796 -10.268239 -0.426569 -0.344115 -16.094594 6.528564 -0.345763 -0.372169 4.635306 -10.920201 0.836118 1.180135 -69.325290 37.755253 -0.777568 -0.552531 -6.934038 -29.101029 -0.063068 0.089217 -4.835040 -4.542571 0.108500 0.139881 -6.297094 -2.169296 -0.061548 -0.064889 1.160804 1.124810 -0.181171 -0.446529 -1.430520 -1.617052 0.395936 0.293585 1.364813 0.190726 -0.465167 -0.424962 0.840510 -1.036211 -0.182111 -0.175522 -0.755681 -0.307009 0.224298 0.234447 0.039699 0.299508 0.149780 -0.009648 -2.563292 -3.240642 -0.479036 -0.336184 0.336960 -0.349265 0.297911 0.332646 -0.327902 0.802392 -0.174265 -0.204137 -0.918489 -0.223643 -0.196973 -0.188415 -0.030125 0.292735 -0.009748 -0.133307 0.610211 448.000000
8.980000 -1.243325 -1.236680 2.844890 4.400253 0.466295 0.455060 -1.651394 1.419168 0.093521 0.115628 -4.684820 2.339338 1.651394 1.620213 -4.631189 0.118189 0.378014 0.435398 0.829783 -1.831674 -0.266493 -0.248920 -0.002316 -0.148473 -0.427058 -0.381423 -7.020403 -8.309796 -0.417207 -0.346525 -13.631799 5.729644 -0.322278 -0.362295 6.177254 -10.364950 0.833904 1.182756 -70.020182 39.669020 -0.775441 -0.550464 -6.964903 -29.656270 -0.059750 0.092334 -4.914673 -4.835040 0.091866 0.137430 -8.346741 -3.728949 -0.069899 -0.068892 0.642665 2.568145 -0.026660 -0.353247 -2.087399 -1.430520 0.430979 0.312627 1.909175 0.262152 -0.447225 -0.435735 0.707068 -1.102662 -0.204350 -0.177001 -1.099894 -0.397690 0.225777 0.232001 0.058204 0.357991 0.244455 0.051131 -1.526900 -2.563292 -0.455795 -0.372542 1.586038 0.332431 0.290289 0.324512 -0.043774 -0.004529 -0.137874 -0.184546 -1.592648 -0.444182 -0.204149 -0.191423 0.004549 0.474307 -0.008324 -0.125284 0.603915 449.000000
9.000000 -1.262822 -1.258454 1.531692 2.844890 0.482849 0.477706 -1.618737 1.516713 0.083999 0.114254 -5.372887 3.168107 1.714537 1.688995 -4.412560 1.716491 0.357352 0.410932 0.617716 -2.914698 -0.265738 -0.254671 0.242423 -0.002316 -0.447135 -0.398331 -7.138513 -7.020403 -0.415333 -0.351181 -11.947388 3.727273 -0.302867 -0.344961 5.571107 -9.904526 0.836179 1.184530 -69.875035 40.038751 -0.756183 -0.548312 -6.452827 -29.981431 -0.036560 0.096436 -4.441907 -4.914673 0.070746 0.126970 -9.117369 -4.494703 -0.074740 -0.073909 0.673531 3.852038 0.105816 -0.243344 -3.178411 -2.087399 0.463025 0.331903 2.430439 0.601053 -0.425932 -0.439312 0.762268 -1.308121 -0.221164 -0.179745 -1.552654 -0.579049 0.220944 0.229686 0.014460 0.520845 0.328084 0.115031 -1.273302 -1.526900 -0.425361 -0.398862 2.145466 0.814906 0.276828 0.313872 0.251374 -0.771132 -0.095098 -0.157145 -2.006000 -0.798599 -0.207631 -0.195108 0.050980 0.794049 -0.001686 -0.116067 0.592919 450.000000
9.020000 -1.262374 -1.268187 1.806055 1.531692 0.482258 0.490664 -2.781702 1.877075 0.082093 0.106885 -3.441279 3.495812 1.763574 1.746446 -4.190588 1.760289 0.347804 0.390363 0.540691 -2.652271 -0.267699 -0.260083 0.263596 0.242423 -0.482661 -0.420008 -9.061372 -7.138513 -0.409463 -0.356664 -9.823025 3.188141 -0.280823 -0.320755 4.168865 -8.759247 0.841372 1.185775 -68.952509 39.596458 -0.712953 -0.545461 -5.365874 -30.278576 0.005491 0.101391 -3.373976 -4.441907 0.073169 0.110127 -4.776638 -4.895450 -0.074427 -0.076726 0.781003 4.221919 0.238559 -0.123304 -3.868537 -3.178411 0.478259 0.349053 2.884178 0.834086 -0.389102 -0.435709 0.929152 -1.596353 -0.221201 -0.179791 -2.069849 -0.783557 0.214935 0.226690 0.014940 0.769097 0.388653 0.181390 -1.684032 -1.273302 -0.376577 -0.413101 2.825876 0.947046 0.255719 0.299839 0.518830 -1.198420 -0.051507 -0.124264 -2.233093 -1.028490 -0.204855 -0.198073 0.090944 0.977510 0.009047 -0.104527 0.577108 451.000000
9.040000 -1.248656 -1.264448 1.669601 1.806055 0.474778 0.493012 -3.221373 0.329789 0.085738 0.095719 -0.148382 3.111490 1.780237 1.785981 -5.564479 1.704915 0.328077 0.373842 0.100619 -2.485673 -0.279367 -0.265355 0.110573 0.263596 -0.515052 -0.446338 -9.691837 -9.061372 -0.388541 -0.358083 -6.333258 2.827080 -0.267621 -0.292707 0.947033 -6.995945 0.856753 1.184763 -65.188722 38.350416 -0.639829 -0.540582 -3.580814 -30.602093 0.055319 0.106177 -1.981593 -3.373976 0.079413 0.095076 -1.373298 -2.778821 -0.067777 -0.075515 1.225117 1.997818 0.372444 0.001983 -4.010510 -3.868537 0.465733 0.359714 3.198135 0.977513 -0.332144 -0.422627 1.122639 -1.906665 -0.206592 -0.173907 -2.581519 -1.042395 0.210268 0.223095 0.038454 1.027454 0.427849 0.247266 -2.465141 -1.684032 -0.323033 -0.415106 3.236511 1.153523 0.218712 0.280770 0.664588 -1.672353 -0.022139 -0.089101 -2.574128 -1.162018 -0.202442 -0.199743 0.069751 1.071074 0.019252 -0.089561 0.556588 452.000000
9.060000 -1.222907 -1.244145 0.139922 1.669601 0.454993 0.483252 -3.352473 -1.536496 0.087772 0.084130 2.457721 1.684878 1.753944 1.796557 -7.874732 2.709593 0.300686 0.360677 -0.583683 -2.854886 -0.296741 -0.271970 -0.019983 0.110573 -0.543634 -0.474651 -9.580397 -9.691837 -0.357226 -0.351036 -2.968778 2.693113 -0.259940 -0.266491 -2.183716 -3.640145 0.865823 1.179010 -61.384100 35.179709 -0.558136 -0.532429 -1.751036 -30.009013 0.101537 0.110331 -0.631867 -1.981593 0.082864 0.088997 -1.116240 -1.299207 -0.055913 -0.070669 2.051522 0.074090 0.530393 0.129513 -3.022398 -4.010510 0.427020 0.359713 3.433701 1.037748 -0.247068 -0.396308 1.259742 -2.160387 -0.190516 -0.163443 -2.814402 -1.309986 0.210112 0.219742 0.070354 1.271532 0.466782 0.310477 -2.964757 -2.465141 -0.268073 -0.404827 3.177645 1.285962 0.156074 0.253553 0.669898 -1.950550 -0.010546 -0.055620 -2.946740 -1.321940 -0.200005 -0.200324 0.044908 1.252188 0.023416 -0.070889 0.533585 453.000000
9.080000 -1.168778 -1.202840 -0.656802 0.139922 0.428299 0.460246 -2.212033 -2.905097 0.083966 0.075418 2.907106 0.447376 1.697473 1.767508 -7.027070 4.358786 0.280296 0.349721 -0.988675 -3.515947 -0.301011 -0.279468 0.077966 -0.019983 -0.570664 -0.502869 -9.431025 -9.580397 -0.329793 -0.334726 -2.062260 2.576247 -0.251906 -0.244849 -4.209078 -0.392531 0.879586 1.167664 -55.581468 31.956298 -0.501621 -0.520651 -0.736790 -29.427802 0.129346 0.113567 0.196132 -0.631867 0.089211 0.093178 -2.114882 -1.583881 -0.046026 -0.061983 1.655483 -0.467641 0.698125 0.258601 -1.734556 -3.022398 0.367449 0.347369 3.388229 1.086980 -0.150810 -0.354122 1.009603 -2.346721 -0.183979 -0.152811 -2.720756 -1.442378 0.214119 0.217645 0.080764 1.372024 0.523830 0.370741 -2.687932 -2.964757 -0.217573 -0.382384 2.550080 1.253874 0.076440 0.215608 0.675488 -1.923771 -0.012977 -0.027737 -3.089382 -1.495824 -0.192171 -0.199382 0.048304 1.450916 0.019405 -0.048965 0.509449 454.000000
9.100000 -1.088707 -1.137344 -1.292920 -0.656802 0.402448 0.428074 -0.063288 -2.559569 0.088014 0.071861 3.615989 -0.347537 1.634084 1.697705 -0.174588 4.227358 0.250139 0.336263 -0.929979 -2.799712 -0.296199 -0.285388 0.138903 0.077966 -0.588860 -0.528802 -8.400501 -9.431025 -0.305751 -0.311542 -2.713624 3.135669 -0.251682 -0.227756 -6.865914 1.073409 0.911268 1.152723 -45.960869 28.322697 -0.481070 -0.506958 -0.595659 -27.258771 0.147200 0.116244 0.672494 0.196132 0.100283 0.104869 -3.181672 -1.885182 -0.035542 -0.048692 0.453442 0.229699 0.847756 0.388644 -1.053636 -1.734556 0.295205 0.323823 2.978213 1.189313 -0.063814 -0.298123 0.451071 -2.198916 -0.187769 -0.146032 -2.363508 -1.400760 0.217252 0.216945 0.049555 1.319996 0.601235 0.429726 -1.920013 -2.687932 -0.181039 -0.349861 1.441589 0.937296 -0.006823 0.167152 0.737437 -1.612784 -0.018011 -0.008143 -2.736423 -1.568843 -0.180770 -0.196238 0.027976 1.520539 0.008355 -0.026036 0.483973 455.000000
9.120000 -0.993082 -1.051204 -1.954025 -1.292920 0.355793 0.387720 0.015508 -1.839638 0.089273 0.070258 4.308346 -1.776351 1.557162 1.596999 8.238247 0.758738 0.164610 0.309538 -0.835719 0.584151 -0.286326 -0.287870 0.120201 0.138903 -0.612836 -0.550480 -9.429279 -8.400501 -0.280607 -0.285704 -2.929506 4.789769 -0.247940 -0.216589 -7.391474 2.076145 0.942631 1.138334 -37.234303 23.410500 -0.491897 -0.494241 -1.111732 -22.550369 0.150777 0.119218 0.673982 0.672494 0.123151 0.122056 -2.809845 -1.817557 -0.030446 -0.033971 -1.450357 1.364115 0.953268 0.517401 -1.592009 -1.053636 0.235711 0.291950 2.899488 1.263571 0.002465 -0.234686 -0.086445 -1.714642 -0.199504 -0.145006 -1.967002 -1.206532 0.226681 0.218089 0.055989 1.156977 0.683008 0.488859 -1.096327 -1.920013 -0.168839 -0.312440 0.121959 0.352076 -0.078949 0.111661 0.855751 -1.089513 0.003229 0.004881 -1.706457 -1.382200 -0.178768 -0.192141 -0.064811 1.354224 -0.008493 -0.004945 0.459629 456.000000
9.140000 -0.885352 -0.953136 0.901652 -1.954025 0.291755 0.334617 -0.301710 -2.146419 0.068830 0.061045 4.628826 -2.161927 1.478856 1.487626 9.626062 -3.515734 -0.045239 0.241097 4.510199 4.722513 -0.265861 -0.286131 0.449422 0.120201 -0.624316 -0.568711 -8.520517 -9.429279 -0.260746 -0.261902 -2.925422 5.160490 -0.220609 -0.207712 -4.158375 2.230984 0.927515 1.128828 -39.270435 19.419822 -0.507449 -0.484571 -1.473205 -17.814481 0.148084 0.123226 0.226005 0.673982 0.124744 0.139710 -5.080605 -0.679744 -0.025790 -0.019946 -3.185818 2.130101 1.063177 0.643251 -1.721371 -1.592009 0.219400 0.257267 3.503175 1.492966 0.040766 -0.171961 -0.527763 -1.406522 -0.225730 -0.151354 -1.881497 -1.011496 0.240675 0.221883 0.040098 0.955506 0.756970 0.547592 -0.150578 -1.096327 -0.187142 -0.276248 -1.681332 -0.366896 -0.144417 0.053892 0.562044 -0.488855 0.045737 0.018180 -1.212404 -0.820823 -0.187069 -0.189629 -0.125434 0.885634 -0.027852 0.012448 0.437727 457.000000
9.160000 -0.805912 -0.880685 4.227197 0.901652 0.227631 0.270106 1.507571 -2.465268 0.023921 0.029153 4.390000 -2.163558 1.359401 1.451458 -14.291771 -8.069395 -0.262867 0.035754 13.573745 1.556667 -0.266818 -0.286736 0.617916 0.449422 -0.651406 -0.587261 -10.066311 -8.520517 -0.244706 -0.249781 -0.279318 3.541899 -0.178379 -0.185366 -2.919213 0.616477 0.907715 1.124777 -42.900780 20.698871 -0.474209 -0.477298 -0.639972 -18.571563 0.166988 0.130125 0.346302 0.226005 0.103191 0.137574 -5.358166 -0.947393 -0.015755 -0.002884 -5.467152 4.133212 1.117233 0.760863 -2.579005 -1.721371 0.263023 0.230790 4.570214 2.015469 0.042558 -0.118152 -0.761138 -1.487706 -0.253990 -0.160620 -2.296050 -0.960797 0.247335 0.227341 -0.045442 0.920700 0.796609 0.600033 0.512161 -0.150578 -0.232298 -0.242840 -4.050223 -1.121688 -0.191737 -0.000291 0.060871 0.559644 0.057095 0.036782 -2.068926 -0.543485 -0.200119 -0.190284 -0.109625 0.668919 -0.034796 0.024222 0.413665 458.000000
9.180000 -0.731169 -0.795643 -0.940771 4.227197 0.180253 0.195510 8.005709 -1.441214 -0.044382 -0.012425 0.536453 -2.948785 1.224371 1.404997 -26.704980 -2.654359 -0.357679 -0.185600 15.878429 -16.946129 -0.280113 -0.289457 0.670894 0.617916 -0.690620 -0.608713 -12.942309 -10.066311 -0.237357 -0.243703 0.195917 1.599265 -0.120496 -0.144981 -1.769223 1.319948 0.942918 1.122053 -35.330086 21.912450 -0.410185 -0.468975 0.810206 -20.988331 0.194564 0.138517 0.860336 0.346302 0.091979 0.117966 -1.945668 0.054493 -0.010978 0.020600 -9.888160 5.412659 1.098100 0.863776 -4.846531 -2.579005 0.312748 0.215485 5.588003 2.665676 0.058353 -0.076457 -0.117047 -1.904538 -0.273363 -0.171126 -2.518966 -1.125304 0.242245 0.231812 -0.120967 1.170746 0.798074 0.643321 0.436192 0.512161 -0.271529 -0.220073 -4.411306 -2.055547 -0.196211 -0.045833 0.110501 1.994676 0.045199 0.053447 -2.345359 -0.979651 -0.203600 -0.192887 0.000888 1.089275 -0.027685 0.031957 0.380437 459.000000
9.200000 -0.651960 -0.693087 -7.598598 -0.940771 0.130260 0.124274 10.456939 3.734628 -0.083986 -0.064024 4.132127 -4.271081 1.139621 1.317105 -19.275819 1.888264 -0.384335 -0.381544 16.694050 -24.816716 -0.281779 -0.293955 0.722509 0.670894 -0.702706 -0.633475 -10.063058 -12.942309 -0.232275 -0.235502 -0.992864 0.786653 -0.064647 -0.094737 -1.285932 0.982570 0.980475 1.118498 -26.902832 17.080075 -0.325079 -0.458491 2.926972 -18.250012 0.201538 0.145909 0.896548 0.860336 0.085313 0.093823 1.434351 3.971246 -0.010915 0.041076 -12.637084 5.916914 1.063743 0.946864 -6.339736 -4.846531 0.340988 0.208908 5.816833 2.852525 0.091771 -0.042412 0.623304 -2.735478 -0.270269 -0.179379 -2.447558 -1.198999 0.233998 0.233650 -0.100836 1.319967 0.791185 0.674366 0.793010 0.436192 -0.253103 -0.211219 -2.122539 -2.260903 -0.172666 -0.079371 0.554865 2.150402 0.048849 0.063637 -1.599627 -1.173124 -0.202958 -0.195498 0.053463 1.172235 -0.015449 0.039269 0.340188 460.000000
9.220000 -0.575997 -0.591348 -10.153736 -7.598598 0.082241 0.077479 5.990417 3.162406 -0.087399 -0.110213 10.119413 -7.294533 1.103849 1.198446 -2.226195 -2.415195 -0.418954 -0.534750 18.182921 -21.691013 -0.235907 -0.289934 0.220177 0.722509 -0.699233 -0.662561 -2.830069 -10.063058 -0.228214 -0.224930 -2.145096 1.139398 -0.022609 -0.046929 -1.436618 0.146534 1.014886 1.116936 -20.180308 11.338142 -0.206441 -0.445522 5.497592 -15.564690 0.202929 0.153535 0.743599 0.896548 0.075135 0.073893 2.686910 7.035718 0.000436 0.050673 -10.159681 5.601367 1.024333 1.006909 -6.596553 -6.339736 0.331107 0.209741 4.263710 2.596765 0.106645 -0.012640 0.578169 -3.220069 -0.273602 -0.187914 -2.113902 -1.173361 0.224861 0.232778 -0.052128 1.274197 0.775554 0.694364 0.911828 0.793010 -0.199141 -0.210687 0.621542 -1.338702 -0.132452 -0.100749 1.201617 0.783837 0.054345 0.067943 -0.875746 -0.826545 -0.202179 -0.197432 0.054458 0.773082 -0.004957 0.048646 0.300365 461.000000
9.240000 -0.483623 -0.525266 3.512225 -10.153736 0.070351 0.056613 4.778891 -2.064498 -0.086055 -0.126592 8.236150 -8.054915 1.057840 1.115245 -5.460351 -12.014972 -0.359674 -0.663504 16.839657 -14.241167 -0.173915 -0.246037 -3.792714 0.220177 -0.699523 -0.690910 1.871655 -2.830069 -0.205651 -0.214804 0.404669 1.790857 -0.016803 -0.011063 -5.524384 -0.354239 1.054256 1.117008 -12.496280 6.120893 -0.109523 -0.432875 8.605848 -14.059415 0.214136 0.159808 1.090592 0.743599 0.062682 0.061815 1.418914 6.423295 0.011671 0.045826 -5.169322 3.736385 0.985701 1.040748 -5.478631 -6.596553 0.279610 0.215218 1.582123 1.842771 0.109917 0.013699 0.130823 -2.420939 -0.276420 -0.196403 -1.994692 -1.030887 0.214567 0.229565 -0.011949 1.083015 0.732854 0.703774 0.499625 0.911828 -0.183784 -0.211607 1.166164 -0.290037 -0.132089 -0.113512 0.791131 -0.911580 0.043410 0.069013 -1.106907 -0.465102 -0.198429 -0.198312 0.057115 0.410644 0.001247 0.058992 0.268713 462.000000
9.260000 -0.442714 -0.515767 14.027926 3.512225 0.116914 0.062575 7.903455 -1.728629 -0.077812 -0.106186 0.892398 -6.507521 0.983034 1.106066 -24.708632 -9.428057 -0.304655 -0.673126 7.951188 -14.888408 -0.137405 -0.186197 -4.248307 -3.792714 -0.715616 -0.704696 -1.375438 1.871655 -0.175975 -0.198991 1.709092 2.559857 -0.034480 0.009647 -10.726674 2.964526 1.050758 1.111505 -10.878559 0.034717 -0.091035 -0.419988 8.371154 -12.461562 0.215379 0.164366 1.134618 1.090592 0.054138 0.061595 -2.342986 3.294118 0.016233 0.036891 -2.904641 1.875204 0.939520 1.048211 -3.990120 -5.478631 0.215390 0.219470 -0.469676 0.725650 0.080884 0.034026 -0.663608 -0.856473 -0.259939 -0.199651 -2.020424 -0.991371 0.224966 0.227132 0.121282 1.003320 0.669158 0.701535 -0.243117 0.499625 -0.201789 -0.212069 0.507406 0.187517 -0.153880 -0.123044 0.114538 -0.978648 -0.003172 0.066503 -2.033950 -0.582011 -0.193918 -0.197930 0.036791 0.524896 -0.000384 0.061546 0.237508 463.000000
9.280000 -0.481927 -0.502741 1.089626 14.027926 0.157447 0.098027 5.640628 3.505528 -0.023876 -0.060632 -0.129046 -4.397927 0.946550 1.107770 -32.217268 6.613558 -0.477218 -0.653839 3.998269 -18.095073 -0.117271 -0.138737 -3.142863 -4.248307 -0.679762 -0.700600 2.584171 -1.375438 -0.166092 -0.173478 -2.375133 4.508791 -0.020172 0.019345 -8.744280 6.217883 1.012062 1.094860 -13.469493 -0.604694 -0.150122 -0.400234 5.291303 -11.483253 0.233421 0.159964 3.272468 1.134618 0.063820 0.073755 -4.253799 0.280827 0.034010 0.037194 -0.884481 2.623814 0.904044 1.033772 -1.830066 -3.990120 0.153849 0.217408 -1.699142 0.096966 0.030796 0.043573 -1.204736 0.566642 -0.248272 -0.199409 -1.949524 -1.070853 0.253846 0.229981 0.165375 0.949571 0.620651 0.690338 -0.548153 -0.243117 -0.203607 -0.212532 0.390432 0.196434 -0.162591 -0.132164 0.078721 -0.310972 -0.087106 0.052729 -2.638691 -1.035371 -0.202800 -0.198157 -0.052532 0.998579 -0.011718 0.052231 0.193528 464.000000
9.300000 -0.537023 -0.475431 -16.958903 1.089626 0.181911 0.140143 2.972700 2.884837 0.016122 -0.008274 -2.169830 -2.755791 0.908835 1.101273 -36.872596 13.221884 -0.572540 -0.636361 0.337932 -18.995384 -0.165564 -0.117249 -2.576274 -3.142863 -0.613997 -0.681770 10.172436 2.584171 -0.156570 -0.148036 -4.966503 5.559707 0.009818 0.029023 -5.591881 3.184573 0.983555 1.070565 -13.992260 2.914426 -0.220532 -0.381274 3.418959 -10.555067 0.208539 0.158329 1.397261 3.272468 0.033002 0.084017 -10.941597 -1.684659 0.044947 0.036135 2.739029 2.569140 0.791166 1.000163 -1.995077 -1.830066 0.111510 0.208969 -2.340630 -0.247203 -0.019219 0.041485 -1.456322 1.451939 -0.252507 -0.200695 -1.648273 -1.057450 0.274310 0.238236 0.000222 0.892074 0.584840 0.670285 0.142562 -0.548153 -0.203475 -0.210173 -0.429148 0.155856 -0.148097 -0.137579 0.031643 -0.234577 -0.129182 0.028378 -2.271670 -1.293079 -0.219010 -0.201257 -0.066736 1.345612 -0.023518 0.034591 0.147703 465.000000
9.320000 -0.531630 -0.440860 -23.355886 -16.958903 0.182328 0.166153 0.575661 2.571265 0.050555 0.032615 -1.400810 -0.401435 0.911266 1.085723 -32.191340 18.192311 -0.650987 -0.622997 -2.129462 -18.680285 -0.202717 -0.114162 -2.476589 -2.576274 -0.578783 -0.654967 10.857275 10.172436 -0.148653 -0.135427 -3.601604 5.279192 0.016477 0.038207 -5.343713 0.312689 0.922201 1.046090 -21.089825 4.527641 -0.314393 -0.363510 -0.035296 -9.464618 0.234064 0.160201 1.999558 1.397261 0.010654 0.080437 -12.499894 -6.840313 0.046351 0.026438 5.900236 4.101284 0.681967 0.944950 -0.833937 -1.995077 0.154237 0.200808 -0.952800 -0.442154 -0.047990 0.029147 -0.728766 1.898476 -0.254069 -0.203374 -1.485007 -0.824248 0.284804 0.248725 -0.138896 0.824025 0.529198 0.642827 -0.108613 0.142562 -0.240257 -0.203580 -2.622148 -0.230395 -0.164475 -0.139965 -0.642448 0.198752 -0.121573 0.003682 -1.600551 -1.102467 -0.224839 -0.206280 0.038014 1.169203 -0.028037 0.013216 0.116351 466.000000
9.340000 -0.439637 -0.407805 -10.794989 -23.355886 0.169659 0.181132 -4.221623 0.988236 0.090443 0.062114 1.948582 0.412574 0.988427 1.066831 -13.017751 17.633142 -0.651874 -0.609900 -2.462396 -14.558198 -0.171334 -0.116967 -1.267595 -2.476589 -0.625452 -0.625547 -4.188759 10.857275 -0.121939 -0.133462 2.317070 4.472659 -0.014135 0.040222 -10.663000 0.871054 0.845009 1.020057 -31.154802 10.570396 -0.235756 -0.344658 1.511786 -10.519429 0.346406 0.166239 4.608127 1.999558 -0.003100 0.066457 -11.406415 -9.200065 0.019170 0.013033 3.218495 3.299829 0.544987 0.868233 -0.241097 -0.833937 0.230855 0.198060 1.291185 -0.112017 -0.021521 0.013868 0.694108 0.840783 -0.212311 -0.198542 -1.556664 -0.673055 0.306569 0.260999 -0.109196 0.811951 0.446551 0.607426 -0.557860 -0.108613 -0.247477 -0.196922 -2.853164 -0.989850 -0.168378 -0.142127 -0.701196 1.632298 -0.051432 -0.009444 -0.693786 -0.819282 -0.211345 -0.209302 0.152695 0.781269 -0.028877 -0.008379 0.099441 467.000000
9.360000 -0.341086 -0.385148 6.244105 -10.794989 0.190570 0.195168 -3.077590 -3.085103 0.093546 0.084098 -1.099506 1.136520 1.022650 1.055199 -5.683292 8.286725 -0.621456 -0.602075 -1.250399 -4.731026 -0.142617 -0.115952 -1.069183 -1.267595 -0.695580 -0.613140 -16.321951 -4.188759 -0.102839 -0.139481 8.803779 4.172965 -0.033950 0.022511 -6.914967 6.490035 0.961442 1.009147 -9.749157 14.485892 0.046242 -0.314962 6.939818 -16.668910 0.424610 0.186639 4.183284 4.608127 0.030723 0.050290 -1.592054 -7.312455 -0.041947 -0.003932 -5.082916 4.093960 0.286097 0.772069 -3.840260 -0.241097 0.282399 0.200643 2.504389 0.298538 -0.003839 0.002742 1.044177 -0.992646 -0.192983 -0.186424 -2.143727 -0.723734 0.316304 0.274026 -0.199295 0.832930 0.335417 0.558523 -0.611737 -0.557860 -0.239592 -0.195583 -1.538263 -1.075984 -0.121825 -0.139556 -0.143650 1.777180 -0.006963 -0.009799 -0.348597 -0.423240 -0.200204 -0.208771 0.088978 0.270546 -0.031912 -0.026787 0.089071 468.000000
9.380000 -0.361629 -0.375951 2.162395 6.244105 0.265320 0.217035 5.999474 -0.989042 0.093161 0.106266 -5.616407 2.088548 0.890126 1.056604 -34.501507 3.744434 -0.662579 -0.589374 -3.042180 -1.938858 -0.111746 -0.107202 -0.829432 -1.069183 -0.736326 -0.644951 -10.640157 -16.321951 -0.129663 -0.148648 4.853355 -0.944406 -0.055810 -0.015404 -1.972958 7.859373 1.114971 1.044498 5.326433 -0.135970 0.360767 -0.234124 6.695621 -9.885127 0.387201 0.221956 0.875377 4.183284 0.063862 0.039668 5.913854 1.745431 -0.052848 -0.019009 -4.643751 3.337485 0.068114 0.654594 -4.456967 -3.840260 0.313312 0.211098 1.896522 0.730106 -0.012740 -0.005240 0.767524 -1.774283 -0.211955 -0.174755 -3.091205 -0.972216 0.317459 0.285345 -0.238751 1.171511 0.202375 0.494940 -1.330889 -0.611737 -0.247645 -0.198642 -1.424006 -0.697307 -0.083497 -0.129289 -0.138475 0.840956 -0.070943 -0.011035 -1.723054 -0.218787 -0.214062 -0.208606 -0.090615 0.129810 -0.039246 -0.041185 0.073374 469.000000
9.400000 -0.381825 -0.366575 -5.236690 2.162395 0.324441 0.242365 12.569301 5.807940 0.096036 0.128477 -9.672713 -0.191533 0.757234 1.066825 -63.464369 19.447208 -0.786593 -0.588858 -5.715282 -15.054299 -0.099312 -0.107002 0.510588 -0.829432 -0.744543 -0.708290 2.362573 -10.640157 -0.165685 -0.156272 -0.766166 -1.440198 -0.076095 -0.057585 2.518974 3.413157 1.183859 1.120089 0.889871 -7.497455 0.457100 -0.112762 4.103017 -2.171022 0.302594 0.255461 -1.214336 0.875377 0.061850 0.033496 6.463904 5.278803 -0.026046 -0.023840 -0.180266 -0.635052 -0.039622 0.517704 -0.982474 -4.456967 0.359224 0.232619 1.215663 0.564499 -0.024455 -0.013132 0.701707 -1.332023 -0.246270 -0.168064 -3.809234 -1.426227 0.300763 0.291923 -0.282450 1.664978 0.089332 0.421916 -1.937665 -1.330889 -0.293779 -0.202072 -3.136912 -0.642766 -0.070708 -0.113950 -0.768720 0.781241 -0.177966 -0.024641 -3.206467 -0.816220 -0.211496 -0.209403 0.016182 0.906835 -0.049199 -0.057009 0.048710 470.000000
9.420000 -0.355761 -0.336611 -9.914815 -5.236690 0.393154 0.273110 19.088691 11.121007 0.120099 0.158461 -12.403563 -1.448294 0.716535 1.073939 -72.116274 35.858618 -0.911880 -0.593684 -9.188832 -27.605750 -0.053359 -0.111650 2.328489 0.510588 -0.742010 -0.757893 8.171879 2.362573 -0.213729 -0.164703 -8.403268 -0.876404 -0.094407 -0.100448 7.714361 -1.642570 1.218873 1.191295 -3.582859 -3.407314 0.471896 0.025964 -0.838386 -2.517443 0.244498 0.269137 -1.267106 -1.214336 0.056995 0.028896 6.189781 3.322085 0.015727 -0.013236 3.632405 -3.141819 -0.178172 0.368356 0.926138 -0.982474 0.370636 0.261571 -0.040231 0.256978 -0.060435 -0.024392 0.461891 -0.958685 -0.279509 -0.167221 -4.212581 -1.763392 0.286177 0.293026 -0.170832 2.045842 -0.047389 0.344373 -3.691127 -1.937665 -0.323780 -0.206548 -3.834871 -1.184096 -0.036928 -0.094936 -0.779443 1.952816 -0.262669 -0.052164 -3.586915 -1.611324 -0.211572 -0.209950 0.004802 1.595142 -0.059635 -0.084176 0.015961 471.000000
9.440000 -0.330804 -0.286500 -16.891062 -9.914815 0.441572 0.315091 18.746360 15.746127 0.175261 0.199391 -10.822323 -3.342564 0.715080 1.077084 -72.896713 42.692474 -0.945393 -0.595930 -10.116589 -29.423800 -0.033226 -0.118526 3.360795 2.328489 -0.778927 -0.779614 2.115522 8.171879 -0.229741 -0.173195 -9.926428 0.344454 -0.121012 -0.143039 10.497345 -8.058815 1.268658 1.247248 -3.416555 2.396745 0.464994 0.158262 -2.973902 -1.186115 0.193464 0.263644 -0.910852 -1.267106 0.074109 0.029372 8.432512 1.278688 0.030682 0.006202 2.302887 -4.911093 -0.325821 0.213982 1.328971 0.926138 0.355682 0.287827 -0.697794 -0.251061 -0.121627 -0.042305 -0.131646 -0.210830 -0.273448 -0.167962 -3.845723 -2.020875 0.288720 0.292083 0.006691 2.191707 -0.188813 0.257800 -3.969319 -3.691127 -0.335104 -0.214776 -3.317532 -1.527714 -0.009309 -0.072288 -1.036729 2.307157 -0.299962 -0.088376 -2.754197 -1.795859 -0.208123 -0.209900 0.017645 1.791057 -0.072599 -0.123744 -0.020805 472.000000
9.460000 -0.300104 -0.232139 -21.353795 -16.891062 0.457994 0.360541 13.096261 14.784341 0.227817 0.238999 -7.304485 -3.962018 0.723491 1.081589 -72.503955 43.752534 -0.924084 -0.599341 -9.276864 -29.144179 -0.024891 -0.126661 3.856846 3.360795 -0.806408 -0.789870 -1.982308 2.115522 -0.243075 -0.185096 -9.389415 -0.285459 -0.152557 -0.181760 11.123515 -10.211886 1.324216 1.300746 -3.335295 3.855434 0.409528 0.257481 -3.626824 0.438879 0.138632 0.242986 -0.584056 -0.910852 0.116078 0.039970 12.903386 3.064812 0.038119 0.021071 1.931074 -5.367700 -0.429162 0.064322 1.883298 1.328971 0.335056 0.304846 -0.693568 -0.283074 -0.178085 -0.067493 -0.335290 0.414720 -0.244592 -0.166062 -3.270423 -1.926207 0.296742 0.292258 0.051756 1.919516 -0.287937 0.157892 -2.126290 -3.969319 -0.353510 -0.227861 -2.823624 -1.140401 0.028954 -0.046394 -1.009048 2.177131 -0.294114 -0.125643 -1.344474 -1.385921 -0.195247 -0.207831 0.050541 1.368276 -0.089333 -0.166856 -0.055682 473.000000
9.480000 -0.270553 -0.183701 -24.041324 -21.353795 0.477179 0.399299 10.278993 10.200373 0.256995 0.266894 -5.324496 -2.895888 0.735234 1.089046 -72.029969 42.949873 -0.879943 -0.605375 -7.599408 -29.554082 -0.001223 -0.133685 4.576364 3.856846 -0.804328 -0.799142 0.340060 -1.982308 -0.258594 -0.206342 -6.642535 -0.867050 -0.181554 -0.213589 10.475165 -10.256465 1.398311 1.360545 -1.714152 4.286214 0.327257 0.311748 -3.066695 0.950919 0.072260 0.209662 -0.382376 -0.584056 0.131842 0.060129 10.897088 5.486156 0.043290 0.026108 3.337827 -7.417230 -0.517579 -0.073528 1.974356 1.883298 0.311530 0.312607 -0.693838 -0.179139 -0.202506 -0.096132 0.030663 0.514429 -0.239071 -0.165880 -2.582920 -1.661090 0.308383 0.294758 0.039553 1.609334 -0.373023 0.049823 -0.609736 -2.126290 -0.374348 -0.244244 -2.684785 -0.907288 0.076325 -0.016775 -0.859679 1.916336 -0.285802 -0.158154 -0.630495 -0.697507 -0.182565 -0.203146 0.003182 0.646966 -0.108157 -0.207178 -0.084532 474.000000
9.500000 -0.232655 -0.139712 -24.923779 -24.041324 0.465468 0.429046 3.475728 7.801744 0.286863 0.289505 -3.744037 -2.477249 0.747488 1.096614 -70.833710 41.501757 -0.778448 -0.612629 -4.223806 -30.528212 0.024945 -0.138584 5.310183 4.576364 -0.809357 -0.809459 1.541851 0.340060 -0.258923 -0.237222 0.634447 -1.916315 -0.228108 -0.235653 4.141664 -8.558850 1.469582 1.427159 -1.489223 3.071230 0.252147 0.323616 -1.876847 1.357078 0.010296 0.165742 0.020725 -0.382376 0.132638 0.082244 6.902007 3.779630 0.051297 0.027931 4.360780 -7.117458 -0.596855 -0.199042 2.012369 1.974356 0.266856 0.312132 -1.193197 -0.362250 -0.213822 -0.123475 0.242003 0.331588 -0.235627 -0.168678 -1.953063 -1.311236 0.319400 0.299524 -0.013142 1.271683 -0.485734 -0.058840 -1.017195 -0.609736 -0.387120 -0.260886 -2.648683 -0.912553 0.124316 0.016383 -0.767594 1.772232 -0.262267 -0.181822 -0.300945 -0.316839 -0.176593 -0.197177 -0.077411 0.313656 -0.124694 -0.243168 -0.108675 475.000000
9.520000 -0.171823 -0.092469 -23.170211 -24.923779 0.454637 0.447117 -0.348896 3.609882 0.312051 0.314747 -4.311942 0.134154 0.749502 1.098067 -69.362002 38.466443 -0.703612 -0.619143 -1.972077 -32.367267 0.037028 -0.141985 5.647101 5.310183 -0.799348 -0.812229 1.980968 1.541851 -0.258282 -0.269614 6.749694 -2.388055 -0.259792 -0.248256 -0.882127 -1.753609 1.487606 1.484032 -6.156205 2.099695 0.190533 0.307486 -1.148376 0.610472 -0.007681 0.118909 0.713425 0.020725 0.113850 0.098013 1.427082 1.270613 0.049746 0.032850 2.611724 -5.631394 -0.661706 -0.310984 1.663966 2.012369 0.214764 0.303124 -1.661092 -0.717600 -0.222996 -0.146831 0.131988 0.475597 -0.219654 -0.170871 -1.441935 -0.969960 0.319076 0.304571 -0.111258 0.983103 -0.579051 -0.163412 -1.414203 -1.017195 -0.358346 -0.273293 -2.012908 -0.940544 0.164455 0.051842 -0.821988 1.708139 -0.241983 -0.194046 -0.718681 -0.111767 -0.175225 -0.191590 -0.114403 0.189178 -0.133905 -0.276349 -0.133100 476.000000
9.540000 -0.107585 -0.040173 -21.230599 -23.170211 0.485771 0.456876 4.659049 1.981523 0.339671 0.342578 -4.611175 2.330419 0.756678 1.090459 -65.148563 36.104841 -0.675475 -0.622572 -1.421877 -33.257161 0.032303 -0.145233 5.677398 5.647101 -0.788968 -0.794699 -2.823567 1.980968 -0.277419 -0.293699 6.117234 -2.933783 -0.277076 -0.258960 -1.860520 3.815911 1.461649 1.507431 -9.970110 3.907230 0.161760 0.280957 -0.833933 -2.248975 0.019361 0.081509 1.220935 0.713425 0.096918 0.105484 -2.278189 -0.592321 0.040639 0.037352 0.314113 -2.019403 -0.754301 -0.408750 -0.027280 1.663966 0.189236 0.287236 -1.249913 -0.896540 -0.238304 -0.167065 0.033898 0.764552 -0.204630 -0.171914 -0.908392 -0.665338 0.313349 0.307826 -0.129569 0.776597 -0.653206 -0.261021 -1.614832 -1.414203 -0.307446 -0.277343 -1.227453 -0.595460 0.214385 0.089110 -0.613622 1.417448 -0.248309 -0.199104 -1.318083 -0.302139 -0.169826 -0.186461 -0.081111 0.416542 -0.137149 -0.308096 -0.156741 477.000000
9.560000 -0.050867 0.011495 -19.699762 -21.230599 0.513796 0.465185 8.569508 4.635112 0.370665 0.370851 -4.052454 -0.023937 0.774573 1.076843 -58.267353 33.600877 -0.633763 -0.622292 -0.502031 -31.547686 -0.001458 -0.150194 5.017918 5.677398 -0.762588 -0.755743 -8.097483 -2.823567 -0.295919 -0.303700 2.186796 -2.128357 -0.284745 -0.273880 0.223868 3.988877 1.408501 1.486109 -9.583095 5.587155 0.118357 0.252884 -1.168174 -4.382955 0.067799 0.062441 1.220742 1.220935 0.102790 0.107780 -0.983780 -1.296151 0.035801 0.038607 -0.461778 0.982038 -0.856931 -0.496525 -1.704850 -0.027280 0.198997 0.269185 -0.189011 -0.641906 -0.277857 -0.189156 -0.009279 0.608007 -0.214430 -0.175783 -0.544710 -0.389412 0.297590 0.307563 -0.131413 0.518980 -0.712661 -0.350768 -1.552595 -1.614832 -0.254520 -0.272102 -0.682893 -0.306915 0.258128 0.127628 -0.515189 0.920538 -0.255662 -0.203923 -1.141514 -0.618486 -0.158177 -0.180557 -0.044842 0.699597 -0.139380 -0.336481 -0.177788 478.000000
9.580000 -0.030210 0.051628 -21.038686 -19.699762 0.528571 0.472745 10.246672 6.310981 0.398788 0.395908 -2.757417 -2.258527 0.787720 1.063530 -53.496200 29.496143 -0.510974 -0.619761 2.978773 -28.771210 -0.041726 -0.156095 3.978237 5.017918 -0.740410 -0.708440 -13.081432 -8.097483 -0.305427 -0.301444 -1.579648 -1.205332 -0.292079 -0.290012 1.733902 0.981464 1.341822 1.424435 -5.379476 5.634969 0.092040 0.224528 -1.100387 -3.948126 0.124659 0.063845 0.903417 1.220742 0.106562 0.104713 1.386687 -0.261001 0.034492 0.036855 -0.060438 0.722779 -0.958616 -0.581016 -2.385027 -1.704850 0.208258 0.253909 0.187357 -0.089866 -0.330599 -0.217644 0.138992 0.099145 -0.246869 -0.188084 -0.017313 -0.206649 0.285661 0.303865 -0.033282 0.338061 -0.790398 -0.434407 -2.020411 -1.552595 -0.230965 -0.259175 -1.191186 -0.083852 0.275322 0.164419 -0.785302 0.599041 -0.255238 -0.211526 -0.377227 -0.548336 -0.152344 -0.174039 -0.093312 0.593178 -0.141000 -0.357037 -0.196443 479.000000
9.600000 -0.027914 0.071652 -21.450299 -21.038686 0.524215 0.476972 9.150386 6.502044 0.419683 0.415445 -1.660291 -3.744627 0.785984 1.055353 -53.080521 24.597426 -0.338401 -0.616179 7.955861 -28.898774 -0.072263 -0.161346 3.107862 3.978237 -0.707818 -0.668629 -12.773859 -13.081432 -0.291178 -0.292212 -1.334330 -0.077127 -0.305275 -0.301364 0.441658 -1.656775 1.277932 1.336209 2.379683 3.484217 0.109246 0.198742 -0.235582 -1.895259 0.177525 0.082300 0.475755 0.903417 0.095597 0.092662 3.110787 0.723563 0.035987 0.034698 0.528659 -0.663124 -1.044627 -0.667752 -1.892741 -2.385027 0.204066 0.242322 0.022472 0.024183 -0.382556 -0.253187 0.440129 -0.163175 -0.276130 -0.207103 0.312429 0.007984 0.284891 0.299254 0.080713 0.025298 -0.888003 -0.515008 -2.953161 -2.020411 -0.244137 -0.243119 -2.440421 -0.202942 0.278358 0.196376 -1.111748 0.988244 -0.233228 -0.219122 0.443173 -0.141957 -0.156026 -0.168777 -0.146239 0.235269 -0.138680 -0.365311 -0.213630 480.000000
9.620000 -0.022414 0.077621 -20.298859 -21.450299 0.497156 0.476006 4.785816 5.405338 0.443382 0.432458 -0.226671 -3.745048 0.792275 1.050292 -50.924457 20.796129 -0.200834 -0.611535 11.810768 -32.284393 -0.094534 -0.165283 2.487136 3.107862 -0.635098 -0.634638 -5.025807 -12.773859 -0.251700 -0.276694 2.450600 0.446336 -0.317063 -0.306241 -1.761569 -0.887994 1.193669 1.229287 9.580082 -1.019752 0.184878 0.183461 1.041689 1.359932 0.215362 0.111025 0.041425 0.475755 0.063601 0.069595 3.040256 1.291064 0.041650 0.035829 0.840639 -1.819723 -1.120584 -0.756883 -1.226722 -1.892741 0.204691 0.232617 0.224642 -0.208828 -0.432968 -0.294391 0.791677 -0.231300 -0.274192 -0.223054 0.185639 0.115858 0.295768 0.296804 0.139852 -0.196571 -0.997609 -0.594885 -4.111313 -2.953161 -0.283307 -0.230318 -3.638592 -0.664336 0.296107 0.224656 -1.211159 1.776084 -0.170864 -0.217643 0.864781 0.294706 -0.159451 -0.165589 -0.114777 -0.148467 -0.130130 -0.363685 -0.231651 481.000000
9.640000 -0.033025 0.078878 -22.352613 -20.298859 0.457050 0.468625 -0.741047 2.506243 0.470840 0.447658 2.539076 -2.279572 0.802783 1.044495 -47.434195 16.934854 -0.185578 -0.605777 12.017465 -33.989603 -0.119482 -0.168779 1.808318 2.487136 -0.549693 -0.593950 2.367555 -5.025807 -0.224248 -0.258237 4.217565 -0.344515 -0.321100 -0.309427 -1.826800 2.106085 1.094933 1.105397 16.769766 -5.542141 0.336188 0.191782 2.404000 4.037941 0.238089 0.142971 -0.301200 0.041425 0.044214 0.036434 7.055269 1.099808 0.044871 0.038224 1.004725 -1.940447 -1.180593 -0.843604 -0.865183 -1.226722 0.227400 0.225418 0.893046 -0.283517 -0.465793 -0.337485 1.180357 -0.508160 -0.260055 -0.232541 0.138057 0.022894 0.313489 0.298431 0.120320 -0.162745 -1.067543 -0.675197 -3.624838 -4.111313 -0.314789 -0.224849 -3.888638 -1.213716 0.322781 0.252397 -1.305029 2.424876 -0.105354 -0.201627 0.678684 0.489779 -0.155820 -0.163249 -0.042577 -0.375002 -0.115513 -0.357999 -0.249474 482.000000
9.660000 -0.049673 0.077422 -24.964516 -22.352613 0.417992 0.453071 -4.216300 -1.640061 0.485455 0.459073 3.791357 -0.899014 0.808644 1.038165 -45.078270 15.040488 -0.293180 -0.600337 8.751610 -32.393707 -0.131470 -0.171424 1.420454 1.808318 -0.479962 -0.547221 6.724118 2.367555 -0.218100 -0.246794 4.769425 -1.195382 -0.323124 -0.315348 -0.541771 3.022182 1.020333 0.981822 24.612966 -10.120571 0.487706 0.229549 2.960059 6.649195 0.268686 0.175011 -0.341930 -0.301200 0.030847 -0.003543 13.010343 3.025272 0.051755 0.040104 1.952851 -4.029997 -1.223338 -0.923587 -0.563873 -0.865183 0.247847 0.222277 1.224369 -0.143655 -0.473864 -0.376598 1.459977 -1.036701 -0.267383 -0.240390 0.144991 0.008868 0.326368 0.303543 0.016168 -0.129189 -1.099443 -0.754766 -1.972222 -3.624838 -0.336477 -0.227620 -3.397551 -1.291805 0.336075 0.278844 -1.452061 2.596833 -0.057262 -0.175171 0.418388 0.360631 -0.149881 -0.160486 -0.020550 -0.318054 -0.094853 -0.350639 -0.264443 483.000000
9.680000 -0.074305 0.069257 -26.876903 -24.964516 0.384397 0.429592 -5.241703 -4.003828 0.490504 0.464320 4.763898 0.212472 0.836879 1.035252 -39.691711 16.220473 -0.473564 -0.597501 3.588508 -28.857798 -0.129111 -0.172064 1.292347 1.420454 -0.431145 -0.503466 8.540647 6.724118 -0.230063 -0.247641 4.273845 -2.113827 -0.323004 -0.323622 1.236054 2.655598 0.921819 0.877446 22.642348 -14.443646 0.582438 0.290474 2.090217 10.169320 0.303668 0.207590 -0.363560 -0.341930 -0.000591 -0.046097 15.320726 5.528746 0.064878 0.043926 3.302776 -7.481597 -1.253028 -0.995999 0.028398 -0.563873 0.261890 0.222062 1.477024 -0.117804 -0.474095 -0.407818 1.403301 -1.342173 -0.279466 -0.249548 0.272648 0.064411 0.332910 0.310075 -0.072740 -0.080579 -1.113730 -0.830754 -0.222393 -1.972222 -0.359678 -0.239152 -2.520469 -0.972745 0.328906 0.299527 -1.417405 2.424806 -0.029705 -0.146010 0.377177 0.219469 -0.140823 -0.156594 -0.013552 -0.198919 -0.068460 -0.340742 -0.275425 484.000000
9.700000 -0.058230 0.049807 -18.018130 -26.876903 0.366247 0.412118 -6.893945 -5.002801 0.475856 0.462069 4.349628 0.238902 0.881842 1.038657 -31.821731 17.254952 -0.655288 -0.598474 -2.278474 -22.436758 -0.105198 -0.170278 1.940267 1.292347 -0.424541 -0.498698 16.512565 8.540647 -0.234056 -0.249639 2.926383 -2.754950 -0.326710 -0.326780 0.258972 1.518895 0.839381 0.844258 0.190975 -12.830311 0.481195 0.275822 10.178285 9.812037 0.298246 0.208460 4.399119 -0.363560 -0.019503 -0.067548 10.756447 6.008975 0.066808 0.054864 0.358371 -9.311751 -1.291634 -1.053388 -2.221672 0.028398 0.242297 0.219893 1.397570 0.036862 -0.479141 -0.430262 0.943426 -1.440162 -0.292307 -0.259862 0.162812 0.172694 0.336473 0.316497 -0.112962 -0.099954 -1.121259 -0.899132 0.576840 -0.222393 -0.386792 -0.261029 -1.216104 -0.551532 0.320361 0.312794 -1.236219 1.968937 -0.041653 -0.120544 -0.332556 0.195364 -0.138171 -0.152246 -0.065770 -0.181813 -0.048873 -0.326014 -0.286468 485.000000
9.720000 -0.017974 0.022557 -4.073095 -18.018130 0.356833 0.402899 -7.964962 -5.621787 0.458336 0.443672 6.397361 1.272159 0.992015 1.047852 -12.739096 17.555924 -0.738322 -0.605372 -3.208768 -14.265808 -0.107915 -0.166622 0.981792 1.940267 -0.426807 -0.509437 17.724993 16.512565 -0.230932 -0.242108 0.415971 -1.592678 -0.315779 -0.327558 2.217601 1.333705 0.803188 0.840963 -7.087607 -7.444209 0.360824 0.228564 8.887206 -7.253234 0.249054 0.185679 4.359165 4.399119 -0.036193 -0.064720 4.335607 5.199038 0.039086 0.062045 -5.265215 -5.557409 -1.369533 -1.098068 -4.535470 -2.221672 0.193523 0.216047 -0.254346 0.227072 -0.504948 -0.449176 0.546131 -1.170498 -0.308995 -0.269445 -0.257942 0.137887 0.343837 0.322786 -0.089231 -0.024925 -1.177228 -0.958122 -0.449993 0.576840 -0.443217 -0.289940 -1.510266 0.010058 0.364776 0.326021 -0.698659 1.226161 -0.072609 -0.100897 -1.393123 -0.133393 -0.134381 -0.148022 -0.068887 0.199163 -0.045731 -0.310887 -0.293436 486.000000
9.740000 -0.002289 -0.007901 5.446432 -4.073095 0.380978 0.402281 -4.797223 -7.181162 0.418028 0.413473 5.382011 0.783800 1.081917 1.067372 -0.699264 8.686278 -0.754428 -0.621235 -1.803958 -4.052818 -0.128705 -0.156915 -0.161525 0.981792 -0.454641 -0.513733 12.098163 17.724993 -0.214612 -0.221798 -2.197034 -1.316786 -0.300374 -0.320871 2.419819 -0.900815 0.806587 0.837868 -5.951487 -2.872759 0.257606 0.178819 7.372184 -9.960366 0.185943 0.159779 3.455297 4.359165 -0.037309 -0.048874 -0.426459 4.800411 0.016525 0.056715 -6.507336 0.464804 -1.426349 -1.142489 -4.398671 -4.535470 0.165636 0.211126 -0.961195 -0.400239 -0.538496 -0.469422 0.412160 -0.145893 -0.308302 -0.276349 -0.466425 -0.084355 0.351058 0.329266 -0.090427 0.173587 -1.211352 -1.012081 -0.226368 -0.449993 -0.493276 -0.323436 -1.554767 -0.405804 0.422400 0.346838 -0.529407 1.104462 -0.078017 -0.086751 -1.445664 -0.662118 -0.146175 -0.145875 -0.143946 0.731005 -0.054893 -0.299833 -0.292317 487.000000
9.760000 -0.011012 -0.034878 8.031581 5.446432 0.394222 0.407937 -3.473367 -5.089617 0.383267 0.383636 3.815075 -0.292394 1.110384 1.095556 -1.012161 1.652089 -0.738406 -0.644603 -0.391723 0.952825 -0.147558 -0.149988 -0.379432 -0.161525 -0.480686 -0.514921 6.887180 12.098163 -0.180574 -0.189809 -3.264208 -0.111393 -0.260293 -0.292332 0.808304 -2.308427 0.794944 0.836889 -8.555434 -2.346974 0.184404 0.127230 6.936160 -8.298461 0.120567 0.128923 3.176149 3.455297 -0.040653 -0.031691 -3.959372 3.040438 -0.003629 0.041119 -6.106900 3.466897 -1.427304 -1.190630 -2.203450 -4.398671 0.170897 0.205396 -0.517348 -0.686677 -0.557531 -0.491309 0.610810 0.274517 -0.281613 -0.277705 -0.230724 -0.187999 0.350226 0.334909 -0.132541 0.278426 -1.221313 -1.059425 -0.025114 -0.226368 -0.535695 -0.359398 -1.607943 -0.512680 0.441862 0.371889 -0.918687 1.042087 -0.094981 -0.078806 -1.388735 -0.650859 -0.145405 -0.145449 -0.030146 0.794805 -0.069650 -0.293556 -0.286231 488.000000
9.780000 -0.036815 -0.052762 5.094919 8.031581 0.392366 0.410056 -3.329690 -3.644221 0.373026 0.363578 3.976074 -0.170854 1.134711 1.125061 -2.161146 0.788904 -0.738973 -0.665268 -0.307870 -0.223257 -0.149203 -0.147346 -0.214637 -0.379432 -0.486270 -0.513811 5.014766 6.887180 -0.145083 -0.153133 -3.531305 1.227952 -0.217289 -0.241301 -3.159032 -2.036256 0.776247 0.837181 -12.156783 -0.730190 0.089589 0.068194 7.022092 -9.285624 0.087508 0.090076 4.065458 3.176149 -0.049818 -0.023128 -5.899000 1.073764 -0.006564 0.023165 -3.268204 5.033136 -1.409644 -1.236691 -0.441986 -2.203450 0.205152 0.200816 0.703477 -0.564079 -0.534232 -0.509134 1.167654 -0.046731 -0.255412 -0.274053 0.033009 -0.049092 0.351005 0.339225 -0.100049 0.181633 -1.230674 -1.096786 -0.440544 -0.025114 -0.563071 -0.396323 -1.102255 -0.344628 0.481825 0.398212 -0.644522 1.263315 -0.111561 -0.077989 -1.041973 -0.679294 -0.131438 -0.143556 0.055392 0.709441 -0.080064 -0.291918 -0.282948 489.000000
9.800000 -0.062158 -0.058378 -0.851399 5.094919 0.401598 0.407512 -0.939608 -3.652882 0.387714 0.359728 5.002270 -0.323192 1.124234 1.151689 -9.168559 1.302856 -0.745020 -0.676685 -1.496658 -0.858291 -0.136166 -0.144535 -0.114979 -0.214637 -0.442233 -0.506318 13.185100 5.014766 -0.153873 -0.130026 -6.612480 3.345168 -0.199710 -0.201743 -3.326075 -0.186136 0.759132 0.835381 -17.051744 1.008441 0.021234 0.010156 3.082359 -11.148342 0.108257 0.049100 6.006841 4.065458 -0.055803 -0.024609 -5.929146 -1.315398 -0.004870 0.006875 -0.389151 4.583602 -1.401877 -1.272457 -0.986104 -0.441986 0.274677 0.201869 2.245355 -0.232088 -0.493093 -0.517060 1.437765 -0.935566 -0.219514 -0.264543 0.161899 0.066529 0.355654 0.343049 -0.056564 0.033520 -1.258705 -1.124361 -1.904334 -0.440544 -0.555187 -0.430853 -0.100085 -0.228867 0.508788 0.425799 -0.809963 0.873388 -0.105886 -0.080169 -0.704396 -0.548682 -0.129352 -0.140369 -0.039200 0.493291 -0.081310 -0.295390 -0.286113 490.000000
9.820000 -0.093126 -0.052900 -9.368531 -0.851399 0.398920 0.411919 -3.684763 -2.970939 0.415653 0.368251 7.999493 -2.031331 1.107963 1.173438 -15.878658 5.664866 -0.758573 -0.685554 -1.024753 -3.503693 -0.133913 -0.144296 0.273981 -0.114979 -0.422064 -0.514060 19.382523 13.185100 -0.162096 -0.123401 -8.338279 4.969277 -0.202585 -0.186945 -4.433249 -1.643203 0.705006 0.855899 -33.291589 6.300409 0.026272 0.005611 0.121075 -10.751336 0.147950 0.025172 5.032454 6.006841 -0.063008 -0.024504 -7.848717 -2.769997 -0.000544 -0.006701 3.488330 3.159149 -1.438080 -1.291173 -4.016713 -0.986104 0.342797 0.213267 2.783713 0.403795 -0.487949 -0.518164 1.239962 -1.841560 -0.219155 -0.255730 0.202482 0.109232 0.374861 0.348828 0.017991 -0.052667 -1.302868 -1.142105 -4.476175 -1.904334 -0.532348 -0.459196 0.898187 0.354939 0.549860 0.455300 -0.707347 0.455024 -0.106008 -0.082022 -0.669961 -0.332598 -0.139367 -0.138776 -0.106725 0.371798 -0.080221 -0.304694 -0.297047 491.000000
9.840000 -0.099513 -0.040435 -13.967970 -9.368531 0.396224 0.418588 -5.276824 -5.842128 0.422668 0.378654 7.233382 -2.157365 1.053132 1.185649 -27.587654 8.679201 -0.774945 -0.695171 -1.711060 -7.199457 -0.141610 -0.143434 -0.089669 0.273981 -0.446634 -0.514152 12.742716 19.382523 -0.147661 -0.118723 -6.548603 6.385764 -0.198417 -0.181103 -4.066724 -1.952515 0.665186 0.867620 -41.016173 16.558379 0.038848 0.015074 -0.493448 -16.733211 0.197673 0.018182 5.723906 5.032454 -0.056032 -0.022494 -7.024095 -5.668523 -0.017315 -0.023759 3.987097 2.180193 -1.429538 -1.296099 -5.345615 -4.016713 0.400509 0.236458 2.404529 0.771875 -0.490075 -0.518208 1.136836 -2.011837 -0.195459 -0.246709 0.586692 0.092246 0.393322 0.357710 -0.037488 -0.110237 -1.316219 -1.150004 -6.054230 -4.476175 -0.516766 -0.479470 1.058661 0.802767 0.547337 0.483199 -1.263467 -0.095420 -0.104418 -0.084104 -0.431567 -0.281618 -0.149919 -0.140014 -0.063832 0.388343 -0.081584 -0.317443 -0.307082 492.000000
9.860000 -0.061690 -0.021063 -11.425027 -13.967970 0.398618 0.422374 -5.005707 -6.255103 0.428764 0.392105 5.093062 -0.978279 0.992003 1.186140 -38.183478 15.029213 -0.821415 -0.698902 -3.510298 -12.558442 -0.120821 -0.141218 0.303234 -0.089669 -0.475755 -0.502327 2.896157 12.742716 -0.130025 -0.112397 -4.463464 5.307664 -0.208436 -0.178485 -6.129916 -1.240939 0.676882 0.861458 -34.934663 20.864356 0.050430 0.028861 -0.888937 -20.151817 0.265417 0.019547 6.937834 5.723906 -0.027114 -0.018481 -2.454411 -5.505596 -0.047019 -0.042017 1.764915 1.518499 -1.440187 -1.291282 -7.057456 -5.345615 0.450354 0.271087 1.323819 0.633846 -0.496125 -0.518721 1.021838 -1.770683 -0.161327 -0.233139 0.600406 0.312090 0.395539 0.367076 -0.171625 -0.274602 -1.320328 -1.151068 -6.855860 -6.054230 -0.516583 -0.491457 0.357651 1.161064 0.520191 0.503821 -1.835444 0.102403 -0.123347 -0.088392 -0.511460 -0.183868 -0.158500 -0.143459 -0.001492 0.247699 -0.083637 -0.331765 -0.318260 493.000000
9.880000 -0.050963 -0.001380 -12.461964 -11.425027 0.407514 0.418385 -0.746017 -5.049385 0.422538 0.407446 0.667015 -0.043678 0.933102 1.179547 -48.138342 21.626174 -0.857928 -0.698633 -5.008591 -16.557304 -0.075482 -0.136138 1.146692 0.303234 -0.533431 -0.491169 -9.563496 2.896157 -0.114131 -0.113716 1.070170 5.296690 -0.223684 -0.185966 -5.268388 0.833226 0.749955 0.848689 -17.528502 18.109144 0.124471 0.046088 1.108885 -16.825519 0.325426 0.038414 5.506192 6.937834 -0.004081 -0.015213 1.958005 -2.109663 -0.070430 -0.059553 0.051173 0.344748 -1.463623 -1.286885 -7.210743 -7.057456 0.497616 0.315306 0.221370 0.150991 -0.491936 -0.519179 1.075397 -1.172829 -0.148201 -0.218416 0.655089 0.386015 0.394911 0.374611 -0.174192 -0.214390 -1.292231 -1.150976 -5.494990 -6.855860 -0.545649 -0.499894 -0.485686 1.096548 0.498652 0.514643 -1.624826 0.738897 -0.157315 -0.099650 -0.077343 -0.254984 -0.162439 -0.147757 0.055439 0.256476 -0.082769 -0.344497 -0.332683 494.000000
9.900000 -0.046986 0.009044 -12.074229 -12.461964 0.435730 0.404253 8.637669 -0.706516 0.401696 0.421286 -5.782504 0.039501 0.886011 1.174045 -57.091913 27.685374 -0.878871 -0.697677 -5.544661 -20.452968 -0.049806 -0.128231 1.533459 1.146692 -0.559702 -0.495482 -10.664284 -9.563496 -0.126830 -0.133418 4.967257 2.099109 -0.240955 -0.212242 -1.518262 3.169279 0.861094 0.845810 1.831578 7.963636 0.246070 0.068770 2.304282 -9.564866 0.315679 0.085876 1.408002 5.506192 -0.010855 -0.019659 2.833683 0.953416 -0.084843 -0.076347 0.797664 -1.004589 -1.438035 -1.291413 -4.631267 -7.210743 0.548014 0.366432 -0.599166 -0.427013 -0.489160 -0.518152 0.863628 -0.648383 -0.178231 -0.211024 0.522616 0.414640 0.396263 0.380342 -0.125422 -0.240449 -1.228095 -1.150838 -3.269049 -5.494990 -0.567946 -0.510217 -0.466408 0.569570 0.481475 0.515398 -0.906069 1.055256 -0.205396 -0.120803 0.321031 -0.066391 -0.171020 -0.152704 0.043236 0.010952 -0.074062 -0.350965 -0.350361 495.000000
9.920000 -0.083997 0.006374 -16.959110 -12.074229 0.475073 0.392727 17.451928 7.210087 0.386437 0.430639 -9.856580 -1.427583 0.815813 1.175251 -72.508073 32.549201 -0.911608 -0.697937 -6.367822 -24.542711 -0.018411 -0.121222 2.553671 1.533459 -0.601041 -0.532947 -6.061823 -10.664284 -0.146034 -0.160968 6.734146 -1.724497 -0.258507 -0.239542 -0.231069 3.242759 0.976472 0.889349 7.603783 -2.579481 0.331504 0.108318 1.894350 -0.747903 0.255264 0.135506 -0.894171 1.408002 -0.020076 -0.026929 2.147766 1.018010 -0.079114 -0.092921 5.052921 -1.815674 -1.383607 -1.300793 -2.002963 -4.631267 0.604795 0.419053 -0.274763 -0.731397 -0.468153 -0.513076 0.721723 -0.132231 -0.209462 -0.212868 0.603735 0.324019 0.405895 0.385911 -0.057627 -0.198597 -1.201027 -1.147293 -3.049367 -3.269049 -0.620493 -0.528776 -0.118236 0.219830 0.460498 0.507885 -0.367576 0.686238 -0.263095 -0.152539 0.841456 0.138897 -0.173316 -0.157734 0.089168 -0.182134 -0.064282 -0.350532 -0.365310 496.000000
9.940000 -0.112628 -0.000924 -21.504514 -16.959110 0.509114 0.392900 22.324654 13.654254 0.391175 0.437374 -10.087612 -3.797674 0.755451 1.180278 -85.658072 40.851604 -0.985462 -0.698587 -8.542017 -31.656469 0.001455 -0.117150 3.269133 2.553671 -0.613390 -0.593006 4.961566 -6.061823 -0.188586 -0.183932 1.865527 -3.251538 -0.263956 -0.261150 2.346877 3.482607 1.085811 0.982364 5.025254 -5.169612 0.315998 0.154498 0.415623 2.434170 0.168138 0.164794 -1.682343 -0.894171 -0.003343 -0.026412 3.673487 -1.452577 -0.061775 -0.102140 8.851637 -3.600343 -1.352723 -1.304029 -2.326710 -2.002963 0.682458 0.468777 1.268258 -0.498243 -0.422201 -0.501166 0.937079 -0.223480 -0.207935 -0.214858 0.382160 0.330681 0.407692 0.391325 -0.099550 -0.273054 -1.170918 -1.136828 -3.530353 -3.049367 -0.705187 -0.561599 0.115653 0.124670 0.428196 0.494174 -0.294726 0.242906 -0.294904 -0.190565 1.550270 0.376144 -0.179665 -0.162716 0.067047 -0.465312 -0.061924 -0.346898 -0.376870 497.000000
9.960000 -0.120901 -0.004785 -22.872399 -21.504514 0.519114 0.402903 21.322073 16.206133 0.402271 0.442151 -8.420416 -6.118521 0.754809 1.183846 -86.111202 48.996372 -0.980476 -0.698983 -8.456127 -36.661700 0.005527 -0.115541 3.571046 3.269133 -0.666294 -0.652133 5.128502 4.961566 -0.219180 -0.200455 -1.724270 -2.106202 -0.268202 -0.277727 4.076231 -0.240675 1.161340 1.095228 -3.323332 -2.812707 0.307011 0.194465 -0.377968 2.212547 0.112812 0.168744 -1.193108 -1.682343 0.011676 -0.015238 3.142098 -2.589075 -0.059224 -0.102065 8.179253 -6.262562 -1.326411 -1.295620 -3.257497 -2.326710 0.741894 0.517689 1.511021 0.165589 -0.404538 -0.484580 0.612043 -1.102668 -0.174004 -0.210094 0.384738 0.240855 0.404278 0.395264 -0.113374 -0.141305 -1.154673 -1.118903 -4.527797 -3.530353 -0.789616 -0.608236 0.415164 0.205190 0.394139 0.475802 -0.305841 0.089536 -0.298645 -0.226423 2.015369 0.741612 -0.183421 -0.167655 0.081668 -0.808659 -0.068381 -0.344663 -0.385396 498.000000
9.980000 -0.104964 -0.006090 -19.687274 -22.872399 0.516336 0.415289 18.415782 14.871244 0.413759 0.444636 -6.364270 -6.450828 0.782944 1.184163 -80.029310 49.160925 -0.888486 -0.698189 -5.859804 -36.950277 0.006060 -0.115533 3.690063 3.571046 -0.729375 -0.701689 0.973808 5.128502 -0.237204 -0.213652 -2.908498 -1.175980 -0.271459 -0.287373 4.147415 -2.900251 1.234216 1.203393 -8.831483 1.934559 0.301462 0.228063 -0.947523 -1.388773 0.088796 0.156726 -0.451430 -1.193108 0.024605 0.000424 2.433338 -2.518577 -0.070828 -0.097474 4.607859 -5.660676 -1.315212 -1.278754 -4.380536 -3.257497 0.759665 0.569150 -0.253036 0.449489 -0.394800 -0.467041 0.289877 -1.061532 -0.151012 -0.199821 0.238340 0.249056 0.399651 0.397230 -0.086606 -0.135682 -1.166770 -1.098713 -5.689773 -4.527797 -0.849356 -0.662421 0.828359 0.360502 0.378348 0.456155 -0.243782 -0.054661 -0.272581 -0.251628 2.030253 0.966850 -0.179275 -0.171322 0.115223 -1.048518 -0.078734 -0.343166 -0.390618 499.000000
10.000000 -0.115225 -0.009795 -20.177802 -19.687274 0.512521 0.425445 16.020529 12.390026 0.430755 0.444795 -2.647666 -6.025756 0.805774 1.182771 -75.155475 44.245433 -0.787354 -0.696309 -2.957802 -35.783877 -0.002531 -0.115785 3.412761 3.690063 -0.793512 -0.746443 -2.952823 0.973808 -0.252818 -0.227149 -3.117276 -0.619459 -0.270975 -0.288299 3.128258 -3.527957 1.321881 1.301459 -9.645189 5.099853 0.295711 0.254779 -1.177263 -3.731630 0.076129 0.138577 0.012937 -0.451430 0.047522 0.015302 4.265379 -1.087261 -0.081882 -0.093136 1.724748 -3.520599 -1.316541 -1.259898 -5.048728 -4.380536 0.763958 0.622552 -2.315543 -0.271456 -0.400743 -0.451140 -0.178231 -0.018420 -0.137827 -0.187783 0.166958 0.162473 0.396230 0.397624 -0.045254 -0.075867 -1.155064 -1.081970 -5.144907 -5.689773 -0.881101 -0.717943 1.689839 0.536071 0.386764 0.439440 0.113451 -0.292288 -0.249589 -0.263788 1.633851 0.957515 -0.178388 -0.173524 0.069416 -1.072738 -0.088307 -0.339795 -0.392839 500.000000
10.020000 -0.122021 -0.019502 -18.720117 -20.177802 0.508047 0.434117 13.453156 9.334098 0.441220 0.443749 -0.322486 -6.686432 0.824041 1.182039 -71.518483 39.713271 -0.700886 -0.693947 -0.467935 -35.442204 -0.012811 -0.115773 3.086454 3.412761 -0.849211 -0.793055 -4.307685 -2.952823 -0.255809 -0.240256 -1.357343 -0.005491 -0.273677 -0.281944 0.489321 -3.122767 1.412206 1.391809 -8.645633 5.672578 0.307498 0.275242 -0.914069 -3.972611 0.059958 0.118921 0.191164 0.012937 0.067090 0.029547 5.296745 1.270316 -0.089340 -0.089636 -0.413617 -2.995064 -1.324754 -1.244299 -5.319207 -5.048728 0.768228 0.674621 -3.795370 -1.068656 -0.425991 -0.440507 -0.587437 1.246887 -0.118072 -0.173449 -0.005193 0.106106 0.391081 0.396737 -0.028793 -0.060852 -1.144665 -1.070671 -4.363082 -5.144907 -0.887553 -0.769867 2.615264 0.788194 0.404423 0.428236 0.342716 -0.901645 -0.216455 -0.264088 1.243992 0.782218 -0.175855 -0.174627 0.054931 -0.851634 -0.096311 -0.332104 -0.393880 501.000000
10.040000 -0.134502 -0.034127 -17.644612 -18.720117 0.510109 0.444668 11.311237 6.887821 0.444297 0.443197 0.310434 -6.565335 0.838545 1.182615 -68.927841 36.097091 -0.658149 -0.691298 0.700759 -35.421392 -0.011737 -0.115890 3.151785 3.086454 -0.890905 -0.840617 -3.244297 -4.307685 -0.245752 -0.246530 0.468484 0.434011 -0.269663 -0.271516 -1.205829 -0.923332 1.484519 1.471865 -8.333321 4.982774 0.331823 0.293204 -0.646385 -3.662859 0.050263 0.099900 0.320666 0.191164 0.078576 0.045663 4.010649 2.855181 -0.089978 -0.085657 -1.431672 -2.441564 -1.334996 -1.234206 -5.230387 -5.319207 0.762745 0.720754 -4.674723 -1.603966 -0.450737 -0.437259 -0.592355 2.191403 -0.079741 -0.153336 -0.225928 0.011800 0.385255 0.394656 -0.009830 0.016993 -1.168166 -1.065689 -4.469471 -4.363082 -0.884300 -0.813482 2.984897 1.136274 0.418742 0.423306 0.195765 -1.478990 -0.160758 -0.251522 0.945935 0.594530 -0.171132 -0.174498 0.044897 -0.649462 -0.104520 -0.320593 -0.396370 502.000000
10.060000 -0.154983 -0.053303 -17.210491 -17.644612 0.521503 0.457773 10.739232 5.500401 0.434650 0.440751 -0.595596 -5.810836 0.848228 1.184226 -67.414237 33.957972 -0.630300 -0.687978 1.342748 -34.969868 -0.001505 -0.116244 3.482564 3.151785 -0.916967 -0.883916 -0.756791 -3.244297 -0.234624 -0.242617 0.473798 0.368673 -0.253229 -0.259231 -0.640913 0.837157 1.541978 1.536527 -7.301562 4.633351 0.360323 0.311932 -0.496251 -3.699970 0.054395 0.084524 0.410050 0.320666 0.083085 0.062964 1.511613 2.721161 -0.083204 -0.082532 -0.429986 -1.289488 -1.345934 -1.230928 -4.724350 -5.230387 0.757323 0.756729 -4.615174 -2.041184 -0.479813 -0.441761 -0.418882 2.633539 -0.025085 -0.124737 -0.459458 -0.108049 0.380518 0.391724 0.016803 0.117879 -1.206839 -1.067707 -4.885808 -4.469471 -0.876185 -0.845872 2.845329 1.394566 0.425437 0.423268 -0.119222 -1.590331 -0.085568 -0.224352 0.633151 0.450519 -0.169388 -0.173562 0.005589 -0.495416 -0.114399 -0.306423 -0.399031 503.000000
10.080000 -0.180479 -0.077050 -16.901564 -17.210491 0.535688 0.472487 10.448172 5.667414 0.426176 0.433904 -0.244453 -5.071818 0.862995 1.186582 -65.045371 32.737654 -0.597176 -0.683661 2.110176 -34.676583 0.006674 -0.116849 3.773975 3.482564 -0.930995 -0.918218 1.764295 -0.756791 -0.216919 -0.227730 -0.651841 0.083557 -0.227099 -0.244206 0.995218 0.557355 1.580701 1.582619 -5.919312 4.009074 0.380445 0.331795 -0.538294 -3.292487 0.073939 0.076256 0.417616 0.410050 0.096155 0.079773 0.887512 0.970799 -0.079848 -0.082352 0.698603 -0.540813 -1.398815 -1.236814 -5.016144 -4.724350 0.778705 0.783076 -3.611639 -2.098146 -0.530534 -0.456298 -0.173476 2.517028 0.041959 -0.086711 -0.657210 -0.238130 0.379239 0.388698 0.050151 0.221327 -1.279092 -1.079997 -5.413966 -4.885808 -0.854677 -0.865331 2.487500 1.482275 0.445951 0.428429 -0.369170 -1.363054 0.010283 -0.181034 0.278201 0.313781 -0.169564 -0.172561 -0.016603 -0.319370 -0.125919 -0.290509 -0.399245 504.000000
10.100000 -0.212945 -0.105762 -16.804123 -16.901564 0.539868 0.487105 8.564040 5.346313 0.422847 0.424069 1.322032 -5.101859 0.887555 1.189909 -60.984653 30.999139 -0.543795 -0.678406 3.468754 -34.046232 0.010270 -0.117443 3.867841 3.773975 -0.952913 -0.943442 1.299244 1.764295 -0.192312 -0.201654 -2.441946 -0.171688 -0.201107 -0.223462 1.021492 -0.823530 1.593220 1.608297 -5.464498 3.348304 0.408565 0.353512 -0.597654 -2.571007 0.094417 0.076134 0.270498 0.417616 0.112939 0.094829 1.617422 0.094455 -0.077978 -0.084243 1.603747 -0.793057 -1.462748 -1.254902 -4.895057 -5.016144 0.809509 0.803999 -2.686588 -1.719081 -0.594197 -0.483016 0.178552 1.892558 0.114714 -0.040538 -0.679716 -0.353680 0.379759 0.386244 0.059668 0.303530 -1.356005 -1.106596 -5.148095 -5.413966 -0.819462 -0.871546 2.232746 1.428335 0.474072 0.439374 -0.496735 -1.059165 0.117746 -0.121814 -0.049025 0.147402 -0.169171 -0.171724 -0.013048 -0.130799 -0.137407 -0.272543 -0.398048 505.000000
10.120000 -0.238027 -0.139908 -14.177140 -16.804123 0.531667 0.497641 5.698784 3.621004 0.425125 0.415192 3.142128 -4.943036 0.926286 1.194207 -54.240025 27.987886 -0.449258 -0.672222 6.028420 -32.996767 0.007041 -0.117259 3.653963 3.867841 -0.980393 -0.962862 -0.968550 1.299244 -0.159811 -0.168301 -3.296620 0.710227 -0.181928 -0.195473 -1.757277 -1.731719 1.579246 1.612128 -5.700257 3.163755 0.435546 0.378589 -0.879220 -2.300743 0.114825 0.082405 0.161937 0.270498 0.116680 0.104563 1.492024 0.006837 -0.081598 -0.085639 0.959123 -1.610585 -1.529217 -1.286500 -4.269114 -4.895057 0.821391 0.822533 -2.691582 -1.432570 -0.663296 -0.521032 0.466564 1.254018 0.184661 0.011443 -0.685859 -0.369692 0.383040 0.384865 0.060326 0.310024 -1.437736 -1.147928 -4.638649 -5.148095 -0.768628 -0.864737 2.043740 1.364741 0.505676 0.455131 -0.509031 -0.868006 0.229480 -0.048435 -0.487817 -0.017989 -0.168747 -0.171006 -0.009969 0.031036 -0.144589 -0.251089 -0.398578 506.000000
10.140000 -0.253958 -0.176688 -9.848671 -14.177140 0.512765 0.500590 2.580250 1.278328 0.434904 0.413083 4.202694 -4.420456 0.956356 1.198206 -48.881476 22.767493 -0.362952 -0.665118 8.316644 -31.472532 0.002115 -0.115685 3.303273 3.653963 -1.002803 -0.977270 -3.388385 -0.968550 -0.123925 -0.132934 -3.129356 2.526949 -0.164301 -0.162131 -5.410976 -0.769671 1.540738 1.591573 -5.490519 3.484926 0.465035 0.407345 -1.184184 -2.215331 0.140377 0.093378 0.174829 0.161937 0.116925 0.105680 2.681815 0.266450 -0.084668 -0.082888 -0.987144 -1.225574 -1.587312 -1.329372 -3.481381 -4.269114 0.813779 0.837998 -3.055335 -1.579073 -0.728559 -0.567057 0.643450 1.112509 0.250215 0.067291 -0.747679 -0.373092 0.392049 0.385399 0.062912 0.312766 -1.508605 -1.200736 -3.914476 -4.638649 -0.734018 -0.846830 1.267252 1.276385 0.535995 0.474466 -0.544551 -0.767355 0.344202 0.036636 -0.870053 -0.238924 -0.174536 -0.171161 -0.037973 0.248893 -0.143246 -0.225874 -0.404512 507.000000
10.160000 -0.278388 -0.214605 -6.954674 -9.848671 0.495000 0.494322 1.675401 -0.811222 0.436100 0.416949 3.108272 -3.391472 0.969186 1.200651 -46.541394 18.436121 -0.359883 -0.657116 8.082969 -30.445355 0.005247 -0.112290 3.107564 3.303273 -1.002478 -0.983446 -3.536452 -3.388385 -0.092454 -0.102201 -1.958527 4.270166 -0.131783 -0.127207 -5.988771 1.140810 1.492332 1.545154 -2.137664 3.600240 0.515740 0.439924 -1.015746 -1.890279 0.170352 0.108834 0.152368 0.174829 0.110350 0.097551 4.314655 1.834480 -0.085074 -0.077473 -2.254365 -0.847335 -1.630985 -1.378524 -2.660395 -3.481381 0.804265 0.848312 -2.974715 -1.849393 -0.781041 -0.616715 0.813007 1.205942 0.316592 0.125890 -0.794885 -0.405296 0.406599 0.388783 0.046090 0.342383 -1.552849 -1.259220 -2.895409 -3.914476 -0.727115 -0.822744 0.057066 0.905901 0.566140 0.496384 -0.561503 -0.361351 0.457164 0.130086 -1.111384 -0.416040 -0.185779 -0.173355 -0.043178 0.454013 -0.132896 -0.197585 -0.414402 508.000000
10.180000 -0.307147 -0.253428 -4.898750 -6.954674 0.481140 0.481845 1.960600 -0.716436 0.427408 0.421200 0.756012 -2.391836 0.991938 1.201974 -42.198749 17.434793 -0.442612 -0.648890 5.394969 -29.106601 0.021649 -0.107495 3.368498 3.107564 -0.963089 -0.975499 0.261862 -3.536452 -0.064179 -0.077217 -0.684009 3.973649 -0.091326 -0.092919 -4.639188 2.015122 1.436937 1.474448 4.239754 1.802201 0.579990 0.476131 -0.485064 -0.335463 0.208249 0.129655 0.088657 0.152368 0.103906 0.084549 5.918244 3.284510 -0.070374 -0.071762 -0.539921 -1.030145 -1.660449 -1.427529 -2.296188 -2.660395 0.797684 0.850314 -1.880322 -1.893861 -0.803353 -0.664424 1.205642 1.080854 0.370516 0.185148 -0.958973 -0.420488 0.424785 0.395499 0.004077 0.374398 -1.578521 -1.317812 -1.836219 -2.895409 -0.737457 -0.800109 -0.556880 0.309284 0.602071 0.520882 -0.518048 0.252218 0.554693 0.227304 -1.360404 -0.534103 -0.196640 -0.177764 0.000825 0.577281 -0.117747 -0.167743 -0.422809 509.000000
10.200000 -0.341822 -0.291364 -4.515340 -4.898750 0.463931 0.468400 1.120515 0.602294 0.421408 0.422083 0.020072 -1.358306 1.018438 1.203766 -37.446947 17.204207 -0.547448 -0.641885 2.222486 -24.994543 0.026387 -0.102501 3.406619 3.368498 -0.900374 -0.947364 3.924825 0.261862 -0.031493 -0.052692 0.664217 2.661599 -0.052436 -0.058243 -4.065309 1.977590 1.362953 1.383287 10.322968 -1.769660 0.612998 0.512006 -0.258038 2.470094 0.239333 0.155184 -0.117001 0.088657 0.096480 0.072485 6.495944 3.229083 -0.055014 -0.064839 0.912351 -2.689162 -1.671679 -1.470372 -2.205846 -2.296188 0.779243 0.841884 -0.720842 -1.542982 -0.805082 -0.704973 1.464270 0.337340 0.412071 0.241598 -0.989288 -0.481525 0.438688 0.404675 -0.081291 0.477448 -1.566298 -1.370621 -0.510969 -1.836219 -0.752208 -0.784689 -0.506759 -0.019416 0.633463 0.546928 -0.424260 0.537464 0.619024 0.321664 -1.696877 -0.680615 -0.202929 -0.183333 0.063405 0.679790 -0.103156 -0.139057 -0.427158 510.000000
10.220000 -0.360898 -0.325360 -2.425708 -4.515340 0.440851 0.464194 -4.876892 0.550221 0.413225 0.418714 -0.004739 -0.570294 1.052664 1.206081 -30.825765 17.118839 -0.624383 -0.637085 -0.101054 -20.328108 0.020536 -0.097972 3.196260 3.406619 -0.838293 -0.937500 20.451351 3.924825 0.002454 -0.020940 -0.328936 1.700546 -0.029319 -0.026178 -4.659855 2.364763 1.277142 1.342440 -11.587134 -4.975181 0.582992 0.477106 10.118676 5.347787 0.269908 0.186953 -0.856881 -0.117001 0.102492 0.073893 4.130361 2.791796 -0.036679 -0.050708 0.462314 -3.704148 -1.653973 -1.497349 -3.721709 -2.205846 0.747179 0.821921 0.591802 -1.092556 -0.803551 -0.735832 1.382095 -0.371714 0.435404 0.292189 -1.163527 -0.453998 0.444015 0.414173 -0.162506 0.535290 -1.537381 -1.410956 -0.218769 -0.510969 -0.775355 -0.778100 -0.490661 -0.041249 0.655219 0.572496 -0.410636 0.465509 0.653096 0.406763 -2.124977 -0.880141 -0.208073 -0.189112 0.088125 0.816736 -0.097026 -0.114204 -0.431087 511.000000
10.240000 -0.370251 -0.354532 0.770900 -2.425708 0.414220 0.464657 -9.581161 -2.436076 0.404533 0.400903 4.416735 2.440815 1.121767 1.204559 -15.820766 15.485844 -0.662788 -0.632571 -1.657639 -15.339921 0.006962 -0.092676 2.350361 3.196260 -0.808286 -0.937420 24.956844 20.451351 0.023565 0.010992 -1.703868 2.494396 -0.017079 -0.006514 -4.244870 2.165460 1.179518 1.334827 -29.539571 -1.512117 0.563504 0.403724 11.950140 -13.099251 0.288217 0.220570 -1.239786 -0.856881 0.098752 0.092517 -2.080126 1.834024 -0.027946 -0.035557 -0.728268 -2.296337 -1.656352 -1.504934 -5.823814 -3.721709 0.729951 0.794752 1.675231 -0.395146 -0.809313 -0.761095 1.672316 -0.986948 0.425553 0.330308 -1.051161 -0.500511 0.444462 0.422189 -0.177923 0.663016 -1.560616 -1.434226 -2.648361 -0.218769 -0.814249 -0.778188 -1.113504 -0.040013 0.669912 0.597628 -0.830797 0.450648 0.659892 0.478907 -2.619738 -1.106551 -0.206027 -0.193865 0.120434 1.018426 -0.104958 -0.096110 -0.431879 512.000000
10.260000 -0.363880 -0.375022 4.379883 0.770900 0.429370 0.459731 -5.060217 -6.998948 0.375721 0.372786 4.660680 2.582213 1.138656 1.197778 -10.501400 9.107199 -0.706779 -0.630710 -2.219200 -6.713568 0.003776 -0.084824 1.759894 2.350361 -0.797987 -0.921592 21.307534 24.956844 0.027294 0.031088 -2.758626 2.974369 -0.016019 -0.001204 -2.926060 1.270501 1.157361 1.318418 -29.108983 6.141784 0.529338 0.334814 12.457210 -23.397787 0.282707 0.249829 -1.630155 -1.239786 0.093995 0.116522 -7.957556 -0.675929 -0.027083 -0.024754 -1.794045 1.404197 -1.641776 -1.501659 -6.420150 -5.823814 0.724895 0.767556 2.176618 0.001458 -0.814753 -0.783732 1.981159 -1.673774 0.401674 0.353142 -0.741563 -0.436619 0.441139 0.427847 -0.160639 0.614542 -1.557097 -1.440928 -4.668859 -2.648361 -0.818173 -0.781206 -1.026334 -0.141354 0.661087 0.619642 -1.305739 0.972150 0.613245 0.532147 -3.335622 -1.370086 -0.209456 -0.197681 0.066366 1.249652 -0.118299 -0.085551 -0.428312 513.000000
10.280000 -0.352531 -0.380734 5.524573 4.379883 0.444760 0.449446 0.826546 -4.860448 0.353141 0.353496 1.647711 0.199769 1.088703 1.184442 -16.734295 6.852962 -0.705609 -0.627599 -2.931437 -3.648438 0.000188 -0.077886 1.788295 1.759894 -0.840424 -0.897177 7.744036 21.307534 0.043012 0.036493 1.289513 2.842343 -0.025474 -0.003041 -4.123314 0.083717 1.167032 1.296558 -22.646802 5.560385 0.520055 0.278776 11.926224 -23.548597 0.268932 0.269566 -1.501961 -1.630155 0.069807 0.130796 -13.227858 -3.081755 -0.038813 -0.019420 -4.363556 4.875800 -1.574061 -1.494525 -4.276615 -6.420150 0.719576 0.747784 1.229345 0.097729 -0.823945 -0.802465 1.612457 -2.078888 0.377038 0.361038 -0.039360 -0.290462 0.436339 0.431014 -0.122886 0.451101 -1.504300 -1.430218 -5.592080 -4.668859 -0.765435 -0.779351 -0.297307 0.139702 0.638171 0.633189 -1.273440 1.166036 0.558215 0.562404 -3.289521 -1.700994 -0.198587 -0.199432 0.120363 1.634628 -0.127114 -0.081410 -0.424788 514.000000
10.300000 -0.374350 -0.376964 -0.190279 5.524573 0.454136 0.437448 4.965934 -0.410583 0.347642 0.349613 -0.571255 -1.237128 1.036606 1.166414 -23.221304 10.483645 -0.690232 -0.615329 -3.839213 -6.250650 -0.012227 -0.077308 2.270668 1.788295 -0.854799 -0.878954 2.906222 7.744036 0.047044 0.033119 3.494251 1.416900 -0.024428 -0.004789 -3.725054 2.706413 1.191339 1.277378 -14.696504 2.712668 0.536162 0.246247 10.815620 -19.934135 0.263242 0.279172 -1.076147 -1.501961 0.064836 0.129711 -12.060306 -4.432151 -0.038357 -0.018901 -3.724290 8.795707 -1.536598 -1.486991 -3.014721 -4.276615 0.732973 0.738390 0.658435 -0.191556 -0.810017 -0.813856 1.324975 -1.420901 0.346160 0.357401 0.345955 0.041763 0.440323 0.433200 -0.035723 0.081123 -1.478979 -1.408621 -6.274258 -5.592080 -0.734434 -0.769391 -0.488297 0.488066 0.632766 0.640054 -1.095880 0.785374 0.526282 0.572779 -2.400050 -1.704942 -0.183101 -0.197536 0.088505 1.584579 -0.126704 -0.079482 -0.425590 515.000000
10.320000 -0.411286 -0.373634 -7.795725 -0.190279 0.453056 0.427515 6.354063 2.768595 0.349862 0.351492 -0.707876 -2.197340 0.963893 1.149506 -34.959844 14.382564 -0.707601 -0.600828 -4.155912 -8.838740 -0.022959 -0.081418 1.830569 2.270668 -0.828650 -0.869898 7.321012 2.906222 0.023641 0.026863 0.270107 0.115402 -0.002786 -0.006298 0.869882 3.609652 1.230878 1.262741 -4.398734 -0.460625 0.503181 0.233018 8.861762 -15.157129 0.253541 0.282083 -0.942823 -1.076147 0.102539 0.122162 -2.778581 -4.168008 -0.033999 -0.024981 -0.494287 7.892298 -1.500972 -1.476373 -2.945114 -3.014721 0.746032 0.736474 0.382695 -0.333270 -0.770597 -0.814007 1.071534 -0.991705 0.336745 0.351126 0.199612 0.190839 0.441625 0.435272 -0.039062 -0.155116 -1.435389 -1.385705 -5.309798 -6.274258 -0.700131 -0.753365 -0.508525 0.303792 0.621904 0.642711 -0.989883 0.792088 0.513096 0.570050 -1.285009 -1.244278 -0.179620 -0.193677 -0.037481 1.155772 -0.122505 -0.076471 -0.426997 516.000000
10.340000 -0.423511 -0.372529 -10.270192 -7.795725 0.437351 0.418946 4.932180 3.530970 0.352031 0.354220 -0.859785 -2.823094 0.945048 1.136571 -36.551736 20.480490 -0.698613 -0.593729 -3.738340 -14.479354 -0.028219 -0.080002 1.321992 1.830569 -0.799815 -0.864527 12.231534 7.321012 0.009578 0.021043 -1.553696 -0.569995 0.007428 -0.005809 2.373220 -0.299888 1.234549 1.250458 -1.438529 -4.198825 0.468395 0.225948 7.988265 -8.597560 0.241643 0.280836 -0.913693 -0.942823 0.113838 0.114864 0.755176 -1.142147 -0.023535 -0.033189 2.948402 1.636434 -1.491184 -1.460144 -3.952273 -2.945114 0.723350 0.735031 -0.023432 -0.344420 -0.750102 -0.805643 0.706585 -0.727114 0.330960 0.347814 -0.329629 0.119337 0.441429 0.436960 -0.041002 -0.080275 -1.435753 -1.365571 -5.504395 -5.309798 -0.668118 -0.735924 0.185076 0.240679 0.626963 0.643359 -0.739901 0.749204 0.496019 0.560243 -0.842509 -0.623764 -0.182825 -0.190440 -0.092086 0.661245 -0.117869 -0.072624 -0.426316 517.000000
10.360000 -0.418326 -0.372668 -8.961237 -10.270192 0.432546 0.410032 5.815147 2.895982 0.349410 0.357590 -2.128238 -2.036197 0.941815 1.125894 -35.384370 20.974949 -0.645066 -0.588081 -2.253180 -15.576786 -0.031620 -0.077501 1.130885 1.321992 -0.803661 -0.860833 11.021852 12.231534 0.008468 0.017816 -1.602622 -0.409762 0.015206 -0.000336 1.967468 -1.963458 1.219286 1.239817 -2.626123 -5.048263 0.444218 0.217733 7.682682 -6.486792 0.239411 0.277429 -0.754900 -0.913693 0.100509 0.107728 -0.375685 -1.096613 -0.025804 -0.038068 2.977675 -1.851789 -1.482862 -1.441932 -4.332353 -3.952273 0.717603 0.730562 0.301209 -0.365009 -0.746830 -0.795641 0.540840 -0.341576 0.338759 0.347245 -0.351088 -0.144314 0.439393 0.437933 -0.039068 0.185316 -1.429224 -1.349185 -5.418081 -5.504395 -0.650296 -0.719135 0.266628 0.462488 0.622525 0.643042 -0.708243 0.277412 0.490122 0.548278 -0.542800 -0.375212 -0.183305 -0.188340 -0.058553 0.467297 -0.112304 -0.068475 -0.425984 518.000000
10.380000 -0.406673 -0.373716 -6.386153 -8.961237 0.425000 0.402363 5.507173 3.971692 0.350193 0.361302 -2.726530 -1.843454 0.930383 1.117383 -36.280633 19.318981 -0.593472 -0.583067 -0.770926 -16.065389 -0.030523 -0.075330 1.151967 1.130885 -0.800867 -0.857806 10.895102 11.021852 0.009827 0.018437 -2.005435 -0.182423 0.022339 0.009369 1.080911 -1.785045 1.214049 1.230185 -1.813596 -4.233835 0.419351 0.207248 7.513705 -6.859958 0.241383 0.273702 -0.611070 -0.754900 0.108359 0.102166 1.804972 -1.676680 -0.025163 -0.039412 2.867328 -1.300995 -1.492006 -1.424278 -5.308098 -4.332353 0.728342 0.724856 0.972460 -0.119816 -0.750692 -0.788405 0.680359 -0.421025 0.350296 0.349818 -0.464345 -0.156010 0.435196 0.437853 -0.031061 0.195078 -1.437281 -1.336931 -5.521473 -5.418081 -0.643073 -0.702099 -0.206301 0.487435 0.609825 0.641125 -0.865089 0.220808 0.497779 0.538239 -0.325094 -0.242123 -0.181373 -0.186674 -0.026682 0.300677 -0.106769 -0.064192 -0.426644 519.000000
10.400000 -0.398004 -0.375735 -4.048656 -6.386153 0.422618 0.394977 6.680219 4.116852 0.344929 0.362932 -3.612534 -1.390321 0.933664 1.110624 -34.493708 18.696925 -0.564078 -0.578571 0.001623 -17.583708 -0.026997 -0.073562 1.238178 1.151967 -0.802525 -0.854063 9.715580 10.895102 0.016264 0.020655 -1.207590 0.462262 0.032675 0.021539 0.290483 -1.543173 1.198884 1.221593 -3.369457 -4.518097 0.407921 0.193920 7.852784 -6.331693 0.244553 0.270868 -0.552029 -0.611070 0.085165 0.097426 -1.653930 -0.531178 -0.036379 -0.041277 1.441997 -2.336150 -1.472083 -1.407509 -4.990216 -5.308098 0.731335 0.720429 1.027793 0.146051 -0.738307 -0.782828 0.948874 -0.826410 0.351150 0.352103 -0.355460 -0.216642 0.431707 0.436810 -0.007691 0.247703 -1.441484 -1.327878 -5.778417 -5.521473 -0.639595 -0.684088 -0.926631 0.329394 0.596418 0.637096 -0.918243 0.535695 0.502441 0.531772 -0.417811 -0.149206 -0.182034 -0.185348 -0.036073 0.175888 -0.101845 -0.060325 -0.426192 520.000000
10.420000 -0.381639 -0.377871 -0.498607 -4.048656 0.410904 0.390163 4.508005 5.146377 0.347750 0.363237 -3.157442 -1.533842 0.955885 1.106301 -29.663517 17.245683 -0.521986 -0.575233 1.355476 -17.248026 -0.028724 -0.072585 1.268178 1.238178 -0.802024 -0.849238 8.638016 9.715580 0.028756 0.023692 0.553458 0.458553 0.023356 0.031954 -2.822221 -0.749037 1.188713 1.213932 -3.949962 -3.984982 0.388432 0.178753 7.837627 -7.354439 0.261756 0.270014 -0.267588 -0.552029 0.086916 0.094180 -1.232783 -1.547963 -0.033400 -0.041877 1.482051 0.105967 -1.451228 -1.390699 -4.969023 -4.990216 0.724473 0.715951 1.104788 0.039460 -0.735953 -0.777292 0.880898 -0.988334 0.333819 0.351336 -0.452575 -0.173885 0.424968 0.434671 -0.005695 0.181576 -1.443598 -1.321176 -5.714998 -5.778417 -0.641625 -0.667918 -1.134423 -0.004194 0.599336 0.633011 -0.820556 0.922437 0.497309 0.527306 -0.589659 -0.190869 -0.180993 -0.184274 -0.021426 0.226942 -0.098270 -0.057364 -0.425042 521.000000
10.440000 -0.390143 -0.379236 -1.953727 -0.498607 0.401349 0.390947 1.695979 3.832724 0.355893 0.364413 -1.879307 -0.675281 0.956623 1.104712 -29.510361 13.853105 -0.506447 -0.573497 1.877725 -15.810412 -0.033171 -0.072687 1.229510 1.268178 -0.793516 -0.842519 8.670578 8.638016 0.045103 0.028707 2.447718 1.134381 0.023939 0.037728 -3.379788 1.687839 1.160263 1.205291 -7.594877 -3.683786 0.380118 0.161251 8.465816 -7.633748 0.270672 0.271802 -0.313875 -0.267588 0.081988 0.094417 -2.634797 -1.357417 -0.031988 -0.037057 0.059368 -0.124634 -1.441641 -1.373815 -5.148646 -4.969023 0.708331 0.709573 1.010789 0.111945 -0.731252 -0.772243 0.927754 -0.992843 0.319689 0.347083 -0.342629 -0.223440 0.418043 0.431345 0.015887 0.229135 -1.439978 -1.315757 -5.764355 -5.714998 -0.656016 -0.656439 -1.399492 -0.156933 0.590088 0.628960 -0.907923 0.977489 0.484519 0.522145 -0.652135 -0.284117 -0.183991 -0.183760 -0.037905 0.305543 -0.097940 -0.055644 -0.426818 522.000000
10.460000 -0.397647 -0.380855 -3.083865 -1.953727 0.394084 0.395037 -0.854294 1.787643 0.361193 0.364707 -0.628998 0.091664 0.954651 1.104314 -29.887467 13.399463 -0.504343 -0.572292 1.917651 -16.110898 -0.038030 -0.073360 1.131300 1.229510 -0.775624 -0.832555 9.680924 8.670578 0.049746 0.034361 2.349409 0.466035 0.025993 0.039764 -2.815477 2.913753 1.140605 1.193702 -8.699226 -2.314881 0.380079 0.139089 9.643766 -9.909758 0.271901 0.275504 -0.525029 -0.313875 0.090473 0.096760 -1.655448 -1.347082 -0.027468 -0.030075 -0.492103 1.287714 -1.427729 -1.357129 -5.307107 -5.148646 0.695972 0.701670 0.993307 0.041517 -0.723970 -0.767068 0.948330 -0.969272 0.310675 0.341184 -0.329172 -0.179258 0.413750 0.427391 0.050294 0.163371 -1.421841 -1.309799 -5.434941 -5.764355 -0.658066 -0.648965 -1.312990 -0.245785 0.584337 0.624017 -0.813734 1.153707 0.479419 0.515962 -0.527686 -0.307115 -0.186093 -0.183980 -0.018649 0.345020 -0.100234 -0.054382 -0.429619 523.000000
10.480000 -0.406308 -0.383476 -4.093880 -3.083865 0.393444 0.398978 -1.563580 -0.112648 0.357028 0.362230 -0.524424 0.741646 0.948493 1.104018 -31.051897 13.559189 -0.504962 -0.570899 1.822494 -16.328278 -0.038883 -0.073971 1.098103 1.131300 -0.761579 -0.819837 9.709004 9.680924 0.050852 0.037855 2.265886 0.233034 0.027752 0.038673 -1.933357 2.582443 1.135523 1.179806 -6.740201 -2.613186 0.376075 0.113277 10.503225 -11.312412 0.267685 0.279349 -0.693050 -0.525029 0.096657 0.099449 -0.855859 -0.581672 -0.021719 -0.024884 0.010725 1.073775 -1.420830 -1.340956 -5.503817 -5.307107 0.689662 0.693512 1.031904 0.022488 -0.718579 -0.761816 0.972166 -0.970818 0.307231 0.335573 -0.352857 -0.189733 0.413843 0.423821 0.079943 0.139439 -1.405188 -1.302912 -5.170954 -5.434941 -0.644481 -0.643151 -0.888627 -0.249628 0.586750 0.619100 -0.613183 1.063362 0.482364 0.510530 -0.420097 -0.254519 -0.186023 -0.184449 0.005216 0.273167 -0.103672 -0.053311 -0.430471 524.000000
10.500000 -0.414025 -0.387395 -4.665032 -4.093880 0.391090 0.400542 -1.935588 -0.519578 0.352673 0.357994 -0.436747 1.044002 0.941031 1.103396 -32.349153 14.210108 -0.495663 -0.569008 1.986755 -16.841789 -0.039191 -0.074122 1.038345 1.098103 -0.753636 -0.807290 9.002154 9.709004 0.051782 0.038688 2.640906 -0.166264 0.027384 0.036984 -1.735266 2.099622 1.127803 1.165599 -5.489006 -4.213228 0.367090 0.087476 10.857046 -10.953429 0.262637 0.281723 -0.725282 -0.693050 0.099544 0.100280 -0.086269 -0.433292 -0.016687 -0.021551 0.500900 0.422567 -1.409395 -1.326289 -5.399718 -5.503817 0.685010 0.685855 1.057058 0.029869 -0.714046 -0.756675 0.955183 -1.002035 0.306095 0.330810 -0.340409 -0.216400 0.413175 0.421002 0.064194 0.136457 -1.393761 -1.295289 -5.105094 -5.170954 -0.635386 -0.637811 -0.684790 -0.137722 0.586574 0.614901 -0.562076 0.750905 0.483550 0.506590 -0.421295 -0.212656 -0.187799 -0.185082 -0.000939 0.207441 -0.106222 -0.051850 -0.429103 525.000000
10.520000 -0.416118 -0.391946 -4.142272 -4.665032 0.391620 0.399666 -1.360975 -0.749420 0.347901 0.354185 -0.765420 1.186167 0.935560 1.102286 -33.161672 14.740140 -0.481801 -0.566615 2.291776 -17.609014 -0.041157 -0.073886 0.948874 1.038345 -0.745445 -0.797050 8.995322 9.002154 0.054023 0.038031 3.338264 -0.452820 0.026844 0.036745 -2.068499 2.188086 1.126046 1.152559 -3.491097 -5.094284 0.358768 0.064658 10.900927 -10.583291 0.256416 0.281767 -0.658661 -0.725282 0.097861 0.098524 0.284100 -0.293585 -0.013509 -0.018300 0.434372 -0.207316 -1.393575 -1.312801 -5.192257 -5.399718 0.680434 0.678995 1.017281 0.050938 -0.710665 -0.751606 0.900568 -1.006121 0.303890 0.326732 -0.361062 -0.202301 0.410210 0.418473 0.039462 0.138108 -1.383059 -1.286961 -5.124433 -5.105094 -0.628182 -0.632479 -0.649704 -0.061357 0.581621 0.610982 -0.604002 0.623433 0.482676 0.503816 -0.496472 -0.210178 -0.188911 -0.185904 0.007073 0.211117 -0.106822 -0.049724 -0.427162 526.000000
10.540000 -0.414978 -0.396217 -3.144345 -4.142272 0.389309 0.397354 -1.215544 -0.297778 0.345418 0.351489 -0.871849 1.063197 0.936586 1.100917 -32.666708 14.926174 -0.472274 -0.564027 2.496220 -18.235498 -0.043362 -0.073526 0.868603 0.948874 -0.738019 -0.789132 9.171208 8.995322 0.055330 0.037020 3.818908 -0.634882 0.027479 0.038307 -2.478251 2.703382 1.119646 1.141337 -2.790776 -6.124921 0.345885 0.045533 10.762399 -9.616017 0.253394 0.279765 -0.529000 -0.658661 0.094750 0.094808 0.624667 -0.075136 -0.011493 -0.014506 0.007208 -0.359236 -1.380219 -1.299647 -5.182760 -5.192257 0.673990 0.672904 0.904776 0.058356 -0.705614 -0.746508 0.883305 -0.958924 0.300336 0.323139 -0.422142 -0.200262 0.407831 0.415974 0.039286 0.160800 -1.374013 -1.277871 -5.232340 -5.124433 -0.624851 -0.626827 -0.794169 -0.022851 0.576066 0.607005 -0.657320 0.626853 0.478838 0.501611 -0.601321 -0.251772 -0.191400 -0.186997 0.003663 0.244700 -0.105804 -0.047436 -0.425513 527.000000
10.560000 -0.416741 -0.400421 -2.599214 -3.144345 0.387695 0.394894 -1.109807 -0.171847 0.342902 0.349314 -0.960812 1.043697 0.939906 1.099914 -31.909149 14.531083 -0.467094 -0.561558 2.599483 -18.135625 -0.043622 -0.073184 0.855382 0.868603 -0.736116 -0.782897 8.541339 9.171208 0.054759 0.036227 3.802402 -0.670329 0.029340 0.040618 -2.590650 3.148579 1.108864 1.131594 -3.182297 -6.375064 0.331182 0.029286 10.558541 -9.165840 0.250721 0.276687 -0.447545 -0.529000 0.092230 0.090547 0.955790 0.308729 -0.007695 -0.010130 -0.200577 -0.315937 -1.370113 -1.286636 -5.256925 -5.182760 0.666643 0.667140 0.823186 0.010735 -0.699280 -0.741199 0.881913 -0.894040 0.297590 0.319956 -0.456858 -0.230714 0.405868 0.413559 0.040608 0.191428 -1.365195 -1.268530 -5.241130 -5.232340 -0.622525 -0.621202 -0.884931 -0.068425 0.572562 0.603134 -0.671518 0.725744 0.477039 0.499522 -0.598640 -0.302492 -0.193350 -0.188363 0.012321 0.298829 -0.104194 -0.045269 -0.424202 528.000000
10.580000 -0.413755 -0.404447 -1.310028 -2.599214 0.384861 0.392696 -1.249258 -0.074497 0.340470 0.347115 -0.996609 1.035309 0.942586 1.099473 -31.343264 14.077748 -0.463951 -0.559376 2.661731 -17.831401 -0.044169 -0.072934 0.844382 0.855382 -0.729600 -0.777278 8.691376 8.541339 0.054912 0.035581 3.969205 -0.605876 0.031372 0.042951 -2.653412 3.196526 1.100673 1.122828 -3.188109 -6.032118 0.318478 0.014515 10.552777 -9.214415 0.250903 0.273532 -0.380833 -0.447545 0.088300 0.086339 1.023136 0.578184 -0.006346 -0.005751 -0.739678 -0.377607 -1.358443 -1.273631 -5.343047 -5.256925 0.658594 0.661552 0.697243 -0.029364 -0.692913 -0.735591 0.870393 -0.852549 0.294169 0.317109 -0.529302 -0.248733 0.403936 0.411260 0.038618 0.208125 -1.355490 -1.259016 -5.298887 -5.241130 -0.617722 -0.615428 -0.994477 -0.106707 0.570175 0.599599 -0.691816 0.778224 0.473513 0.497521 -0.671505 -0.305480 -0.195112 -0.189876 0.017793 0.293160 -0.102619 -0.043416 -0.422957 529.000000
10.600000 -0.415056 -0.407919 -0.915258 -1.310028 0.381742 0.390706 -1.520772 -0.126324 0.338673 0.345057 -0.989578 1.122933 0.939941 1.099341 -31.881814 13.749862 -0.451947 -0.557438 2.977859 -17.593402 -0.046145 -0.072791 0.787782 0.844382 -0.732083 -0.771849 7.202910 8.691376 0.055419 0.034961 4.182880 -0.657896 0.032747 0.045141 -2.773524 3.311308 1.089185 1.114767 -3.964588 -6.025051 0.307050 0.000871 10.460866 -9.213160 0.249416 0.270697 -0.366833 -0.380833 0.086677 0.082253 1.471010 0.881407 -0.003726 -0.001614 -1.036617 -0.141729 -1.343469 -1.260236 -5.347739 -5.343047 0.651463 0.656212 0.587395 -0.086575 -0.685354 -0.729487 0.835793 -0.783818 0.290584 0.314122 -0.516833 -0.283960 0.402296 0.409096 0.037606 0.245342 -1.346553 -1.249265 -5.337233 -5.298887 -0.613047 -0.609204 -1.112608 -0.151331 0.565446 0.596238 -0.740856 0.843147 0.471868 0.495488 -0.641456 -0.344649 -0.196729 -0.191448 0.021005 0.326856 -0.101047 -0.042142 -0.421786 530.000000
10.620000 -0.413262 -0.410862 -0.092963 -0.915258 0.378166 0.388883 -1.878696 -0.265597 0.337388 0.343168 -0.882679 1.255175 0.941342 1.099284 -31.582352 13.790893 -0.437095 -0.555611 3.379795 -18.090922 -0.048557 -0.072716 0.720546 0.787782 -0.726786 -0.766547 7.150754 7.202910 0.055710 0.034236 4.415896 -0.704678 0.034047 0.046906 -2.801394 3.478202 1.082126 1.107136 -3.896683 -5.570451 0.297308 -0.011598 10.464222 -9.535039 0.246746 0.267970 -0.364795 -0.366833 0.084973 0.078495 1.834121 1.253813 -0.002777 0.002063 -1.469347 -0.217196 -1.329747 -1.246262 -5.457789 -5.347739 0.644733 0.651093 0.496713 -0.124199 -0.678340 -0.722928 0.807371 -0.711594 0.286698 0.311182 -0.575593 -0.277220 0.400370 0.407031 0.033421 0.239613 -1.334717 -1.239281 -5.328031 -5.337233 -0.609184 -0.602528 -1.297534 -0.185876 0.562892 0.593003 -0.752624 0.926732 0.468577 0.493319 -0.660764 -0.331230 -0.198619 -0.193074 0.020457 0.310225 -0.099533 -0.041249 -0.420782 531.000000
10.640000 -0.414995 -0.413057 -0.092628 -0.092963 0.374418 0.387084 -2.271337 -0.498009 0.337343 0.341463 -0.595478 1.380687 0.939734 1.099131 -31.855634 13.350964 -0.427807 -0.553870 3.611896 -18.231388 -0.050706 -0.072669 0.653312 0.720546 -0.723780 -0.760965 6.615503 7.150754 0.055746 0.033232 4.668848 -0.807251 0.034497 0.048113 -2.863534 3.608645 1.074220 1.099698 -4.006096 -5.606827 0.285350 -0.023333 10.382416 -9.503510 0.243898 0.265129 -0.347208 -0.364795 0.084201 0.075126 2.287001 1.651734 -0.001242 0.005052 -1.676808 -0.182387 -1.317438 -1.231807 -5.587808 -5.457789 0.638923 0.646150 0.438778 -0.155329 -0.672813 -0.716329 0.783983 -0.652042 0.282847 0.308224 -0.599969 -0.304507 0.398449 0.405012 0.032069 0.271086 -1.325635 -1.229029 -5.389096 -5.328031 -0.605377 -0.595550 -1.444554 -0.272455 0.559985 0.590051 -0.789882 1.025079 0.465638 0.490911 -0.640034 -0.340610 -0.201148 -0.194847 0.018591 0.320153 -0.098042 -0.040898 -0.419796 532.000000
10.660000 -0.416821 -0.414521 -0.284668 -0.092628 0.371747 0.385301 -2.448658 -0.837929 0.337517 0.340242 -0.400981 1.433408 0.937905 1.098803 -32.124985 13.320028 -0.426093 -0.552192 3.619751 -18.535606 -0.052169 -0.072599 0.604878 0.653312 -0.716965 -0.755042 6.717210 6.615503 0.055693 0.032034 4.915220 -0.902657 0.035139 0.048948 -2.873927 3.766191 1.068105 1.092159 -3.684293 -5.493057 0.271687 -0.034674 10.303118 -9.499152 0.240804 0.262059 -0.322547 -0.347208 0.082379 0.072170 2.456855 1.981905 0.000635 0.007682 -1.786983 -0.305096 -1.303558 -1.217164 -5.637395 -5.587808 0.632687 0.641193 0.405066 -0.172603 -0.667705 -0.709973 0.778410 -0.611380 0.279573 0.305349 -0.629065 -0.316019 0.396873 0.403065 0.032887 0.283950 -1.315987 -1.218673 -5.433767 -5.389096 -0.601070 -0.588575 -1.537374 -0.327336 0.556749 0.587255 -0.820114 1.117218 0.462685 0.488283 -0.627766 -0.329312 -0.203858 -0.196829 0.021095 0.310721 -0.096496 -0.040932 -0.419095 533.000000
10.680000 -0.420001 -0.415369 -0.818465 -0.284668 0.369378 0.383504 -2.558099 -1.023838 0.337182 0.339324 -0.303630 1.424819 0.935414 1.098312 -32.507275 13.449032 -0.430382 -0.550573 3.447378 -18.675953 -0.053106 -0.072490 0.568138 0.604878 -0.709195 -0.748404 6.824487 6.717210 0.054846 0.030770 5.003833 -1.020646 0.036220 0.049684 -2.803516 3.894573 1.061709 1.084132 -3.264721 -5.596705 0.256610 -0.046276 10.246885 -9.280998 0.237588 0.258759 -0.299281 -0.322547 0.081257 0.069720 2.636045 2.121919 0.003062 0.009918 -1.680358 -0.334936 -1.288098 -1.202390 -5.628057 -5.637395 0.626616 0.636004 0.415993 -0.186672 -0.662397 -0.703865 0.777831 -0.591738 0.277021 0.302612 -0.640910 -0.330976 0.395243 0.401204 0.030902 0.298089 -1.304125 -1.208208 -5.394505 -5.433767 -0.595361 -0.581780 -1.543135 -0.358630 0.553867 0.584470 -0.817755 1.178744 0.459739 0.485491 -0.609115 -0.324431 -0.206683 -0.199016 0.024780 0.303335 -0.094922 -0.041329 -0.418597 534.000000
10.700000 -0.423054 -0.415944 -1.336837 -0.818465 0.367226 0.381628 -2.594982 -1.127235 0.335792 0.338317 -0.353855 1.430865 0.933919 1.097776 -32.701632 13.764630 -0.439256 -0.549008 3.140188 -18.742644 -0.052871 -0.072314 0.562619 0.568138 -0.699892 -0.740788 7.005184 6.824487 0.053717 0.029456 5.051816 -1.100158 0.037324 0.050466 -2.755394 3.903675 1.054348 1.075265 -2.822367 -5.765891 0.239798 -0.058765 10.232272 -9.030612 0.234105 0.255265 -0.280320 -0.299281 0.079385 0.067839 2.561569 2.158201 0.006143 0.011718 -1.370853 -0.477844 -1.272610 -1.187592 -5.590917 -5.628057 0.619746 0.630295 0.467142 -0.180919 -0.656654 -0.697913 0.787138 -0.596912 0.274671 0.300046 -0.651589 -0.335906 0.393526 0.399395 0.028853 0.305004 -1.291679 -1.197554 -5.358396 -5.394505 -0.588915 -0.575375 -1.469259 -0.362690 0.551252 0.581604 -0.792469 1.180445 0.456416 0.482530 -0.599426 -0.316948 -0.209576 -0.201383 0.028408 0.292168 -0.093404 -0.041974 -0.418004 535.000000
10.720000 -0.425436 -0.416508 -1.688719 -1.336837 0.365339 0.379577 -2.530514 -1.120564 0.333716 0.337013 -0.461151 1.474418 0.932361 1.097337 -32.949273 14.083600 -0.451577 -0.547517 2.734581 -18.618032 -0.052764 -0.072070 0.552173 0.562619 -0.690508 -0.732113 6.999248 7.005184 0.052437 0.028062 5.087188 -1.148211 0.038829 0.051477 -2.705949 3.903605 1.046215 1.065411 -2.336804 -5.976517 0.221818 -0.072580 10.244898 -8.798884 0.230727 0.251617 -0.259128 -0.280320 0.077747 0.066400 2.467726 1.966211 0.008599 0.013141 -1.114401 -0.595358 -1.257391 -1.172920 -5.541897 -5.590917 0.612343 0.623902 0.529782 -0.159998 -0.650489 -0.691996 0.794069 -0.627140 0.272475 0.297586 -0.652271 -0.340221 0.391861 0.397621 0.028201 0.311368 -1.278838 -1.186648 -5.319654 -5.358396 -0.581978 -0.569413 -1.370404 -0.338395 0.548940 0.578666 -0.760060 1.130864 0.452849 0.479429 -0.599068 -0.313917 -0.212522 -0.203900 0.031585 0.285509 -0.091906 -0.042776 -0.417145 536.000000
10.740000 -0.427471 -0.417301 -1.883908 -1.688719 0.362843 0.377341 -2.557504 -1.034681 0.331067 0.335497 -0.670540 1.495832 0.931676 1.097150 -33.097702 14.500269 -0.460682 -0.546123 2.429614 -18.449004 -0.052548 -0.071763 0.542937 0.552173 -0.682100 -0.722682 6.715122 6.999248 0.051489 0.026617 5.195438 -1.190620 0.040335 0.052886 -2.746651 3.896568 1.036139 1.054655 -2.076869 -6.228414 0.203938 -0.087678 10.279011 -8.565218 0.227306 0.247848 -0.237090 -0.259128 0.076115 0.065249 2.338119 1.791064 0.011582 0.014509 -0.815619 -0.676662 -1.242338 -1.158524 -5.465081 -5.541897 0.604745 0.616788 0.617943 -0.132144 -0.644148 -0.686013 0.794169 -0.661926 0.270306 0.295158 -0.640737 -0.340236 0.390167 0.395873 0.027387 0.312035 -1.267143 -1.175565 -5.310471 -5.319654 -0.575920 -0.563890 -1.281011 -0.305172 0.546235 0.575668 -0.737640 1.065232 0.450040 0.476277 -0.586705 -0.315326 -0.215617 -0.206552 0.033738 0.283741 -0.090329 -0.043601 -0.416112 537.000000
10.760000 -0.428809 -0.418537 -1.830841 -1.883908 0.360038 0.374878 -2.586304 -0.943482 0.328472 0.333915 -0.868723 1.614022 0.931582 1.097333 -33.212682 14.794670 -0.468715 -0.544821 2.158453 -18.303032 -0.052729 -0.071397 0.521503 0.542937 -0.673432 -0.712914 6.467555 6.715122 0.051212 0.025073 5.469658 -1.224393 0.042138 0.054788 -2.845292 3.971044 1.025606 1.043193 -1.804007 -6.383011 0.186690 -0.103847 10.344133 -8.459880 0.223990 0.243966 -0.208753 -0.237090 0.073862 0.064151 2.118705 1.576869 0.013578 0.016023 -0.736965 -0.761250 -1.227677 -1.144490 -5.384909 -5.465081 0.597191 0.609120 0.686837 -0.088113 -0.637770 -0.679915 0.786079 -0.706056 0.268027 0.292680 -0.626055 -0.334062 0.388688 0.394169 0.027969 0.306675 -1.256256 -1.164455 -5.316816 -5.310471 -0.570479 -0.558681 -1.241188 -0.271685 0.543513 0.572634 -0.724140 1.009325 0.447712 0.473263 -0.591461 -0.310221 -0.218842 -0.209339 0.035771 0.276483 -0.088529 -0.044282 -0.415074 538.000000
10.780000 -0.430103 -0.420345 -1.634940 -1.830841 0.356517 0.372235 -2.745094 -0.858790 0.325584 0.332287 -1.113892 1.727513 0.932320 1.097986 -33.274041 15.047938 -0.474238 -0.543626 1.969056 -18.164744 -0.053351 -0.070998 0.488774 0.521503 -0.665105 -0.703042 6.153002 6.467555 0.050955 0.023399 5.772724 -1.312183 0.043986 0.057083 -2.973389 4.157475 1.014073 1.031154 -1.619836 -6.566460 0.167695 -0.120914 10.370000 -8.370467 0.220453 0.239945 -0.178789 -0.208753 0.072534 0.063042 2.067279 1.427835 0.016178 0.017737 -0.601296 -0.690870 -1.212859 -1.130764 -5.304892 -5.384909 0.589551 0.601071 0.754458 -0.049621 -0.631804 -0.673728 0.768696 -0.736458 0.265513 0.290161 -0.620326 -0.327012 0.387084 0.392503 0.026399 0.299043 -1.245484 -1.153437 -5.305979 -5.316816 -0.565679 -0.553675 -1.218968 -0.258524 0.540755 0.569614 -0.716509 0.982664 0.446080 0.470526 -0.594018 -0.313616 -0.222212 -0.212260 0.037732 0.277845 -0.086461 -0.044750 -0.414082 539.000000
10.800000 -0.431546 -0.422836 -1.322158 -1.634940 0.353034 0.369443 -2.857718 -0.815601 0.322178 0.330464 -1.392533 1.929493 0.933853 1.099202 -33.297649 15.215362 -0.480101 -0.542554 1.773776 -18.058679 -0.054045 -0.070589 0.456075 0.488774 -0.656292 -0.693084 5.907063 6.153002 0.050601 0.021529 6.110280 -1.399667 0.046236 0.059576 -3.049648 4.373056 1.002027 1.018543 -1.424472 -6.677222 0.147843 -0.138886 10.408178 -8.297058 0.216713 0.235754 -0.147671 -0.178789 0.070491 0.061931 1.891491 1.334288 0.018376 0.019580 -0.538758 -0.732991 -1.198609 -1.117259 -5.244439 -5.304892 0.581537 0.592746 0.801609 -0.007119 -0.625676 -0.667502 0.760490 -0.761577 0.263030 0.287633 -0.620373 -0.323362 0.385387 0.390846 0.025315 0.296963 -1.234698 -1.142535 -5.298821 -5.305979 -0.560827 -0.548811 -1.204902 -0.251229 0.538067 0.566618 -0.708694 0.967739 0.444594 0.468135 -0.611735 -0.315875 -0.225582 -0.215300 0.040346 0.278143 -0.084176 -0.044986 -0.413071 540.000000
10.820000 -0.432913 -0.425971 -0.890380 -1.322158 0.349050 0.366560 -3.080822 -0.732593 0.318427 0.328326 -1.663815 2.125125 0.936241 1.100976 -33.238804 15.368158 -0.485218 -0.541611 1.600018 -17.929491 -0.055176 -0.070189 0.409862 0.456075 -0.647638 -0.683765 6.118047 5.907063 0.050071 0.019750 6.254602 -1.530316 0.048431 0.062128 -3.103544 4.579964 0.989107 1.006491 -2.034220 -6.802468 0.125853 -0.156907 10.088369 -8.226940 0.212908 0.227993 0.994812 -0.147671 0.069093 0.060898 1.765831 1.215124 0.020811 0.021505 -0.453593 -0.676367 -1.184422 -1.103817 -5.243634 -5.244439 0.573135 0.584129 0.870886 0.020559 -0.619708 -0.661262 0.748789 -0.781049 0.260592 0.285206 -0.649869 -0.322844 0.383469 0.389153 0.024158 0.297529 -1.223637 -1.131661 -5.299992 -5.298821 -0.555989 -0.544046 -1.186681 -0.248104 0.535263 0.563645 -0.705139 0.956798 0.443165 0.466093 -0.641570 -0.326041 -0.229111 -0.218450 0.041890 0.285695 -0.081742 -0.045046 -0.411950 541.000000
10.840000 -0.435989 -0.429342 -0.833651 -0.890380 0.344324 0.363445 -3.330093 -0.708503 0.315213 0.325675 -1.684181 2.372319 0.939781 1.102819 -32.873624 15.464189 -0.496627 -0.540661 1.222927 -17.774615 -0.057208 -0.069733 0.325812 0.409862 -0.638896 -0.676755 6.565669 6.118047 0.048764 0.018578 6.219398 -1.575529 0.051281 0.064268 -2.901474 4.679073 0.972377 0.997613 -3.781280 -6.266692 0.095682 -0.172214 9.498001 -8.300912 0.206962 0.208300 2.140522 0.994812 0.066639 0.060304 1.343543 1.109712 0.023463 0.023302 -0.232765 -0.656119 -1.169005 -1.089819 -5.293098 -5.243634 0.564361 0.574974 0.973692 0.061049 -0.613253 -0.655016 0.761601 -0.809838 0.258277 0.282942 -0.668819 -0.337014 0.381074 0.387346 0.022750 0.312856 -1.212962 -1.120477 -5.395317 -5.299992 -0.550938 -0.539409 -1.147203 -0.240771 0.532108 0.560655 -0.705834 0.945910 0.440920 0.464341 -0.694632 -0.341730 -0.232725 -0.221712 0.043669 0.299840 -0.079386 -0.045111 -0.410499 542.000000
10.860000 -0.438130 -0.432569 -0.644155 -0.833651 0.339354 0.359798 -3.518197 -0.822956 0.311187 0.322302 -1.712105 2.507137 0.946237 1.104399 -31.854569 15.553859 -0.513218 -0.539672 0.692099 -17.319765 -0.058648 -0.069199 0.259179 0.325812 -0.630104 -0.668450 6.307753 6.565669 0.047429 0.017372 6.186116 -1.658962 0.053777 0.066512 -2.936441 4.560436 0.952348 0.987535 -5.390414 -4.966917 0.056620 -0.188315 9.027666 -8.748197 0.202616 0.184690 2.967609 2.140522 0.063486 0.060025 0.728820 0.788154 0.026462 0.024772 0.102437 -0.555389 -1.154284 -1.075184 -5.365432 -5.293098 0.555501 0.565170 1.111364 0.106045 -0.606430 -0.648826 0.796583 -0.867646 0.255890 0.280740 -0.674732 -0.345785 0.378298 0.385345 0.023653 0.323034 -1.203109 -1.108766 -5.541779 -5.395317 -0.545169 -0.535014 -1.046666 -0.220685 0.529928 0.557723 -0.693196 0.926519 0.438250 0.462733 -0.749454 -0.369151 -0.236592 -0.225098 0.044423 0.325482 -0.077099 -0.045391 -0.408329 543.000000
10.880000 -0.438931 -0.435796 -0.123092 -0.644155 0.335017 0.355828 -3.562037 -0.903046 0.306225 0.318214 -1.771436 2.615151 0.953362 1.105783 -30.692616 15.427590 -0.526871 -0.538673 0.248726 -16.426980 -0.058782 -0.068582 0.229176 0.259179 -0.622201 -0.657282 5.216799 6.307753 0.046805 0.016584 6.104751 -1.624838 0.055989 0.069851 -3.402575 4.561278 0.930749 0.974169 -6.511883 -3.822768 0.017324 -0.207658 8.780773 -9.213182 0.200289 0.159626 3.763058 2.967609 0.060449 0.060046 0.077835 0.313191 0.029193 0.026168 0.378480 -0.415628 -1.138809 -1.060224 -5.364432 -5.365432 0.546422 0.554765 1.241146 0.157391 -0.598714 -0.642568 0.830375 -0.953974 0.253731 0.278463 -0.651566 -0.349193 0.375617 0.383158 0.028151 0.325539 -1.190561 -1.096631 -5.579379 -5.541779 -0.538173 -0.530873 -0.904230 -0.176735 0.527813 0.554869 -0.670035 0.869931 0.435271 0.461098 -0.787039 -0.396939 -0.240273 -0.228584 0.047820 0.352515 -0.075013 -0.045814 -0.405577 544.000000
10.900000 -0.438544 -0.439387 0.729849 -0.123092 0.329852 0.351641 -3.710116 -0.895300 0.301102 0.313467 -1.790509 2.666736 0.961219 1.107192 -29.419519 15.166728 -0.533501 -0.537681 0.026181 -15.525888 -0.058766 -0.067842 0.189608 0.229176 -0.613339 -0.643509 3.906212 5.216799 0.047469 0.016385 6.273003 -1.351088 0.058083 0.074552 -4.006022 4.753663 0.909073 0.957364 -6.990128 -3.083777 -0.018084 -0.230686 8.819787 -9.595660 0.198509 0.134526 4.310485 3.763058 0.058487 0.060257 -0.363986 -0.150323 0.031999 0.027873 0.471669 -0.228158 -1.120550 -1.045151 -5.252656 -5.364432 0.537399 0.543996 1.344484 0.205386 -0.591436 -0.636082 0.822834 -1.035761 0.250864 0.275927 -0.618574 -0.339859 0.372971 0.380839 0.031721 0.311707 -1.175820 -1.084203 -5.518014 -5.579379 -0.530780 -0.526780 -0.784028 -0.117098 0.525285 0.551980 -0.644278 0.787133 0.433021 0.459368 -0.796297 -0.417430 -0.243854 -0.232116 0.050058 0.369610 -0.073195 -0.046155 -0.402550 545.000000
10.920000 -0.439245 -0.442787 1.131260 0.729849 0.325060 0.348127 -4.210438 -0.959804 0.295298 0.308784 -1.964785 2.750312 0.967805 1.108232 -28.147577 14.690857 -0.533338 -0.536576 -0.057241 -14.728662 -0.059001 -0.066847 0.092491 0.189608 -0.602944 -0.636360 6.525801 3.906212 0.048780 0.016778 6.262813 -1.133491 0.060448 0.077237 -3.481120 5.139513 0.886897 0.946978 -11.509097 -2.872822 -0.045730 -0.240367 5.575860 -9.862951 0.196170 0.116035 3.417880 4.310485 0.054889 0.061438 -1.637485 -0.417827 0.034875 0.031261 0.154578 -0.053842 -1.100599 -1.029225 -5.359879 -5.252656 0.528748 0.532852 1.527084 0.260825 -0.584884 -0.629373 0.801195 -1.083659 0.247318 0.273353 -0.696340 -0.325148 0.370447 0.378446 0.034111 0.293426 -1.160113 -1.071155 -5.610140 -5.518014 -0.523726 -0.522331 -0.780371 -0.069875 0.521354 0.548899 -0.647802 0.714153 0.432512 0.457976 -0.874693 -0.423177 -0.247055 -0.235619 0.052740 0.373120 -0.072018 -0.046398 -0.400866 546.000000
10.940000 -0.443784 -0.444863 0.407448 1.131260 0.322573 0.345495 -4.200888 -1.122826 0.292535 0.303212 -1.308907 3.087612 0.957360 1.107407 -29.730495 14.115117 -0.536236 -0.534526 -0.298625 -14.032460 -0.062872 -0.066023 0.046143 0.092491 -0.605294 -0.636130 6.089176 6.525801 0.053126 0.017307 7.124663 -1.390847 0.059316 0.076618 -3.273210 4.871967 0.875187 0.944874 -13.601073 1.728777 -0.086171 -0.234558 3.793375 -9.780319 0.193032 0.111411 2.619936 3.417880 0.052299 0.063569 -2.510119 -0.896031 0.034340 0.033796 -0.168822 0.741453 -1.080099 -1.011461 -5.465915 -5.359879 0.519697 0.522074 1.456883 0.362944 -0.582633 -0.623156 0.770429 -1.164140 0.242639 0.270208 -0.647568 -0.365226 0.369582 0.376225 0.043082 0.331115 -1.147332 -1.056224 -6.001797 -5.610140 -0.515777 -0.516527 -0.938640 -0.066284 0.512176 0.545169 -0.725499 0.714087 0.431296 0.457251 -0.961716 -0.463716 -0.252252 -0.239307 0.041999 0.410976 -0.072498 -0.047195 -0.399203 547.000000
10.960000 -0.443811 -0.445246 0.234107 0.407448 0.317281 0.342530 -4.584172 -1.445990 0.290421 0.297857 -0.779178 2.754897 0.948482 1.104265 -30.549799 15.080855 -0.538310 -0.531522 -0.539746 -14.649641 -0.067726 -0.065292 -0.146935 0.046143 -0.607933 -0.634443 4.931321 6.089176 0.052757 0.017054 7.211922 -1.925727 0.057888 0.074965 -3.178440 5.198936 0.872318 0.941339 -13.119189 4.061720 -0.121487 -0.228430 2.638991 -9.539353 0.189344 0.110795 2.370952 2.619936 0.059062 0.064791 -1.260262 -1.170648 0.034345 0.034834 -0.226193 1.339470 -1.068189 -0.992872 -5.792089 -5.465915 0.514427 0.512433 1.439903 0.343227 -0.580531 -0.618011 0.816807 -1.113656 0.239297 0.267098 -0.694229 -0.345325 0.367876 0.374213 0.034889 0.302243 -1.138073 -1.040133 -6.321174 -6.001797 -0.510088 -0.509281 -1.181457 -0.106570 0.502554 0.540582 -0.807190 0.832069 0.430385 0.456769 -0.987165 -0.501858 -0.256136 -0.243179 0.053383 0.459858 -0.073204 -0.048368 -0.396847 548.000000
10.980000 -0.444922 -0.444540 -0.223684 0.234107 0.314234 0.339482 -4.623333 -1.902497 0.288533 0.293143 -0.281187 2.681675 0.942360 1.099475 -30.638345 15.664596 -0.540394 -0.527805 -0.771783 -14.885203 -0.073654 -0.064728 -0.312627 -0.146935 -0.606480 -0.630988 4.313577 4.931321 0.054831 0.016405 7.769605 -2.016741 0.054185 0.072942 -3.456984 5.195181 0.870096 0.935452 -12.063544 4.654243 -0.152916 -0.223146 1.601802 -8.464946 0.181443 0.110716 2.127743 2.370952 0.061967 0.065520 -0.797720 -0.517035 0.032489 0.034829 -0.441550 0.743228 -1.054306 -0.974324 -5.917950 -5.792089 0.506897 0.503981 1.314259 0.311548 -0.576780 -0.613634 0.866159 -1.128355 0.237043 0.264341 -0.724914 -0.364559 0.366486 0.372339 0.033292 0.329670 -1.126485 -1.024516 -6.337304 -6.321174 -0.505070 -0.501259 -1.366873 -0.187134 0.499172 0.535857 -0.794202 0.994323 0.428944 0.456158 -0.980758 -0.520274 -0.261011 -0.247209 0.050535 0.466891 -0.073856 -0.049564 -0.394305 549.000000
11.000000 -0.446095 -0.443329 -0.762150 -0.223684 0.309391 0.336563 -4.993202 -2.171073 0.287371 0.288951 0.246770 2.452260 0.933646 1.093770 -31.128950 15.876400 -0.547335 -0.523739 -1.133463 -14.761945 -0.078405 -0.064394 -0.484629 -0.312627 -0.602709 -0.626543 4.087683 4.313577 0.057143 0.015711 8.376507 -2.156310 0.051017 0.070852 -3.701811 5.613294 0.869462 0.927973 -10.529205 4.875271 -0.173333 -0.218338 0.882081 -7.188273 0.174122 0.110591 1.922472 2.127743 0.065292 0.066027 -0.193992 -0.178085 0.030241 0.033935 -0.601564 0.619635 -1.035504 -0.956210 -5.830575 -5.917950 0.501019 0.496554 1.226466 0.224050 -0.570645 -0.609234 0.881679 -1.090209 0.237390 0.262233 -0.735719 -0.379103 0.364597 0.370529 0.028143 0.345811 -1.112226 -1.010037 -6.164328 -6.337304 -0.498758 -0.492882 -1.492600 -0.286336 0.494100 0.531290 -0.819091 1.080538 0.427768 0.455227 -0.937027 -0.515647 -0.265102 -0.251344 0.057984 0.465112 -0.074575 -0.050578 -0.391735 550.000000
11.020000 -0.448027 -0.441486 -1.626942 -0.762150 0.305533 0.333173 -4.981145 -2.619986 0.286610 0.285695 0.588646 2.373216 0.923969 1.087338 -31.676208 16.382835 -0.555869 -0.519520 -1.521165 -14.746115 -0.080491 -0.063907 -0.573298 -0.484629 -0.595472 -0.621837 4.579909 4.087683 0.055099 0.014707 8.247959 -2.337348 0.048985 0.069383 -3.927515 6.039159 0.868544 0.919993 -9.103122 4.627740 -0.190106 -0.213900 0.286804 -5.901464 0.164371 0.110343 1.648951 1.922472 0.066658 0.065730 0.298019 0.203786 0.030763 0.032922 -0.326084 0.397778 -1.014544 -0.938457 -5.652052 -5.830575 0.489550 0.489655 1.031581 0.172393 -0.565743 -0.604436 0.828676 -1.054072 0.231637 0.259870 -0.779505 -0.381931 0.361267 0.368529 0.020382 0.353788 -1.091939 -0.996122 -5.893378 -6.164328 -0.488379 -0.484500 -1.385598 -0.336755 0.487901 0.526304 -0.768556 1.155846 0.422753 0.453500 -0.913449 -0.497505 -0.268518 -0.255403 0.062712 0.439522 -0.074774 -0.051405 -0.389530 551.000000
11.040000 -0.452010 -0.439440 -2.781788 -1.626942 0.303311 0.329372 -4.657797 -2.784895 0.286074 0.283481 0.781953 2.196250 0.909452 1.080392 -33.139712 16.936385 -0.561669 -0.515178 -1.832455 -14.739823 -0.085279 -0.063403 -0.696368 -0.573298 -0.594658 -0.617548 4.007289 4.579909 0.056544 0.013402 8.813637 -2.160222 0.046789 0.068656 -4.309050 6.087737 0.863807 0.911981 -8.436182 4.344489 -0.202658 -0.209659 -0.215580 -4.758633 0.156117 0.109971 1.426249 1.648951 0.065487 0.064461 0.438654 0.312051 0.030226 0.032299 -0.364686 0.014032 -0.993291 -0.921046 -5.447994 -5.652052 0.477617 0.482638 0.868297 0.101452 -0.560353 -0.599162 0.753610 -0.930129 0.227382 0.256824 -0.731386 -0.399943 0.359189 0.366375 0.030903 0.379562 -1.074664 -0.982332 -5.725316 -5.893378 -0.477008 -0.476154 -1.280312 -0.308521 0.479172 0.520384 -0.720266 1.077077 0.422504 0.451183 -0.795515 -0.488080 -0.271868 -0.259304 0.061145 0.425368 -0.074238 -0.051846 -0.387797 552.000000
11.060000 -0.452280 -0.437790 -3.105658 -2.781788 0.297846 0.325888 -5.140947 -2.719875 0.285460 0.282011 0.879975 1.937922 0.905892 1.073457 -32.513746 17.892888 -0.546220 -0.510799 -1.486566 -15.246823 -0.088746 -0.062947 -0.807220 -0.696368 -0.587958 -0.614067 4.757537 4.007289 0.059075 0.012486 9.406223 -2.252293 0.045628 0.068534 -4.588294 6.561344 0.863025 0.904062 -7.052100 4.373740 -0.208153 -0.205446 -0.494324 -4.062443 0.147892 0.109382 1.223948 1.426249 0.065719 0.062839 0.808416 0.401670 0.032342 0.032616 -0.173870 -0.036984 -0.971977 -0.904071 -5.220719 -5.447994 0.467052 0.474981 0.872098 0.057343 -0.557246 -0.593774 0.685343 -0.810954 0.226028 0.254116 -0.758710 -0.381144 0.356145 0.364089 0.028201 0.350241 -1.054144 -0.968577 -5.468399 -5.725316 -0.468304 -0.467944 -1.223119 -0.280023 0.471715 0.513571 -0.638168 1.000289 0.422359 0.448910 -0.744885 -0.428330 -0.277534 -0.263359 0.047273 0.367185 -0.073451 -0.051620 -0.386744 553.000000
11.080000 -0.451898 -0.436634 -3.180672 -3.105658 0.292652 0.322909 -5.633293 -3.010461 0.285545 0.280772 1.139570 2.130486 0.901086 1.066891 -32.208370 17.330174 -0.531598 -0.506631 -1.157394 -15.183572 -0.089271 -0.062693 -0.819140 -0.807220 -0.583945 -0.611236 5.082038 4.757537 0.059314 0.011983 9.526926 -2.408965 0.045258 0.068577 -4.665989 6.997259 0.855994 0.896462 -6.984499 3.882952 -0.209269 -0.201389 -0.632116 -3.169148 0.143395 0.108625 1.119740 1.223948 0.065558 0.061329 1.057317 0.491143 0.033297 0.033663 -0.254294 -0.317273 -0.955030 -0.887268 -5.204964 -5.220719 0.459611 0.466795 0.953480 0.093377 -0.554222 -0.588730 0.672525 -0.778721 0.222628 0.251435 -0.772923 -0.393455 0.354703 0.361823 0.039163 0.365255 -1.038366 -0.954733 -5.405351 -5.468399 -0.463647 -0.460000 -1.311901 -0.292476 0.463284 0.506228 -0.620645 0.930644 0.421282 0.446896 -0.747254 -0.396079 -0.281708 -0.267594 0.059475 0.348806 -0.072758 -0.050936 -0.386116 554.000000
11.100000 -0.451896 -0.436281 -3.107381 -3.180672 0.288504 0.320066 -5.899353 -3.386432 0.282512 0.279160 0.941312 2.246861 0.899651 1.060787 -31.361348 16.939824 -0.515637 -0.502655 -0.774582 -15.268546 -0.088113 -0.062468 -0.791097 -0.819140 -0.581446 -0.609119 5.281401 5.082038 0.058106 0.011474 9.402798 -2.430469 0.045299 0.068357 -4.559346 7.096457 0.849606 0.889339 -6.931071 3.948638 -0.211876 -0.197598 -0.791354 -3.035862 0.138264 0.107927 0.975678 1.119740 0.064672 0.060005 1.115640 0.655805 0.036624 0.034984 0.104263 -0.401511 -0.937193 -0.870612 -5.126309 -5.204964 0.455288 0.458421 1.127038 0.140477 -0.550429 -0.584153 0.708188 -0.813003 0.219394 0.248640 -0.776712 -0.406043 0.353993 0.359829 0.040950 0.366880 -1.025534 -0.940989 -5.407541 -5.405351 -0.457740 -0.452431 -1.311080 -0.345628 0.454673 0.498528 -0.605827 0.966273 0.423246 0.445451 -0.727568 -0.403364 -0.285008 -0.271733 0.065703 0.343890 -0.072160 -0.049761 -0.385383 555.000000
11.120000 -0.447156 -0.436490 -2.104302 -3.107381 0.284921 0.317220 -6.029790 -3.420332 0.277511 0.276609 0.625639 2.479021 0.904122 1.055454 -29.534561 16.239922 -0.503584 -0.499111 -0.462103 -15.121425 -0.085446 -0.062322 -0.702268 -0.791097 -0.574243 -0.607310 6.341252 5.281401 0.057254 0.010635 9.461381 -2.421726 0.045294 0.067401 -4.245382 6.981072 0.846652 0.883231 -6.503334 4.036893 -0.209108 -0.194493 -0.703287 -2.894178 0.134673 0.107228 0.891700 0.975678 0.061855 0.058781 0.802111 0.505689 0.037260 0.035974 0.120023 -0.609951 -0.926065 -0.854432 -5.233746 -5.126309 0.449425 0.450011 1.225613 0.209425 -0.545154 -0.579920 0.786322 -0.917613 0.218375 0.246536 -0.864856 -0.408831 0.352351 0.358035 0.030772 0.367881 -1.013495 -0.927461 -5.445369 -5.407541 -0.451384 -0.445227 -1.301962 -0.352627 0.450392 0.491048 -0.566892 0.958454 0.422582 0.444833 -0.847838 -0.396636 -0.287213 -0.275534 0.067402 0.330932 -0.071700 -0.048462 -0.383893 556.000000
11.140000 -0.449021 -0.436807 -2.379218 -2.104302 0.278533 0.313900 -6.569035 -3.327715 0.275695 0.273413 0.908750 2.702076 0.897294 1.050710 -29.999367 15.100919 -0.495948 -0.495966 -0.302291 -14.433642 -0.085658 -0.062242 -0.707713 -0.702268 -0.576937 -0.605804 5.602367 6.341252 0.057520 0.009365 9.830961 -2.608000 0.044498 0.066258 -4.208855 6.853382 0.837088 0.878386 -7.600558 3.759440 -0.210942 -0.192156 -0.778204 -2.743894 0.134120 0.106576 0.890280 0.891700 0.060437 0.057122 0.943973 0.341044 0.037706 0.036821 0.020694 -0.461067 -0.912625 -0.838819 -5.242968 -5.233746 0.443241 0.441930 1.225696 0.219646 -0.540759 -0.575735 0.782685 -1.005968 0.217292 0.244656 -0.841639 -0.447814 0.351530 0.356410 0.031739 0.417042 -1.003104 -0.914169 -5.509744 -5.445369 -0.444039 -0.438099 -1.303692 -0.367535 0.442421 0.483839 -0.599483 0.934427 0.423023 0.444746 -0.878603 -0.457620 -0.289778 -0.278983 0.058405 0.390218 -0.071035 -0.047383 -0.381846 557.000000
11.160000 -0.447107 -0.437018 -2.016759 -2.379218 0.273830 0.310132 -6.701184 -3.738892 0.272900 0.270418 0.908134 2.830143 0.893735 1.046066 -29.777901 15.217938 -0.486282 -0.492979 -0.088252 -14.781429 -0.085792 -0.062224 -0.702270 -0.707713 -0.573903 -0.604697 5.998376 5.602367 0.056868 0.007597 10.129478 -2.811053 0.043899 0.065330 -4.163802 7.019908 0.833404 0.874444 -7.669526 4.362142 -0.210002 -0.190340 -0.747789 -3.238416 0.132751 0.105945 0.868452 0.890280 0.057584 0.054728 0.961816 0.461639 0.037151 0.037579 -0.199437 -0.482334 -0.899269 -0.823590 -5.277868 -5.242968 0.435609 0.434349 1.155366 0.221505 -0.535485 -0.571347 0.777681 -1.004191 0.215074 0.242948 -0.893218 -0.436689 0.350472 0.354956 0.026674 0.404950 -0.989611 -0.901046 -5.494374 -5.509744 -0.436295 -0.430715 -1.343683 -0.352104 0.435068 0.476604 -0.601318 0.951587 0.422515 0.444928 -0.938652 -0.468504 -0.292015 -0.282144 0.053702 0.410099 -0.069819 -0.046238 -0.379645 558.000000
11.180000 -0.447718 -0.436956 -2.164971 -2.016759 0.267932 0.306063 -7.036355 -3.804659 0.270514 0.267605 0.973234 2.896525 0.888589 1.041277 -29.814703 14.952668 -0.477771 -0.490035 0.074654 -14.825233 -0.085453 -0.062279 -0.685273 -0.702270 -0.574283 -0.603659 5.731831 5.998376 0.055597 0.005464 10.336579 -2.982838 0.043431 0.064498 -4.100146 7.146640 0.826371 0.870955 -8.398608 4.374666 -0.208720 -0.188881 -0.737249 -3.294859 0.132073 0.105308 0.868032 0.868452 0.055660 0.051850 1.188683 0.580627 0.037424 0.038121 -0.233682 -0.381189 -0.885915 -0.808552 -5.320235 -5.277868 0.428895 0.427145 1.129951 0.188843 -0.529547 -0.566598 0.764830 -0.966523 0.212693 0.241235 -0.910459 -0.459946 0.349612 0.353642 0.024520 0.433272 -0.977015 -0.887939 -5.505576 -5.494374 -0.428774 -0.423055 -1.377211 -0.371183 0.427210 0.469288 -0.603816 0.972500 0.421255 0.445064 -0.961651 -0.496177 -0.294437 -0.285083 0.047366 0.442475 -0.068201 -0.045137 -0.377243 559.000000
11.200000 -0.447615 -0.436900 -2.149666 -2.164971 0.262782 0.301880 -7.222340 -4.004795 0.267536 0.264755 0.969168 3.031560 0.885511 1.036254 -29.392152 14.853451 -0.469126 -0.487014 0.234287 -14.961252 -0.084581 -0.062386 -0.650178 -0.685273 -0.572605 -0.602668 5.867921 5.731831 0.054359 0.003193 10.550600 -3.118216 0.043004 0.063597 -3.986678 7.218362 0.822046 0.867440 -8.544822 4.731597 -0.206236 -0.187522 -0.694880 -3.667010 0.131046 0.104646 0.861107 0.868032 0.052713 0.048904 1.184489 0.711183 0.037193 0.038449 -0.307398 -0.477500 -0.871806 -0.793717 -5.314424 -5.320235 0.422010 0.420171 1.105781 0.182561 -0.523784 -0.561492 0.744040 -0.947391 0.210675 0.239564 -0.934895 -0.467490 0.348846 0.352460 0.022212 0.442970 -0.962863 -0.874859 -5.464848 -5.505576 -0.421326 -0.415258 -1.406641 -0.386698 0.419350 0.461824 -0.596746 0.990514 0.419459 0.444897 -0.975993 -0.504508 -0.296916 -0.287883 0.043209 0.457142 -0.066465 -0.043860 -0.374665 560.000000
11.220000 -0.447311 -0.436854 -2.098438 -2.149666 0.257903 0.297812 -7.411064 -4.095754 0.264327 0.261747 0.962257 3.126586 0.882970 1.031071 -28.846949 14.526921 -0.461688 -0.483949 0.364004 -14.865232 -0.083247 -0.062567 -0.596901 -0.650178 -0.570458 -0.601593 6.060317 5.867921 0.052750 0.001072 10.598789 -3.281961 0.042713 0.062602 -3.853953 7.268639 0.818233 0.863756 -8.540220 4.774115 -0.205129 -0.186217 -0.703776 -3.770707 0.130217 0.103893 0.891612 0.861107 0.050629 0.046181 1.260977 0.745943 0.037499 0.038668 -0.284204 -0.438545 -0.857803 -0.779148 -5.294346 -5.314424 0.415111 0.413283 1.100050 0.180870 -0.517907 -0.556123 0.730464 -0.924910 0.208792 0.238014 -0.964089 -0.478553 0.347990 0.351377 0.019280 0.456341 -0.948565 -0.861739 -5.425843 -5.464848 -0.413764 -0.407455 -1.409327 -0.404948 0.411967 0.454262 -0.580501 1.001693 0.416670 0.444298 -0.991812 -0.509601 -0.299212 -0.290566 0.041594 0.466392 -0.064837 -0.042447 -0.371953 561.000000
11.240000 -0.447525 -0.436874 -2.114955 -2.098438 0.253235 0.293939 -7.587589 -4.186660 0.261204 0.258664 0.958534 3.224403 0.880088 1.025803 -28.358532 14.160664 -0.455159 -0.480881 0.465398 -14.686285 -0.081055 -0.062811 -0.519981 -0.596901 -0.570112 -0.600531 5.941522 6.060317 0.051418 -0.000742 10.664590 -3.372418 0.042282 0.061695 -3.773545 7.226371 0.813503 0.859921 -8.704088 4.778237 -0.204579 -0.184897 -0.727047 -3.761984 0.129599 0.103070 0.871507 0.891612 0.047939 0.043732 1.185058 0.772590 0.037869 0.038987 -0.303307 -0.488387 -0.842774 -0.764905 -5.210876 -5.294346 0.408120 0.406420 1.089998 0.184793 -0.511836 -0.550515 0.710949 -0.915257 0.207574 0.236543 -0.963484 -0.491684 0.347520 0.350409 0.019304 0.472405 -0.934951 -0.848596 -5.404513 -5.425843 -0.406534 -0.399721 -1.418233 -0.414413 0.403549 0.446553 -0.578166 0.994914 0.413587 0.443179 -0.991578 -0.516703 -0.301514 -0.293149 0.039311 0.475109 -0.063368 -0.040891 -0.369244 562.000000
11.260000 -0.445929 -0.436904 -1.810424 -2.114955 0.248809 0.290202 -7.748103 -4.273061 0.258141 0.255599 0.948600 3.314527 0.878700 1.020498 -27.574035 13.843249 -0.448382 -0.477850 0.587113 -14.515283 -0.078830 -0.063112 -0.436832 -0.519981 -0.567971 -0.599520 6.158795 5.941522 0.050152 -0.002385 10.726349 -3.445522 0.041842 0.060879 -3.701137 7.219067 0.810191 0.856091 -8.617179 4.876972 -0.203634 -0.183649 -0.718308 -3.827117 0.128987 0.102339 0.874521 0.871507 0.045291 0.041406 1.110243 0.744182 0.037655 0.039350 -0.407578 -0.440876 -0.828011 -0.750962 -5.140652 -5.210876 0.400610 0.399589 1.058337 0.189524 -0.505602 -0.544651 0.688339 -0.900473 0.206436 0.235251 -0.988078 -0.491394 0.347116 0.349576 0.017087 0.472090 -0.920413 -0.835447 -5.354331 -5.404513 -0.399614 -0.392023 -1.448172 -0.420033 0.395766 0.438723 -0.568016 0.998199 0.410055 0.441593 -1.006554 -0.515445 -0.304022 -0.295680 0.036366 0.476133 -0.061954 -0.039204 -0.366581 563.000000
11.280000 -0.445766 -0.436842 -1.794201 -1.810424 0.244013 0.286467 -7.950117 -4.348351 0.255483 0.252594 1.005136 3.399751 0.875543 1.015167 -27.133446 13.363122 -0.442624 -0.474869 0.673392 -14.210913 -0.076485 -0.063446 -0.356047 -0.436832 -0.567784 -0.598552 6.024147 6.158795 0.048584 -0.003978 10.731060 -3.512606 0.041414 0.060174 -3.664831 7.213743 0.805062 0.852379 -8.915698 4.827208 -0.203592 -0.182509 -0.743447 -3.789971 0.128928 0.101606 0.893733 0.874521 0.043169 0.039102 1.144493 0.758911 0.038097 0.039745 -0.415021 -0.351333 -0.813283 -0.737227 -5.074217 -5.140652 0.393950 0.392800 1.056082 0.184999 -0.499014 -0.538526 0.666999 -0.873338 0.205257 0.234038 -0.992091 -0.502582 0.346863 0.348876 0.015170 0.485496 -0.907619 -0.822341 -5.348823 -5.354331 -0.393103 -0.384380 -1.478717 -0.440078 0.387573 0.430833 -0.569441 1.008094 0.406524 0.439585 -1.005620 -0.521460 -0.306527 -0.298198 0.035658 0.485094 -0.060501 -0.037500 -0.363973 564.000000
11.300000 -0.444947 -0.436699 -1.679003 -1.794201 0.239768 0.282692 -8.038793 -4.477627 0.252840 0.249761 1.014671 3.472490 0.872575 1.009767 -26.633515 13.080534 -0.437854 -0.471926 0.731311 -14.052912 -0.074166 -0.063801 -0.272257 -0.356047 -0.566409 -0.597689 6.134440 6.024147 0.047666 -0.005626 10.890759 -3.533114 0.040880 0.059585 -3.667575 7.197945 0.800899 0.848793 -9.052795 4.994618 -0.203047 -0.181470 -0.745363 -3.921080 0.128903 0.100874 0.915884 0.893733 0.039510 0.036676 0.932023 0.779757 0.037765 0.040074 -0.517288 -0.364736 -0.798106 -0.723609 -4.999628 -5.074217 0.386648 0.386096 1.018704 0.194541 -0.492014 -0.532097 0.642316 -0.861540 0.203632 0.232789 -1.001295 -0.503631 0.346994 0.348343 0.014205 0.488461 -0.894296 -0.809341 -5.324191 -5.348823 -0.386303 -0.376779 -1.509371 -0.454638 0.379454 0.422880 -0.567680 1.024079 0.402952 0.437252 -1.015779 -0.520639 -0.309216 -0.300733 0.034461 0.484981 -0.058924 -0.035721 -0.361451 565.000000
11.320000 -0.444287 -0.436420 -1.621272 -1.679003 0.234830 0.278916 -8.278933 -4.526732 0.250339 0.247059 1.040947 3.512061 0.869513 1.004290 -26.141918 12.788751 -0.433571 -0.469023 0.778027 -13.844764 -0.072203 -0.064193 -0.197773 -0.272257 -0.565401 -0.596836 6.161965 6.134440 0.046437 -0.007282 10.967648 -3.611592 0.040387 0.059073 -3.673112 7.279167 0.796282 0.845279 -9.274269 5.064550 -0.202647 -0.180511 -0.759557 -3.988245 0.129176 0.100054 0.949606 0.915884 0.037260 0.034137 0.988738 0.724655 0.038112 0.040281 -0.480088 -0.207367 -0.782854 -0.710013 -4.936915 -4.999628 0.379991 0.379424 1.020239 0.188194 -0.484830 -0.525372 0.619889 -0.830510 0.201926 0.231519 -1.015989 -0.507750 0.347107 0.347979 0.010592 0.493545 -0.881060 -0.796438 -5.293501 -5.324191 -0.379699 -0.369261 -1.524126 -0.470846 0.371371 0.414877 -0.563183 1.038526 0.399487 0.434680 -1.018485 -0.525120 -0.311929 -0.303307 0.034860 0.490659 -0.057259 -0.033928 -0.358978 566.000000
11.340000 -0.444275 -0.436093 -1.682888 -1.621272 0.230327 0.275142 -8.417100 -4.659940 0.247688 0.244347 1.066851 3.618993 0.866009 0.998762 -25.729882 12.509224 -0.429486 -0.466143 0.813829 -13.632694 -0.069958 -0.064612 -0.116236 -0.197773 -0.564301 -0.595996 6.220785 6.161965 0.045478 -0.008934 11.105988 -3.647268 0.039860 0.058557 -3.674547 7.320380 0.792251 0.841783 -9.384975 5.185535 -0.201647 -0.179601 -0.752875 -4.088735 0.129160 0.099322 0.969786 0.949606 0.033930 0.031552 0.856272 0.734413 0.037970 0.040328 -0.485493 -0.254325 -0.767217 -0.696380 -4.861441 -4.936915 0.373127 0.372772 1.007215 0.200175 -0.477493 -0.518383 0.596472 -0.820064 0.200278 0.230181 -1.018747 -0.513291 0.347496 0.347780 0.008691 0.502699 -0.867247 -0.783636 -5.241332 -5.293501 -0.372331 -0.361852 -1.513585 -0.480471 0.363044 0.406776 -0.552749 1.043655 0.396084 0.431927 -1.021425 -0.526673 -0.314641 -0.305918 0.035618 0.491812 -0.055587 -0.032100 -0.356548 567.000000
11.360000 -0.443873 -0.435778 -1.666164 -1.682888 0.225794 0.271388 -8.583660 -4.741976 0.244875 0.241544 1.074357 3.675125 0.862543 0.993219 -25.315526 12.277356 -0.425839 -0.463294 0.843129 -13.452526 -0.067871 -0.065057 -0.036678 -0.116236 -0.563101 -0.595178 6.299172 6.220785 0.044289 -0.010529 11.177406 -3.715721 0.039312 0.058022 -3.667913 7.390268 0.788573 0.838303 -9.429084 5.236064 -0.201195 -0.178720 -0.756879 -4.148912 0.129134 0.098513 1.005200 0.969786 0.031331 0.028899 0.871737 0.670883 0.038000 0.040181 -0.429774 -0.185389 -0.751551 -0.682715 -4.788015 -4.861441 0.366220 0.366112 1.002176 0.205372 -0.470261 -0.511195 0.573805 -0.801844 0.198926 0.228888 -1.032782 -0.513719 0.347835 0.347729 0.005117 0.505028 -0.852974 -0.770876 -5.178934 -5.241332 -0.364741 -0.354528 -1.488964 -0.480418 0.354725 0.398533 -0.534171 1.033167 0.392733 0.429047 -1.024300 -0.528522 -0.317380 -0.308559 0.036179 0.492903 -0.053938 -0.030222 -0.354102 568.000000
11.380000 -0.443979 -0.435512 -1.725788 -1.666164 0.221372 0.267651 -8.723824 -4.829009 0.242020 0.238632 1.102620 3.754652 0.858532 0.987686 -25.014244 12.049024 -0.422363 -0.460479 0.866063 -13.266502 -0.065647 -0.065522 0.045984 -0.036678 -0.562296 -0.594424 6.321727 6.299172 0.042994 -0.012076 11.212198 -3.754746 0.038744 0.057450 -3.675488 7.422659 0.784787 0.834859 -9.499174 5.261009 -0.200622 -0.177888 -0.773296 -4.168075 0.128907 0.097704 1.035092 1.005200 0.028469 0.026181 0.857061 0.650755 0.037896 0.039913 -0.373073 -0.220982 -0.735907 -0.669006 -4.716163 -4.788015 0.359402 0.359436 0.996748 0.214186 -0.463102 -0.503881 0.553168 -0.787991 0.197677 0.227644 -1.039410 -0.518950 0.348276 0.347798 0.002901 0.513833 -0.839064 -0.758122 -5.133041 -5.178934 -0.357085 -0.347273 -1.465779 -0.477397 0.346011 0.390117 -0.517526 1.011568 0.389348 0.426073 -1.028424 -0.530240 -0.320127 -0.311228 0.036764 0.494060 -0.052325 -0.028288 -0.351682 569.000000
11.400000 -0.443865 -0.435339 -1.725041 -1.725788 0.216986 0.263919 -8.855493 -4.913222 0.239171 0.235632 1.144194 3.810602 0.854656 0.982177 -24.691963 11.881824 -0.418846 -0.457692 0.891111 -13.132420 -0.063571 -0.066000 0.123668 0.045984 -0.561353 -0.593785 6.401359 6.321727 0.041744 -0.013616 11.274152 -3.768355 0.038034 0.056821 -3.678878 7.443843 0.781418 0.831467 -9.505792 5.307906 -0.200264 -0.177080 -0.779734 -4.191267 0.128519 0.096858 1.030850 1.035092 0.025666 0.023357 0.876455 0.615067 0.037571 0.039528 -0.348780 -0.241994 -0.719942 -0.655232 -4.641938 -4.716163 0.352602 0.352765 0.989989 0.221790 -0.456085 -0.496504 0.532500 -0.774958 0.196491 0.226462 -1.050826 -0.521155 0.348842 0.347984 0.001165 0.518255 -0.824901 -0.745362 -5.078982 -5.133041 -0.349636 -0.340051 -1.452915 -0.474127 0.337110 0.381510 -0.501343 0.991652 0.386012 0.423040 -1.034181 -0.532594 -0.323031 -0.313938 0.036556 0.495830 -0.050725 -0.026264 -0.349263 570.000000
11.420000 -0.443875 -0.435254 -1.734473 -1.725041 0.212669 0.260216 -8.985241 -4.999843 0.236224 0.232551 1.176093 3.855649 0.850638 0.976711 -24.408848 11.702599 -0.415597 -0.454946 0.911199 -12.989364 -0.061527 -0.066492 0.201224 0.123668 -0.560396 -0.593248 6.501329 6.401359 0.040333 -0.015153 11.306673 -3.797637 0.037239 0.056115 -3.673077 7.476515 0.778071 0.828140 -9.522354 5.315864 -0.199739 -0.176291 -0.776947 -4.189928 0.128131 0.095979 1.049633 1.030850 0.022879 0.020446 0.912995 0.612617 0.037225 0.039026 -0.307471 -0.263838 -0.704167 -0.641351 -4.583872 -4.641938 0.345936 0.346116 0.986480 0.228744 -0.449043 -0.489107 0.517654 -0.761244 0.195077 0.225317 -1.066252 -0.525996 0.349508 0.348283 -0.000622 0.524831 -0.810955 -0.732585 -5.035243 -5.078982 -0.342148 -0.332846 -1.438408 -0.475786 0.328152 0.372731 -0.484267 0.977129 0.382696 0.419982 -1.042488 -0.535369 -0.325970 -0.316701 0.037323 0.498813 -0.049145 -0.024165 -0.346841 571.000000
11.440000 -0.443973 -0.435249 -1.742322 -1.734473 0.208329 0.256522 -9.116528 -5.080667 0.233292 0.229368 1.243519 3.904574 0.846612 0.971287 -24.136031 11.546538 -0.412586 -0.452238 0.923969 -12.862310 -0.059601 -0.066995 0.275203 0.201224 -0.559615 -0.592807 6.580729 6.501329 0.038893 -0.016720 11.328070 -3.816798 0.036305 0.055289 -3.686981 7.489875 0.774655 0.824886 -9.563538 5.322133 -0.199432 -0.175567 -0.786969 -4.200222 0.127572 0.095149 1.065929 1.049633 0.019996 0.017467 0.941375 0.610233 0.036637 0.038419 -0.282516 -0.302762 -0.688025 -0.627316 -4.524966 -4.583872 0.339328 0.339508 0.978904 0.234413 -0.441938 -0.481699 0.503736 -0.752067 0.193519 0.224153 -1.079109 -0.532815 0.350374 0.348704 -0.001886 0.533437 -0.797070 -0.719799 -4.992743 -5.035243 -0.334781 -0.325642 -1.433279 -0.477070 0.318872 0.363785 -0.471978 0.961338 0.379504 0.416933 -1.051539 -0.539905 -0.328975 -0.319519 0.038053 0.502582 -0.047585 -0.022001 -0.344423 572.000000
11.460000 -0.443945 -0.435312 -1.718506 -1.742322 0.203917 0.252848 -9.266585 -5.180024 0.230302 0.226070 1.318452 3.936505 0.842710 0.965914 -23.849196 11.400910 -0.409640 -0.449574 0.937450 -12.735122 -0.057892 -0.067509 0.342485 0.275203 -0.558932 -0.592421 6.647988 6.580729 0.037366 -0.018263 11.336126 -3.820545 0.035241 0.054396 -3.701536 7.507525 0.771276 0.821674 -9.602558 5.349961 -0.199324 -0.174832 -0.805419 -4.213577 0.127003 0.094206 1.069277 1.065929 0.017458 0.014473 1.029103 0.611946 0.036081 0.037706 -0.248724 -0.329430 -0.671878 -0.613102 -4.475966 -4.524966 0.332727 0.332932 0.975039 0.237584 -0.434797 -0.474283 0.492185 -0.741320 0.191905 0.222984 -1.097226 -0.538611 0.351304 0.349250 -0.004041 0.540498 -0.783184 -0.707009 -4.948656 -4.992743 -0.327531 -0.318449 -1.426390 -0.480650 0.309454 0.354666 -0.458257 0.952629 0.376432 0.413918 -1.060037 -0.544796 -0.332025 -0.322392 0.038949 0.506743 -0.046064 -0.019786 -0.341970 573.000000
11.480000 -0.444112 -0.435406 -1.729035 -1.718506 0.199640 0.249208 -9.397262 -5.292519 0.227226 0.222718 1.381234 3.974067 0.838633 0.960583 -23.603125 11.247759 -0.406669 -0.446960 0.952449 -12.601437 -0.056225 -0.068030 0.408781 0.342485 -0.558292 -0.592087 6.715290 6.647988 0.035886 -0.019862 11.365901 -3.817295 0.034091 0.053352 -3.707480 7.518831 0.767989 0.818515 -9.635810 5.382792 -0.199266 -0.174159 -0.821288 -4.219766 0.126453 0.093376 1.076088 1.069277 0.014555 0.011493 1.045725 0.638914 0.035296 0.036941 -0.239847 -0.390189 -0.655424 -0.598687 -4.423940 -4.475966 0.326142 0.326397 0.965355 0.241427 -0.427606 -0.466855 0.480169 -0.733612 0.190265 0.221784 -1.110646 -0.546592 0.352351 0.349913 -0.005857 0.550633 -0.769130 -0.694215 -4.900776 -4.948656 -0.320278 -0.311272 -1.422133 -0.484067 0.299826 0.345370 -0.444557 0.942324 0.373315 0.410943 -1.071374 -0.549493 -0.335115 -0.325317 0.039825 0.510544 -0.044576 -0.017539 -0.339534 574.000000
11.500000 -0.444212 -0.435545 -1.713201 -1.729035 0.195232 0.245581 -9.554584 -5.389248 0.224060 0.219304 1.438992 4.008014 0.834595 0.955284 -23.355790 11.113894 -0.403441 -0.444386 0.975644 -12.489230 -0.054674 -0.068553 0.470664 0.408781 -0.558047 -0.591799 6.715037 6.715290 0.034247 -0.021488 11.367294 -3.829210 0.032844 0.052229 -3.722518 7.536690 0.764595 0.815401 -9.697355 5.410875 -0.199279 -0.173505 -0.840284 -4.224935 0.125855 0.092513 1.088261 1.076088 0.012056 0.008531 1.132796 0.642786 0.034593 0.036098 -0.204162 -0.402939 -0.638913 -0.584084 -4.374139 -4.423940 0.319616 0.319904 0.958690 0.242593 -0.420369 -0.459408 0.469064 -0.722762 0.188661 0.220575 -1.126445 -0.552394 0.353472 0.350688 -0.007785 0.558252 -0.755091 -0.681408 -4.853136 -4.900776 -0.313130 -0.304118 -1.416419 -0.488788 0.289931 0.335880 -0.430456 0.933345 0.370365 0.408007 -1.077793 -0.555600 -0.338225 -0.328289 0.040748 0.515775 -0.043109 -0.015255 -0.337059 575.000000
11.520000 -0.444220 -0.435733 -1.671443 -1.713201 0.190886 0.241922 -9.677688 -5.496788 0.220769 0.215804 1.501039 4.057796 0.830627 0.950011 -23.097286 10.973480 -0.400231 -0.441838 0.996854 -12.382310 -0.053159 -0.069067 0.529630 0.470664 -0.557642 -0.591561 6.754698 6.715037 0.032597 -0.023173 11.384478 -3.822388 0.031485 0.051030 -3.746430 7.544906 0.761464 0.812337 -9.719921 5.455362 -0.199224 -0.172884 -0.853006 -4.241993 0.125318 0.091653 1.095671 1.088261 0.009409 0.005608 1.182542 0.668479 0.033744 0.035194 -0.187525 -0.464317 -0.622285 -0.569314 -4.323900 -4.374139 0.313176 0.313453 0.952184 0.244813 -0.413138 -0.451946 0.457954 -0.713877 0.187115 0.219376 -1.143169 -0.559330 0.354642 0.351561 -0.009661 0.567115 -0.740996 -0.668590 -4.804285 -4.853136 -0.306037 -0.297006 -1.410144 -0.492982 0.279848 0.326185 -0.415490 0.923437 0.367447 0.405121 -1.087513 -0.559271 -0.341371 -0.331302 0.041469 0.518523 -0.041649 -0.012929 -0.334526 576.000000
11.540000 -0.444349 -0.435976 -1.638341 -1.671443 0.186569 0.238230 -9.797464 -5.589364 0.217368 0.212246 1.539199 4.088324 0.826542 0.944758 -22.865875 10.828915 -0.396957 -0.439312 1.020312 -12.268371 -0.051717 -0.069566 0.586398 0.529630 -0.557714 -0.591378 6.714398 6.754698 0.030863 -0.024946 11.406681 -3.819024 0.030015 0.049747 -3.772152 7.565454 0.758145 0.809333 -9.791153 5.475831 -0.199156 -0.172305 -0.864725 -4.244090 0.124820 0.090805 1.105345 1.095671 0.006749 0.002726 1.221528 0.685034 0.032871 0.034225 -0.161394 -0.497509 -0.605473 -0.554400 -4.266708 -4.323900 0.306905 0.307063 0.946780 0.247115 -0.405941 -0.444477 0.446538 -0.705069 0.185658 0.218186 -1.155690 -0.566754 0.355896 0.352525 -0.011118 0.576415 -0.726886 -0.655755 -4.756147 -4.804285 -0.299113 -0.289949 -1.405503 -0.497327 0.269437 0.316270 -0.400920 0.912817 0.364600 0.402287 -1.095142 -0.564491 -0.344550 -0.334356 0.042128 0.523022 -0.040180 -0.010563 -0.331904 577.000000
11.560000 -0.444205 -0.436275 -1.544754 -1.638341 0.182280 0.234492 -9.901054 -5.668332 0.213791 0.208615 1.561658 4.129133 0.822720 0.939526 -22.588215 10.696272 -0.393744 -0.436804 1.044088 -12.169603 -0.050242 -0.070049 0.643381 0.586398 -0.557553 -0.591245 6.724308 6.714398 0.028983 -0.026814 11.417702 -3.817265 0.028467 0.048378 -3.795319 7.589417 0.755131 0.806388 -9.814655 5.519907 -0.198937 -0.171769 -0.869209 -4.271245 0.124327 0.089968 1.114227 1.105345 0.004203 -0.000097 1.265293 0.691461 0.032001 0.033223 -0.133157 -0.530067 -0.588521 -0.539367 -4.207473 -4.266708 0.300728 0.300741 0.941953 0.250121 -0.398650 -0.436999 0.437145 -0.696659 0.184170 0.217018 -1.172292 -0.572286 0.357214 0.353574 -0.012547 0.583404 -0.712638 -0.642897 -4.705306 -4.756147 -0.292218 -0.282970 -1.395716 -0.502291 0.258907 0.306129 -0.383750 0.903211 0.361765 0.399505 -1.105724 -0.568635 -0.347697 -0.337438 0.043031 0.526507 -0.038700 -0.008155 -0.329179 578.000000
11.580000 -0.444272 -0.436634 -1.474386 -1.544754 0.177931 0.230693 -10.000398 -5.731356 0.210170 0.204896 1.592980 4.169698 0.818686 0.934321 -22.357190 10.540276 -0.390761 -0.434314 1.060135 -12.047939 -0.048834 -0.070510 0.696786 0.643381 -0.557998 -0.591165 6.630551 6.724308 0.027052 -0.028787 11.442575 -3.811192 0.026827 0.046921 -3.820632 7.606511 0.751852 0.803509 -9.903898 5.534897 -0.198683 -0.171278 -0.872721 -4.279758 0.123941 0.089152 1.124625 1.114227 0.001652 -0.002843 1.293022 0.699225 0.031000 0.032195 -0.124711 -0.566068 -0.571279 -0.524209 -4.142575 -4.207473 0.294719 0.294516 0.933974 0.252404 -0.391290 -0.429491 0.425062 -0.689549 0.182696 0.215836 -1.181551 -0.579873 0.358641 0.354708 -0.013661 0.592420 -0.698408 -0.630020 -4.652937 -4.705306 -0.285444 -0.276069 -1.389583 -0.505983 0.247944 0.295751 -0.369759 0.889733 0.359069 0.396781 -1.113182 -0.574378 -0.350900 -0.340547 0.043288 0.531347 -0.037207 -0.005713 -0.326344 579.000000
11.600000 -0.444027 -0.437063 -1.331719 -1.474386 0.173643 0.226834 -10.079528 -5.796689 0.206369 0.201094 1.604501 4.203709 0.814972 0.929148 -22.071147 10.413177 -0.387706 -0.431844 1.080319 -11.944013 -0.047439 -0.070945 0.749383 0.696786 -0.558324 -0.591146 6.568178 6.630551 0.024998 -0.030862 11.460233 -3.810971 0.025099 0.045382 -3.846766 7.631604 0.748826 0.800694 -9.956079 5.582053 -0.198300 -0.170826 -0.870476 -4.321845 0.123595 0.088364 1.135067 1.124625 -0.000797 -0.005490 1.315671 0.708866 0.029992 0.031153 -0.118432 -0.584156 -0.553890 -0.508928 -4.076592 -4.142575 0.288801 0.288405 0.923867 0.254456 -0.383848 -0.421934 0.412686 -0.679518 0.181267 0.214665 -1.195181 -0.583945 0.360124 0.355927 -0.015081 0.597606 -0.684091 -0.617134 -4.597439 -4.652937 -0.278826 -0.269249 -1.384530 -0.509912 0.236731 0.285117 -0.354416 0.879671 0.356456 0.394125 -1.122714 -0.578235 -0.354048 -0.343673 0.044076 0.534947 -0.035698 -0.003226 -0.323402 580.000000
11.620000 -0.444032 -0.437551 -1.226329 -1.331719 0.169397 0.222943 -10.152068 -5.842015 0.202528 0.197244 1.603246 4.237513 0.811044 0.924014 -21.836252 10.255583 -0.385006 -0.429402 1.091765 -11.815564 -0.046080 -0.071357 0.800442 0.749383 -0.558923 -0.591184 6.465401 6.568178 0.022786 -0.033027 11.465029 -3.806734 0.023396 0.043771 -3.853776 7.653499 0.745690 0.797946 -10.043235 5.606523 -0.197978 -0.170415 -0.869379 -4.349556 0.123276 0.087607 1.144958 1.135067 -0.003170 -0.008019 1.329042 0.717051 0.028969 0.030116 -0.115341 -0.598620 -0.536226 -0.493514 -4.006570 -4.076592 0.283087 0.282428 0.912622 0.255590 -0.376264 -0.414310 0.399535 -0.668277 0.179797 0.213483 -1.204654 -0.590050 0.361662 0.357223 -0.016431 0.605131 -0.669695 -0.604237 -4.539675 -4.597439 -0.272372 -0.262520 -1.381243 -0.515057 0.225218 0.274217 -0.338875 0.869473 0.353831 0.391531 -1.131924 -0.583395 -0.357205 -0.346808 0.044287 0.539319 -0.034180 -0.000708 -0.320369 581.000000
11.640000 -0.443947 -0.438112 -1.085179 -1.226329 0.165265 0.219023 -10.198926 -5.877657 0.198583 0.193370 1.581259 4.274411 0.807178 0.918907 -21.593741 10.129871 -0.382354 -0.426926 1.096353 -11.706381 -0.044737 -0.071883 0.864794 0.800442 -0.559767 -0.591307 6.334959 6.465401 0.020438 -0.035280 11.459821 -3.805626 0.021678 0.042116 -3.857429 7.659402 0.742619 0.795267 -10.131808 5.649309 -0.197455 -0.170033 -0.862215 -4.393926 0.123027 0.086886 1.155428 1.144958 -0.005448 -0.010429 1.336416 0.722192 0.027939 0.029104 -0.120104 -0.606850 -0.518500 -0.477965 -3.939001 -4.006570 0.277596 0.276607 0.900988 0.256544 -0.368509 -0.406593 0.386188 -0.656079 0.178194 0.212262 -1.214299 -0.594112 0.363267 0.358592 -0.017606 0.610543 -0.655421 -0.591339 -4.483990 -4.539675 -0.266263 -0.255902 -1.383429 -0.521184 0.213363 0.263045 -0.324934 0.860059 0.351260 0.388987 -1.140150 -0.588106 -0.360315 -0.349943 0.044649 0.543818 -0.032641 0.001859 -0.317265 582.000000
11.660000 -0.443805 -0.438759 -0.914589 -1.085179 0.161284 0.215178 -10.228893 -5.890092 0.194528 0.189614 1.511607 4.308833 0.803453 0.913872 -21.341526 10.005304 -0.379903 -0.424540 1.105101 -11.588437 -0.043356 -0.072250 0.900596 0.864794 -0.560631 -0.591518 6.217278 6.334959 0.017875 -0.037646 11.439304 -3.801196 0.019994 0.040362 -3.830585 7.658625 0.739678 0.792665 -10.212913 5.688423 -0.196874 -0.169690 -0.850663 -4.443385 0.122820 0.086203 1.165654 1.155428 -0.007663 -0.012714 1.334161 0.728260 0.026906 0.028058 -0.114730 -0.608156 -0.500794 -0.462302 -3.871529 -3.939001 0.272370 0.270963 0.890781 0.257400 -0.360610 -0.398772 0.373727 -0.643588 0.176507 0.211000 -1.226346 -0.598347 0.364921 0.360030 -0.018784 0.615953 -0.641208 -0.578448 -4.430624 -4.483990 -0.260423 -0.249423 -1.384848 -0.529247 0.201263 0.251596 -0.309867 0.854182 0.348692 0.386489 -1.149745 -0.592399 -0.363343 -0.353061 0.044954 0.547751 -0.031092 0.004482 -0.314032 583.000000
11.680000 -0.443764 -0.439518 -0.735183 -0.914589 0.157497 0.211213 -10.181834 -5.870250 0.190395 0.185746 1.468233 4.358643 0.799607 0.908874 -21.120249 9.872880 -0.377489 -0.422093 1.103289 -11.468646 -0.041913 -0.072733 0.959495 0.900596 -0.562007 -0.591858 6.031629 6.217278 0.015133 -0.040101 11.391851 -3.804359 0.018313 0.038610 -3.817247 7.634944 0.736642 0.790152 -10.329318 5.720635 -0.196202 -0.169370 -0.839082 -4.492278 0.122673 0.085565 1.176120 1.165654 -0.009752 -0.014888 1.332188 0.724445 0.025905 0.027087 -0.133226 -0.609716 -0.483172 -0.446557 -3.806847 -3.871529 0.267452 0.265509 0.881553 0.258527 -0.352696 -0.390852 0.359118 -0.632254 0.174706 0.209670 -1.234581 -0.603781 0.366648 0.361535 -0.019745 0.622565 -0.627199 -0.565588 -4.377473 -4.430624 -0.254957 -0.243136 -1.386986 -0.537490 0.188878 0.239874 -0.296029 0.847357 0.346053 0.384018 -1.159321 -0.597350 -0.366307 -0.356150 0.044828 0.552396 -0.029502 0.007164 -0.310752 584.000000
11.700000 -0.443764 -0.440418 -0.534246 -0.735183 0.154081 0.207287 -10.073753 -5.825034 0.186152 0.181946 1.384339 4.356801 0.795819 0.903979 -20.909899 9.763550 -0.375258 -0.419738 1.100037 -11.356699 -0.040522 -0.073003 1.017115 0.959495 -0.563367 -0.592338 5.878115 6.031629 0.012069 -0.042638 11.298735 -3.787302 0.016742 0.036802 -3.766158 7.604549 0.733932 0.787725 -10.400632 5.770476 -0.195473 -0.169071 -0.824067 -4.558842 0.122428 0.084964 1.182805 1.176120 -0.011786 -0.016930 1.316465 0.732707 0.024865 0.026131 -0.155956 -0.599481 -0.465727 -0.430772 -3.743010 -3.806847 0.262768 0.260282 0.868313 0.261218 -0.344811 -0.382853 0.344239 -0.620336 0.172736 0.208254 -1.245062 -0.607418 0.368417 0.363104 -0.020854 0.627163 -0.613209 -0.552784 -4.320369 -4.377473 -0.249849 -0.237068 -1.389656 -0.545479 0.176278 0.227888 -0.281920 0.841507 0.343363 0.381558 -1.169188 -0.602074 -0.369224 -0.359200 0.044365 0.557247 -0.027901 0.009926 -0.307392 585.000000
11.720000 -0.443816 -0.441466 -0.312666 -0.534246 0.150783 0.203309 -9.933144 -5.729046 0.181778 0.178077 1.291933 4.344707 0.792100 0.899168 -20.706504 9.660723 -0.373112 -0.417372 1.093736 -11.249176 -0.039086 -0.073403 1.077983 1.017115 -0.564978 -0.592973 5.705278 5.878115 0.008731 -0.045236 11.157985 -3.766289 0.015219 0.034982 -3.705435 7.532446 0.731220 0.785397 -10.491474 5.795292 -0.194686 -0.168787 -0.807639 -4.605339 0.122228 0.084404 1.189636 1.182805 -0.013549 -0.018834 1.321298 0.736211 0.023954 0.025238 -0.170290 -0.580255 -0.448468 -0.414996 -3.679302 -3.743010 0.258438 0.255294 0.857970 0.262037 -0.336940 -0.374803 0.330785 -0.606276 0.170673 0.206756 -1.256078 -0.612104 0.370213 0.364730 -0.021929 0.632958 -0.599427 -0.540064 -4.263890 -4.320369 -0.245113 -0.231267 -1.389697 -0.553868 0.163466 0.215649 -0.267686 0.835788 0.340599 0.379088 -1.178771 -0.606776 -0.372045 -0.362203 0.044029 0.562412 -0.026281 0.012762 -0.303994 586.000000
11.740000 -0.444073 -0.442683 -0.094450 -0.312666 0.147829 0.199342 -9.733318 -5.612538 0.177288 0.174187 1.173077 4.320606 0.788378 0.894482 -20.533148 9.563574 -0.371282 -0.415034 1.082293 -11.142930 -0.037710 -0.073705 1.114593 1.077983 -0.566864 -0.593765 5.510664 5.705278 0.005138 -0.047883 10.976045 -3.726275 0.013783 0.033128 -3.616063 7.431710 0.728569 0.783165 -10.590036 5.828852 -0.194086 -0.168518 -0.796402 -4.662621 0.122033 0.083882 1.195716 1.189636 -0.015262 -0.020570 1.301107 0.745794 0.023013 0.024386 -0.192413 -0.575504 -0.431288 -0.399272 -3.610560 -3.679302 0.254389 0.250566 0.844669 0.263593 -0.329145 -0.366725 0.316509 -0.594378 0.168564 0.205166 -1.264020 -0.617075 0.372063 0.366408 -0.022739 0.639004 -0.585724 -0.527453 -4.202635 -4.263890 -0.240806 -0.225764 -1.391627 -0.561006 0.150304 0.203154 -0.255217 0.828691 0.337872 0.376601 -1.186010 -0.611400 -0.374809 -0.365152 0.043291 0.567371 -0.024665 0.015673 -0.300551 587.000000
11.760000 -0.444275 -0.444071 0.166017 -0.094450 0.145170 0.195401 -9.482025 -5.453197 0.172625 0.170267 1.029270 4.280121 0.784697 0.889934 -20.381394 9.485158 -0.369833 -0.412729 1.060181 -11.047990 -0.036428 -0.073973 1.161615 1.114593 -0.568910 -0.594713 5.312572 5.510664 0.001425 -0.050554 10.769287 -3.679991 0.012358 0.031244 -3.520951 7.296054 0.726173 0.781036 -10.659036 5.870020 -0.193754 -0.168262 -0.792423 -4.720016 0.121951 0.083397 1.204310 1.195716 -0.016728 -0.022119 1.288134 0.746760 0.022162 0.023580 -0.209669 -0.554347 -0.414273 -0.383638 -3.540004 -3.610560 0.250645 0.246113 0.831285 0.264080 -0.321468 -0.358650 0.302604 -0.580589 0.166321 0.203486 -1.273617 -0.620641 0.373930 0.368134 -0.023674 0.643379 -0.572295 -0.514976 -4.143227 -4.202635 -0.236936 -0.220592 -1.392058 -0.568205 0.137015 0.190408 -0.240815 0.823422 0.335090 0.374096 -1.194668 -0.614650 -0.377478 -0.368040 0.042643 0.571359 -0.023067 0.018656 -0.297072 588.000000
11.780000 -0.444791 -0.445625 0.399094 0.166017 0.142818 0.191519 -9.189177 -5.255647 0.167911 0.166344 0.864495 4.226378 0.780931 0.885547 -20.283073 9.425246 -0.368897 -0.410473 1.028524 -10.956147 -0.035296 -0.074194 1.184405 1.161615 -0.571275 -0.595818 5.084908 5.312572 -0.002420 -0.053225 10.534174 -3.624168 0.011036 0.029343 -3.402304 7.145119 0.723819 0.779019 -10.743672 5.901647 -0.193854 -0.168024 -0.800661 -4.757388 0.121922 0.082945 1.213863 1.204310 -0.018097 -0.023473 1.257286 0.748902 0.021319 0.022825 -0.232729 -0.539233 -0.397499 -0.368126 -3.468664 -3.540004 0.247281 0.241953 0.817237 0.264341 -0.313888 -0.350604 0.289319 -0.566945 0.163976 0.201695 -1.279380 -0.624972 0.375808 0.369900 -0.024518 0.648645 -0.559101 -0.502660 -4.082703 -4.143227 -0.233615 -0.215781 -1.396435 -0.575622 0.123468 0.177425 -0.228314 0.816436 0.332346 0.371574 -1.201446 -0.618655 -0.380068 -0.370861 0.041748 0.576013 -0.021497 0.021699 -0.293580 589.000000
11.800000 -0.445298 -0.447340 0.662280 0.399094 0.140789 0.187708 -8.843445 -5.026836 0.163065 0.162423 0.680646 4.162341 0.777339 0.881336 -20.186558 9.398942 -0.368372 -0.408275 0.984293 -10.884131 -0.034279 -0.074424 1.227372 1.184405 -0.573684 -0.597085 4.878959 5.084908 -0.006389 -0.055871 10.264722 -3.565935 0.009813 0.027448 -3.270137 6.968239 0.721800 0.777132 -10.791396 5.949913 -0.194346 -0.167812 -0.818447 -4.793759 0.121939 0.082524 1.224098 1.213863 -0.019207 -0.024630 1.236804 0.745007 0.020572 0.022132 -0.253461 -0.512279 -0.380855 -0.352767 -3.393274 -3.468664 0.244365 0.238108 0.806282 0.263959 -0.306430 -0.342612 0.277215 -0.553278 0.161467 0.199785 -1.286300 -0.627431 0.377680 0.371695 -0.025264 0.651949 -0.546121 -0.490531 -4.019653 -4.082703 -0.230895 -0.211368 -1.402157 -0.584060 0.109820 0.164225 -0.215579 0.812375 0.329606 0.369040 -1.208658 -0.621597 -0.382530 -0.373604 0.040981 0.579849 -0.019959 0.024799 -0.290098 590.000000
11.820000 -0.446145 -0.449204 0.888410 0.662280 0.139203 0.184011 -8.438205 -4.762045 0.158161 0.158524 0.476863 4.081400 0.773784 0.877334 -20.129237 9.382619 -0.368612 -0.406161 0.922200 -10.803939 -0.033533 -0.074643 1.257695 1.227372 -0.576318 -0.598505 4.659802 4.878959 -0.010489 -0.058462 9.953619 -3.497292 0.008747 0.025567 -3.109986 6.767430 0.719795 0.775398 -10.869609 5.986617 -0.195682 -0.167639 -0.859286 -4.804779 0.122053 0.082129 1.236904 1.224098 -0.020242 -0.025581 1.190304 0.745133 0.019876 0.021502 -0.275754 -0.491672 -0.364331 -0.337578 -3.313318 -3.393274 0.241845 0.234596 0.794650 0.264534 -0.299142 -0.334700 0.264956 -0.541748 0.158844 0.197739 -1.289350 -0.630518 0.379513 0.373507 -0.025998 0.655782 -0.533364 -0.478606 -3.955184 -4.019653 -0.228727 -0.207391 -1.407652 -0.593289 0.095943 0.150824 -0.204474 0.808868 0.326881 0.366497 -1.214670 -0.624820 -0.384826 -0.376253 0.040168 0.583839 -0.018467 0.027935 -0.286644 591.000000
11.840000 -0.447111 -0.451218 1.119086 0.888410 0.138048 0.180441 -7.975161 -4.457534 0.153123 0.154654 0.236912 3.980671 0.770243 0.873560 -20.117745 9.398790 -0.369737 -0.404144 0.838969 -10.730447 -0.032864 -0.074868 1.280783 1.257695 -0.579108 -0.600089 4.442308 4.659802 -0.014736 -0.060979 9.597230 -3.421817 0.007813 0.023713 -2.929733 6.531803 0.718037 0.773842 -10.938320 6.055209 -0.197438 -0.167520 -0.909306 -4.814400 0.122312 0.081756 1.253865 1.236904 -0.021156 -0.026345 1.135042 0.733029 0.019285 0.020936 -0.288638 -0.457275 -0.347800 -0.322567 -3.225996 -3.313318 0.239674 0.231435 0.781006 0.264847 -0.292015 -0.326886 0.252853 -0.529803 0.156075 0.195543 -1.291020 -0.631676 0.381307 0.375321 -0.026457 0.657674 -0.520887 -0.466891 -3.893689 -3.955184 -0.227134 -0.203883 -1.412149 -0.601589 0.082109 0.137247 -0.191056 0.806063 0.323903 0.363921 -1.223697 -0.627419 -0.386882 -0.378780 0.039318 0.587251 -0.017027 0.031104 -0.283236 592.000000
11.860000 -0.448319 -0.453368 1.326384 1.119086 0.137373 0.176996 -7.438942 -4.106037 0.148055 0.150818 -0.014670 3.869125 0.766699 0.870019 -20.152458 9.453136 -0.371759 -0.402227 0.730811 -10.664608 -0.032382 -0.075141 1.309376 1.280783 -0.582035 -0.601839 4.231764 4.442308 -0.019215 -0.063416 9.176808 -3.333749 0.007148 0.021907 -2.709815 6.263482 0.716458 0.772490 -11.015612 6.125679 -0.199614 -0.167470 -0.968485 -4.812641 0.122809 0.081404 1.277227 1.253865 -0.021884 -0.026952 1.089769 0.711840 0.018697 0.020421 -0.308450 -0.423202 -0.331465 -0.307726 -3.142091 -3.225996 0.237855 0.228635 0.765750 0.264076 -0.284973 -0.319177 0.240944 -0.516929 0.153307 0.193220 -1.292386 -0.632281 0.382997 0.377118 -0.026963 0.658739 -0.508684 -0.455397 -3.831294 -3.893689 -0.225936 -0.200865 -1.411994 -0.610546 0.068419 0.123553 -0.177321 0.801602 0.320753 0.361275 -1.231960 -0.631507 -0.388642 -0.381148 0.038154 0.592189 -0.015629 0.034296 -0.279884 593.000000
11.880000 -0.449619 -0.455627 1.531833 1.326384 0.137183 0.173697 -6.837610 -3.712136 0.142893 0.147049 -0.301813 3.726806 0.763127 0.866709 -20.237456 9.548583 -0.374829 -0.400428 0.595601 -10.603875 -0.032048 -0.075423 1.334382 1.309376 -0.585082 -0.603744 4.024916 4.231764 -0.023811 -0.065757 8.710762 -3.233496 0.006702 0.020167 -2.462301 5.943312 0.715053 0.771351 -11.100690 6.207052 -0.202240 -0.167502 -1.037781 -4.808560 0.123594 0.081072 1.309148 1.277227 -0.022490 -0.027421 1.043134 0.699110 0.018145 0.019932 -0.323527 -0.390660 -0.315200 -0.293034 -3.058688 -3.142091 0.236370 0.226198 0.749738 0.262403 -0.278036 -0.311569 0.228918 -0.503347 0.150545 0.190804 -1.294828 -0.632712 0.384589 0.378876 -0.027026 0.659674 -0.496752 -0.444137 -3.769381 -3.831294 -0.225184 -0.198337 -1.410403 -0.617336 0.054965 0.109818 -0.163910 0.794657 0.317450 0.358536 -1.239430 -0.635057 -0.390063 -0.383315 0.036452 0.596903 -0.014270 0.037504 -0.276605 594.000000
11.900000 -0.451168 -0.457963 1.698861 1.531833 0.137342 0.170553 -6.199864 -3.267898 0.137733 0.143358 -0.606808 3.569711 0.759603 0.863617 -20.354494 9.688704 -0.378715 -0.398750 0.440505 -10.548752 -0.031909 -0.075737 1.352166 1.334382 -0.588189 -0.605784 3.830080 4.024916 -0.028523 -0.067981 8.195599 -3.124230 0.006538 0.018512 -2.176799 5.586532 0.713791 0.770420 -11.197214 6.299623 -0.205350 -0.167623 -1.118374 -4.801067 0.124587 0.080754 1.347333 1.309148 -0.022919 -0.027760 1.006760 0.683331 0.017600 0.019448 -0.334292 -0.359804 -0.298910 -0.278459 -2.974889 -3.058688 0.235144 0.224112 0.732837 0.260410 -0.271124 -0.304053 0.217441 -0.489328 0.147830 0.188326 -1.297038 -0.633901 0.386058 0.380577 -0.026817 0.660927 -0.484813 -0.433108 -3.699657 -3.769381 -0.224725 -0.196285 -1.404396 -0.623247 0.041730 0.096107 -0.151357 0.787157 0.314034 0.355681 -1.243707 -0.637941 -0.391144 -0.385246 0.033970 0.601489 -0.012953 0.040714 -0.273417 595.000000
11.920000 -0.452834 -0.460351 1.849732 1.698861 0.137898 0.167564 -5.513259 -2.796528 0.132466 0.139729 -0.942557 3.403336 0.756079 0.860720 -20.507394 9.859203 -0.383495 -0.397189 0.262158 -10.495291 -0.031896 -0.076121 1.370026 1.352166 -0.591364 -0.607931 3.638147 3.830080 -0.033372 -0.070061 7.619452 -3.009400 0.006630 0.016962 -1.865284 5.186199 0.712659 0.769679 -11.302299 6.406073 -0.208984 -0.167826 -1.213411 -4.791141 0.125804 0.080390 1.403397 1.347333 -0.023156 -0.027966 0.980944 0.670526 0.017125 0.018948 -0.324591 -0.336234 -0.282513 -0.263963 -2.889163 -2.974889 0.234167 0.222350 0.718269 0.257698 -0.264231 -0.296617 0.206931 -0.475139 0.145090 0.185802 -1.299969 -0.635110 0.387434 0.382208 -0.026090 0.661927 -0.473062 -0.422291 -3.632461 -3.699657 -0.224586 -0.194693 -1.395362 -0.626520 0.028773 0.082475 -0.138530 0.777877 0.310491 0.352695 -1.245918 -0.638839 -0.391873 -0.386911 0.030900 0.604868 -0.011680 0.043923 -0.270327 596.000000
11.940000 -0.454699 -0.462777 1.966664 1.849732 0.138768 0.164737 -4.797817 -2.285351 0.127160 0.136165 -1.300732 3.227908 0.752615 0.858000 -20.681154 10.064419 -0.388959 -0.395753 0.067757 -10.442975 -0.032061 -0.076548 1.380672 1.370026 -0.594595 -0.610170 3.453162 3.638147 -0.038206 -0.071987 7.016158 -2.877084 0.006974 0.015523 -1.523371 4.742368 0.711658 0.769115 -11.415572 6.527232 -0.213196 -0.168129 -1.319058 -4.775067 0.127240 0.080020 1.452214 1.403397 -0.023286 -0.028035 0.948633 0.652768 0.016670 0.018430 -0.309242 -0.328176 -0.266102 -0.249517 -2.804400 -2.889163 0.233164 0.220861 0.700488 0.255669 -0.257309 -0.289244 0.196794 -0.462600 0.142314 0.183235 -1.302345 -0.636939 0.388677 0.383755 -0.025351 0.663029 -0.461417 -0.411659 -3.566544 -3.632461 -0.224589 -0.193534 -1.379860 -0.628416 0.016048 0.068960 -0.125672 0.766946 0.306801 0.349565 -1.246540 -0.638409 -0.392214 -0.388282 0.027445 0.607509 -0.010459 0.047132 -0.267334 597.000000
11.960000 -0.456639 -0.465222 2.069071 1.966664 0.139891 0.162060 -4.057834 -1.748543 0.121760 0.132648 -1.681331 3.049275 0.749190 0.855432 -20.872908 10.291656 -0.394925 -0.394434 -0.139855 -10.389498 -0.032337 -0.077061 1.399185 1.380672 -0.597781 -0.612492 3.291265 3.453162 -0.043097 -0.073764 6.372591 -2.746394 0.007572 0.014190 -1.152449 4.269765 0.710895 0.768720 -11.514433 6.660145 -0.217769 -0.168555 -1.430882 -4.755426 0.128868 0.079717 1.503924 1.452214 -0.023176 -0.027962 0.934925 0.628938 0.016305 0.017914 -0.279456 -0.319695 -0.249621 -0.235102 -2.718547 -2.804400 0.232344 0.219589 0.689403 0.251847 -0.250381 -0.281921 0.187855 -0.448641 0.139478 0.180626 -1.305548 -0.638497 0.389839 0.385213 -0.024104 0.663848 -0.449912 -0.401183 -3.504009 -3.566544 -0.224829 -0.192774 -1.362939 -0.627094 0.003645 0.055598 -0.112082 0.752766 0.303008 0.346289 -1.245824 -0.636993 -0.392191 -0.389337 0.023347 0.609548 -0.009288 0.050346 -0.264444 598.000000
11.980000 -0.458718 -0.467673 2.143732 2.069071 0.141272 0.159515 -3.290510 -1.188252 0.116259 0.129165 -2.089599 2.869583 0.745813 0.852999 -21.080469 10.537429 -0.401306 -0.393239 -0.354430 -10.335479 -0.032800 -0.077630 1.404584 1.399185 -0.600997 -0.614885 3.137379 3.291265 -0.048052 -0.075407 5.692403 -2.610071 0.008431 0.012958 -0.748035 3.762520 0.710305 0.768496 -11.613476 6.790313 -0.222701 -0.169113 -1.548544 -4.724120 0.130668 0.079466 1.561229 1.503924 -0.022915 -0.027746 0.922840 0.607190 0.016019 0.017408 -0.237269 -0.327734 -0.233046 -0.220696 -2.630798 -2.718547 0.231632 0.218485 0.682816 0.250774 -0.243347 -0.274630 0.181272 -0.438629 0.136521 0.177956 -1.307584 -0.640722 0.390924 0.386584 -0.022767 0.664826 -0.438619 -0.390842 -3.446943 -3.504009 -0.225327 -0.192375 -1.347466 -0.625428 -0.008521 0.042421 -0.100070 0.737511 0.299205 0.342880 -1.243391 -0.634585 -0.391770 -0.390058 0.019046 0.611238 -0.008160 0.053567 -0.261642 599.000000
12.000000 -0.460698 -0.470112 2.233598 2.143732 0.142810 0.157080 -2.508859 -0.600455 0.110679 0.125688 -2.502505 2.690054 0.742634 0.850687 -21.271682 10.796133 -0.407882 -0.392171 -0.571510 -10.284336 -0.033465 -0.078256 1.410394 1.404584 -0.604184 -0.617330 2.991774 3.137379 -0.052950 -0.076909 4.983603 -2.472184 0.009449 0.011847 -0.353084 3.220219 0.709885 0.768441 -11.707774 6.924787 -0.227892 -0.169782 -1.683912 -4.688689 0.132696 0.079203 1.648586 1.561229 -0.022468 -0.027374 0.913750 0.580055 0.015822 0.016926 -0.177970 -0.342785 -0.216356 -0.206287 -2.540955 -2.630798 0.231138 0.217510 0.684244 0.250772 -0.236230 -0.267356 0.176507 -0.432044 0.133482 0.175219 -1.309613 -0.642409 0.391926 0.387868 -0.021473 0.665176 -0.427604 -0.380631 -3.396077 -3.446943 -0.226104 -0.192306 -1.334550 -0.623698 -0.020351 0.029460 -0.088567 0.723768 0.295511 0.339381 -1.240952 -0.631218 -0.390932 -0.390426 0.014469 0.612172 -0.007065 0.056790 -0.258904 600.000000
12.020000 -0.462761 -0.472540 2.306348 2.233598 0.144539 0.154742 -1.710352 -0.003177 0.105066 0.122191 -2.924274 2.505682 0.739674 0.848491 -21.440728 11.048471 -0.414724 -0.391235 -0.792293 -10.223211 -0.034370 -0.078957 1.411390 1.410394 -0.607697 -0.619824 2.797789 2.991774 -0.057872 -0.078264 4.252554 -2.315259 0.010670 0.010869 0.073318 2.668344 0.709231 0.768558 -11.889697 7.069672 -0.233757 -0.170574 -1.818025 -4.638102 0.134895 0.078910 1.718673 1.648586 -0.021868 -0.026825 0.895581 0.545860 0.015682 0.016490 -0.129563 -0.367890 -0.199460 -0.191850 -2.448409 -2.540955 0.231007 0.216643 0.697583 0.253869 -0.228939 -0.260075 0.173959 -0.430376 0.130266 0.172377 -1.307868 -0.644070 0.392828 0.389064 -0.020269 0.665543 -0.416856 -0.370560 -3.346521 -3.396077 -0.227229 -0.192545 -1.325276 -0.622992 -0.031899 0.016746 -0.079634 0.711558 0.291950 0.335836 -1.237453 -0.627710 -0.389659 -0.390422 0.009608 0.613241 -0.006003 0.060019 -0.256202 601.000000
12.040000 -0.464627 -0.474961 2.413304 2.306348 0.146480 0.152474 -0.871351 0.606961 0.099365 0.118628 -3.334217 2.317313 0.737169 0.846414 -21.543747 11.292399 -0.421089 -0.390419 -0.997516 -10.148329 -0.035392 -0.079733 1.410805 1.411390 -0.611025 -0.622376 2.651786 2.797789 -0.062759 -0.079469 3.496176 -2.162936 0.012129 0.010033 0.511775 2.089618 0.708962 0.768869 -12.038606 7.257462 -0.239562 -0.171523 -1.942683 -4.632234 0.137347 0.078621 1.795208 1.718673 -0.021137 -0.026075 0.862028 0.512572 0.015551 0.016129 -0.099997 -0.383009 -0.182568 -0.177356 -2.362334 -2.448409 0.230953 0.215881 0.710742 0.261812 -0.221317 -0.252736 0.173002 -0.435771 0.126811 0.169402 -1.307974 -0.643800 0.393673 0.390176 -0.018824 0.664068 -0.406301 -0.360657 -3.293552 -3.346521 -0.228328 -0.193059 -1.310944 -0.622821 -0.043021 0.004312 -0.070699 0.702455 0.288395 0.332285 -1.238240 -0.623530 -0.387919 -0.390025 0.004523 0.613923 -0.004975 0.063265 -0.253547 602.000000
12.060000 -0.466631 -0.477365 2.491502 2.413304 0.148503 0.150278 -0.035588 1.231433 0.093643 0.115010 -3.745036 2.102784 0.734870 0.844470 -21.634024 11.492080 -0.427114 -0.389758 -1.183362 -10.051667 -0.036599 -0.080578 1.406552 1.410805 -0.614488 -0.624987 2.490904 2.651786 -0.067727 -0.080527 2.694353 -2.003976 0.013827 0.009349 0.965387 1.492200 0.708645 0.769407 -12.245148 7.421920 -0.245432 -0.172665 -2.064655 -4.616686 0.139991 0.078357 1.881246 1.795208 -0.020193 -0.025110 0.826336 0.481012 0.015507 0.015839 -0.060833 -0.381015 -0.165581 -0.162789 -2.276267 -2.362334 0.231056 0.215221 0.726330 0.268870 -0.213357 -0.245277 0.171919 -0.441872 0.123282 0.166296 -1.307207 -0.644575 0.394412 0.391203 -0.017689 0.663399 -0.396070 -0.350955 -3.241112 -3.293552 -0.229582 -0.193800 -1.300237 -0.620123 -0.053787 -0.007809 -0.063566 0.690821 0.285032 0.328758 -1.237171 -0.621381 -0.385762 -0.389223 -0.001202 0.616858 -0.003974 0.066518 -0.250939 603.000000
12.080000 -0.468347 -0.479752 2.621156 2.491502 0.150701 0.148149 0.820006 1.854724 0.087838 0.111327 -4.159763 1.890312 0.732938 0.842666 -21.680588 11.671400 -0.432775 -0.389256 -1.351440 -9.962624 -0.037977 -0.081494 1.399698 1.406552 -0.618037 -0.627660 2.325133 2.490904 -0.072629 -0.081445 1.880698 -1.829870 0.015645 0.008834 1.411114 0.864483 0.708547 0.770209 -12.468006 7.613255 -0.251307 -0.174042 -2.170422 -4.631894 0.142799 0.078181 1.951138 1.881246 -0.019045 -0.023913 0.779966 0.443584 0.015514 0.015617 -0.027000 -0.382751 -0.148597 -0.148147 -2.193319 -2.276267 0.231373 0.214658 0.746630 0.277206 -0.205060 -0.237647 0.170681 -0.449124 0.119609 0.163068 -1.308038 -0.644759 0.395011 0.392137 -0.016669 0.662448 -0.386397 -0.341491 -3.194578 -3.241112 -0.231064 -0.194739 -1.293933 -0.618335 -0.064078 -0.019584 -0.057655 0.681902 0.281779 0.325291 -1.239370 -0.617985 -0.383132 -0.388003 -0.006868 0.619187 -0.002996 0.069780 -0.248354 604.000000
